PPARd,,,CAR,,,CYP2C9,,,CYP3A4,,,PPARg,,,PXR,,,FABP4,,,OATP,
SMILES,Assay Response,,SMILES,Assay Response,,SMILES,Assay Response,,SMILES,Assay Response,,SMILES,Assay Response,,SMILES,Assay Response,,SMILES,Assay Response,,SMILES,Assay Response
C1=CC(=S)N(C=C1)[O-].[Na+],1,,C1=CC(=CC=C1OS(=O)(=O)C2=CC=C(C=C2)Cl)Cl,1,,C1=CC2=C(C=C1Cl)SNC2=O,1,,CC1=CC2=C(C=C1)N(C3=C2CN(CC3)C)CCC4=CN=C(C=C4)C,1,,C1=CC(C2C1C3(C(=C(C2(C3(Cl)Cl)Cl)Cl)Cl)Cl)Cl,1,,CCCCCCOC(=O)NC(=N)C1=CC=C(C=C1)NCC2=NC3=C(N2C)C=CC(=C3)C(=O)N(CCC(=O)OCC)C4=CC=CC=N4,1,,CCCCCCCCCCCCCCCC(=O)O,1,,COC1=C(C=C2C(=C1)C(=NC(=N2)N3CCN(CC3)C(=O)C4=CC=CO4)N)OC,1
CC[C@H](C1=CC=C(C=C1)O)[C@@H](CC)C2=CC=C(C=C2)O,1,,C1=CC(=CN=C1)CN,0,,CC(C)C1=C(C(=CC=C1)C(C)C)NC(=O)[N-]S(=O)(=O)C2=CC(=CO2)C(C)(C)O.[Na+],1,,C1=CC(=C(C=C1O)O)C2=C(C(=O)C3=C(C=C(C=C3O2)O)O)O,0,,CCN(CC)CC1CCCCN1CC(=O)N2C3=CC=CC=C3C(=O)NC4=C2N=CC=C4,0,,CC1=NC=C(N1CC(CCl)O)[N+](=O)[O-],0,,COC1=CC2=C(C=C1)C=CN2S(=O)(=O)C3=C(SC=C3)C(=O)O,1,,CC1COC2=C3N1C=C(C(=O)C3=CC(=C2N4CCN(CC4)C)F)C(=O)O,0
C1=CC(=C(C=C1Cl)SC2=C(C=CC(=C2)Cl)O)O,1,,C1=CC(=CC=C1C=O)C(=O)O,0,,CC1=CC(=O)NC(=O)N1,0,,C1=CC(=CC=C1C2=CC(=O)C3=C(C=C(C=C3O2)O)O)O,1,,C(=O)C(Br)(Br)Br,1,,CCOP(=S)(OCC)OC1=NN(C(=N1)Cl)C(C)C,1,,CC1=CN(C2=CC=CC=C12)S(=O)(=O)C3=CC=CC=C3C(=O)O,1,,CN(C)CCCN1C2=CC=CC=C2CCC3=CC=CC=C31,0
C1=CC(=C(C=C1[N+](=O)[O-])[N+](=O)[O-])Cl,1,,COC1=CC=C(C=C1)OC,0,,[O-]S(=O)(=O)SSS(=O)(=O)[O-].[K+].[K+],1,,C1=CC(=C(C=C1CC(C(=O)O)N)O)O,1,,C1=CC(=CC=C1NC(=O)NC2=CC(=C(C=C2)Cl)Cl)Cl,1,,C(CNC(=S)[S-])NC(=S)[S-].[Na+].[Na+],0,,COC1=CC=CC2=C1N(C=C2)S(=O)(=O)C3=C(SC=C3)C(=O)O,1,,CN1C(=O)CN=C(C2=C1C=CC(=C2)Cl)C3=CC=CC=C3,0
C1=CC=[N+](C(=C1)[S-])[O-].C1=CC=[N+](C(=C1)[S-])[O-].[Zn+2],1,,CCNC1=CC=CC=C1,0,,CCC(=O)NC1=CC(=C(C=C1)Cl)Cl,1,,CCCCC1=CN=C(C=C1)C(=O)O,0,,C1CSSC1CCCCC(=O)O,0,,C=CC(=O)NC1=C(C=C2C(=C1)C(=NC=N2)NC3=CC(=C(C=C3)F)Cl)OCCCN4CCOCC4,1,,C1=CC2=C(C(=C1)F)N(C=C2)S(=O)(=O)C3=C(SC=C3)C(=O)O,1,,CC(C)NCC(COC1=CC=C(C=C1)CCOC)O,0
C(=NN)(N)N.C(=NN)(N)N.OS(=O)(=O)O,0,,C1=CC(=CC=C1C(=O)O)S(=O)(=O)N,0,,CN(C)C(=O)NC1=CC=C(C=C1)OC2=CC=C(C=C2)Cl,1,,CC1=NN=C(C2=CC3=C(C=C2C1)OCO3)C4=CC=C(C=C4)N,1,,C1=CC=C(C=C1)C2=CC(=O)C3=C(O2)C=CC4=CC=CC=C43,1,,C[C@]12CC[C@H]3[C@H]([C@@H]1CC[C@@H]2C(=O)CO)CCC4=CC(=O)CC[C@]34C,1,,C1=CC2=C(C=CN2S(=O)(=O)C3=C(SC=C3)C(=O)O)C=C1Br,1,,CC/C(=C(/CC)\C1=CC=C(C=C1)O)/C2=CC=C(C=C2)O,0
CC1=CC(=CC(=C1)[N+](=O)[O-])C,0,,CC(C)C(=O)NC1=CC(=C(C=C1)[N+](=O)[O-])C(F)(F)F,1,,C1=CC=C(C=C1)/C=C/C(=O)NCCO,1,,CC1C(C(CC(O1)OC2CC(CC3=C2C(=C4C(=C3O)C(=O)C5=CC=CC=C5C4=O)O)(C(=O)C)O)N)O,1,,[C@H]12[C@H]([C@H]3[C@@H]([C@@H]1Cl)O3)C4(C(=C([C@]2(C4(Cl)Cl)Cl)Cl)Cl)Cl,1,,CCCN(CCC)C1=C(C=C(C=C1[N+](=O)[O-])S(=O)(=O)N)[N+](=O)[O-],1,,CC1=C2C=CN(C2=CC=C1)S(=O)(=O)C3=CC=CC=C3C(=O)O,0,,C1=CC=C(C=C1)C2(C(=O)NC(=O)N2)C3=CC=CC=C3,0
CC1=NC2=CC=CC=C2N1C3CC4CCC(C3)N4CCC5(CCN(CC5)C(=O)C6=CC(=C(C=C6Cl)F)S(=O)(=O)NC)C7=CC(=CC=C7)F,1,,CC(C)(C)C1=CC(=C(C=C1)OP(=O)(NC)OC)Cl,1,,C(C(CCl)O)Cl,0,,COC1=C(C=C2C(=C1)C(=NC=N2)NC3=CC(=CC=C3)Cl)OC,1,,C1=CC(=CC=C1C(=O)Cl)[N+](=O)[O-],0,,C1=CC=C(C=C1)O,0,,C1=CC2=C(C=CN2S(=O)(=O)C3=C(SC=C3)C(=O)O)C=C1F,1,,COC1=C2C(=CC3=C1OC=C3)C=CC(=O)O2,1
C1C=CCC2C1C(=O)N(C2=O)SC(Cl)(Cl)Cl,1,,C1=CC=C(C=C1)C2=CC(=O)C3=CC=CC=C3O2,1,,COC1=CC=CC=C1C=O,0,,C1[C@H](OC2=CC(=CC(=C2C1=O)O)O)C3=CC=C(C=C3)O,1,,C[N+]1(CCC(C1)OC(=O)C(C2CCCC2)(C3=CC=CC=C3)O)C.[Br-],0,,CCOC(C(=O)C1=CC=CC=C1)OCC,0,,C1=CC(=CC2=C1C=CN2S(=O)(=O)C3=C(SC=C3)C(=O)O)F,1,,COC1=CC(=CC(=C1OC)OC)CC2=CN=C(N=C2N)N,0
CCCCCCCCCCCCCCCC(=O)OC[C@@H]([C@@H]1C(=C(C(=O)O1)O)O)O,1,,CCOC(=O)[C@H](CCC1=CC=CC=C1)N[C@@H](C)C(=O)N(CC(=O)O)C2CC3=CC=CC=C3C2.Cl,0,,COC(=O)/C=C/C1=CC=CC=C1,0,,CCCCCCCCCCCC1=C(C(=O)C=C(C1=O)O)O,0,,C1=C(C(=C(C(=C1Cl)Cl)Cl)Cl)Cl,0,,O=[Cd],0,,CC1=CC2=C(C=C1)N(C=C2)S(=O)(=O)C3=CC=CC=C3C(=O)O,0,,C1=CC=NC(=C1)NS(=O)(=O)C2=CC=C(C=C2)N=NC3=CC(=C(C=C3)O)C(=O)O,0
CN1CCC(=C2C3=CC=CC=C3SC4=CC=CC=C42)CC1.C(=C\C(=O)O)\C(=O)O,1,,CCN(CC)CCNC(=O)C1=CC=C(C=C1)NC(=O)C.Cl,0,,CCCCOC(=O)CCS,1,,CC1CN(CCN1)C2=C(C=C3C(=C2OC)N(C=C(C3=O)C(=O)O)C4CC4)F,0,,CCCCCCCCCCCCC1=CC=CC=C1O,1,,CCN(CC)C(=O)SCC1=CC=C(C=C1)Cl,1,,C1=CC=C(C(=C1)C(=O)O)S(=O)(=O)N2C=CC3=C2C=CC=C3F,1,,C1=CC=C2C(=C1)C=CC(=O)O2,1
CC(C)CCCC(C)CCO,0,,C1=CC=C2C3=C4C(=CC=C3)C5=CC=CC=C5C4=CC2=C1,1,,C1=CC=[N+](C(=C1)[S-])[O-].C1=CC=[N+](C(=C1)[S-])[O-].[Zn+2],1,,C[C@]12CCC(=O)C=C1CC[C@H]3[C@@H]2CC[C@]4([C@@H]3CC[C@]4(C)O)C,0,,CC(C)(C)C1=CC=C(C=C1)C(CCCN2CCC(CC2)C(C3=CC=CC=C3)(C4=CC=CC=C4)O)O,1,,CC1([C@@H](N2[C@H](S1)[C@@H](C2=O)N=CN3CCCCCC3)C(=O)O)C,0,,C1=CC=C(C(=C1)C(=O)O)S(=O)(=O)N2C=CC3=C2C=CC(=C3)Br,0,,CC(=O)O[C@@H]1[C@@H](SC2=CC=CC=C2N(C1=O)CCN(C)C)C3=CC=C(C=C3)OC,1
CC(=C)C=C,0,,C1=CC=C(C(=C1)O)O,1,,CC(=CCC/C(=C/COC(=O)C)/C)C,0,,COC1=CC=C(C=C1)C2=C(C3=C(O2)C=C(C=C3)OC)C(=O)C4=CC=C(C=C4)C#N,1,,C/C=C/C(=O)O,0,,C1=CC(=C(C(=C1)C(=O)O)C(=O)O)C(=O)O,0,,COC1=CC=CC2=C1C=CN2S(=O)(=O)C3=CC=CC=C3C(=O)O,0,,CC(C)NCC(COC1=CC=C(C=C1)CC(=O)N)O,1
CCCCCCCCCCCCOC(=O)C1=CC(=C(C(=C1)O)O)O,1,,CC(C(=O)O)OC1=C(C=CC(=C1)Cl)Cl,0,,C1CCC(CC1)N=C=O,0,,C1C2=CC(=C(C=C2C3C1(COC4=C3C=CC(=C4O)O)O)O)O,1,,C[C@@H]1CC2=CC(=O)CC[C@@H]2[C@@H]3[C@@H]1[C@@H]4CC[C@]([C@]4(CC3)C)(C)O,0,,CCC(CO)(COCC=C)COCC=C,0,,COC1=CC2=C(C=C1)C=CN2S(=O)(=O)C3=CC=CC=C3C(=O)O,1,,CC(C)NCC(COC1=CC=CC2=CC=CC=C21)O,0
CC1CC(=O)NN=C1C2=CC=C(C=C2)NCC(C)(C)NCC(COC3=C(C=CC(=C3)Cl)C#N)O,0,,CNC(=O)NC1=CC(=C(C=C1)Cl)Cl,1,,C[C@@H]1CN(CCN1[C@H](COC)C2=CC=C(C=C2)C(F)(F)F)C3(CCN(CC3)C(=O)C4=C(N=CN=C4C)C)C.C(=C\C(=O)O)\C(=O)O,0,,CCC1=CC=C(C=C1)OCC2=CC=CC=C2C(=O)NC3=CC4=C(C=C(N=C4C=C3)C)N,1,,COC(=O)C1=CC=CC=C1O,0,,CCC(=O)/C=C/C1=CC=C(C=C1)OC,1,,C1=CC=C2C(=C1)C3=CC=CC=C3N2CC(=O)O,0,,CC1([C@@H](N2[C@H](S1)[C@@H](C2=O)NC(=O)CC3=CC=CC=C3)C(=O)O)C,1
C1=CC(=CC=C1O)O,0,,CC1=NC=C(C(=C1O)CO)CSSCC2=CN=C(C(=C2CO)O)C.Cl.Cl,0,,CCOC(=O)N(C)C(=O)CSP(=S)(OCC)OCC,1,,C1=CC(=CC=C1C2=C(N3C=CSC3=N2)C=NOCC4=CC(=C(C=C4)Cl)Cl)Cl,1,,C1CC2=C(C=CC(=C2)F)O[C@H]1[C@H](CNC[C@@H]([C@@H]3CCC4=C(O3)C=CC(=C4)F)O)O.Cl,1,,COC1=C(C=C(C=C1)Cl)C(=O)NCCC2=CC=C(C=C2)S(=O)(=O)NC(=O)NC3CCCCC3,1,,C1=CC=C2C(=C1)C3=CC=CC=C3N2CCC(=O)O,1,,CC1=C(N=CN1)CSCCNC(=NC)NC#N,1
CC1=CC(=CC(=C1N(C)C)C)OC(=O)NC,0,,CCCCCCC,0,,CN(C)S(=O)(=O)C1=CC=C(C=C1)OP(=S)(OC)OC,1,,CN(C)C1=CC=C(C=C1)C(=C2C=CC(=[N+](C)C)C=C2)C3=C4C=CC(=CC4=CC(=C3O)S(=O)(=O)[O-])S(=O)(=O)[O-],1,,CC1=C[C@@H]2[C@H](CC[C@]3([C@H]2CC(=C)[C@@]3(C(=O)C)OC(=O)C)C)[C@@]4(C1=CC(=O)CC4)C,0,,C1=CC=C2C=C3C4=CC=CC5=C4C(=CC=C5)C3=CC2=C1,1,,C1=CC=C2C(=C1)C3=CC=CC=C3N2S(=O)(=O)C4=CC=CC=C4C(=O)O,1,,C1=COC(=C1)CNC2=CC(=C(C=C2C(=O)O)S(=O)(=O)N)Cl,0
CN(C)[C@@H](CCOC1=CC=CC2=CC=CC=C21)C3=CC=CC=C3,1,,CC1=C(C(=CC=C1)C)NC(=O)CN2CCCC2,0,,CC1=CC(=C(C(=C1)C(C)(C)C)O)C(C)(C)C,1,,C1=CC=C2C(=C1)N=C3C(=CC(=O)C4=C3C(=O)C=C(N4)C(=O)[O-])O2,1,,CCCCCCCCCCCC[N+](C)(C)C.[Cl-],1,,C1=CC(=C(C=C1Cl)Cl)O,1,,COC1=CC2=C(C=C1)N(C=C2)S(=O)(=O)C3=C(SC=C3)C(=O)O,1,,CCC1(C(=O)NC(=O)NC1=O)C2=CC=CC=C2,0
CC\1=C(C2=C(/C1=C\C3=CC=C(C=C3)S(=O)(=O)C)C=CC(=C2)F)CC(=O)O,0,,[CH-]1C=CC=C1.[CH-]1C=CC=C1.[Cr+2],0,,CC(C(=O)O)OC1=C(C=CC(=C1)Cl)Cl,1,,C[C@H](CSC(=O)C)C(=O)N1CCC[C@H]1C(=O)N[C@@H](CC2=CC=CC=C2)C(=O)O,0,,CCC(=O)O[C@H]1CC[C@@H]2[C@@]1(CC[C@H]3[C@H]2CCC4=CC(=O)CC[C@]34C)C,1,,CNC(=O)NC,0,,CC1=CC2=C(C=C1)N(C=C2)S(=O)(=O)C3=C(SC=C3)C(=O)O,1,,CNCCC(C1=CC=CC=C1)OC2=CC=C(C=C2)C(F)(F)F,0
C1=CC=C(C=C1)C(=O)OCC(COC(=O)C2=CC=CC=C2)(COC(=O)C3=CC=CC=C3)COC(=O)C4=CC=CC=C4,0,,CC(C)C1=CC=C(C=C1)OP(=O)(OC2=CC=C(C=C2)C(C)C)OC3=CC=C(C=C3)C(C)C,1,,C1=CC(=C(C=C1C2=C(C(=O)C3=C(C=C(C=C3O2)O)O)O)O)O.O.O,1,,C[C@H](C=C[C@H](C)C(C)C)[C@H]1CC[C@@H]2[C@@]1(CCCC2=CC=C3C[C@H](C[C@@H](C3=C)O)O)C,1,,C1=CC(=NC(=C1)N)N,0,,CC(=CCOC(=O)C)C,0,,CC1=CC2=C(C=C1)C=CN2S(=O)(=O)C3=C(SC=C3)C(=O)O,1,,C1=CC(=CC=C1C2=COC3=CC(=CC(=C3C2=O)O)O)O,0
C[Hg]Cl,1,,CC1=CC2=NNN=C2C=C1,0,,CC(C)C1=CC2=CC[C@@H]3[C@@]([C@H]2CC1)(CCC[C@@]3(C)C(=O)[O-])C.[Na+],1,,CC1=CC=CC=C1C(=O)NC2=CC(=C(C=C2)C(=O)N3CCCC(C4=C3C=CC(=C4)Cl)O)C,1,,CN(C)C1=CC=C(C=C1)N=O,1,,CC(C)C1=C(C(=C(C(=N1)C(C)C)COC)C2=CC=C(C=C2)F)/C=C/[C@H](C[C@H](CC(=O)[O-])O)O.[Na+],1,,C1=CC=C2C(=C1)C3=CC=CC=C3N2CCCC(=O)O,1,,CC1=CC(=C(C=C1)C)OCCCC(C)(C)C(=O)O,0
C([C@@H]1[C@@H]([C@@H]([C@H]([C@H](O1)O[C@]2([C@H]([C@@H]([C@H](O2)CCl)O)O)CCl)O)O)Cl)O,0,,C1CCC(CC1)C2CCC(=O)CC2,0,,CCCCCCC(C)(C)S,1,,CC(C)(C)NCC(=O)NC1=CC(=C2C[C@@H]3C[C@H]4[C@@H](C(=O)C(=C([C@]4(C(=O)C3=C(C2=C1O)O)O)O)C(=O)N)N(C)C)N(C)C,1,,CCSCC1=CC=CC=C1OC(=O)NC,0,,C=CCN1CC[C@]23CCCC[C@H]2[C@H]1CC4=C3C=C(C=C4)O,0,,C1=CC=C2C(=C1)C3=CC=CC=C3N2CCCCC(=O)O,1,,CC1=NC=CN1CC2CCC3=C(C2=O)C4=CC=CC=C4N3C,1
C(=S)(N)N,0,,C1=CC(=CN=C1)CCl.Cl,0,,CC(C1=CC=C(C=C1)C(=O)C2=CC=CS2)C(=O)O,1,,C1CN(CCN1CCCC(=O)NC2C3=CC=CC=C3CSC4=CC=CC=C24)C5=CC=C(C=C5)F,1,,C1=CC(=CC=C1C(=O)NCCC(=O)O)N=NC2=CC(=C(C=C2)O)C(=O)O,0,,CC(C(=O)O)O,0,,CC1=CN(C2=CC=CC=C12)S(=O)(=O)C3=C(SC=C3)C(=O)O,1,,C1=CC(=CC=C1C2=COC3=C(C2=O)C=CC(=C3)O)O,0
CC(C)CCCCCCCOP(=O)(OC1=CC=CC=C1)OC2=CC=CC=C2,1,,CC1=CC(=NC(=N1)NC2=CC=CC=C2)C3CC3,1,,C1=CC=C2C(=C1)C(=CC(=C2N)N=NC3=CC=C(C=C3)C4=CC=C(C=C4)N=NC5=C(C6=CC=CC=C6C(=C5)S(=O)(=O)[O-])N)S(=O)(=O)[O-].[Na+].[Na+],1,,C1CC12CN(C[C@@H]2N)C3=C(C=C4C(=C3Cl)N(C=C(C4=O)C(=O)O)C5C[C@@H]5F)F,0,,C[C@H](/C=C/[C@H](C1CC1)O)[C@H]2CC[C@@H]\3[C@@]2(CCC/C3=C\C=C\4/C[C@H](C[C@@H](C4=C)O)O)C,1,,C[C@H](C(=O)O)N,0,,CC1=C2C=CN(C2=CC=C1)S(=O)(=O)C3=C(SC=C3)C(=O)O,1,,C1=CC(=C(C=C1C2=C(C(=O)C3=C(C=C(C=C3O2)O)O)O)O)O,0
CC[Sn](CC)(CC)Br,1,,CCCC1=C(C=CC(=C1O)C(=O)C)OCCCOC2=CC=C(C=C2)OCC(=O)O,0,,CCC(C)(C)C1=CC(=C(C=C1O)C(C)(C)CC)O,1,,C1C(O[C@H](O1)CO)N2C=CC(=NC2=O)N,0,,C1C[C@@H](O[C@@H]1CO)N2C=CC(=NC2=O)N,0,,CC(C)(C)NC[C@@H](C1=C(C=C(C=C1)O)Cl)O,0,,COC1=CC=CC2=C1C=CN2S(=O)(=O)C3=C(SC=C3)C(=O)O,0,,C1=CC(=CC=C1C(=O)NCC(=O)O)N,0
CN(C[C@@H](CC[N+]12CCC(CC1)(CC2)C3CCCCC3)C4=CC(=C(C=C4)Cl)Cl)C(=O)C5=CC(=CC(=C5)C(F)(F)F)C(F)(F)F.CS(=O)(=O)[O-],1,,CC[C@]12CC[C@H]3[C@H]([C@@H]1C=C[C@]2(C#C)O)CCC4=CC(=O)CC[C@H]34,0,,C1=CC(=CC=C1Br)Br,0,,COC1=C2C(=CC(=C1N3C[C@@H]4CCCN[C@H]4C3)F)C(=O)C(=CN2C5CC5)C(=O)O.O.Cl,0,,CC(=O)NC1=CC=C(C=C1)C(=O)CCl,1,,C([C@H]([C@H]([C@@H]([C@H](CO)O)O)O)O)O,0,,C1=CC=C2C(=C1)C3=CC=CC=C3N2S(=O)(=O)C4=C(SC=C4)C(=O)O,1,,C1=CC(=C2C(=C1NCCNCCO)C(=O)C3=C(C=CC(=C3C2=O)O)O)NCCNCCO,0
C1=CC(=CC=C1NC(=O)C2=C(C(=CC(=C2)Br)Br)O)Br,1,,CCN(CC)S(=O)(=O)C1=CC=C(C=C1)C(=O)O,0,,CCOC(=O)CCC1=CC=CC=C1,0,,CC1=NC2=C(C=C(C=C2)CN(C)C3=CC=C(S3)C(=O)N[C@@H](CCC(=O)O)C(=O)O)C(=O)N1,0,,C[NH+](C)CCC(C1=CC=CC=C1)C2=CC=CC=[NH+]2.C(=C\C(=O)[O-])\C(=O)[O-],0,,CCN1CCN(C(=O)C1=O)C(=O)N[C@H](C2=CC=CC=C2)C(=O)N[C@H]3[C@@H]4N(C3=O)[C@@H](C(S4)(C)C)C(=O)[O-].[Na+],0,,C1=CC=C2C(=C1)C(=CN2S(=O)(=O)C3=CC=CC=C3C(=O)O)CC(=O)N,0,,C1=CN=CC=C1C(=O)NN,0
C1=C(C=C(C(=C1[N+](=O)[O-])N)Br)[N+](=O)[O-],0,,CCC1=C(C(=NC(=N1)N)N)C2=CC=C(C=C2)Cl,0,,CCCCCCCCO[C@H]1[C@@H]([C@H]([C@@H]([C@H](O1)CO)O)O)O,0,,C1[C@H]2C[C@@H]2N([C@H]1C#N)C(=O)[C@H](C34CC5CC(C3)CC(C5)(C4)O)N,0,,CCC[N+]1(CCCC1)C.[Cl-],0,,CNCC1=CC=C(C=C1)NC(=O)C2=CNC3=C2C(=O)CCC3,1,,C1=CC=C2C(=C1)C(=CN2S(=O)(=O)C3=C(SC=C3)C(=O)O)CC(=O)N,0,,C1[C@H](OC2=CC(=CC(=C2C1=O)O)O)C3=CC=C(C=C3)O,0
CC(=CCC/C(=C/CC/C(=C/CO)/C)/C)C,1,,CC1=C(C2=C(C=C1)C(=O)C3=CC=CC=C3C2=O)N,1,,CC(C)(C)/C(=N\OC(=O)NC)/CSC,0,,C[C@]([C@H]1C[C@@]23CC[C@@]1([C@H]4[C@@]25CCN([C@H]3CC6=C5C(=C(C=C6)O)O4)CC7CC7)OC)(C(C)(C)C)O.Cl,1,,C1CC1NC2=NC(=NC(=N2)N)N,0,,CN(C)C1=CC=C(C=C1)N(C)C,1,,,,,CC[N+](CC)(CC)CC,1
C[C@]12CC[C@H]3[C@H]([C@@H]1CC[C@]2(C#C)O)CCC4=CCCC[C@H]34,1,,C1=CC=C(C=C1)C2=NNN=N2,0,,CC1C(=NC(O1)C)C,0,,CC1=CC(=C(N1C2=CC=C(C=C2)F)C)C(=O)CN3CCCC3,1,,CC1=C(C=C(C(=O)N1)C#N)C2=CN3C=CN=C3C=C2.Cl,0,,CC(C)OP(=O)(C)OC(C)C,0,,,,,CC(C)NCC(C1=CC=C(C=C1)NS(=O)(=O)C)O,0
C1=CC(=CC(=C1)NC(=O)C2=C(C(=CC(=C2)Br)Br)O)C(F)(F)F,1,,C1=CC(=NC(=C1)Cl)C(Cl)(Cl)Cl,0,,CCCCCCCCN,0,,CC1=CN=C(N1)C2=CN=C(N=C2C3=C(C=C(C=C3)Cl)Cl)NCCNC4=NC=C(C=C4)C#N,1,,CC1=C(C=CC(=C1)SCC2=C(N=C(S2)C3=CC(=C(C=C3)C(F)(F)F)F)C)OCC(=O)O,1,,C1=CC(=C[N+](=C1)[O-])C(=O)O,0,,,,,COC1=C(C=C(C=C1)Cl)C(=O)NCCC2=CC=C(C=C2)S(=O)(=O)NC(=O)NC3CCCCC3,0
COC(=O)C1=C(N=C(C(=N1)Cl)Cl)N,1,,C1=CC=C2C(=C1)N=CC(=N2)NS(=O)(=O)C3=CC=C(C=C3)N,0,,[N+](=O)([O-])[O-].[K+],0,,CC1=C(C(=NN1CC2=CC=CC=C2Cl)C)CN(C)CC(COC3=CC=C(C=C3)Cl)O,1,,C1=CC=C(C(=C1)N)Cl,0,,CCOC(=O)CCCCCCCCC=C,0,,,,,CN(CCC1=CC=C(C=C1)NS(=O)(=O)C)CCOC2=CC=C(C=C2)NS(=O)(=O)C,0
CC(=O)N(CCCCCNC(=O)CCC(=O)N(CCCCCNC(=O)CCC(=O)N(CCCCCN)O)O)O.CS(=O)(=O)O,0,,CN(C)C1=CC=C(C=C1)CC2=CC=C(C=C2)N(C)C,1,,CC(C)C(=O)C1=CC=CC=C1,0,,CNC1CCN(CC1)C(CC2=CC(=CC=C2)C3=CC=NC=C3)C(=O)C4=C(C5=C(C=CC(=C5S4)F)F)Cl,1,,C/C(=C\C1=CC=CC=C1)/[N+](=O)[O-],1,,CC(CCC=C(C)C)CC(=O)O,0,,,,,CN1CCCCC1CCN2C3=CC=CC=C3SC4=C2C=C(C=C4)SC,0
CC1=C2C=CC3=CC=CC=C3C2=C(C4=CC=CC=C14)C,1,,CN1CCOCC1,0,,C=CC(=O)OCC(COC(=O)C=C)(COC(=O)C=C)COC(=O)C=C,1,,CCN(CCCO)CCCOC1=CC2=C(C=C1)C(=NC=N2)NC3=NNC(=C3)CC(=O)NC4=CC(=CC=C4)F,0,,CCCCCCCCCCCCCCCC[N+](C)(C)C.[Br-],1,,C1[C@@H]([C@H](O[C@H]1N2C=NC3=C(N=C(N=C32)Cl)N)CO)O,1,,,,,CCC1=C2CN3C(=CC4=C(C3=O)COC(=O)[C@@]4(CC)O)C2=NC5=C1C=C(C=C5)OC(=O)N6CCC(CC6)N7CCCCC7,0
CC[S+](C)CC.C(F)(F)(F)S(=O)(=O)[N-]S(=O)(=O)C(F)(F)F,0,,C(CCCC(=O)O)CCCC(=O)O,0,,CCC(C)C(=O)O,0,,CC1([C@H](N(CCS1)S(=O)(=O)C2=CC=C(C=C2)OCC#CCO)C(=O)NO)C,1,,CC(C)[C@@]1(CC[C@H](C1)[NH2+][C@H]2CCOC[C@H]2OC)C(=O)N3CCC4=C(C3)C=C(C=N4)C(F)(F)F.C(CC(=O)[O-])C(=O)O,0,,C1CCCCCC(=O)NCCCCC1,1,,,,,C[C@H](CN1C=NC2=C(N=CN=C21)N)OCP(=O)(O)O,0
C1=CC=C(C=C1)CNC(=O)CCCl,0,,CC(COP(=O)(OCC(C)Cl)OCC(C)Cl)Cl,1,,C1CC(=O)NC1=O,0,,CC(C)OC(=O)C1=CN(CC(C2=C1NC3=CC=CC=C32)(C)C)C(=O)C4=CC(=C(C=C4)F)F,1,,C1CCC(C1)N(CC2=CC=C(C=C2)Cl)C(=O)NC3=CC=CC=C3,1,,CC(C)(C)C1=CC=CC=C1O,0,,,,,CN(C)CCCN1C2=CC=CC=C2SC3=C1C=C(C=C3)Cl,1
CC1=CC=C(C=C1)OC(=O)C,0,,C1=CC=C(C=C1)P(=O)(C2=CC=CC=C2)C3=CC=CC=C3,1,,C1CN(CCN1C[C@H](COC2=CC=CC3=C2C=CC=N3)O)C4C5=CC=CC=C5[C@H]6[C@H](C6(F)F)C7=CC=CC=C47.Cl.Cl.Cl,1,,CC[C@@H](C)[C@@H](C(=O)N1CCC2(CCC3=CC=CC=C32)CC1)NC(=O)[C@H](CC4CCCCC4)NC(=O)C5=CC=NO5,1,,COP(=O)(OC)OC(C(Cl)(Cl)Br)Br,1,,CCCCCCCCCCCCCBr,0,,,,,CNCCCN1C2=CC=CC=C2CCC3=CC=CC=C31,1
CC(C)C1(C(=O)NC(=N1)C2=C(C=CC=N2)C(=O)O)C,0,,C([C@@H]1[C@@H]2[C@@H]([C@H]([C@H](O1)O[C@@H]3[C@H](O[C@@H]([C@@H]([C@H]3O)O)O[C@@H]4[C@H](O[C@@H]([C@@H]([C@H]4O)O)O[C@@H]5[C@H](O[C@@H]([C@@H]([C@H]5O)O)O[C@@H]6[C@H](O[C@@H]([C@@H]([C@H]6O)O)O[C@@H]7[C@H](O[C@@H]([C@@H]([C@H]7O)O)O[C@@H]8[C@H](O[C@H](O2)[C@@H]([C@H]8O)O)CO)CO)CO)CO)CO)CO)O)O)O,0,,CC1=C(C2=CC=CC=C2C=C1)[N+](=O)[O-],0,,C1CC2=C(C1)NN=C2C3=NNN=N3,0,,C1=CC2=NNN=C2C=C1,0,,CC1=NC=C(C=N1)[C@@H](CCCCCCC2=NC3=C(CCCN3)C=C2)CC(=O)O,0,,,,,CCN(CC)CCCC(C)NC1=C2C=CC(=CC2=NC=C1)Cl,0
C1CCN(CC1)CC(COC(=O)NC2=CC=CC=C2)OC(=O)NC3=CC=CC=C3.Cl,1,,C1(C(C(C(C(C1Cl)Cl)Cl)Cl)Cl)Cl,0,,COP(=S)(OC)SCN1C(=O)C2=CC=CC=C2N=N1,1,,COC1=C(C=C(C=C1)CCN2CCN(CC2)CCCC3=CC=CC=C3)OC,0,,CCCCCCCC[N+](C)(CCCCCCCC)CCCCCCCC.[Cl-],1,,C([C@H](C([C@H](CO)O)O)O)O,0,,,,,CC/C(=C(\C1=CC=CC=C1)/C2=CC=C(C=C2)OCCN(C)C)/C3=CC=CC=C3,0
C([C@@H]1[C@@H]([C@@H]([C@H]([C@H](O1)O[C@]2([C@H]([C@@H]([C@H](O2)CCl)O)O)CCl)O)O)Cl)O,0,,CCOC(=O)C1C(O1)(C)C2=CC=CC=C2,0,,CC(=O)C1=CC=C(C=C1)S(=O)(=O)NC(=O)NC2CCCCC2,1,,CC(C)[C@H](C[S+](=O)(C1=CC=C(C=C1)C2=CC=C(C=C2)Br)[O-])C(=O)O,0,,C1=C(C=C(C(=C1Br)O)Br)C(=O)O,0,,CCOC(=S)[S-].[Na+],1,,,,,CNC(=O)C1=CN=CC=C1,0
COC(=O)C1=CN=CC=C1,0,,C1=CC(=CC=C1C2=CC=C(C=C2)O)O,1,,C1=CC=C2C(=C1)C(OS2(=O)=O)(C3=CC=C(C=C3)O)C4=CC=C(C=C4)[O-].[Na+],1,,CCCCN1C2=C(C(=O)N(C1=O)CC3=CC=CC=C3F)NC(=N2)CC4=CC=C(C=C4)NC(=O)C,1,,CC[C@@H]1[C@H](CC[C@@]2(O1)C[C@@H]3C[C@H](O2)C/C=C(/C[C@H](/C=C/C=C/4\CO[C@H]5[C@@]4([C@@H](C=C([C@H]5O)C)C(=O)O3)O)C)\C)C,1,,CC(C)(C)OC(=O)NCCC(=O)N[C@@H](CC1=CNC2=CC=CC=C21)C(=O)N[C@@H](CCSC)C(=O)N[C@@H](CC(=O)O)C(=O)N[C@@H](CC3=CC=CC=C3)C(=O)N,0,,,,,CC(C)N(CCC(C1=CC=CC=C1)(C2=CC=CC=N2)C(=O)N)C(C)C,0
C1COC(O1)(CN2C=NC=N2)C3=C(C=C(C=C3)Cl)Cl,0,,CCCCCCOC(=O)C1=CC=CC=C1C(=O)OCCCCCC,1,,[B-](F)(F)(F)F.CCCCCCCCCCCCCCCCN1C=C[N+](=C1)C,1,,CCC1=CN=CN=C1N2CCN(CC2)CC3=NC4=C(N3)C=C(C=C4)C(F)(F)F,1,,CC1=CC(=C(C=C1C(C)(C)C)C(C)(C)C)O,1,,CCCCN(C(=N)N[N+](=O)[O-])N=O,0,,,,,C[N+]1=C2C(=C3C=CC4=C(C3=C1)OCO4)C=CC5=CC6=C(C=C52)OCO6,0
CCN(CC)CCNC(=O)C1=C(NC(=C1C)/C=C\2/C3=C(C=CC(=C3)F)NC2=O)C.C([C@@H](C(=O)O)O)C(=O)O,1,,CC(C)(C1=CC=C(C=C1)OCC2CO2)C3=CC=C(C=C3)OCC4CO4,0,,C=C(CCC#N)C#N,0,,CCCCC1=NC2=C(N1CCN(CC)CC)C=CC(=C2)C=CC(=O)NO,1,,CCC1=C(C2=CC=CC=C2O1)C(=O)C3=CC(=C(C(=C3)I)O)I,1,,C1=CC(=CC(=C1)C(=O)Cl)C(=O)Cl,0,,,,,CC(C)CC1=CC=C(C=C1)C(C)C(=O)O,0
CC(=O)O[C@@H]1[C@H]2[C@H]([C@@H](C(=O)O2)OC(=O)C)OC1=O,0,,O.O.[Cl-].[Cl-].[Ba+2],0,,CC1=C([C@H](C(=C(N1)C)C(=O)O[C@@H]2CCCN(C2)CC3=CC=CC=C3)C4=CC(=CC=C4)[N+](=O)[O-])C(=O)OC.Cl,1,,C[C@@H]1CN([C@H](CN1C(=O)C2=C(C=C3C(=C2)C(=CN3C)C(=O)C(=O)N(C)C)Cl)C)CC4=CC=C(C=C4)F,1,,CC(C)(C1=CC=C(C=C1)OCC2CO2)C3=CC=C(C=C3)OCC4CO4,1,,CCCC1=CC(=C(C=C1)O)OC,0,,,,,CN1C(=C(C2=CC=CC=C2S1(=O)=O)O)C(=O)NC3=CC=CC=N3,0
CCC[N+](=O)[O-],0,,CCOP(=S)(OCC)OC1=NN(C(=N1)Cl)C(C)C,1,,CC1=CC=CC=C1OCC(=O)O,1,,C1=CC=C(C=C1)CN2C=C(C3=C2C=CC(=C3)C4=CC=C(C=C4)OC(F)(F)F)C(=O)C(=O)O,1,,CC(C)(C1=CC(=C(C(=C1)Cl)O)Cl)C2=CC(=C(C(=C2)Cl)O)Cl,1,,CNC(=O)NC1=CC(=C(C=C1)Cl)Cl,1,,,,,CCCCC1C(=O)N(N(C1=O)C2=CC=CC=C2)C3=CC=CC=C3,0
CNCCCC12CCC(C3=CC=CC=C31)C4=CC=CC=C24.Cl,1,,CN(C)C1=CC=C(C=C1)CC2=CC=C(C=C2)N(C)C,1,,CC(C)CC(C)(C1=CC=C(C=C1)O)C2=CC=C(C=C2)O,1,,CCOC1=C(C(=O)N(C=C1)C2=CC=C(C=C2)F)C(=O)NC3=CC(=C(C=C3)OC4=C(C(=NC=C4)N)Cl)F,1,,CC1=C(C=CC(=C1)OCCOCC[N+](C)(C)CC2=CC=CC=C2)C(C)(C)CC(C)(C)C.[Cl-],1,,CC1=C2COC(=O)C2=C(C(=C1OC)C/C=C(\C)/CCC(=O)OCCN3CCOCC3)O,1,,,,,C1=CC(=C(C=C1F)F)C(CN2C=NC=N2)(CN3C=NC=N3)O,0
CC(=C)C(=O)OCC(CO)O,0,,C1=CC=C(C=C1)C(=O)C(=O)C2=CC=CC=C2,1,,CCCOC(=O)CCCCC(=O)OCCC,1,,CC(C)(C)C1=CN=C(O1)CSC2=CN=C(S2)NC(=O)C3CCNCC3,1,,C1=CC(=CC=C1N/C(=N/C(=NCCCCCCN=C(/N=C(/NC2=CC=C(C=C2)Cl)\N)N)N)/N)Cl.Cl.Cl,1,,CC(=O)OCC(=O)NCCCOC1=CC=CC(=C1)CN2CCCCC2.Cl,0,,,,,CC(=O)N[C@H]1CCC2=CC(=C(C(=C2C3=CC=C(C(=O)C=C13)OC)OC)OC)OC,0
CC(=O)NC1=CC=C(C=C1)OC(=O)C2=CC=CC=C2OC(=O)C,0,,CC(C)C(=O)OCC1=CC(=CC=C1)OC(=O)[C@H]2C(S[C@H]3N2C(=O)[C@H]3NC(=O)CC4=CC=CC=C4)(C)C,0,,CCO[Si](CCC#N)(OCC)OCC,0,,CNCC1=CC=C(C=C1)C2=C3CCNC(=O)C4=C3C(=CC(=C4)F)N2,0,,C1CN(CCC12C(=O)NCN2C3=CC=CC=C3)CCCC(C4=CC=C(C=C4)F)C5=CC=C(C=C5)F,1,,COC(=O)CCCCCCCC(=O)OC,0,,,,,COCCOC1=C(C=C2C(=C1)C(=NC=N2)NC3=CC=CC(=C3)C#C)OCCOC,0
C1=CC=C(C=C1)OP(=O)(O)OC2=CC=CC=C2,0,,COC1=CC=CC=C1C(=O)OC,0,,C[C@]12CC[C@H]3[C@H]([C@@H]1CCC2=O)CCC4=C3C=CC(=C4)O,1,,CC(C)C[C@H]([C@@H](C(=O)NO)O)C(=O)N[C@@H](C1=CC=CC=C1)C(=O)OC2CCCC2,1,,CCCCC(CC)COC(=O)C1=CC=CC=C1C(=O)OCCCC,0,,C1=CC(=CC=C1COC(CN2C=CN=C2)C3=C(C=C(C=C3)Cl)Cl)Cl.[N+](=O)(O)[O-],1,,,,,C1=CC=C2C(=C1)C=CC3=CC=CC=C3N2C(=O)N,0
CN(C)S(=O)(=O)N(C1=CC=CC=C1)SC(F)(Cl)Cl,1,,CCOC(=O)[C@H](CCC1=CC=CC=C1)N[C@H]2CS[C@@H](CN(C2=O)CC(=O)O)C3=CC=CS3.Cl,0,,CCC1=C(C2=CC=CC=C2O1)C(=O)C3=CC(=C(C(=C3)Br)O)Br,1,,CC(C)C(=O)NC1=NC=C(S1)C2=CC(=NN2C3=C(C=CC=C3Cl)Cl)C(F)F,1,,CCC(CC)C(=O)O,0,,CC(CN1C2=CC=CC=C2SC3=CC=CC=C31)N(C)C.Cl,1,,,,,CCCC(CCC)C(=O)O,0
C1[C@H]2[C@@H]([C@@H](S1)CCCCC(=O)O)NC(=O)N2,0,,C1=CC=C(C=C1)CCNN.OS(=O)(=O)O,1,,C1=C(N=C(S1)N=C(N)N)CSCC/C(=N/S(=O)(=O)N)/N,0,,COC1=CC2=NC=CC(=C2C=C1C(=O)N)OC3=CC(=C(C=C3)NC(=O)NC4CC4)Cl,1,,C1CC2C[C@H]1[C@H]3[C@@H]2CN(C3)NC(=O)C4=CC(=C(C=C4)Cl)S(=O)(=O)N,0,,C1=CC=C(C=C1)N=NC2=C(N=C(C=C2)N)N.Cl,1,,,,,CN(C)C(=O)CCSC(C1=CC=CC(=C1)/C=C/C2=NC3=C(C=CC(=C3)Cl)C=C2)SCCC(=O)O,0
CC1=CC(=CC=C1)O,0,,CN1[C@@H]2CC[C@H]1CC(C2)NC(=O)N3C4=CC=CC=C4NC3=O,0,,CCCCCCCCCCCCCCC[C@@H]([C@H](CO)N)O,0,,COC1=CC=C(C=C1)C2CC(=NN2C3=CC=C(C=C3)S(=O)(=O)N)C4=CC=CC=C4,1,,CCNC1=CC2=C(C=C1C)C(=C3C=C(C(=[NH+]CC)C=C3O2)C)C4=CC=CC=C4C(=O)OCC.[Cl-],1,,CC[C@]12CC[C@H]3[C@H]([C@@H]1CC[C@]2(C#C)O)CCC4=CC(=O)CC[C@H]34,1,,,,,CN1C=NC2=C1C(=O)N(C(=O)N2C)C,1
C1=CC(=C(C=C1N)O)C(=O)[O-].[Na+],0,,C1=CC=C(C=C1)N(C2=CC=CC=C2)N=O,0,,CCOC(=O)O[C@H](C)OC(=O)C1=CC2=C(C=C1)N(C(=C2)C(=O)NC3CCN(CC3)C(C)C)CC4=NOC(=C4)C5=CC=C(S5)Cl.Cl,1,,CCOC1=CC(=CC(=C1OCC)OCC)C(=O)NC2=CC(=C(C=C2)Cl)C3=NC4=CC=CC=C4N3,1,,C1=CC=C(C=C1)[As]=O,1,,C1CN(CCC1(C2=CC=C(C=C2)F)O)[C@@H]3COC4=C([C@@H]3O)C=CC(=C4)O,1,,,,,CCOC1=CC=C(C=C1)NC(=O)C,1
CCCCN(CCCC)CCC(C1=C2C=CC(=CC2=C3C=C(C=C(C3=C1)Cl)Cl)C(F)(F)F)O.Cl,1,,C[Si]1(O[Si](O[Si](O[Si](O1)(C)C)(C)C)(C)C)C,0,,C[C@@]1([C@@H](N2[C@H](S1(=O)=O)CC2=O)C(=O)[O-])CN3C=CN=N3.[Na+],0,,CC1=C(C=C(N1CCCN2CCOCC2)C3=CC=CC=C3)C(=O)NC4=CC=CC(=C4)C(F)(F)F,1,,CC(=O)[O-].CC(=O)[O-].O.O.[Cd+2],1,,CCOC(=O)C1=CC=CC=C1OC,0,,,,,C1C(=O)NC(=O)N1/N=C/C2=CC=C(O2)[N+](=O)[O-],0
CC[N+](C)(C)C1=CC(=CC=C1)O.[Cl-],0,,C1=CC=C(C=C1)C(=O)CC(=O)C(F)(F)F,1,,CC(C)C1=CC2=C(C=C1)OC3=NC(=C(C=C3C2=O)C(=O)O)N,1,,COC1=CC=CC=C1C2=CC(=CC=C2)C3=C(C4=C(C=C(C(=C4)C#N)Cl)NC3=O)O,1,,C(C(=O)C(=O)O)C(=O)O,0,,C1=CC2=C3C(=C(C=C2S(=O)(=O)[O-])S(=O)(=O)[O-])C=CC4=C(C=C(C1=C43)S(=O)(=O)[O-])S(=O)(=O)[O-].[Na+].[Na+].[Na+].[Na+],0,,,,,CCOC(=O)[C@H](CCC1=CC=CC=C1)N[C@@H](C)C(=O)N2CCC[C@H]2C(=O)O,0
CCCCCCCCCCCCCC[P+](CCCCCC)(CCCCCC)CCCCCC.[Cl-],1,,C1[C@@H](O[C@@H](S1)CO)N2C=CC(=NC2=O)N,0,,CC(C)C1=CC=C(C=C1)S(=O)(=O)[O-].[Na+],0,,CC1=C(C(=NN1)C2=C(C=C(C=C2)O)O)C3=CC=C(C=C3)OC,1,,CC(C)C1=CC2=CC[C@@H]3[C@@]([C@H]2CC1)(CCC[C@@]3(C)C(=O)OC)C,1,,CC/C(=C(/CC)\C1=CC=C(C=C1)O)/C2=CC=C(C=C2)O,1,,,,,CC(C)(C)NC(=O)[C@@H]1C[C@@H]2CCCC[C@@H]2CN1C[C@H]([C@H](CC3=CC=CC=C3)NC(=O)[C@H](CC(=O)N)NC(=O)C4=NC5=CC=CC=C5C=C4)O,0
C1=CC(=CC=C1C(=O)O)[Hg]Cl,1,,CC1=CC=C(C=C1)Br,0,,CC1=C(C=CC(=C1)C(C)(C)C2=CC(=C(C=C2)O)C)O,1,,C(CC(=O)O)C(=O)C(=O)O,0,,CN(C)C1=CC=C(C=C1)C(=O)C2=CC=C(C=C2)N(C)C,0,,CN(C)C(=S)[S-].CN(C)C(=S)[S-].[Zn+2],1,,,,,CC(C)(C)NC(=O)[C@@H]1CN(CCN1C[C@H](C[C@@H](CC2=CC=CC=C2)C(=O)N[C@@H]3[C@@H](CC4=CC=CC=C34)O)O)CC5=CN=CC=C5,0
CC1=C(C(C(=C(N1)C)C(=O)OCCN(C)CC2=CC=CC=C2)C3=CC(=CC=C3)[N+](=O)[O-])C(=O)OC.Cl,1,,C1=CC(=CC(=C1)N)N.Cl.Cl,1,,C(#N)C(Br)Br,0,,CNCCCC12CCC(C3=CC=CC=C31)C4=CC=CC=C24,1,,CC(=O)O[Hg]C1=CC=CC=C1,1,,CC(C)CC(C)(C#C)O,0,,,,,CC(C)CN(C[C@H]([C@H](CC1=CC=CC=C1)NC(=O)O[C@H]2CCOC2)O)S(=O)(=O)C3=CC=C(C=C3)N,1
CCC#N,0,,CCN(CC)C1=C(C=C(C(=C1[N+](=O)[O-])N)C(F)(F)F)[N+](=O)[O-],1,,C1=CC=C(C=C1)CC2=C(C=CC(=C2)Cl)O,1,,C1COCCN1SC2=NC3=CC=CC=C3S2,1,,CC(C)N1C2=CC=CC=C2C(=C1/C=C/[C@H](C[C@H](CC(=O)O)O)O)C3=CC=C(C=C3)F,0,,CCN(CC)C(=S)[S-].CCN(CC)C(=S)[S-].[Zn+2],1,,,,,CC(C)(C)C1=CC=C(C=C1)C(CCCN2CCC(CC2)C(C3=CC=CC=C3)(C4=CC=CC=C4)O)O,1
C1CN(CCN1CCCC2=CC=CC=C2)CCOC(C3=CC=C(C=C3)F)C4=CC=C(C=C4)F.Cl.Cl,1,,CCNC1=C(C=CC(=C1)O)C,1,,C1CN(CCN1)C2=CC=CC=C2,0,,CCOC(C)OCC,0,,C1=CC=C(C=C1)N=NC2=C(C=CC3=CC=CC=C32)O,0,,CC(C)(C)C(=O)C(=O)O,0,,,,,CCC1=CN=C(C=C1)CCOC2=CC=C(C=C2)CC3C(=O)NC(=O)S3,1
CO[Si](CCCOCC1CO1)(OC)OC,0,,C(C(CBr)Br)O,0,,CC1=NC=C(N1CCO)[N+](=O)[O-],0,,C1=CN(C(=O)N=C1N)[C@H]2[C@H]([C@@H]([C@H](O2)CO)O)O,0,,CCCN1CCC[C@H]2[C@H]1CC3=CN=C(N=C3C2)N,0,,C(C(C(CC(=O)O)C(=O)O)C(=O)O)C(=O)O,0,,,,,CCC(=O)N(C1CCN(CC1)CCC2=CC=CC=C2)C3=CC=CC=C3,0
CC1=CC(=CC2=C1NC(=O)CC2(C)C)CCN3CCN(CC3)C4=NSC5=CC=CC=C54.CS(=O)(=O)O,1,,COC1=CC(=C(C=C1)C(=O)C2=CC=CC=C2)O,1,,C[C@@H]1CC[C@H]([C@@H](C1)O)C(C)C,0,,C([C@H](C(=O)O)N)O,0,,CCC1=C(C=CC(=C1)SCC2=C(N=C(S2)C3=CC=C(C=C3)C(F)(F)F)CN4CCN(CC4)C5=CC=C(C=C5)OC)OCC(=O)O,1,,[Cl-].[Cl-].[Cd+2],1,,,,,CCC1=NN(C(=O)N1CCOC2=CC=CC=C2)CCCN3CCN(CC3)C4=CC(=CC=C4)Cl,0
C1=CC=C2C(=C1)C=CC=C2CC(=O)[O-].[K+],0,,CCOP(=O)(OCC)OCC,0,,CCC1=NN(C(=C1Cl)C(=O)NCC2=CC=C(C=C2)C(C)(C)C)C,1,,C[C@@]12CC[C@H]([C@@]([C@H]1CCC(=C)[C@H]2C/C=C/3\[C@@H](COC3=O)O)(C)CO)O,0,,CC(=O)CCC1=CC=C(C=C1)OC(=O)C,0,,COC(=O)C=C,0,,,,,CN(C)CCC=C1C2=CC=CC=C2CCC3=CC=CC=C31,1
CC(C)(C(=O)O)OC1=CC=C(C=C1)Cl,0,,CC1=CC(=CC2=C1NC(=O)CC2(C)C)CCN3CCN(CC3)C4=NSC5=CC=CC=C54.CS(=O)(=O)O,1,,C1=CC=C(C=C1)C#N,0,,CN1C(=S)CN=C(C2=C1C=CC(=C2)Cl)C3=CC=CC=C3,1,,C1COCCN1CCN2C=NC=C2[N+](=O)[O-],0,,CCCCCCCCCCCC(=O)N(C)CC(=O)[O-].[Na+],0,,,,,CC1=CN(C(=O)NC1=O)[C@H]2C[C@@H]([C@H](O2)CO)N=[N+]=[N-],1
C(=C(I)I)(I)I,1,,CN1C(=S)N=NN1,0,,C1=C(C(=CC(=C1O)Cl)Cl)O,1,,CC(C)(C)CC(C)(C)C1=CC(=C(C=C1)O)N2N=C3C=CC=CC3=N2,0,,C1=CC(=C2C(=C1[N+](=O)[O-])C(=O)C3=C(C=CC(=C3C2=O)O)[N+](=O)[O-])O,1,,CC(=O)O[C@H]1[C@H]([C@@H]2[C@]([C@H](CCC2(C)C)O)([C@@]3([C@@]1(O[C@@](CC3=O)(C)C=C)C)O)C)O,1,,,,,CCN(CC)CCNC(=O)C1=CC=C(C=C1)N,0
CCC1=C(N(N=C1C(=O)NN2CCCCC2)C3=C(C=C(C=C3)Cl)Cl)C4=CC=C(C=C4)Br,1,,CC1=CC(=NC(=N1)NC2=CC=CC=C2)C,1,,COC(=O)C1=CN=CC=C1,0,,C=C1[C@H](C[C@@H]([C@H]1CO)O)N2C=NC3=C2N=C(NC3=O)N,0,,CC(COC1=CC=CC=C1)N(CCCl)CC2=CC=CC=C2.Cl,1,,C[C@]12CC[C@H]3[C@H]([C@@H]1CCC2=O)CC(=C)C4=CC(=O)C=C[C@]34C,1,,,,,CC1=CC=CC=C1O[C@H](CCNC)C2=CC=CC=C2,0
CCN1C2=C(C=C(C=C2)N)C3=CC=CC=C31,0,,CN1CCN(CC1)C2=NN=C3C(=C2)N(C4=CC=CC=C4O3)C,1,,C1CN(CCC12C(=O)NCN2C3=CC=CC=C3)CC4COC5=CC=CC=C5O4,1,,C(OC(C(F)(F)F)C(F)(F)F)F,0,,CN(C)C(=S)SSC(=S)N(C)C,1,,COC1CN(CCC1NC(=O)C2=CC(=C(C=C2OC)N)Cl)CCCOC3=CC=C(C=C3)F,1,,,,,C[C@]12C[C@@H]([C@H]3[C@H]([C@@H]1CC[C@@]2(C(=O)CO)O)CCC4=CC(=O)C=C[C@]34C)O,0
CNCCCC12CCC(C3=CC=CC=C31)C4=CC=CC=C24,1,,CCOC(CN1CCN(CC1)CC(C)C(=O)C2=CC=CC=C2)C3=CC=CC=C3.Cl.Cl,0,,CC1=C(N2[C@@H]([C@@H](C2=O)N)SC1)C(=O)O,0,,CC1=C(C(C(=C(N1)C#N)C(=O)OC)C2=CC(=CC=C2)[N+](=O)[O-])C(=O)OC(C)C,1,,CCCCCCCCCCCCCC[N+](C)(C)C.[Br-],1,,CC1=CC(=CC=C1)C=C,0,,,,,CC1=NC=C2N1C3=C(C=C(C=C3)Cl)C(=NC2)C4=CC=CC=C4F,0
C(C(F)(F)F)(Cl)Br,0,,CCC1=CC(=C(C(=C1)C(C)(C)C)O)C(C)(C)C,1,,CC(=CCC/C(=C/CC/C(=C/COC(=O)C)/C)/C)C,1,,CC(=O)NCCCS(=O)(=O)[O-].CC(=O)NCCCS(=O)(=O)[O-].[Ca+2],0,,CCCCCCOC(=O)C(=C)C,0,,C1=CC=C2C(=C1)C(=O)OC2(C3=CC=C(C=C3)O)C4=CC=C(C=C4)O,1,,,,,C[C@]12CC[C@H]3[C@H]([C@@H]1CC[C@@H]2O)CCC4=C3C=CC(=C4)O,0
CN(C)C(=S)SSC(=S)N(C)C,1,,C1=CC=C2C(=C1)C(=NN=C2Cl)Cl,0,,CCSC(=O)N1CCCCCC1,1,,COC1=C(C=C(C=C1)C2(CCC(CC2)C(=O)O)C#N)OC3CCCC3,0,,CCCCCCCCCCCCCC[N+]1=CC=CC=C1.[Br-],1,,CCCCC1=C(C2=CC=CC=C2O1)C(=O)C3=CC(=C(C(=C3)I)OCCN(CC)CC)I.Cl,1,,,,,C1C2CC3CC1CC(C2)(C3)N,0
CNC1CCCN(C1)C2=C(C=C3C(=C2OC)N(C=C(C3=O)C(=O)O)C4CC4)F,0,,CC[N+]1(CCC(=C(C2=CC=CC=C2)C3=CC=CC=C3)C1C)CC.[Br-],0,,CCC(C)C=O,0,,CO[C@H]1[C@@H](C[C@@H]2CN3CCC4=C([C@H]3C[C@@H]2[C@@H]1C(=O)OC)NC5=C4C=CC(=C5)OC)OC(=O)COC6=CC=C(C=C6)OC,1,,C1=CC=C2C(=C1)C3=CC=CC=C3C2(C4=CC=C(C=C4)O)C5=CC=C(C=C5)O,1,,CC1=CC=C(C=C1)OP(=O)(OC2=CC=C(C=C2)C)OC3=CC=C(C=C3)C,1,,,,,C1CN1P(=S)(N2CC2)N3CC3,0
CCC(=O)O[C@@H]1C[C@H]2[C@@H]3CCC4=C([C@H]3CC[C@@]2([C@H]1OC(=O)CC)C)C=CC(=C4)OC(=O)CC,0,,CC1=NNC(=O)N(C1)/N=C/C2=CN=CC=C2,0,,CCCCC/C=C\C/C=C\CCCCCCCC(=O)OC,1,,CCCN(CCC1=CC=CS1)[C@H]2CCC3=C(C2)C=CC=C3O,0,,C1CNCC(C2=CC(=C(C(=C21)Cl)O)O)C3=CC=C(C=C3)O,0,,C1[C@@H]2[C@H](COS(=O)O1)[C@@]3(C(=C([C@]2(C3(Cl)Cl)Cl)Cl)Cl)Cl,1,,,,,CC(C)OC(=O)C(C)(C)OC1=CC=C(C=C1)C(=O)C2=CC=C(C=C2)Cl,0
CC1=C(C=CC(=C1)Cl)OCCCC(=O)O,0,,C1=CC(=CC=C1CO)[N+](=O)[O-],0,,CN1C2=CC=CC=C2C(=O)N(C3=CC=CC=C31)CCN(C)C.Cl,0,,CN1C(CNC2=C1C(=O)NC(=N2)N)CNC3=CC=C(C=C3)C(=O)NC(CCC(=O)[O-])C(=O)[O-].[Na+].[Na+],0,,C1CNCCC1C(C2=CC=CC=C2)(C3=CC=CC=C3)O,0,,C1CC2=CC=CC=C2NC3=CC=CC=C31,1,,,,,C1=CC=C(C(=C1)CC(=O)O)NC2=C(C=CC=C2Cl)Cl,0
C1=CC=C2C(=C1)C(=O)N(C2=O)CO,0,,C1=CC(=CC=C1C=O)[N+](=O)[O-],1,,C([C@H]([C@@H]([C@@H]([C@H](CO)O)O)O)O)O,0,,CC(C)(CO)[C@H](C(=O)NCCC(=O)NCCSSCCNC(=O)CCNC(=O)[C@@H](C(C)(C)CO)O)O,0,,CN1C2=C(C(=O)N(C1=O)C)NC=N2,0,,CC(C)(C)NC(=O)N,0,,,,,COC1=C(C=C2C(=C1)C(=NC(=N2)N3CCN(CC3)C(=O)C4COC5=CC=CC=C5O4)N)OC,0
C(CCCCCC(=O)O)CCCCC(=O)O,0,,CCCCCCCCCC(CC)C1=CC=C(C=C1)S(=O)(=O)O,0,,CC[Sn](CC)(CC)Br,1,,C(C(F)(F)F)(OC(F)F)Cl,0,,CC(=O)O[Hg]C1=CC=CC=C1,1,,C1=CC=C2C(=C1)C=CC=C2[N+](=O)[O-],0,,,,,CC1=C(C(=CC=C1)C)OCC(=O)N[C@@H](CC2=CC=CC=C2)[C@H](C[C@H](CC3=CC=CC=C3)NC(=O)[C@H](C(C)C)N4CCCNC4=O)O,0
CCCC[N+]1(CCCC1)C.[Cl-],0,,C1=CC=C(C=C1)N=NC2=CC=C(C=C2)O,1,,CN1CCC2=CC3=C(C=C2[C@H]1[C@H]4C5=C(C(=C(C=C5)OC)OC)C(=O)O4)OCO3,1,,C[C@@H]1CC[C@H]([C@@H](C1)OC(=O)C2=CC=CC=C2O)C(C)C,0,,C[N+](CCCl)(CCCl)[O-],0,,C(CCl)CCl,0,,,,,C1=CC(=C(C(=C1)Cl)Cl)C2=C(N=C(N=N2)N)N,0
C1=CC(=C(C=C1Cl)CC2=C(C=CC(=C2)Cl)O)O,1,,CCCCN(CCCC)C(C1=CC=C(C=C1)OC)C(=O)N,1,,C1=CC=C(C=C1)C2=NC3=CC=CC=C3C(=C2O)C(=O)O,1,,C1C[C@H]([C@@H](NC1)CC(=O)CN2C=NC3=CC(=C(C=C3C2=O)Cl)Br)O.Cl,1,,CC(=C)C(=O)NCCC[N+](C)(C)C.[Cl-],0,,C1=CC=C(C=C1)OP(=O)(OC2=CC=CC=C2)OC3=CC=CC=C3,1,,,,,CC(C)C[C@@H](C(=O)O)NC(=O)[C@H]([C@@H](CC1=CC=CC=C1)N)O,0
CCC1=CC(=C(C=C1OC)C[C@H](C)N)OC.Cl,0,,C1CC2=CC=CC=C2C(=O)C3=CC=CC=C31,1,,CCC1=CC=CC(=C1N(C(C)COC)C(=O)CCl)C,1,,C1=C(C(=CC(=C1Cl)Cl)Cl)OCC#CI,1,,C=CCCCCCCC=C,0,,CN(C)C1CCCCC1,0,,,,,C1=CC(=C(C=C1O)O)C2=C(C(=O)C3=C(C=C(C=C3O2)O)O)O,0
C=CC(=O)OCCN1C(=O)N(C(=O)N(C1=O)CCOC(=O)C=C)CCOC(=O)C=C,1,,CC1CCCC1,0,,C[Si]1(N[Si](N[Si](N1)(C)C)(C)C)C,1,,CC1=CC(=C(C(=C1NC(=O)CN(CC(=O)O)CC(=O)O)C)Br)C,0,,CN1CCN(CC1)CCCOC2=C(C=C3C(=C2)N=CC(=C3NC4=CC(=C(C=C4Cl)Cl)OC)C#N)OC.CO,1,,C1=CC=C(C=C1)CCCOC(=O)/C=C/C2=CC=CC=C2,0,,,,,CO[C@H]1[C@@H](C[C@@H]2CN3CCC4=C([C@H]3C[C@@H]2[C@@H]1C(=O)OC)NC5=C4C=CC(=C5)OC)OC(=O)C6=CC(=C(C(=C6)OC)OC)OC,0
CC1=CC2=C(C=C1C(=C)C3=CC=C(C=C3)C(=O)O)C(CCC2(C)C)(C)C,1,,C(=C(Cl)Cl)(Cl)Cl,0,,C[C@]12CC[C@H]3[C@H]([C@@H]1CC[C@]2(C#C)O)CCC4=CCCC[C@H]34,1,,CCCC(=O)OC[C@H]([C@H]([C@H](CN1C2=C(C=C(C(=C2)C)C)N=C3C1=NC(=O)NC3=O)OC(=O)CCC)OC(=O)CCC)OC(=O)CCC,1,,C1CC2=CC=CC=C2C(=O)C1,0,,CC1(C(C1C(=O)OC(C#N)C2=CC(=CC=C2)OC3=CC=CC=C3)/C=C(/C(F)(F)F)\Cl)C,1,,,,,CCCCNC(=O)NS(=O)(=O)C1=CC=C(C=C1)C,0
CN(C)CCCN1C2=CC=CC=C2CCC3=C1C=C(C=C3)Cl.Cl,1,,C1=CC=C(C=C1)NO,1,,CC(=O)OCC(=O)[C@]1(CC[C@@H]2[C@@]1(C[C@@H]([C@H]3[C@H]2CCC4=CC(=O)C=C[C@]34C)O)C)O,0,,CCCCOC(=O)CC(CC(=O)OCCCC)(C(=O)OCCCC)OC(=O)C,1,,COC(=O)/C=C\C(=O)O,0,,C[C@]12CC[C@H]3[C@H]([C@@H]1CC[C@@H]2OC(=O)CCC4CCCCC4)CCC5=CC(=O)CC[C@H]35,0,,,,,CC1=C(C=CC2=C1OC(=O)C(=C2O)NC(=O)C3=CC(=C(C=C3)O)CC=C(C)C)O[C@H]4[C@@H]([C@@H]([C@H](C(O4)(C)C)OC)OC(=O)N)O,0
C1=CC(=C(C=C1Cl)Cl)OCC(=O)O,0,,CC(=CCCC(C)(C=C)OC(=O)C1=CC=CC=C1)C,1,,CC1=CC=C(C=C1)OC(=O)CC(C)C,0,,C1=CC=C(C(=C1)C(=O)O)[O-].C1=CC=C(C(=C1)C(=O)O)[O-].O.O.O.O.[Mg+2],0,,CCOC(=O)C1=CC=CC=C1O,0,,CC1=CC=C(C=C1)S(=O)(=O)NC2CCCCC2,1,,,,,CC(C)C(=O)NC1=CC(=C(C=C1)[N+](=O)[O-])C(F)(F)F,0
C1=CC=C2C(=C1)C(=NN=C2NN)NN,0,,C1=CC=C2C(=C1)C=CC3=CC4=CC=CC=C4C=C32,1,,CCC1=CC=C(C=C1)C(=O)NN(C(=O)C2=CC(=CC(=C2)C)C)C(C)(C)C,1,,CC(=CCC/C(=C/CC/C(=C/CC/C=C(/CC/C=C(/CCC=C(C)C)\C)\C)/C)/C)C,0,,C1=C2C(C(=O)N(C2=CC(=C1F)Cl)C(=O)N)C(=O)C3=CC(=CS3)Cl,1,,C(CBr)O,0,,,,,COCCCC/C(=N\OCCN)/C1=CC=C(C=C1)C(F)(F)F,0
C[C@@H]1CCC[C@@H](N1CCCC(C2=CC=CC=C2)(C3=CC=CC=N3)O)C,0,,C1=CC=C(C=C1)CC2=C(C=CC(=C2)Cl)O,1,,CC(C)C(C(=O)OC(C#N)C1=CC(=CC=C1)OC2=CC=CC=C2)NC3=C(C=C(C=C3)C(F)(F)F)Cl,1,,C1=CSC(=C1)CNC2=CC(=C(C=C2C3=NNN=N3)S(=O)(=O)N)Cl,1,,CCOP(=S)(OCC)SCN1C(=O)C2=CC=CC=C2N=N1,1,,C1=C(C=C(C(=C1[N+](=O)[O-])N)Br)[N+](=O)[O-],1,,,,,C1CN(CC2=C1SC=C2)CC3=CC=CC=C3Cl,0
C1CCN[C@@H](C1)[C@H](C2=CC=CC=C2)NC(=O)C3=C(C(=CC=C3)C(F)(F)F)Cl,1,,CC(C)OC(=O)C1=CC=CC=C1OP(=S)(N)OC,1,,C1=C2C(C(=O)N(C2=CC(=C1F)Cl)C(=O)N)C(=O)C3=CC(=CS3)Cl,1,,CCOC(=O)[C@H](CCC1=CC=CC=C1)N[C@@H](C)C(=O)N2[C@@H](CN(C2=O)C)C(=O)O.Cl,0,,CCC1=CC(=C(C(=C1)C(C)(C)C)O)CC2=C(C(=CC(=C2)CC)C(C)(C)C)O,1,,CCC1=CN=C(C=C1)CCOC2=CC=C(C=C2)CC3C(=O)NC(=O)S3.Cl,1,,,,,CN(C)C(=O)C(CCN1CCC(CC1)(C2=CC=C(C=C2)Cl)O)(C3=CC=CC=C3)C4=CC=CC=C4,0
CCC(C)NC1=CC=C(C=C1)NC(C)CC,1,,COP(=O)(OC)OC=C(Cl)Cl,0,,CC1(C2CCC(O1)(CC2)C)C,0,,CC[C@]12CC[C@H]3[C@H]([C@@H]1CC[C@]2(C#C)OC(=O)C)CCC4=C/C(=N/O)/CC[C@H]34,1,,CCO[Si](CCCCl)(OCC)OCC,0,,CC(C)C[C@H]1CN2CCC3=CC(=C(C=C3[C@@H]2CC1=O)OC)OC,1,,,,,CCC1=CC=CC2=C1OC(=C2)C(CNC(C)(C)C)O,1
C1CCN[C@H](C1)[C@H](C2=CC(=NC3=C2C=CC=C3C(F)(F)F)C(F)(F)F)O.Cl,1,,C(NC(=O)N(CO)C1C(=O)N(C(=O)N1CO)CO)O,0,,CCN1C=CN(C1C)C.Br,0,,C[C@@H](C(=O)C1=CC=CC=C1)N.Cl,1,,CC1(OC[C@H]2[C@@H](O1)[C@H]3[C@@](O2)(OC(O3)(C)C)C(=O)[O-])C.[Na+],0,,CCCC1COC(O1)(CN2C=NC=N2)C3=C(C=C(C=C3)Cl)Cl,1,,,,,COC1=CC=C(C=C1)CCN2CCC(CC2)NC3=NC4=CC=CC=C4N3CC5=CC=C(C=C5)F,0
C1=CC=C(C(=C1)C(C2=CC=C(C=C2)Cl)C(Cl)(Cl)Cl)Cl,1,,CC1(CON(C1=O)CC2=CC=CC=C2Cl)C,1,,C[C@]12CC[C@](C[C@H]1C3=CC(=O)[C@@H]4[C@]5(CC[C@@H](C([C@@H]5CC[C@]4([C@@]3(CC2)C)C)(C)C)O)C)(C)C(=O)O,0,,C[C@H]1[C@H](OC(=N1)N)C2=CC=CC=C2,0,,C1=CC=C(C(=C1)CO)O,0,,CCC1COC(O1)(CN2C=NC=N2)C3=C(C=C(C=C3)Cl)Cl,1,,,,,CCC1(C(=O)N(C(=O)N1)C)C2=CC=CC=C2,0
C1CN(CCN1CCCN2C3=CC=CC=C3NC2=O)C(C4=CC=CC=C4)C5=CC=CC=C5,1,,CC(=CCNC1=C2C(=NC=N1)N(C=N2)[C@H]3[C@@H]([C@@H]([C@H](O3)CO)O)O)C,1,,C1=CC(=C(C=C1C(=O)O)C(=O)O)C(=O)O,0,,COC1=CC(=CC(=C1OC)OC)CCN.Cl,1,,CC(C)(C1=CC=CC=C1)C2=CC(=C(C=C2)O)C(C)(C)C3=CC=CC=C3,1,,C[C@H](CSC(=O)C)C(=O)N1CCC[C@H]1C(=O)N[C@@H](CC2=CC=CC=C2)C(=O)O,0,,,,,CC[C@@]1(C[C@H]2C[C@@](C3=C(CCN(C2)C1)C4=CC=CC=C4N3)(C5=C(C=C6C(=C5)[C@]78CCN9[C@H]7[C@@](C=CC9)([C@H]([C@@]([C@@H]8N6C)(C(=O)OC)O)OC(=O)C)CC)OC)C(=O)OC)O,1
CC(C)(C)NC[C@@H](C1=C(C=C(C=C1)O)Cl)O,0,,CC1=C(C(CCC1)(C)C)/C=C/C(=C/C=C/C(=C/COC(=O)C)/C)/C,0,,CC(C)C(C1=CC=C(C=C1)OC(F)(F)F)(C2=CN=CN=C2)O,1,,C[C@H]1[C@@H]2CC3=C([C@]1(CCN2C)C)C=C(C=C3)O.C[C@H]1[C@@H]2CC3=C([C@]1(CCN2C)C)C=C(C=C3)O.C(=C/C(=O)O)\C(=O)O,0,,CC1=CC(=C(C(=C1)N2N=C3C=CC(=CC3=N2)Cl)O)C(C)(C)C,0,,C1=CC(=CC=C1O)O,1,,,,,CC[C@H]1C(=O)N(CC(=O)N([C@H](C(=O)N[C@H](C(=O)N([C@H](C(=O)N[C@H](C(=O)N[C@@H](C(=O)N([C@H](C(=O)N([C@H](C(=O)N([C@H](C(=O)N([C@H](C(=O)N1)[C@@H]([C@H](C)C/C=C/C)O)C)C(C)C)C)CC(C)C)C)CC(C)C)C)C)C)CC(C)C)C)C(C)C)CC(C)C)C)C,0
CN(C)C1=CC2=C(C=C1)N=C3C=CC(=[N+](C)C)C=C3S2.[Cl-],1,,C1=CC=C(C=C1)C[N+]2=CC=CC3=CC=CC=C32.[Cl-],0,,CCN1C=C[N+](=C1)C.CS(=O)(=O)[O-],0,,C[C@H](CN1CCOCC1)C(C2=CC=CC=C2)(C3=CC=CC=C3)C(=O)N4CCCC4.[C@@H]([C@H](C(=O)O)O)(C(=O)O)O,1,,C1=CC(=C(C(=C1)Cl)Cl)Cl,0,,CC1=CC=NC=C1,0,,,,,C1[C@H](O[C@H](S1)CO)N2C=C(C(=NC2=O)N)F,0
CN1CCC2=C3[C@H]1CC4=C(C3=CC=C2)C(=C(C=C4)O)O,1,,C[NH+](C)CCC(C1=CC=CC=C1)C2=CC=CC=[NH+]2.C(=C\C(=O)[O-])\C(=O)[O-],0,,CN1CCC(=C2C3=CC=CC=C3SC4=CC=CC=C42)CC1.C(=C\C(=O)O)\C(=O)O,0,,CCC(C(C[C@H](C)NC)(C1=CC=CC=C1)C2=CC=CC=C2)OC(=O)C.Cl,1,,C1(=C(C(=O)C(=C(C1=O)O)O)O)O,0,,COC(=O)CCSCCC(=O)OC,0,,,,,CC(C(=O)C1=CC(=CC=C1)Cl)NC(C)(C)C,0
[N+](=O)(O)[O-].[N+](=O)(O)[O-].[Cd],1,,CCCCCC#CC(=O)OC,0,,CCCCCCCCCCN1C=C[N+](=C1)C.C(F)(F)(F)S(=O)(=O)[O-],1,,CCC(=O)OC1(CCN(CC1)C)C2=CC=CC=C2.Cl,0,,CC(C)(C)C1=C(C(=CC(=C1)[N+](=O)[O-])[N+](=O)[O-])O,1,,C1=CC(=C(C=C1[N+](=O)[O-])S(=O)(=O)[O-])/C=C/C2=C(C=C(C=C2)[N+](=O)[O-])S(=O)(=O)[O-].[Na+].[Na+],0,,,,,CN1CC[C@@]23CCCC[C@@H]2[C@@H]1CC4=C3C=C(C=C4)OC,0
CC(C)(C)CC(C)(C)C1=CC=CC=C1O,1,,CCNC(=O)NC(=O)/C(=N/OC)/C#N,0,,CC(C)C1(C(=O)NC(=N1)C2=C(C=C(C=N2)COC)C(=O)O)C,1,,CC(=O)OC1(CCN(CC1)CCC2=CC=CC=C2)C3=CC=CC=C3,0,,CC1=CC(=C(C=C1SC2=CC(=C(C=C2C)O)C(C)(C)C)C(C)(C)C)O,1,,CCCCCCCCCCN1C=C[N+](=C1)C.C(F)(F)(F)S(=O)(=O)[N-]S(=O)(=O)C(F)(F)F,1,,,,,CCCN(CCC)S(=O)(=O)C1=CC=C(C=C1)C(=O)O,0
C([C@@H]1[C@@H]([C@@H]([C@H]([C@@H](O1)O[C@@H]2[C@H](O[C@@]([C@H]2O)(CO)O)CO)O)O)O)O,0,,COC1=CC(=C(C=C1)C(=O)C2=C(C=C(C=C2)OC)O)O,1,,C(C(=O)O)O,0,,CCC(=O)N(C1CCN(CC1)CCC2=CC=CC=C2)C3=CC=C(C=C3)F,0,,CN1[C@@H](CCC1=O)C2=CN=CC=C2,0,,CC(C)[N+](C)(C)CC(COC1=CC=CC2=CC=CC=C21)O.[Cl-],0,,,,,CN(C)CC/C=C\1/C2=CC=CC=C2SC3=C1C=C(C=C3)Cl,0
CC(C)C1=CC=C(C=C1)S(=O)(=O)[O-].[Na+],0,,CC(C)C1=CC=CC=C1O,0,,CCOP(=S)(OCC)OC1=NC(=NC(=C1)C)C(C)C,1,,CCC(=O)N([C@H]1CCN(C[C@H]1C)CCC2=CC=CC=C2)C3=CC=CC=C3.Cl,1,,C1=CC=C(C=C1)C(=O)O[C@H]([C@H](C(=O)O)OC(=O)C2=CC=CC=C2)C(=O)O,0,,CC1=CC(=C(C=C1)O)N2N=C3C=CC=CC3=N2,1,,,,,CC(C)(C1=CC=C(C=C1)C(CCCN2CCC(CC2)C(C3=CC=CC=C3)(C4=CC=CC=C4)O)O)C(=O)O,1
CCCCCCCCCCCC[N+](C)(C)CC1=CC=CC=C1.[Br-],1,,COC1=CC=C(C=C1)O,0,,CC(C)(C(=O)O)OC1=CC=C(C=C1)C2CC2(Cl)Cl,1,,CCC(=O)N(C1CCN(CC1)CC2=CC=CC=C2)C3=CC=CC=C3.Cl,0,,CCCCCCCCCCCCCC[N+](C)(C)C.[Cl-],1,,C[C@]12CC[C@H]3[C@H]([C@@H]1CCC2=O)CCC4=C3C=CC(=C4)O,1,,,,,C1CCN(CC1)C2=NC(=NC3=C2N=C(N=C3N4CCCCC4)N(CCO)CCO)N(CCO)CCO,0
COC(=O)C1=CC(=CC=C1)C(=O)OC,0,,CC1=CC(=CC=C1)N(C)C(=S)OC2=CC3=C(CCC3)C=C2,1,,CN(C)C(=O)NC1=CC=C(C=C1)Cl,0,,CCC1=CC(=C(C=C1OC)C[C@H](C)N)OC.Cl,1,,C1CC2C(C(C1O2)C(=O)O)C(=O)O,0,,C[C@@H]1C[C@H]2[C@@H]3CCC4=CC(=O)C=C[C@@]4([C@]3([C@H](C[C@@]2([C@]1(C(=O)CCl)OC(=O)C5=CC=CO5)C)O)Cl)C,1,,,,,CC(C)C1=NC(=CS1)CN(C)C(=O)N[C@@H](C(C)C)C(=O)N[C@@H](CC2=CC=CC=C2)C[C@@H]([C@H](CC3=CC=CC=C3)NC(=O)OCC4=CN=CS4)O,0
C1=CC=C(C(=C1)CCO)[N+](=O)[O-],0,,C1=CC=C(C=C1)C(CO)O,0,,C1CCC(CC1)S,0,,CCC(=O)N(C1CCN(CC1)CC(C2=CC=CC=C2)O)C3=CC=CC=C3.Cl,0,,CC1=CC(=O)C2=CC=CC=C2C1=O,1,,CC(=O)OC1=CC=CC=C1C(=O)NC2=NC=C(S2)[N+](=O)[O-],1,,,,,CCN(CC)C(=S)SSC(=S)N(CC)CC,0
CC(C)(C)C1=CC(=C(C=C1)O)C(C)(C)C,1,,COC1=C(C=C2C(=C1)C3=CC=CC=C3O2)N,1,,C[C@@H]1[C@H]([C@H]([C@@H](O1)N2C=C(C(=O)NC2=O)F)O)O,0,,CCC(=O)N(C1CCN(CC1)C(C)CC2=CC=CS2)C3=CC=CC=C3.Cl,0,,C1CC(C(CCC(C(CCC(C1Br)Br)Br)Br)Br)Br,1,,COC1=CC(=CC(=C1OC)OC)C(=O)NC2CCCNC2,0,,,,,CCOC(=O)N1CCC(=C2C3=C(CCC4=C2N=CC=C4)C=C(C=C3)Cl)CC1,0
C1=CC(=CC=C1NC2=NC(=NC(=N2)N(CCO)CCO)NC3=CC(=C(C=C3)/C=C/C4=C(C=C(C=C4)NC5=NC(=NC(=N5)NC6=CC=C(C=C6)S(=O)(=O)[O-])N(CCO)CCO)S(=O)(=O)[O-])S(=O)(=O)[O-])S(=O)(=O)[O-].[Na+].[Na+].[Na+].[Na+],0,,CCCCCCCCCCCCCCCCCC(=O)[O-].C(CO)[NH+](CCO)CCO,1,,C1=CC=C(C=C1)N,0,,CCC(=O)N([C@H]1CCN(C[C@H]1C)CCC2=CC=CS2)C3=CC=CC=C3.Cl,1,,CCCN1C=C[N+](=C1)C.[I-],0,,C[C@]12CCC(=O)C=C1CC[C@@H]3[C@@H]2[C@H](C[C@]4([C@H]3CC[C@@H]4C(=O)CO)C)O,1,,,,,C1CN(CCN1CCOCC(=O)O)C(C2=CC=CC=C2)C3=CC=C(C=C3)Cl,0
C1=CC=C(C=C1)NN=NC2=CC=CC=C2,1,,C1CCC2(C1)CC(=O)NC(=O)C2,0,,C1=CC(=CC=C1OC2=CC=C(C=C2)S(=O)(=O)NN)S(=O)(=O)NN,1,,CCC(=O)N(C1CCN(CC1)CC2=CC=CS2)C3=CC=CC=C3.Cl,0,,CC1C2=NN=C(N2C3=C(C=C(S3)CCC4=CC=C(C=C4)CC(C)C)C(=N1)C5=CC=CC=C5Cl)C,1,,C1=CC=C(C=C1)C=C(C2=CC=CC=C2)C3=CC=CC=C3,1,,,,,C[N+]1=CC=C(C=C1)C2=CC=CC=C2,1
CC1=CCC(CC1)C(C)(C)O,0,,CC1=C([N+](=O)C2=CC=CC=C2N1[O-])C(=O)NCCO,0,,CC1=CC2=C(C=C1)SC3=CC=CC(=C32)C,0,,CCC(=O)N(C1CCN(CC1)CCC2=CC=CS2)C3=CC=CC=C3.Cl,0,,CC(C)[C@H]1C2=C(CC[C@@]1(CCN(C)CCCC3=NC4=CC=CC=C4N3)OC(=O)COC)C=C(C=C2)F.Cl.Cl,1,,CC1=C(C(CCC1)(C)C)/C=C/C(=C/C=C/C(=C/C(=O)O)/C)/C,1,,,,,C[N+]1=CC=CC=C1,0
C/C=C/C1=CC(=C(C=C1)O)OC,0,,C1=CC2=C(C=C1Cl)OC(=O)N2,0,,CCOC(=O)N1CCC(=C2C3=C(CCC4=C2N=CC=C4)C=C(C=C3)Cl)CC1,1,,CC1=CC(=C(C=C1OC)C[C@@H](C)N)OC.Cl,0,,C1(=NC(=NC(=N1)N)N)N,0,,CC1=C(C(C(=C(N1)C)C(=O)OC)C2=CC=CC=C2OC(F)F)C(=O)OC,1,,,,,CCOC1=NC2=CC=CC(=C2N1CC3=CC=C(C=C3)C4=CC=CC=C4C5=NNN=N5)C(=O)O,0
CN(C)C1=CC=C(C=C1)C(=C2C=CC(=[N+](C)C)C=C2)C3=CC=C(C=C3)N(C)C.[Cl-],1,,C1=C(SC(=N1)N)[N+](=O)[O-],0,,CC1=C2C=C3C=CC4=C5C3=C(C2=CC=C1)C=CC5=CC=C4,0,,CC(CC1=C(C=CC(=C1)OC)OC)N.Cl,0,,CN1C(=C(C2=CC=CC=C2S1(=O)=O)O)C(=O)NC3=CC=CC=N3,0,,CC(C)C1=CC=C(C=C1)OP(=O)(OC2=CC=C(C=C2)C(C)C)OC3=CC=C(C=C3)C(C)C,1,,,,,CCCC1=NC2=C(N1CC3=CC=C(C=C3)C4=CC=CC=C4C(=O)O)C=C(C=C2C)C5=NC6=CC=CC=C6N5C,0
CC(CO)(CO)CO,0,,C1=CC(=CC(=C1)C(F)(F)F)C(=O)CC2=CC=C(C=C2)C#N,1,,C1C(COCO1)([N+](=O)[O-])Br,1,,CC(CC1=CC2=C(C=C1)OCO2)NO.Cl,1,,C1=C(C=C(C(=C1C(=O)O)O)S(=O)(=O)O)N,0,,CC(C1=NCCN1)OC2=C(C=CC=C2Cl)Cl,1,,,,,C1C[C@H](N(C1)C(=O)CN)C(=O)O,0
C1=CC(=C(C=C1[N+](=O)[O-])Cl)NC(=O)C2=C(C=CC(=C2)Cl)O,1,,C[C@]12CCC(=O)C=C1CC[C@@H]3[C@@]2([C@H](C[C@]4([C@H]3CC[C@]4(C)O)C)O)F,0,,CCC(C(C(CC(C(C(C)Cl)Cl)Cl)Cl)Cl)Cl,1,,CCN[C@@H](C)CC1=CC=CC=C1.Cl,0,,CCOC(=O)O[C@H](C)OC(=O)C1=CC2=C(C=C1)N(C(=C2)C(=O)NC3CCN(CC3)C(C)C)CC4=NOC(=C4)C5=CC=C(S5)Cl.Cl,1,,C1CN(CCC1C(=O)C2=CC=C(C=C2)F)CCN3C(=O)C4=CC=CC=C4NC3=S.Cl,1,,,,,CCC(C)(C)C(=O)O[C@H]1C[C@H](C=C2[C@H]1[C@H]([C@H](C=C2)C)CC[C@@H]3C[C@H](CC(=O)O3)O)C,0
CCCCCCCCCCCCCCOS(=O)(=O)[O-].[Na+],1,,CCCCCCCC/C=C/CCCOC(=O)C,0,,CCC(=O)CC,0,,CN1CC[C@]23[C@@H]4[C@H]1CC5=C2C(=C(C=C5)O)O[C@H]3[C@H](C=C4)O.CN1CC[C@]23[C@@H]4[C@H]1CC5=C2C(=C(C=C5)O)O[C@H]3[C@H](C=C4)O.O.O.O.O.O.OS(=O)(=O)O,0,,C(CN)CNCCSP(=O)(O)O,0,,[B-](F)(F)(F)F.CCCCCCCCCCN1C=C[N+](=C1)C,1,,,,,CCCCC(=O)N(CC1=CC=C(C=C1)C2=CC=CC=C2C3=NNN=N3)[C@@H](C(C)C)C(=O)O,0
C1=CC=C(C(=C1)C2=NN=CO2)O,0,,CN(C)C1=CC=C(C=C1)N,1,,CC(CCC=C(C)C)O,0,,C1CN[C@@H]2CC3=C4[C@@]15[C@H]2C=C[C@@H]([C@@H]5OC4=C(C=C3)O)O.Cl,0,,CCCCC1(C(=O)N(N(C1=O)C2=CC=CC=C2)C3=CC=CC=C3)COC(=O)CCC(=O)O,0,,CCCC[N+]1(CCCCC1)C.C(F)(F)(F)S(=O)(=O)[O-],0,,,,,C1COCCN1CCNC(=O)C2=CC=C(C=C2)Cl,0
CCN(CC)C1=CC=CC=C1,0,,CCCCCOC(=O)C1=CC=C(C=C1)O,1,,C1=CC=C(C(=C1)CC(=O)OCC(=O)O)NC2=C(C=CC=C2Cl)Cl,1,,CCN[C@H](C)CC1=CC(=CC=C1)C(F)(F)F.Cl,0,,C1CN(/C(=N/[N+](=O)[O-])/N1)CC2=CN=C(C=C2)Cl,0,,C1CCN(CC1)C(=S)SSC(=S)N2CCCCC2,1,,,,,CC1=CN=C(C=N1)C(=O)NCCC2=CC=C(C=C2)S(=O)(=O)NC(=O)NC3CCCCC3,0
CCOC(=O)C1=C(N(C2=C1C=C(C=C2)O)C)C,0,,CCCC[N+]1=CC=CC(=C1)C.F[P-](F)(F)(F)(F)F,0,,C1=C2C3=C(C(=C1O)O)OC(=O)C4=CC(=C(C(=C43)OC2=O)O)O,0,,CCC1(C(=O)NC(=O)NC1=O)CCC(C)C,0,,C1CC1C(C2CC2)NC3=NCCO3,0,,C1CC(C2=C(C3=CC=CC=C3N=C2C1)N)O.C(=C\C(=O)O)\C(=O)O,0,,,,,C1=CC=C(C=C1)N2C(=CC=N2)NS(=O)(=O)C3=CC=C(C=C3)N,0
CC1(C(=O)NC(=O)NC1=O)C,0,,C1=CC=C(C=C1)C2(C(=O)NC(=O)N2)C3=CC=CC=C3,1,,C([C@H]([C@H]([C@@H]([C@@H](CO)O)O)O)O)O,0,,CC1=NC2=CC=CC=C2C(=O)N1C3=CC=CC=C3Cl,0,,C1=CC(=CC(=C1)Cl)NC(=O)OCC#CCCl,1,,C(=O)(N)[O-].[NH4+],0,,,,,CSCC[C@@H](C(=O)NCC(=O)N[C@@H](CC1=CNC2=CC=CC=C21)C(=O)N[C@@H](CCSC)C(=O)N[C@@H](CC(=O)O)C(=O)N[C@@H](CC3=CC=CC=C3)C(=O)N)NC(=O)[C@H](CC4=CC=C(C=C4)OS(=O)(=O)O)NC(=O)[C@H](CC(=O)O)N,0
COCCCC/C(=N\OCCN)/C1=CC=C(C=C1)C(F)(F)F,1,,CC(=O)[C@H]1CC[C@@H]2[C@@]1(CC[C@H]3[C@H]2CCC4=CC(=O)CC[C@]34C)C,1,,CCOP(=S)(NC(C)C)OC1=CC=CC=C1C(=O)OC(C)C,1,,C[C@H](CC1=CC(=C(C=C1OC)Br)OC)N.Cl,0,,CCN(CC)CCNC(=O)C1=C(NC(=C1C)/C=C\2/C3=C(C=CC(=C3)F)NC2=O)C.C([C@@H](C(=O)O)O)C(=O)O,1,,C1=CC(=C(C=C1[N+](=O)[O-])OCCO)NCCO,0,,,,,C1=CC(=CC=C1[C@@H]2[C@H](C(=O)N2C3=CC=C(C=C3)F)CC[C@@H](C4=CC=C(C=C4)F)O)O,1
CC(C)(C#C)NC(=O)C1=CC(=CC(=C1)Cl)Cl,0,,[NH4+].[NH4+].[O-]S(=O)(=S)[O-],0,,CCS(=O)(=O)C1=CC(=C(C=C1)OC)C(=O)OC,0,,C[C@H]1[C@H]2CC3=C([C@@]1(CCN2CC=C(C)C)C)C=C(C=C3)O.C(CC(=O)O)C(=O)O,0,,C1=CC=C(C=C1)CC=O,0,,C1=CSC(=C1)SSC2=CC=CS2,1,,,,,CN1C(=NN=N1)SCC2=C(N3[C@@H]([C@@H](C3=O)NC(=O)[C@@H](C4=CC=CC=C4)O)SC2)C(=O)O,1
CC(CCl)OC(C)CCl,0,,CC(C)(C)CC(C)(C)C1=CC=C(C=C1)OCCO,0,,C1=CC(=C(C=C1C(=O)Cl)Cl)F,0,,CCC(=O)N(C1=CC=CC=C1)C2(CCN(CC2)CCN3C(=O)N(N=N3)CC)COC.Cl,1,,C1=CC=C(C=C1)COC(=O)C2=CC=CC=C2,0,,CCCCOCCOCCOC(=O)C,0,,,,,CC(C)(C)[C@@H](C(=O)N[C@@H](CC1=CC=CC=C1)[C@H](CN(CC2=CC=C(C=C2)C3=CC=CC=N3)NC(=O)[C@H](C(C)(C)C)NC(=O)OC)O)NC(=O)OC,0
CC(=C)C(=O)OCCC(C(C(C(C(C(F)(F)F)(F)F)(F)F)(F)F)(F)F)(F)F,0,,CCC1=CC(=CC(=C1N)CC)CC2=CC(=C(C(=C2)CC)N)CC,1,,C1=CC(=C(C=C1CC2=CC(=C(C=C2)N)Cl)Cl)N,1,,CCC(=O)N(C1=CC=CC=C1)C2(CCN(CC2)CCC3=CC=CS3)COC.C(C(=O)O)C(CC(=O)O)(C(=O)O)O,1,,CCCCCCC(C)(C)S,0,,CC(O)(P(=O)(O)O)P(=O)(O)O.O,0,,,,,C1C[C@H](N(C1)C(=O)[C@H](CCCCN)N[C@@H](CCC2=CC=CC=C2)C(=O)O)C(=O)O,0
CC(=CCCC(C)(C=C)O)C,0,,CCOP(=S)(NC(C)C)OC1=CC=CC=C1C(=O)OC(C)C,1,,CC(=O)N[C@@H](CS)C(=O)O,0,,CC(C)N(CCC1=CNC2=C1C=C(C=C2)OC)C(C)C.Cl,0,,[Cl-].[Cl-].[Hg+2],1,,C1=CC=C(C=C1)NC2=CC=C(C=C2)N,1,,,,,CCOC1=CC=C(C=C1)C2=NC3=C(N2)C=C(C=C3)C4=NC5=C(N4)C=C(C=C5)N6CCN(CC6)C,0
C1CN(CCN1CCCN2C3=CC=CC=C3SC4=C2C=C(C=C4)Cl)CCO,1,,CC(C)CCCCCCOC(=O)C1=CC=CC=C1C(=O)OCCCCCCC(C)C,0,,CCCCCCCCCCCCCOC(=O)C(=C)C,0,,C1CCC(CC1)(C2=CC=CC=C2)N.Cl,0,,CC1=C(C2=CC=CC=C2C(=C1)O)O,1,,CN1CCN(CC1)C2=NC3=CC=CC=C3SC4=C2C=C(C=C4)Cl,1,,,,,CCOC1=C(C=CC(=C1)CC(=O)N[C@@H](CC(C)C)C2=CC=CC=C2N3CCCCC3)C(=O)O,0
C1CN(CCN1N=O)N=O,0,,C1=CC=C2C(=C1)C=C(O2)C=O,0,,CCCCCCCC(=O)C,0,,C1NCCN(C1)CC2=CC=CC=C2.C(=C/C(=O)O)\C(=O)O.C(=C/C(=O)O)\C(=O)O,0,,C1=CC=C2C=C(C=CC2=C1)S(=O)(=O)[O-].[Na+],0,,CC(C)(C)OC(=O)C1=CC=C(C=C1)O,1,,,,,COC1=CC2=C(C=CN=C2C=C1)[C@@H]([C@H]3C[C@@H]4CCN3C[C@@H]4C=C)O,1
CCOC(=O)N1CCC(=C2C3=C(CCC4=C2N=CC=C4)C=C(C=C3)Cl)CC1,1,,CC(=O)OCC1=CC2=C(C=C1)OCO2,0,,C(I)(I)I,1,,CN1CC[C@]23[C@@H]4[C@H]1CC5=C2C(=C(C=C5)OC)O[C@H]3[C@@H](CC4)O,0,,CCOCC(COC1=CC=C(C=C1)NC(=O)CC[S+](C)C)O.CC1=CC=C(C=C1)S(=O)(=O)[O-],0,,CCCBr,0,,,,,CC1=C(C(=CC=C1)C)NC(=O)CC23CCCN2CCC3,0
CCCCCCCCCCCCCCCC[N+](C)(C)C.[Cl-],1,,CCOC(=O)N(C)C(=O)CSP(=S)(OCC)OCC,1,,COC(=O)N(C1=CC=CC=C1COC2=NN(C=C2)C3=CC=C(C=C3)Cl)OC,1,,CN1CC[C@]23[C@@H]4[C@H]1CC5=C2C(=C(C=C5)O)O[C@H]3[C@H](CC4)O,0,,CCOC(=O)N1CCC(=O)CC1,0,,C1=C(C(=C(C(=C1Cl)Cl)Cl)Cl)O,1,,,,,C1=CC=C(C=C1)CCN=C(N)N=C(N)N,0
CCCCCCCCCC(C)C=O,0,,COP(=O)(OC)O/C(=C/Cl)/C1=CC(=C(C=C1Cl)Cl)Cl,1,,CCO[C@H](CC1=CC=C(C=C1)OCCC2=CC=C(C=C2)OS(=O)(=O)C)C(=O)O,0,,CCNC(C)CC1=CC2=C(C=C1)OCO2.Cl,0,,C(C(C(C(C(F)(F)S(=O)(=O)N)(F)F)(F)F)(F)F)(C(C(C(F)(F)F)(F)F)(F)F)(F)F,1,,C1CN(/C(=N/[N+](=O)[O-])/N1)CC2=CN=C(C=C2)Cl,0,,,,,C[N+](C)(C)CC(CC(=O)[O-])O,0
CCCCCCCC/C=C\CCCCCCCCN,0,,C1=CC(=CC=C1C(C2=CC=C(C=C2)O)C(Cl)(Cl)Cl)O,1,,C1=COC(=C1)C(=O)C(=O)C2=CC=CO2,0,,CC(CC1=CC2=C(C=C1)OCO2)NC.Cl,0,,[C-]#N.[C-]#N.[K+].[Ag+],1,,CC(C)CC(=O)C(=O)C,0,,,,,CC(C)[C@@H](C(=O)OCCOCN1C=NC2=C1N=C(NC2=O)N)N,1
C=CC(CCl)Cl,0,,CO[C@H]1[C@@H](C[C@@H]2CN3CCC4=C([C@H]3C[C@@H]2[C@@H]1C(=O)OC)NC5=C4C=CC(=C5)OC)OC(=O)C6=CC(=C(C(=C6)OC)OC)OC,1,,CC(C)CC1=C(C(=NC(=C1C(=O)SC)C(F)(F)F)C(F)F)C(=O)SC,1,,CCN(CC)CCC1=CNC2=CC=CC=C21.CCN(CC)CCC1=CNC2=CC=CC=C21.C(=C/C(=O)O)\C(=O)O,0,,CC1=C(C(C(=C(N1)N)C(=O)OC2CN(C2)C(C3=CC=CC=C3)C4=CC=CC=C4)C5=CC(=CC=C5)[N+](=O)[O-])C(=O)OC(C)C,1,,CC(C)(C)C(C(N1C=NC=N1)OC2=CC=C(C=C2)Cl)O,1,,,,,CCCC1O[C@@H]2C[C@H]3[C@@H]4CCC5=CC(=O)C=C[C@@]5([C@H]4[C@H](C[C@@]3([C@@]2(O1)C(=O)CO)C)O)C,0
CC(=O)C1=CN=CC=C1,0,,CC[C@@]12CCCN3[C@@H]1C4=C(CC3)C5=CC=CC=C5N4[C@](C2)(C(=O)OC)O,1,,CC1=C(C=CC=C1C2=CC=CC=C2)COC(=O)[C@@H]3[C@@H](C3(C)C)/C=C(/C(F)(F)F)\Cl,1,,CN(C)CCC1=CNC2=CC=CC=C21.C(=C/C(=O)O)\C(=O)O,0,,C1=C(C(=C(C(=C1Cl)Cl)CC2=C(C(=CC(=C2Cl)Cl)Cl)O)O)Cl,1,,CC1=CN=C(C=C1)N,0,,,,,C1=CC2=C(C=C1Cl)NC(=O)O2,0
C1=CC(=CC=C1C(=O)O)[N+](=O)[O-],0,,CCCCCCCCCC(=O)O,0,,CC1=CC(=O)OC2=C1C=CC(=C2)O[C@H]3[C@@H]([C@H]([C@@H](CS3)O)O)O,0,,CCCN(CCC)CCC1=CNC2=CC=CC=C21.Cl,0,,C[C@]12CC[C@](C[C@H]1C3=CC(=O)[C@@H]4[C@]5(CC[C@@H](C([C@@H]5CC[C@]4([C@@]3(CC2)C)C)(C)C)O[C@@H]6[C@@H]([C@H]([C@@H]([C@H](O6)C(=O)O)O)O)O[C@H]7[C@@H]([C@H]([C@@H]([C@H](O7)C(=O)O)O)O)O)C)(C)C(=O)O,0,,CC1=CC=C(C=C1)O,0,,,,,C[C@H](CCC(=O)NCCS(=O)(=O)O)[C@H]1CC[C@@H]2[C@@]1(CC[C@H]3[C@H]2[C@@H](C[C@H]4[C@@]3(CC[C@H](C4)O)C)O)C,0
CN1C(=NN=N1)SCC2=C(N3[C@@H]([C@@](C3=O)(NC(=O)CSC[C@H](C(=O)[O-])N)OC)SC2)C(=O)O.[Na+],0,,CC(C)(C1=CC=C(C=C1)CNC(=O)C2=C(N=CC=C2)OC3=CC=C(C=C3)F)O,1,,CCCCCCCCCOC(=O)C1=CC=CC=C1C(=O)OCCCCCCCCC,1,,CN(C)CCC1=CNC2=C1C(=CC=C2)O,1,,CCC[N+]1(CCCC1)C.F[P-](F)(F)(F)(F)F,0,,CN(CCCOC1=C(C=C(C=C1)Cl)Cl)CC#C.Cl,1,,,,,CC1=C(C(=CC=C1)C)NC(=O)CN2CCN(CC2)CC(COC3=CC=CC=C3OC)O,0
CNC(=S)NN,1,,C1=NC(=C2C(=N1)N(C=N2)[C@H]3[C@@H]([C@@H]([C@H](O3)COP(=O)(O)O)O)O)N,0,,CCCCCCC1=C(C=C(C=C1)O)O,1,,CCC(=O)C(CC(C)N(C)C)(C1=CC=CC=C1)C2=CC=CC=C2.Cl,1,,C1=CC=C(C=C1)C(C2=CC=CC=C2)(C3=CC=CC=C3Cl)N4C=CN=C4,1,,C[C@@]1(C(=O)N2[C@H](C(=O)N3CCC[C@H]3[C@@]2(O1)O)CC4=CC=CC=C4)NC(=O)[C@H]5CN([C@@H]6CC7=CNC8=CC=CC(=C78)C6=C5)C.C[C@@]1(C(=O)N2[C@H](C(=O)N3CCC[C@H]3[C@@]2(O1)O)CC4=CC=CC=C4)NC(=O)[C@H]5CN([C@@H]6CC7=CNC8=CC=CC(=C78)C6=C5)C.[C@@H]([C@H](C(=O)O)O)(C(=O)O)O,1,,,,,C[C@H](CCC(=O)O)[C@H]1CC[C@@H]2[C@@]1([C@H](C[C@H]3[C@H]2[C@@H](C[C@H]4[C@@]3(CC[C@H](C4)O)C)O)O)C,0
CN(C)CCC=C1C2=CC=CC=C2CCC3=CC=CC=C31.Cl,1,,C[C@]12C3CCC([C@]1(C(=O)OC2=O)C)O3,0,,CCN1C=C[N+](=C1)C.C(=[N-])=NC#N,0,,CC(CC1=CC=CC=C1)NCCN2C=NC3=C2C(=O)N(C(=O)N3C)C.Cl,1,,CC1=CC[C@H](CC1)[C@](C)(CCC=C(C)C)O,0,,CCC(CC1=CC=CC=C1)(C(=O)C2=CC=C(C=C2)N3CCOCC3)N(C)C,1,,,,,CN(C)C(=N)N=C(N)N,1
CCC1=NN(C(=C1Cl)C(=O)NCC2=CC=C(C=C2)C(C)(C)C)C,1,,CNC1=C(C(=O)N(N=C1)C2=CC=CC(=C2)C(F)(F)F)Cl,1,,CC(C)C(=O)OC1=C(C=C(C=C1)C=O)OC,1,,CC[C@H]1C[C@@H]2C[C@@H]3[C@H]1N(C2)CCC4=C3NC5=C4C=C(C=C5)OC.Cl,1,,CCCCN(CCCC)C1=CC(=C(C=C1)C(=O)C2=CC=CC=C2C(=O)O)O,1,,C1=CC=C(C=C1)NC2=CC=C(C=C2)NC3=CC=CC=C3,1,,,,,CCC[C@]1(CC(=C(C(=O)O1)[C@H](CC)C2=CC(=CC=C2)NS(=O)(=O)C3=NC=C(C=C3)C(F)(F)F)O)CCC4=CC=CC=C4,0
CN(C)C1=CC=C(C=C1)/C=C/C2=CC=C(C=C2)[N+](=O)[O-],0,,C(CCO)CO,0,,C(C(CCl)O)Cl,0,,C1=CC(=C(C=C1C(F)(F)F)Cl)OC2=CC(=C(C=C2)[N+](=O)[O-])C(=O)[O-].[Na+],0,,C1CCC2(C1)CC(=O)NC(=O)C2,0,,C/C=C(\C)/C=C/C=C(C)C,1,,,,,C[C@@]1([C@H]2C[C@H]3[C@@H](C(=O)C(=C([C@]3(C(=O)C2=C(C4=C1C=CC=C4O)O)O)O)C(=O)N)N(C)C)O,0
CC1=C(C2=CC=CC=C2C(=C1)O)O,1,,C1=CC=C(C=C1)NC2=CC=CC3=CC=CC=C32,1,,C([C@@H]1[C@@H]([C@@H]([C@H]([C@@H](O1)O[C@@H]2[C@H](O[C@@]([C@H]2O)(CO)O)CO)O)O)O)O,0,,CC/C=C(/C1=CSC(=N1)N)\C(=O)N[C@H]2[C@@H]3N(C2=O)C(=C(CS3)COC(=O)N)C(=O)OCOC(=O)C(C)(C)C.Cl,1,,CC(C)(C1=CC=CC=C1)C2=CC(=C(C=C2)O)C(C)(C)C3=CC=CC=C3,1,,CC(C)C1=C(C=C(C=C1)C(=O)N=C(N)N)S(=O)(=O)C.CS(=O)(=O)O,0,,,,,C[C@H](CCC(=O)NCCS(=O)(=O)O)[C@H]1CC[C@@H]2[C@@]1([C@H](C[C@H]3[C@H]2[C@@H](C[C@H]4[C@@]3(CC[C@H](C4)O)C)O)O)C,0
C1(=O)[N-]C(=O)N(C(=O)N1Cl)Cl.[Na+],0,,CCOCCN1C(=NC2=CC=CC=C12)N3CCN(CCC3)C.C(=C/C(=O)O)\C(=O)O.C(=C/C(=O)O)\C(=O)O,0,,C1CCN(CC1)C2=NC(=NC3=C2N=C(N=C3N4CCCCC4)N(CCO)CCO)N(CCO)CCO,1,,CC1=C(N2[C@@H]([C@@H](C2=O)NC(=O)/C(=N/OC)/C3=CSC(=N3)N)SC1)C(=O)OCOC(=O)C(C)(C)C.Cl,1,,CC1=C(C=C(C=C1)[N+](=O)[O-])[N+](=O)[O-],0,,C1=CC=C(C=C1)OC2=CC=C(C=C2)O,1,,,,,CCC1=C(C2=CC=CC=C2O1)C(=O)C3=CC(=C(C(=C3)Br)O)Br,0
COC1=CC=C(C=C1)NC2=CC=C(C=C2)OC,0,,CC1=CC(=CC=C1)C,0,,CCCCCCCCCCCC[N+](C)(C)CCCCCCCCCCCC.[Br-],1,,CN1C(=NN=N1)SCC2=C(N3[C@@H]([C@@](C3=O)(NC(=O)CSC[C@H](C(=O)[O-])N)OC)SC2)C(=O)O.[Na+],0,,C1=CC=C(C=C1)OCC(=O)O,0,,CCCCCCCCCCCCOS(=O)(=O)[O-].[Na+],0,,,,,COC1=CC=CC2=C1NC3=C(C2=O)C=CC=C3C(=O)NC4=CC=C(C=C4)CCN5CCC6=CC(=C(C=C6C5)OC)OC,0
CS(=O)(=O)OCCCCOS(=O)(=O)C,0,,CCCCCCOC1=C(C(=C(C(=C1)C)O)C)C,1,,CC(C)N1C2=CC=CC=C2C(=C1/C=C/[C@H](C[C@H](CC(=O)[O-])O)O)C3=CC=C(C=C3)F.[Na+],1,,CO/N=C(\C1=NSC(=N1)N)/C(=O)N[C@H]2[C@@H]3N(C2=O)C(=C(CS3)C[N+]4=C5C=CC=NN5C=C4)C(=O)[O-].Cl,0,,CC(C)(C1=CC(=C(C(=C1)Br)O)Br)C2=CC(=C(C(=C2)Br)O)Br,1,,CCCC[Sn](CCCC)(CCCC)O[Sn](CCCC)(CCCC)CCCC,1,,,,,CC(=O)CC(C1=CC=CC=C1)C2=C(C3=CC=CC=C3OC2=O)O,0
CC12CC1(C(=O)N(C2=O)C3=CC(=CC(=C3)Cl)Cl)C,0,,CC1=CC=C(C=C1)S(=O)(=O)[N-]Cl.O.O.O.[Na+],0,,CC(COC(=O)C(=C)C)O,0,,CCOC(=O)[C@H](CCC1=CC=CC=C1)N[C@@H](C)C(=O)N(CC(=O)O)C2CC3=CC=CC=C3C2.Cl,1,,CC(Cl)(Cl)Cl,0,,CC1=C(C(C(=C(N1)C)C(=O)OCC(C)C)C2=CC=CC=C2[N+](=O)[O-])C(=O)OC,1,,,,,C1=NNC2=C1C(=O)NC=N2,1
C[C@]12CC[C@H]3[C@H]([C@@H]1CC[C@]2(C#C)O)CCC4=CC(=O)CC[C@H]34,0,,C1=NC=NN1,0,,C[C@]12CC[C@H]3[C@H]([C@@H]1CC[C@]2(C#C)O)CCC4=CC(=O)CC[C@H]34,1,,CCC1=CC2=C(S1)N3C(=NN=C3CN=C2C4=CC=CC=C4Cl)C,0,,C1CCN(CC1)CCOC2=CC=C(C=C2)C(=O)C3=C(SC4=C3C=CC(=C4)O)C5=CC=C(C=C5)O.Cl,1,,CC(=O)NC1=CC2=C(C=C1)C3=C(C2)C=C(C=C3)NC(=O)C,1,,,,,C[C@H]1/C=C/C=C(\C(=O)NC2=CC(=C3C(=C2O)C(=C(C4=C3C(=O)[C@](O4)(O/C=C/[C@@H]([C@H]([C@H]([C@@H]([C@@H]([C@@H]([C@H]1O)C)O)C)OC(=O)C)C)OC)C)C)O)O)/C,0
C[C@H]1[C@H]([C@H](C[C@@H](O1)O[C@H]2C[C@@](CC3=C2C(=C4C(=C3O)C(=O)C5=C(C4=O)C(=CC=C5)OC)O)(C(=O)C)O)N)O.Cl,1,,CCCCN1CCCC1C(=O)NC2=C(C=C(C=C2C)C)C,1,,CC1=CN=C(C=N1)C(=O)NCCC2=CC=C(C=C2)S(=O)(=O)NC(=O)NC3CCCCC3,1,,CC(C1=CC(=C(C=C1)C2=CC=CC=C2)F)C(=O)OC(C)OC(=O)C,0,,C1=CC=C(C=C1)C2=CC(=O)C3=CC=CC=C3O2,0,,CCCCOC(=O)CC(CC(=O)OCCCC)(C(=O)OCCCC)OC(=O)C,1,,,,,CC(C)C1=C(C(=C(C(=N1)C(C)C)COC)C2=CC=C(C=C2)F)/C=C/[C@H](C[C@H](CC(=O)O)O)O,0
CC1(C(=C)[C@@]2(C([C@]1(C(C2(Cl)Cl)(Cl)Cl)Cl)Cl)Cl)C,1,,CC1=C(C=CC(=C1)OP(=S)(OC)OC)[N+](=O)[O-],1,,C1=CC(=C(C(=C1)C(=O)O)C(=O)O)C(=O)O,0,,C[C@H](CCC=C(C)C)[C@H]1CC[C@@]2([C@@]1(CC[C@]34[C@H]2CC[C@@H]5[C@]3(C4)CC[C@@H](C5(C)C)OC(=O)/C=C/C6=CC(=C(C=C6)O)OC)C)C,0,,C[C@]12CCC(=O)C=C1CC[C@@H]3[C@@H]2[C@H](C[C@]4([C@H]3CC[C@@]4(C(=O)CO)O)C)O,0,,CC(C1=C(C(=CC(=C1)C(C)(C)C)C(C)(C)C)O)C2=C(C(=CC(=C2)C(C)(C)C)C(C)(C)C)O,0,,,,,CCOC(=O)C1=C(NC(=C(C1C2=C(C(=CC=C2)Cl)Cl)C(=O)OC)C)C,0
C/C(=C\C1=CC=CC=C1)/[N+](=O)[O-],1,,CC(O)(P(=O)(O)O)P(=O)(O)O,0,,CC1=C(C=C(C=C1)C(C)C)O,1,,CCCC(=O)O[C@@]1(CC[C@@H]2[C@@]1(C[C@@H]([C@H]3[C@H]2CCC4=CC(=O)CC[C@]34C)O)C)C(=O)COC(=O)CC,0,,CCCCCCOC1=C(C(=C(C(=C1)C)O)C)C,0,,CCN(CC)CCOC(=O)C1(CCCC1)C2=CC=CC=C2.CCN(CC)CCOC(=O)C1(CCCC1)C2=CC=CC=C2.C(CS(=O)(=O)O)S(=O)(=O)O,1,,,,,CC1=C(C(C(=C(N1)C)C(=O)OCCN(C)CC2=CC=CC=C2)C3=CC(=CC=C3)[N+](=O)[O-])C(=O)OC,0
CCCCCCCC[N+](C)(CCCCCCCC)CCCCCCCC.C(F)(F)(F)S(=O)(=O)[O-],1,,CCOC(=O)O[C@@]1(CC[C@@H]2[C@@]1(C[C@@H]([C@H]3[C@H]2CCC4=CC(=O)C=C[C@]34C)O)C)C(=O)OCCl,0,,COCCOCC(OC)OC,0,,C1=CC=C(C(=C1)C(=O)[O-])NC2=C(C=CC(=C2)Cl)C(=O)[O-].[Na+].[Na+],0,,CCCCCCCCCCCC[N+](C)(C)CCOC1=CC=CC=C1.[Br-],1,,CCCCCCCCCCCCCC[P+](CCCCCC)(CCCCCC)CCCCCC.F[P-](F)(F)(F)(F)F,1,,,,,CCCC1=NN(C2=C1N=C(NC2=O)C3=C(C=CC(=C3)S(=O)(=O)N4CCN(CC4)C)OCC)C,0
CCCN[C@H]1CCC2=C(C1)SC(=N2)N,0,,CCN(CC)C(=O)C(C)OC1=CC=CC2=CC=CC=C21,1,,CC1=NC(=NC(=N1)OC)NC(=O)NS(=O)(=O)C2=C(SC=C2)C(=O)OC,0,,C(C(COP(=O)([O-])[O-])O)O.[K+].[K+],0,,CC(=C)C(=O)OCC1CCCO1,0,,CC(C)(C)C1=C(C=CC(=C1)O)O,1,,,,,CC(C)C1=C(C(=C(N1CC[C@H](C[C@H](CC(=O)O)O)O)C2=CC=C(C=C2)F)C3=CC=CC=C3)C(=O)NC4=CC=CC=C4,0
C1=CC(=C(N=C1)C(=O)O)C(=O)O,0,,C1=CC=C2C(=C1)C3=CC=CC4=C3C5=C(C=CC=C25)C=C4,1,,C[C@H]1[C@H]([C@H](C[C@@H](O1)O[C@H]2C[C@@](CC3=C2C(=C4C(=C3O)C(=O)C5=C(C4=O)C(=CC=C5)OC)O)(C(=O)CO)O)N)O[C@@H]6CCCCO6,1,,CC1([C@@H](N2[C@H](S1)[C@@H](C2=O)NC(=O)C(C3=CC=CC=C3)S(=O)(=O)[O-])C(=O)[O-])C.[Na+].[Na+],0,,CC1=CCC(CC1)C(C)(C)O,0,,CCCC1=CC(=C(C=C1)OCC(=O)N2CCN(CC2)C(=O)COC3=C(C=C(C=C3)CCC)OC)OC,1,,,,,CC(C)C1=NC(=NC(=C1/C=C/[C@H](C[C@H](CC(=O)O)O)O)C2=CC=C(C=C2)F)N(C)S(=O)(=O)C,0
CCCCCCCCCCCCOC(=O)C1=CC=C(C=C1)O,1,,CCC12COCN1COC2,0,,C(CS(=O)(=O)O)N,1,,CC1=C(C(=C(C2=C1O[C@](CC2)(C)CCC[C@H](C)CCC[C@H](C)CCCC(C)C)C)OC(=O)CCC(=O)OCCO)C,1,,CC1(CN=C(NC1)NN=C(/C=C/C2=CC=C(C=C2)C(F)(F)F)/C=C/C3=CC=C(C=C3)C(F)(F)F)C,1,,CCCCCCCCCCCCCC[P+](CCCC)(CCCC)CCCC.CCCCCCCCCCCCC1=CC=CC=C1S(=O)(=O)[O-],1,,,,,COC1=C(C(=NC=C1)CS(=O)C2=NC3=C(N2)C=C(C=C3)OC(F)F)OC,0
CCNC(C)CC1=CC2=C(C=C1)OCO2.Cl,0,,C1C(O1)COCCCCOCC2CO2,0,,C1COC(O1)CO/N=C(/C2=CC=C(C=C2)Cl)\C(F)(F)F,1,,CCOC(=O)[C@H](CCC1=CC=CC=C1)N[C@H]2CCCN3CCC[C@H](N3C2=O)C(=O)O,0,,C1=CC2=C(C=CC(=C2)SSC3=CC4=C(C=C3)C=C(C=C4)O)C=C1O,1,,C1CN(CCN1CCO)CCO,0,,,,,CC1=CN=C(C(=C1OC)C)CS(=O)C2=NC3=C(N2)C=C(C=C3)OC,0
C1CC(C1)(C2=CC=C(C=C2)C3=C(C=C4C(=N3)C=CN5C4=NNC5=O)C6=CC=CC=C6)N,1,,CC1=C2C(=CC=C1)SC(=N2)N,1,,CC(C)CCCC(C)CCCC(C)CCCCC(C)CCCC(C)CCCC(C)C,0,,C[C@@H]1CN(CCN1[C@H](COC)C2=CC=C(C=C2)C(F)(F)F)C3(CCN(CC3)C(=O)C4=C(N=CN=C4C)C)C.C(=C\C(=O)O)\C(=O)O,1,,CC(=O)OC1=CC=CC=C1C(=O)NC2=NC=C(S2)[N+](=O)[O-],1,,CC(=CC1C(C1(C)C)C(=O)OCC2=COC(=C2)CC3=CC=CC=C3)C,1,,,,,CN1CCC[C@@H]1CC2=CNC3=C2C=C(C=C3)CCS(=O)(=O)C4=CC=CC=C4,1
C1=C(C(=CC(=C1Cl)Cl)Cl)Cl,0,,C1CC2C3CC(C2C1CO)CC3CO,0,,C1=CC=C(C=C1)N=NC2=C(N=C(C=C2)N)N.Cl,1,,CCCCCCCC[N+](C)(C)CCCCCCCC.[Cl-],1,,C1=CC(=CC=C1COC(CN2C=CN=C2)C3=C(C=C(C=C3)Cl)Cl)Cl.[N+](=O)(O)[O-],1,,CC1=CC=CC=C1OP(=O)(OC2=CC=CC=C2C)OC3=CC=CC=C3C,1,,,,,CC1=NC2=C(N1)C(=O)N(C(=O)N2CC3=CC=CO3)C,0
C[C@@H]1CN(C[C@@H](N1)C)CCCN2C3=CC=CC=C3C4=CC=CC=C42.Cl.Cl,1,,COC1=CC(=C(C=C1)C(=O)C2=CC=CC=C2)O,1,,CC1=CC(=C(C=C1)O)[N+](=O)[O-],0,,CCC(=O)[O-].[Na+],0,,CC1=CC2=C3C(=C1)C(=N[C@H](C(=O)N3CC2)NC(=O)C4=CC=NC=C4)C5=CC=CC=C5,0,,C(C(C(C(C(F)(F)S(=O)(=O)N)(F)F)(F)F)(F)F)(C(C(C(F)(F)F)(F)F)(F)F)(F)F,0,,,,,C[C@H](CCC(=O)NCC(=O)O)[C@H]1CC[C@@H]2[C@@]1([C@H](C[C@H]3[C@H]2CC[C@H]4[C@@]3(CC[C@H](C4)O)C)O)C,0
C([C@H]([C@@H]([C@H]([C@H](CO)O)O)O)O)O,0,,CC(C)CCCC(C)(C)O,0,,CN1CCC(C(C1)C(=O)C2=CC=C(C=C2)F)(C3=CC=C(C=C3)F)O,0,,C1=CC(=CC=C1C(=N)N)OCCCOC2=CC=C(C=C2)C(=N)N,0,,CN(C)CCOC(=O)COC1=CC=C(C=C1)Cl.Cl,0,,CC(C)CC1=CC=C(C=C1)C(C)C(=O)O,0,,,,,C[C@H](CCC(=O)NCC(=O)O)[C@H]1CC[C@@H]2[C@@]1([C@H](C[C@H]3[C@H]2[C@@H](C[C@H]4[C@@]3(CC[C@H](C4)O)C)O)O)C,1
CCCCCCCCCCCCCCCC[N+](C)(C)CC1=CC=CC=C1.[Cl-],1,,CCOC1=CC(=C(C=C1C(=O)C)OCC)OCC,1,,C([C@@H]1[C@H]([C@@H]([C@H]([C@H](O1)O[C@@H]2[C@@H]([C@H]([C@@H]([C@H](O2)CO)O)O)O)O)O)O)O.O.O,0,,COP(=S)(OC)OC1=CC=C(C=C1)S(=O)(=O)N,0,,CC1=CC2=C(C=C1C(=C)C3=CC=C(C=C3)C(=O)O)C(CCC2(C)C)(C)C,1,,CC(=O)NCCC1=CC=CC2=C1C=C(C=C2)OC,0,,,,,C[C@H](CCC(=O)NCC(=O)O)[C@H]1CC[C@@H]2[C@@]1(CC[C@H]3[C@H]2[C@@H](C[C@H]4[C@@]3(CC[C@H](C4)O)C)O)C,0
CCCCC(CC)COC(=O)CC(C(=O)OCC(CC)CCCC)S(=O)(=O)[O-].[Na+],1,,C1=CC=C2C=C3C=C(C=CC3=CC2=C1)Cl,1,,CCCCCCCCCCCC[N+](C)(C)C.[Cl-],0,,CC1([C@@H](N2[C@H](S1)[C@@H](C2=O)NC(=O)C(C3=CC=CC=C3)C(=O)OC4=CC5=C(CCC5)C=C4)C(=O)O)C,0,,CCOC1=CC=C(C=C1)NC(=O)CC(=O)C,0,,C1=CC=C(C=C1)NNC2=CC=CC=C2,1,,,,,C[C@H](CCC(=O)NCCS(=O)(=O)O)[C@H]1CC[C@@H]2[C@@]1([C@H](C[C@H]3[C@H]2CC[C@H]4[C@@]3(CC[C@H](C4)O)C)O)C,0
[CH-]1C=CC=C1.[CH-]1C=CC=C1.Cl[V]Cl,1,,C1=CC(=C(C=C1Cl)[N+](=O)[O-])Cl,0,,C1=CN=CC=C1C#N,0,,CCC(=O)O[C@H]1CC[C@@H]2[C@@]1(CC[C@H]3[C@H]2CCC4=C3C=CC(=C4)OC(=O)CC)C,0,,CCC(=O)O[C@@H]1C[C@H]2[C@@H]3CCC4=C([C@H]3CC[C@@]2([C@H]1OC(=O)CC)C)C=CC(=C4)OC(=O)CC,0,,C1CCCCCCCC(=O)OCCCCCCC1,0,,,,,C[C@H](CCC(=O)NCCS(=O)(=O)O)[C@H]1CC[C@@H]2[C@@]1(CC[C@H]3[C@H]2CC[C@H]4[C@@]3(CC[C@H](C4)O)C)C,0
C1=CC=C(C=C1)[As]=O,1,,CC(=O)NCCC1=CNC2=C1C=C(C=C2)OC,0,,CC(C)(C1=CC=CC=C1)OOC(C)(C)C2=CC=CC=C2,1,,CC1=C2CC[C@@H](C(=O)N2C3=CC=CC=C13)CC4=C(NC=N4)C,1,,CC1([C@@H]([C@@H]1C(=O)O[C@@H](C#N)C2=CC(=CC=C2)OC3=CC=CC=C3)C=C(Cl)Cl)C,0,,CN1C(=O)CN=C(C2=C1C=CC(=C2)Cl)C3=CC=CC=C3,1,,,,,C[C@H](CS)C(=O)N1CCC[C@H]1C(=O)O,0
CCCCCCCCCCCCCCCC[N+](C)(C)C.[Br-],1,,CC(C)CCOC(=O)C1=CC=C(C=C1)N(C)C,1,,CC(C)NC1=NC(=NC(=N1)Cl)NC(C)C,0,,CC1CC(=O)NN=C1C2=CC=C(C=C2)NCC(C)(C)NCC(COC3=C(C=CC(=C3)Cl)C#N)O,1,,C1CCC(C1)(C2=CC3=C(C=C2)[C@@H]([C@H](CO3)CC4=CC=C(C=C4)C5=CC=CC=C5)O)C(=O)O,1,,C1=CC(=CC=C1CSC(CN2C=CN=C2)C3=C(C=C(C=C3)Cl)Cl)Cl.[N+](=O)(O)[O-],1,,,,,C1=CC=C(C=C1)C2=CC(=O)C3=C(C(=C(C=C3O2)O[C@H]4[C@@H]([C@H]([C@@H]([C@H](O4)C(=O)O)O)O)O)O)O,0
C1[C@H]([C@@H]2[C@H](O1)[C@H](CO2)O)O,0,,CCOC(=O)N1CCC(=C2C3=C(CCC4=C2N=CC=C4)C=C(C=C3)Cl)CC1,1,,C1=C(C(=CC(=C1Cl)[N+](=O)[O-])O)N,1,,CC1=CC(=CC2=C1O[C@](CC2)(C)CCC[C@H](C)CCC[C@H](C)CCCC(C)C)O,0,,C1=CC(=C(C=C1Cl)CC2=C(C=CC(=C2)Cl)O)O,1,,CC1=C(C=C(C=C1)C(C)C)O,0,,,,,C[C@@H]1[C@H]([C@@H]([C@H]([C@H](O1)O[C@@H]2[C@H](O[C@@H]([C@@H]([C@H]2O)O)O[C@@H]3[C@H](O[C@H]([C@@H]([C@H]3O)O)O)CO)CO)O)O)N[C@H]4C=C([C@H]([C@@H]([C@H]4O)O)O)CO,1
C1C2=C(C(=CC=C2)O)C(=O)C3=C1C=CC=C3O,0,,CCOC1=C(C=CC(=C1)C(C)(C)C)C2COC(=N2)C3=C(C=CC=C3F)F,1,,CC(CN(C)C)C(C)(CC1=CC=C(C=C1)Cl)O.Cl,0,,CC(=O)OC,0,,CC(C)COCNC(=O)C=C,0,,CC(C)CCO,0,,,,,CC(C)C[C@H]1C2=C(C[C@@H]3N1C(=O)[C@@H](NC3=O)CCC(=O)OC(C)(C)C)C4=C(N2)C=C(C=C4)OC,0
C1COC(O1)CO/N=C(/C2=CC=C(C=C2)Cl)\C(F)(F)F,0,,CC1=CC=C(C=C1)N(C)C,1,,C/C=C/1\[C@@H]2CC3=C([C@]1(CC(=C2)C)N)C=CC(=O)N3,0,,CCOC(=O)C1=C2CN(C(=O)C3=C(N2C=N1)C=CC=C3I)C,0,,C1CCN2C(C1)NC(=O)C23CCN(CC3)CCCN4C5=CC=CC=C5CCC6=C4C=C(C=C6)Cl,1,,C1=CC(=C(C=C1Cl)Cl)OCC(=O)O,0,,,,,C1=CC(=C(C=C1C2(C3=C(C(=C(C(=C3Br)Br)Br)Br)C(=O)O2)C4=CC(=C(C=C4)O)S(=O)(=O)[O-])S(=O)(=O)[O-])O.[Na+].[Na+],0
C1CN(CCC1(C2=CC(=C(C=C2)Cl)C(F)(F)F)O)CCCC(C3=CC=C(C=C3)F)C4=CC=C(C=C4)F,1,,CN(C)CC/C=C/1\C2=CC=CC=C2SC3=C1C=C(C=C3)Cl,0,,CCN[C@H]1CN(S(=O)(=O)C2=C1C=C(S2)S(=O)(=O)N)CCCOC,0,,C1CCNC2=C(C1)C=CC(=C2)C(=O)CCC3CCN(CC3)CC4=CC=CC=C4.C(=C/C(=O)O)\C(=O)O,0,,C(C(C(=O)O)O)(C(=O)O)O,0,,CCOC(=O)NC(=S)NC1=CC=CC=C1NC(=S)NC(=O)OCC,1,,,,,CC1=CC(=C(C=C1)N(CC(=O)O)CC(=O)O)OCCOC2=C(C=CC(=C2)C3=C4C=C(C(=O)C=C4OC5=CC(=C(C=C53)Cl)O)Cl)N(CC(=O)O)CC(=O)O,0
CCCC1=CC=C(C=C1)N,0,,CC(=O)[C@H]1CC[C@@H]2[C@@]1(CC[C@H]3[C@H]2CCC4=CC(=O)CC[C@]34C)C,1,,C[C@@H](CCC=C(C)C)CC=O,0,,CCCCNC1=CC=C(C=C1)C(=O)OCC[NH+](CC)CC.[Cl-],0,,C1=CC=C(C(=C1)C(=O)O)S,0,,CC1CC(CC(C1)(C)C)OC(=O)C2=CC=CC=C2O,1,,,,,C[C@H]1C(=O)N[C@H]2C3=C(NC4=CC=CC=C43)SC[C@H](C(=O)N5C[C@H](C[C@H]5C(=O)N1)O)NC(=O)[C@@H](NC(=O)[C@@H](NC(=O)[C@@H](NC2=O)C[C@](C)(CO)O)C)[C@@H](C)O,0
C[N+]1(CCOCC1)[O-],0,,C1=CC(=CC=C1N)OC2=CC=C(C=C2)Cl,1,,CCN1/C(=C/C=C/C2=[N+](C3=CC=CC=C3C=C2)CC)/C=CC4=CC=CC=C41.[I-],1,,C1[C@H](S/C(=C(\C#N)/N2C=CN=C2)/S1)C3=C(C=C(C=C3)Cl)Cl,1,,C=O,0,,C1=CC(=CC=C1C2=CC=C(C=C2)N)N,1,,,,,C1=C(C=C(C(=C1I)OC2=CC(=C(C(=C2)I)O)I)I)C[C@@H](C(=O)O)N,0
CCOC(=O)NC1=C(N=C(C=C1)NCC2=CC=C(C=C2)F)N.C(=C\C(=O)O)\C(=O)O,0,,CCOC1=CC(=C(C=C1N2CCOCC2)OCC)[N+](=O)[O-],1,,C1=CC(=CC(=C1)C(F)(F)F)/C(=N\NC(=O)NC2=CC=C(C=C2)OC(F)(F)F)/CC3=CC=C(C=C3)C#N,1,,C1=CC=C(C=C1)OC(=O)CCCCCCCCC#CI,1,,C/C=C/C1=CC(=C(C=C1)O)OC,0,,CCCCCCCC/C=C\CCCCCCCCOCCO,1,,,,,CCN(CC)CC1=C(C=CC(=C1)NC2=C3C=CC(=CC3=NC=C2)Cl)O.Cl,0
CCCC[Sn](CCCC)(CCCC)Cl,1,,CC(C)(C)C1=CC=C(C=C1)OCC2CO2,1,,CC(C)(C)C(=O)C(N1C=CN=C1)OC2=CC=C(C=C2)Cl,1,,C[N+]1(CCCCC1)CC2COC(O2)(C3=CC=CC=C3)C4=CC=CC=C4.[I-],0,,C1=CSC(=C1)SSC2=CC=CS2,0,,C(=O)(C(C(C(C(C(C(C(F)(F)F)(F)F)(F)F)(F)F)(F)F)(F)F)(F)F)[O-].[NH4+],0,,,,,CC1=C(N2[C@@H]([C@@H](C2=O)NC(=O)[C@@H](C3=CC=C(C=C3)O)N)SC1)C(=O)O,1
C1=CC=C2C(=C1)C(=O)NN=N2,0,,C1CCC(CC1)OC(=O)C2=CC=CC=C2C(=O)OC3CCCCC3,1,,CC/C(=N\OC/C=C/Cl)/C1=C(CC(CC1=O)C2CCOCC2)O,1,,C1=C(C(=C(C(=C1I)NC(=O)COCCOCCOCC(=O)NC2=C(C=C(C(=C2I)C(=O)O)I)I)I)C(=O)O)I,0,,CCC(C)NC1=CC=C(C=C1)NC(C)CC,1,,C1CCC(C(C1)C2=CC=CC=C2)O,0,,,,,C[C@]12CC[C@H]3[C@H]([C@@H]1CCC2=O)CCC4=C3C=CC(=C4)OS(=O)(=O)O,0
CCCCCCCCCCCCCC[P+](CCCCCC)(CCCCCC)CCCCCC.C(F)(F)(F)S(=O)(=O)[N-]S(=O)(=O)C(F)(F)F,1,,CC(=CCC/C(=C\CO)/C)C,0,,CCSCC,0,,CC/C=C(/C1=CSC(=N1)N)\C(=O)N[C@H]2[C@@H]3N(C2=O)C(=C(CS3)COC(=O)N)C(=O)OCOC(=O)C(C)(C)C.Cl,1,,C1=CC(=CC=C1C2=CC=C(C=C2)F)N,0,,C1=NC(=C2C(=N1)N(C=N2)[C@H]3[C@@H]([C@@H]([C@H](O3)CO)O)O)N,0,,,,,CC1=C(C(C(=C(N1)C)C(=O)OC(C)C)C2=CC=CC3=NON=C32)C(=O)OC,0
CC1=CC(=NO1)NS(=O)(=O)C2=CC=C(C=C2)N,0,,CC1=C(C(=CC=C1)C)N(C(C)C(=O)OC)C(=O)CC2=CC=CC=C2,1,,CC1(CC2=C(O1)C(=CC=C2)N)C,1,,C1=CC(=CC(=C1)C2=C(C=CC(=C2)CCCCCCC3=CC(=C(C=C3)O[C@@H]4[C@H]([C@H]([C@@H]([C@H](O4)CO)O)O)O)C5=CC=CC(=C5)CC(=O)O)O[C@@H]6[C@H]([C@H]([C@@H]([C@H](O6)CO)O)O)O)CC(=O)O,0,,C1C(O1)COC2=CC=C(C=C2)C(C3=CC=C(C=C3)OCC4CO4)C5=CC=C(C=C5)OCC6CO6,1,,C1=CC=C2C(=C1)C=CC=C2CC(=O)O,0,,,,,CC[C@@H]1[C@@]([C@@H]([C@H](C(=O)[C@@H](C[C@@]([C@@H]([C@H]([C@@H]([C@H](C(=O)O1)C)O[C@H]2C[C@@]([C@H]([C@@H](O2)C)O)(C)OC)C)O[C@H]3[C@@H]([C@H](C[C@H](O3)C)N(C)C)O)(C)OC)C)C)O)(C)O,1
CN1C(=O)CN=C(C2=C1C=CC(=C2)Cl)C3=CC=CC=C3,0,,C1=CC(=C(C=C1N)N)Cl,1,,CCC(CC1=C(C(=C(C=C1I)I)N)I)C(=O)O,1,,C1CN2C(=O)[C@H](N=C(C3=CC=CC1=C32)C4=CC=CC=C4F)NC(=O)C5=CC6=CC=CC=C6N5,0,,C1=CC(=C(C=C1OC2=C(C=C(C=C2I)CC(=O)O)I)I)O,1,,C1=CC(=C(C=C1Cl)Cl)C(=O)O,0,,,,,C[C@@H]1[C@H]([C@H](C[C@@H](O1)O[C@@H]2[C@H](O[C@H](C[C@@H]2O)O[C@@H]3[C@H](O[C@H](C[C@@H]3O)O[C@H]4CC[C@]5([C@@H](C4)CC[C@@H]6[C@@H]5C[C@H]([C@]7([C@@]6(CC[C@@H]7C8=CC(=O)OC8)O)C)O)C)C)C)O)O,0
CC(C)C1CCC(CC1)C(=O)N[C@H](CC2=CC=CC=C2)C(=O)O,0,,CCCCCCCCOC1=CC(=C(C=C1)C(=O)C2=CC=CC=C2)O,0,,CC(=O)[C@H]1CC[C@@H]2[C@@]1(CC[C@H]3[C@H]2CCC4=CC(=O)CC[C@]34C)C,1,,C1CN2C(=O)[C@@H](N=C(C3=CC=CC1=C32)C4=CC=CC=C4F)NC(=O)C5=CC6=CC=CC=C6N5,0,,CCCC(=O)OC[C@H]([C@H]([C@H](CN1C2=C(C=C(C(=C2)C)C)N=C3C1=NC(=O)NC3=O)OC(=O)CCC)OC(=O)CCC)OC(=O)CCC,0,,C1=CC(=CC=C1O)Cl,0,,,,,C1[C@@H]2CNC[C@H]1C3=CC4=NC=CN=C4C=C23,0
CC(C)(C(=O)O)OC1=CC=C(C=C1)C2CC2(Cl)Cl,0,,CC(C)NCC(C1=CC2=CC=CC=C2C=C1)O,0,,C1CCC(CC1)[NH3+].[Cl-],0,,CCC1=CC(=C2C1=CC=CC(=C2)C(C)C)S(=O)(=O)[O-].[Na+],0,,CCCCCCCCCCCCCCCC[N+]1=CC=CC=C1.[Cl-],1,,C1=C(C(=C(C(=C1I)NC(=O)CCCCC(=O)NC2=C(C=C(C(=C2I)C(=O)O)I)I)I)C(=O)O)I,0,,,,,C/C=C/C[C@@H](C)C(=O)[C@H]1C(=O)N[C@H](C(=O)N(CC(=O)N([C@H](C(=O)N[C@H](C(=O)N([C@H](C(=O)N[C@H](C(=O)N[C@@H](C(=O)N([C@H](C(=O)N([C@H](C(=O)N([C@H](C(=O)N1C)C(C)C)C)CC(C)C)C)CC(C)C)C)C)C)CC(C)C)C)C(C)C)CC(C)C)C)C)C(C)C,0
O=P(Cl)(Cl)Cl,0,,C1=CC(=CC=C1C2=C(C(=O)C3=C(C=C(C=C3O2)O)O)O)O,1,,C(/C(=C\C(=O)O)/C(=O)O)C(=O)O,0,,C1=CC=C(C=C1)C(=O)SCC(=O)NCC(=O)NCC(=O)NCC(=O)O,0,,C1=CC(=CC=C1CSC(CN2C=CN=C2)C3=C(C=C(C=C3)Cl)Cl)Cl.[N+](=O)(O)[O-],1,,CC1=C(C(=O)C[C@@H]1OC(=O)[C@@H]2[C@H](C2(C)C)C=C(C)C)CC=C,1,,,,,CC[C@H](C)[C@@H]1[C@H](CC[C@@]2(O1)C[C@@H]3C[C@H](O2)C/C=C(/[C@H]([C@H](/C=C/C=C/4\CO[C@H]5[C@@]4([C@@H](C=C([C@H]5O)C)C(=O)O3)O)C)O[C@H]6C[C@@H]([C@H]([C@@H](O6)C)O[C@H]7C[C@@H]([C@H]([C@@H](O7)C)O)OC)OC)\C)C.C[C@H]1CC[C@]2(C[C@@H]3C[C@H](O2)C/C=C(/[C@H]([C@H](/C=C/C=C/4\CO[C@H]5[C@@]4([C@@H](C=C([C@H]5O)C)C(=O)O3)O)C)O[C@H]6C[C@@H]([C@H]([C@@H](O6)C)O[C@H]7C[C@@H]([C@H]([C@@H](O7)C)O)OC)OC)\C)O[C@@H]1C(C)C,0
CCC(C)(C(=O)CCl)NC(=O)C1=CC(=C(C(=C1)Cl)C)Cl,1,,CCOC(C1=CC=CC=C1)(C2=CC=CC=C2)C(=O)OCCN(C)C,1,,C1=CC=C(C(=C1)C(C2=CC=C(C=C2)Cl)(C3=CN=CN=C3)O)Cl,1,,CCC(C1=CC=CC=C1)C(=O)NC(=O)NC(=O)C,0,,C1=CC(=CC=C1CC2=CC=C(C=C2)N3C(=O)C=CC3=O)N4C(=O)C=CC4=O,1,,CC1(C2CCC(O1)(CC2)C)C,0,,,,,CCCC1=NC(=C(N1CC2=CC=C(C=C2)C3=CC=CC=C3C4=NNN=N4)C(=O)OCC5=C(OC(=O)O5)C)C(C)(C)O,1
COC1=C(C=C(C(=C1)O)C(=O)C2=CC=CC=C2)S(=O)(=O)O,0,,C1[C@@H]([C@H](O[C@H]1N2C=C(C(=O)NC2=O)Br)CO)O,1,,CCOC(=O)C1=C(NC(=C(C1C2=CC(=CC=C2)[N+](=O)[O-])C(=O)OC)C)C,1,,CCN1CCN(CC1)C2=NC3=C(CCCCCC3)C(=C2)C4=CC=C(C=C4)F,1,,C(CC#N)C#N,0,,CC(Cl)Cl,0,,,,,C1CNC[C@H]([C@@H]1C2=CC=C(C=C2)F)COC3=CC4=C(C=C3)OCO4,0
CC(=O)CCC(=O)O,0,,C1=CC=C(C=C1)SCCSC2=CC=CC=C2,1,,CC(C)(C)C(=O)C1=CC=CC=C1,0,,CC(=O)NC1=NC(=O)N(C=C1)C2COC(O2)COC(=O)C3=CC=CC=C3,0,,C1(=C(SSC1=O)Cl)Cl,1,,CNC(=S)NC,0,,,,,CC1=C(C=CC=C1O)C(=O)N[C@@H](CSC2=CC=CC=C2)[C@@H](CN3C[C@H]4CCCC[C@H]4C[C@H]3C(=O)NC(C)(C)C)O,0
CN(C)C1=CC2=C(C=C1)N=C3C=CC(=[N+](C)C)C=C3S2.O.O.O.[Cl-],1,,CN\1CC(=O)N/C1=N/C(=O)NC2=CC(=CC=C2)Cl,1,,C1=CC2=C3C(=C1)C=CC4=C(C=CC(=C43)C=C2)[N+](=O)[O-],0,,CCOC(=O)OCC/C(=C(\C)/N(CC1=CN=C(N=C1N)C)C=O)/SC(=O)OCC.Cl,1,,CC1=C(ON=C1C)NS(=O)(=O)C2=CC=C(C=C2)N,0,,CC(C)OC1=CC=CC(=C1)NC(=O)C2=CC=CC=C2C(F)(F)F,1,,,,,COC1=C(C2=C[N+]3=C(C=C2C=C1)C4=CC5=C(C=C4CC3)OCO5)OC,0
COC1=CC=CC=C1N2CCN(CC2)CC(COC3=CC=CC4=CC=CC=C43)O,1,,C1=CC2=C(C=C1O)OC3=C2C(=O)OC4=C3C=CC(=C4)O,1,,CCCCCCCCCCCCCC[N+](C)(C)CC1=CC=CC=C1.[Cl-],1,,CCOC(=O)NC(C)(C)CC1=CC=C(C=C1)Cl,0,,C1CC2C(C1)C3CC2CC3(C4=CC=C(C=C4)O)C5=CC=C(C=C5)O,1,,C1=CC(=CC(=C1)Cl)C2=CC(=CC(=C2)Cl)Cl,1,,,,,C[C@@H]1OC[C@@H]2[C@@H](O1)[C@@H]([C@H]([C@@H](O2)O[C@H]3[C@H]4COC(=O)[C@@H]4[C@@H](C5=CC6=C(C=C35)OCO6)C7=CC(=C(C(=C7)OC)O)OC)O)O,1
C1C(CC(=O)NC1=O)C2=CC=C(C=C2)Cl,0,,C1CCOC2(C1)CCCCO2,0,,CCCCCCCCC/C=C/CC1CC(=O)OC1=O,1,,CC(C1=CC=C(C=C1)/C=C/2\CCCCC2=O)C(=O)O,0,,C1=CC(=C(C=C1[N+](=O)[O-])[N+](=O)[O-])SC#N,1,,CC1=CC(=C(C=C1)C(C)C)OC,0,,,,,CC[C@H](C)C(=O)O[C@H]1C[C@@H](C=C2[C@H]1[C@H]([C@H](C=C2)C)CC[C@H](C[C@H](CC(=O)O)O)O)O,0
C=CCNCC=C,0,,CC1=NC(=NC=C1)NS(=O)(=O)C2=CC=C(C=C2)N,0,,C1=CC(=CC=C1OCC(=O)O)Cl,0,,CC[N+](CC)(CC)CCOC(=O)C(C1CCCC1)C2CCCC2.[Br-],1,,CNC(=O)NC,0,,CCN1C=C(C(=O)C2=CC(=C(N=C21)N3CCNCC3)F)C(=O)O,0,,,,,C1CC1C#C[C@]2(C3=C(C=CC(=C3)Cl)NC(=O)O2)C(F)(F)F,0
C1=C(C(=NC(=O)N1[C@H]2[C@H]([C@@H]([C@H](O2)CO)O)F)N)I,0,,C1=CC=C(C=C1)C(=O)C2=CC=C(C=C2)O,1,,C1CCC(CC1)NSC2=NC3=CC=CC=C3S2,1,,CCOC(=O)C1=CC=C(C=C1)OCCN2C[C@@H]([C@H]([C@@H]([C@H]2CO)O)O)O,0,,C1=CC(=CC(=C1)Cl)NN=C(C#N)C#N,1,,C1=CC=C2C3=C4C(=CC=C3)C5=CC=CC=C5C4=CC2=C1,1,,,,,CN(CCOC1=CC=C(C=C1)CC2C(=O)NC(=O)S2)C3=CC=CC=N3,0
CCCCCCCCCCCCCC[P+](CCCCCC)(CCCCCC)CCCCCC.F[P-](F)(F)(F)(F)F,1,,CC1N2C3=CC(=C(C=C3C(=O)C(=C2S1)C(=O)O)F)N4CCN(CC4)CC5=C(OC(=O)O5)C,0,,C=CC1=CC=NC=C1,0,,CCN1C(C2=CC=CC=C2C1=O)NC3=CC=C(C=C3)OCCN4CCCCC4,0,,C[C@]12CC[C@H]3[C@H]([C@@H]1CC[C@@H]2O)CCC4=CC(=O)CC[C@]34C,0,,C1=C(C=C(C(=C1I)OC2=CC(=C(C(=C2)I)O)I)I)C[C@@H](C(=O)O)N,0,,,,,CC1(C(=[N+](C2=C1C3=CC=CC=C3C=C2)CCCCS(=O)(=O)O)/C=C\C=C\C=C\C=C/4\C(C5=C(N4CCCCS(=O)(=O)[O-])C=CC6=CC=CC=C65)(C)C)C,0
C1=C(OC(=C1)[N+](=O)[O-])C2=NNC(=O)O2,0,,CC1=CC(=C(C=C1)[N+](=O)[O-])[N+](=O)[O-],1,,CN(C)C(=O)COC(=O)CC1=CC=C(C=C1)OC(=O)C2=CC=C(C=C2)N=C(N)N.CS(=O)(=O)O,0,,CC1=CC=C(C=C1)/C=N/N2C(=CSC2=S)C3=CC=CC=C3,1,,COC(=O)CC(=O)OC,0,,C1=CC=C(C=C1)/C=C/COC(=O)C2=CC=CC=C2N,1,,,,,CC#C[C@@]1(CC[C@@H]2[C@@]1(C[C@@H](C3=C4CCC(=O)C=C4CC[C@@H]23)C5=CC=C(C=C5)N(C)C)C)O,0
CC(CN1C2=CC=CC=C2SC3=CC=CC=C31)N(C)C.Cl,1,,CCC1=CC2=C(C=C1)C(=O)C3=CC=CC=C3C2=O,1,,CCCCCCCCCCCCCCCCCCOCC(CO)O,0,,CN1[C@@H]2CC[C@H]1CC(C2)NC(=O)N3C4=CC=CC=C4NC3=O,0,,C1=CC(=CC=C1NC(=O)C2=C(C(=CC(=C2)Br)Br)O)Br,1,,C(CNC(=S)[S-])NC(=S)[S-].[Mn+2],1,,,,,C[N+]1=C2C(=C3C=CC(=C(C3=C1)OC)OC)C=CC4=CC5=C(C=C42)OCO5,0
CCOP(=S)(OCC)OC1=NC(=NC(=C1)C)C(C)C,1,,CCCCN=C(N)N=C(N)N,0,,CC(C)(C)C1=CC(=CC(=C1O)C(C)(C)C)CC2=CC(=C(C(=C2)C(C)(C)C)O)C(C)(C)C,0,,CCOC(=O)CN1C=CC=C1C2=NC(=C(S2)C3=CC=C(C=C3)OC)C4=CC=C(C=C4)OC,0,,C1=CC=C2C(=C1)C(=O)C(=C(C2=O)Cl)Cl,1,,CCN(CC)C1=CC(=C(C=C1)C(=O)C2=CC=CC=C2C(=O)O)O,1,,,,,C1CC1C2=NC3=CC=CC=C3C(=C2/C=C/[C@H](C[C@H](CC(=O)O)O)O)C4=CC=C(C=C4)F,0
C1=CC=C(C=C1)N=NC2=C(N=C(C=C2)N)N.Cl,1,,C1=CC=C2C(=C1)C(=O)C3=CC=CC=C3N2CC(=O)O,0,,CC1=CC(=O)NC(=S)N1,0,,CC1=CC=C(C=C1)C(=O)CC(CSC(=O)C)C(=O)O,0,,CC1=C(C(C(=C(N1)C)C(=O)OC/C=C/C2=CC=CC=C2)C3=CC(=CC=C3)[N+](=O)[O-])C(=O)OCCOC,0,,CCC(CC(C(C(C(C(C)Cl)Cl)Cl)Cl)Cl)Cl,1,,,,,C[C@H]1[C@H]([C@H](C[C@@H](O1)O[C@H]2C[C@@](CC3=C2C(=C4C(=C3O)C(=O)C5=C(C4=O)C(=CC=C5)OC)O)(C(=O)CO)O)N)O,0
CN1C(=O)C=CS1.Cl,0,,C1=CC(=CC=C1C(=O)O)NN,1,,C1=CC=C2C(=C1)C3=CC=CC=C3O2,1,,CC(C1=CC=CC=C1)N[NH3+].OS(=O)(=O)[O-],0,,CC1=NC=C(C(=C1O)CO)CO,0,,C1=CC=CC=C1,0,,,,,CN[C@@H]1C[C@@H]([C@H]([C@@H]([C@H]1O)O[C@@H]2[C@H]3[C@H]([C@H]([C@H](O2)CO)O)O[C@]4(O3)[C@@H]([C@H]([C@H]([C@H](O4)[C@@H](CO)N)O)O)O)O)N,0
C1=NC(=C2C(=N1)N(C=N2)[C@H]3[C@@H]([C@@H]([C@H](O3)COP(=O)(O)O)O)O)N,1,,CCCCCCCCS(=O)(=O)[O-].[Na+],0,,COC1=CC=CC(=C1)C=O,0,,CCCCC/C=C\C/C=C\CCCCCCCC(=O)NC(C)C1=CC=CC=C1,1,,CCC(C)C1=C(C(=CC(=C1)[N+](=O)[O-])[N+](=O)[O-])OC(=O)C=C(C)C,1,,COC1=C(C=CC(=C1)/C=C/C(=O)CC(=O)/C=C/C2=CC(=C(C=C2)O)OC)O,1,,,,,CC1=C2[C@H](C(=O)[C@@]3([C@H](C[C@@H]4[C@]([C@H]3[C@@H]([C@@](C2(C)C)(C[C@@H]1OC(=O)[C@@H]([C@H](C5=CC=CC=C5)NC(=O)C6=CC=CC=C6)O)O)OC(=O)C7=CC=CC=C7)(CO4)OC(=O)C)O)C)OC(=O)C,0
CCN(CC)S(=O)(=O)C1=CC=C(C=C1)C(=O)O,0,,C1=CC2=C(C=CN2)C(=C1)O,0,,CCN1C=C[N+](=C1C)C.C(F)(F)(F)S(=O)(=O)[O-],0,,CC(C)(C)NC[C@@H](C1=C(C=C(C=C1)O)Cl)O,0,,CCCCCCCCCC[N+](C)(C)CCCCCCCCCC.[Cl-],1,,CCC(C)OC(=O)C1=CC=C(C=C1)O,1,,,,,C1CN(CCN1CC/C=C\2/C3=CC=CC=C3SC4=C2C=C(C=C4)C(F)(F)F)CCO,1
CC1=C(C(C(=C(N1)C)C(=O)OCCCN2CCC(CC2)(C3=CC=CC=C3)C4=CC=CC=C4)C5=CC(=CC=C5)[N+](=O)[O-])C(=O)OC.Cl,1,,CC(C)OC1=CC2=C(C=C1)C(=O)C(=CO2)C3=CC=CC=C3,1,,CC1=CC(=C(C=C1C)Cl)O,0,,CC1=C(C(C(=C(N1)COC(=O)N)C(=O)OC(C)C)C2=C(C(=CC=C2)Cl)Cl)C(=O)OC,1,,CN[C@H]1CC[C@H](C2=C1C=C(C=C2)S(=O)(=O)N)C3=CC(=C(C=C3)Cl)Cl,1,,CCC(C)(C)C1CCC(=O)CC1,0,,,,,C[C@H]1/C=C/C=C(\C(=O)NC2=C(C(=C3C(=C2O)C(=C(C4=C3C(=O)[C@](O4)(O/C=C/[C@@H]([C@H]([C@H]([C@@H]([C@@H]([C@@H]([C@H]1O)C)O)C)OC(=O)C)C)OC)C)C)O)O)/C=N/N5CCN(CC5)C)/C,0
CC1=CC(=C(C=C1SC2=CC(=C(C=C2C)O)C(C)(C)C)C(C)(C)C)O,1,,CCOC(=O)CC(C(=O)OCC)SP(=S)(OC)OC,1,,C1=CC=C2C(=C1)C=C3C=CC=CC3=C2[N+](=O)[O-],1,,CC[C@H]1C[C@H]2[C@@H]3CCC4=CC(=O)CC[C@@H]4[C@H]3CC[C@@]2([C@H]1O)C,0,,CC(C)(C)C1=C(C(=CC=C1)C(C)(C)C)O,0,,CCO[Si](C)(OCC)OCC,0,,,,,CC[C@@]1(C[C@@H]2C[C@@](C3=C(CCN(C2)C1)C4=CC=CC=C4N3)(C5=C(C=C6C(=C5)[C@]78CCN9[C@H]7[C@@](C=CC9)([C@H]([C@@]([C@@H]8N6C=O)(C(=O)OC)O)OC(=O)C)CC)OC)C(=O)OC)O,0
CC1=CC(=O)C2=C(C3=C4C5=C2C1=C(C=C5C(C(=C4C(=O)C=C3O)O)(C)C)O)O,1,,CCCCOP(OCCCC)OCCCC,1,,CCC(C)(C)C1=CC(=C(C=C1)O)C(C)(C)CC,1,,CCCCCC1NC2=C(C=C(C(=C2)C(F)(F)F)S(=O)(=O)N)S(=O)(=O)N1,0,,CC1=CC(=O)N(N1C)C2=CC=CC=C2,0,,C1=CN=C(C=N1)C(=O)N,0,,,,,C[C@]12CC[C@](C[C@H]1C3=CC(=O)[C@@H]4[C@]5(CC[C@@H](C([C@@H]5CC[C@]4([C@@]3(CC2)C)C)(C)C)O[C@@H]6[C@@H]([C@H]([C@@H]([C@H](O6)C(=O)O)O)O)O[C@H]7[C@@H]([C@H]([C@@H]([C@H](O7)C(=O)O)O)O)O)C)(C)C(=O)O,0
CC1=CC=C(C=C1)S(=O)(=O)N=C=O,0,,C=COCC1CCC(CC1)CO,0,,C1=CC=C(C(=C1)C(C2=CC=C(C=C2)Cl)(C3=CN=CN=C3)O)Cl,1,,C1=CN(C(=N1)[N+](=O)[O-])CO[C@@H](CO)[C@@H](CO)O,0,,C1=CC(=CC=C1[N+](=O)[O-])OC2=C(C=C(C=C2)Cl)Cl,0,,C=CC(=O)OCCOCCOC(=O)C=C,0,,,,,CC(=O)N1CCN(CC1)C2=CC=C(C=C2)OCC3COC(O3)(CN4C=CN=C4)C5=C(C=C(C=C5)Cl)Cl,0
CC(=O)CC(=O)NC1=CC=C(C=C1)S(=O)(=O)[O-].[K+],0,,CCN(CC)C(C)CN1C2=CC=CC=C2SC3=CC=CC=C31.Cl,0,,C1=CC=C(C=C1)C(CO)O,0,,CC[N+]1(CCC(=C(C2=CC=CC=C2)C3=CC=CC=C3)C1C)CC.[Br-],0,,CC1(C(=O)N(C(=O)O1)NC2=CC=CC=C2)C3=CC=C(C=C3)OC4=CC=CC=C4,1,,C(C(Br)(Br)Br)(Br)Br,0,,,,,CCC(C)N1C(=O)N(C=N1)C2=CC=C(C=C2)N3CCN(CC3)C4=CC=C(C=C4)OCC5COC(O5)(CN6C=NC=N6)C7=C(C=C(C=C7)Cl)Cl,0
C1CC(=O)OC1=O,0,,CCN1C=C[N+](=C1)C.C(F)(F)(F)S(=O)(=O)[N-]S(=O)(=O)C(F)(F)F,0,,C1CC(CCC1NC2=NC=NC3=C2C=NN3)OC[C@@H](C4=CC=CC=C4F)F,1,,CC1=NC(=CC(=N1)OC)NS(=O)(=O)C2=CC=C(C=C2)N,0,,[C-]#N.[C-]#N.[K+].[Au+],1,,C1=CC(=CC(=C1)C(F)(F)F)/C(=N\NC(=O)NC2=CC=C(C=C2)OC(F)(F)F)/CC3=CC=C(C=C3)C#N,1,,,,,C[C@H]1[C@@H]([C@H]([C@H]([C@@H](O1)O[C@@H]2[C@H]([C@@H]([C@H](O[C@H]2OC3=CC(=C4C(=O)C[C@H](OC4=C3)C5=CC=C(C=C5)O)O)CO)O)O)O)O)O,0
C(CO)C(C(C(C(C(C(F)(F)F)(F)F)(F)F)(F)F)(F)F)(F)F,0,,CC(C)COC(=O)/C=C/C1=CC=CC=C1,1,,C(=O)(C(C(C(C(C(C(C(C(C(F)(F)F)(F)F)(F)F)(F)F)(F)F)(F)F)(F)F)(F)F)(F)F)O,1,,C1CC2=NC1=C(C3=CC=C(N3)C(=C4C=CC(=N4)C(=C5C=CC(=C2C6=CC(=CC=C6)O)N5)C7=CC(=CC=C7)O)C8=CC(=CC=C8)O)C9=CC(=CC=C9)O,1,,C1=CC=C(C=C1)C2=CC(=CC=C2)C3=CC=CC=C3,0,,CC(=C)C(=O)[O-].[Na+],0,,,,,C[C@H]1/C=C/C=C/CC/C=C/C=C/C=C/C=C/[C@@H](C[C@H]2[C@@H]([C@H](C[C@](O2)(C[C@H]([C@@H](CC[C@H](C[C@H](C[C@H](CC(=O)O[C@H]([C@@H]([C@@H]1O)C)C)O)O)O)O)O)O)O)C(=O)O)O[C@H]3[C@H]([C@H]([C@@H]([C@H](O3)C)O)N)O,0
C1=C(C=NC(=C1Cl)NC2=C(C=C(C(=C2[N+](=O)[O-])Cl)C(F)(F)F)[N+](=O)[O-])C(F)(F)F,1,,CC1=C(C(C(=C(N1)C)C(=O)OCC(C)C)C2=CC=CC=C2[N+](=O)[O-])C(=O)OC,1,,COP(=S)(OC)OC1=CC(=C(C=C1Cl)Br)Cl,1,,CC(=O)OCC(=O)NC1=CC(=CC(=C1Cl)NC(=O)COC(=O)C)C#N,0,,[O-][Cr](=O)(=O)O[Cr](=O)(=O)[O-].[K+].[K+],1,,CC[C@]12CC[C@H]3[C@H]([C@@H]1C=C[C@]2(C#C)O)CCC4=CC(=O)CC[C@H]34,1,,,,,CC(C)N1C2=CC=CC=C2C(=C1/C=C/C(CC(CC(=O)O)O)O)C3=CC=C(C=C3)F,0
[B-](F)(F)(F)F.CCCCCCCCCCCCN1C=C[N+](=C1)C,1,,CC1=C(C=CC(=C1)C(C(F)(F)F)(C(F)(F)F)F)NC(=O)C2=C(C(=CC=C2)I)C(=O)NC(C)(C)CS(=O)(=O)C,0,,C1=CC=C2C(=C1)C(=O)N(C2=O)CCl,0,,CC1C2=NN=C(N2C3=C(C=C(S3)CCC4=CC=C(C=C4)CC(C)C)C(=N1)C5=CC=CC=C5Cl)C,1,,CC(C)(C)C1=CC(=CC(=C1O)C(C)(C)C)[N+](=O)[O-],1,,C1=CC=C(C=C1)OC2=CC=CC=C2,0,,,,,C1[C@H]([C@@H]1N)C2=CC=CC=C2.C1[C@@H]([C@H]1N)C2=CC=CC=C2,0
CC1=CC(=C(C=C1)N=CN(C)C=NC2=C(C=C(C=C2)C)C)C,1,,C1=CC=C2C(=C1)C(=O)C(C2=O)C3=CC=C(C=C3)Br,1,,CCCC[N+]1=CC=CC(=C1)C.[Br-],0,,CC1=NN(N=N1)CC2=C(N3[C@@H]([C@@H](C3=O)NC(=O)/C(=N/OC)/C4=CSC(=N4)N)SC2)C(=O)O,0,,CCNC1=CC2=C(C=C1C)C(=C3C=C(C(=[NH+]CC)C=C3O2)C)C4=CC=CC=C4C(=O)OCC.[Cl-],1,,CC1=CC(=O)CCC1,0,,,,,,
CC(=O)NS(=O)(=O)C1=CC=C(C=C1)N,0,,CC\1=C(C2=C(/C1=C\C3=CC=C(C=C3)SC)C=CC(=C2)F)CC(=O)O,0,,COC1=C(C=CC(=C1)C2=CC(=C(C=C2)N)OC)N.Cl.Cl,1,,C1CCN(C1)NC(=O)NS(=O)(=O)C2=CC=C(C=C2)Cl,0,,CCOS(=O)(=O)OCC,0,,CC(C)CCCCCOC(=O)C=C,0,,,,,,
COC1=C(C=C(C=C1)OC(F)(F)F)CN[C@H]2CCCN[C@H]2C3=CC=CC=C3,1,,CCCCC(CC)C(=O)Cl,0,,CC1=C(C2=C(CC[C@@](O2)(C)CCC[C@H](C)CCC[C@H](C)CCCC(C)C)C(=C1O)C)C,0,,CC1CN(CCN1)C2=C(C=C3C(=C2)N(C=C(C3=O)C(=O)O)C4=C(C=C(C=C4)F)F)F,0,,C#CCO,0,,C1CC2=C(C=C3C=CC4=C5C3=C2C=CC5=CC=C4)C(=O)C1,1,,,,,,
CC(=C)C(=O)NCCC[N+](C)(C)C.[Cl-],0,,CC(CO)(CO)[N+](=O)[O-],0,,CC1=NN(N=N1)CC2=C(N3[C@@H]([C@@H](C3=O)NC(=O)/C(=N/OC)/C4=CSC(=N4)N)SC2)C(=O)O,0,,CCCOC(=O)CC1=CC(=C(C=C1)OCC(=O)N(CC)CC)OC,1,,CC1=NC2=C(C=C1)C(=CC(=C2O)Br)Br,1,,CCCCCCCCOCCC#N,0,,,,,,
CC1=C(C(CCC1)(C)C)/C=C/C(=C/C=C/C(=C/C=O)/C)/C,1,,C(C(CO)(CO)CO)O,0,,CC(C)(C1=CC=C(C=C1)OC2=CC=C(C=C2)N)C3=CC=C(C=C3)OC4=CC=C(C=C4)N,1,,CC1=NC(=CN1C2=CC=C(C=C2)[N+](=O)[O-])[N+](=O)[O-],0,,COC1=C(C(=C(C=C1)CN2CCN(CC2)C(C3=CC=C(C=C3)F)C4=CC=C(C=C4)F)OC)OC.Cl.Cl,1,,COC1=CC=C(C=C1)C(=C(C2=CC=C(C=C2)OC)Cl)C3=CC=C(C=C3)OC,1,,,,,,
CC(C)OC(=O)NNC1=C(C=CC(=C1)C2=CC=CC=C2)OC,0,,C1=CC(=C(C=C1C2=CC(=C(C=C2)N)Cl)Cl)N.Cl.Cl,1,,CC1=C(C(=CC=C1)[N+](=O)[O-])[N+](=O)[O-],1,,CC1=C(C2=C(N1CC(=O)O)C=C(C=C2)OC)C(=O)C3=CC=C(C=C3)Cl,0,,C(=C\C(=O)O)\C(=O)O,0,,CCOP(=O)(OCC)OC1=CC=C(C=C1)[N+](=O)[O-],1,,,,,,
CCCCOC(=O)C1=CC=CC=C1C(=O)OCC2=CC=CC=C2,0,,CC1=CSC(=C1N([C@@H](C)COC)C(=O)CCl)C,0,,CC1([C@@H](N2[C@H](S1)[C@@H](C2=O)NC(=O)COC3=CC=CC=C3)C(=O)[O-])C.[K+],0,,C/C(=N\O)/C1=CC=C(C=C1)OCC(=O)N2CCCCC2,0,,C1=CC=C2C(=C1)C(=O)C(=C(C2=O)Cl)Cl,1,,CC(C)NC1=NC(=NC(=N1)OC)NC(C)C,1,,,,,,
CC1=C(C(=O)N2C=CC=CC2=N1)CCN3CCC(CC3)C(=O)C4=CC=C(C=C4)F,0,,O=P(Cl)(Cl)Cl,0,,C[C@@H]1CCC[C@@H](N1CCCC(C2=CC=CC=C2)(C3=CC=CC=N3)O)C,0,,CC(=O)C1=CC=C(C=C1)OCC(=O)N2CCCCC2,0,,CCCCCCCCCCCC[N+](C)(C)CCCS(=O)(=O)[O-],0,,CC1=C(C(=O)C=CO1)O,0,,,,,,
CCN1/C(=C/C=C/C2=[N+](C3=CC=CC=C3C=C2)CC)/C=CC4=CC=CC=C41.[I-],1,,CC1=CC(=C(C(=C1)Cl)OP(=S)(OC)OC)Cl,1,,C1=CC(=CN=C1)C(=O)O,0,,C1=CC=C(C(=C1)CC(=O)O)OC2=C(C=C(C=C2)Cl)Cl,0,,CCCCCCCCCCCCCCCCN1C=C[N+](=C1)C.[Cl-],1,,CCN(CC)C1=C(C=C(C(=C1[N+](=O)[O-])N)C(F)(F)F)[N+](=O)[O-],1,,,,,,
CN(CCN(C1=CC=CC=N1)CC2=CC=CS2)C.CN(CCN(C1=CC=CC=N1)CC2=CC=CS2)C.C(=C/C(=O)O)\C(=O)O.C(=C/C(=O)O)\C(=O)O.C(=C/C(=O)O)\C(=O)O,0,,C1=CC=C(C(=C1)C2=NN=C(N=N2)C3=CC=CC=C3Cl)Cl,1,,CC1=CC=C(C=C1)C(C)(C)C,0,,C1CC2=CC=CC=C2C(C3=CC=CC=C31)NCCCCCCC(=O)O,0,,COC(=O)CSC1=C(C=C(C(=C1)N=C2N3CCCCN3C(=O)S2)F)Cl,0,,C1(=O)C(=O)NC(=O)NC1=O.O.O.O.O,0,,,,,,
C1(=C(C(=O)C(=C(C1=O)Cl)Cl)Cl)Cl,1,,C1=CC=C2C(=C1)C(=CN2)CCNC(=O)C3=CN=CC=C3,1,,CC1CC(=O)NN=C1C2=CC=C(C=C2)NCC(C)(C)NCC(COC3=C(C=CC(=C3)Cl)C#N)O,1,,CN1C=C(C(=O)C2=C1C=C(C=C2)F)S(=O)C,0,,CCCCC/C=C/C=C/C=O,1,,COC1=CC=CC=C1C=O,0,,,,,,
CN([C@H]1CC[C@@]2(CCCO2)C[C@@H]1N3CCCC3)C(=O)CC4=C5C=COC5=CC=C4,0,,CCOC(=O)CCN(C(C)C)SN(C)C(=O)OC1=CC=CC2=C1OC(C2)(C)C,1,,CCCCC(CC)COC(=O)CS,1,,CC1C2=CC=CC=C2CN1NC(=O)C3=CC(=C(C=C3)Cl)S(=O)(=O)N,0,,CC(=O)OC1=CC=CC=C1C(=O)NC2=NC=C(S2)[N+](=O)[O-],1,,COC1=NC(=NC(=C1)NS(=O)(=O)C2=CC=C(C=C2)N)OC,0,,,,,,
CCCCCCCCOC(=O)C1=CC(=C(C(=C1)O)O)O,1,,C1=CC=C(C=C1)OCCBr,0,,C1=CN=CC=C1C2=CNC(=O)C(=C2)N,1,,CN1CCC(CC1)N(CC2=CC=CS2)C3=CC=CC=C3,0,,CC(C)(C)C1CCCCC1O,0,,CC(=O)N1C[C@@H](C[C@H]1C(=O)O)O,0,,,,,,
CC1=C(C(C(=C(N1)C)C(=O)OC)C2=CC=CC=C2[N+](=O)[O-])C(=O)OC,1,,CCOC(=O)C(C)OC1=CC=C(C=C1)OC2=CN=C3C=C(C=CC3=N2)Cl,1,,CC(C)CCCCCCCOC(=O)CCCCC(=O)OCCCCCCCC(C)C,0,,C1C[C@H]2C[C@@H]1[C@H]3[C@@H]2C(=O)N(C3=O)CCCCN4CCN(CC4)C5=NC=CC=N5,0,,C[C@@H]1[C@H]([C@H](C[C@@H](O1)O[C@@H]2[C@H](O[C@H](C[C@@H]2O)O[C@@H]3[C@H](O[C@H](C[C@@H]3O)O[C@H]4CC[C@]5([C@@H](C4)CC[C@@H]6[C@@H]5CC[C@]7([C@@]6(CC[C@@H]7C8=CC(=O)OC8)O)C)C)C)C)O)O,1,,C(CC(=O)O)C(C(=O)O)N.O,0,,,,,,
C[C@]12CC[C@H]3C(=CCC4=C3C=CC(=C4)O)[C@@H]1CCC2=O,0,,CCC(C)C(=O)O,0,,CC(C)CC1=CC=C(C=C1)C(C)C(=O)O,1,,CC(COC1=CC=CC=C1)NN,1,,CC(=S)N,0,,CCN(CC(=C)C)C1=C(C=C(C=C1[N+](=O)[O-])C(F)(F)F)[N+](=O)[O-],1,,,,,,
C1=CC=C(C=C1)O,0,,CC1=CC(=C(C=C1)O)N,1,,C1=CC=C(C=C1)N=NC2=CC=CC=C2,0,,CC(C)CCOCC(CN1CCOCC1)OC(=O)C2=CC(=C(C(=C2)OC)OC)OC,1,,CC1=N[C@@]2([C@H](O1)C[C@@H]3[C@@]2(C[C@@H]([C@H]4[C@H]3CCC5=CC(=O)C=C[C@]45C)O)C)C(=O)COC(=O)C,0,,C1=CC(C2C1C3(C(=C(C2(C3(Cl)Cl)Cl)Cl)Cl)Cl)Cl,1,,,,,,
CCCCCCCCCCCCCC[P+](CCCC)(CCCC)CCCC.[Cl-],1,,CO[Si](CCCNCCC[Si](OC)(OC)OC)(OC)OC,0,,CCN(CC)CCOC1=CC=C(C=C1)C(CC2=CC=C(C=C2)Cl)(C3=CC=C(C=C3)C)O,1,,CC(=O)OC1=CC=C(C=C1)C2(C(=O)NC3=CC=CC=C3O2)C4=CC=C(C=C4)OC(=O)C,0,,C1=CC=C2C(=C1)C(=CC(=C2O)C(=O)O)O,1,,OS(=O)[O-].[Na+],0,,,,,,
CN(C)C(=S)SSC(=S)N(C)C,1,,C1=CC=C(C=C1)C2=CSC(=N2)N.O.Br,1,,C1C(O1)COC2=CC=C(C=C2)C(C3=CC=C(C=C3)OCC4CO4)C(C5=CC=C(C=C5)OCC6CO6)C7=CC=C(C=C7)OCC8CO8,1,,CC(C)(C)C1=NN=C(S1)NS(=O)(=O)C2=CC=CC=C2,0,,C=CCN1CCC2=C(CC1)SC(=N2)N,0,,CNCC(C1=CC(=C(C=C1)O)O)O.Cl,0,,,,,,
CC(=O)OC,0,,C1CC1(C(=O)NC2=C(C=C(C=C2)Cl)Cl)C(=O)O,1,,CCN1C2=CC3=C(C=C2C(=O)C(=N1)C(=O)O)OCO3,0,,CC(CCC1=CC2=C(C=C1)OCO2)NN.Cl,1,,CCCCCCCC/C=C\CCCCCCCCOCCO,1,,CC(CCCC(C)(C)OC)CC=O,0,,,,,,
CS(=O)(=O)CCNCC1=CC=C(O1)C2=CC3=C(C=C2)N=CN=C3NC4=CC(=C(C=C4)OCC5=CC(=CC=C5)F)Cl,1,,CC1=CC2=C(C=C1C)SC(=N2)N,1,,CC1=CC(=O)CC(C1=O)(C)C,0,,CCCCCC[C@@H](CCC)C(=O)O,0,,CCCCCCCCCCCCCCCCCC[N+](C)(C)C.[Cl-],1,,CC1=C(C(=O)N(N1C)C2=CC=CC=C2)N(C)C,0,,,,,,
C1=C(C(=CC(=C1O)O)O)CCN.Cl,0,,C[C@@H](NCC(CN[C@@H](/C(=N/O)/C)C)(C)C)/C(=N/O)/C,0,,CC(CCCC(=C)C)CCO,1,,CCCN(CCC)C(=O)C(CCC(=O)OCCCN1CCN(CC1)CCOC(=O)CC2=C(N(C3=C2C=C(C=C3)OC)C(=O)C4=CC=C(C=C4)Cl)C)NC(=O)C5=CC=CC=C5,1,,CCCCC(CC)COC(=O)Cl,0,,CN1CCC(CC1)COC2=C(C=C3C(=C2)N=CN=C3NC4=C(C=C(C=C4)Br)F)OC,0,,,,,,
C(=O)(C(Br)(Br)Br)O,0,,CCN(CC)CC(=O)NC1=C(C=CC=C1C(=O)OC)C,1,,C1=CC=C(C(=C1)O)S(=O)(=O)O,0,,CCOP(=O)(CC)OC1=CC=C(C=C1)[N+](=O)[O-],0,,C1CN(CCN1)C(C2=CC=C(C=C2)F)C3=CC=C(C=C3)F,1,,C[C@]12C[C@@H]([C@]3([C@H]([C@@H]1C[C@@H]4[C@]2(OC(O4)(C)C)C(=O)CO)CCC5=CC(=O)C=C[C@@]53C)F)O,1,,,,,,
[C@H]12[C@H]([C@H]3[C@@H]([C@@H]1Cl)O3)C4(C(=C([C@]2(C4(Cl)Cl)Cl)Cl)Cl)Cl,1,,CC(C)N1C(=NC(C)(C)C)SCN(C1=O)C2=CC=CC=C2,1,,CC(C=O)C1=CC=CC=C1,1,,CO[C@]1([C@H]2N(C1=O)C(=C(CO2)CSC3=NN=NN3CCO)C(=O)O)NC(=O)CSC(F)F,0,,C1=C(C=C(C(=C1Cl)Cl)Cl)O,1,,CCN(CC1=CN=CC=C1)C(=O)C2=C(C(=CC=C2)Cl)[C@]3(C4=C(C=CC(=C4)Cl)N(C3=O)CC5=C(C=C(C=C5)OC)OC)C.Cl,1,,,,,,
CN(C)C1=CC=C(C=C1)N=NC2=CC=CC=C2,0,,C1=CC=C2C(=C1)NC3=CC=CC=C3S2,1,,CCCC(=O)OCCC(C)CCC=C(C)C,1,,C1CCN2C(C1)NC(=O)C23CCN(CC3)CCCN4C5=CC=CC=C5CCC6=C4C=C(C=C6)Cl,0,,C1=CC=C2C=C3C(=CC2=C1)C(=NC3=N)N,1,,CC#CC1=NC(=NC(=C1)C)NC2=CC=CC=C2,1,,,,,,
COC1=CC=C(C=C1)C2=COC3=C(C2=O)C=CC(=C3)O,0,,CC1=C(C(CCC1)(C)C)/C=C/C(=C\C=C\C(=C\C(=O)O)\C)/C,1,,CCC(=O)/C=C/C1C(=CCCC1(C)C)C,1,,C(CO[N+](=O)[O-])N(CCO[N+](=O)[O-])CCO[N+](=O)[O-],0,,C[C@]12CCCC([C@@H]1CC[C@@]3([C@@H]2CC(=O)O3)C)(C)C,0,,CCCCCCCCCCCCCO,0,,,,,,
CC(=O)NC1=CC=C(C=C1)C(=O)CCl,1,,C1=CC(=CC=C1/C=C/C2=CC(=CC(=C2)O)O)O,1,,C1=CC(=CC=C1N)S(=O)(=O)N,0,,CC(=O)O[C@@H]1[C@H]2[C@H]([C@@H](C(=O)O2)OC(=O)C)OC1=O,0,,C1=CC(=C(C=C1Cl)O)OC2=C(C=C(C=C2)Cl)Cl,1,,CC(CCC=C(C)C)CC=O,0,,,,,,
C1=CC=C(C=C1)CO,0,,C1=CC(=CC=C1C(C2=CC=C(C=C2)Cl)C(=O)O)Cl,0,,CC(C)NCC(C1=CC=C(C=C1)NS(=O)(=O)C)O.Cl,0,,CCOC(=O)C1=CC=C(C=C1)NC(=O)CN2CCCCC2,0,,CCCN(CCC)C1=C(C=C(C=C1[N+](=O)[O-])C(F)(F)F)[N+](=O)[O-],0,,C1=NC(=S)C2=C(N1)N(C=N2)[C@H]3[C@@H]([C@@H]([C@H](O3)CO)O)O,1,,,,,,
COC(=O)C1=C(C(=C(C(=C1Cl)Cl)C(=O)OC)Cl)Cl,0,,C[C@]12CC[C@H]3[C@H]([C@@H]1CC[C@@H]2C(=O)CO)CCC4=CC(=O)CC[C@]34C,0,,C1CCC(CC1)OC(=O)CC(C(=O)OC2CCCCC2)S(=O)(=O)[O-].[Na+],1,,CN(C)C(=O)CNC(=O)CC1=CC=CC=C1,0,,C1=CC=C(C=C1)[Bi](C2=CC=CC=C2)(C3=CC=CC=C3)(Cl)Cl,1,,C1=CC=C(C(=C1)C2=NN=CO2)O,0,,,,,,
CN1CCN(CC1)C2=CC=CC=C2/C=C\3/C(=O)N(CCS3)C4=CC(=C(C=C4)Cl)Cl,1,,CNS(=O)(=O)CC1=CC2=C(C=C1)NC=C2CCN(C)C,0,,CC1=NC(=C(O1)C2=CC(=C(C=C2)S(=O)(=O)N)F)C3CCCCC3,1,,CC1=NC2=C(CC3=C(O2)C=CC(=C3)C(C)C(=O)OCC(=O)N(C)C)C=C1,0,,CN1C[C@@H](C[C@]2([C@H]1CC3=CN(C4=CC=CC2=C34)C)OC)COC(=O)C5=CC(=CN=C5)Br,0,,CN(C)N,0,,,,,,
CCOC1=CC=CC(=C1)N,0,,CC(C)(C)OC(=O)NCCC(=O)N[C@@H](CC1=CNC2=CC=CC=C21)C(=O)N[C@@H](CCSC)C(=O)N[C@@H](CC(=O)O)C(=O)N[C@@H](CC3=CC=CC=C3)C(=O)N,0,,COC1=C(C=C(C=C1)[N+](=O)[O-])[N+](=O)[O-],0,,CC1=NC2=C(CC3=C(O2)C=CC(=C3)C(C)C(=O)OCC(=O)N(C)C)C=C1,0,,COP(=S)(OC)OC1=CC(=C(C=C1Cl)Br)Cl,1,,CO/C=C(\C1=CC=CC=C1OC2=NC=NC(=C2)OC3=CC=CC=C3C#N)/C(=O)OC,1,,,,,,
C1=CC=C2C(=C1)C(=C3C=CC=CC3=N2)N.O.Cl,1,,CNC1=C(C(=O)N(N=C1)C2=CC=CC(=C2)C(F)(F)F)Cl,1,,CC1=N[C@@]2([C@H](O1)C[C@@H]3[C@@]2(C[C@@H]([C@H]4[C@H]3CCC5=CC(=O)C=C[C@]45C)O)C)C(=O)COC(=O)C,0,,C1CCN(CC1)C(=O)[C@H]2CCC(=O)N2,0,,C1(=C(C(C(=C1Cl)Cl)(Cl)Cl)Cl)Cl,1,,CC[S+](CC)CC.C(F)(F)(F)S(=O)(=O)[N-]S(=O)(=O)C(F)(F)F,0,,,,,,
C1=CC(C2C1C3(C(=C(C2(C3(Cl)Cl)Cl)Cl)Cl)Cl)Cl,1,,C1=CC2=C(C=CC(=C2S(=O)(=O)[O-])N)C(=C1)S(=O)(=O)O.[Na+],0,,CC(C)(C)NCC(COC1=CC=CC=C1OCC2CCCO2)O,0,,C[C@H](CN1CCCC1)C(=O)C2=CC=C(C=C2)C(F)(F)F,0,,CCCCCCCCCCCCCCCCN1C=C[N+](=C1)C.C(F)(F)(F)S(=O)(=O)[N-]S(=O)(=O)C(F)(F)F,1,,C1=C(C(=C(C(=C1[N+](=O)[O-])Cl)[N+](=O)[O-])Cl)C(F)(F)F,1,,,,,,
CCCCCCCCCCCCC1=CC=CC=C1O,1,,C1=CC(=CC=C1C(C2=CC=C(C=C2)Cl)(C(Cl)(Cl)Cl)O)Cl,1,,CC(=O)OCC1=CC=CO1,0,,CC(=O)[C@H]1CC[C@@H]2[C@@]1(CC[C@H]3[C@H]2CC=C4[C@@]3(CC[C@@H](C4)OC(=O)C)C)C,0,,CC1=C(C=CC(=C1)C(C)(C)C2=CC(=C(C=C2)O)C)O,1,,CC(C)NCC(COC1=CC=CC=C1CC=C)O,0,,,,,,
C1=CC=C(C(=C1)C(C2=CC=C(C=C2)Cl)C(Cl)(Cl)Cl)Cl,1,,C1=CC=C(C(=C1)[N+](=O)[O-])[N+](=O)[O-],1,,C1=CC=C(C=C1)S(=O)(=O)O,0,,C(C(CO)OP(=O)([O-])[O-])O.[Ca+2],0,,CCOP(=S)(OCC)S,0,,CC1=C(C(CCC1)(C)C)/C=C/C(=C/C=C/C(=C/C(=O)NC2=CC=C(C=C2)O)/C)/C,1,,,,,,
C1=CC(=C(C=C1SC#N)[N+](=O)[O-])N,1,,CC(C)C1=CC2=C(C=C1)OC3=NC(=C(C=C3C2=O)C(=O)O)N,1,,CCO[C@H]1[C@@H]([C@H]([C@H](O1)C(COCC2=CC=CC=C2)OCC3=CC=CC=C3)OCC4=CC=CC=C4)O,1,,CC1=C(C(=O)C2=CC=CC=C2C1=O)C/C=C(\C)/CC/C=C(\C)/CC/C=C(\C)/CCC=C(C)C,1,,C1=CC(=O)NC1=O,1,,C1=CC(=C(C(=C1)F)C(=O)NC(=O)NC2=CC(=C(C=C2Cl)OC(C(C(F)(F)F)F)(F)F)Cl)F,1,,,,,,
CCN(CC)C1=C(C=C(C(=C1[N+](=O)[O-])N)C(F)(F)F)[N+](=O)[O-],0,,C1=CC=C(C=C1)NC(=O)NC2=CC(=NC=C2)Cl,1,,O[Se](=O)O,1,,C1=CC=C(C(=C1)C(=O)OCCO)O,0,,CC(C)(C#N)N=NC(C)(C)C#N,0,,CCCCCCN1C=C[N+](=C1)C.[I-],1,,,,,,
C[C@@H](CCC=C(C)C)C=C,0,,C1=CC(=CC=C1C(=O)NCC(=O)O)N,0,,CC1=CC(=C(C=C1)Cl)O,0,,CCN(CC)CCN1C2=CC=CC=C2N=C(C1=O)CC3=CC=C(C=C3)OC,0,,C=CC(=O)OCC(CO)(COC(=O)C=C)COC(=O)C=C,1,,CCN(CC)CCOC(=O)C(CC1CCCO1)CC2=CC=CC3=CC=CC=C32.C(=O)(C(=O)O)O,1,,,,,,
CC1=CN(C(=O)NC1=O)[C@H]2C[C@@H]([C@H](O2)CO)N=[N+]=[N-],0,,CC1=C(C=C(C(=C1[N+](=O)[O-])OC)C(C)(C)C)[N+](=O)[O-],1,,CCCCOC(=O)C,0,,C([O-])S(=O)O.O.O.[Na+],0,,CC(C)COC(=O)C1=CC=CC=C1,0,,CN1C(=S)N=NN1,0,,,,,,
CC1=CC(=C(C=C1)C(=O)OC)C2=NC(C(=O)N2)(C)C(C)C,0,,C1C2C(COS(=O)(=O)O1)C3(C(=C(C2(C3(Cl)Cl)Cl)Cl)Cl)Cl,1,,CC(=O)CC(=O)NC1=C(C=CC(=C1)OC)OC,1,,CN(C)CC[C@@H](C1=CC=C(C=C1)Cl)C2=CC=CC=N2.Cl,0,,C(=C\Cl)\Cl,0,,CCOC(=O)C1=CN=CN1C(C)C2=CC=CC=C2,1,,,,,,
C1=C(C=C(C(=C1SC2=C(C(=CC(=C2)Cl)Cl)O)O)Cl)Cl,1,,C(C(=O)O)N,0,,CC1=CC(=O)CCC1,0,,CC1=C([C@H](C(=C(N1)C)C(=O)O[C@@H]2CCCN(C2)CC3=CC=CC=C3)C4=CC(=CC=C4)[N+](=O)[O-])C(=O)OC.Cl,1,,CC1=C(C=CC(=C1)OCCOCC[N+](C)(C)CC2=CC=CC=C2)C(C)(C)CC(C)(C)C.[Cl-],1,,CC1=C(C2=C(C=C1)C(=O)C3=CC=CC=C3C2=O)[N+](=O)[O-],1,,,,,,
CCCC[N+]1([C@@H]2CC(C[C@H]1[C@H]3[C@@H]2O3)OC(=O)[C@H](CO)C4=CC=CC=C4)C.[Br-],0,,CC1=C(C=CC(=C1)C2=CC(=C(C=C2)N)C)N.Cl.Cl,1,,C1=CC=C(C=C1)C2=CC(=O)C3=CC=CC=C3O2,1,,C[N+](C)(CCOC1=CC=CC=C1)CC2=CC=CS2.[I-],0,,CC1=C2CC[C@@H](C(=O)N2C3=CC=CC=C13)CC4=C(NC=N4)C.Cl,1,,CN(C)CCN1CCOCC1,0,,,,,,
CC[C@H]1CN2CCC3=CC(=C(C=C3[C@@H]2C[C@@H]1C[C@@H]4C5=CC(=C(C=C5CCN4)OC)OC)OC)OC.Cl.Cl,1,,CN(C)C1=CC2=C(C=C1)N=C3C=CC(=[N+](C)C)C=C3S2.O.O.O.[Cl-],1,,C(C(=O)O)Br,0,,CC1=C(C(=O)N2CCC[C@H](C2=N1)O)CCN3CCC(CC3)C4=NOC5=C4C=CC(=C5)F,0,,CC1=C(C(=C(C2=C1O[C@](CC2)(C)CCC[C@H](C)CCC[C@H](C)CCCC(C)C)C)OC(=O)CCC(=O)OCCO)C,1,,CN1CCN(CC1)C2=NC3=CC=CC=C3OC4=C2C=C(C=C4)Cl.C(CC(=O)O)C(=O)O,1,,,,,,
C/C(=C/C(=O)OC)/N,0,,CCCCCCCC/C=C/CCCCCCCC(=O)OCCOCC(C1C(CC(O1)OCCO)OCCO)OCCO,0,,C/C=C\1/C(=O)C[C@@H]2[C@@]1(CC[C@H]3[C@H]2CCC4=CC(=O)CC[C@]34C)C,1,,CC1(CC(=O)N(C1=O)C)C2=CC=CC=C2,0,,CN(C)C1=CC=C(C=C1)C(=C2C=CC(=[N+](C)C)C=C2)C3=CC=C(C=C3)N(C)C.[Cl-],1,,CC(=CCCC(C)(C=C)OC=O)C,0,,,,,,
CCCCCCCCCOC(=O)C1=CC=C(C=C1)O,1,,C1=CC=C(C=C1)CC2=C(C=CC(=C2)Cl)O,1,,CC(=O)NC1=CC=C(C=C1)OC,0,,CC(C)(C)C(/C=C/C1=CC2=C(C=C1)OCO2)O,1,,C1CC1N2C=C(C(=O)C3=CC(=C(C=C32)N4CCNCC4)F)C(=O)O.Cl,0,,CC1=CC=C(C=C1)OP(=O)(OC2=CC=CC=C2)OC3=CC=CC=C3,1,,,,,,
CN(C)CCCN(C)CCCN(C)C,0,,CNC(=O)OC1=CC=CC=C1C2OCCO2,0,,CC1CCCO1,0,,C([C@@H]1[C@H]([C@@H]([C@H]([C@H](O1)O[C@]2([C@H]([C@@H]([C@H](O2)COS(=O)[O-])OS(=O)[O-])OS(=O)[O-])COS(=O)[O-])OS(=O)[O-])OS(=O)[O-])OS(=O)[O-])OS(=O)[O-].[Na+].[Na+].[Na+].[Na+].[Na+].[Na+].[Na+].[Na+],0,,CC[C@H](C)C(=O)O[C@H]1C[C@@H](C=C2[C@H]1[C@H]([C@H](C=C2)C)CC[C@H](C[C@H](CC(=O)[O-])O)O)O.[Na+],0,,CCO[Si](CCCNC(=O)N)(OCC)OCC,0,,,,,,
C1=C(C=C(C(=C1SC2=C(C(=CC(=C2)Cl)Cl)O)O)Cl)Cl,1,,C1CC(CCC1CO)CO,0,,C1(=C(C(=C(C(=C1Cl)Cl)Cl)Cl)Cl)[O-].[Na+],1,,C1CC(N2C=NC=C2C1)C3=CC=C(C=C3)C#N.Cl,1,,CC1(C(=O)N(C(=O)O1)C)C,0,,C([C@H]([C@@H]1C(=C(C(=O)O1)O)O)O)O,0,,,,,,
C1CCC(C(C1)N)N,0,,CCC1=C2C(=CC(=C1)C3=C(N(S(=O)(=O)C4=CC=CC=C43)C5=CC=CC=C5C(F)(F)F)C(=O)[O-])OCO2.[K+],0,,CC1=C(C(=C(C2=C1O[C@](CC2)(C)CCC[C@H](C)CCC[C@H](C)CCCC(C)C)C)OC(=O)CCC(=O)O)C,0,,CN(C)C1=CC=C(C=C1)N=NS(=O)(=O)[O-].[Na+],1,,CCCNC(=O)NS(=O)(=O)C1=CC=C(C=C1)Cl,0,,C/C=C/1\C(=O)C[C@@H]2[C@@]1(CC[C@H]3[C@H]2CCC4=CC(=O)CC[C@]34C)C,1,,,,,,
CC(C1=NCCN1)OC2=C(C=CC=C2Cl)Cl,0,,C=CC(=O)OCC(CBr)Br,0,,C1[C@H]2[C@@H]([C@H]([C@@H]1Cl)Cl)[C@]3(C(=C([C@@]2(C3(Cl)Cl)Cl)Cl)Cl)Cl,0,,CC(C)(C)C1=CC(=C(C=C1)O)O,1,,CC(=CCC/C(=C/CO)/C)C,0,,CC(=O)[C@H]1CC[C@@H]2[C@@]1(CC[C@@H]3[C@H]2C=CC4=CC(=O)CC[C@@]34C)C,1,,,,,,
CCN(CC)C(=O)C1=CC=CC(=C1)C,0,,CCCCOCCOCCOCC1=CC2=C(C=C1CCC)OCO2,1,,CCCCCOC1=C(C=C(C=C1)C2C(=O)NC(=O)S2)OCC,1,,COC1=CC=CC=C1O,0,,CCN(C(=O)N)N=O,0,,C1=CC(=CC(=C1)Cl)NC(=O)OCC#CCCl,1,,,,,,
C1C2C(C(C1Cl)Cl)C3(C(=C(C2(C3(Cl)Cl)Cl)Cl)Cl)Cl,1,,CC1=C(C=CC(=C1)O)O,1,,C1=CC(=C2C(=C1[N+](=O)[O-])C(=O)C3=C(C=CC(=C3C2=O)O)[N+](=O)[O-])O,1,,C1=CC(=CC=C1N)SC2=CC=C(C=C2)N,1,,CCN(CC)CCOC1=CC=C(C=C1)/C(=C(/C2=CC=CC=C2)\Cl)/C3=CC=CC=C3.C(C(=O)O)C(CC(=O)O)(C(=O)O)O,1,,C1=CC=C(C=C1)C2=CC=CC=C2N,1,,,,,,
CCCCCCCCCCCCCCCCCCNC(=O)OC1CCN(CC1)C(=O)OC[C@H](COC(=O)N(CC2=CC=CC=[N+]2CC)C(=O)C3=CC=CC=C3OC)OC.[Cl-],1,,C1=CC=C2C=C(C=CC2=C1)O,1,,CC1=CN=C(C=N1)C(=O)NCCC2=CC=C(C=C2)S(=O)(=O)NC(=O)NC3CCCCC3,1,,C1=CC2=C(C(=C1)O)N=CC=C2,0,,CC(C)(C)CC(C)(C)C1=CC=CC=C1O,1,,C1=CC(=C(C(=C1)F)C(=O)NC(=O)NC2=C(C=C(C=C2)OC3=C(C=C(C=C3)C(F)(F)F)Cl)F)F,1,,,,,,
C1=CC(=CN=C1)C(=O)[O-].[Na+],0,,CCC(=O)N(C1CCNCC1)C2=CC=CC=C2,0,,COC1=C(C=C2C(=C1)[C@]34CCN5[C@H]3C[C@@H]6[C@@H]7[C@@H]4N2C(=O)C[C@@H]7OCC=C6C5)OC,0,,C1=CC=C2C(=C1)C=CC=C2CC(=O)O,0,,COC=O,0,,C(=O)(C(Cl)(Cl)Cl)[O-].[Na+],0,,,,,,
CCCC(=O)C,0,,CCN(CC)C(=S)SCC(=C)Cl,1,,CC1=CC2=CC=CC(=C2C=C1)C,0,,COCCOCCO,0,,CNCCCC12CCC(C3=CC=CC=C31)C4=CC=CC=C24.Cl,1,,C1=CC(=CC=C1S(=O)(=O)C2=CC(=C(C=C2Cl)Cl)Cl)Cl,1,,,,,,
CCCCCCCCCCCCOC(=O)C(=C)C,0,,CC(C)(C)C1=C(C=CC(=C1)O)O,1,,CC(=O)NC1=CC(=CC=C1)O,0,,C1=CC=C2C(=C1)NC3=CC=CC=C3S2,1,,C[C@H]1[C@H]([C@H](C[C@@H](O1)O[C@H]2C[C@@](CC3=C2C(=C4C(=C3O)C(=O)C5=C(C4=O)C(=CC=C5)OC)O)(C(=O)C)O)N)O.Cl,1,,CC(C)(/C=N/OC(=O)NC)SC,0,,,,,,
CCCCCCCCCCCCCCCC[N+]1=CC=CC=C1.[Br-],1,,C1CC(=O)NC(=O)C1N2CC3=C(C2=O)C=CC=C3N,0,,CC(=C)C#N,0,,CC(C)(C)CC(C)(C)C1=CC=C(C=C1)O,1,,C1=CC=C2C(=C1)C(=O)N(C2=O)SC(Cl)(Cl)Cl,1,,[B-](F)(F)(F)F.CCCC[N+]1=CC=C(C=C1)C,0,,,,,,
CN(C)CCCN1C2=CC=CC=C2SC3=C1C=C(C=C3)Cl.Cl,1,,C1=CC=C(C(=C1)C(C2=CC=C(C=C2)Cl)C(Cl)(Cl)Cl)Cl,1,,C1=CC(=CC=C1N)S(=O)(=O)C2=CC=C(C=C2)N,0,,C1=CC=C(C(=C1)N)N,1,,C1=CC(=CC=C1NC(=O)N)[As](=O)(O)O,0,,CC[C@@]1(C[C@H]2C[C@@](C3=C(CCN(C2)C1)C4=CC=CC=C4N3)(C5=C(C=C6C(=C5)[C@]78CCN9[C@H]7[C@@](C=CC9)([C@H]([C@@]([C@@H]8N6C)(C(=O)OC)O)OC(=O)C)CC)OC)C(=O)OC)O.OS(=O)(=O)O,1,,,,,,
CC1=C2C(=CC(=C1C(=O)O)O)C(=O)C3=C(C2=O)C(=C(C(=C3O)O)[C@H]4[C@@H]([C@H]([C@@H]([C@H](O4)CO)O)O)O)O,0,,C1=CC(=CC=C1C(CO)C2=CC=C(C=C2)Cl)Cl,1,,CN1C=C(C(=O)C(=C1)C2=CC(=CC=C2)C(F)(F)F)C3=CC=CC=C3,1,,CCCCCCCCC1=CC=C(C=C1)O,1,,C1CN2C(=O)[C@H](N=C(C3=CC=CC1=C32)C4=CC=CC=C4F)NC(=O)C5=CC6=CC=CC=C6N5,0,,CCOC(=O)[C@H](CCC1=CC=CC=C1)N[C@@H](C)C(=O)N2CC3=CC=CC=C3C[C@H]2C(=O)O.Cl,1,,,,,,
CCOC1=CC=CC(=C1)N2C=C(N=C2C3=CC=C(C=C3)C)C(=O)N4CCN(CC4)C5=CC6=CC=CC=C6C(=C5)C(=O)[O-].[Na+],1,,CC(=O)NP(=O)(OC)SC,0,,C1=CC=C(C=C1)N(C2=CC=CC=C2)N=O,1,,C1=CC=C2C(=C1)NC(=S)S2,0,,C1[C@@H](C2=C(CN1)C(=C(C=C2)O)O)C3=CC(=C(C=C3)O)O.Cl,0,,CCC(=O)O[C@@]1([C@@H](C[C@@H]2[C@@]1(C[C@@H]([C@]3([C@H]2C[C@@H](C4=CC(=O)C=C[C@@]43C)F)F)O)C)C)C(=O)SCF,1,,,,,,
C[N+](C)(C)CC(=O)[O-].O,0,,C1=CSC(=C1)C2=CC=C(S2)C3=CC=CS3,1,,C1=CC=C2C(=C1)C=C3C=CC=CC3=C2CO,1,,C1C=CC2C1C3CC2C=C3,0,,C1=CC=C2C(=C1)C=C(C3=CC=CC=C23)O,1,,CC1=CN=C(S1)NC(=O)C2=C(C3=CC=CC=C3S(=O)(=O)N2C)O,1,,,,,,
C=CCOC(CN1C=CN=C1)C2=C(C=C(C=C2)Cl)Cl,1,,COC1=C(C=C(C=C1)CC2=NC=CC3=CC(=C(C=C32)OC)OC)OC.Cl,1,,COC1=C2C(=CC=C1)SC(=N2)N,0,,CC(C)C(C)(C)C(C)(C)C(C)(C)S,0,,C1=CC(=C(C(=C1)Cl)O)Cl,0,,C1C(O1)COCCCCOCC2CO2,0,,,,,,
CC(C)(C1CCC(CC1)O)C2CCC(CC2)O,0,,C(CCCC(=O)O)CCCC(=O)O,0,,C1=CC=NC(=C1)C#N,0,,C1=CC=C(C=C1)N=NC2=CC=C(C=C2)N,1,,CCN1C2=C(C=C(C=C2)N)C3=CC=CC=C31,0,,CN(C)C1=CC=C(C=C1)C(=C2C=CC(=[N+](C)C)C=C2)C3=CC=C(C=C3)N(C)C.[Cl-],1,,,,,,
CCCCCCCCN1CN(C=C1)C.Br,0,,CC(=C)C(=O)NC1=CC(=C(C=C1)Cl)Cl,1,,C1=CC=C(C=C1)OC(=O)C2=CC=C(C=C2)O,1,,C(CO)N,0,,C1=CC=C(C=C1)N=NC2=C(C3=C(C(=C(C=C3C=C2S(=O)(=O)[O-])S(=O)(=O)[O-])N=NC4=CC=C(C=C4)C5=CC=C(C=C5)N=NC6=C(C=C(C=C6)N)N)N)O.[Na+].[Na+],0,,C(F)(F)(F)S(=O)(=O)O,0,,,,,,
CN(CCCl)CCCl.Cl,1,,CCCSP(=O)(OCC)OC1=C(C=C(C=C1)Br)Cl,1,,CC(C(=O)C1=CC(=CC=C1)Cl)NC(C)(C)C.Cl,0,,C1(=C(C(=C(C(=C1Cl)Cl)Cl)Cl)Cl)N,1,,C[Hg]Cl,1,,C1=CC=C(C=C1)CCN=C=S,1,,,,,,
CC(=O)C1=NC=CS1,0,,CCCCCCCCCCCCOS(=O)(=O)O.C(CO)N(CCO)CCO,0,,C1=CC(=C(C=C1Cl)Cl)/C(=C/N2C=NC=N2)/Cl.Cl,1,,C1=CC=C(C=C1)C2=NC3=CC=CC=C3C(=C2)C(=O)O,0,,CN(C)C(=S)[S-].CN(C)C(=S)[S-].[Zn+2],1,,C1=CC=C(C=C1)[S-].[Na+],0,,,,,,
CC1=CC(=CC=C1)CN2CCN(CC2)C(C3=CC=CC=C3)C4=CC=C(C=C4)Cl.Cl.Cl,1,,COC1=C(C=C2C(=C1)C(=NC(=N2)Cl)N)OC,0,,CC(C)(C1=CC=C(C=C1)C(CCCN2CCC(CC2)C(C3=CC=CC=C3)(C4=CC=CC=C4)O)O)C(=O)O.Cl,0,,C1=CC=C(C=C1)OC(=O)C2=CC(=CC=C2)C(=O)OC3=CC=CC=C3,0,,CC1=CC(=C(C=C1)C(=O)[N-]S(=O)(=O)/C=C/C2=CC=C(C=C2)OC)Cl.[Na+],0,,CCC1=CC(=C(C=C1)O)OC,0,,,,,,
C[C@@H]1[C@H]([C@H](C[C@@H](O1)O[C@H]2CC[C@]3([C@@H](C2)CC[C@@H]4[C@@H]3C[C@H]([C@]5([C@@]4(CC[C@@H]5C6=CC(=O)OC6)O)C)O)C)O)O[C@H]7C[C@@H]([C@@H]([C@H](O7)C)O[C@H]8C[C@@H]([C@@H]([C@H](O8)C)O[C@H]9[C@@H]([C@H]([C@@H]([C@H](O9)CO)O)O)O)O)O,1,,C(CO)N.C(=O)O,0,,C1=CC2=C3C(=C1)C=CC3=CC=C2,0,,CN1C=NC(=C1SC2=NC=NC3=C2NC=N3)[N+](=O)[O-],0,,C1=CC(=C(C=C1N)N)O.Cl.Cl,1,,C1=CC=C2C(=C1)C(=O)NC(=O)O2,0,,,,,,
COC1=CC=CC=C1OCCNCC(COC2=CC=CC3=C2C4=CC=CC=C4N3)O.C(C(C(=O)O)O)(C(=O)O)O,1,,CCCCCCOC(=O)CC,0,,C1=CC=C(C=C1)NC2=CC=C(C=C2)O,1,,C1=CC=C2C(=C1)C=C3C=CC=CC3=C2[N+](=O)[O-],1,,C1=CC(=C(C=C1[N+](=O)[O-])N)N,0,,C=CC1=CC=C(C=C1)S(=O)(=O)[O-].[Na+],1,,,,,,
CCN(CC)CCN1C2=C(C=C(C=C2)[N+](=O)[O-])N=C1CC3=CC=C(C=C3)OCC,1,,CC(COC1=CC=CC=C1)N(CCCl)CC2=CC=CC=C2,1,,C=CC#N,0,,C1=CC(=C(C=C1N)[N+](=O)[O-])N,1,,CCOC(=O)N1CCC(CC1)N2C3=C(C=C(C=C3)Cl)NC2=O,0,,CC1=CN=C(C(=C1OC)C)CS(=O)C2=NC3=C(N2)C=C(C=C3)OC,1,,,,,,
CN(C)CC/C=C/1\C2=CC=CC=C2COC3=CC=CC=C31.Cl,1,,CO[Si](OC)(OC)OC,0,,C(/C=C/CCl)Cl,0,,C1=CC(=C(C=C1N)[N+](=O)[O-])O,1,,C[C@@]1(C(=O)N2[C@H](C(=O)N3CCC[C@H]3[C@@]2(O1)O)CC4=CC=CC=C4)NC(=O)[C@@H]5C[C@H]6[C@@H](CC7=CNC8=CC=CC6=C78)N(C5)C,1,,C1=CC(=C(C(=C1Cl)O)Cl)Cl,0,,,,,,
C(C#CCO)O,0,,CC(=CC(=O)C=C(C)C)C,0,,CCC(CCC(C(CC(C(C(CCl)Cl)Cl)Cl)Cl)Cl)Cl,0,,CCOCCOC(=O)C,0,,CC(=CC(=O)C)C,0,,CCCCCCCOC(=O)C1=CC=CC=C1C(=O)OCCCCCCC,0,,,,,,
CCCC[Sn](CCCC)(CCCC)OC(=O)C=C,1,,C1=CC=C(C=C1)P(C2=CC=CC=C2)C3=CC=CC=C3,1,,C1=CC=C(C(=C1)CC(=O)[O-])NC2=C(C=CC=C2Cl)Cl.[Na+],1,,C1[C@@H]2[C@H]3[C@@H]([C@H]1[C@H]4[C@@H]2O4)[C@]5(C(=C([C@@]3(C5(Cl)Cl)Cl)Cl)Cl)Cl,1,,C=CC1=CC=CC=N1,0,,CCCCC(CC)COC(=O)C1=CC=C(C=C1)O,1,,,,,,
CC1=CN(C(=O)NC1=O)[C@H]2[C@H]([C@@H]([C@H](O2)CO)O)F,0,,CCCCCCCCN1C=C[N+](=C1)C.[Cl-],0,,CC(C)(C)C=C,0,,C1=CC(=CC=C1N)[N+](=O)[O-],0,,CC1=C(N(C2=C1C=C(C=C2)O)CC3=CC=C(C=C3)OCCN4CCCCCC4)C5=CC=C(C=C5)O.CC(=O)O,1,,C[C@@H]1CC2=C(CCC(=O)C2)[C@@H]3[C@@H]1[C@@H]4CC[C@]([C@]4(CC3)C)(C#C)O,0,,,,,,
C1(=C(C(=C(C(=C1Cl)Cl)C(=O)Cl)Cl)Cl)C(=O)Cl,0,,C1=CC(=CN=C1)CNC(=O)NC2=CC=C(C=C2)[N+](=O)[O-],1,,COC(=O)[C@H]1[C@H](CC[C@@H]2[C@@H]1C[C@H]3C4=C(CCN3C2)C5=CC=CC=C5N4)O,0,,C1=CC(=CC(=C1)[N+](=O)[O-])[N+](=O)[O-],1,,C1CCN(CC1)C2(CCN(CC2)CCCN3C4=CC=CC=C4CCC5=C3C=C(C=C5)Cl)C(=O)N,1,,CC1=CC(=CC=C1)N(C)C(=S)OC2=CC3=C(CCC3)C=C2,1,,,,,,
C1=CC(=C2C(=C1[N+](=O)[O-])C(=O)C3=C(C=CC(=C3C2=O)O)[N+](=O)[O-])O,1,,C1=CC=C2C(=C1)C3=CC=CC4=C3C2=CC=C4,1,,C1=CC(=CC=C1C2=C(C(=O)C3=C(C=C(C=C3O2)O)O)O)O,1,,CC1=C(C=C(C=C1)N)O,1,,C[C@H](CCCC(C)C)[C@H]1CC[C@@H]\2[C@@]1(CCC/C2=C\C=C\3/C[C@H](CCC3=C)O)C,1,,CCNC1=NC(=NC(=N1)Cl)NC(C)C,1,,,,,,
C1=CC=C(C=C1)NC2=CC=C(C=C2)N=O,1,,C1=CC=C(C(=C1)N)O,1,,C1=CC(=C(C=C1[N+](=O)[O-])Cl)NC(=O)C2=C(C=CC(=C2)Cl)O,1,,C1=C(OC(=C1)[N+](=O)[O-])/C=N/NC(=O)N,1,,C1=CC=C2C(=C1)C(=O)C3=C(C2=O)SC(=C(S3)C#N)C#N,1,,CC(C)(C1=CC(=C(C(=C1)Br)O)Br)C2=CC(=C(C(=C2)Br)O)Br,1,,,,,,
CC1=CC(=O)OC2=C1C=CC(=C2)N(C)C,0,,C1=CC(=CC=C1CCC(=O)C2=C(C=C(C=C2O)O)O)O,1,,CCCN1C=C[N+](=C1)C.[I-],0,,C1=CC(=C(C=C1Cl)N)N,1,,CCCCCCC(CCCCCCCCCCC(=O)O)O,1,,CN1C[C@@H](C[C@H]2[C@H]1CC3=CN(C4=CC=CC2=C34)C)CNC(=O)OCC5=CC=CC=C5,1,,,,,,
C1=CC(=C(C=C1Br)Br)OC2=C(C=C(C=C2)Br)Br,1,,C1=CC(=CC=C1N=NC2=CC(=C(C=C2)O)C(=O)O)[N+](=O)[O-],1,,C1=CC=C(C=C1)CCO,0,,C=CC(=O)NCNC(=O)C=C,0,,CC(=C)[C@H]1CC2=C(O1)C=CC3=C2O[C@@H]4COC5=CC(=C(C=C5[C@@H]4C3=O)OC)OC,0,,C1=CC=C2C=C(C=CC2=C1)NC3=CC=C(C=C3)NC4=CC5=CC=CC=C5C=C4,0,,,,,,
CCCCCCCCCCCC[N+](C)(C)CC1=CC=CC=C1.[Cl-],1,,C1=CC=C2C(=C1)C(=O)C(C2=O)C3=NC4=C(C=C(C=C4C=C3)S(=O)(=O)[O-])S(=O)(=O)[O-].[Na+].[Na+],1,,COP(=S)(OC)OC1=CC(=C(C=C1Cl)Cl)Cl,1,,C1=CC2=C(C=CC=C2N)C(=C1)N,1,,CC(=O)C1=CC2=C(C=C1)SC3=CC=CC=C3N2CCCN(C)C.C(=C\C(=O)O)\C(=O)O,0,,CC(C)NC1=NC(=NC(=N1)N)Cl,0,,,,,,
CN(C)CCOC1=CC2=CC=CC=C2SC3=C1C=C(C=C3)Cl,1,,C[C@]12CC(=O)[C@H]3[C@H]([C@@H]1CC[C@@]2(C(=O)CO)O)CCC4=CC(=O)C=C[C@]34C,0,,C1=CC=C(C=C1)C2(C(=O)NC(=O)N2)C3=CC=CC=C3,1,,C1=CC=C(C=C1)NC(=NC2=CC=CC=C2)N,0,,CCCC[Sn](CCCC)(CCCC)OC(=O)C(=C)C,1,,CCOC(=O)[C@@H]([C@H](C(=O)OCC)O)O,0,,,,,,
C1=CC=C(C=C1)CCN=C(N)N=C(N)N.Cl,0,,C1CCN(CC1)C(=O)/C=C/C=C/C2=CC3=C(C=C2)OCO3,1,,CCCN(CCC)C(=O)CC1=C(N=C2N1C=C(C=C2)Cl)C3=CC=C(C=C3)Cl,1,,C(CO)CBr,0,,CC(C)COCC(CN(CC1=CC=CC=C1)C2=CC=CC=C2)N3CCCC3,1,,CC(=O)O.CC(=O)O.C1=CC(=CC=C1N/C(=N/C(=NCCCCCCN=C(/N=C(/NC2=CC=C(C=C2)Cl)\N)N)N)/N)Cl,0,,,,,,
C1=C(C(=CC(=C1Cl)N)Cl)C2=CC(=C(C=C2Cl)N)Cl,1,,CCOP(=S)(OCC)OC1=C(C=C(C=C1)Cl)Cl,1,,CCN(CC)C1=CC=C(C=C1)C(=C2C=CC(=[N+](CC)CC)C=C2)C3=C(C=CC(=C3)S(=O)(=O)[O-])S(=O)(=O)[O-].[Na+],1,,C1=CC2=C(C=C1[N+](=O)[O-])SC(=N2)N,1,,C1=CC(=C(C=C1[N+](=O)[O-])[N+](=O)[O-])Cl,1,,CCC1=CC=C(C=C1)O,0,,,,,,
CS(=O)(=O)NC(=O)C1=C(C=CC(=C1)OC2=C(C=C(C=C2)C(F)(F)F)Cl)[N+](=O)[O-],0,,C[C@H]1[C@@H]([C@H]([C@H]([C@@H](O1)OC[C@@H]2[C@H]([C@@H]([C@H]([C@@H](O2)OC3=CC(=C4C(=O)C[C@H](OC4=C3)C5=CC(=C(C=C5)OC)OC)O)O)O)O)O)O)O,0,,C([C@H]([C@H]([C@@H]([C@H](CO)O)O)O)O)O,0,,C1=CC=C(C(=C1)C2=CC=C(C=C2)Cl)NC(=O)C3=C(N=CC=C3)Cl,1,,C1=CC(=C(C=C1O)C(F)(F)F)[N+](=O)[O-],1,,C1(=C(N=C(C(=N1)Cl)N)N)C(=O)N=C(N)N.Cl,1,,,,,,
C1=CC(=CC=C1NC(=O)NC2=CC(=C(C=C2)Cl)C(F)(F)F)Cl,1,,CC1=CN(C(=O)NC1=O)[C@H]2C[C@@H]([C@H](O2)CO)N=[N+]=[N-],0,,CC(C)(C)C1=CC=C(C=C1)C=O,0,,C1=CC=C(C=C1)CC2=C(C=CC(=C2)Cl)O,1,,C1C2C(COS(=O)O1)C3(C(=C(C2(C3(Cl)Cl)Cl)Cl)Cl)Cl,1,,CCCCCO,0,,,,,,
C=C(CC(=O)O)C(=O)O,0,,CC(C)CCOC(=O)C,0,,C1CN(CCN1)C2=NC3=CC=CC=C3OC4=C2C=C(C=C4)Cl,1,,CC1(CC/C(=C/C2=CC=C(C=C2)Cl)/C1(CN3C=NC=N3)O)C,1,,C[C@@H]1CN(C[C@@H](N1)C)CCCN2C3=CC=CC=C3C4=CC=CC=C42.Cl.Cl,1,,[B-](F)(F)(F)F.C[N+]1=CN(C=C1)CCO,0,,,,,,
CC1(CC(CC(N1)(C)C)OC(=O)CCCCCCCCC(=O)OC2CC(NC(C2)(C)C)(C)C)C,0,,C1=CC=C(C=C1)NN=NC2=CC=CC=C2,1,,C1=CC(=C(N=C1)N)N,0,,CCOC(=O)CC(C(=O)OCC)SP(=S)(OC)OC,1,,CNC1=CC=C(C=C1)O.CNC1=CC=C(C=C1)O.OS(=O)(=O)O,1,,CC(=CC1C(C1(C)C)C(=O)OCN2C(=O)C3=C(C2=O)CCCC3)C,1,,,,,,
CCCCCCCCCCCCN.Cl,1,,COP(=O)(OC)O/C(=C\Cl)/C1=CC(=C(C=C1Cl)Cl)Cl,1,,C1=CC=C(C=C1)C(=O)C2=C(C=C(C=C2)O)O,1,,COC1=NN(C(=O)S1)CSP(=S)(OC)OC,1,,C1=CC(=C(C=C1N(CCO)CCO)[N+](=O)[O-])NCCO,0,,CC1=CC(=O)OC2=C1C=CC(=C2)N(C)C,1,,,,,,
CCC1=C[C@H]2C[C@@](C3=C(CN(C2)C1)C4=CC=CC=C4N3)(C5=C(C=C6C(=C5)[C@]78CCN9[C@H]7[C@@](C=CC9)([C@H]([C@@]([C@@H]8N6C)(C(=O)OC)O)OC(=O)C)CC)OC)C(=O)OC.C(C(C(=O)O)O)(C(=O)O)O.C(C(C(=O)O)O)(C(=O)O)O,1,,CC1=C(C2=C(C=C1)C(=O)C3=CC=CC=C3C2=O)[N+](=O)[O-],0,,C1=CC(=CC=C1COC(CN2C=CN=C2)C3=C(C=C(C=C3)Cl)Cl)Cl.[N+](=O)(O)[O-],1,,CS(=O)(=O)C1=CC(=C(C=C1)C(=O)C2C(=O)CCCC2=O)[N+](=O)[O-],0,,C1=CC=C(C=C1)C(CCC2=CC=C(C=C2)Cl)(CN3C=NC=N3)C#N,0,,C1C=CC[C@H]2[C@@H]1C(=O)NC2=O,0,,,,,,
CC1=CC(NC2=CC=CC=C12)(C)C,0,,CC(C)(C)C1=CC(=O)C(=CC1=O)C(C)(C)C,1,,C[C@H]1C[C@@H]2[C@H](CC[C@]3([C@H]2CC[C@@]3(C(=O)C)OC(=O)C)C)[C@@]4(C1=CC(=O)CC4)C,1,,C(C(C(F)(F)S(=O)(=O)[O-])(F)F)(C(F)(F)F)(F)F.[K+],0,,C1CCC(CC1)(C2=CC=C(C=C2)O)C3=CC=C(C=C3)O,1,,CC1C(=NC(O1)C)C,1,,,,,,
C1=CC(=C(C=C1[N+](=O)[O-])[N+](=O)[O-])Cl,1,,C1=CC(=C(C=C1C2=C(C(=O)C3=C(C=C(C=C3O2)O)O)O)O)O.O.O,1,,C1=CC=C(C(=C1)C(=O)Cl)[N+](=O)[O-],0,,CCCC(=O)C1=CC(=C(C=C1O)O)O,1,,C1=CC=C(C(=C1)C=O)C=O,1,,C1=CC(=CC=C1C(Cl)(Cl)Cl)Cl,0,,,,,,
CC1=C(C(=CC=C1)C)N(C(C)C(=O)OC)C(=O)COC,0,,CC(=O)OC(C1=CC=CC=C1)C(=O)C2=CC=CC=C2,1,,CC1=CC2=C(C=C1C)SC(=N2)N,1,,CN1C(=O)C2=CC=CC=C2C1=O,0,,C1=CC(=CC=C1C(CN)O)O,0,,C1=CC=C(C(=C1)C(C2=CC=C(C=C2)Cl)(C3=CN=CN=C3)O)Cl,1,,,,,,
CCN(CC)C1=CC=CC=C1,0,,CCCCCC/C=C/C=O,0,,CCCC(C(CC)CO)O,0,,C1=CC=C2C(=C1)C(=CN2)CO,1,,COC1=C(N=CN=C1OC)NS(=O)(=O)C2=CC=C(C=C2)N,0,,CC1([C@H]([C@H]1C(=O)O[C@H](C#N)C2=CC(=CC=C2)OC3=CC=CC=C3)C=C(Br)Br)C,1,,,,,,
C=CCNC(=S)N,0,,CC(C)C1=CC=C(C=C1)NC(=O)N(C)C,1,,CC/C(=N\OCC)/C1=C(CC(CC1=O)C2=C(C=C(C=C2C)C)C)O,1,,C1=CC=C2C(=C1)C=C(C=C2[N+](=O)[O-])[N+](=O)[O-],1,,C/C(=C\C(=O)O)/C1=C(C=C(C=C1)OC)OC,0,,CC(C)(C1=CC=CC=C1)C2=CC=C(C=C2)O,1,,,,,,
CCN(CC)C(=S)[S-].CCN(CC)C(=S)[S-].[Zn+2],1,,C1CCN(C1)NC(=O)NS(=O)(=O)C2=CC=C(C=C2)Cl,0,,C[Si](C)(C=C)O[Si](C)(C)C=C,0,,CCCCOC(=O)C1=CC=CC=C1C(=O)OCC2=CC=CC=C2,1,,CCCCCCCCCCN1C=C[N+](=C1)C.[Cl-],1,,CC1=CC=C(C2=CC=CC=C12)C,0,,,,,,
CCCC(CC)CCCCCCCN,0,,CC1=NC2=C(CC3=C(O2)C=CC(=C3)C(C)C(=O)OCC(=O)N(C)C)C=C1,1,,C1=CC(=CC=C1C2=C(C(=C(N2)C(F)(F)F)Br)C#N)Cl,1,,C1=CC=C(C=C1)C(=O)NO,0,,COP(=O)(C(C(Cl)(Cl)Cl)O)OC,0,,CCN(CC1=CC(=CC=C1)S(=O)(=O)[O-])C2=CC=C(C=C2)C(=C3C=CC(=[N+](CC)CC4=CC(=CC=C4)S(=O)(=O)[O-])C=C3)C5=C(C=C(C=C5)O)S(=O)(=O)[O-].[Na+].[Na+],0,,,,,,
C1=CC=C(C=C1)C2=NC3=C(N2)C=C(C=C3)S(=O)(=O)O,1,,C1[C@@H]2[C@H](COS(=O)O1)[C@@]3(C(=C([C@]2(C3(Cl)Cl)Cl)Cl)Cl)Cl,1,,C1=CC=C2C(=C1)C3=CC=CC=C3O2,0,,C1=CC(=CC=C1[C@H]([C@@H](CO)NC(=O)C(Cl)Cl)O)[N+](=O)[O-],0,,CN(C)C(=O)C1(CCN(CC1)CC[C@]2(CN(CCO2)C(=O)C3=CC=CC=C3)C4=CC(=C(C=C4)Cl)Cl)N5CCCCC5.Cl,1,,C1=CC=C2C(=C1)C=NN=C2NN.Cl,1,,,,,,
CC(C)(C)NCC(COC1=CC=CC2=C1C[C@@H]([C@@H](C2)O)O)O,0,,CC(C)CCCC(C)NCCC(C)C,0,,CC(C)C1CCC(C1(CN2C=NC=N2)O)CC3=CC=C(C=C3)Cl,1,,C1=CC(=CC=C1C(=O)O)Cl,0,,C[C@]12CC[C@H]3[C@H]([C@@H]1CC[C@@H]2OC(=O)CCC4CCCCC4)CCC5=CC(=O)CC[C@H]35,0,,[O-][Se](=O)[O-].[Na+].[Na+],0,,,,,,
C[C@H]1[C@@H]([C@H]([C@H]([C@@H](O1)OC[C@@H]2[C@H]([C@@H]([C@H]([C@@H](O2)OC3=C(OC4=CC(=CC(=C4C3=O)O)O)C5=CC(=C(C=C5)O)O)O)O)O)O)O)O,0,,CC1=C2C=CC3=CC=CC=C3C2=C(C4=CC=CC=C14)C,1,,CC(C)(C(=O)O)OC1=CC=C(C=C1)C2CC2(Cl)Cl,1,,C1=CC2=C3C(=C1)C=CC4=CC=CC(=C43)C=C2,1,,C1=CC=C(C=C1)NC(=O)CCl,1,,CC(=O)OC1=CC=CC=C1C(=O)NC2=NC=C(S2)[N+](=O)[O-],1,,,,,,
C1CN(CCN1C[C@H](COC2=CC=CC3=C2C=CC=N3)O)C4C5=CC=CC=C5[C@H]6[C@H](C6(F)F)C7=CC=CC=C47.Cl.Cl.Cl,1,,CC(C)C(=O)NC1=CC=CC(=C1)C2CN3CCSC3=N2,0,,C[N+](C)(C)CCOC(=O)N.[Cl-],0,,CCCCCCCCCC(CC)C1=CC=C(C=C1)S(=O)(=O)O,1,,CC/C=C\CC1=C(CCC1=O)C,0,,C1=CC2=C(C=C1[N+](=O)[O-])NC=N2,0,,,,,,
COC1=CC=C(C=C1)CC=C,0,,CC1CCC2=C3N1C=C(C(=O)C3=CC(=C2)F)C(=O)O,0,,CC(C)(C)OC(=O)C1=CC(=CC=C1)N,1,,Cl[In](Cl)Cl,0,,C1=CC(=C(C=C1C(F)(F)F)Cl)OC2=CC(=C(C=C2)[N+](=O)[O-])C(=O)[O-].[Na+],0,,CN(C)C(=O)[C@@H]1C[C@H](CN1[C@]2(C3=C(C=CC(=C3)Cl)N(C2=O)S(=O)(=O)C4=C(C=C(C=C4)OC)OC)C5=CC=CC=C5OC)O,1,,,,,,
CCCC(C1=CC=CC=C1)(C2=CC=CC=C2)C(=O)OCCN(CC)CC.Cl,1,,C1=CC(=CC=C1O)SC2=CC=C(C=C2)O,1,,C1=CN=CC=C1C(=O)NN,1,,CC1=C(C=C(C(=O)N1)C#N)C2=CC=NC=C2,1,,CC1=C(C=CS1)Br,0,,C1CCC(CC1)N2C(=NN=N2)CCCCOC3=CC4=C(C=C3)NC(=O)CC4,1,,,,,,
C1C=CCC2C1C(=O)N(C2=O)SC(C(Cl)Cl)(Cl)Cl,1,,C1=CC(=CC=C1C(C2=CC=C(C=C2)Cl)C(Cl)(Cl)Cl)Cl,1,,COC1=CC=C(C=C1)C(=O)N2CCCC2=O,0,,COC(=O)C1=C(C(=C(C(=C1Cl)Cl)C(=O)OC)Cl)Cl,0,,C1=CC(=CC=C1N/C(=N/C(=NCCCCCCN=C(/N=C(/NC2=CC=C(C=C2)Cl)\N)N)N)/N)Cl,1,,C1=CC(=CC=C1/C=C/C(=O)O)/C=C/C(=O)O,0,,,,,,
CCCCOCCOC(=O)C1=CC=CC=C1C(=O)OCCOCCCC,1,,COC1=C(C=C(C=C1)[N+](=O)[O-])N,0,,C[C@H]1/C=C\C=C(/C(=O)NC2=C(C(=C3C(=C2O)C(=C(C4=C3C(=O)[C@](O4)(OC=C[C@@H]([C@H]([C@H]([C@@H]([C@@H]([C@@H]([C@H]1O)C)O)C)OC(=O)C)C)OC)C)C)O)O)/C=N/N5CCN(CC5)C)\C,1,,CCN(CC)C(=S)SSC(=S)N(CC)CC,1,,CC1=C(C=CN=C1CS(=O)C2=NC3=CC=CC=C3[N-]2)OCCCOC.[Na+],0,,CC1=C(C2=CC=CC=C2N1CCC(=O)O)CN3C=CN=C3,0,,,,,,
C1=CC(=CC=C1N)S(=O)(=O)C2=CC=C(C=C2)N,0,,CC1=NC(=C(C(=N1)Cl)NC2=NCCN2)OC,0,,CCC1=CC=C(C=C1)Br,0,,C1=C(C(=NC(=C1Cl)Cl)OCC(=O)O)Cl,0,,CC1COC(O1)(CN2C=NC=N2)C3=C(C=C(C=C3)OC4=CC=C(C=C4)Cl)Cl,1,,C(C(=O)O)C(=O)O,0,,,,,,
CC[C@@]1(C(=O)N(C(=O)N1)C)C2=CC=CC=C2,0,,COC(=O)C1=C(C=CS1)S(=O)(=O)N,0,,C1CN(CCN1CCCC2=CC=CC=C2)CCOC(C3=CC=C(C=C3)F)C4=CC=C(C=C4)F.Cl.Cl,1,,CC1=C(C(=O)CC1OC(=O)C2C(C2(C)C)C=C(C)C)CC=C,1,,C1=C(C=C(C(=C1I)OC2=CC(=C(C(=C2)I)O)I)I)CC(=O)O,1,,CCC1=CC=CC(=C1N([C@@H](C)COC)C(=O)CCl)C,1,,,,,,
COP(=S)(OC)OC1=CC=C(C=C1)S(=O)(=O)N,0,,C1=CC=C2C(=C1)C(=C(N2)C3=NC4=CC=CC=C4C3=O)O,1,,CCOC(=O)C(C1=C(C2=CC=CC=C2OC1=O)O)C3=C(C4=CC=CC=C4OC3=O)O,1,,CC(C)(C)C(C(N1C=NC=N1)OC2=CC=C(C=C2)Cl)O,1,,C1=CC(=CC(=C1)N)C(F)(F)F,0,,CCC[N+](=O)[O-],0,,,,,,
C1=CC(=C(C=C1[N+](=O)[O-])Cl)NC(=O)C2=C(C=CC(=C2)Cl)O,1,,CCOC(=O)C,0,,CC(CC1=CC=CC=C1)NCC2=CC=CC=C2Cl.Cl,0,,CCCN(CCC)C1=C(C=C(C=C1[N+](=O)[O-])S(=O)(=O)N)[N+](=O)[O-],1,,CC1=C(C=CC=C1O)C(=O)N[C@@H](CSC2=CC=CC=C2)[C@@H](CN3C[C@H]4CCCC[C@H]4C[C@H]3C(=O)NC(C)(C)C)O.CS(=O)(=O)O.O,1,,C(C(=O)O)N(CC(=O)O)CC(=O)O,0,,,,,,
C1=CC(=CC=C1C(=O)C2=C(C=C(C=C2)O)O)O,0,,CC(C)C1=CC2=C(C=C1)C=C(C=C2)C(C)C,1,,CCCCCC(C#C)O,0,,C1=CC(=C(C=C1Cl)O)OC2=C(C=C(C=C2)Cl)Cl,1,,CC1=CC=C(C=C1)NC2=C3C(=C(C=C2)O)C(=O)C4=CC=CC=C4C3=O,0,,CCN(CCC#N)C1=CC=C(C=C1)N=NC2=C(C=C(C=C2Cl)[N+](=O)[O-])Cl,1,,,,,,
CC(C)C1=CC=C(C=C1)OP(=O)(OC2=CC=C(C=C2)C(C)C)OC3=CC=C(C=C3)C(C)C,1,,C1=CC2=C(C=CC=C2O)C(=C1)O,1,,C1(=C(C(=NC(=C1Cl)Cl)C(Cl)(Cl)Cl)Cl)Cl,1,,C1=CC(=C(C=C1Cl)Cl)OCCCC(=O)O,0,,CCCCCC=O,0,,CC[C@@H](CO)NC(=O)[C@H]1CN([C@@H]2CC3=CNC4=CC=CC(=C34)C2=C1)C,0,,,,,,
C1=CC(=CC=C1COC(CN2C=CN=C2)C3=C(C=C(C=C3)Cl)Cl)Cl.[N+](=O)(O)[O-],1,,CC(C1=CC=C(C=C1)/C=C/2\CCCCC2=O)C(=O)O,1,,CCCCC(CC)COCCO,0,,C(C(C(C(C(F)(F)S(=O)(=O)O)(F)F)(F)F)(F)F)(C(C(C(F)(F)F)(F)F)(F)F)(F)F,1,,C=CCNCC=C,0,,C1=CC(=C(C(=C1)Cl)C(=O)NCC2=C(C=C(C=N2)C(F)(F)F)Cl)Cl,1,,,,,,
CCCCCCCCCC(CC)C1=CC=C(C=C1)S(=O)(=O)O,1,,C1CCC(CC1)C2CCC(CC2)O,0,,CCCCCCCCCCOC(=O)C1=CC=CC=C1C(=O)OCCCCCCCCCC,0,,CCCCC(CC)COC(=O)C1=CC=CC=C1C(=O)OCC(CC)CCCC,1,,CCC(=O)NC1=CC(=C(C=C1)Cl)Cl,0,,COP(=O)(OC)OC(C(Cl)(Cl)Br)Br,1,,,,,,
CCN(CC1=C(C=CC=C1Cl)F)C2=C(C=C(C=C2[N+](=O)[O-])C(F)(F)F)[N+](=O)[O-],1,,C/C=C/C1=CC(=C(C=C1)OC)OC,0,,CCCCCCCCCCCCN,1,,CC(C)OC1=CC=CC(=C1)NC(=O)C2=CC=CC=C2C(F)(F)F,1,,C1CN(CCC1(C2=CC(=C(C=C2)Cl)C(F)(F)F)O)CCCC(C3=CC=C(C=C3)F)C4=CC=C(C=C4)F,1,,CCCCCCCCCCCCCC[P+](CCCCCC)(CCCCCC)CCCCCC.[Br-],1,,,,,,
CC(=O)OC(C1=CC=C(O1)[N+](=O)[O-])OC(=O)C,1,,C[C@@H]1CCC=C2[C@]1(C[C@@H](CC2)C(=C)C)C,0,,COC1=NN(C(=O)S1)CSP(=S)(OC)OC,1,,CCCCOCCOCCOCC1=CC2=C(C=C1CCC)OCO2,1,,CCCCC(CC)COC(=O)C1=CC=CC=C1C(=O)O,0,,CCOC(=O)OCC,0,,,,,,
C/C(=N\OCC1=CC=CC=C1/C(=N/OC)/C(=O)OC)/C2=CC(=CC=C2)C(F)(F)F,1,,C[C@]12C[C@@H]([C@H]3[C@H]([C@@H]1CC[C@@]2(C(=O)CO)O)C[C@@H](C4=CC(=O)C=C[C@]34C)F)O,0,,CCOP(=S)(OCC)OP(=S)(OCC)OCC,1,,CO/C=C(\C1=CC=CC=C1OC2=NC=NC(=C2)OC3=CC=CC=C3C#N)/C(=O)OC,1,,C[C@H]1[C@@H]([C@H]([C@H]([C@@H](O1)O[C@H]2C[C@H]([C@@]3([C@@H]4[C@@H](CC[C@@]3(C2)O)[C@]5(CC[C@@H]([C@]5(C[C@H]4O)C)C6=CC(=O)OC6)O)CO)O)O)O)O,1,,CCCN(CCC)C1=C(C=C(C=C1[N+](=O)[O-])C(C)C)[N+](=O)[O-],1,,,,,,
CCN(CC)C(=S)[S-].[Na+],1,,COC1=C(C=CC(=C1C(=O)O)Cl)Cl,0,,CSC(=O)C1=C2C(=CC=C1)N=NS2,1,,CC(C)(C1=CC=C(C=C1)O)C2=CC=C(C=C2)O,1,,C1=CC(=CC=C1NC(=O)NC2=CC(=C(C=C2)Cl)Cl)Cl,1,,C1=CC=C2C(=C1)C(=O)C3=CC(=C4C(=C3C2=O)NC5=C(C=C6C(=C5N4)C(=O)C7=CC=CC=C7C6=O)Cl)Cl,0,,,,,,
C1=C(C=C(C(=C1I)OC2=CC(=C(C(=C2)I)O)I)I)C[C@@H](C(=O)O)N,0,,CCC1=C(C(=CC=C1)CC)N(COC)C(=O)CCl,1,,CCCCCCCCCCCCCCCCI,0,,C[C@H]1C[C@@H]2[C@H](CC[C@]3([C@H]2CC[C@@]3(C(=O)C)OC(=O)C)C)[C@@]4(C1=CC(=O)CC4)C,0,,[I-].[I-].[Hg+2],1,,C1[C@@H]([C@H](O[C@H]1N2C=C(C(=O)NC2=O)C(F)(F)F)CO)O,0,,,,,,
[CH-]1C=CC=C1.[CH-]1C=CC=C1.[Co+2],0,,CC(C)COC(=O)C1=CC=C(C=C1)O,1,,CC(C)NC(=O)C1=CC=CC=C1N,0,,C[N+]1([C@@H]2CC(C[C@H]1[C@H]3[C@@H]2O3)OC(=O)[C@H](CO)C4=CC=CC=C4)C.[Br-],0,,CC1=NC2=CC=CC=C2N1CC3=CC=C(C=C3)Cl,0,,CC(C)OC(=O)C1=CC(=CC(=C1)[N+](=O)[O-])C(=O)OC(C)C,1,,,,,,
C1CC(=O)NC2=C1C=CC(=C2)OCCCCN3CCN(CC3)C4=C(C(=CC=C4)Cl)Cl,1,,C1=CC=C(C=C1)S(=O)(=O)OC2=C(C=C(C=C2)Cl)Cl,1,,CC1=CC[C@@H](CC1=O)C(=C)C,0,,C1CNP(=O)(OC1)N(CCCl)CCCl.O,0,,CC[Hg]SC1=CC=CC=C1C(=O)[O-].[Na+],1,,CCCC(=O)O[C@@]1(CC[C@@H]2[C@@]1(C[C@@H]([C@H]3[C@H]2CCC4=CC(=O)CC[C@]34C)O)C)C(=O)COC(=O)CC,0,,,,,,
C1(=O)C2(C3(C4(C1(C5(C2(C3(C(C45Cl)(Cl)Cl)Cl)Cl)Cl)Cl)Cl)Cl)Cl,1,,CC1=C(N(N=C1C(=O)NN2CCCCC2)C3=C(C=C(C=C3)Cl)Cl)C4=CC=C(C=C4)Cl,0,,C1=COC(=C1)CN,0,,C[N+](C)(C)CCOC(=O)CCC(=O)OCC[N+](C)(C)C.[Cl-].[Cl-],0,,C(NC(=O)N(CO)C1C(=O)N(C(=O)N1CO)CO)O,0,,CCCCN(CCC(=O)OCC)C(=O)C,0,,,,,,
CCCCCC#CC(=O)OC,0,,C(C(CO)(CO)COCC(CO)(CO)CO)O,0,,CC(=C)C(=O)NCCC[N+](C)(C)C.[Cl-],0,,C[C@]12CC[C@H]3[C@H]([C@@H]1CCC2=O)CC(=C)C4=CC(=O)C=C[C@]34C,0,,CCOP(=S)(OCC)OC1=CC=C(C=C1)S(=O)C,0,,CCCCNC(=O)N1C2=CC=CC=C2N=C1NC(=O)OC,1,,,,,,
CCCCCCOC(=O)NC(=N)C1=CC=C(C=C1)NCC2=NC3=C(N2C)C=CC(=C3)C(=O)N(CCC(=O)OCC)C4=CC=CC=N4,1,,CCCCCCCCC1=CC=C(C=C1)NC2=CC=C(C=C2)CCCCCCCC,0,,CN1C(=CN=C1COC(=O)N)[N+](=O)[O-],0,,C[C@H]1C[C@H]2[C@@H]3CC[C@@]([C@]3(C[C@@H]([C@@]2([C@@]4(C1=CC(=O)C=C4)C)F)O)C)(C(=O)C)O,0,,C1=CC(=N)C=CC1=C(C2=CC=C(C=C2)N)C3=CC=C(C=C3)N.Cl,1,,CCCCOC(=O)CC(CC(=O)OCCCC)(C(=O)OCCCC)OC(=O)C,1,,,,,,
CN(C)CCCN(C)C,0,,CC(C)(C)OC(=O)C1=C2[C@@H]3CCCN3C(=O)C4=C(N2C=N1)C=CC=C4Br,0,,CCCCCC(=O)C,0,,C[C@]12CCC(=O)C=C1CC[C@@H]3[C@@H]2CC[C@]4([C@H]3CC[C@]4(C)O)C,0,,CCCCCCCCCCCCCCCC[N+](C)(C)CC.[Br-],1,,C1=CC(=C(C=C1OC2=C(C=C(C=C2I)C[C@@H](C(=O)[O-])N)I)I)O.[Na+],1,,,,,,
P#[In],0,,CCCCOC(=O)C1=CC=C(C=C1)O,1,,CCC1(C(=O)NC(=O)NC1=O)C2=CC=CC=C2,0,,CC(=O)OCC(=O)[C@]1(CC[C@@H]2[C@@]1(C[C@@H]([C@H]3[C@H]2CCC4=CC(=O)C=C[C@]34C)O)C)O,0,,C1=CC(=C(C=C1Cl)CC2=C(C=CC(=C2)Cl)O)O,1,,C1=C(OC(=C1)C=O)CO,0,,,,,,
C1CC2=C(C=CC(=C2)F)O[C@H]1[C@H](CNC[C@@H]([C@@H]3CCC4=C(O3)C=CC(=C4)F)O)O.Cl,1,,C1=CC=C(C=C1)/C=C/C=O,0,,C1=CC=C(C(=C1)C(=O)O)[N+](=O)[O-],0,,COC1=CC(=CC(=C1OC)OC)CC2=CN=C(N=C2N)N,0,,CC1=CC(=C(C=C1)N)C,0,,CN1CN(C(=S)SC1)C,1,,,,,,
C1=CC=C(C=C1)CCOC(=O)C2=CC=CC=C2N,0,,[Li+].[Li+].[O-]S(=O)(=O)[O-],0,,C1=CC(=C(C=C1Cl)Cl)C(=O)O,0,,CC1=NC=C(C(=C1O)CO)CO,0,,CC1=CC=CC=C1C(=O)N,0,,CCCN1CN(C=C1)C.Br,0,,,,,,
C1=CC(=CC=C1N/C(=N/C(=NCCCCCCN=C(/N=C(/NC2=CC=C(C=C2)Cl)\N)N)N)/N)Cl,1,,CC1=CC(=C(C=C1OC)C[C@@H](C)N)OC.Cl,0,,C1=CC=C(C(=C1)S)Cl,0,,C[C@]12CCC(=O)C=C1CC[C@@H]3[C@@H]2[C@H](C[C@]4([C@H]3CC[C@@]4(C(=O)CO)O)C)O,0,,C[N+]1=C2C(=C3C=CC4=C(C3=C1)OCO4)C=CC5=CC6=C(C=C52)OCO6,1,,CC(C)C(=O)NC1=CC(=C(C=C1)[N+](=O)[O-])C(F)(F)F,1,,,,,,
CCCCCCN1C=C[N+](=C1)C.C(F)(F)(F)S(=O)(=O)[O-],0,,C1(=C(C(=C(C(=C1Cl)Cl)Cl)Cl)Cl)[N+](=O)[O-],1,,CN(C)CCCN1C2=CC=CC=C2CCC3=CC=CC=C31,0,,CC1=C(ON=C1C)NS(=O)(=O)C2=CC=C(C=C2)N,0,,CC[N+](CC)(CC1=CC=CC=C1)CC(=O)NC2=C(C=CC=C2C)C.C1=CC=C(C=C1)C(=O)[O-],0,,C[C@@H]1CN(C[C@@H](O1)C)CC(C)CC2=CC=C(C=C2)C(C)(C)C,1,,,,,,
C(CCC(=O)O)CC(=O)O,0,,CCOP(=S)(OCC)S,0,,C1=CC(=CC(=C1)C(F)(F)F)C(=O)CC2=CC=C(C=C2)C#N,1,,CC1=CC(=NO1)NS(=O)(=O)C2=CC=C(C=C2)N,0,,C1CC1CONC(=O)C2=C(C(=C(C=C2)F)F)NC3=C(C=C(C=C3)I)Cl,1,,CC1=C(C(=CC=C1)C)N(C(=O)COC)N2CCOC2=O,0,,,,,,
C1CCN(C1)CC#CC(C2=CC=CC=C2)(C3=CC=CC=C3)O,0,,CC1=C(C(=CC=C1)C)OCC(C)N.Cl,0,,CC1=C(C(=O)N(C(=O)N1)C(C)(C)C)Cl,0,,CC(=O)NC1=C(C(=C(C(=C1I)C(=O)O)I)NC(=O)C)I.O.O,0,,C[C@]12CC[C@H]3[C@H]([C@@H]1CCC2=O)CCC4=C3C=CC(=C4)O,0,,C1=CC(=CC=C1C(=O)O)N,0,,,,,,
COC1=CC=C(C=C1)COC=O,0,,CCOC(=O)C(C1=CC=CC=C1)SP(=S)(OC)OC,1,,C1=CC=C(C=C1)CC=O,1,,CCN(CC)C1=CC=C(C=C1)C(=C2C=CC(=[N+](CC)CC)C=C2)C3=C(C=CC(=C3)S(=O)(=O)[O-])S(=O)(=O)[O-].[Na+],1,,CCCCCCCCCCCCCOS(=O)(=O)[O-].[Na+],0,,CC(C)(C)C1=CC(=C(C(=C1)C(C)(C)C)O)C(C)(C)C,1,,,,,,
COC1=C(C=CC(=C1)/C=C/2\CCC/C(=C/C3=CC(=C(C=C3)O)OC)/C2=O)O,1,,C1=CC=C(C=C1)C(C(=O)C2=CC=CC=C2)O,1,,CCCCCCCCSC(=O)OC1=CC(=NN=C1C2=CC=CC=C2)Cl,1,,C1=NC2=C(N1COCCO)N=C(NC2=O)N,0,,C[C@@H]1CCC[C@@H](N1CC2=CC=C(C=C2)C[C@H](C(=O)N(C)C(C)C)NC(=O)C[C@H](C3=CC4=C(C=C3)OCO4)NS(=O)(=O)C5=CC6=C(C=C5)C=C(C=C6)OC)C.Cl,1,,CN1CCCC(C1)CC2C3=CC=CC=C3SC4=CC=CC=C24.Cl,0,,,,,,
C1CN(CC1C2=CC=CC=C2)CCC(=O)C3=CC4=C(C=C3)OCCO4,0,,C1CNC[C@H]([C@@H]1C2=CC=C(C=C2)F)COC3=CC4=C(C=C3)OCO4,0,,COC1=C(C=CC(=C1)[C@@H]2[C@H](OC3=C(O2)C=C(C=C3)[C@@H]4[C@H](C(=O)C5=C(C=C(C=C5O4)O)O)O)CO)O,1,,C1COC(=O)N1/N=C/C2=CC=C(O2)[N+](=O)[O-],1,,C1[C@@H]([C@H](O[C@H]1N2C=C(C(=O)NC2=O)Br)CO)O,0,,C1COC(=O)O1,0,,,,,,
C1CCN(CC1)CCOC2=CC=C(C=C2)C(=O)C3=C(SC4=C3C=CC(=C4)O)C5=CC=C(C=C5)O.Cl,1,,C1=CC=C2C(=C1)C=CC=C2O,1,,C1=CC(=C(C(=C1)Cl)CN2C=NC3=C(N=CN=C32)N)F,0,,C1=CC=C(C(=C1)CC(=O)[O-])NC2=C(C=CC=C2Cl)Cl.[Na+],0,,C(CCBr)CCl,0,,COC1=CC=C(C=C1)C2C(=O)C3=CC=CC=C3C2=O,0,,,,,,
CC1=C(C(=CC=C1)[N+](=O)[O-])C,0,,CC1=C(SCCO1)C(=O)NC2=CC=CC=C2,1,,C1COCCN1CCN2C=NC=C2[N+](=O)[O-],0,,C[C@](CC1=CC(=C(C=C1)O)O)(C(=O)O)N.C[C@](CC1=CC(=C(C=C1)O)O)(C(=O)O)N.O.O.O,1,,CC(C)(C1=CC(=C(C(=C1)Br)OCCO)Br)C2=CC(=C(C(=C2)Br)OCCO)Br,1,,CN(C)[C@@H](CCOC1=CC=CC2=CC=CC=C21)C3=CC=CC=C3,1,,,,,,
C1=CC=C(C=C1)[Bi](C2=CC=CC=C2)C3=CC=CC=C3,0,,COC1=CC=C(C=C1)C(=O)/C(=C\C(=O)[O-])/Br.[Na+],1,,CN1C2=CC=CC=C2C(=N[C@@H](C1=O)NC(=O)C3=CC4=CC=CC=C4N3)C5=CC=CC=C5,1,,C[C@H](CS)C(=O)N1CCC[C@H]1C(=O)O,0,,C1=CC(=C(C=C1O)O)C(=O)C2=C(C=C(C=C2)O)O,0,,C1=CC=C2C(=C1)C(OS2(=O)=O)(C3=CC=C(C=C3)O)C4=CC=C(C=C4)O,0,,,,,,
CN(C)CCN(CC1=CC=C(C=C1)OC)C2=NC=CC=N2.Cl,0,,C[C@@]1(C2C[C@H]3[C@@H](C(=O)C(=C([C@]3(C(=O)C2=C(C4=C1C=CC=C4O)O)O)O)C(=O)NCN5CCCC5)N(C)C)O,0,,CC(=C)C(=O)OCCOC(=O)C(=C)C,0,,C(C(F)(F)F)(Cl)Br,0,,CN1CCCCC1CCN2C3=CC=CC=C3SC4=C2C=C(C=C4)SC.Cl,1,,C1=CC=C(C=C1)/C=C/[N+](=O)[O-],1,,,,,,
C1=CC(=C(C=C1Br)Br)OC2=CC(=C(C=C2Br)Br)Br,1,,C1=CC(=C(C=C1C=O)[N+](=O)[O-])Cl,0,,C1COCCN1CCCC2=CC=C(C=C2)COC3=CC=CC=C3,1,,C[C@@H](C(=O)NC1=C(C(=C(C(=C1I)C(=O)NC(CO)CO)I)C(=O)NC(CO)CO)I)O,0,,CC(C)(C)C1=CC=C(C=C1)C=C,0,,C[C@@H]1C[C@H]2[C@@H]3C[C@@H](C4=CC(=O)C=C[C@@]4([C@]3([C@H](C[C@@]2([C@]1(C(=O)CO)O)C)O)F)C)F,1,,,,,,
C[C@]12C[C@@H]([C@H]3[C@H]([C@@H]1CC[C@@]2(C(=O)CO)O)CCC4=CC(=O)C=C[C@]34C)O,0,,C1=CC=C(C=C1)CCOC(=O)/C=C/C2=CC=CC=C2,1,,CC1=CC(=C(C(=C1CC2=NCCN2)C)O)C(C)(C)C,0,,CC(C)(CO)[C@H](C(=O)NCCCO)O,0,,O.O.[O-][Cr](=O)(=O)O[Cr](=O)(=O)[O-].[Na+].[Na+],1,,CCOC(=O)COC(=O)C1=C(C=CC(=C1)OC2=C(C=C(C=C2)C(F)(F)F)Cl)[N+](=O)[O-],1,,,,,,
CCN(CC)C(C)CN1C2=CC=CC=C2SC3=CC=CC=C31.Cl,0,,C1CC1C(=O)NC2=CC(=C(C=C2)Cl)Cl,1,,CCNC1=NC(=NC(=N1)Cl)NCC,0,,CC1=C(C=CN=C1CS(=O)C2=NC3=CC=CC=C3N2)OCC(F)(F)F,1,,CNCC[C@@H](C1=CC=CS1)OC2=CC=CC3=CC=CC=C32.Cl,1,,CC(C)C1=CC=C(C=C1)C=O,0,,,,,,
CC1OC(OC(O1)C)C,0,,C1=CC=C2C(=C1)N=C(S2)Br,1,,CC(C1=CC2=CC=CC=C2S1)N(C(=O)N)O,1,,CCN(CC)C(C)C(=O)C1=CC=CC=C1.Cl,0,,CC1C(=C(C(=O)O1)O)C,0,,CC(C(C)O)O,0,,,,,,
CNCCCN1C2=CC=CC=C2CCC3=CC=CC=C31.Cl,1,,C1COCCN1C(=N)N=C(N)N.Cl,0,,CC1=CN(C(=O)NC1=O)[C@H]2C[C@@H]([C@H](O2)CO)F,0,,CC1=C(N=CN1)CSCCNC(=NC)NC#N,0,,C1=CC=C(C(=C1)C(=O)O)O,0,,C1=NC2=C(N1)C(=O)NC=N2,0,,,,,,
C[C@@H]1[C@H]([C@H](C[C@@H](O1)O[C@@H]2[C@H](O[C@H](C[C@@H]2O)O[C@@H]3[C@H](O[C@H](C[C@@H]3O)O[C@H]4CC[C@]5([C@@H](C4)CC[C@@H]6[C@@H]5CC[C@]7([C@@]6(CC[C@@H]7C8=CC(=O)OC8)O)C)C)C)C)O)O,1,,CN1C=CNC1=S,0,,CC(C)(C1=CC(=C(C(=C1)Br)OCCO)Br)C2=CC(=C(C(=C2)Br)OCCO)Br,1,,CC(C)NCC(COC1=CC=C(C=C1)CCOC)O.CC(C)NCC(COC1=CC=C(C=C1)CCOC)O.[C@@H]([C@H](C(=O)O)O)(C(=O)O)O,0,,CCC(C)C1=C(C(=CC(=C1)[N+](=O)[O-])[N+](=O)[O-])O,0,,CN(C)C1=CC=C(C=C1)C2(C3=C(C=C(C=C3)N(C)C)C(=O)O2)C4=CC=C(C=C4)N(C)C,0,,,,,,
CC1CC(OC(O1)C)OC(=O)C,0,,CC1=C(C=CC2=C1OC(=O)C(=C2[O-])NC(=O)C3=CC(=C(C=C3)O)CC=C(C)C)O[C@H]4[C@@H]([C@@H]([C@H](C(O4)(C)C)OC)OC(=O)N)O.[Na+],0,,COC(=O)CCCC(=O)OC,0,,C1=CC(=CC=C1N)S(=O)(=O)N,0,,CC1=NC=C(N1C)[N+](=O)[O-],0,,C1=CC=C2C(=C1)C=CC3=CC4=C(C=CC5=CC=CC=C54)C=C32,1,,,,,,
C1=CC(=CC=C1C(=C(Cl)Cl)C2=CC=C(C=C2)Cl)Cl,1,,C1COCCN1CCCS(=O)(=O)O,0,,C1(=S)NNC(=S)S1,1,,CN(C)C[C@H]1CCCC[C@@]1(C2=CC(=CC=C2)OC)O.Cl,0,,[Cl-].[Cl-].[Cl-].[Fe+3],0,,CN1CCC2=CC3=C(C=C2[C@@H]1[C@@H]4C5=C(C(=C(C=C5)OC)OC)C(=O)O4)OCO3,1,,,,,,
C1(=O)C2(C3(C4(C1(C5(C2(C3(C(C45Cl)(Cl)Cl)Cl)Cl)Cl)Cl)Cl)Cl)Cl,1,,C1=CC=C(C=C1)NC2=CC(=CC=C2)O,1,,C([N+](=O)[O-])([N+](=O)[O-])([N+](=O)[O-])[N+](=O)[O-],1,,CN(C)/N=N/C1=C(NC=N1)C(=O)N,0,,C1=CC(=C(C=C1C2=C(C(=O)C3=C(C=C(C=C3O2)O)O)O)O)O.O.O,0,,C1=CC2=C(C=CC(=C2)S(=O)(=O)[O-])C=C1O.[Na+],0,,,,,,
C1=CC(=C(C=C1Cl)Cl)C(CN2C=CN=C2)OCC3=C(SC=C3)Cl,1,,C(C(=O)N)F,0,,CC(CO)CO,0,,CN(C)CCN(CC1=CC=C(C=C1)OC)C2=CC=CC=N2,0,,COC(=O)[C@H](CC1=CC(=C(C=C1)O)O)N.Cl,0,,CC1=CC(=CC(=C1)O)C,0,,,,,,
CCCC(C1=CC(=C(C=C1C)O)C(C)(C)C)C2=CC(=C(C=C2C)O)C(C)(C)C,1,,CCC(CC1=C(C(=C(C=C1I)I)N)I)C(=O)O,1,,CCCCCC#CC(=O)OC,1,,C1=NC(=NN1[C@H]2[C@@H]([C@@H]([C@H](O2)CO)O)O)C(=O)N,0,,CCCC1=CC(=O)NC(=S)N1,0,,CC1=CC2=C(C(=C1)O)C(=O)C3=C(C2=O)C=C(C=C3O)O,1,,,,,,
C1CC(C2=CC=CC=C2C1)C3=C(C4=CC=CC=C4OC3=O)O,0,,CS(=O)(=O)C1=C(C=C(C=C1)[C@@H](C[C@H]2CCC(=O)C2)C(=O)NC3=NC=CN=C3)Cl,0,,CC1=C(C=CC(=C1)SCC2=C(N=C(S2)C3=CC(=C(C=C3)C(F)(F)F)F)C)OCC(=O)O,1,,CC1=C(N2[C@@H]([C@@H](C2=O)NC(=O)[C@@H](C3=CC=C(C=C3)O)N)SC1)C(=O)O,0,,C1=CC2=C(C(=C(C=C2Cl)I)O)N=C1,1,,C1=CC(=CC=C1C2=CC=C(C=C2)O)O,1,,,,,,
CC[C@H](C)COC(=O)/C=C/C1=CC=C(C=C1)N=CC2=CC=C(C=C2)OC,0,,CCO[Si](C)(CCCOCC1CO1)OCC,0,,CCCCCCCCCCCC1=CC=CC=C1,0,,C1CN2C(=CC=C2C(=O)C3=CC=CC=C3)C1C(=O)O.C(C(CO)(CO)N)O,0,,CC(=CCNC1=C2C(=NC=N1)N(C=N2)[C@H]3[C@@H]([C@@H]([C@H](O3)CO)O)O)C,1,,CCOC(=O)C(C)(C)OC1=CC=C(C=C1)Cl,0,,,,,,
COCCOC(=O)C1=CC=CC=C1C(=O)OCCOC,0,,CN(C)CCCCCCN(C)C,0,,C(I)(I)I,1,,C1=CC(=CC=C1O)O,1,,C1=CC(=C(C=C1Cl)Cl)C(=O)O,0,,C1CC(=O)N[C@@H]1C(=O)O,0,,,,,,
CCCCCCCCOCCCN,1,,CCC(CC)NC1=C(C=C(C(=C1[N+](=O)[O-])C)C)[N+](=O)[O-],1,,C(CN)CNCCCN,0,,CC(=O)N[C@@H]1[C@H](C=C(O[C@H]1[C@@H]([C@@H](CO)O)O)C(=O)O)N=C(N)N,0,,CNS(=O)(=O)CCC1=CC2=C(C=C1)NC=C2C3CCN(CC3)C.Cl,0,,CCOC(=O)C1=CC=C(C=C1)N,0,,,,,,
CC(C)(C)C1=CC=C(C=C1)O,0,,CCCN(CCC)C1=C(C=C(C=C1[N+](=O)[O-])C(F)(F)F)[N+](=O)[O-],1,,CC(=C)C(=O)OCCO,0,,CCCCCCCCCCC[C@@H](C[C@H]1[C@@H](C(=O)O1)CCCCCC)OC(=O)[C@H](CC(C)C)NC=O,1,,CCCCCCCCNC,0,,C(C(=O)O)P(=O)(O)O,0,,,,,,
C1=CC(=O)C=CC1=O,0,,CN(C)C(=O)NC1=CC=C(C=C1)OC2=CC=C(C=C2)Cl,1,,CC1=CC(=O)OC2=C1C=C3C=C(OC3=C2C)C,0,,CC(C)NC1=C(N=CC=C1)N2CCN(CC2)C(=O)C3=CC4=C(N3)C=CC(=C4)NS(=O)(=O)C,1,,C1=CC=C2C=C3C=C(C=CC3=CC2=C1)Cl,0,,C1=CC(=CC(=C1)O)C[C@@H](CO)[C@@H](CC2=CC(=CC=C2)O)CO,0,,,,,,
C1(=C(SSC1=O)Cl)Cl,1,,C1=CC=C2C(=C1)C=CC3=CC4=CC=CC=C4C=C32,1,,C1=CC(=CC=C1[C@H]([C@@H](COC(=O)CCC(=O)[O-])NC(=O)C(Cl)Cl)O)[N+](=O)[O-].[Na+],0,,CC1NC2=CC(=C(C=C2C(=O)N1C3=CC=CC=C3C)S(=O)(=O)N)Cl,0,,CC1=CC(=C(C=C1)C)C,0,,CN(C1=CC=CC=C1)N=O,0,,,,,,
C1=CC=C2C(=C1)C(=O)NC(=O)O2,0,,CC(C)(C1=CC(=C(C(=C1)Br)O)Br)C2=CC(=C(C(=C2)Br)O)Br,0,,COC1=C(C=C2C(=C1)CCC2=O)OC,0,,C[C@@H]1C[C@H]2[C@@H]3CCC4=CC(=O)C=C[C@@]4([C@]3([C@H](C[C@@]2([C@]1(C(=O)CCl)OC(=O)C5=CC=CO5)C)O)Cl)C,1,,CC(C1=CC=CC=C1)NCCC(C2=CC=CC=C2)C3=CC=CC=C3.Cl,1,,CCN(C1CCCCC1)C(=O)SCC,0,,,,,,
C([C@@H](C(=O)O)N)OC(=O)C=[N+]=[N-],0,,CC1=CC=CC=C1[N+](=O)[O-],0,,CC(=CCCC(C)(C=C)OC=O)C,1,,C[C@@H]1[C@@H](C(=O)N[C@@H](C(=O)N2CCC[C@H]2C(=O)N(CC(=O)N([C@H](C(=O)O1)C(C)C)C)C)C(C)C)NC(=O)C3=C4C(=C(C=C3)C)OC5=C(C(=O)C(=C(C5=N4)C(=O)N[C@H]6[C@H](OC(=O)[C@@H](N(C(=O)CN(C(=O)[C@@H]7CCCN7C(=O)[C@H](NC6=O)C(C)C)C)C)C(C)C)C)N)C,1,,CCCCC1(C(=O)N(N(C1=O)C2=CC=CC=C2)C3=CC=CC=C3)COC(=O)CCC(=O)O,0,,C1N2CN3CN1CN(C2)C3,0,,,,,,
C=CC1=CC=CC=N1,0,,CC(=O)C1=CC=CC=N1,0,,C1=CC(=CN=C1)CN,0,,CC(C)(C1=CC=C(C=C1)C(CCCN2CCC(CC2)C(C3=CC=CC=C3)(C4=CC=CC=C4)O)O)C(=O)O.Cl,0,,CCCC[Sn](CCCC)(CCCC)Cl,1,,CCN(CC)C1=CC(=C(C=C1)C(=O)C2=CC=CC=C2C(=O)O)O,1,,,,,,
CCCN(CCC)C1=C(C=C(C(=C1[N+](=O)[O-])N)C(F)(F)F)[N+](=O)[O-],1,,CN1CCC(CC1)OC(C2=CC=CC=C2)C3=CC=CC=C3.Cl,1,,C1=CC(=C(C=C1C(F)(F)F)[N+](=O)[O-])Cl,0,,CCCCC1=NC2(CCCC2)C(=O)N1CC3=CC=C(C=C3)C4=CC=CC=C4C5=NNN=N5,1,,CC1=CC=C(C=C1)C(=O)C2=CC(=C(C(=C2)O)O)[N+](=O)[O-],1,,CCOC(=O)O[C@@]1(CC[C@@H]2[C@@]1(C[C@@H]([C@H]3[C@H]2CCC4=CC(=O)C=C[C@]34C)O)C)C(=O)OCCl,1,,,,,,
C1CN(CCC1C=C(C2=CC=CC=C2)C3=CC=CC=C3)C(=O)CCCCCCCCC4=CN=CC=C4,1,,C1C=CC[C@H]2[C@@H]1C(=O)NC2=O,0,,CC1=C(C=CC(=C1)Br)NC(=O)CCl,1,,CCOC(=O)C1=CN=C(C=C1)C#CC2=CC3=C(C=C2)SCCC3(C)C,1,,CCC(=O)N(C1CCN(CC1)CCC2=CC=CC=C2)C3=CC=C(C=C3)F,0,,CC(C)CCCC(=O)O,0,,,,,,
COC1=CC=C(C=C1)CCN2CCC(CC2)NC3=NC4=CC=CC=C4N3CC5=CC=C(C=C5)F,1,,C1=CC=C2C(=C1)C=NN=C2NN.Cl,1,,CC1=CC(=C(C=C1)NC=NC)C,0,,COC1=CC(=C(C=C1)OC)C(CNC(=O)CN)O.Cl,0,,C1=CC(=O)C=CC1=O,1,,C1=C(C=C(C(=C1Cl)Cl)Cl)[N+](=O)[O-],0,,,,,,
CC(C)(C)C1=CC(=CC(=C1O)C(C)(C)C)C=O,0,,CN1C(=O)CN=C(C2=C1C=CC(=C2)[N+](=O)[O-])C3=CC=CC=C3,0,,C1=CC=C(C(=C1)C(=O)OCC(CO)O)NC2=C3C=CC(=CC3=NC=C2)Cl.Cl,1,,COC1=C(C=C(C=C1)C2=CC3=C(C=C2)C=C(C=C3)C(=O)O)C45CC6CC(C4)CC(C6)C5,0,,CCCN1CCC[C@H]2[C@H]1CC3=C(C2)NN=C3.Cl,0,,C1=CC2=C(C=C1Cl)N(C(=O)N(C2=O)CC3=C(C=C(C=C3)Br)F)CC(=O)O,1,,,,,,
C1=CC(=C(C=C1Cl)O)OC2=C(C=C(C=C2)Cl)Cl,1,,CCCCOC(=O)CC(CC(=O)OCCCC)(C(=O)OCCCC)OC(=O)C,1,,CN(C)CC(COC1=CC=CC=C1CCC2=CC(=CC=C2)OC)OC(=O)CCC(=O)O.Cl,0,,CC(C)C[C@H]1CN2CCC3=CC(=C(C=C3[C@@H]2CC1=O)OC)OC,0,,C[C@]12CCCC([C@@H]1CC[C@@]([C@@H]2CC[C@](C)(C=C)O)(C)O)(C)C,1,,C(=C(I)I)(I)I,1,,,,,,
C1=C(C=C(C(=C1Cl)Cl)Cl)[N+](=O)[O-],0,,CC1=NN(C(=C1)N)C2=CC=CC=C2,1,,C[N+](C)(C)CC(=O)O.[Cl-],0,,C[C@@H]1[C@@H]2[C@H](C(=O)N2C(=C1S[C@H]3C[C@H](NC3)C(=O)N(C)C)C(=O)O)[C@@H](C)O,0,,CCCCCCCCCCO,0,,CC(CCC(=O)O)(C1=CC=C(C=C1)O)C2=CC=C(C=C2)O,0,,,,,,
CC1=NC(=NC(=N1)OC)N(C)C(=O)NS(=O)(=O)C2=CC=CC=C2C(=O)OC,0,,C(CO)NCCO,0,,C1=CC=C(C(=C1)C#N)Cl,0,,C1=CC=C(C=C1)N2C(=O)C(C(=O)N2C3=CC=CC=C3)CCS(=O)C4=CC=CC=C4,1,,CCC([N+](=O)[O-])Cl,0,,C1=CC=C2C(=C1)C(=O)OC23C4=C(C=C(C=C4)O)OC5=C3C=CC(=C5)O,1,,,,,,
CCCC[N+]1(CCCCC1)C.F[P-](F)(F)(F)(F)F,0,,CCN(CC)C1=CC2=C(C=C1)C(=CC(=O)O2)C,1,,COC1=CC=C(C=C1)C(=C(C2=CC=C(C=C2)OC)Cl)C3=CC=C(C=C3)OC,1,,CC[N+](CC)(CC1=CC=CC=C1)CC(=O)NC2=C(C=CC=C2C)C.C1=CC=C(C=C1)C(=O)[O-],0,,CN(C)C1=CC=C(C=C1)N=O,1,,CC1=C(C=CC=C1C2=CC=CC=C2)COC(=O)[C@@H]3[C@@H](C3(C)C)/C=C(/C(F)(F)F)\Cl,1,,,,,,
CC1=CC(=C(C(=C1)C(C)(C)C)O)C(C)(C)C,1,,COP(=S)(OC)Cl,0,,C1=CC=C(C=C1)S(=O)(=O)Cl,0,,CC(C)NCC(C1=CC(=C(C=C1)O)O)O,1,,CC1(C(=O)N(C(=O)N1Br)Br)C,0,,CC1=NC=C(N1CCO)[N+](=O)[O-],0,,,,,,
CN(C)CCCN1C2=CC=CC=C2CCC3=CC=CC=C31.Cl,1,,COC(=O)C1=C(C(=C(C(=C1Cl)Cl)C(=O)OC)Cl)Cl,1,,C(CC(=O)O)C(=O)CN.Cl,0,,C(CN(CC(=O)[O-])CC(=O)[O-])N(CC(=O)[O-])CC(=O)[O-].[Na+].[Fe+3],0,,CCN1C=C[N+](=C1)C.CCOP(=O)([O-])OCC,1,,CC(C)(C)C1=CC(=CC(=C1O)C(C)(C)C)[N+](=O)[O-],1,,,,,,
CCCC[Sn](CCCC)(Cl)Cl,1,,CCCCS(=O)(=O)N[C@@H](CC1=CC=C(C=C1)OCCCCC2CCNCC2)C(=O)O.O.Cl,0,,C1=CC=C(C(=C1)CC(=O)[O-])NC2=C(C=CC=C2Cl)Cl.[Na+],1,,C1CC(CCC1C2=CC=C(C=C2)Cl)C3=C(C4=CC=CC=C4C(=O)C3=O)O,0,,C1=CC2=C(C=CN2)C(=C1)O,0,,C1=CC=C(C=C1)C2=NC3=C(N=C(N=C3N=C2N)N)N,1,,,,,,
C=CC(=O)OCCCCOC(=O)C=C,1,,CC(C)(C1=CC=CC=C1)C2=CC=CC=C2,1,,CC/C=C(/C1=CSC(=N1)N)\C(=O)N[C@H]2[C@@H]3N(C2=O)C(=C(CS3)COC(=O)N)C(=O)OCOC(=O)C(C)(C)C.Cl,1,,CC(C)NC[C@H](COC1=CC=CC2=CC=CC=C21)O,0,,CC1=CC(=C(C=C1)C)O,0,,CCCCCCOC(=O)C(C)C,0,,,,,,
CCC(COC(=O)C=C)(COC(=O)C=C)COC(=O)C=C,1,,C1[C@H](S/C(=C(\C#N)/N2C=CN=C2)/S1)C3=C(C=C(C=C3)Cl)Cl,1,,CCC1(C(=O)NC(=O)NC1=O)CC,0,,C[C@]12CC[C@H]3[C@H]([C@@H]1CC[C@]2(C#C)O)CCC4=CC(=O)CC[C@H]34,1,,C(#N)C1=C(C(=C(C(=C1Cl)Cl)Cl)C#N)Cl,1,,CC(C)OC(=O)CC1=CC=CC=C1,0,,,,,,
CCCCCCCCOC(=O)C,0,,C1=CC=C(C=C1)C2=CC=CC=C2C3=CC=CC=C3,1,,CCCCCCCCCCCCCCCCCC(=O)[O-].C(CO)[NH+](CCO)CCO,1,,CC[C@@H](CO)NC(=O)[C@H]1CN([C@@H]2CC3=CN(C4=CC=CC(=C34)C2=C1)C)C,1,,CC1=C(N=C(O1)C2=CC=CC=C2)CCOC3=CC=C(C=C3)C[C@@H](C(=O)O)NC4=CC=CC=C4C(=O)C5=CC=CC=C5,1,,C1(=S)NNC(=S)S1,0,,,,,,
CC1=CC(=C(C=C1C(C)(C)C)C(C)(C)C)O,1,,CCOC1=CC(=C(C=C1)OCC)Cl,0,,C1=CC=C(C=C1)C2=NC(=C(S2)CC(=O)O)C3=CC=C(C=C3)Cl,1,,CC(=O)OCC(=O)[C@]1(CC[C@@H]2[C@@]1(CC(=O)[C@H]3[C@H]2CCC4=CC(=O)CC[C@]34C)C)O,0,,CC(C)[C@H](C1=CC=C(C=C1)Cl)C(=O)O[C@@H](C#N)C2=CC(=CC=C2)OC3=CC=CC=C3,0,,CC(C)N1C(=NC(C)(C)C)SCN(C1=O)C2=CC=CC=C2,1,,,,,,
CCOC1=C(C=CC(=C1)C(C)(C)C)C2COC(=N2)C3=C(C=CC=C3F)F,1,,CC(=CC1C(C1(C)C)C(=O)OC(C#N)C2=CC(=CC=C2)OC3=CC=CC=C3)C,1,,CCOP(=S)(OCC)OC1=CC=C(C=C1)[N+](=O)[O-],1,,C(C(CO)(CO)N)O,0,,COC(OC)OC,0,,CCCCCCCCCCCCCCCC[N+]1=CC=CC=C1.[Br-],1,,,,,,
C1=CC(=C(C=C1Cl)CC2=C(C=CC(=C2)Cl)O)O,1,,CCN[C@@H](C)CC1=CC=CC=C1.Cl,0,,C1=CC(=C(C=C1[As](=O)(O)O)[N+](=O)[O-])O,0,,COC1=CC=C(C=C1)O,0,,C1=CC(=CC=C1NC(=O)NC2=CC(=C(C=C2)Cl)C(F)(F)F)Cl,1,,C[C@@H](C1=NC=NC=C1F)C(CN2C=NC=N2)(C3=C(C=C(C=C3)F)F)O,0,,,,,,
C1=CC(=C(C=C1[C@@H]([C@@H](C(=O)O)N)O)O)O,0,,C/C(=N\NC(=O)NC1=CC(=CC(=C1)F)F)/C2=C(C=CC=N2)C(=O)O,0,,C(SC#N)SC#N,1,,CN(CC1=CN=C2C(=N1)C(=NC(=N2)N)N)C3=CC=C(C=C3)C(=O)N[C@@H](CCC(=O)O)C(=O)O,0,,CC(C)(C)C1=CC=C(C=C1)C=O,0,,COCCCC/C(=N\OCCN)/C1=CC=C(C=C1)C(F)(F)F,1,,,,,,
CCN(CC)C(=S)[S-].O.O.O.[Na+],1,,C1=CC=C(C=C1)CCNC2=NC(=CS2)C3=CC=CC=C3,1,,CC(C)OC(=O)NC1=CC(=CC=C1)Cl,1,,C(CN)C(O)(P(=O)(O)O)P(=O)(O)O,0,,CCCCCCCCCCN1C=C[N+](=C1)C.C(F)(F)(F)S(=O)(=O)[N-]S(=O)(=O)C(F)(F)F,1,,CCCCCCC1(CCC(=O)O1)C,0,,,,,,
CCCCCCCC/C=C\CCCCCCCCCCCC(=O)O,0,,CCCCCCOC1=CC=C(C=C1)N,1,,C(=O)(C(C(C(C(C(C(C(C(C(C(F)(F)F)(F)F)(F)F)(F)F)(F)F)(F)F)(F)F)(F)F)(F)F)(F)F)O,1,,C1=C(C(=C(C(=C1Cl)Cl)CC2=C(C(=CC(=C2Cl)Cl)Cl)O)O)Cl,1,,COC1=CC=C(C=C1)N,0,,CS(=O)(=O)C,0,,,,,,
CCCCCCCCCCCCCCCCCCOS(=O)(=O)[O-].[Na+],1,,C1=CC(=CC=C1[N+](=O)[O-])O,0,,C[C@](CC1=CC(=C(C=C1)O)O)(C(=O)O)N.C[C@](CC1=CC(=C(C=C1)O)O)(C(=O)O)N.O.O.O,0,,CC(C)CN1C=NC2=C1C3=CC=CC=C3N=C2N,0,,CN1CCC(CC1)NC(=O)C2=CC(=C(C=C2)NC3=NC=C4C(=N3)N(CC(C(=O)N4C)(F)F)C5CCCC5)OC,1,,C1=CC=C2C=C3C=C(C=CC3=CC2=C1)N,1,,,,,,
CCCCCCCC[Sn](CCCCCCCC)(Cl)Cl,1,,COC1=CC=CC(=C1OC)[C@@H](C2CCN(CC2)CCC3=CC=C(C=C3)F)O,0,,C1CN(CCN1CCCN2C(=O)N3C=CC=CC3=N2)C4=CC(=CC=C4)Cl.Cl,0,,CC(=O)NC1=NN=C(S1)S(=O)(=O)N,0,,CN1C[C@@H](C[C@H]2[C@H]1CC3=CN(C4=CC=CC2=C34)C)CNC(=O)OCC5=CC=CC=C5,1,,C1=CC(=CN=C1)C(=O)NCCO[N+](=O)[O-],0,,,,,,
CC1=C(C2=C(N1C(=O)C3=CC=C(C=C3)Cl)C=CC(=C2)OC)CC(=O)OC/C=C(\C)/CC/C=C(\C)/CCC=C(C)C,0,,CNC.[N+](=O)(O)[O-],0,,CN1C(=C(C(=O)N(C1=O)C)N=O)N,0,,CC1=CC=C(C=C1)C2=CC(=NN2C3=CC=C(C=C3)S(=O)(=O)N)C(F)(F)F,1,,C1=C(C(=CC(=C1Cl)N)Cl)C2=CC(=C(C=C2Cl)N)Cl,1,,CCOC(=O)C(C1=CC=C(C=C1)Cl)(C2=CC=C(C=C2)Cl)O,1,,,,,,
CCCCN(CCCC)C1=CC(=C(C=C1)C(=O)C2=CC=CC=C2C(=O)O)O,1,,CC1=NN(C(=O)C1)C2=CC=C(C=C2)C(=O)O,1,,CCCCC1C(=O)N(N(C1=O)C2=CC=CC=C2)C3=CC=CC=C3,1,,C1CCN(CC1)C2=NC(=NC3=C2N=C(N=C3N4CCCCC4)N(CCO)CCO)N(CCO)CCO,1,,CCC(C)SSC(C)CC,0,,CC[C@@]1(C[C@@H]2C[C@@](C3=C(CCN(C2)C1)C4=CC=CC=C4N3)(C5=C(C=C6C(=C5)[C@]78CCN9[C@H]7[C@@](C=CC9)([C@H]([C@@]([C@@H]8N6C=O)(C(=O)OC)O)OC(=O)C)CC)OC)C(=O)OC)O,1,,,,,,
C1=CC(=CC=C1C(=O)OCC(CO)O)N,0,,B(C1=CC=CC=C1)(C2=CC=CC=C2)C3=CC=CC=C3,1,,C1=CC=C2C(=C1)C(=C3C=CC=CC3=C2Br)Br,0,,C[C@@H]1C[C@H]2[C@@H]3CCC4=CC(=O)C=C[C@@]4([C@H]3[C@H](C[C@@]2([C@@]1(C)C(=O)OC)C)O)C,0,,C1=CC=C(C=C1)C2(C(=O)[N-]C(=O)N2)C3=CC=CC=C3.[Na+],0,,C1=C(C=C(C(=C1O)Cl)Cl)Cl,1,,,,,,
CN1CCN(CC1)CCCN2C3=CC=CC=C3SC4=C2C=C(C=C4)S(=O)(=O)N(C)C.CS(=O)(=O)O.CS(=O)(=O)O,1,,CS(=O)(=O)C1=CC=C(C=C1)C2=CN3C=CC=CC3=N2,1,,CN1CCC2=CC3=C(C=C2[C@@H]1[C@@H]4C5=C(C(=C(C=C5)OC)OC)C(=O)O4)OCO3,1,,CCN(CCCC(C)NC1=C2C=CC(=CC2=NC=C1)Cl)CCO.OS(=O)(=O)O,0,,CCCCCCCCCCCCCCCC[N+](C)(C)C.[Cl-],1,,COC1=CC(=CC(=C1OC)OC)C(=O)N2CCCCCCC2,1,,,,,,
C[Si](=O)C,0,,C1N2CN3CN1CN(C2)C3,0,,C1=CC=C(C(=C1)C(C2=CC=C(C=C2)Cl)C(Cl)(Cl)Cl)Cl,1,,CCCNC(C)C(=O)NC1=CC=CC=C1C.Cl,0,,CC1=C(C=CC(=C1)NC2=CC=C(C=C2)O)N,1,,CC1=C(C2=C(CCC(O2)(C)COC3=CC=C(C=C3)CC4C(=O)NC(=O)S4)C(=C1O)C)C,1,,,,,,
CC[C@@H]([C@H](C)O)N1C(=O)N(C=N1)C2=CC=C(C=C2)N3CCN(CC3)C4=CC=C(C=C4)OC[C@H]5C[C@](OC5)(CN6C=NC=N6)C7=C(C=C(C=C7)F)F,1,,CC[C@]12CC[C@H]3[C@H]([C@@H]1CC[C@]2(C#C)O)CCC4=CC(=O)CC[C@H]34,1,,C1=CC(=CC=C1CCO)[N+](=O)[O-],0,,CC(=O)O[C@@H]1[C@@H](SC2=CC=CC=C2N(C1=O)CCN(C)C)C3=CC=C(C=C3)OC,1,,C1=CC(=CN=C1)C(=O)N,0,,C1CCC(CC1)N2CCCC2=O,0,,,,,,
CCC[N+]1(CCCCC1)C.[Br-],0,,CC(=O)OC1=CC=CC(=C1)O,0,,CC(C)(C)NCC(COC1=CC=CC2=C1CCC(=O)N2)O.Cl,0,,C(CC(=O)O)C(=O)CN.Cl,0,,C[C@H]1[C@@H]([C@H]([C@H]([C@@H](O1)O[C@H]2CC[C@@]3([C@H]4CC[C@@]5([C@H](CC[C@@]5([C@@H]4CCC3=C2)O)C6=COC(=O)C=C6)C)C)O)O)O,1,,CC(C)(C#N)C(C)(C)C#N,0,,,,,,
C1=CC(=CC=C1C2=CC(=O)C3=C(C=C(C=C3O2)O)O)O,0,,CCCCCCCCC(=O)O,0,,CCCN(CCC)N=O,0,,C1=CN=C(C=N1)C(=O)N,0,,CC1=CC=CC=C1N=NC2=CC(=C(C=C2)N=NC3=C(C=CC4=CC=CC=C43)O)C,0,,CC(=C[C@@H]1[C@H](C1(C)C)C(=O)OCC2=COC(=C2)CC3=CC=CC=C3)C,1,,,,,,
CC(=O)OCCOC(=O)C,0,,CC1(C(C1C(=O)OC(C#N)C2=CC(=CC=C2)OC3=CC=CC=C3)C=C(Cl)Cl)C,1,,C[Si](CN1C=NC=N1)(C2=CC=C(C=C2)F)C3=CC=C(C=C3)F,1,,C1CCN(CC1)C2=NC(=N)N(C(=C2)N)O,0,,C1=C(C=C(C(=C1S(=O)C2=C(C(=CC(=C2)Cl)Cl)O)O)Cl)Cl,1,,C/C=C/C(=O)O,0,,,,,,
C1=CC=C(C(=C1)C(C2=CC=C(C=C2)Cl)(C3=CN=CN=C3)O)Cl,0,,CC(C)(CC1=CC=CC=C1)NC.CC(C)(CC1=CC=CC=C1)NC.OS(=O)(=O)O,0,,C1=CC=C(C=C1)C(=O)C2=CC=CC=C2O,1,,C1=CC=C(C=C1)C2=NC3=C(N=C(N=C3N=C2N)N)N,0,,CC(=C)C(=O)N,0,,CC1=CC(=C(C(=C1CN2C(=O)N(C(=O)N(C2=O)CC3=C(C(=C(C=C3C)C(C)(C)C)O)C)CC4=C(C(=C(C=C4C)C(C)(C)C)O)C)C)O)C(C)(C)C,0,,,,,,
CCCCCCCCCCCCN1CCCC1=O,1,,C1=CC=C2C(=C1)NC(=N2)C3=CSC=N3,1,,C1=CC=C2C(=C1)C(OS2(=O)=O)(C3=CC(=C(C(=C3)Br)O)Br)C4=CC(=C(C(=C4)Br)O)Br,1,,C[C@@H](CN1CC(=O)NC(=O)C1)N2CC(=O)NC(=O)C2,0,,CCOC1=CC=C(C=C1)O,0,,C1CN2CCN1CC2,0,,,,,,
CC1=C(C=CC(=C1)F)C2=CC(=NC=C2N(C)C(=O)C(C)(C)C3=CC(=CC(=C3)C(F)(F)F)C(F)(F)F)N4CC[C@H]([C@H]4CO)O,1,,C1=CC=C2C=C(C=CC2=C1)N,1,,C(=O)N,0,,CCCCCCCCCC(=O)O[C@H]1CC[C@@H]2[C@@]1(CC[C@H]3[C@H]2CCC4=CC(=O)CC[C@H]34)C,1,,C(C(=O)CCl)Cl,1,,C1=CC(=C(C=C1Cl)Cl)CO/N=C(\CN2C=CN=C2)/C3=C(C=C(C=C3)Cl)Cl.[N+](=O)(O)[O-],1,,,,,,
C1=CC(=CC=C1C(=O)C2=C(C(=C(C=C2)O)O)O)O,0,,C1=CC(=CC=C1CC#N)Cl,0,,C1=C(C=C(C(=C1O)O)S(=O)(=O)[O-])S(=O)(=O)[O-].[Na+].[Na+],0,,C1=CC=C2C(=C1)C=CC3=CC=CC=C3N2C(=O)N,0,,CC1=C(C(=O)C=CO1)O,0,,C[C@H]1/C=C\C=C(/C(=O)NC2=C(C(=C3C(=C2O)C(=C(C4=C3C(=O)[C@](O4)(OC=C[C@@H]([C@H]([C@H]([C@@H]([C@@H]([C@@H]([C@H]1O)C)O)C)OC(=O)C)C)OC)C)C)O)O)/C=N/N5CCN(CC5)C)\C,1,,,,,,
CCC(C(C)(C)C)O,0,,C1=CC=C(C=C1)CNCC2=CC=CC=C2,0,,C1=CC=C(C=C1)[Si](C2=CC=CC=C2)(C3=CC=CC=C3)O,1,,C[C@@H]1[C@H]([C@H](C[C@@H](O1)O[C@@H]2[C@H](O[C@H](C[C@@H]2O)O[C@@H]3[C@H](O[C@H](C[C@@H]3O)O[C@H]4CC[C@]5([C@@H](C4)CC[C@@H]6[C@@H]5CC[C@]7([C@@]6(CC[C@@H]7C8=CC(=O)OC8)O)C)C)C)C)O)O,0,,CCCCCCOC(=O)NC(=N)C1=CC=C(C=C1)NCC2=NC3=C(N2C)C=CC(=C3)C(=O)N(CCC(=O)OCC)C4=CC=CC=N4,1,,C1=CC=C(C(=C1)C2=NC(=NO2)C3=CC(=CC=C3)C(=O)O)F,1,,,,,,
C1=CC=C(C=C1)C(=O)N,0,,CC1=NC=CN1C2=CC=C(C=C2)SC3=CC=CC(=C3)C4(CCOCC4)C(=O)N.CS(=O)(=O)O,1,,C1=CC=C2C(=C1)C(=O)OC23C4=CC(=C(C(=C4OC5=C(C(=C(C=C35)I)O)I)I)O)I,1,,CN(C)C1=NC(=NC(=N1)N(C)C)N(C)C,0,,CCC(O)OC(CC)O,0,,CC(=O)CC(=O)NC1=CC(=C(C=C1OC)Cl)OC,1,,,,,,
C1=CC(=O)NC1=O,1,,CCOC(=O)NC(=S)NC1=CC=CC=C1NC(=S)NC(=O)OCC,0,,CC1=C(C(C(=C(N1)C)C(=O)OCCC2=CC=C(C=C2)N3CCN(CC3)C(C4=CC=CC=C4)C5=CC=CC=C5)C6=CC(=CC=C6)[N+](=O)[O-])C(=O)OC,1,,C1CCC(CC1)(CC(=O)O)CN,0,,CC(=O)NC1=CC=C(C=C1)O,0,,CC1=C(C2=C(O1)C(=CC=C2)NC(=O)C3=C(C=CC=C3Cl)Cl)C(C)(C)O,1,,,,,,
CCN(CCN1C(=NC2=C1C(=O)N(C(=O)N2C)C)CC3=CC=CC=C3)CCO.Cl,0,,CCOP(=S)(OCC)OC1=CC2=C(C=C1)C(=C(C(=O)O2)Cl)C,1,,C1=CSC(=C1)/C=C/S(=O)(=O)NC(=O)C2=C(C=C(C=C2)F)Br,1,,C1=CC=NC(=C1)NS(=O)(=O)C2=CC=C(C=C2)N=NC3=CC(=C(C=C3)O)C(=O)O,0,,C1CCC(CC1)SN2C(=O)C3=CC=CC=C3C2=O,1,,CCCCN(CCCC)CCC(C1=C2C=CC(=CC2=C3C=C(C=C(C3=C1)Cl)Cl)C(F)(F)F)O.Cl,1,,,,,,
CN1CCN(CC1)CCCN2C3=CC=CC=C3SC4=C2C=C(C=C4)C(F)(F)F.Cl.Cl,1,,CC1=C(C=C(C=C1)Cl)N,0,,CCNC1=NC(=NC(=N1)Cl)NCC,0,,CC(=O)OCC(=O)[C@@]12[C@@H](C[C@@H]3[C@@]1(C[C@@H]([C@]4([C@H]3C[C@@H](C5=CC(=O)C=C[C@@]54C)F)F)O)C)OC(O2)(C)C,0,,C[C@@H]1[C@H]([C@H](C[C@@H](O1)O[C@@H]2[C@H](O[C@H](C[C@@H]2O)O[C@@H]3[C@H](O[C@H](C[C@@H]3O)O[C@H]4CC[C@]5([C@@H](C4)CC[C@@H]6[C@@H]5C[C@H]([C@]7([C@@]6(CC[C@@H]7C8=CC(=O)OC8)O)C)O)C)C)C)O)O,1,,CC(=C)[C@H]1CC2=C(O1)C=CC3=C2O[C@@H]4COC5=CC(=C(C=C5[C@@H]4C3=O)OC)OC,0,,,,,,
C1CC1C2=CC=CC=C2OCC3=NCCN3,0,,CC(=O)C1=CC[C@@H]2[C@@]1(CC[C@H]3[C@H]2CC=C4[C@@]3(CC[C@@H](C4)OC(=O)C)C)C,0,,CN(C)C1=CC=C(C=C1)N(C)C,1,,CC(C)OC(=O)C(C)(C)OC1=CC=C(C=C1)C(=O)C2=CC=C(C=C2)Cl,0,,C1CCN(C1)CCCl,0,,CCC(=O)N([C@H]1CCN(C[C@H]1C)CCC2=CC=CS2)C3=CC=CC=C3.Cl,1,,,,,,
C1CN(CCN1C/C=C/C2=CC=CC=C2)C(C3=CC=CC=C3)C4=CC=CC=C4,1,,CC(=O)CC(=O)NC1=CC=CC=C1,0,,C(COCCO)N,0,,CCCCC(CC)COC(=O)C(=C(C1=CC=CC=C1)C2=CC=CC=C2)C#N,1,,C1=CC(=S)N(C=C1)[O-].[Na+],1,,CCOP(=O)(NC(C)C)OC1=CC(=C(C=C1)SC)C,1,,,,,,
CC1=C(C=CC(=C1)OC)NC2=CC=CC=C2,0,,CCC(C)(C1=CC=C(C=C1)O)C2=CC=C(C=C2)O,1,,CCCCC1=CC=CC=C1,0,,CN(C)CCOC(=O)C(C1=CC=CC=C1)C2(CCCC2)O.Cl,0,,CCCCCCCCCCCCCCCC[N+]1=CC=CC=C1.[Br-],1,,CCC1=C2C(=CC=C1)C(=CN2)CCO,0,,,,,,
CCCCCCCCCCCCCC[N+]1=CC=CC=C1.[Br-],1,,CCCCCC1=CC(=CC(=C1)O)O,1,,C1CCN(CC1)C2=NC(=N)N(C(=C2)N)O,0,,CCN(C)C(=O)OC1=CC=CC(=C1)[C@H](C)N(C)C.[C@H]([C@@H](C(=O)O)O)(C(=O)O)O,0,,CCCCCCCCCCCC(=O)OCC,0,,CCN1C2=CC3=C(C=C2C(=O)C(=N1)C(=O)O)OCO3,0,,,,,,
C(SC#N)SC#N,1,,C[C@@]1([C@H]2C[C@H]3[C@@H](C(=O)C(=C([C@]3(C(=O)C2=C(C4=C1C=CC=C4O)O)O)O)C(=O)N)N(C)C)O.Cl,0,,CCC1=CC=CC=C1CC,0,,C1CN(CC=C1N2C3=CC=CC=C3NC2=O)CCCC(=O)C4=CC=C(C=C4)F,0,,CC1=CC(=CC2=C1NC(=O)CC2(C)C)CCN3CCN(CC3)C4=NSC5=CC=CC=C54.CS(=O)(=O)O,1,,C1=CC(=CC=C1CN2C=CN=C2)/C=C/C(=O)O.Cl,0,,,,,,
C1=CC=C2C(=C1)C(=O)N(N=N2)CCl,0,,CO[C@H]1[C@@H](C[C@@H]2CN3CCC4=C([C@H]3C[C@@H]2[C@@H]1C(=O)OC)NC5=C4C=CC(=C5)OC)OC(=O)C6=CC(=C(C(=C6)OC)OC)OC,1,,C1=CC=[N+](C(=C1)SSC2=CC=CC=[N+]2[O-])[O-],1,,C1=CC=C(C(=C1)C2=NN(C(=N2)C3=CC=CC=C3O)C4=CC=C(C=C4)C(=O)O)O,0,,CC(C)(C)C(=O)O,0,,C1=C(NC(=O)NC1=O)C(=O)O,0,,,,,,
C1=CC=C(C(=C1)C(CN2C=NC=N2)(C3=CC=C(C=C3)F)O)F,0,,CC1(C(=O)N(C(=O)N1Br)Cl)C,0,,C1COC(O1)(CN2C=NC=N2)C3=C(C=C(C=C3)Cl)Cl,1,,C1=CC=C(C=C1)COC2=CC=C(C=C2)O,1,,C[C@@H]1[C@H]([C@H](C[C@@H](O1)O[C@@H]2[C@H](O[C@H](C[C@@H]2O)O[C@@H]3[C@H](O[C@H](C[C@@H]3O)O[C@H]4CC[C@]5([C@@H](C4)CC[C@@H]6[C@@H]5C[C@H]([C@]7([C@@]6(CC[C@@H]7C8=CC(=O)OC8)O)C)O)C)C)C)O)O,1,,CNC1=C(C(=O)N(N=C1)C2=CC=CC(=C2)C(F)(F)F)Cl,1,,,,,,
CC(CO)(CO)C(=O)O,0,,CC1=NC=C(C(=C1O)CO)CO.Cl,0,,CC(=O)[O-].CC(=O)[O-].[Co+2],0,,C(CO)N(C1=C(C(=C(C(=C1I)C(=O)NCC(CO)O)I)C(=O)NCC(CO)O)I)C(=O)CO,0,,CCCCCCCCCCCCN1C=C[N+](=C1)C.[I-],1,,C1(=C(C(C(=C1Cl)Cl)(Cl)Cl)Cl)Cl,0,,,,,,
CCCCCCC(C)NC1=CC=C(C=C1)NC2=CC=CC=C2,1,,CC1=CC(=CC(=C1Cl)C)O,0,,CN(C)CCCNCCCN,0,,[NH2-].[NH2-].Cl[Pt+2]Cl,0,,CCCCCCCC[P+](CCCCCCCC)(CCCCCCCC)CCCCCCCC.[Br-],1,,C1=CC=C2C(=C1)C=C(C3=CC=CC=C23)Br,1,,,,,,
CN1C2=CC=CC=C2C(=C(C1=O)C(=O)N(C)C3=CC=CC=C3)O,0,,CCC1(CCCCN(C1)C)C2=CC(=CC=C2)O.Cl,0,,CCCCC1=C(C2=CC=CC=C2O1)C(=O)C3=CC(=C(C(=C3)I)OCCN(CC)CC)I,1,,C1=CC(=CC=C1C[C@@H](C(=O)O)N)N(CCCl)CCCl,1,,CCCCCCCCC(CCCCCC)C(=O)O,1,,CCCCC1CCCCC(=O)O1,0,,,,,,
CC(CC1=CC(=C(C(=C1)OC)OC)OC)N.Cl,0,,C1=CC(=C(C=C1N)[N+](=O)[O-])N,1,,CN(C)CCN1CCN(C1=O)C2=CC(=CC=C2)Cl,0,,C([C@@H]([C@@H]1C(=C(C(=O)O1)O)O)O)O,0,,[B-](F)(F)(F)F.CCCCCCCCCCCCN1C=C[N+](=C1)C,1,,CCCCCCCCCCN1C=C[N+](=C1)C.F[P-](F)(F)(F)(F)F,1,,,,,,
C[C@]12CC[C@H]3[C@H]([C@@H]1CC[C@]2(C)O)CC[C@@H]4[C@@]3(C/C(=C/O)/C(=O)C4)C,1,,CCOC1=NC(=CC2=NC(=NN21)S(=O)(=O)NC3=C(C=CC=C3Cl)C(=O)OC)F,0,,CCCCCCCCCCCCCC[P+](CCCC)(CCCC)CCCC.[Cl-],1,,CCN(CC)CC(=O)NC1=C(C=CC=C1C)C,0,,CC(C)N(C1=CC=CC=C1)C(=O)CCl,1,,C1=CC=C(C=C1)S(=O)(=O)C2=CC=C(C=C2)Cl,1,,,,,,
CC(C)C[C@@H](C(=O)O)NC(=O)C,0,,CC1=CC(=CC=C1)N=NC2=CC=C(C=C2)N(C)C,1,,CC(C)(C)C1(CO1)CCC2=CC=C(C=C2)Cl,1,,CC(O)(P(=O)(O)[O-])P(=O)(O)[O-].[Na+].[Na+],0,,CC1=CC(=C(C=C1N=NC2=CC=C(C=C2)S(=O)(=O)[O-])OC)N=NC3=CC=C(C=C3)OC.[Na+],0,,C[C@H]1C[C@H]2[C@@H]3CCC4=CC(=O)C=C[C@@]4([C@]3([C@H](C[C@@]2([C@]1(C(=O)CO)O)C)O)Cl)C,1,,,,,,
C[C@]12C[C@@H]([C@H]3[C@H]([C@@H]1CC[C@@]2(C(=O)COC(=O)CC(C)(C)C)O)CCC4=CC(=O)C=C[C@]34C)O,0,,CC1=CC2=C(C=C1)C(=O)C3=CC=CC=C3C2=O,1,,C/C=C/C=C/COC(=O)C(C)C,1,,C[C@]12C[C@@H]([C@H]3[C@H]([C@@H]1CC[C@@]2(C(=O)CO)O)CCC4=CC(=O)C=C[C@]34C)O,0,,C[C@H]1C[C@H]([C@@](O[C@@H]1[C@H]2C[C@@H]([C@@H](O2)[C@@]3(CC[C@@H](O3)[C@@]4(CC[C@@]5(O4)C[C@@H]([C@H]([C@H](O5)[C@@H](C)[C@H]6[C@@H]([C@H]([C@@H]([C@](O6)(CC(=O)[O-])O)C)OC)OC)C)O)C)C)OC7C[C@@H]([C@H]([C@@H](O7)C)OC)OC)(C)O)C.[NH4+],1,,CC(=O)C1=CC=C(C=C1)OCC(=O)N2CCCCC2,1,,,,,,
C1=CC=C(C=C1)CC2=C(C=CC(=C2)Cl)O,1,,CCCCCCCCCCCCCC[N+](C)(C)C.[Br-],0,,CC(C)CC(C)(C1=CC=C(C=C1)O)C2=CC=C(C=C2)O,1,,CC[C@]12CC[C@H]3[C@H]([C@@H]1CC[C@]2(C#C)OC(=O)C)CCC4=C/C(=N/O)/CC[C@H]34,0,,C[C@]12CC[C@H]3[C@H]([C@@H]1CC[C@]2(C#C)O)CCC4=CCCC[C@H]34,1,,CC(CC(C)(C)C)CC(C)(C)CC(C)(C)C,0,,,,,,
C1=CC=C(C(=C1)OC(F)(F)F)S(=O)(=O)N,0,,CC(C)C1=C(N(N(C1=O)C2=CC=CC=C2)C)CN(C)C(C)CC3=CC=CC=C3,1,,CC1=C(C(=CC=C1)NC2=CC(=NC(=N2)SCC(=O)O)Cl)C,1,,CCCC(C)C1(C(=O)NC(=NC1=O)[S-])CC.[Na+],1,,CCN(CC)C(=O)C(C)OC1=CC=CC2=CC=CC=C21,0,,CC(CC1=CC=CC=C1)NCC2=CC=CC=C2Cl.Cl,1,,,,,,
CCC1=CC(=CC(=C1N)CC)CC2=CC(=C(C(=C2)CC)N)CC,1,,CC(C1=CC2=C(C=C1)C3=C(N2)C=CC(=C3)Cl)C(=O)O,0,,CCOP(=S)(OCC)OC1=C(C=C(C=C1)Cl)Cl,1,,CCCCNC1=C(C(=CC(=C1)C(=O)O)S(=O)(=O)N)OC2=CC=CC=C2,0,,CCCC[N+]1(CCCCC1)C.F[P-](F)(F)(F)(F)F,0,,CC(C)CC=O,0,,,,,,
C1CC(=O)NC1,0,,C1=CC(=CC=C1C(=C(Cl)Cl)C2=CC=C(C=C2)O)O,1,,C1=CC=C(C=C1)O,0,,CC1=C(C=CN=C1CS(=O)C2=NC3=CC=CC=C3[N-]2)OCCCOC.[Na+],0,,CC1=NC=C(C(=N1)N)CN(/C(=C(\SS/C(=C(\N(C=O)CC2=CN=C(N=C2N)C)/C)/CCOC(=O)C(C)C)/CCOC(=O)C(C)C)/C)C=O,0,,C1=CC=C(C=C1)N=NC2=CC=C(C=C2)N,1,,,,,,
C1(=O)[N-]C(=O)N(C(=O)N1Cl)Cl.[Na+],0,,CC(C)(C)NCC(COC1=CC=CC=C1OCC2CCCO2)O,0,,CC1=CCCC(C1/C=C/C(=O)C)(C)C,0,,CC1=CN(C(=O)NC1=O)[C@H]2C[C@@H]([C@H](O2)CO)N=[N+]=[N-],0,,CCN(CC1=CC=NC=C1)C(=O)C(CO)C2=CC=CC=C2,0,,C1=CC(=CC=C1N)S(=O)(=O)[O-].[Na+],0,,,,,,
CN(C)CCN(CC1=CC=C(C=C1)OC)C2=CC=CC=N2,0,,C1=CC=C(C=C1)N=NC2=C(C=C(C=C2)N)N.Cl,1,,CCC(O)OCCCOC,0,,CC1=NC(=NC=C1)NS(=O)(=O)C2=CC=C(C=C2)N,0,,CC1=C(C(C(=C(N1)C)C(=O)OCCCN2CCC(CC2)(C3=CC=CC=C3)C4=CC=CC=C4)C5=CC(=CC=C5)[N+](=O)[O-])C(=O)OC.Cl,1,,COP(=O)(OC)O/C(=C\Cl)/C1=CC(=C(C=C1Cl)Cl)Cl,1,,,,,,
C1CN(CCN1CCOCCO)C2=NC3=CC=CC=C3SC4=CC=CC=C42,0,,C1=CC=C(C(=C1)C(=O)C2=C(C=CC(=C2)Cl)NC(=O)CBr)F,1,,C1CCC(CC1)(C(=O)C2=CC=CC=C2)O,1,,C1C(=O)NC(=O)N1/N=C/C2=CC=C(O2)[N+](=O)[O-],1,,C1CCN(CC1)CCOC2=CC=C(C=C2)C(=O)C3=C(SC4=C3C=CC(=C4)O)C5=CC=C(C=C5)O.Cl,1,,C1CCN(CC1)CC2=CC(=CC=C2)OCCCNC3=NC4=CC=CC=C4S3.C(=C\C(=O)O)\C(=O)O.C(=C\C(=O)O)\C(=O)O,1,,,,,,
CCN(CC)C(=S)[S-].O.O.O.[Na+],1,,CC(=C)CC(C)(C)C,0,,CC(C)(C)NCC(COC1=CC=CC2=C1C[C@@H]([C@@H](C2)O)O)O,0,,CC1=C(C(=CC=C1)C)OCC(C)N.Cl,0,,CN1CCC(CC1)COC2=C(C=C3C(=C2)N=CN=C3NC4=C(C=C(C=C4)Br)F)OC,0,,CC(=O)NP(=O)(OC)SC,0,,,,,,
CCCCCCCCCCCCCCCC[N+](C)(C)CC1=CC=CC=C1.[Cl-],1,,CC1=C(C=CC=C1N=C=O)N=C=O,0,,CC(C)(C#N)C1=CC(=CC(=C1)CN2C=NC=N2)C(C)(C)C#N,1,,CCCCOCCOCCOCC1=CC2=C(C=C1CCC)OCO2,1,,CCNC1=NC(=NC(=N1)SC)NC(C)(C)C,0,,CC(C)C1=C(C(=CC=C1)C(C)C)N2C(=O)C3=C(C2=O)C=C(C=C3)O,1,,,,,,
CCCS(=O)C1=CC2=C(C=C1)N=C(N2)NC(=O)OC,0,,CCNC1=NC(=NC(=N1)OC)NC(C)(C)C,1,,C1=CC(=C(C(=C1Cl)O)Cl)Cl,1,,CC(C)(C)C(=O)OCOP(=O)(COCCN1C=NC2=C(N=CN=C21)N)OCOC(=O)C(C)(C)C,1,,CN(C)S(=O)(=O)N(C1=CC=CC=C1)SC(F)(Cl)Cl,1,,C1=CC(=CC=C1C(=O)N)N,0,,,,,,
C1=CC=C(C(=C1)C(=O)OCC(CO)O)NC2=C3C=CC(=CC3=NC=C2)Cl.Cl,1,,CCCCC(CC)COC(=O)C(=C(C1=CC=CC=C1)C2=CC=CC=C2)C#N,1,,C1=CC2=C(C=C1Cl)N=C(O2)N,0,,CC(C)(C)NC[C@@H](COC1=CC=CC2=C1CCCC2=O)O.Cl,0,,CC(C)(C)CC(C)(C)C1=CC=C(C=C1)NC2=CC=C(C=C2)C(C)(C)CC(C)(C)C,0,,CCC(=O)N(C1CCN(CC1)CC2=CC=CS2)C3=CC=CC=C3.Cl,1,,,,,,
CC(C)CC(C)(C1=CC=C(C=C1)O)C2=CC=C(C=C2)O,1,,CC1=CC(=C(C(=C1)C(C)(C)C)O)C(C)(C)C,1,,CC1=C2C=CC3=CC=CC=C3C2=C(C4=CC=CC=C14)C,1,,CC(C)NC[C@H](COC1=CC=C(C=C1)CC(=O)N)O,0,,CC(CN(CCN(CC(C)OCCO)CC(C)OCCO)CC(C)OCCO)OCCO,1,,CCCC1=CC(=O)NC(=S)N1,0,,,,,,
CCCCCCCCCCCCCCCCN1C=C[N+](=C1)C.C(F)(F)(F)S(=O)(=O)[N-]S(=O)(=O)C(F)(F)F,1,,CCN(CC)CCN1C2=C(C=C(C=C2)[N+](=O)[O-])N=C1CC3=CC=C(C=C3)OCC,1,,C1CCCCCCCC(=O)CCCCCC1,0,,C1=CC=C2C(=C1)C(=O)NC2(C3=CC(=C(C=C3)Cl)S(=O)(=O)N)O,0,,CCCCCCCCCCCCCC[N+](C)(C)C.[Br-],1,,CCC(CCl)Cl,0,,,,,,
CC1([C@H]2CCC(=C)[C@@H]1C2)C,0,,CC(=C[C@@H]1[C@H](C1(C)C)C(=O)OCC2=COC(=C2)CC3=CC=CC=C3)C,1,,CCCC[N+]1=CC=CC=C1.[Cl-],0,,CC1(O[C@@H]2CO[C@@]3([C@H]([C@@H]2O1)OC(O3)(C)C)COS(=O)(=O)N)C,0,,CN1CCN(CC1)C2=CC=CC=C2/C=C\3/C(=O)N(CCS3)C4=CC(=C(C=C4)Cl)Cl,1,,C(=O)(C(=O)O)O,0,,,,,,
C1=CC=C(C=C1)/C=C/CO,0,,CC(C)C1N(CCO1)CCOC(=O)NCCCCCCNC(=O)OCCN2CCOC2C(C)C,0,,CC1=C(SC=C1)C(=CCCN2CCC[C@H](C2)C(=O)O)C3=C(C=CS3)C.Cl,0,,CC(C)(C)C1=CC=C(C=C1)C(=O)CC(=O)C2=CC=C(C=C2)OC,1,,C1=NN=CN1N,0,,CCN(CCN)C1=CC=CC(=C1)C,1,,,,,,
C1=CC=NC(=C1)CCO,0,,CC1=C2C(=CC=C1)SC3=NN=CN23,1,,CCOP(=S)(OCC)SCN1C(=O)C2=CC=CC=C2N=N1,1,,CCC(/C=C/Cl)(C#C)O,0,,C1(=C(C(=C(C(=C1Cl)Cl)Cl)Cl)Cl)[N+](=O)[O-],0,,CCCCO[P+](=O)OCCCC,0,,,,,,
C[C@H]1/C=C\C=C(/C(=O)NC2=C(C3=C(C4=C(C(=C3O)C)O[C@@](C4=O)(OC=C[C@@H]([C@H]([C@H]([C@@H]([C@@H]([C@@H]([C@H]1O)C)O)C)OC(=O)C)C)OC)C)C5=NC6(CCN(CC6)CC(C)C)N=C25)O)\C,1,,CCC1=CC=CC(=C1N(C(C)COC)C(=O)CCl)C,1,,CCCCNC(=O)N,0,,COC1=C(N=CN=C1OC)NS(=O)(=O)C2=CC=C(C=C2)N,0,,C1=C(C=C(C(=C1SC2=C(C(=CC(=C2)Cl)Cl)[O-])[O-])Cl)Cl.[Na+].[Na+],1,,CCCCCCCCCCCCOC(=O)C1=CC=C(C=C1)O,1,,,,,,
CC1COC(O1)(CN2C=NC=N2)C3=C(C=C(C=C3)OC4=CC=C(C=C4)Cl)Cl,1,,CCNC1=NC(=NC(=N1)SC)NC(C)(C)C,1,,CCCCCCCCCCCC[N+](C)(C)CC(=O)[O-],0,,CC(=O)N(CCCCCNC(=O)CCC(=O)N(CCCCCNC(=O)CCC(=O)N(CCCCCN)O)O)O.CS(=O)(=O)O,0,,CCOC1=NC2=CC=CC(=C2N1CC3=CC=C(C=C3)C4=CC=CC=C4C5=NNN=N5)C(=O)OC(C)OC(=O)OC6CCCCC6,1,,C1=CC(=CC(=C1)F)CN2C3=C(C=C(C=C3)F)C=C2C(=O)NC4=CC5=C(C=C4)NC=C5,1,,,,,,
CC[C@@H]1[C@H](CC[C@@]2(O1)C[C@@H]3C[C@H](O2)C/C=C(/C[C@H](/C=C/C=C/4\CO[C@H]5[C@@]4([C@@H](C=C([C@H]5O)C)C(=O)O3)O)C)\C)C,1,,COC1=CC=C(C=C1)O,0,,COC1=CC=C(C=C1)CCO,1,,CCN(CC)CCCC(C)NC1=C2C=CC(=CC2=NC=C1)Cl.OP(=O)(O)O.OP(=O)(O)O,0,,C1CCC(CC1)O,0,,C1CC2=C(C[C@@H]1NS(=O)(=O)C3=CC=C(C=C3)F)C4=CC=CC=C4N2CCC(=O)O,0,,,,,,
CCCCCCCCCCCCN(CCO)CCO,1,,CCCN(CCOC1=C(C=C(C=C1Cl)Cl)Cl)C(=O)N2C=CN=C2,1,,C1=CC(=C(C=C1N)N)S(=O)(=O)O,0,,CCN(CC1=CC=NC=C1)C(=O)C(CO)C2=CC=CC=C2,1,,C=CC(=O)OCC(CO)(COCC(COC(=O)C=C)(COC(=O)C=C)COC(=O)C=C)COC(=O)C=C,1,,CCC1=CC=CC(=C1N(COCC)C(=O)CS(=O)(=O)O)C,0,,,,,,
C1(C(=O)NC(=O)N1)NC(=O)N,0,,CC1=CC(=C(C=C1C)Cl)O,0,,CN(C)CCN(CC1=CC=CS1)C2=CC=CC=N2.Cl,0,,C1CCC(CC1)C(CCN2CCCCC2)(C3=CC=CC=C3)O.Cl,0,,CNS(=O)(=O)CC1=CC2=C(C=C1)NC=C2CCN(C)C,0,,CCOC(=O)[C@H](C)O,0,,,,,,
C1=CC(=CC=C1F)Br,0,,CC1=CC=C(C=C1)N.Cl,1,,CC(C)(C)C1=CC(=O)C(=CC1=O)C(C)(C)C,1,,C1CC1N2C=C(C(=O)C3=CC(=C(C=C32)N4CCNCC4)F)C(=O)O.Cl,0,,CN(C)C1=NC(=NC(=N1)N(C)C)N(C)C,0,,C1=CC=C(C=C1)CO,0,,,,,,
CC1=C(C(=O)CC1OC(=O)C2C(C2(C)C)C=C(C)C)CC=C,1,,C1C2=CC=CC=C2C3=C1C=C(C=C3)[N+](=O)[O-],1,,C1C2=CC=CC=C2C(=O)O1,0,,CN(C)CCC=C1C2=CC=CC=C2CCC3=CC=CC=C31.Cl,0,,CC1=C(C(=C(C=C1)C)O)C,0,,C1=CC=C(C=C1)SCCSC2=CC=CC=C2,1,,,,,,
CCOC(=O)C1(CCN(CC1)CCC2=CC=C(C=C2)N)C3=CC=CC=C3,0,,C1CN(CCC1N2C3=CC=CC=C3NC2=O)CCCC(C4=CC=C(C=C4)F)C5=CC=C(C=C5)F,0,,C(CCC(=O)O)CC(=O)O,0,,COC1=NC(=NC2=C1N=CN2[C@H]3[C@H]([C@@H]([C@H](O3)CO)O)O)N,0,,CC1=C2C(=CC(=C1C(=O)O)O)C(=O)C3=C(C2=O)C(=C(C(=C3O)O)[C@H]4[C@@H]([C@H]([C@@H]([C@H](O4)CO)O)O)O)O,0,,CCOP(=O)(SC1=CC=CC=C1)SC2=CC=CC=C2,1,,,,,,
C1=CC2=C(C(=C(C=C2I)I)O)N=C1,0,,CN1CCN(CC1)C2=C(C=C3C(=C2F)N(C=C(C3=O)C(=O)O)CCF)F,0,,CC1=C(C=NO1)C(=O)NC2=CC=C(C=C2)C(F)(F)F,1,,C[C@H]1/C=C\C=C(/C(=O)NC2=C(C(=C3C(=C2O)C(=C(C4=C3C(=O)[C@](O4)(OC=C[C@@H]([C@H]([C@H]([C@@H]([C@@H]([C@@H]([C@H]1O)C)O)C)OC(=O)C)C)OC)C)C)O)O)/C=N/N5CCN(CC5)C)\C,1,,C1=CC(=C(C=C1Cl)Cl)O,0,,C1CCOC(C1)N2C=NC3=C(N=CN=C32)NCC4=CC=CC=C4,1,,,,,,
CC(C)(CS(=O)(=O)O)NC(=O)C=C,0,,CC(C)(C1=CC=C(C=C1)O)C2=CC=C(C=C2)O,1,,CC(=O)[O-].[K+],0,,C1=C(C(=O)NC(=O)N1)F,0,,C=CC(=O)OCC(COC(=O)C=C)(COC(=O)C=C)COC(=O)C=C,1,,C1=C2C(=CC3=C1C(=O)OC3=O)C(=O)OC2=O,0,,,,,,
CC(C)(C1=CC=C(C=C1)OCC2CO2)C3=CC=C(C=C3)OCC4CO4,1,,CC(CC(C#N)(C1=CC=CC=C1)C2=CC=CC=C2)N(C)C,1,,CCC1=CC(=CC=C1)CC,0,,C1[C@H]2[C@@H]([C@@H](S1)CCCCC(=O)O)NC(=O)N2,0,,CC#N,0,,CCCCCCCCCCCC(=O)N(C)CC(=O)O,1,,,,,,
C1=CC=C2C=C3C(=CC2=C1)C(=NC3=N)N,1,,CCCN1C=C[N+](=C1)C.[I-],0,,C1COCCN1SSC2=NC3=CC=CC=C3S2,1,,C1=NC2=C(N=C(N=C2N1[C@H]3[C@H]([C@@H]([C@H](O3)CO)O)O)F)N,0,,CC(C1=CC(=C(C=C1)C2=CC=CC=C2)F)C(=O)O,0,,CNC1=CC=C(C=C1)O.CNC1=CC=C(C=C1)O.OS(=O)(=O)O,1,,,,,,
CC(C)N1C2=NC=NC(=C2C(=N1)C3=CC4=C(N3)C=CC(=C4)O)N,1,,COC1=C(C=C2C(=C1)CC(C2=O)CC3CCN(CC3)CC4=CC=CC=C4)OC.Cl,0,,CN(C)C1=CC=C(C=C1)N,1,,C1CN=C(N1)CN(CC2=CC=CC=C2)C3=CC=CC=C3.Cl,0,,CCCCCCCCCCCCCC[P+](CCCCCC)(CCCCCC)CCCCCC.[Br-],1,,COC(=O)CCCCC(=O)O,0,,,,,,
CC(C)CC1=CC=C(C=C1)C(C)C(=O)O,0,,CC(CO)C1=CC=CC=C1,0,,CC(C)(C)OOC(C)(C)C,0,,CN(C)CCCN1C2=CC=CC=C2SC3=CC=CC=C31.Cl,0,,C1CN=C(N1)CN(CC2=CC=CC=C2)C3=CC=CC=C3.Cl,0,,CC1=CC=C(C=C1)S(=O)(=O)O.C1CN(CC1N)C2=C(C=C3C(=O)C(=CN(C3=N2)C4=C(C=C(C=C4)F)F)C(=O)O)F,1,,,,,,
C1=CC(=CC=C1CC2=CC=C(C=C2)N)N,0,,C=CC(=O)N,0,,C[N+]1=CC=CC=C1/C=N/O.[Cl-],0,,CCN(CC)C(=S)SSC(=S)N(CC)CC,1,,CC[C@@H](C1=CC=CC=C1)N,0,,C1=COC(=C1)CO,0,,,,,,
CCOC1=CC2=C(C=C1)N=C(S2)S(=O)(=O)N,0,,CC1=C(C(=CC=C1)NC2=CC=CC=C2C(=O)O)C,0,,C1CNCC2=CC=CC=C21,1,,C[N+]12CCC(CC1)C(C2)OC(=O)C(C3=CC=CC=C3)(C4=CC=CC=C4)O.[Br-],0,,C(CC(=O)O)[C@@H](C(=O)O)NC(=O)N,0,,CC1=C(C(=CC=C1)C)[N+](=O)[O-],0,,,,,,
CC1=C(C(C(=C(N1)N)C(=O)OC2CN(C2)C(C3=CC=CC=C3)C4=CC=CC=C4)C5=CC(=CC=C5)[N+](=O)[O-])C(=O)OC(C)C,1,,CC(=CCCC(C)(C=C)O)C,0,,C1=CC(=CC(=C1)S(=O)(=O)[O-])S(=O)(=O)[O-].[Na+].[Na+],0,,CCN1C=C(C(=O)C2=CC(=C(C=C21)N3CCNCC3)F)C(=O)O,0,,CN1CCN(CC1)CC(=O)N2C3=CC=CC=C3C(=O)NC4=C2N=CC=C4,0,,CCCOCCOCCOCCO,0,,,,,,
CCC(=O)OC/C=C/C1=CC=CC=C1,0,,CC(C)OC(=O)COC1=C(C=C(C=C1)Cl)Cl,0,,C1=CC=C(C=C1)CSCC2=CC=CC=C2,1,,C1=CC(=CC=C1CCCC(=O)O)N(CCCl)CCCl,0,,CC1=CC(=C(C=C1)C)N,0,,CC(C)CC1=C(C(=NC(=C1C(=O)SC)C(F)(F)F)C(F)F)C(=O)SC,1,,,,,,
CCCCCCCC[N+](C)(CCCCCCCC)CCCCCCCC.C(F)(F)(F)S(=O)(=O)[N-]S(=O)(=O)C(F)(F)F,1,,CCN1C=C[N+](=C1)C.C(=[N-])=NC#N,0,,CC(C)C1=CC=C(C=C1)CO,1,,CC(C)(C)C1=CC(=CC(=C1O)C(C)(C)C)SC(C)(C)SC2=CC(=C(C(=C2)C(C)(C)C)O)C(C)(C)C,0,,CCCCCCCC[Sn](CCCCCCCC)(Cl)Cl,1,,CC(C)(C1=CC=C(C=C1)CNC(=O)C2=C(N=CC=C2)OC3=CC=C(C=C3)F)O,1,,,,,,
[Cl-].[Cl-].[Hg+2],1,,CN(C)C1=CC=C(C=C1)/C=C/C2=CC=C(C=C2)[N+](=O)[O-],1,,C1CCC(CC1)N=C=NC2CCCCC2,0,,CC1=C(C(=CC=C1)C)OCC(=O)N[C@@H](CC2=CC=CC=C2)[C@H](C[C@H](CC3=CC=CC=C3)NC(=O)[C@H](C(C)C)N4CCCNC4=O)O,1,,CCCCCCCCN1C(=O)C=CS1,1,,CC1(CCC=C2[C@@]13CC[C@@H](C3)C2(C)C)C,1,,,,,,
CC(C)(C)C(C)([C@H]1C[C@@]23CC[C@@]1([C@H]4[C@@]25CCN([C@@H]3CC6=C5C(=C(C=C6)O)O4)CC7CC7)OC)O.Cl,1,,CCOP(=S)(OCC)OC1=NC(=C(C=C1Cl)Cl)Cl,1,,CCNC(=O)/C=C/C1=CC(=CC=C1)Br,0,,CC(=O)OCC(CCN1C=NC2=CN=C(N=C21)N)COC(=O)C,0,,C=CCC1=CC2=C(C=C1)OCO2,0,,C1=CC=C(C(=C1)C=O)S(=O)(=O)[O-].[Na+],0,,,,,,
C1=CC=C(C=C1)CCCCOCCCCCCNCC(C2=CC(=C(C=C2)O)CO)O.C1=CC=C2C(=C1)C=CC(=C2O)C(=O)O,1,,CC1=NC2=C(N1)C=C(C=C2)Cl,1,,CC(C)CCOC(=O)/C=C/C1=CC=CC=C1,1,,CCCCOC1=CC=C(C=C1)C(=O)CCN2CCCCC2.Cl,0,,C1=C(C=C(C(=C1SC2=C(C(=CC(=C2)Cl)Cl)O)O)Cl)Cl,1,,C1C(S/C(=C(/C#N)\N2C=CN=C2)/S1)C3=CC=CC=C3Cl,1,,,,,,
CC1=C(S(=O)(=O)CCO1)C(=O)NC2=CC=CC=C2,1,,C1CCS(=O)(=O)N(C1)C2=CC=C(C=C2)S(=O)(=O)N,0,,C1=CC(=CC=C1C(=O)C2=C(C=C(C=C2)O)O)O,0,,CN(C)CCCN1C2=CC=CC=C2CCC3=CC=CC=C31,0,,CC(C)C1=CC=CC=C1,0,,CC1=CC=C(C=C1)N(CC2=NCCN2)C3=CC(=CC=C3)O,0,,,,,,
CCCCCC[N+]1=CC=CC=C1.[Cl-],1,,CC1=CSC(=C1N(C(C)COC)C(=O)CCl)C,1,,C(/C=C/CBr)Br,0,,CNCCCC12CCC(C3=CC=CC=C31)C4=CC=CC=C24,1,,C[C@@H]1CN(C[C@@H](O1)C)CC(C)CC2=CC=C(C=C2)C(C)(C)C,1,,CC1=CC(=CC(=C1N(C)C)C)OC(=O)NC,1,,,,,,
CC1=C(C=CC=C1O)C(=O)N[C@@H](CSC2=CC=CC=C2)[C@@H](CN3C[C@H]4CCCC[C@H]4C[C@H]3C(=O)NC(C)(C)C)O.CS(=O)(=O)O.O,1,,C1CC(=O)OC1=O,0,,CC1CCC(CC1)C(C)(C)O,0,,CCCCCOC(=O)NC1=NC(=O)N(C=C1F)[C@H]2[C@@H]([C@@H]([C@H](O2)C)O)O,0,,COC1=C(C=CC(=C1)/C=C/C(=O)CC(=O)/C=C/C2=CC(=C(C=C2)O)OC)O,1,,CN(C)C1CSSSC1.C(=O)(C(=O)O)O,1,,,,,,
CC(=O)CN(CC(=O)C)N=O,0,,CCNC1=NC(=NC(=N1)SC)NC(C)(C)C,1,,C1CC(=O)NC2=C1C=CC(=C2)OCCCCN3CCN(CC3)C4=C(C(=CC=C4)Cl)Cl,1,,CN/C(=C\[N+](=O)[O-])/NCCSCC1=CSC(=N1)CN(C)C,0,,CCOC(=O)CC(CC(=O)OCC)(C(=O)OCC)O,0,,CCCCCCCCOC1=CC(=C(C=C1)C(=O)C2=CC=CC=C2)O,0,,,,,,
CC(=O)CCl,0,,CN\1COCN(/C1=N\[N+](=O)[O-])CC2=CN=C(S2)Cl,0,,CCOC1=C(C=NN(C1=O)C)N2CCOCC2,0,,C1CC2=C(C=CC(=C2)Cl)C(=C3CCNCC3)C4=C1C=CC=N4,1,,CC(=O)O[Sn](C1=CC=CC=C1)(C2=CC=CC=C2)C3=CC=CC=C3,1,,C1=CC=C(C=C1)NC(=NC2=CC=CC=C2)N,1,,,,,,
CC(=O)C1=CC=C(C=C1)O,0,,C([C@@H]1[C@@H]([C@@H]([C@H]([C@H](O1)O[C@]2([C@H]([C@@H]([C@H](O2)CCl)O)O)CCl)O)O)Cl)O,0,,CC(C)(C)NC[C@@H](COC1=NSN=C1N2CCOCC2)O,0,,C1=CC(=C(C=C1F)F)C(CN2C=NC=N2)(CN3C=NC=N3)O,1,,C1=CC=C(C(=C1)CC(=O)OCC(=O)O)NC2=C(C=CC=C2Cl)Cl,0,,COC1=CC=C(C=C1)OC,0,,,,,,
C[NH2+]C.CN(C)C(=S)[S-],1,,C1=CC(=CC=C1N)S(=O)(=O)NC2=NC=CS2,0,,CCOC(=O)C(C)C(=O)C,0,,C[C@@H]1[C@H]([C@@H]([C@H]([C@H](O1)O[C@@H]2[C@H](O[C@@H]([C@@H]([C@H]2O)O)O[C@@H]3[C@H](O[C@H]([C@@H]([C@H]3O)O)O)CO)CO)O)O)N[C@H]4C=C([C@H]([C@@H]([C@H]4O)O)O)CO,0,,CN1CCN(CC1)CCC(=O)N2C3=CC=CC=C3SC4=C2C=C(C=C4)C(F)(F)F,1,,CC(=O)NC1=CC2=C(C=C1)C3=C(C2)C=C(C=C3)NC(=O)C,1,,,,,,
CCNC1=NC(=NC(=N1)Cl)NC(C)C,0,,C1=CC(=C(C=C1Cl)Cl)C(=O)Cl,0,,C1=CC(=C(C=C1Cl)Cl)O,0,,C1=CC=C(C=C1)C2(C(=O)NC(=O)N2)C3=CC=CC=C3,0,,CC(=CCOC1=C2C(=CC3=C1OC=C3)C=CC(=O)O2)C,0,,C1CNP(=O)(OC1)N(CCCl)CCCl.O,0,,,,,,
CS(=O)(=O)C1=CC=C(C=C1)[C@H]([C@@H](CO)NC(=O)C(Cl)Cl)O,0,,CCCCCCOC1=CC=C(C=C1)O,1,,CC(C)N(C(C)C)C(=O)SC/C(=C/Cl)/Cl,1,,C1=CC(=CC=C1C(=N)N)OCCCCCOC2=CC=C(C=C2)C(=N)N.C(CS(=O)(=O)O)O.C(CS(=O)(=O)O)O,0,,C([C@@H](C(=O)O)N)OC(=O)C=[N+]=[N-],0,,C1=CC=C(C=C1)C2=CSC(=N2)NN,1,,,,,,
CCC1=CC(=C(C(=C1)C(C)(C)C)O)CC2=C(C(=CC(=C2)CC)C(C)(C)C)O,1,,COC1=CC(=CC(=C1)OC)OC,0,,CCOC(=O)C1=CC=C(C=C1)OCCN2C[C@@H]([C@H]([C@@H]([C@H]2CO)O)O)O,0,,CN(C)C1=CC=C(C=C1)C(=C2C=CC(=[N+](C)C)C=C2)C3=CC=C(C=C3)N(C)C.[Cl-],1,,CCCCCCCCCCCCCCCO,0,,CC(C)OS(=O)(=O)C,0,,,,,,
C[C@H](CCC(=O)O)[C@H]1CC[C@@H]2[C@@]1(CC[C@H]3[C@H]2CC[C@H]4[C@@]3(CC[C@H](C4)O)C)C,1,,C1=CC=C(C=C1)CCNC2=CC=CC=C2C(=O)O,1,,C1CN1CCC(=O)OCC(CO)(COC(=O)CCN2CC2)COC(=O)CCN3CC3,0,,COC1=CC(=CC(=C1OC)OC)[C@H]2[C@@H]3[C@H](COC3=O)[C@H](C4=CC5=C(C=C24)OCO5)O,1,,C[C@H](C1=CC=CC2=CC=CC=C21)NCCCC3=CC(=CC=C3)C(F)(F)F.Cl,1,,CC1CCC2=C3N1C=C(C(=O)C3=CC(=C2)F)C(=O)O,0,,,,,,
CC1=NC2=C(CC3=C(O2)C=CC(=C3)C(C)C(=O)OCC(=O)N(C)C)C=C1,0,,CC(C(=O)O)O,0,,CCC(=O)OC(C)(CCC=C(C)C)C=C,1,,C[C@]12CC[C@H]3[C@H]([C@@H]1CC[C@@H]2OC(=O)CCC4CCCC4)CCC5=C3C=CC(=C5)O,0,,CN(C)C1=CC=C(C=C1)C(=C2C=CC(=[N+](C)C)C=C2)C3=CC=C(C=C3)N(C)C.[Cl-],1,,CC(=O)NC1=CC=C(C=C1)N,0,,,,,,
CCC1=CC(=C(N=C1)C(=O)O)C(=O)O,0,,COC(=O)C(CBr)Br,0,,CC(CNCC(C)O)O,1,,CC(=O)CC(C1=CC=CC=C1)C2=C(C3=CC=CC=C3OC2=O)[O-].[K+],0,,CCOC1=C(C=CC(=C1)C(C)(C)C)C2COC(=N2)C3=C(C=CC=C3F)F,1,,C/C(=N\O)/C1=CC=C(C=C1)OCC(=O)N2CCCCC2,1,,,,,,
CCCCCCCCCCCCC1=CC=CC=C1O,1,,C[C@@H]1CCC[C@@H](N1)C.Cl,0,,CC1=NC2=C(C=C(C=C2)CN(C)C3=CC=C(S3)C(=O)N[C@@H](CCC(=O)O)C(=O)O)C(=O)N1,0,,C1=CC=C(C=C1)C(=O)NCC(=O)O,0,,CC1=C(C=CC=C1Cl)[N+](=O)[O-],0,,CCC(C)C1=C(C(=CC(=C1)[N+](=O)[O-])[N+](=O)[O-])O,1,,,,,,
C1CN(CCN1CCCC(=O)C2=CC=C(C=C2)F)C3=CC=CC=N3,0,,CC1=C(N=CN1)C2=CC=C(C=C2)Cl,1,,CN1C2=C(C3=C(C=C2)N=CC=C3)N=C1N,0,,CC(=O)N[C@@H](CS)C(=O)O,0,,CC(C)CCCCCCC1=CC=C(C=C1)O,1,,CC(=O)CCC1=CC2=C(C=C1)C=C(C=C2)OC,1,,,,,,
CC(C)(C)CC(C)(C)C1=CC=C(C=C1)OCCOCC[N+](C)(C)CC2=CC=CC=C2.[Cl-],1,,CC(C)(C1=CC=C(C=C1)OC2=CC=C(C=C2)N)C3=CC=C(C=C3)OC4=CC=C(C=C4)N,1,,CCCN1C=C[N+](=C1C)C.C(F)(F)(F)S(=O)(=O)[N-]S(=O)(=O)C(F)(F)F,1,,C1C(=NC(=O)N1/N=C/C2=CC=C(O2)C3=CC=C(C=C3)[N+](=O)[O-])[O-].[Na+],0,,C1COCCN1CCCNC(=O)C2=CC=C(C=C2)Cl,0,,CCN(CC)CC,0,,,,,,
CC1=C(OC(=N1)C2=CC=C(C=C2)Cl)COC(C)(C)C(=O)O,0,,C1=CC=C2C(=C1)C=CC(=C2S(=O)(=O)O)N,1,,CCC=CC#N,0,,C[C@@H]([C@@H](C1=CC(=C(C=C1)O)O)O)N,1,,C1CC(=O)NC2=C1C=CC(=C2)OCCCCN3CCN(CC3)C4=C(C(=CC=C4)Cl)Cl,1,,[B-](F)(F)(F)F.CCCCCCCCCCCCN1C=C[N+](=C1)C,1,,,,,,
C1=CC(=C(C=C1[N+](=O)[O-])[N+](=O)[O-])SC#N,1,,CN1CCN(CC1)N,0,,CCCCCBr,0,,C[C@@H]1C[C@H]2[C@@H]3CCC4=CC(=O)C=C[C@@]4([C@]3([C@H](C[C@@]2([C@H]1C(=O)CO)C)O)F)C,0,,C1=CC(=CC=C1NC(=O)C2=C(C(=CC(=C2)Br)Br)O)Br,1,,CCC/C=C/C=O,0,,,,,,
C1CCC(CC1)SN2C(=O)C3=CC=CC=C3C2=O,1,,C[Si](CN1C=NC=N1)(C2=CC=C(C=C2)F)C3=CC=C(C=C3)F,1,,CC(C)C1=C(C(=C(N1CC[C@H](C[C@H](CC(=O)[O-])O)O)C2=CC=C(C=C2)F)C3=CC=CC=C3)C(=O)NC4=CC=CC=C4.CC(C)C1=C(C(=C(N1CC[C@H](C[C@H](CC(=O)[O-])O)O)C2=CC=C(C=C2)F)C3=CC=CC=C3)C(=O)NC4=CC=CC=C4.[Ca+2],0,,C[C@H](C1=CC(=CC(=C1)C(F)(F)F)C(F)(F)F)O[C@@H]2[C@@H](N(CCO2)CC3=NNC(=O)N3)C4=CC=C(C=C4)F,1,,COC(=O)CCCCC(=O)O,0,,C1=CC=C2C(=C1)C=CC=C2N,1,,,,,,
CC(C)C(CCCN(C)CCC1=CC(=C(C=C1)OC)OC)(C#N)C2=CC(=C(C=C2)OC)OC,0,,C1CCN(C1)CC2=NC3=CC=CC=C3N2CC4=CC=C(C=C4)Cl.Cl,1,,CCCCCCCCCCCCOC(=O)C1=CC(=C(C(=C1)O)O)O,1,,C1CN=C(N1)CC2=CC=CC3=CC=CC=C32.Cl,0,,CCOP(=O)(CC)OC1=CC=C(C=C1)[N+](=O)[O-],0,,C1=CC=C(C=C1)N=NC2=CC=CC=C2,0,,,,,,
C1=CC=C(C(=C1)CC(=O)[O-])NC2=C(C=CC=C2Cl)Cl.[Na+],0,,CCCCOC(=O)COC(=O)C1=CC=CC=C1C(=O)OCCCC,1,,C1CCC(CC1)C2CCCCC2=O,0,,CC1=C(C(=O)C2=CC=CC=C2C1=O)C/C=C(\C)/CCC[C@H](C)CCC[C@H](C)CCCC(C)C,1,,CC(C)(C)NC(=O)[C@@H]1C[C@@H]2CCCC[C@@H]2CN1C[C@H]([C@H](CC3=CC=CC=C3)NC(=O)[C@H](CC(=O)N)NC(=O)C4=NC5=CC=CC=C5C=C4)O.CS(=O)(=O)O,1,,C1=CC2=C(C(=C(C=C2S(=O)(=O)O)I)O)N=C1,0,,,,,,
C(C(=O)CCl)Cl,1,,CC(=O)CC(=O)NC1=CC(=C(C=C1OC)Cl)OC,1,,CCOP(=S)(OCC)SCCSCC,1,,CC(C1=CC2=C(C=C1)C3=C(N2)C=CC(=C3)Cl)C(=O)O,0,,C1=CC(=CC=C1C(=O)O)S(=O)(=O)N,0,,CN([C@H]1CC[C@@]2(CCCO2)C[C@@H]1N3CCCC3)C(=O)CC4=CC(=C(C=C4)Cl)Cl,1,,,,,,
CC(C)(C1=CC=CC=C1)C2=CC(=C(C=C2)O)C(C)(C)C3=CC=CC=C3,1,,CC(=CC1C(C1(C)C)C(=O)OCN2C(=O)C3=C(C2=O)CCCC3)C,1,,CC(=O)OCC1=CC2=C(C=C1)OCO2,1,,CC(C)N=C(N)/N=C(\N)/NC1=CC=C(C=C1)Cl.Cl,0,,C1=CC=C(C=C1)NC2=CC=C(C=C2)N=O,1,,CC(CCC1=CC2=C(C=C1)OCO2)NN.Cl,0,,,,,,
CCCCCCCCBr,0,,CC(=C)C1=CC(=CC=C1)C(=C)C,0,,CCCCCCCCCCCCCCCC[N+]1=CC=CC=C1.[Cl-],1,,CC[N+](C)(C)C1=CC(=CC=C1)O.[Cl-],0,,C1C=CCC2C1C(=O)N(C2=O)SC(C(Cl)Cl)(Cl)Cl,1,,C[C@@H]1CC(=O)C=C2[C@]1(C[C@@H](CC2)C(=C)C)C,1,,,,,,
CCCCCCCCCCCC[N+](C)(C)CC1=CC=CC=C1.[Cl-],1,,C1=NC(=NC(=O)N1[C@H]2[C@@H]([C@@H]([C@H](O2)CO)O)O)N,0,,C1=CC(=C(C=C1[N+](=O)[O-])[N+](=O)[O-])F,1,,CCC1(CC(=O)NC1=O)C,0,,CC(C)(C)C1=CC(=C(C=C1)O)C(C)(C)C,1,,CN1C=C[N+](=C1)C.COP(=O)([O-])OC,0,,,,,,
CC1=CC=C(C=C1)C(=O)OC2=C(C=C(C=C2)C(CNC(C)(C)C)O)OC(=O)C3=CC=C(C=C3)C,1,,CCOC1=CC=C(C=C1)C(C)(C)COCC2=CC(=CC=C2)OC3=CC=CC=C3,1,,CN1CCOC(C2=CC=CC=C2C1)C3=CC=CC=C3.Cl,0,,CC/C(=C(/CC)\C1=CC=C(C=C1)O)/C2=CC=C(C=C2)O,1,,CC1(C(C1C(=O)OC(C#N)C2=CC(=CC=C2)OC3=CC=CC=C3)C=C(Cl)Cl)C,0,,CCOC1=CC=CC=C1OCC2CNCCO2.Cl,0,,,,,,
C1CCC(CC1)NC2CCCCC2,0,,CC[C@H](C1=CC=C(C=C1)O)[C@@H](CC)C2=CC=C(C=C2)O,1,,CCCCCCCCC(=O)C,0,,CN(C)C(=N)N=C(N)N.Cl,0,,[Cl-].[Cl-].[Cd+2],1,,CCCCN1CN(C=C1)C.Br,0,,,,,,
CC1=CC=C(C=C1)N(C)C,0,,CN1CCC(=C2C3=CC=CC=C3CCC4=C2N=CC=C4)CC1,0,,CCOP(=S)(OCC)Cl,1,,C1CCC(CC1)C(CCN2CCCC2)(C3=CC=CC=C3)O.Cl,0,,C1CC(C1)(C2=CC=C(C=C2)C3=C(C=C4C(=N3)C=CN5C4=NNC5=O)C6=CC=CC=C6)N,1,,C[C@]12C[C@@H]([C@]3([C@H]([C@@H]1C[C@@H]4[C@]2(OC(O4)(C)C)C(=O)CO)C[C@@H](C5=CC(=O)C=C[C@@]53C)F)F)O,1,,,,,,
CC1=CC(=C(C=C1)NC=NC)C,0,,CC1=NC(=CC(=N1)OC)NS(=O)(=O)C2=CC=C(C=C2)N,0,,CC1=NC=C(N1CCO)[N+](=O)[O-],0,,C1=CC=C2C(=C1)C=NN=C2NN.Cl,0,,CN(C)C(=S)[S-].CN(C)C(=S)[S-].[Zn+2],1,,CCCCCCCCC1CCC(=O)O1,1,,,,,,
C1CCC(=NO)CC1,0,,C/C=C/C/C=C/C/C=C/CC=C,0,,C1=CC=C(C=C1)C[P+](C2=CC=CC=C2)(C3=CC=CC=C3)C4=CC=CC=C4.[Cl-],0,,C1=CC=C(C=C1)C(C2=CC=CC=C2)(C3=CC=CC=C3Cl)N4C=CN=C4,1,,C1=C(C(=C(C(=C1I)NC(=O)COCCOCCOCC(=O)NC2=C(C=C(C(=C2I)C(=O)O)I)I)I)C(=O)O)I,0,,CC(C)(C(=O)O)OC1=CC=C(C=C1)C2CC2(Cl)Cl,0,,,,,,
CC1=NC2=C(C=C1)C(=CC(=C2O)Br)Br,0,,C1=CC=C(C=C1)C(C2=CC=CC=C2)(C3=CC=CC=C3)Cl,1,,CC(C1=CC=CC=C1)NCCC(C2=CC=CC=C2)C3=CC=CC=C3.Cl,1,,COC1=CC=CC=C1OCC(COC(=O)N)O,0,,CN(C)C1=CC=C(C=C1)CCO,0,,COP(=O)(C)OC,0,,,,,,
C(CN(CC(=O)[O-])CC(=O)[O-])N(CC(=O)[O-])CC(=O)[O-].[Na+].[Fe+3],0,,C1=CC=C(C=C1)C2=CC=CC=C2[O-].O.O.O.O.[Na+],1,,CCCC[Sn](CCCC)(CCCC)OC(=O)C=C,1,,COCCCC/C(=N\OCCN)/C1=CC=C(C=C1)C(F)(F)F,1,,CC(C)COC(=O)C1=CC=CC=C1O,0,,C1=CC=C(C(=C1)C(C2=CC=C(C=C2)Cl)C(Cl)Cl)Cl,1,,,,,,
CC(C)(C)C1=CC=C(C=C1)OC2CCCCC2OS(=O)OCC#C,1,,CC(C)NC1=NC(=NC(=N1)OC)NC(C)C,0,,CCCCC(CC)COC(=O)CCCCCCCC(=O)OCC(CC)CCCC,1,,C1CC1C#C[C@]2(C3=C(C=CC(=C3)Cl)NC(=O)O2)C(F)(F)F,1,,C1=CC=C(C=C1)[Sn](C2=CC=CC=C2)(C3=CC=CC=C3)F,1,,C1=CC=C(C(=C1)C2C(O2)(CN3C=NC=N3)C4=CC=C(C=C4)F)Cl,1,,,,,,
CC(C)(C)C1=CC=CC=C1,0,,CO/N=C(\C1=CC=CC=C1OC2=C(C(=NC=N2)OC3=CC=CC=C3Cl)F)/C4=NOCCO4,1,,C1=NC2=C(N1COCCO)N=C(NC2=O)N,0,,C1C2=CC=CC=C2N(C3=CC=CC=C3C1=O)C(=O)N,0,,C1=CC(=CC=C1N/C(=N/C(=NCCCCCCN=C(/N=C(/NC2=CC=C(C=C2)Cl)\N)N)N)/N)Cl,1,,CCC(CC)NC1=C(C=C(C(=C1[N+](=O)[O-])C)C)[N+](=O)[O-],1,,,,,,
CCOC(=O)C1C(O1)C2=CC=CC=C2,0,,CC(C)(C1=CC(=C(C(=C1)Cl)O)Cl)C2=CC(=C(C(=C2)Cl)O)Cl,1,,CC(C)OC1=C(SC2=C1C=C(C=C2)OC)C(=O)NC3=NN=N[N-]3.[Na+],1,,C1=C2C(=CC(=C1Cl)S(=O)(=O)N)S(=O)(=O)NC(N2)C(Cl)Cl,0,,CCCCCCCCCCCCCCC(C(=O)O)Br,1,,C1=CC(=CC=C1C(=O)CBr)O,0,,,,,,
C1=CC(=CC=C1N=NC2=C(C=CC3=C2C=CC(=C3)S(=O)(=O)[O-])O)S(=O)(=O)[O-].[Na+].[Na+],0,,C1=CC=C2C=C3C=CC=CC3=CC2=C1,1,,COCCCOCCCOC,0,,CC1=C(C(=CC=C1)NC2=CC=CC=C2C(=O)O)C,0,,CN1[C@@H]2CC[C@H]1CC(C2)NC(=O)N3C4=CC=CC=C4NC3=O,0,,C1=CSC(=C1)/C=C/S(=O)(=O)NC(=O)C2=C(C=C(C=C2)F)Br,1,,,,,,
C1=CC(=CC=C1CC(C(=O)O)N)F,0,,CCOC(=O)OCC/C(=C(\C)/N(CC1=CN=C(N=C1N)C)C=O)/SC(=O)OCC.Cl,0,,CCCCCCCCCCCl,0,,CC1=C(C(=O)C2=C(C1=O)N3C[C@H]4[C@@H]([C@@]3([C@@H]2COC(=O)N)OC)N4)N,1,,C1=CC=C(C(=C1)C(=O)O)NC2=CC=CC(=C2)C(F)(F)F,0,,C1=CC=C(C=C1)C(=O)OC2=CC=CC=C2,0,,,,,,
CC1=C2C(=NN1)NC3=C(C=C(C=C3)[N+](=O)[O-])C(=N2)C4=CC=CC=C4Cl,1,,C(CO)NCCO,0,,C1=CC(=C(C=C1N)Cl)Cl,1,,CC(C)NCC(COC1=CC=C(C=C1)COCCOC(C)C)O.CC(C)NCC(COC1=CC=C(C=C1)COCCOC(C)C)O.C(=C/C(=O)O)\C(=O)O,0,,CCCCCCCCCCCC(=O)OCC(CO)O,0,,CC(C)(C)C1=CC=C(C=C1)OC2CCCCC2OS(=O)OCC#C,1,,,,,,
CN(C)CC[C@@H](C1=CC=C(C=C1)Cl)C2=CC=CC=N2.Cl,0,,C1=CC(=CC=C1S(=O)(=O)NC(=O)N)Cl,0,,COC1=C(C(=CC=C1)OC)O,1,,CN1CCC(CC1)OC(C2=CC=CC=C2)C3=CC=CC=C3.Cl,0,,COC1=C(C=C2C(=C1)C(=O)NC(=O)N2)OC,0,,C1=CC=C2C(=C1)C(=O)N(C2=O)SC(Cl)(Cl)Cl,1,,,,,,
CCOC(=O)[C@H](CCC1=CC=CC=C1)N[C@H]2CCC3=CC=CC=C3N(C2=O)CC(=O)O.Cl,1,,CCC(=O)N(C1=CC=CC=C1)C2(CCN(CC2)CCC3=CC=CS3)COC.C(C(=O)O)C(CC(=O)O)(C(=O)O)O,1,,CC1=CC(=C(C=C1)O)O,0,,CN1C(=C(C2=CC=CC=C2S1(=O)=O)O)C(=O)NC3=CC=CC=N3,0,,CCN(CC)CCOC1=CC=C(C=C1)C(CC2=CC=C(C=C2)Cl)(C3=CC=C(C=C3)C)O,1,,CCC1=C(N(N=C1C(=O)NN2CCCCC2)C3=C(C=C(C=C3)Cl)Cl)C4=CC=C(C=C4)Br,1,,,,,,
CN(C)CCN(C)CCN(C)C,0,,CC(C)O.CC(C)O.C(CO)N(CCO)CCO.C(CO)N(CCO)CCO.[Ti],0,,CCCCN1C=C[N+](=C1)C.C(F)(F)(F)S(=O)(=O)[O-],0,,C[C@]12CC[C@H]3[C@H]([C@@H]1CC[C@@H]2C(=O)NC(C)(C)C)CC[C@@H]4[C@@]3(C=CC(=O)N4)C,0,,C1=COC=C1,0,,CNS(=O)(=O)CCC1=CC2=C(C=C1)NC=C2C3CCN(CC3)C.Cl,0,,,,,,
C1CCN(CC1)CCOC2=CC=C(C=C2)C(=O)C3=C(SC4=C3C=CC(=C4)O)C5=CC=C(C=C5)O,1,,CCN.[N+](=O)(O)[O-],0,,CC1=NN(C(=O)N1C(F)F)C2=C(C=C(C(=C2)NS(=O)(=O)C)Cl)Cl,1,,CN1CC(=O)N2[C@@H](C1=O)CC3=C([C@H]2C4=CC5=C(C=C4)OCO5)NC6=CC=CC=C36,1,,C[C@]12CC[C@H]3[C@H]([C@@H]1CC[C@@H]2OC(=O)CCC4=CC=CO4)CCC5=CC(=O)CC[C@H]35,1,,COC(=O)C1=CC=C(C=C1)[N+](=O)[O-],0,,,,,,
C1=CC(=CC=C1[N+](=O)[O-])[As](=O)(O)O,0,,CC1=C(C2=C(C=C1)N=C(S2)C3=CC=C(C=C3)N)S(=O)(=O)O,1,,CCCCCSCCCCC,0,,CC1=CN(C(=O)NC1=O)[C@H]2C=C[C@H](O2)CO,0,,[B-](F)(F)(F)F.CCCCCCCCCCCCCCCCN1C=C[N+](=C1)C,1,,C1=CC=C(C=C1)NC2=CC=C(C=C2)[N+](=O)[O-],1,,,,,,
CN1CCCC(C1)CC2C3=CC=CC=C3SC4=CC=CC=C24.Cl,1,,CC1=CC=CC=C1N.Cl,0,,CCCCCC1=CC=CO1,1,,CNC(=O)CN(CCN(CCN(CC(=O)NC)CC(=O)[O-])CC(=O)[O-])CC(=O)[O-].O.[Gd+3],0,,CC[C@H]1CC[C@@H]([C@@H](N1)C2=CC=CC=C2)NCC3=CC4=C(C=C3OC)[C@H]5C[C@H]5C(=O)N4C,0,,C1=CC=C2C(=C1)N=CC(=N2)NS(=O)(=O)C3=CC=C(C=C3)N,0,,,,,,
C1NC2=C(C=C(C(=C2)C(F)(F)F)S(=O)(=O)N)S(=O)(=O)N1,0,,CC1=CC=C(C=C1)CO,0,,C(COCCOCCOCCOCCO)O,0,,CC(C)C1CCC(CC1)C(=O)N[C@H](CC2=CC=CC=C2)C(=O)O,0,,CC(C)(/C=N/OC(=O)NC)SC,0,,C[C@H]1C[C@H]2[C@@H]3CC[C@@]([C@]3(C[C@@H]([C@@H]2[C@@]4(C1=CC(=O)C=C4)C)O)C)(C(=O)CO)O,1,,,,,,
CC(=O)NNC(=O)C,0,,C1=CC=C(C=C1)OCC(=O)O,0,,CCN[C@@H](C)CC1=CC(=CC=C1)C(F)(F)F.Cl,0,,CCC1=C2CN3C(=CC4=C(C3=O)COC(=O)[C@@]4(CC)O)C2=NC5=C1C=C(C=C5)OC(=O)N6CCC(CC6)N7CCCCC7.Cl,0,,CC(C)(C)CC(C)(C)C1=CC=C(C=C1)OCCOCC[N+](C)(C)CC2=CC=CC=C2.[Cl-],1,,C1=CC=C(C=C1)C(=O)NCCC(=O)O,0,,,,,,
CC(C)(C)CC(C)(C)C1=CC(=C(C=C1)O)N2N=C3C=CC=CC3=N2,1,,CCCCCCCCCCCCCCCS(=O)(=O)OC1=CC=CC=C1,0,,CCC(C)(C1=CC=C(C=C1)O)C2=CC=C(C=C2)O,1,,CCCNC(C)C(=O)NC1=C(SC=C1C)C(=O)OC.Cl,0,,C[N+](C)(CCOC1=CC=CC=C1)CC2=CC=CS2.[I-],0,,C1=CC=C(C=C1)C=O,0,,,,,,
C1=CC=C(C(=C1)C(=O)O)O.C1=CC2=C(C(=C1)O)N=CC=C2,0,,C1=CC=C(C=C1)OP(=O)(O)O,0,,CN1CCC(CC1)N(CC2=CC=CC=C2)C3=CC=CC=C3,0,,CCOC1=CC=CC=C1OCCN[C@H](C)CC2=CC(=C(C=C2)OC)S(=O)(=O)N.Cl,1,,COC1=CC=C(C=C1)C=O,0,,C1=CC=C(C=C1)C(=O)NC2=CC=CC=C2SSC3=CC=CC=C3NC(=O)C4=CC=CC=C4,1,,,,,,
CCCCCCCCCC(CC)C1=CC=C(C=C1)S(=O)(=O)[O-].[Na+],1,,CC(=O)CC(=O)N,0,,C1C=CCC2C1C(=O)N(C2=O)SC(Cl)(Cl)Cl,1,,CN(C(=O)N[C@@H]1[C@H]([C@@H]([C@H](O[C@@H]1O)CO)O)O)N=O,0,,CN(C)CCCN1C2=CC=CC=C2SC3=C1C=C(C=C3)Cl.Cl,1,,CCOC(=O)CS,0,,,,,,
CCCCCCCCCCOC(=O)C=C,0,,CC(C)(C)C1=CC(=CC(=C1O)C(C)(C)C)/C=C\2/C(=O)NC(=N)S2.CS(=O)(=O)O,1,,CC[N+]1=CC=CC=C1.C(F)(F)(F)S(=O)(=O)[O-],0,,COC1=C(C=C2C(=C1)N=CN=C2NC3=CC(=C(C=C3)F)Cl)OCCCN4CCOCC4,0,,[B-](F)(F)(F)F.C[N+]1=CN(C=C1)CCO,0,,CC1=CC(=C(C=C1)C)O,0,,,,,,
CCN(CC)C(=S)SSC(=S)N(CC)CC,1,,CCCCCCCCCCCCCCCCCC(=O)OCC(CC)CCCC,0,,C1=CC=C2C(=C1)C=CC3=C2C=CC=N3,0,,CCCCOC1=NC2=CC=CC=C2C(=C1)C(=O)NCCN(CC)CC,0,,C1=C(C=C(C(=C1SC2=C(C(=CC(=C2)Cl)Cl)O)O)Cl)Cl,1,,C1=CC(=CC=C1O)SC2=CC=C(C=C2)O,1,,,,,,
CC/C(=C(\C1=CC=CC=C1)/C2=CC=C(C=C2)OCCN(C)C)/C3=CC=CC=C3,1,,CC(C(C)S)S,0,,C1=CC(=C(C=C1N)Cl)Cl,1,,CN1[C@@H]2CC(C[C@H]1[C@H]3[C@@H]2O3)OC(=O)[C@H](CO)C4=CC=CC=C4.Br,0,,CN1CCN(CC1)C2CC3=CC=CC=C3SC4=C2C=C(C=C4)Cl.C(=C\C(=O)O)\C(=O)O,1,,CN1CCN(CC1)C2=NN=C3C(=C2)N(C4=CC=CC=C4O3)C,1,,,,,,
C1CNP(=O)(OC1)N(CCCl)CCCl.O,0,,CNCCS(=O)(=O)[O-].[Na+],0,,CCOP(=S)(OCC)OC1=NC(=C(C=C1Cl)Cl)Cl,1,,CC1([C@@H](N2[C@H](S1)[C@@H](C2=O)NC(=O)[C@@H](C3=CC=CC=C3)N)C(=O)O)C,0,,C1=CC=C(C=C1)/C=C/[N+](=O)[O-],1,,CC1=CC=C(C=C1)C(C)NC(=O)[C@H](C(C)C)NC(=O)OC(C)C,1,,,,,,
C1(C(=O)NC(=N1)O[Al])NC(=O)N.O.O,0,,C(C(=O)O)Br,0,,C1=CC=C2C(=C1)C(=O)OC23C4=CC(=C(C(=C4OC5=C(C(=C(C=C35)Br)[O-])Br)Br)[O-])Br.[Na+].[Na+],1,,C1=CC(=CC=C1C(=O)N[C@@H](CCC(=O)O)C(=O)O)NCC2=CN=C3C(=N2)C(=O)NC(=N3)N,0,,CC1=C(C(=C(C(=C1[N+](=O)[O-])C(C)(C)C)[N+](=O)[O-])C)[N+](=O)[O-],0,,CS(=O)(=O)C1=CC=C(C=C1)Cl,0,,,,,,
CCCCN(CCCC)C(=S)[S-].[Na+],0,,CCN(CC)C(=O)C(C)OC1=CC=CC2=CC=CC=C21,1,,CCCCCCCCSCC1=CC(=C(C(=C1)C)O)CSCCCCCCCC,1,,C1CN(CCN1CCCN2C3=CC=CC=C3SC4=C2C=C(C=C4)Cl)CCO,1,,C(=O)(N)NO,0,,CC1=CC=C(C=C1)C2=CC(=NN2C3=CC=C(C=C3)S(=O)(=O)N)C(F)(F)F,1,,,,,,
C1[C@@H]2C=C[C@H]1[C@H]3[C@@H]2[C@]4(C(=C([C@@]3(C4(Cl)Cl)Cl)Cl)Cl)Cl,1,,CCCCCCCOC(=O)CCC,0,,CCC(C1=CC=CC=C1)C(=O)OCCN(CC)CC,0,,CCC(=O)O[C@H]1CC[C@@H]2[C@@]1(CC[C@H]3[C@H]2CCC4=CC(=O)CC[C@]34C)C,0,,CC[N+](CC)(CC1=CC=CC=C1)CC(=O)NC2=C(C=CC=C2C)C.C1=CC=C(C=C1)C(=O)[O-],0,,CC1=CCCC(C1/C=C/C(=O)CCC=C)(C)C,1,,,,,,
CC1=C(C=C(C=C1)C(C)C)O,0,,CC1=C(N=C(O1)C2=CC=CC=C2)CCOC3=CC=CC4=C3C=CN4CCC(=O)O,0,,C(C#CCO)O,0,,CCC[C@@H](C(=O)OCC)N[C@@H](C)C(=O)N1[C@H]2CCCC[C@H]2C[C@H]1C(=O)O,0,,CCCNC(C)C(=O)NC1=C(SC=C1C)C(=O)OC.Cl,0,,C1=CC=C(C=C1)C(C2=CC=C(C=C2)Cl)C(=O)C3C(=O)C4=CC=CC=C4C3=O,1,,,,,,
CC1=CC=C(C=C1)C(=O)C2=CC=C(N2C)CC(=O)[O-].O.O.[Na+],0,,C[C@]12CCC(=O)C=C1CC[C@@H]3[C@@H]2[C@H](C[C@]4([C@H]3CC[C@@H]4C(=O)CO)C)O,0,,C1=CC(=C(C=C1Br)Br)OC2=C(C=C(C=C2)Br)Br,1,,CC(=O)OCC(=O)[C@]1([C@@H](C[C@@H]2[C@@]1(C[C@@H]([C@]3([C@H]2CCC4=CC(=O)C=C[C@@]43C)F)O)C)OC(=O)C)O,0,,COC1=C(C=C(C=C1)N)N.O.OS(=O)(=O)O,1,,[Ca+2].[Br-].[Br-],0,,,,,,
CC1=C(C=CC(=C1)OCCOCC[N+](C)(C)CC2=CC=CC=C2)C(C)(C)CC(C)(C)C.[Cl-],1,,CCC(=O)OC1(CCN(CC1)C)C2=CC=CC=C2.Cl,0,,C1=CC(=CC=C1/C=N/N/C(=N/N=C/C2=CC=C(C=C2)Cl)/N)Cl,1,,C[C@@]1([C@H]2C[C@H]3[C@@H](C(=O)C(=C([C@]3(C(=O)C2=C(C4=C1C=CC=C4O)O)O)O)C(=O)N)N(C)C)O.Cl,1,,C1=C(C(=C(C(=C1[N+](=O)[O-])Cl)[N+](=O)[O-])Cl)C(F)(F)F,1,,CC1=CC=CC=C1N.Cl,1,,,,,,
CC1=CC2=C(C(=C(C(=C2C(C)C)O)O)C=O)C(=C1C3=C(C4=C(C=C3C)C(=C(C(=C4C=O)O)O)C(C)C)O)O,1,,C1=CC=C(C(=C1)Cl)Cl,0,,C[C@H](C(=O)O)OC1=C(C=C(C=C1)Cl)Cl,0,,CCCN(CCC)S(=O)(=O)C1=CC=C(C=C1)C(=O)O,0,,CC(C)(C)C1=CC(=O)C=C(C1=O)C(C)(C)C,1,,CC(C)(C1=CC(=C(C(=C1)Cl)O)Cl)C2=CC(=C(C(=C2)Cl)O)Cl,1,,,,,,
CCCCC(CC)C(=O)OCCOCCOCCOC(=O)C(CC)CCCC,0,,C1C(S/C(=C(/C#N)\N2C=CN=C2)/S1)C3=CC=CC=C3Cl,1,,C1=CC(=CC(=C1)Cl)Cl,0,,C1=CC(=C(C=C1N)C(=O)O)O,0,,C1C=CCC2C1C(=O)N(C2=O)SC(Cl)(Cl)Cl,1,,CC1=CC=C(C=C1)C(=O)C2=C(C=C(C=C2)OC)O,1,,,,,,
C1=CC=C(C=C1)/C=C/COC(=O)/C=C/C2=CC=CC=C2,0,,C1=C(OC(=C1)[N+](=O)[O-])/C=N\O,1,,CC1=CC(=CC=C1)N(C)C(=S)OC2=CC3=CC=CC=C3C=C2,1,,C1CN(CCC1(C2=CC=C(C=C2)Cl)O)CCCC(=O)C3=CC=C(C=C3)F,0,,C1CCC(CC1)N=C=NC2CCCCC2,1,,C[C@H]1C[C@H]2[C@@H]3CC[C@@]([C@]3(C[C@@H]([C@@]2([C@@]4(C1=CC(=O)C=C4)C)F)O)C)(C(=O)C)O,1,,,,,,
C1=CC=C(C=C1)[Sn](C2=CC=CC=C2)C3=CC=CC=C3.O,1,,CC1=CC=CC=C1S,0,,C1CCC2C(C1)C(=O)OC2=O,0,,CC[C@H]1[C@H](COC1=O)CC2=CN=CN2C,0,,C1=CC=C(C=C1)C(C2=CC=C(C=C2)Cl)C(=O)C3C(=O)C4=CC=CC=C4C3=O,1,,CC(C)CC1=NC=CN=C1OC,0,,,,,,
C1=CC(=C(C=C1Cl)Cl)C(=O)CCl,1,,C1=CC(=CC=C1C(C2=CC=C(C=C2)Cl)C(Cl)(Cl)Cl)Cl,1,,C1=NNC(=N1)N,0,,CCC1(C(=O)NCNC1=O)C2=CC=CC=C2,0,,C1=NC(=NC(=O)N1[C@H]2[C@@H]([C@@H]([C@H](O2)CO)O)O)N,0,,CN1CCN(CC1)N,0,,,,,,
C1CN(CCC1N2C3=CC=CC=C3NC2=O)CCCC(C4=CC=C(C=C4)F)C5=CC=C(C=C5)F,1,,CC1(COP(OC1)OC2=CC=CC=C2)C,0,,CC(=O)O.C1CCNC(C1)CNC(=O)C2=C(C=CC(=C2)OCC(F)(F)F)OCC(F)(F)F,1,,C[C@]12CC(=O)[C@H]3[C@H]([C@@H]1CC[C@@]2(C(=O)CO)O)CCC4=CC(=O)C=C[C@]34C,0,,CCCCCCCCCCCCN1C=C[N+](=C1)C.[Cl-],1,,CC1=C(C(CCC1)(C)C)/C=C/C(=C/C=C/C(=C\C=O)/C)/C,1,,,,,,
CCC1=CC=C(C=C1)O,0,,C1=CC2=C(C=C1[N+](=O)[O-])C(=O)NC2=O,0,,CC1(C(=C)[C@@]2(C([C@]1(C(C2(Cl)Cl)(Cl)Cl)Cl)Cl)Cl)C,1,,CCN(CC)CCNC(=O)C1=CC(=C(C=C1OC)N)Cl,0,,COP(=S)(OC)OC1=CC=C(C=C1)[N+](=O)[O-],0,,C1=CC(=CC(=C1)Cl)N,0,,,,,,
CC1=CC(=O)C2=CC=CC=C2C1=O,1,,CC1=C(C=CC(=C1)C(=C2C=CC(=NC3=C(C=C(C=C3)S(=O)(=O)[O-])S(=O)(=O)O)C=C2)C4=CC=C(C=C4)NC5=CC=C(C=C5)S(=O)(=O)[O-])N.[Na+].[Na+],0,,CCC(C)(C(=O)CCl)NC(=O)C1=CC(=C(C(=C1)Cl)C)Cl,1,,CCOC(=O)C1=C(NC(=C(C1C2=C(C(=CC=C2)Cl)Cl)C(=O)OC)C)C,1,,CC(C)(CC1=CC=CC=C1Cl)N,0,,CC(C)CC(C)CC(CC(C)C)O,0,,,,,,
COC(=O)COC1=C(C=C(C=C1)Cl)Cl,0,,C1COCCN1CCCC2=CC=C(C=C2)COC3=CC=CC=C3,1,,COC1=CC2=C(C=CN=C2C=C1)[C@H]([C@@H]3C[C@@H]4CCN3C[C@@H]4C=C)O,0,,CCN(C1=CC=CC=C1C)C(=O)/C=C/C,0,,CC1=C(C=C2C(=C1[N+](=O)[O-])C(CC2(C)C)(C)C)[N+](=O)[O-],0,,CC(CCl)OP(=O)(OC(C)CCl)OC(C)CCl,1,,,,,,
C1=CC=C2C(=C1)C3=C4C2=CC=CC4=C(C=C3)N,1,,CN(C)C1=CC=C(C=C1)C(=O)C2=CC=C(C=C2)N(C)C,1,,CCC(=O)O[C@H]1CCC2C3CCC4([C@H](CCC4C3CCC2=C1)OC(=O)CC)C,1,,CN(C)C(=O)C(CCN1CCC(CC1)(C2=CC=C(C=C2)Cl)O)(C3=CC=CC=C3)C4=CC=CC=C4,0,,C1(=O)C2(C3(C4(C1(C5(C2(C3(C(C45Cl)(Cl)Cl)Cl)Cl)Cl)Cl)Cl)Cl)Cl,1,,CCOCN1C(=C(C(=C1C(F)(F)F)Br)C#N)C2=CC=C(C=C2)Cl,1,,,,,,
C[C@@]12CCN([C@@H]1N(C3=C2C=C(C=C3)OC(=O)NC)C)C,0,,CC(C)(C)C1=CC(=C(C=C1)O)O,1,,CCC1=CC=C(C=C1)C(C2=CC=C(C=C2)CC)C(Cl)Cl,1,,CN1CCN(CC1)C2=NC3=C(C=CC(=C3)Cl)NC4=CC=CC=C42,1,,CC(C)OC(=O)NC1=CC(=CC=C1)Cl,0,,C1=CC2=C3C(=C1)C4=CC=CC5=C4C6=C(C=C5)C=CC(=C36)C=C2,0,,,,,,
[I-].[I-].[Hg+2],1,,C1=CC=C(C=C1)[S-].[Na+],0,,C/C(=C\C(=[OH+])C)/[O-].C/C(=C\C(=[OH+])C)/[O-].C/C(=C/C(=[OH+])C)/[O-].[Al],0,,C1CN(P(=O)(OC1)NCCCl)CCCl,0,,CCCOC(=O)C1=CC=C(C=C1)N,0,,C[C@H]1[C@@H]([C@H]([C@H]([C@@H](O1)OC[C@@H]2[C@H]([C@@H]([C@H]([C@@H](O2)OC3=C(OC4=CC(=CC(=C4C3=O)O)O)C5=CC(=C(C=C5)O)O)O)O)O)O)O)O,0,,,,,,
CCCC1=NC=C(C(=N1)N)C[N+]2=CC=CC=C2C.Cl.[Cl-],0,,[NH4+].[N+](=O)([O-])[O-],0,,[B-](F)(F)(F)F.CCCN1C=C[N+](=C1)C,0,,COC1=CC=CC=C1OCC(CO)O,0,,CCCCC(CC)CN1CC(CN(C1)CC(CC)CCCC)(C)N,1,,CCCCCCCCCCCCOC(=O)C1=CC(=C(C(=C1)O)O)O,1,,,,,,
CC(=CC(=O)C=C(C)C)C,0,,C1CC(=O)NC(=O)C1N2C(=O)C3=CC=CC=C3C2=O,0,,CN1CCCCC1CCN2C3=CC=CC=C3SC4=C2C=C(C=C4)SC.Cl,1,,CN1C=CNC1=S,0,,CCCC[Sn](CCCC)(CCCC)Cl,1,,CC1=C(C=C(C=C1)NC2=NC=CC(=N2)N(C)C3=CC4=NN(C(=C4C=C3)C)C)S(=O)(=O)N,1,,,,,,
CCCCCCCCCCCCCC[P+](CCCCCC)(CCCCCC)CCCCCC.C(=[N-])=NC#N,1,,CC(C)(C)C(=O)C1C(=O)C2=CC=CC=C2C1=O,1,,[Li+].C1=C(C=C(C=C1C(=O)[O-])S(=O)(=O)O)C(=O)O,0,,COC1=C(C=C2C(=C1)CC(C2=O)CC3CCN(CC3)CC4=CC=CC=C4)OC.Cl,0,,CN(C)C1=CC=C(C=C1)N(C)C,0,,C1=CC=C2C(=C1)C(=NN=C2Cl)Cl,1,,,,,,
CCO[C@H](CC1=CC=C(C=C1)OCCC2=CC=C(C=C2)OS(=O)(=O)C)C(=O)O,0,,CC1=NC2=CC=CC=C2N1CC3=CC=C(C=C3)Cl,1,,CC1=CC(=C(C=C1)O)N=NC2=CC=C(C=C2)NC(=O)C,1,,CC1=C2COC(=O)C2=C(C(=C1OC)C/C=C(\C)/CCC(=O)OCCN3CCOCC3)O,1,,CCCC[N+]1=CC=C(C=C1)C.[Cl-],1,,CCOP(=O)(OCC)OCC,0,,,,,,
CC(CN1C2=CC=CC=C2CCC3=CC=CC=C31)CN(C)C.C(=C\C(=O)O)\C(=O)O,1,,CCCCCCCCCCCCCCCC[N+](C)(C)CC1=CC=CC=C1.[Cl-],0,,CN1C(=O)C2=C(N=CN2)N=C1N,0,,C1C2CC3CC1CC(C2)(C3)N,0,,C1CCCNCCC1,0,,CC(C)N1CCC(CC1)NC(=O)C2=CC3=CC(=NC=C3N2CC(=O)NC4=NC=C(C=C4)Cl)OCCOC.CC(=O)O,0,,,,,,
C1CCN(CC1)C(=S)SSSSSSC(=S)N2CCCCC2,1,,CC1=CC2=C(C=C1)OC(=C2C3=CC=C(C=C3)Cl)CN(CC4=CC=CC=C4)C(=O)NC5=C(C=C(C=C5F)F)F,0,,CCCCNC(=O)N,0,,C([C@@H]1[C@@H]([C@@H]([C@H]([C@@H](O1)O[C@@H]2[C@H](O[C@@]([C@H]2O)(CO)O)CO)O)O)O)O,0,,CC(=CCOC(=O)C)C,0,,CC(=O)[O-].CC(=O)[O-].[Mn+2],1,,,,,,
CCCCCCCCCC(CC)C1=CC=C(C=C1)S(=O)(=O)O,1,,CC1=C(C=CC(=C1)CC2=CC(=C(C=C2)N)C)N,1,,C[N+]1(CCC(=C(C2=CC=CC=C2)C3=CC=CC=C3)CC1)C.COS(=O)(=O)[O-],0,,C(CS(=O)(=O)[O-])S.[Na+],0,,CCCC(C1=CC(=C(C=C1C)O)C(C)(C)C)C2=CC(=C(C=C2C)O)C(C)(C)C,1,,CC(=C)C(=O)OCCC[Si](OC)(OC)OC,0,,,,,,
C1=CC2=C(C=C1OC(F)(F)F)SC(=N2)N,0,,CC1=C(C(C(=C(N1)C)C(=O)OCC(C)C)C2=CC=CC=C2[N+](=O)[O-])C(=O)OC,1,,CCC(=C(C1=CC=CC=C1)C2=CC=CC=C2)CN.Cl,1,,C1CN(CCC1N2C3=CC=CC=C3NC2=O)CCCC(C4=CC=C(C=C4)F)C5=CC=C(C=C5)F,0,,CC1=CC=C(C=C1)C#N,0,,C1=C(C=C(C(=C1O)O)S(=O)(=O)[O-])S(=O)(=O)[O-].[Na+].[Na+],0,,,,,,
C1=CC(=CC=C1N/C(=N/C(=NCCCCCCN=C(/N=C(/NC2=CC=C(C=C2)Cl)\N)N)N)/N)Cl,1,,CCC[N+]1(CCCCC1)C.C(F)(F)(F)S(=O)(=O)[N-]S(=O)(=O)C(F)(F)F,0,,CCCCNC(=O)OCC#CI,1,,CN1CCC(=C2C3=CC=CC=C3CCC4=C2N=CC=C4)CC1,0,,CC(CCO)OC,0,,CC(C)C(CCCN(C)CCC1=CC(=C(C=C1)OC)OC)(C#N)C2=CC(=C(C=C2)OC)OC.Cl,1,,,,,,
CN1CC2=C(C=CC(=C2)C(=O)N3CCC(CC3)C4CCNCC4)N[C@@H](C1=O)CC(=O)O,0,,C(C(CO)(CO)[N+](=O)[O-])O,0,,CC(=O)NC1=CC=C(C=C1)S(=O)(=O)NC2=CC=C(C=C2)[N+](=O)[O-],1,,CC1=CC=C(C=C1)N(CC2=NCCN2)C3=CC(=CC=C3)O,0,,CN(C)C1=CC=C(C=C1)C(=C2C=CC(=[N+](C)C)C=C2)C3=CC=C(C=C3)N(C)C.[Cl-],1,,C(C(=O)O)(Cl)Br,0,,,,,,
C1=CC(=CC=C1N=O)O,0,,C[C@H](CS)C(=O)N1CCC[C@H]1C(=O)O,0,,C1(=O)NC(=O)NC(=O)N1,0,,CCOC(=O)N1CCC(=C2C3=C(CCC4=C2N=CC=C4)C=C(C=C3)Cl)CC1,0,,C1=CC(=CC=C1C(C2=CC=C(C=C2)O)(C(F)(F)F)C(F)(F)F)O,1,,CC1=C(C=CC(=C1)OC)NC2=CC=CC=C2,1,,,,,,
COC(=O)NC(=S)NC1=CC=CC=C1NC(=S)NC(=O)OC,0,,C[C@@]12[C@H](C=C[C@@]3([C@@H]1[C@@H]([C@]45[C@H]3CC[C@](C4)(C(=C)C5)O)C(=O)O)OC2=O)O,0,,CC1=C(C=C(C=C1)N)O,1,,C1CC(C1)(C(=O)O)C(=O)O.[NH2-].[NH2-].[Pt+2],0,,C1CC(C1)(C(=O)O)C(=O)O.[NH2-].[NH2-].[Pt+2],0,,CC1(C(=O)N(C(=O)N1)C2=CC(=C(C=C2)[N+](=O)[O-])C(F)(F)F)C,1,,,,,,
CN(C)CCOC(=O)C(C1=CC=CC=C1)(C2=CC=CC=C2)OCC#C.Cl,0,,C1=CC(=CC=C1N)OC2=CC=C(C=C2)N,1,,CC(=O)CCC1=CC2=C(C=C1)OCO2,1,,CC1=C2C(=NC=C1)N(C3=C(C=CC=N3)C(=O)N2)C4CC4,0,,CCCCC(CC)COC(=O)C1=CC(=C(C=C1)C(=O)OCC(CC)CCCC)C(=O)OCC(CC)CCCC,0,,C1=CC=C(C=C1)COC(=O)C2=CC=C(C=C2)O,0,,,,,,
[O-][Cr](=O)(=O)O[Cr](=O)(=O)[O-].[K+].[K+],1,,C1CC(N2C=NC=C2C1)C3=CC=C(C=C3)C#N.Cl,0,,C/C=C/C=C/CCCCCCCO,1,,C[C@]12CCC(=O)C=C1[C@@H]3C[C@@H]3[C@@H]4[C@@H]2CC[C@]5([C@H]4[C@@H]6C[C@@H]6[C@@]57CCC(=O)O7)C,0,,CC[N+]1(CCCC1)C.C(F)(F)(F)S(=O)(=O)[O-],0,,C1C(O1)C2=CC=CC=C2,0,,,,,,
CC(C(=O)N1C(CN(C1=O)C)C(=O)O)NC(CCC2=CC=CC=C2)C(=O)O,0,,CCO[Si](CCC1CCC2C(C1)O2)(OCC)OCC,0,,CCOC1=NC2=C(C=C1)NC=C(C2=O)C(=O)NCC3=CC=CC=C3,1,,C[C@@H]1CCN([C@H](C1)C(=O)O)C(=O)[C@H](CCCN=C(N)N)NS(=O)(=O)C2=CC=CC3=C2NC[C@@H](C3)C,1,,CC1=C(C(C(=C(N1)C)C(=O)OC)C2=CC=CC=C2[N+](=O)[O-])C(=O)OC,0,,CCCCCCCCCCCCCCCCCCOCC(CO)O,0,,,,,,
CN1CCCN(CC1)C(C2=CC=CC=C2)C3=CC=C(C=C3)Cl,1,,CC(C)(C1=CC=CC=C1)C2=CC(=C(C(=C2)N3N=C4C=CC=CC4=N3)O)C(C)(C)C5=CC=CC=C5,0,,CCCCCCC1=CC=C(C=C1)N,1,,CC1=CC2=C(C=C1C)N(C=N2)[C@@H]3[C@@H]([C@@H]([C@H](O3)CO)OP(=O)([O-])O[C@H](C)CNC(=O)CC[C@@]4([C@H]([C@@H]5[C@]6([C@@]([C@@H](/C(=C(/C7=N/C(=C\C8=N/C(=C(\C4=N5)/C)/[C@H](C8(C)C)CCC(=O)N)/[C@H]([C@]7(C)CC(=O)N)CCC(=O)N)\C)/[N-]6)CCC(=O)N)(C)CC(=O)N)C)CC(=O)N)C)O.[C-]#N.[Co+3],0,,CN(C)CCOCCN(C)C,0,,COC1=CC(=C(C=C1)OC)Cl,0,,,,,,
CCCCC(CC)CN=C(N)NC(=NCCCCCCN=C(N)NC(=NCC(CC)CCCC)N)N.Cl.Cl,1,,CCCCCCCCC1=CC=C(C=C1)O,1,,CC(C(=O)O)Cl,0,,CCCC1=NC2=C(N1CC3=CC=C(C=C3)C4=CC=CC=C4C(=O)O)C=C(C=C2C)C5=NC6=CC=CC=C6N5C,1,,CCN\1C2=CC=CC=C2S/C1=C\C=C\C3=[N+](C4=CC=CC=C4S3)CC.[I-],1,,CC(C)CCCC(C)C/C=C/C(=C/C(=O)OCC#C)/C,0,,,,,,
C(#N)C1=C(C(=C(C(=C1Cl)Cl)Cl)C#N)Cl,1,,CCCCC(CC)COCC1CO1,0,,C1=CC=C(C(=C1)N)NC(=O)C2=CC=C(C=C2)N,0,,CN(C)CCC1=CNC2=C1C=C(C=C2)C[C@H]3COC(=O)N3,0,,C1CN(CCN1C(C(Cl)(Cl)Cl)NC=O)C(C(Cl)(Cl)Cl)NC=O,0,,CC1=CC(=C(C=C1)N)N,1,,,,,,
CC/C(=C(\C1=CC=CC=C1)/C2=CC=C(C=C2)OCCN(C)C)/C3=CC=CC=C3.C(C(=O)O)C(CC(=O)O)(C(=O)O)O,1,,COC1=CC(=O)O[C@H](C1)/C=C/C2=CC3=C(C=C2)OCO3,1,,CCN1C=C(C(=O)C2=CC(=C(N=C21)N3CCNCC3)F)C(=O)O,0,,C[N+]1(CCC(=C(C2=CC=CC=C2)C3=CC=CC=C3)CC1)C.COS(=O)(=O)[O-],0,,CC(=O)[O-].CC(=O)[O-].[Hg+2],1,,CC(=O)NC(=O)C1=CC=CC=C1O,0,,,,,,
O=[Cd],0,,C1=CC=C2C=C(C(=CC2=C1)C(=O)O)O,1,,C1=CC(=C(C=C1OC2=C(C=C(C=C2I)CC(=O)O)I)I)O,1,,C[N+]1=CC=CC(=C1)OC(=O)N(C)C.[Br-],0,,C1C(C(CS1(=O)=O)(Cl)Cl)(Cl)Cl,1,,CCN1C=C[N+](=C1)C.CCOP(=O)([O-])OCC,1,,,,,,
CC1=CC=CC=C1O,0,,CCCCCCC(=O)O,0,,CCC1=C2C(=CC=C1)C3=C(N2)C(OCC3)(CC)CC(=O)O,1,,C1=COC(=C1)CNC2=CC(=C(C=C2C(=O)O)S(=O)(=O)N)Cl,0,,CC1=CC(CC(C1)(C)C)O,0,,CCCCCCCC(=O)OCC(COC(=O)CCCCCCC)OC(=O)CCCCCCC,0,,,,,,
C1C2C(C(C1Cl)Cl)C3(C(=C(C2(C3(Cl)Cl)Cl)Cl)Cl)Cl,1,,C1=CC(=C(C=C1C2=CC(=C(C=C2)N)N)N)N,1,,CC1=C(C(=O)C(=C(C1=O)C)CCCCC#CCCCC#CCO)C,1,,CC(C)[N+](C)(CCOC(=O)C1C2=CC=CC=C2OC3=CC=CC=C13)C(C)C.[Br-],0,,CCOS(=O)(=O)OCC,0,,C[C@@H]1[C@H]([C@H](C[C@@H](O1)O[C@@H]2[C@H](O[C@H](C[C@@H]2O)O[C@@H]3[C@H](O[C@H](C[C@@H]3O)O[C@H]4CC[C@]5([C@@H](C4)CC[C@@H]6[C@@H]5C[C@H]([C@]7([C@@]6(CC[C@@H]7C8=CC(=O)OC8)O)C)O)C)C)C)O)O,1,,,,,,
CO[Si](CCCNCCN)(OC)OC,0,,CCC1=CC=CC(=C1N([C@@H](C)COC)C(=O)CCl)C,1,,CN1C=CNC1=S,0,,CN1CCC2=CC(=C3C=C2[C@@H]1CC4=CC=C(C=C4)OC5=C6[C@@H](CC7=CC(=C(C=C7)O)O3)[N+](CCC6=CC(=C5O)OC)(C)C)OC.Cl.[Cl-],0,,COC1=CC(=CC(=C1)O)O,0,,CC(=O)CC(=O)NC1=CC=CC=C1OC,1,,,,,,
[N+](=O)([O-])[O-].[Na+],0,,CC1=C(C=C(C=C1)N2C(=O)C(=C(N2)C)N=NC3=CC=CC(=C3O)C4=CC(=CC=C4)C(=O)O)C,0,,CCOC(=O)CC(CC(=O)OCC)(C(=O)OCC)OC(=O)C,1,,[C@@H]([C@@H]([C@H](C(=O)O)O)O)([C@@H](C(=O)O)O)O,0,,CC1=C2C=CC3=CC=CC=C3C2=C(C4=CC=CC=C14)C,1,,CC1=CC2=C(C=C1C(F)(F)F)N(CC2)C(=O)NC3=CN=C(C=C3)OC4=C(N=CC=C4)C.Cl,1,,,,,,
C1CCC(CC1)NS(=O)(=O)O,0,,CC1=CC(=C(C=C1Cl)C(C)C)O,0,,COC(=O)NC1=NC2=C(N1)C=C(C=C2)C(=O)C3=CC=CS3,0,,C[C@]12CC[C@H]3[C@H]([C@@H]1CC[C@]2(C#C)O)CCC4=CC5=C(C[C@]34C)C=NO5,1,,CN1CCCC(C1)CC2C3=CC=CC=C3SC4=CC=CC=C24.Cl,1,,CCOCCOC(=O)C(=C)C,0,,,,,,
CC1=C(C(=O)C=CO1)O,0,,C1=C(NC(=O)N=C1)N,0,,CC(=CC=O)C,0,,C1C(=C(N2[C@H](S1)[C@@H](C2=O)NC(=O)[C@@H](C3=CC=CC=C3)N)C(=O)O)Cl,0,,CCCCCCCCCCCCCC[P+](CCCC)(CCCC)CCCC.CCCCCCCCCCCCC1=CC=CC=C1S(=O)(=O)[O-],1,,C(#N)C1=C(C(=C(C(=C1Cl)Cl)Cl)C#N)Cl,1,,,,,,
C1=CC2=C(C(=C1)O)N=CC=C2,1,,C[N+]1=CN(C=C1)CC=C.[Cl-],0,,CCN(CC)C1=CC(=C(C=C1)C(=O)C2=CC=CC=C2C(=O)O)O,1,,CC1=C(C(=C(C=C1)Cl)NC2=CC=CC=C2C(=O)[O-])Cl.[Na+],0,,CCCCOCC(C)O,0,,CC[Si](OC(=O)C)(OC(=O)C)OC(=O)C,1,,,,,,
CCOC(=O)CC(C)C,0,,CCCCCCCCCCCCBr,0,,C1=CC(=CC=C1N)O,1,,C1=CC2=C(C(=C1)OCC(COC3=CC=CC4=C3C(=O)C=C(O4)C(=O)[O-])O)C(=O)C=C(O2)C(=O)[O-].[Na+].[Na+],0,,CCOC1=CC=CC=C1OCCN[C@H](C)CC2=CC(=C(C=C2)OC)S(=O)(=O)N.Cl,0,,CC(=C)C(=O)OCCCCOC(=O)C(=C)C,0,,,,,,
CC1=C2C(=C(C=C1)[N+](=O)[O-])[Hg]O2,1,,C1=CC2=C(C=CN=C2C=C1Cl)Cl,0,,CCCC/C=C\CCCCCCCCCC=O,0,,C1=C(C(=C(C(=C1I)NC(=O)CCCCC(=O)NC2=C(C=C(C(=C2I)C(=O)O)I)I)I)C(=O)O)I,0,,CC(C)(C)OC(=O)C1=C2[C@@H]3CCCN3C(=O)C4=C(N2C=N1)C=CC=C4Br,0,,CCC(COC(=O)CCS)(COC(=O)CCS)COC(=O)CCS,1,,,,,,
COC1=CC=C(C=C1)CCN2CCC(CC2)NC3=NC4=CC=CC=C4N3CC5=CC=C(C=C5)F,1,,CCNC1=CC=CC(=C1)C,0,,C1=C(C=C(C(=C1Cl)N2C(=C(C(=N2)C#N)S(=O)C(F)(F)F)N)Cl)C(F)(F)F,1,,[C-]#N.[C-]#N.[C-]#N.[C-]#N.[C-]#N.[N-]=O.O.O.[Na+].[Na+].[Fe+4],0,,CCCCC1=C(C2=CC=CC=C2O1)C(=O)C3=CC(=C(C(=C3)I)OCCN(CC)CC)I.Cl,1,,C1=CN(C(=O)N=C1N)[C@H]2[C@H]([C@@H]([C@H](O2)CO)O)O,0,,,,,,
C(#N)C1=C(C(=C(C(=N1)Cl)Cl)Cl)Cl,1,,C1C(=NC(=O)N1/N=C/C2=CC=C(O2)C3=CC=C(C=C3)[N+](=O)[O-])[O-].[Na+],0,,CC(C)C(C)(C)C(C)(C)C(C)(C)S,1,,C[C@@H](C1=NC=NC=C1F)C(CN2C=NC=N2)(C3=C(C=C(C=C3)F)F)O,1,,C1=NC(=S)C2=C(N1)N(C=N2)[C@H]3[C@@H]([C@@H]([C@H](O3)CO)O)O,1,,CN1CCC2=CC(=C3C=C2[C@@H]1CC4=CC=C(C=C4)OC5=C6[C@@H](CC7=CC(=C(C=C7)O)O3)[N+](CCC6=CC(=C5O)OC)(C)C)OC.Cl.[Cl-],0,,,,,,
CCN1C=C[N+](=C1)C.CCOP(=O)([O-])OCC,1,,CCCCNC(=O)N,0,,CC1=CC=C(C=C1)C(=O)C2=C(C=C(C=C2)OC)O,1,,CC(C)C1=NC(=CS1)CN(C)C(=O)N[C@@H](C(C)C)C(=O)N[C@@H](CC2=CC=CC=C2)C[C@@H]([C@H](CC3=CC=CC=C3)NC(=O)OCC4=CN=CS4)O,1,,CCCCCCCCCCCCCC[P+](CCCCCC)(CCCCCC)CCCCCC.C(=[N-])=NC#N,1,,CCC1=CC(=CC=C1)O,0,,,,,,
C1CC2=NC1=C(C3=CC=C(N3)C(=C4C=CC(=N4)C(=C5C=CC(=C2C6=CC(=CC=C6)O)N5)C7=CC(=CC=C7)O)C8=CC(=CC=C8)O)C9=CC(=CC=C9)O,1,,COCCOC,0,,C1CN(CCN1C/C=C/C2=CC=CC=C2)C(C3=CC=CC=C3)C4=CC=CC=C4,1,,CC(C)NCC(COC1=CC=CC2=C1C=CN2)O,0,,CN(C)C1=CC2=C(C=C1)N=C3C=CC(=[N+](C)C)C=C3S2.[Cl-],0,,COP(=S)(OC)OC1=CC=C(C=C1)SC2=CC=C(C=C2)OP(=S)(OC)OC,1,,,,,,
CCCC(=O)OCCC1=CC=CC=C1,0,,CC(CO)OC1=CC=CC=C1,0,,C1=CC=C(C=C1)OP(=O)(OC2=CC=CC=C2)OC3=CC=CC=C3,1,,CC1=CC(=NC(=N1)NS(=O)(=O)C2=CC=C(C=C2)N)C,0,,C1(=C(C(=C(C(=C1Br)Br)Br)Br)Br)O,1,,CCOC(CN1CCN(CC1)CC(C)C(=O)C2=CC=CC=C2)C3=CC=CC=C3.Cl.Cl,1,,,,,,
C1=CC=C(C=C1)CCNN.OS(=O)(=O)O,0,,C(CO)N(C1=C(C(=C(C(=C1I)C(=O)NCC(CO)O)I)C(=O)NCC(CO)O)I)C(=O)CO,0,,CC1=NC2=C(N1)C(=O)N(C(=O)N2CC3=CC=CO3)C,0,,CCCCC(CC)COC(=O)/C=C/C1=CC=C(C=C1)OC,1,,CC(=CCCC(C)(C=C)OC(=O)/C=C/C1=CC=CC=C1)C,0,,CCCCC(CC)COC(=O)C1=CC=CC=C1O,0,,,,,,
C[C@H](CCC(=O)O)[C@H]1CC[C@@H]2[C@@]1(CC[C@H]3[C@H]2CC[C@H]4[C@@]3(CC[C@H](C4)O)C)C,0,,CN(C)C=O,0,,C1=CC=C2C(=C1)C(=O)C3=C(C2=O)C(=C(C=C3O)O)O,1,,CCN(CC)CCOC(=O)C1(CCCCC1)C2CCCCC2,1,,CC1=CC2=C(C(=C(C(=C2C(C)C)O)O)C=O)C(=C1C3=C(C4=C(C=C3C)C(=C(C(=C4C=O)O)O)C(C)C)O)O,1,,CN1C2=C(C=C(C=C2)Cl)C(=NC(C1=O)O)C3=CC=CC=C3,1,,,,,,
C[C@H](C1=CC=CC2=CC=CC=C21)NCCCC3=CC(=CC=C3)C(F)(F)F.Cl,1,,CC(=O)NC1=NN=C(S1)S(=O)(=O)N,0,,C[C@]12CCC(=O)C[C@@H]1CC[C@@H]3[C@@H]2CC[C@]4([C@H]3CC[C@@H]4O)C,1,,CCCSC1=CC2=C(C=C1)N=C(N2)NC(=O)OC,0,,C1=CC(=CC=C1NC(=O)CCC(=O)O)S(=O)(=O)N,0,,CC(C)NC(=O)C1=CC=C(C=C1)CNNC.Cl,0,,,,,,
CC1=CC=C(C=C1)S(=O)(=O)OC2=CC=C(C=C2)N=NC3=C(C=C(C=C3)C4=CC(=C(C=C4)N=NC5=C(C=CC6=CC(=CC(=C65)S(=O)(=O)[O-])S(=O)(=O)[O-])O)C)C.[Na+].[Na+],0,,CC(C)(C)C1=CC=C(C=C1)N,0,,CCCCC/C=C/C=C/C=C,1,,CCCNC(=O)NS(=O)(=O)C1=CC=C(C=C1)Cl,0,,C1=C(C(=C(C(=C1Cl)Cl)CC2=C(C(=CC(=C2Cl)Cl)Cl)O)O)Cl,1,,CCN(CC)CCNC1=C2C(=C(C=C1)CNC=O)SC3=C(C2=O)C=C(C=C3)OC,0,,,,,,
C1=CC(=CC(=C1)Cl)N,0,,C1=CC(=C(C(=C1)F)C(=O)NC(=O)NC2=CC(=C(C=C2)OC(C(OC(F)(F)F)F)(F)F)Cl)F,0,,C1CCC(CC1)N2CCCC2=O,0,,CC1=CC(=CC=C1)CN2CCN(CC2)C(C3=CC=CC=C3)C4=CC=C(C=C4)Cl.Cl.Cl,1,,CCCCCCCCCCCCCCCC,0,,C1=CC(=CC(=C1)NC2=C(C=CC=N2)C(=O)O)C(F)(F)F,1,,,,,,
C1CCCCCC(=O)CCC/C=C\CCCC1,0,,CCCCC/C=C\C/C=C\CCCCCCCC(=O)O,0,,CC(=O)[C@]1(CC[C@@H]2[C@@]1(CC[C@H]3[C@H]2C=C(C4=CC(=O)[C@@H]5C[C@@H]5[C@]34C)Cl)C)OC(=O)C,1,,C1CN=C(N1)NC2=C(C=CC=C2Cl)Cl,0,,C1=CC(=CC=C1COC(CN2C=CN=C2)C3=C(C=C(C=C3)Cl)Cl)Cl.[N+](=O)(O)[O-],1,,C1C(O1)CO,0,,,,,,
CNC1=CC=C(C=C1)O.CNC1=CC=C(C=C1)O.OS(=O)(=O)O,1,,C[C@@H]1CC(=O)C=C([C@]12C(=O)C3=C(O2)C(=C(C=C3OC)OC)Cl)OC,0,,CCCCCCCCN1CN(C=C1)C.Br,1,,C1=CC(=C(C(=C1)Cl)SC(CCC2=CC=C(C=C2)Cl)CN3C=CN=C3)Cl.[N+](=O)(O)[O-],1,,C1=CC2=C(C=CC(=C2N=C1)O)[N+](=O)[O-],0,,C1=CC2=C(C(=C1)[N+](=O)[O-])C(=CC=C2)[N+](=O)[O-],1,,,,,,
CCN(CC)C(=S)SSC(=S)N(CC)CC,1,,C12=C(NC(=O)NC1=O)[N-]C(=O)N2.[Na+],0,,CC(C)(/C=N/OC(=O)NC)S(=O)C,0,,C[NH+](C)CCC(C1=CC=CC=C1)C2=CC=CC=[NH+]2.C(=C\C(=O)[O-])\C(=O)[O-],0,,CN(C)C(=S)[S-].CN(C)C(=S)[S-].[Cu+2],1,,CCCCCCCCCCC=O,0,,,,,,
C1=CC=C(C(=C1)C(=O)N)O,0,,CC(C)COC=C,0,,C[C@H](CC1=CC=CC=C1)N(C)CC#C.Cl,0,,CN(C/C=C/C1=CC=CC=C1)CC2=CC=CC3=CC=CC=C32.Cl,0,,C=CCOCC(CO)O,0,,CCN(CC)CC(=O)OCC(=O)[C@]1(CC[C@@H]2[C@@]1(C[C@@H]([C@H]3[C@H]2CCC4=CC(=O)CC[C@]34C)O)C)O,1,,,,,,
C=CCC1=C(C=CC(=C1)S(=O)(=O)C2=CC(=C(C=C2)O)CC=C)O,1,,CCCCCCCCCCCCCC[N+](C)(C)CC1=CC=CC=C1.O.O.[Cl-],0,,CC1CCCCN1CCCOC(=O)C2=CC=C(C=C2)OC3CCCCC3,0,,CC(C)C(CCCN(C)CCC1=CC(=C(C=C1)OC)OC)(C#N)C2=CC(=C(C=C2)OC)OC,1,,CCC(C)(C(=O)CCl)NC(=O)C1=CC(=C(C(=C1)Cl)C)Cl,1,,CCOP(=S)(OCC)SC(CCl)N1C(=O)C2=CC=CC=C2C1=O,1,,,,,,
C1C[C@@H]2CN(C(=O)C3=CC=CC(=C23)C1)[C@@H]4CN5CCC4CC5.Cl,0,,C1CN(CCN1CCCN2C(=O)N3C=CC=CC3=N2)C4=CC(=CC=C4)Cl.Cl,0,,CC1=CN=C(N=C1)NS(=O)(=O)C2=CC=C(C=C2)N,0,,C1=CC(=CN=C1)C(=O)N,0,,C=CC(=O)OCC(CO)(COC(=O)C=C)COC(=O)C=C,1,,C1=CC=C(C=C1)C(=O)NN,1,,,,,,
CC1=C(C(=CC=C1)C)NC(=O)C2=CC=CC=C2C(=O)O,0,,C[C@]12CC[C@H]3[C@H]([C@@H]1CC[C@@H]2O)CCC4=CC(=O)CC[C@H]34,0,,CCCCC(CC)COC(=O)/C=C/C1=CC=C(C=C1)OC,1,,C1CCC(CC1)C(=O)N2CC3C4=CC=CC=C4CCN3C(=O)C2,1,,CCN1CCC2(CC1)COC3=C2C=C4C(=C3)CCN4C(=O)C5=CC=C(C=C5)C6=C(C=C(C=C6)C7=NN=C(O7)C)C.Cl,1,,C1=CC=C(C=C1)COC2=CC=C(C=C2)S(=O)(=O)C3=CC=CC=C3O,1,,,,,,
C1CCN(CC1)C(=S)SSC(=S)N2CCCCC2,1,,CN1C=NC2=NC=NC(=C21)N,0,,C[C@H]1C[C@H]2[C@@H]3CC[C@@]([C@]3(C[C@@H]([C@@]2([C@@]4(C1=CC(=O)C=C4)C)F)O)C)(C(=O)C)O,1,,C1C[C@H](N(C1)C(=O)[C@H](CCCCN)N[C@@H](CCC2=CC=CC=C2)C(=O)O)C(=O)O.O.O,0,,COC1=C(C=C2C(=C1)CC(C2=O)CC3CCN(CC3)CC4=CC=CC=C4)OC.Cl,0,,CCCCC(CC)COP(=O)(O)OCC(CC)CCCC,1,,,,,,
CC(C)(C)NC(=O)[C@@H]1C[C@@H]2CCCC[C@@H]2CN1C[C@H]([C@H](CC3=CC=CC=C3)NC(=O)[C@H](CC(=O)N)NC(=O)C4=NC5=CC=CC=C5C=C4)O.CS(=O)(=O)O,1,,C1=CC=C(C=C1)OC(=O)C2=C(C3=CC=CC=C3C=C2)O,1,,CC1OC(OC(O1)C)C,0,,C1=NC2=C(N1)C(=S)N=C(N2)N,0,,C1=CC(=CC=C1O)SC2=CC=C(C=C2)O,0,,C1=COC(=C1)CNC2=CC(=C(C=C2C(=O)O)S(=O)(=O)N)Cl,0,,,,,,
C1=CC(=CC=C1C(C2=CC=C(C=C2)O)C(Cl)(Cl)Cl)O,1,,C1=CC(=CC=C1C2=CC=C(C=C2)N)N,1,,CC(C(=O)O)OC1=CC=C(C=C1)OC2=C(C=C(C=N2)C(F)(F)F)Cl,1,,CC1=CC=CC=C1C(C2=CC=CC=C2)OCCN(C)C.C(C(=O)O)C(CC(=O)O)(C(=O)O)O,0,,C1=CC(=C(C=C1Cl)Cl)C(=O)CCl,1,,COC(=O)NC(=S)NC1=CC=CC=C1NC(=S)NC(=O)OC,1,,,,,,
C1=CC=C(C=C1)CC2NC3=C(C=C(C(=C3)C(F)(F)F)S(=O)(=O)N)S(=O)(=O)N2,0,,CC1=NC=C(C(=N1)N)CN(C=O)/C(=C(\CCO)/SS/C(=C(/C)\N(CC2=CN=C(N=C2N)C)C=O)/CCO)/C,0,,CCCC1COC(O1)(CN2C=NC=N2)C3=C(C=C(C=C3)Cl)Cl,1,,C1[C@@H]([C@H](O[C@H]1N2C=C(C(=O)NC2=O)C(F)(F)F)CO)O,0,,CCCCCCCCCCCC[N+](C)(C)CC1=CC=CC=C1.[Br-],1,,CC(Cl)(Cl)Cl,0,,,,,,
CC(C)(C)C1=CC=C(C=C1)C(CCCN2CCC(CC2)C(C3=CC=CC=C3)(C4=CC=CC=C4)O)O,1,,CC1(C(=C)[C@@]2(C([C@]1(C(C2(Cl)Cl)(Cl)Cl)Cl)Cl)Cl)C,1,,C1=CC(=C(C=C1[N+](=O)[O-])N)Cl,0,,CC(C[N+](C)(C)C)OC(=O)N.[Cl-],0,,CCCCCCCOC(=O)C1=CC=C(C=C1)O,0,,CN(C)CCOC1=CC=C(C=C1)CNC(=O)C2=CC(=C(C=C2)OC)OC.Cl,0,,,,,,
C1=CC=C2C(=C1)C(=O)C3=C(C2=O)C(=C(C=C3O)O)O,0,,C1=CC(=C(C=C1N)C(=O)O)O,0,,C(CCC(=O)O)CCC(=O)O,0,,CC[C@H](C)C(=O)O[C@H]1C[C@H](C=C2[C@H]1[C@H]([C@H](C=C2)C)CC[C@@H]3C[C@H](CC(=O)O3)O)C,1,,C1CC(C2=C(C3=CC=CC=C3N=C2C1)N)O.C(=C\C(=O)O)\C(=O)O,0,,C1=CC2=C(C=CC(=C2)O)C=C1C(=O)O,0,,,,,,
COC1=CC=CC(=C1O)O,0,,C1CCN(C1)CC#CC(C2=CC=CC=C2)(C3=CC=CC=C3)O,1,,C1=CC=C(C=C1)C2=CC=CC=C2[O-].O.O.O.O.[Na+],1,,COC(=O)NC1=NC2=C(N1)C=C(C=C2)C(=O)C3=CC=CC=C3,0,,CC(=CCOC1=CC=C(C=C1)/C=C/C(=O)C2=C(C=C(C=C2)OCC=C(C)C)OCC(=O)O)C,1,,CC1(CCCCC1)C(=O)NC2=C(C(=C(C=C2)O)Cl)Cl,1,,,,,,
CC(C)N(C1=CC=CC=C1)C(=O)CCl,1,,CCCCCCCCCCCCN1CCOCC1,0,,CCCCCCCCC(CCCCCC)C(=O)O,1,,CCC1=C2C(=CC=C1)C3=C(N2)C(OCC3)(CC)CC(=O)O,0,,C1=CC(=CC=C1COC(CN2C=CN=C2)C3=C(C=C(C=C3)Cl)Cl)Cl.[N+](=O)(O)[O-],1,,CC1=C(C(=CC=C1)C)N(C(C)C(=O)OC)C(=O)COC,1,,,,,,
C1CC(=O)OC2=CC=CC=C21,0,,CCOC(=O)CC(CC(=O)OCC)(C(=O)OCC)OC(=O)C,1,,C(CSCCC#N)C#N,0,,CC1=CC(=C(C(=C1CC2=NCCN2)C)O)C(C)(C)C,0,,C1=CC(=CC=C1/C=N/N/C(=N/N=C/C2=CC=C(C=C2)Cl)/N)Cl,1,,CC1=NC2=C(C=C1)C(=CC(=C2O)Cl)Cl,0,,,,,,
CCC(C)(C)C1CCC(=O)CC1,0,,COC(=O)CCS,0,,CCC(C)NC1=C(C=C(C=C1[N+](=O)[O-])C(C)(C)C)[N+](=O)[O-],1,,CC1=C2[C@H](C(=O)[C@@]3([C@H](C[C@@H]4[C@]([C@H]3[C@@H]([C@@](C2(C)C)(C[C@@H]1OC(=O)[C@@H]([C@H](C5=CC=CC=C5)NC(=O)OC(C)(C)C)O)O)OC(=O)C6=CC=CC=C6)(CO4)OC(=O)C)O)C)O,1,,CC[C@H](C)[C@@H]1[C@H](C=C[C@@]2(O1)C[C@@H]3C[C@H](O2)C/C=C(/[C@H]([C@H](/C=C/C=C/4\CO[C@H]5[C@@]4([C@@H](C=C([C@H]5O)C)C(=O)O3)O)C)O[C@H]6C[C@@H]([C@H]([C@@H](O6)C)O[C@H]7C[C@@H]([C@H]([C@@H](O7)C)O)OC)OC)\C)C,1,,CC1=C(SCCO1)C(=O)NC2=CC=CC=C2,1,,,,,,
CCCCC(CN1C=NC=N1)(C2=C(C=C(C=C2)Cl)Cl)O,1,,CO/N=C/1\CN(CC1CN)C2=C(C=C3C(=O)C(=CN(C3=N2)C4CC4)C(=O)O)F.CS(=O)(=O)O,0,,COC1=C(C=CC(=C1)C=O)O,0,,CCCCC1=C(C2=CC=CC=C2O1)C(=O)C3=CC(=C(C(=C3)I)OCCN(CC)CC)I,0,,CCCCCCCCCCCOC(=O)C1=CC=CC=C1C(=O)OCCCCCCCCCCC,0,,CCOCOCC,0,,,,,,
CCCCCCCCCCN1C=C[N+](=C1)C.C(F)(F)(F)S(=O)(=O)[N-]S(=O)(=O)C(F)(F)F,1,,C1=NC2=C(N1CCC(CO)CO)N=C(NC2=O)N,0,,CC1=C(C(=CC=C1)C)NC(=O)CN2CCCC2=O,0,,CC(C)C(=O)NC1=CC(=C(C=C1)[N+](=O)[O-])C(F)(F)F,0,,CC1CC(C(=O)C1=O)C,0,,CC(C1=CC=CC=C1)N[NH3+].OS(=O)(=O)[O-],0,,,,,,
COC(=O)CS,0,,C1=CC=C(C=C1)C2=CC=C(C=C2)O,1,,CC(C)(C(=O)OCCCOC(=O)C(C)(C)OC1=CC=C(C=C1)Cl)OC2=CC=C(C=C2)Cl,1,,CC(C)C[C@@H](C(=O)N[C@@H](CCCN=C(N)N)C(=O)N1CCC[C@H]1C(=O)NCC(=O)N)NC(=O)CNC(=O)[C@H](CC2=CC=C(C=C2)O)NC(=O)[C@H](CO)NC(=O)[C@H](CC3=CNC4=CC=CC=C43)NC(=O)[C@H](CC5=CN=CN5)NC(=O)[C@@H]6CCC(=O)N6.Cl,1,,C1=CC(=C(C=C1C2(C3=C(C(=C(C(=C3Br)Br)Br)Br)C(=O)O2)C4=CC(=C(C=C4)O)S(=O)(=O)[O-])S(=O)(=O)[O-])O.[Na+].[Na+],0,,CCOC(=O)OCC/C(=C(\C)/N(CC1=CN=C(N=C1N)C)C=O)/SC(=O)OCC.Cl,0,,,,,,
C1=CC=C(C(=C1)C(F)(F)F)N=NC2=C(C=CC3=CC(=CC(=C32)O)S(=O)(=O)[O-])N.[Na+],0,,CCCC[N+](C)(C)C.C(F)(F)(F)S(=O)(=O)[N-]S(=O)(=O)C(F)(F)F,0,,C1CCC(CC1)OC(=O)C2=CC=CC=C2C(=O)OC3CCCCC3,1,,CC(C)(C#N)C1=CC(=CC(=C1)CN2C=NC=N2)C(C)(C)C#N,1,,CN1CCCCC1CCN2C3=CC=CC=C3SC4=C2C=C(C=C4)SC,1,,CN(C(=O)NC1=CC=C(C=C1)Br)OC,1,,,,,,
CCCCC(CC)COC(=O)C(=C(C1=CC=CC=C1)C2=CC=CC=C2)C#N,0,,C1=CC(=CC=C1C(=O)C2=C(C(=C(C=C2)O)O)O)O,1,,CC1=CC(=C(C(=C1)C)O)C,1,,CC(=O)N(CC(CN(C1=C(C(=C(C(=C1I)C(=O)NCC(CO)O)I)C(=O)NCC(CO)O)I)C(=O)C)O)C2=C(C(=C(C(=C2I)C(=O)NCC(CO)O)I)C(=O)NCC(CO)O)I,0,,CC(C)COP(=O)(OCC(C)C)OCC(C)C,0,,CC(C)(C)CC(C)(C)C1=CC=C(C=C1)OCCO,1,,,,,,
CCCCOC(=O)CCCCCCCCC=C,0,,C1CC2=C(C=C3C=CC4=C5C3=C2C=CC5=CC=C4)C(=O)C1,1,,CC(C)N1C(=O)C2=CC=CC=C2NS1(=O)=O,1,,CC1=C(C(=O)N2CCCCC2=N1)CCN3CCC(CC3)C4=NOC5=C4C=CC(=C5)F,0,,CC(C(=O)O)(Cl)Cl,0,,C1=CC=C(C=C1)C2=NC(C(=O)NC3=C2C=C(C=C3)Cl)O,1,,,,,,
CN(C)N,0,,C1CN(CCN1CCC(=O)N2C3=CC=CC=C3SC4=C2C=C(C=C4)C(F)(F)F)CCO,0,,C1CCC(CC1)C(=O)N2CC3C4=CC=CC=C4CCN3C(=O)C2,0,,C1=CC=C(C(=C1)C(C2=CC=C(C=C2)Cl)C(Cl)Cl)Cl,1,,CC(C)C(C(C)(C)COC(=O)C(C)C)OC(=O)C(C)C,1,,C1=CC2=C(C(=C1)Cl)N=C(S2)N,1,,,,,,
CC1=CC2=C(C(=C1)O)C(=O)C3=C(C2=O)C=CC=C3O,0,,CC1=CC(=CC=C1)OP(=O)(OC2=CC=CC(=C2)C)OC3=CC=CC(=C3)C,1,,CCN1C=C[N+](=C1)C.F[P-](F)(F)(F)(F)F,1,,C1=CC2=C(C=C1OC(F)(F)F)SC(=N2)N,0,,CC1=CC(=CC(=C1Cl)C)O,0,,CC(C)NC1=NC(=NC(=N1)OC)NC(C)C,1,,,,,,
C1=CC(=CN=C1)CN,0,,C1=CC(=C(C(=C1)Cl)Cl)[N+](=O)[O-],0,,CCCSSCCC,0,,CN1C=NC2=C1C(=O)N(C(=O)N2C)C.C(C(=O)O)C(CC(=O)O)(C(=O)O)O,0,,CC1[C@H]2C[C@]2(CC1=O)C(C)C,0,,C1=CC=C(C=C1)C(=O)/C=C/C2=CC=C(C=C2)[N+](=O)[O-],1,,,,,,
CCOC(=O)C1=NN(C(=N1)C(Cl)(Cl)Cl)C2=C(C=C(C=C2)Cl)Cl,1,,CC(C)CC1=NC=CS1,0,,CC(CC(C#N)(C1=CC=CC=C1)C2=CC=CC=C2)N(C)C,0,,CCC1=C(C(=NC(=N1)N)N)C2=CC=C(C=C2)Cl,0,,C1=C(C=NC(=C1Cl)NC2=C(C=C(C(=C2[N+](=O)[O-])Cl)C(F)(F)F)[N+](=O)[O-])C(F)(F)F,1,,CC1=CC=C(C=C1)C(=O)O,0,,,,,,
C=CCN1C(=O)N(C(=O)N(C1=O)CC=C)CC=C,0,,C1=CC=C2C(=C1)C(=NN=C2NC3=CC=C(C=C3)Cl)CC4=CC=NC=C4,1,,CCCCCCCCC(=O)NCC1=CC(=C(C=C1)O)OC,1,,CC1=CC=C(C=C1)/C(=C\CN2CCCC2)/C3=CC=CC=N3,0,,CC1=CN(C(=O)NC1=O)[C@H]2C[C@@H]([C@H](O2)CO)N=[N+]=[N-],0,,C1CCC(C(C1)C(=O)OCC2CO2)C(=O)OCC3CO3,1,,,,,,
C/C(=N\OC(=O)N(SN(C(=O)O/N=C(/SC)\C)C)C)/SC,0,,C1=CC(=C(C(=C1)Cl)COC(CN2C=CN=C2)C3=C(C=C(C=C3)Cl)Cl)Cl,1,,CCOC(=O)CN.Cl,0,,CN1CCC[C@@H]1C2=CN=CC=C2,0,,CCOC1=CC2=C(C=C1)NC(C=C2C)(C)C,0,,C1CCC(CC1)NC(=S)NC2CCCCC2,1,,,,,,
CCCCCCCCCCCCCC[N+](C)(C)C.[Br-],1,,C1=C2C(=CC(=C1Cl)Cl)OC3=CC(=C(C=C3O2)Cl)Cl,1,,C1=CC=C2C(=C1)NC(=N2)N,0,,CC(=O)O[C@H]1CC[C@@H]2[C@H]3CC[C@]4([C@H]([C@@H]3CCC2=C1)CC[C@]4(C#C)OC(=O)C)C,0,,CCCCCCCCCCCCCCCC[N+](C)(C)CC1=CC=CC=C1.[Cl-],1,,CCCCCCCCS,0,,,,,,
C1(=C(C(=NC(=C1Cl)Cl)C(Cl)(Cl)Cl)Cl)Cl,1,,COC1=CC2=C(C=C1)N=C(S2)NC(=O)NC3=CC=CC=C3,1,,CCCCOC(=O)COC1=C(C=C(C=C1)Cl)Cl,1,,C[C@H]([C@@H]1[C@H]2CC(=C(N2C1=O)C(=O)O)SCCN=CN)O,0,,CC[C@@]1(C(=O)N(C(=O)N1)C)C2=CC=CC=C2,0,,CC(C)(C)C1=C(C=CC(=C1)O)O,1,,,,,,
C[C@H]1CC[C@@H]2[C@H]([C@H]3[C@@H](N2C1)C[C@@H]4[C@@]3(CC[C@H]5[C@H]4CC=C6[C@@]5(CCC(C6)O[C@H]7[C@@H]([C@H]([C@H]([C@H](O7)CO)O)O[C@H]8[C@@H]([C@H]([C@@H]([C@H](O8)CO)O)O)O)O[C@@H]9[C@@H]([C@@H]([C@H]([C@@H](O9)C)O)O)O)C)C)C,1,,COCCOC1=C(C=C2C(=C1)C(=NC=N2)NC3=CC=CC(=C3)C#C)OCCOC,1,,CC1=CN=CC=C1,0,,C1=NNC2=C1C(=O)NC=N2,0,,CC(=O)NC1=CC=C(C=C1)O,0,,CC1=CC(=CC=C1)C(=O)O,0,,,,,,
CC1=NC2=C(N1)C=C(C=C2)Cl,0,,C1CC1CN2C(=O)CN=C(C3=C2C=CC(=C3)Cl)C4=CC=CC=C4,1,,CC(=O)O[Pb](C1=CC=CC=C1)(C2=CC=CC=C2)C3=CC=CC=C3,1,,CCN(CC)CCOC(=O)C1=CC=C(C=C1)N.Cl,0,,C1=NC2=C(N=C(N=C2N1[C@H]3[C@H]([C@@H]([C@H](O3)CO)O)O)F)N,0,,CC1=C(C=C(C=C1)C(C)C)OC,0,,,,,,
C1=CC=C2C(=C1)NC(=N2)C3=CSC=N3,0,,CC(C)(C1=CC=CC=C1)C2=CC(=C(C=C2)O)C(C)(C)C3=CC=CC=C3,1,,CCCC(=O)OCOC(=O)C1=C(NC(=C(C1C2=C(C(=CC=C2)Cl)Cl)C(=O)OC)C)C,1,,C[C@@H](C(=O)N1CCC[C@H]1C(=O)O)N[C@@H](CCC2=CC=CC=C2)C(=O)O,0,,C1=CC=C2C(=C1)C3=C4C2=CC=CC4=C(C=C3)N,1,,CC1C(=O)CCO1,0,,,,,,
C1CNC(=S)N1,0,,COC1=CC(=C(C=C1)OC)OC,0,,CC(C)(C)[C@H]([C@@H](CC1=CC=C(C=C1)Cl)N2C=NC=N2)O,1,,C1=CC=C2C(=C1)NC(=N2)C3=CSC=N3,0,,C[C@H](CCC(=O)O)[C@H]1CC[C@@H]2[C@@]1(CC[C@H]3[C@H]2CC[C@H]4[C@@]3(CC[C@H](C4)O)C)C,1,,CC[C@H](C1=CC=C(C=C1)O)[C@@H](CC)C2=CC=C(C=C2)O,1,,,,,,
CC1=C(C=CC(=C1)Cl)OCC(=O)[O-].[Na+],0,,CN1CCN([C@H](C1)C2=CC=C(C=C2)F)CC3=CC(=CO3)C4=CC5=C(C=C4)NC(=O)O5.O.Cl,0,,CCCCOC(=O)C1=CC=CC=C1C(=O)OCCCC,1,,C(CNCCNCCNCCN)N,0,,CCCC[Sn](CCCC)(Cl)Cl,1,,[CH-]1C=CC=C1.[CH-]1C=CC=C1.[Ni+2],0,,,,,,
CC(C(=O)O)O,0,,CCCCSP(=O)(SCCCC)SCCCC,1,,CCN(CC)CCSC(=O)C(C1=CC=CC=C1)C2=CC=CC=C2,1,,C1CN=C(N1)NC2=C(C3=NC=CN=C3C=C2)Br,1,,CCCCCCCCCCCCCCCCCC[N+](C)(C)CC1=CC=CC=C1.[Cl-],1,,CCCCCCCCCC1=CC=C(C=C1)O,1,,,,,,
C1CCC(CC1)(C2=CC=C(C=C2)O)C3=CC=C(C=C3)O,1,,C1CN(CCN1CCOCCO)C2=NC3=CC=CC=C3SC4=CC=CC=C42.C1CN(CCN1CCOCCO)C2=NC3=CC=CC=C3SC4=CC=CC=C42.C(=C/C(=O)O)\C(=O)O,1,,CN(C)CCC1=CNC2=C1C=C(C=C2)C[C@H]3COC(=O)N3,0,,C1=CC(=C(C=C1CCN)O)O,1,,COCCC1=CC=CC=N1,0,,CC1=CC(=C(C=C1)C)C,1,,,,,,
CC1([C@@H](N2[C@H](S1)[C@@H](C2=O)NC(=O)C3=C(C=CC=C3OC)OC)C(=O)[O-])C.O.[Na+],0,,COC1=CC=C(C=C1)C2=COC3=CC(=CC(=C3C2=O)O)O,1,,CC(C)(C#C)O,0,,C1CC(C2=CC=CC=C2C1)C3=NCCN3.Cl,0,,CC(CC1=CC(=CC=C1)C(F)(F)F)NCCOC(=O)C2=CC=CC=C2.Cl,1,,C1=CC2=C(C(=C(C=C2Cl)Cl)O)N=C1,1,,,,,,
CC1=CC(=C(C=C1NC(=O)C2=C(C(=CC(=C2)I)I)O)Cl)C(C#N)C3=CC=C(C=C3)Cl,1,,C1=CC(=CC=C1N=NC2=C(C=CC3=C2C=CC(=C3)S(=O)(=O)[O-])O)S(=O)(=O)[O-].[Na+].[Na+],0,,COCCOCCOCCOCCO,0,,CC(=O)NS(=O)(=O)C1=CC=C(C=C1)N,0,,C1=CC=C(C=C1)C2=CC=CC=C2[N+](=O)[O-],0,,CC(C)(C)C1=CC(=O)C(=CC1=O)C(C)(C)C,1,,,,,,
C1=C(C(=CC(=C1Cl)N)Cl)C2=CC(=C(C=C2Cl)N)Cl,1,,CC(C)C1=CC2=C(C=C1)SC3=CC=CC=C3C2=O,1,,C([C@@H]1[C@H]([C@@H]([C@H]([C@H](O1)O[C@]2([C@H]([C@@H]([C@H](O2)COS(=O)[O-])OS(=O)[O-])OS(=O)[O-])COS(=O)[O-])OS(=O)[O-])OS(=O)[O-])OS(=O)[O-])OS(=O)[O-].[Na+].[Na+].[Na+].[Na+].[Na+].[Na+].[Na+].[Na+],0,,CC(C)(C)NCC(COC1=CC=CC2=C1C[C@@H]([C@@H](C2)O)O)O,0,,CC1([C@H]([C@H]1C(=O)O[C@H](C#N)C2=CC(=CC=C2)OC3=CC=CC=C3)C=C(Br)Br)C,0,,C(CO)CO,0,,,,,,
C1=CC(=CC(=C1)Cl)NN=C(C#N)C#N,1,,CC(=O)C1=C(C(=C(C=C1)Cl)Cl)Cl,0,,CCCCC(CC)COP(=O)(O)O,1,,C1=C(OC(=C1)[N+](=O)[O-])/C=N/NC(=O)N,1,,C[C@H](CCC(=O)O)[C@H]1CC[C@@H]2[C@@]1(CC[C@H]3[C@H]2CC[C@H]4[C@@]3(CC[C@H](C4)O)C)C,1,,CC(=O)C,0,,,,,,
C1=CC=C2C(=C1)C(=O)N(C2=O)SC(Cl)(Cl)Cl,1,,C1=CC=C(C=C1)C(=O)OC2=CC=CC=C2,0,,[B-](F)(F)(F)F.C[N+]1=CN(C=C1)CCO,0,,CC1=NC=C(N1CCO)[N+](=O)[O-],0,,COC1=CC=CC(=C1)C2=C(C=C(C=C2)/C=C\CN3CCCCCC3)Cl.Cl,1,,CC1(C(C1C(=O)OC(C#N)C2=CC(=CC=C2)OC3=CC=CC=C3)C=C(Cl)Cl)C,1,,,,,,
CCOC(=O)C1=CC=CC=C1,0,,CCOC(=O)/C=C/C(=O)O,1,,C1=CC=C(C=C1)SCCO,0,,CCC(C)N1C(=O)N(C=N1)C2=CC=C(C=C2)N3CCN(CC3)C4=CC=C(C=C4)OC[C@H]5CO[C@](O5)(CN6C=NC=N6)C7=C(C=C(C=C7)Cl)Cl,1,,CCOC1=CC=CC=C1C(=O)N,0,,C1=C(C(=CC(=C1Cl)Cl)Cl)O,1,,,,,,
C(C#N)Cl,0,,C1[C@@H](C=C[C@@H]1OC2=CC=CC(=C2)OC3=CC=C(C=C3)F)N(C(=O)N)O,1,,C1=CC=C2C(=C1)C(=O)C3=CC=CC=C3O2,1,,CCCCN1C[C@@H]([C@H]([C@@H]([C@H]1CO)O)O)O,0,,CCOC(=O)C(C1=CC=C(C=C1)Cl)(C2=CC=C(C=C2)Cl)O,1,,C1=CC=C2C(=C1)NC(=N2)C3=CSC=N3,1,,,,,,
[B-](F)(F)(F)F.CCCCCCCCCCN1C=C[N+](=C1)C,1,,CC1=C(C=C(C=C1)N=C=O)N=C=O,0,,CN(C)CCC=C1C2=CC=CC=C2CCC3=CC=CC=C31.Cl,0,,CCN(CC)CCOC1=CC=C(C=C1)/C(=C(/C2=CC=CC=C2)\Cl)/C3=CC=CC=C3,1,,C(Cl)(Cl)(Cl)Cl,0,,C1=CC=C(C=C1)C2=C(C2=O)C3=CC=CC=C3,1,,,,,,
CC1CCC2=C3N1C=C(C(=O)C3=CC(=C2N4CCC(CC4)O)F)C(=O)O,0,,C1=CC(=CC=C1C2=CC(=O)C3=C(C=C(C=C3O2)O)O)O,1,,C1=CC=C2C(=C1)C(=O)C3=C(C2=O)C=C(C=C3)S(=O)(=O)[O-].[Na+],1,,CCN(CC)CCNC(=O)C1=CC=C(C=C1)N,0,,C1CN(CCN1C[C@H](COC2=CC=CC3=C2C=CC=N3)O)C4C5=CC=CC=C5[C@H]6[C@H](C6(F)F)C7=CC=CC=C47.Cl.Cl.Cl,1,,CCOC1=CC=C(C=C1)N,0,,,,,,
CC1=C(C=C(C=C1)N2C(=O)C(=C(N2)C)N=NC3=CC=CC(=C3O)C4=CC(=CC=C4)C(=O)O)C,1,,C1C2C(C(C1Cl)Cl)C3(C(=C(C2(C3(Cl)Cl)Cl)Cl)Cl)Cl,1,,C1=CC2=NNN=C2C=C1,0,,CN(C)CCC=C1C2=CC=CC=C2C=CC3=CC=CC=C31.Cl,0,,CC(=O)CC(=O)NC1=CC(=C(C=C1OC)Cl)OC,0,,CCCCCCCCCCCCOS(=O)(=O)[O-].[Na+],1,,,,,,
C1CNCCN1.Cl.Cl,0,,CCCCNC1=CC=C(C=C1)C(=O)OCC[NH+](CC)CC.[Cl-],1,,C1=CC(=CC=C1C2=COC3=C(C2=O)C=CC(=C3)O)O,1,,C1CCCN(CCC1)CCN=C(N)N.OS(=O)(=O)O.OS(=O)(=O)O,0,,CC1=C(C=CC=C1[N+](=O)[O-])N,0,,CO[C@]1([C@H]2N(C1=O)C(=C(CO2)CSC3=NN=NN3CCO)C(=O)O)NC(=O)CSC(F)F,0,,,,,,
CC[C@H](C)[C@@H]1[C@H](C=C[C@@]2(O1)C[C@@H]3C[C@H](O2)C/C=C(/[C@H]([C@H](/C=C/C=C/4\CO[C@H]5[C@@]4([C@@H](C=C([C@H]5O)C)C(=O)O3)O)C)O[C@H]6C[C@@H]([C@H]([C@@H](O6)C)O[C@H]7C[C@@H]([C@H]([C@@H](O7)C)[NH2+]C)OC)OC)\C)C.C1=CC=C(C=C1)C(=O)[O-],1,,CS(=O)(=O)Cl,0,,C(=O)(N)/N=N/C(=O)N,1,,C1=NC2=C(N1CCC(CO)CO)N=C(NC2=O)N,0,,CC(C)CC(C)N(C1=CC=CC=C1)C2=CC=C(C=C2)N,1,,C1=CC=C(C(=C1)C2=NN=C(N=N2)C3=CC=CC=C3Cl)Cl,1,,,,,,
C1CN=C(N1)CC2=CC=CC=C2.Cl,0,,C(=O)(C(Cl)(Cl)Cl)O,0,,CC1(CCC2CC(CC1N2C)OC(=O)C(C3=CC=CS3)(C4=CC=CS4)O)C,0,,C1=CC(=C(C=C1C2=C(C=C(C=C2)F)F)C(=O)O)O,0,,CC(C)(C1=CC=CC=C1)C2=CC=C(C=C2)O,1,,CC1=CC2=CC=CC(=C2C=C1)C,0,,,,,,
CCCCCCOC1=CC=C(C=C1)N,0,,CCC(C)(C)C1CCC(=O)CC1,0,,CCN(CC1=C(C=CC=C1Cl)F)C2=C(C=C(C=C2[N+](=O)[O-])C(F)(F)F)[N+](=O)[O-],1,,C1=CC2=C(C=C1Cl)NC(=O)O2,1,,CC(=O)C1=CC=C(C=C1)O,0,,CC1=CC2=C(C=C1N)SC3=CC(=[N+](C)C)C=CC3=N2.[Cl-],0,,,,,,
C1=CC(=CC=C1C(C2=CC=C(C=C2)Cl)C(Cl)(Cl)Cl)Cl,1,,CCOC1=CC2=C(C3=C(C=C(C=C3)N)N=C2C=C1)N.CC(C(=O)O)O.O,0,,CCCN(CCOC1=C(C=C(C=C1Cl)Cl)Cl)C(=O)N2C=CN=C2,1,,C1CN(CCN1CCOCCO)C(C2=CC=CC=C2)C3=CC=C(C=C3)Cl,0,,CCCCCOC1=CC=CC=C1/C(=C\SC)/N2C=CN=C2,0,,COC1=CC=C(C=C1)N2C(=CC(=N2)C(F)F)C3=CC=C(C=C3)S(=O)C,1,,,,,,
C1=CC(=CC=C1CC2=CC=C(C=C2)N3C(=O)C=CC3=O)N4C(=O)C=CC4=O,1,,C1=CC(=C(C=C1CC2=CC(=C(C=C2)N)Cl)Cl)N,1,,C1=CC=C(C=C1)C(C2=CC=CC=C2)(C3=CC=CC=C3Cl)N4C=CN=C4,1,,C[C@]12CCC(=O)C=C1CC[C@@H]3[C@@]2([C@H](C[C@]4([C@H]3CC[C@@]4(C(=O)CO)O)C)O)F,0,,CC[C@H](C1=CC=C(C=C1)O)[C@@H](CC)C2=CC=C(C=C2)O,1,,C1C2=CC=CC=C2C3=C1C=C(C=C3)N,1,,,,,,
CN(C)C(=S)[S-].CN(C)C(=S)[S-].[Zn+2],1,,CC(=O)CC(=O)NC1=C(C=CC(=C1)OC)OC,0,,CC1(CCCO1)CN(C)S(=O)(=O)C2=CC(=C(C=C2)Cl)S(=O)(=O)N,0,,CCOC(=O)C1=C2CN(C(=O)C3=C(N2C=N1)C=CC(=C3)F)C,0,,C[C@H]1[C@H]([C@H](C[C@@H](O1)O[C@H]2C[C@@](CC3=C2C(=C4C(=C3O)C(=O)C5=C(C4=O)C(=CC=C5)OC)O)(C(=O)C)O)N)O,1,,CC1=C(C(=CC=C1)C)N(C(C)C(=O)OC)C(=O)C2=CC=CO2,1,,,,,,
CC(C)CC(C)NC1=CC=C(C=C1)NC2=CC=CC=C2,1,,CCOC1=CC2=C(C=C1)NC(CC2C)(C)C,1,,C1=CC=C2C=C(C(=CC2=C1)C(=O)NC3=CC(=CC=C3)[N+](=O)[O-])O,1,,C1=NC2=C(N1COC(CO)CO)N=C(NC2=O)N,0,,CCCCCCN1C=C[N+](=C1)C.F[P-](F)(F)(F)(F)F,0,,CCCN(CCC)C1=C(C=C(C=C1[N+](=O)[O-])S(=O)(=O)C)[N+](=O)[O-],1,,,,,,
C1=C(C(=C(C(=C1Cl)Cl)CC2=C(C(=CC(=C2Cl)Cl)Cl)O)O)Cl,1,,C[C@]12C=CC3=C4CCC(=O)C=C4CC[C@H]3[C@@H]1CC[C@@H]2O,1,,CC(OC)(OC)OC,0,,CC(=O)N(CC(CO)O)C1=C(C(=C(C(=C1I)C(=O)NCC(CO)O)I)C(=O)NCC(CO)O)I,0,,C1CCC2=C(C1)C(=C3CCCC3=N2)N.O.Cl,0,,CCC(C)OC(=O)C1=CC=C(C=C1)O,1,,,,,,
CCCCCCCCCCCCCCCCCC[N+](C)(C)C.[Cl-],1,,CC1=C(C=CC(=C1)OP(=S)(OC)OC)SC,1,,CC1=C(C2=CC=CC=C2N1CCCCC(=O)O)C3=CN=CC=C3,1,,CC[C@@H]([C@H](C)O)N1C(=O)N(C=N1)C2=CC=C(C=C2)N3CCN(CC3)C4=CC=C(C=C4)OC[C@H]5C[C@](OC5)(CN6C=NC=N6)C7=C(C=C(C=C7)F)F,1,,CCCC[N+](C)(C)C.C(F)(F)(F)S(=O)(=O)[N-]S(=O)(=O)C(F)(F)F,0,,C1CSSC1CCCCC(=O)N,0,,,,,,
CCCCCCCCCCCCCCN(CCO)CCO,1,,CC(C)(C)CC(C)(C)C1=CC(=C(C=C1)O)N2N=C3C=CC=CC3=N2,1,,CC1([C@H]([C@H]1C(=O)O[C@H](C#N)C2=CC(=CC=C2)OC3=CC=CC=C3)/C=C(/C(F)(F)F)\Cl)C,1,,COC1=C(C=C(C=C1)Cl)C(=O)NCCC2=CC=C(C=C2)S(=O)(=O)NC(=O)NC3CCCCC3,1,,CCCCCCCCCCCC[N+](C)(C)CCCCCCCCCCCC.[Br-],1,,C([C@@H]1[C@@H]([C@@H]([C@H]([C@@H](O1)O[C@H]([C@@H](CO)O)[C@@H]([C@H](CO)O)O)O)O)O)O,0,,,,,,
CCCCCCCCCCCCCCCCC(C(=O)O)C(CC(=O)O)(C(=O)O)O,1,,C1=CC=C2C(=C1)C(=CN2)CO,1,,C/C(=C\C1=CC=CC=C1)/C=O,0,,CCCC1=CC(=O)NC(=S)N1,0,,CCCCCCCCN[C@H](C)[C@H](C1=CC=C(C=C1)SC(C)C)O,1,,CC1=C(C=NO1)C(=O)NC2=CC=C(C=C2)C(F)(F)F,1,,,,,,
C1=CC(=C(C(=C1)Cl)C(=O)N)Cl,0,,C1=CC=C2C=C3C=C(C=CC3=CC2=C1)N,1,,CCOC(=O)[C@H](CCC1=CC=CC=C1)N[C@@H](C)C(=O)N2CC3=CC=CC=C3C[C@H]2C(=O)O.Cl,1,,C1CCC(CC1)NC(=O)N(CCCl)N=O,0,,CCCCCCCC[N+](C)(CCCCCCCC)CCCCCCCC.C(F)(F)(F)S(=O)(=O)[N-]S(=O)(=O)C(F)(F)F,1,,CC1CC(=O)NN=C1C2=CC3=C(C=C2)N=C(N3)C4=CC=C(C=C4)OC.Cl,1,,,,,,
CCCCCN=C(N)N/N=C/C1=CNC2=C1C=C(C=C2)OC,1,,C1=C(N=C(S1)N)CC(=O)O,0,,CC1(C(C1C(=O)OCC2=CC(=CC=C2)OC3=CC=CC=C3)C=C(Cl)Cl)C,1,,CN1C(=O)N2C=NC(=C2N=N1)C(=O)N,0,,CN(C)CCOC1=CC=C(C=C1)/C(=C(/CCCl)\C2=CC=CC=C2)/C3=CC=CC=C3.C(C(=O)O)C(CC(=O)O)(C(=O)O)O,1,,CCCC[N+]1(CCCC1)C.C(F)(F)(F)S(=O)(=O)[O-],0,,,,,,
CCCCCCCCCCCCCC[N+](C)(C)CC1=CC=CC=C1.O.O.[Cl-],1,,C1=CC(=C(C=C1[N+](=O)[O-])Cl)NC(=O)C2=C(C=CC(=C2)Cl)O,1,,C1=CC(=CC(=C1)[N+](=O)[O-])CCl,0,,CCOC(=O)[C@H](CCC1=CC=CC=C1)N[C@@H](C)C(=O)N2CCC[C@H]2C(=O)O,0,,CC(C)(C)C1=CC(=C(C=C1)O)C(C)(C)C,1,,CC(C)(C1=CC=C(C=C1)OC2=CC3=C(C=C2)C(=O)OC3=O)C4=CC=C(C=C4)OC5=CC6=C(C=C5)C(=O)OC6=O,0,,,,,,
CCCC[Sn](CCCC)(CCCC)Cl,1,,CCCCCCCCCCCCCCCC[N+](C)(C)CC1=CC=CC=C1.[Cl-],0,,CCCCCCCCS(=O)(=O)Cl,1,,CC(=O)CCC1=CC2=C(C=C1)C=C(C=C2)OC,1,,CCCCCCCCCCCCN(CCO)CCO,1,,COC1=C(C=CC(=C1)C2=CC(=C(C=C2)N)OC)N,1,,,,,,
C1CC2=CC=CC=C2C(=O)C1,0,,CCCCCCCCCCCC1=CC=CC=C1,0,,C1C[C@@H]([C@@H]([C@@H]2[C@@H]1CN3CCC4=C([C@@H]3C2)NC5=CC=CC=C45)C(=O)O)O.O,0,,C[N+](C)(C)CCOC(=O)N.[Cl-],0,,C1=CC=C2C(=C1)C=C(N2CC(=O)O)C(=O)NC3=NC(=CS3)C4=CC=CC=C4Cl,0,,C1C2C(COS(=O)(=O)O1)C3(C(=C(C2(C3(Cl)Cl)Cl)Cl)Cl)Cl,1,,,,,,
CC1=NC(=NC(=N1)OC)NC(=O)NS(=O)(=O)C2=CC=CC=C2C(=O)OC,0,,COC1=C(C=CC(=C1)Cl)OC2=C(C=C(C=C2)Cl)Cl,1,,CN1CCN(CC1)C2=C(C=C3C4=C2OCN(N4C=C(C3=O)C(=O)O)C)F,0,,CNC[C@@H](C1=CC(=C(C=C1)O)O)O,1,,C1(=C(C(=O)C(=C(C1=O)Cl)Cl)Cl)Cl,1,,C1CCC(CC1)C(=O)N2CC3C4=CC=CC=C4CCCN3C(=O)C2,1,,,,,,
C1CC1NC2=NC(=NC(=N2)N)N,0,,CCN1C2=C(C=C(C=C2)N)C3=CC=CC=C31,1,,CC(=O)OC1CCCCC1,0,,CNCC(C1=CC(=C(C=C1)O)O)O.Cl,1,,CC1=C(C(C(=C(N1)C)C(=O)OCCN(C)CC2=CC=CC=C2)C3=CC(=CC=C3)[N+](=O)[O-])C(=O)OC,1,,CCC(C)(C1=CC=C(C=C1)O)C2=CC=C(C=C2)O,1,,,,,,
CN(C)CCCN1C2=CC=CC=C2CCC3=C1C=C(C=C3)Cl,1,,CC(C(C)O)O,0,,CC1=C(C(=CC=C1)C)NC2=NCCCS2,0,,CCC(=O)O[C@@]1([C@@H](C[C@@H]2[C@@]1(C[C@@H]([C@]3([C@H]2C[C@@H](C4=CC(=O)C=C[C@@]43C)F)F)O)C)C)C(=O)SCF,1,,CCCC[Sn](CCCC)(CCCC)O[Sn](CCCC)(CCCC)CCCC,1,,CC(=CC1C(C1(C)C)C(=O)OCC2=COC(=C2)CC3=CC=CC=C3)C,1,,,,,,
Cl[Au](Cl)Cl,1,,C1C=CC2=CC=CC=C21,1,,CC1=C2C=CC3=CC=CC4=C3C2=C(C=C1)C=C4,1,,CC[C@@]1(C[C@H]2C[C@@](C3=C(CCN(C2)C1)C4=CC=CC=C4N3)(C5=C(C=C6C(=C5)[C@]78CCN9[C@H]7[C@@](C=CC9)([C@H]([C@@]([C@@H]8N6C)(C(=O)OC)O)OC(=O)C)CC)OC)C(=O)OC)O.OS(=O)(=O)O,1,,CCCC[N+]1=CC=CC(=C1)C.[Cl-],0,,COC1=CC2=C(C=CN=C2C=C1)[C@H]([C@@H]3C[C@@H]4CCN3C[C@@H]4C=C)O.O.O.Cl,0,,,,,,
CCCCCCCCCCCCCC[N+](C)(C)CC1=CC=CC=C1.[Cl-],1,,CCO[Si](CCCN)(OCC)OCC,0,,CCCCCC[N+]1=CC=CC=C1.[Cl-],0,,CC[C@@]1(C[C@H]2C[C@@](C3=C(CCN(C2)C1)C4=CC=CC=C4N3)(C5=C(C=C6C(=C5)[C@]78CCN9[C@H]7[C@@](C=CC9)([C@H]([C@@]([C@@H]8N6C)(C(=O)OC)O)OC(=O)C)CC)OC)C(=O)OC)O.OS(=O)(=O)O,1,,C(#N)C1=C(C(=C(C(=C1Cl)Cl)Cl)C#N)Cl,1,,C1CN(CCN1CC2=CC3=C(C=C2)OCO3)C(=O)COC4=CC=C(C=C4)Cl.Cl,1,,,,,,
CCOC(=O)C(CC1=CC(=C(C=C1Cl)F)N2C(=O)N(C(=N2)C)C(F)F)Cl,0,,CCCCCC1=CC=C(C=C1)O,1,,CN(C(=O)NC1=CC(=C(C=C1)Cl)Cl)OC,1,,CCCC1=C2C(=CC3=C1OC(=CC3=O)C(=O)O)C(=O)C=C(N2CC)C(=O)O,0,,CC/C=C\C/C=C\C/C=C\CCCCCCCC(=O)OCC,0,,CCCCCCCCCCCCCCC[C@@H]([C@H](CO)N)O,0,,,,,,
CCCCCCCCCCCCCC[N+](C)(C)C.[Br-],1,,CN1CCN(CC1)CCCN2C3=C(SC4=CC=CC=C24)C=CC(=C3)Cl.C(=C\C(=O)O)\C(=O)O.C(=C\C(=O)O)\C(=O)O,0,,C1=CC=C(C=C1)CNN.Cl.Cl,1,,CC(C)CC1=CC=C(C=C1)C(C)C(=O)O,0,,C1=CC(=CC(=C1)F)CN2C3=C(C=C(C=C3)F)C=C2C(=O)NC4=CC5=C(C=C4)NC=C5,1,,CC(C)(C)C(=O)C(N1C=NC=N1)OC2=CC=C(C=C2)Cl,1,,,,,,
C1=CC=C(C=C1)NC2=CC=C(C=C2)[N+](=O)[O-],0,,CC1=CC(=CC=C1)N(C)C(=S)OC2=CC3=C(C=C2)C4CCC3C4,1,,CC1=CC=CC2=NNN=C12,0,,C1[C@H]([C@@H]2[C@H](O1)[C@H](CO2)O[N+](=O)[O-])O[N+](=O)[O-],0,,C1=CC=C2C(=C1)N=C(S2)SCSC#N,1,,CCN1C2=C(C(=O)N(C1=O)CC)N(C(=N2)/C=C/C3=CC(=C(C=C3)OC)OC)C,1,,,,,,
C1=CC=C2C(=C1)C(=O)C3=C(C2=O)C(=C(C=C3)O)O,0,,CC1=CC(=C(C=C1)NC2=C(C=CC=C2Cl)F)CC(=O)O,0,,C=CCOC(CN1C=CN=C1)C2=C(C=C(C=C2)Cl)Cl,1,,C[C@H]1C[C@H]2[C@@H]3CCC4=CC(=O)C=C[C@@]4([C@]3([C@H](C[C@@]2([C@]1(C(=O)CO)O)C)O)Cl)C,0,,CCCCCCCCCCCCCCCC[N+](C)(C)CC1=CC=CC=C1.[Cl-],1,,CC(C)COC(=O)C1=CC=C(C=C1)O,1,,,,,,
CN1CCN(CC1)CCC(=O)N2C3=CC=CC=C3SC4=C2C=C(C=C4)C(F)(F)F,1,,C1=CC=C(C=C1)/C=C/C2=CC=CC=C2,1,,C1=CC=C(C=C1)/C=C/CO,1,,CC1=C(N2[C@@H]([C@@H](C2=O)NC(=O)[C@@H](C3=CC=CC=C3)N)SC1)C(=O)O,0,,CCC(COC(=O)C=C)(COC(=O)C=C)COC(=O)C=C,1,,CC1=CC2=C(C=C1C)N(C3=NC(=O)NC(=O)C3=N2)C[C@@H]([C@@H]([C@@H](CO)O)O)O,1,,,,,,
CC1=C(C=C(C=C1)C(=O)O)[N+](=O)[O-],0,,CC1=C2C=C3C=CC4=C5C3=C(C2=CC=C1)C=CC5=CC=C4,1,,CCN(CC)C(=O)SCC,0,,C[C@]12CC[C@H]3[C@H]([C@@H]1CC[C@]2(C#C)O)CCC4=C3C=CC(=C4)O,1,,CC1=C(C=C(C=C1)N2C(=O)C(=C(N2)C)N=NC3=CC=CC(=C3O)C4=CC(=CC=C4)C(=O)O)C,1,,C1CCC(=O)NCC1,0,,,,,,
C1CN(CCN1)C(C2=CC=C(C=C2)F)C3=CC=C(C=C3)F,1,,C1=CC=C(C=C1)C2=CC(=CC=C2)C3=CC=CC=C3,1,,CCOC(=O)C(C)OC1=CC=C(C=C1)OC2=CN=C3C=C(C=CC3=N2)Cl,1,,CCC(C)(C)C(=O)O[C@H]1C[C@H](C=C2[C@H]1[C@H]([C@H](C=C2)C)CC[C@@H]3C[C@H](CC(=O)O3)O)C,1,,CC1=C(C(=CC=C1)C)NC(=O)CN2CCN(CC2)CCCC(C3=CC=C(C=C3)F)C4=CC=C(C=C4)F,1,,C1=CC(=CC=C1C2=CC=C(C=C2)F)N,1,,,,,,
CCCCOC(=O)[C@H](C)O,0,,C1=CC=C2C=C(C(=CC2=C1)C(=O)O)O,1,,C1=CC=C(C=C1)C(C(=O)C2=CC=CC=C2)O,0,,C1=NC2=C(N1)C(=S)N=CN2,0,,C1[C@@H]2[C@H]3[C@@H]([C@H]1[C@H]4[C@@H]2O4)[C@]5(C(=C([C@@]3(C5(Cl)Cl)Cl)Cl)Cl)Cl,1,,CCCCOCC1CO1,0,,,,,,
CC[N+](CC)(CC1=CC=CC=C1)CC(=O)NC2=C(C=CC=C2C)C.C1=CC=C2C(=C1)C(=NS2(=O)=O)[O-],0,,CC1CCC(=O)O1,0,,CC1=C2[C@H](C(=O)[C@@]3([C@H](C[C@@H]4[C@]([C@H]3[C@@H]([C@@](C2(C)C)(C[C@@H]1OC(=O)[C@@H]([C@H](C5=CC=CC=C5)NC(=O)OC(C)(C)C)O)O)OC(=O)C6=CC=CC=C6)(CO4)OC(=O)C)O)C)O,0,,C1=CC=C(C=C1)C(=O)OOC(=O)C2=CC=CC=C2,0,,C1=CC(=C(C(=C1)Cl)Cl)Cl,0,,C1=CC=C(C=C1)CCNN.OS(=O)(=O)O,1,,,,,,
C1C(O1)COC2=CC=C(C=C2)C(C3=CC=C(C=C3)OCC4CO4)C5=CC=C(C=C5)OCC6CO6,1,,CCS(=O)(=O)C1=C(N=CC=C1)S(=O)(=O)NC(=O)NC2=NC(=CC(=N2)OC)OC,1,,C(=C/Cl)\Cl,0,,C1=CC=C(C=C1)C2=C(OC(=N2)CCC(=O)O)C3=CC=CC=C3,0,,CC1=C(C2=C(N1C(=O)C3=CC=C(C=C3)Cl)C=CC(=C2)OC)CC(=O)O,0,,CC1(C(=O)N(C(=O)N1CO)CO)C,0,,,,,,
C1CN(CCC1N)C2=NC(=CC=C2)Cl.Cl,0,,CCC1(CC2=CC=CC=C2C1)C3=CN=CN3,0,,CC[N+]1=C2C=C(C=CC2=C3C=CC(=CC3=C1C4=CC=CC=C4)N)N.[Br-],1,,CCC(C(=O)N)N1CCCC1=O,0,,CC1=CC=C(C=C1)S(=O)(=O)O.CNC(=O)C1=NC=CC(=C1)OC2=CC=C(C=C2)NC(=O)NC3=CC(=C(C=C3)Cl)C(F)(F)F,1,,C([C@@H]([C@@H]1C(=C(C(=O)O1)[O-])O)O)O.C([C@@H]([C@@H]1C(=C(C(=O)O1)[O-])O)O)O.O.O.[Ca+2],0,,,,,,
CC1=CC(=C(C=C1)N=CN(C)C=NC2=C(C=C(C=C2)C)C)C,1,,C1=CC=C2C(=C1)C3=C4C2=CC5=CC=CC6=C5C4=C(C=C6)C=C3,1,,C1=CC=C2C(=C1)C(=CC(=C2O)C(=O)O)O,1,,CN1C=NC(=C1SC2=NC=NC3=C2NC=N3)[N+](=O)[O-],0,,CCCCCCCCCCCCCC[N+](C)(C)CC1=CC=CC=C1.O.O.[Cl-],1,,CC1=CC=C(C=C1)S(=O)(=O)[O-].[Na+],0,,,,,,
CCCCCCCC(=O)OC1=C(C=C(C=C1Br)C#N)Br,0,,C1=CC=C(C=C1)OP(=O)(OC2=CC=CC=C2)OC3=CC=CC=C3,1,,CCCCC(CC)CO,0,,CC(C)(C)NCC(C1=CC(=CC(=C1)O)O)O.CC(C)(C)NCC(C1=CC(=CC(=C1)O)O)O.OS(=O)(=O)O,0,,C1=CC2=C(C(=C1)OCC(COC3=CC=CC4=C3C(=O)C=C(O4)C(=O)[O-])O)C(=O)C=C(O2)C(=O)[O-].[Na+].[Na+],0,,COC1=CC(=CC(=C1O)C(=O)NCCO)CC=C,0,,,,,,
CCOCCOCC,0,,C1=CC=C(C=C1)C=O,0,,CC(C)(C)C1=CC=CC=C1O,0,,C1=CC=C2C(=C1)C(=O)OC23C4=C(C=C(C=C4)[O-])OC5=C3C=CC(=C5)[O-].[Na+].[Na+],0,,CC1=CC(=C(C=C1)N=CN(C)C=NC2=C(C=C(C=C2)C)C)C,1,,C1=CC(=CC=C1C(=O)O)S(=O)(=O)N(Cl)Cl,0,,,,,,
COP(=S)(OC)OC1=CC(=C(C=C1Cl)Cl)Cl,0,,C1CCCCCC(=O)NCCCCC1,1,,CCCSP(=O)(OCC)SCCC,1,,C1=CC(=CN=C1)CC(O)(P(=O)(O)[O-])P(=O)(O)[O-].[Na+].[Na+],0,,CNCCC(C1=CC=CC=C1)OC2=CC=C(C=C2)C(F)(F)F.Cl,1,,CC1=CC2=CC=CC=C2C=C1,0,,,,,,
CC1=CC=C(C=C1)OC,0,,CCCCC(CC)COC(=O)C1=CC=C(C=C1)N(C)C,1,,CN1C=C(C(=O)C2=C1C=C(C=C2)F)S(=O)C,0,,C[C@H](CC1=CC=CC=C1)N(C)CC#C.Cl,0,,C1CN(CCC1N2C3=CC=CC=C3NC2=O)CCCC(C4=CC=C(C=C4)F)C5=CC=C(C=C5)F,1,,CCN1C=C[N+](=C1)C.C(#N)[S-],0,,,,,,
C1=CC(=CC(=C1)C2=N[N-]C(=N2)C(=O)N)C3=C(C=CC(=C3)F)OCC(C(F)(F)F)(F)F.O.[K+],1,,C1CN(CC2=CC=CC=C21)C(=N)N.C1CN(CC2=CC=CC=C21)C(=N)N.OS(=O)(=O)O,0,,C1=CC(=C(C(=C1)Cl)S(=O)(=O)Cl)Cl,0,,CC(C)C1=C(C(=CC=C1)C(C)C)O,1,,CC(CN1C2=CC=CC=C2SC3=CC=CC=C31)N(C)C.Cl,1,,C1=COC(=C1)C(=O)O,0,,,,,,
CC(C)(C)C1=CC(=C(C(=C1)C(C)(C)C)O)C(C)(C)C,1,,CCCCCOC(=O)C1=CC=CC=C1C(=O)OCCCCC,1,,CC1=NC=CN1C2=CC=C(C=C2)SC3=CC=CC(=C3)C4(CCOCC4)C(=O)N.CS(=O)(=O)O,1,,CC(C)NCC(COC1=CC=CC=C1OCC=C)O.Cl,0,,COC1=CC=C(C=C1)C(=O)NC2=NC3=CC=CC=C3C(=C2C#N)NCC4=CC=CC=C4,0,,CCCC[P+](CC)(CCCC)CCCC.CCOP(=O)([O-])OCC,0,,,,,,
CC(C)CC(C)(C1=CC=C(C=C1)O)C2=CC=C(C=C2)O,1,,C1CNP(=O)(OC1)N(CCCl)CCCl.O,0,,C1=CC(=C(C=C1Cl)Cl)CO,0,,CC1=C(C(=O)N2CCC[C@H](C2=N1)O)CCN3CCC(CC3)C4=NOC5=C4C=CC(=C5)F,0,,C[C@@H]1[C@H]([C@H](C[C@@H](O1)O[C@@H]2[C@H](O[C@H](C[C@@H]2O)O[C@@H]3[C@H](O[C@H](C[C@@H]3O)O[C@H]4CC[C@]5([C@@H](C4)CC[C@@H]6[C@@H]5CC[C@]7([C@@]6(CC[C@@H]7C8=CC(=O)OC8)O)C)C)C)C)O)O,1,,CCC(CC)(CC(=O)NC1=CC=CC(=C1)/C=C/C2=NC(=CS2)C3CCC3)C(=O)O,1,,,,,,
CCC1=C2CN3C(=CC4=C(C3=O)COC(=O)[C@@]4(CC)O)C2=NC5=C1C=C(C=C5)OC(=O)N6CCC(CC6)N7CCCCC7.Cl,0,,COC1=CC(=C(C=C1N)OC)Cl,1,,CC(=O)OC(C)(C)C,0,,CC1=CC(=O)C2=CC=CC=C2C1=O,1,,CCCCC(CC)C(=O)OCCOCCOCCOC(=O)C(CC)CCCC,0,,C([C@@H]1[C@@H]([C@@H]([C@H]([C@@H](O1)O[C@@H]2[C@H](O[C@H]([C@@H]([C@H]2O)O)O)CO)O)O)O)O,0,,,,,,
COC1=CC(=C(C=C1)N)[N+](=O)[O-],0,,CC1CC(C2=C(C1(C)C)C=C(C(=C2)C(=O)C)C)(C)C,1,,C1=CC(=CC=C1N)[N+](=O)[O-],1,,CC1=CC(=C(C=C1)C)OCCCC(C)(C)C(=O)O,0,,C(#N)C1=C(C(=C(C(=N1)Cl)Cl)Cl)Cl,1,,C1=CC(=CC(=C1)Cl)C(=O)O,0,,,,,,
C/C=C/C1=CC=C(C=C1)OC,0,,C1CCN2C[C@@H]3C[C@H]([C@H]2C1)CN4[C@H]3CCCC4,0,,C1[C@H]([C@@H]2[C@H](O1)[C@H](CO2)O[N+](=O)[O-])O[N+](=O)[O-],0,,CC12CC3CC(C1)(CC(C3)(C2)N)C,0,,CCCCOCCOP(=O)(OCCOCCCC)OCCOCCCC,0,,C1=CC=C(C=C1)C(=O)OCC(COC(=O)C2=CC=CC=C2)(COC(=O)C3=CC=CC=C3)COC(=O)C4=CC=CC=C4,0,,,,,,
C[Si]1(O[Si](O[Si](O[Si](O1)(C)C)(C)C)(C)C)C,0,,CC(C1=CC=C(S1)C(=O)C2=CC=CC=C2)C(=O)O,1,,CC(C)NC(=O)NC(C)C,0,,C1=C(NC=N1)CCN,0,,C1C2=CC=CC=C2C3=C1C=C(C=C3)N,0,,C1[C@@H]2C=C[C@H]1[C@H]3[C@@H]2[C@]4(C(=C([C@@]3(C4(Cl)Cl)Cl)Cl)Cl)Cl,1,,,,,,
CCC(C)N1C(=O)C(=C(NC1=O)C)Br,0,,CC(C(=O)O)O,0,,CC(C)C1=C(C(=CC=C1)C(C)C)O,1,,C1=C(NN=C1)CCN.Cl,0,,C1=CC(=CC=C1C(=O)O)[Hg]Cl,1,,COC(=O)C1=C(C=CS1)S(=O)(=O)N,0,,,,,,
CCCCCCCCCC(CC)C1=CC=C(C=C1)S(=O)(=O)[O-].[Na+],1,,C1=CC(=CC=C1O)Cl,0,,C1=CC=C2C(=C1)C(=O)N(C2=O)SC(Cl)(Cl)Cl,1,,CCOC(=O)[C@H](CCC1=CC=CC=C1)N[C@H]2CCC3=CC=CC=C3N(C2=O)CC(=O)O.Cl,1,,CCCCCC1C(CCC1=O)CC(=O)OC,0,,CC(C)CCCCCOC(=O)C1=CC=CC=C1C(=O)OCCCCCC(C)C,1,,,,,,
CC1=CC(=C(C=C1)C)O,0,,C[C@H](CSC(=O)C1=CC=CC=C1)C(=O)N2C[C@H](C[C@H]2C(=O)O)SC3=CC=CC=C3,0,,CC(=O)NC1=CC=C(C=C1)O,0,,CCCCOC1=CC=C(C=C1)OCCCN2CCOCC2.Cl,0,,C1=CC=C(C(=C1)C(=O)O)O.C(CO)N(CCO)CCO,0,,CCNC1=NC(=NC(=N1)OC)NC(C)(C)C,1,,,,,,
CCO[Si](CCCN)(OCC)OCC,0,,CNNC.Cl.Cl,0,,C1CCC(C1)(C2=CC3=C(C=C2)[C@@H]([C@H](CO3)CC4=CC=C(C=C4)C5=CC=CC=C5)O)C(=O)O,1,,C1NC2=CC(=C(C=C2S(=O)(=O)N1)S(=O)(=O)N)Cl,0,,C1[C@@H]2C=C[C@H]1[C@H]3[C@@H]2[C@]4(C(=C([C@@]3(C4(Cl)Cl)Cl)Cl)Cl)Cl,1,,CC(=O)NC1=CC=C(C=C1)CC(=O)O,0,,,,,,
CCCC[Sn](CCCC)(Cl)Cl,1,,C1=CC(=C(C(=C1C2=CC(=C(C(=C2)Br)Br)Br)Br)Br)Br,1,,CC[N+]1(CCCC1)C.C(F)(F)(F)S(=O)(=O)[N-]S(=O)(=O)C(F)(F)F,1,,CC1=C(C(C(=C(N1)C)C(=O)OC)C2=CC=CC=C2[N+](=O)[O-])C(=O)OC,1,,C1=C(C=C(C(=C1SC2=C(C(=CC(=C2)Cl)Cl)O)O)Cl)Cl,1,,CC(C)(C)C1=CC=C(C=C1)O,0,,,,,,
CCN(CC)N=O,0,,CC1(C(N2C(S1(=O)=O)CC2=O)C(=O)OCOC(=O)C(C)(C)C)C,0,,CC1=NN(C(=O)C1)C2=CC=C(C=C2)S(=O)(=O)O,0,,C(CC(C(F)F)(C(=O)O)N)CN.O.Cl,0,,C1=CC(=CC(=C1)N)N.Cl.Cl,0,,CC1=C(OC(=O)O1)COC(=O)[C@H]2C(S[C@H]3N2C(=O)[C@H]3NC(=O)[C@@H](C4=CC=CC=C4)N)(C)C.Cl,0,,,,,,
C1=CC(=C(C=C1Cl)O)OC2=C(C=C(C=C2)Cl)Cl,1,,CCCCOCCOCCOCCO,0,,C1=CC(=C(C=C1Cl)Cl)C(Cl)(Cl)Cl,0,,C=CCN1CC[C@]23[C@@H]4C(=O)CC[C@]2([C@H]1CC5=C3C(=C(C=C5)O)O4)O,0,,C1=CC(=C(C(=C1)Cl)S(=O)(=O)Cl)Cl,0,,C(CCl)OP(=O)(OCCCl)OCCCl,0,,,,,,
CC(=O)[O-].CC(=O)[O-].[Hg+2],1,,CCN(CC)C(=O)C1=CC(=C(C=C1)O)OC,0,,C1CN(CCN1CC2=CC3=C(C=C2)OCO3)C(=O)COC4=CC=C(C=C4)Cl.Cl,1,,CC1=CC2=C(S1)NC3=CC=CC=C3N=C2N4CCN(CC4)C,0,,C[C@@]1([C@H]2C[C@H]3[C@@H](C(=O)C(=C([C@]3(C(=O)C2=C(C4=C1C=CC=C4O)O)O)O)C(=O)N)N(C)C)O.Cl,0,,C1=CC(=CC=C1N=NC2=C(C=CC3=C2C=CC(=C3)S(=O)(=O)[O-])O)S(=O)(=O)[O-].[Na+].[Na+],0,,,,,,
CCCCCCBr,0,,CC1=CC=C(C=C1)N,1,,C1=CC=C(C=C1)[Sn](C2=CC=CC=C2)C3=CC=CC=C3.O,1,,COC1=CC(=C(C=C1)C(=O)C2=CC=CC=C2)O,0,,B([C@H](CC(C)C)NC(=O)[C@H](CC1=CC=CC=C1)NC(=O)C2=NC=CN=C2)(O)O,1,,C1=CC=C(C=C1)OCCO,0,,,,,,
O.O.[O-][Cr](=O)(=O)O[Cr](=O)(=O)[O-].[Na+].[Na+],1,,CC1=CC2=C(C(=C1)O)C(=C3C(=C2)C=CC=C3O)O,1,,COP(=S)(OC)SCN1C(=O)C2=CC=CC=C2C1=O,1,,C1=CC(=CC=C1[C@@H]2[C@H](C(=O)N2C3=CC=C(C=C3)F)CC[C@@H](C4=CC=C(C=C4)F)O)O,1,,CN1CCN(CC1)C2CC3=CC=CC=C3SC4=C2C=C(C=C4)SC,1,,C[C@]12CC[C@H]3[C@H]([C@@H]1CC[C@@H]2O)CCC4=C3C=CC(=C4)O,1,,,,,,
CCOC(=O)N,0,,C1C2=C(C=C(C=C2)O)C3=CC=CC=C31,1,,C(/C=C/Cl)Cl,0,,C1[C@@H]([C@H](O[C@H]1N2C=C(C(=O)NC2=O)I)CO)O,0,,CC(CCC=C(C)C)CCOC=O,1,,COC1=C(C=C(C=C1)C2CC(=O)NC2)OC3CCCC3,0,,,,,,
C[C@@H]1CC(=O)NN=C1C2=CC=C(C=C2)NN=C(C#N)C#N,0,,C1=CC=C2C(=C1)C3=CC=CC4=C3C2=CC=C4,1,,C(CCCC(=O)O)CCCC(=O)O,0,,CC1=NC=C2N1C3=C(C=C(C=C3)Cl)C(=NC2)C4=CC=CC=C4F.Cl,1,,CCCCC(CC)CN=C(N)NC(=NCCCCCCN=C(N)NC(=NCC(CC)CCCC)N)N.Cl.Cl,1,,CCN(CC)C1=CC2=C(C=C1)C(=CC(=O)O2)C,1,,,,,,
CC(=O)OC(C)(C)CCCC(=C)C=C,0,,CCCCCCCC1=CC=C(C=C1)O,1,,C1CC2C(O2)CC1C3CO3,0,,C1=CC=C(C=C1)C2(C(=O)N(C(=O)N2)COP(=O)(O)O)C3=CC=CC=C3,0,,C1=CC=C2C(=C1)C(=CN2)CC(C(=O)O)N,0,,CN(C1CCCCC1)C2CCCCC2,0,,,,,,
CCCCCC1NC2=C(C=C(C(=C2)C(F)(F)F)S(=O)(=O)N)S(=O)(=O)N1,0,,CCOP(=S)(OCC)OC1=CC=C(C=C1)[N+](=O)[O-],1,,CCCCCCCCCCCC=C,0,,CN(CCCl)CCCl.Cl,0,,C1=CC(=CC=C1N/C(=N/C(=NCCCCCCN=C(/N=C(/NC2=CC=C(C=C2)Cl)\N)N)N)/N)Cl,1,,[Li+].C(C(C(C(C(F)(F)S(=O)(=O)[O-])(F)F)(F)F)(F)F)(C(C(C(F)(F)F)(F)F)(F)F)(F)F,0,,,,,,
CC1=CC(=O)N(C(=C1)C2CCCCC2)O.C(CO)N,1,,C(CC=O)CC=O,0,,C1=CC(=CC(=C1)N)N.Cl.Cl,1,,CCN(CC)CCN1C(=O)CN=C(C2=C1C=CC(=C2)Cl)C3=CC=CC=C3F,1,,CN1C2=NC(=NC=C2CN(C1=O)C3=CC=CC=C3Br)NC4=CC5=C(C=C4)OC(CO5)CO,1,,COC1=CC(=NC(=N1)NC(=O)[N-]S(=O)(=O)C2=C(C=CC=N2)OCC(F)(F)F)OC.[Na+],0,,,,,,
CCN(CC)CCNC(=O)C1=CC=C(C=C1)NC(=O)C.Cl,0,,C1=C(NC(=O)NC1=O)C(=O)O,0,,CC1=CC(=C(C=C1)C(C)(C)C)O,1,,C1=CC2=C(C(=C(C=C2Cl)I)O)N=C1,0,,C1=CC=C(C=C1)NC(=O)NC2=CC=CC=C2,0,,CCCC(C1=CC=CC=C1)(C2=CC=CC=C2)C(=O)OCCN(CC)CC.Cl,1,,,,,,
CCCC[Sn](CCCC)(CCCC)OC(=O)C1=CC=CC=C1,1,,C([C@H]([C@@H]([C@@H]([C@H](CO)O)O)O)O)O,0,,C1=CC=C2C(=C1)C=CC3=C2C=CC=N3,0,,C[C@]12CC[C@H]3[C@H]([C@@H]1CCC2=O)CCC4=C3C=CC(=C4)O,0,,CCCC[Sn](CCCC)(Cl)Cl,1,,CCCCCCCCCCCCCCCC(=O)O,0,,,,,,
CC(C)(C)CC(C)(C)C1=CC(=C(C=C1)O)CC2=C(C=C(C=C2)Cl)Cl,1,,CCN(CC)CCO,0,,CC(=C)C1=CC(=CC=C1)C(C)(C)N=C=O,1,,CN(CCCNC(=O)C1CCCO1)C2=NC3=CC(=C(C=C3C(=N2)N)OC)OC.Cl,0,,CC1=C(C=CC(=C1)Br)NC(=O)CCl,1,,CO[C@H]1[C@@H](C[C@@H]2CN3CCC4=C([C@H]3C[C@@H]2[C@@H]1C(=O)OC)NC5=C4C=CC(=C5)OC)OC(=O)C6=CC(=C(C(=C6)OC)OC)OC,1,,,,,,
CCOC(=O)C(C)(C)OC1=CC=C(C=C1)Cl,0,,CC(C)CC(C)NC1=CC=C(C=C1)NC2=CC=CC=C2,1,,CN(C)CCOC(C1=CC=CC=C1)C2=CC=CC=C2,0,,CN(CC(CO)O)C(=O)C1=C(C(=C(C(=C1I)C(=O)NCC(CO)O)I)NC(=O)COC)I,0,,[Cl-].[Cl-].[Hg+2],1,,CC(C#C)N(C)C(=O)NC1=CC=C(C=C1)Cl,1,,,,,,
CC(=O)C1=CC=C(C=C1)S(=O)(=O)NC(=O)NC2CCCCC2,0,,C1=CC(=CC=C1N=NC2=C(NN(C2=O)C3=CC=C(C=C3)S(=O)(=O)[O-])C(=O)[O-])S(=O)(=O)[O-].[Na+].[Na+].[Na+],0,,C1=CC(=C(C=C1Cl)Cl)OCCCC(=O)[O-].[Na+],1,,C1=CC(=C(C(=C1)Cl)Cl)C2=C(N=C(N=N2)N)N,0,,[N+](=O)(O)[O-].[N+](=O)(O)[O-].[Cd],1,,CC(C)C(=O)NC1=CC(=C(C=C1)[N+](=O)[O-])C(F)(F)F,1,,,,,,
CC(C)N(CCO)C(C)C,0,,CCCCCCCCCCCCCCCBr,0,,CC1=NC(=C(C(=N1)Cl)NC2=NCCN2)OC,0,,C(=O)(N)NO,0,,CCCCC(=O)O,0,,C1=CC(=CC=C1C=O)Cl,0,,,,,,
CCCCC(CC)COC(=O)C1=CC=C(C=C1)N(C)C,0,,C1=CC=C(C=C1)COC(=O)C2=CC=CC=C2C(=O)O,1,,NN.OS(=O)(=O)O,1,,CC1=CNN=C1.Cl,0,,COCCOC(=O)CC#N,0,,C(COCCOCCC#N)C#N,0,,,,,,
CCCCCCCCN1C(=O)C(=C(S1)Cl)Cl,1,,CC(C1=CC(=C(C=C1)C2=CC=CC=C2)F)C(=O)OC(C)OC(=O)C,0,,CO[Si](C=C)(OC)OC,0,,CN(C)CC[C@@H](C1=CC=C(C=C1)Br)C2=CC=CC=N2.C(=C\C(=O)O)\C(=O)O,0,,CCCCCCCCCCCCCCCC[N+](C)(C)CC.[Br-],1,,COC1=CC(=C(C=C1)OC)C=O,0,,,,,,
CC1=C(C(=CC=C1)C)NC(=O)CN2CCN(CC2)CC(COC3=CC=CC=C3OC)O,0,,C=CC#N,0,,C(=N)(N)[Se],0,,C1CN(CCN1CCOCC(=O)N)C(C2=CC=CC=C2)C3=CC=C(C=C3)Cl.Cl.Cl,0,,CC1=CCC(CC1)C(=C)C,0,,CCCCCCCC[N+](C)(CCCCCCCC)CCCCCCCC.C(F)(F)(F)S(=O)(=O)[O-],1,,,,,,
[O-]S(=O)(=O)OOS(=O)(=O)[O-].[K+].[K+],0,,CC1=CC(=C(C=C1N=NC2=CC=C(C=C2)S(=O)(=O)[O-])OC)N=NC3=CC=C(C=C3)OC.[Na+],0,,CC1=CC=C(C=C1)S(=O)(=O)[O-].[Na+],0,,COC1=CC2=C(C=CN=C2C=C1)[C@@H]([C@H]3C[C@@H]4CCN3C[C@@H]4C=C)O,0,,CCCCCN=C(N)N/N=C/C1=CNC2=C1C=C(C=C2)OC,1,,CN(C)C1=CC=C(C=C1)N=NC2=CC=CC=C2,1,,,,,,
CCCCCCCCCCCCCCCCCCCl,0,,COC1=CC=C(C=C1)C2=COC3=C(C2=O)C=CC(=C3)O,1,,CCOC1=C(C=CC(=C1)C=O)O,0,,CC(C)(C)NCC(C1=CC(=C(C=C1)O)CO)O,0,,C1=CC=C(C=C1)[Sn](C2=CC=CC=C2)C3=CC=CC=C3.O,1,,C(C(C(=O)O)Cl)C(=O)O,0,,,,,,
CC1=CC(=CC=C1)N=NC2=CC=C(C=C2)N(C)C,0,,CCCN(CCC)C1=C(C=C(C=C1[N+](=O)[O-])S(=O)(=O)C)[N+](=O)[O-],1,,C1=CC(=CC(=C1)CN=C=O)CN=C=O,1,,CC1COC2=C3N1C=C(C(=O)C3=CC(=C2N4CCN(CC4)C)F)C(=O)O,0,,C1=CC(=CC=C1C2=CSC(=N2)NN)[N+](=O)[O-],1,,CCCCCCOC(=O)C1=CC=CC=C1,0,,,,,,
C(SCl)(Cl)(Cl)Cl,0,,CC1([C@H]([C@H]1C(=O)O[C@H](C#N)C2=CC(=CC=C2)OC3=CC=CC=C3)C=C(Br)Br)C,1,,C1CN=C(N1)C2COC3=CC=CC=C3O2,0,,CC1(CCCC(N1C)(C)C)C.[C@H]([C@@H](C(=O)O)O)(C(=O)O)O,0,,C(=O)(C(Br)(Br)Br)O,0,,C1=CC(=CC=C1C(C2=CC=C(C=C2)O)(C(F)(F)F)C(F)(F)F)O,1,,,,,,
CC1=CC(=C2C(=C1)C=C(N2CC(=O)O)C(=O)NC3=NC(=C(S3)CCC4CCCCC4)C5=CC(=C(C=C5OC)Cl)OC)C.C(=O)(C(F)(F)F)O,1,,CCNC1=NC(=NC(=N1)SC)NC(C)C,1,,CN(C)C(=O)C(C1=CC=CC=C1)C2=CC=CC=C2,1,,C[N+](C)(C)CC(CC(=O)[O-])O.Cl,0,,C1CCN[C@H](C1)[C@H](C2=CC(=NC3=C2C=CC=C3C(F)(F)F)C(F)(F)F)O.Cl,1,,CCCCCCCCCCCCCCCCN1C=C[N+](=C1)C.C(F)(F)(F)S(=O)(=O)[N-]S(=O)(=O)C(F)(F)F,1,,,,,,
CCCCC1=C(C2=CC=CC=C2O1)C(=O)C3=CC(=C(C(=C3)I)OCCN(CC)CC)I,1,,CC(C)(C)C1=CC(=C(C=C1)O)C(C)(C)C,0,,CCCCNC1=CC=CC=C1,0,,C[C@H](C(=O)O)N,0,,CCC1(C(=O)NCNC1=O)C2=CC=CC=C2,0,,CCC(C)C1=CC=CC=C1O,0,,,,,,
C1=CC2=C(C=CC(=C2N=C1)O)Cl,1,,CCCCCCC(=O)OCC=C,0,,CC(CCCN)NC1=C2C(=CC(=C1)OC)C=CC=N2.OP(=O)(O)O.OP(=O)(O)O,1,,COC1=C2C(=CC3=C1OC=C3)C=CC(=O)O2,1,,CCCCOP(=O)(O)OCCCC,0,,CC(C)N1C(=O)C2=CC=CC=C2C1=O,0,,,,,,
CCCCCCCC[N+](C)(CCCCCCCC)CCCCCCCC.[Cl-],1,,C1=CC(=C(C=C1Br)Br)OC2=CC(=C(C=C2Br)Br)Br,1,,CCC(C)COC(=O)CC(C)C,1,,C1C[C@H]2C(=O)N[C@@H](CSSCCC(=O)N[C@H](C(=O)NCC(=O)N[C@H](C(=O)N[C@H](C(=O)N2C1)CC3=CNC4=CC=CC=C43)CC(=O)O)CCCCN=C(N)N)C(=O)N,0,,C(=O)(N)[O-].[NH4+],0,,CC(C)(C)CC(C)(C)C1=CC=C(C=C1)OCCOCC[N+](C)(C)CC2=CC=CC=C2.[Cl-],1,,,,,,
CC1=NC2=CC=CC=C2S1,0,,CCC(C)COC(=O)C,0,,CCN(CC1=CC=NC=C1)C(=O)C(CO)C2=CC=CC=C2,1,,C1=CC(=CN=C1)C(=O)O,0,,C1=CC=C(C(=C1)C(=O)OCC(CO)O)N,0,,C1CCN(CC1)C2=NC(=N)N(C(=C2)N)O,0,,,,,,
CC1=C(C(=CC=C1)N)N,0,,C1=C(C(=C(C(=C1Cl)Cl)O)Cl)Cl,0,,CCCN1CN(C=C1)C.Cl,0,,C1=CC=C2C(=C1)C(=C3C=CC=CC3=N2)N.O.Cl,0,,COC(=O)C1=CC=C(C=C1)O,0,,C1=CC2=C(C=C1O)C(=CN2)C[C@@H](C(=O)O)N,0,,,,,,
CCCCCCCCCCCCN1C=C[N+](=C1)C.[Cl-],1,,CC(C)NCC(COC1=CC=C(C=C1)CCOC)O,0,,CC(C)CCCO,0,,C[C@H]1[C@H]([C@H](C[C@@H](O1)O[C@H]2C[C@@](CC3=C2C(=C4C(=C3O)C(=O)C5=C(C4=O)C(=CC=C5)OC)O)(C(=O)C)O)N)O,1,,CCCCCCCCN1C(=O)C(=C(S1)Cl)Cl,1,,C1=CC(=CC=C1CC2=CC=C(C=C2)N3C(=O)C=CC3=O)N4C(=O)C=CC4=O,1,,,,,,
C[C@]12CC[C@H]3[C@H]([C@@H]1CCC2=O)CC=C4[C@@]3(CC[C@@H](C4)O)C,0,,COC(=O)NC1=NC2=CC=CC=C2N1,1,,C1=CC=C(C=C1)OCC(=O)O,0,,CN(C)[C@H]1[C@@H]2C[C@@H]3CC4=C(C=CC(=C4C(=C3C(=O)[C@@]2(C(=C(C1=O)C(=O)N)O)O)O)O)N(C)C.Cl,0,,CCCCCCCCCCCCCC[P+](CCCCCC)(CCCCCC)CCCCCC.F[P-](F)(F)(F)(F)F,1,,CCOC(=O)[CH-]C(=O)C(=O)OCC.[Na+],0,,,,,,
C1=CC(=CC(=C1)NC(=O)C(=O)O)C2=NNN=N2,0,,C([C@H]([C@H]([C@@H]([C@H](CO)O)O)O)O)O,0,,CCCCCCCC(=O)OCC(COC(=O)CCCCCCC)OC(=O)CCCCCCC,0,,CC(CCC1=CC=C(C=C1)O)NCCC2=CC(=C(C=C2)O)O,1,,C1=CC=C(C=C1)[P+](CCCCC(=O)O)(C2=CC=CC=C2)C3=CC=CC=C3.[Br-],0,,CCCCC(CC)COC(=O)CCCCC(=O)OCC1=CC=CC=C1,0,,,,,,
C[C@H](/C=C/[C@H](C)C(C)C)[C@H]1CC[C@@H]\2[C@@]1(CCC/C2=C\C=C\3/C[C@H](CCC3=C)O)C,1,,CCCOC(=O)C1=CN=CN1C(C)C2=CC=CC=C2,1,,CC(C)(C)C#C/C=C/CN(C)CC1=CC=CC2=CC=CC=C21,1,,C[C@H]1C[C@H]2[C@@H]3CC[C@@]([C@]3(C[C@@H]([C@@H]2[C@@]4(C1=CC(=O)C=C4)C)O)C)(C(=O)CO)O,0,,C1=CC=C(C(=C1)C(C2=CC=C(C=C2)Cl)C(Cl)Cl)Cl,1,,C1=CC(=CC=C1C(=O)C2=C(C=C(C=C2)O)O)O,1,,,,,,
CN(C)C1=CC=C(C=C1)C(=C2C=CC(=[N+](C)C)C=C2)C3=CC=C(C=C3)N(C)C.[Cl-],1,,CCCCCCCCCCCCC1=CC=CC=C1,0,,CS(=O)(=O)O,0,,CN1C(=NN=N1)SCC2=C(N3[C@@H]([C@@](C3=O)(NC(=O)CSCC#N)OC)SC2)C(=O)[O-].[Na+],0,,CC1(C2CCC(O1)(CC2)C)C,0,,C1COC(O1)CO/N=C(/C2=CC=C(C=C2)Cl)\C(F)(F)F,0,,,,,,
CC(C)OP(=O)(C)OC(C)C,0,,CCCCC1=C(N=C(N=C1OS(=O)(=O)N(C)C)NCC)C,1,,C=CCOC(=O)N,0,,C[C@]12CCC(=O)C=C1CC[C@@H]3[C@@H]2[C@H](C[C@]4([C@H]3CC[C@@]4(C(=O)COC(=O)CCC(=O)[O-])O)C)O.[Na+],0,,CC[C@]12CC[C@H]3[C@H]([C@@H]1CC[C@]2(C#C)O)CCC4=CC(=O)CC[C@H]34,0,,CC(C(=O)C1=CC=CC=C1)N(C)C,0,,,,,,
CCCC[Sn](CCCC)(CCCC)O[Sn](CCCC)(CCCC)CCCC,1,,CC(C1=CC=CC=C1)(C2=CC=C(C=C2)O)C3=CC=C(C=C3)O,1,,C1CC(C(CCC(C(CCC(C1Br)Br)Br)Br)Br)Br,1,,C[C@]12CC[C@H]3[C@H]([C@@H]1CC[C@]2(C#C)O)CCC4=C3C=CC(=C4)OC5CCCC5,1,,C1CN2CCC1C(C2)CN3C4=CC=CC=C4SC5=CC=CC=C53,1,,CN1C2=NC(=NC=C2CN(C1=O)C3=CC=CC=C3Br)NC4=CC5=C(C=C4)OC(CO5)CO,1,,,,,,
C1CN2CCC1C(C2)CN3C4=CC=CC=C4SC5=CC=CC=C53,1,,CC(=O)C1=CC=C(C=C1)C2=CC=C(C=C2)C(=O)NCCCCN3CCN(CC3)C4=CC=CC=C4OC,0,,CC1=NC=C(N1CC(C)O)[N+](=O)[O-],0,,C1=CC(=CC=C1CN)S(=O)(=O)N.Cl,0,,CCCCCCCCCCCCC1=CC=C(C=C1)O,1,,CCCCCCCCCCCCCCBr,0,,,,,,
C1=C(C(=C(C(=C1[N+](=O)[O-])Cl)[N+](=O)[O-])Cl)C(F)(F)F,1,,C1=CC=C2C(=C1)C(=CN2)C[C@H](C(=O)O)N,0,,C=CCN1CC[C@]23CCCC[C@H]2[C@H]1CC4=C3C=C(C=C4)O,0,,CCC(CC1=C(C(=C(C=C1I)I)N)I)C(=O)O,1,,C1=CC(=CC=C1C(C2=CC=C(C=C2)O)C(Cl)(Cl)Cl)O,1,,CCCCOC(=O)CC(CC(=O)OCCCC)(C(=O)OCCCC)OC(=O)C,1,,,,,,
C1COCCN1SSC2=NC3=CC=CC=C3S2,1,,CC(C)CC(C)(C#CC(C)(CC(C)C)O)O,0,,CC(=O)C,0,,CC(=O)NC1=C(C(=C(C(=C1I)C(=O)[O-])I)C(=O)NC)I.[Na+],0,,CC1=C(SCCO1)C(=O)NC2=CC=CC=C2,0,,CC1=NN=C(S1)NS(=O)(=O)C2=CC=C(C=C2)N,0,,,,,,
CO[C@H]1[C@@H](C[C@@H]2CN3CCC4=C([C@H]3C[C@@H]2[C@@H]1C(=O)OC)NC5=C4C=CC(=C5)OC)OC(=O)C6=CC(=C(C(=C6)OC)OC)OC,1,,C1=CC2=C3C(=C1)C=CC4=C(C=CC(=C43)C=C2)O,1,,C1=CC(=CC=C1OC2=C(C=C(C=C2)NC(=O)C3=C(C(=CC(=C3)I)I)O)Cl)Cl,1,,C[N+]1=CC=CC=C1/C=N/O.[Cl-],0,,C1=CN(C(=O)N=C1N)[C@H]2[C@H]([C@@H]([C@H](O2)CO)O)O,0,,COC1=CC(=CC(=C1OC)OC)CCN.Cl,0,,,,,,
C1=NC2=C(C(=O)N1)N=CN2[C@H]3[C@@H]([C@@H]([C@H](O3)CO)O)O,0,,C1=CC(=CC=C1CCO)NC2=C3C(=C(C=C2)O)C(=O)C4=C(C=CC(=C4C3=O)[N+](=O)[O-])O,1,,CC1=CC(=CC=C1)N(C)C(=S)OC2=CC3=CC=CC=C3C=C2,1,,C[C@@H]1CN(CC[C@@]1(C2=CC=CC=C2)C(=O)O)C3CCC(CC3)(C#N)C4=CC=C(C=C4)F.Cl,0,,C1=CC=C(C(=C1)C2=CC=C(C=C2)C(F)(F)F)C(=O)O,0,,CCNC1=NC(=NC(=N1)SC)NC(C)C,1,,,,,,
CCCCCCCCCCCCCCCC[N+](C)(C)CC.[Br-],1,,CCN(CC1=C(C=CC=C1Cl)F)C2=C(C=C(C=C2[N+](=O)[O-])C(F)(F)F)[N+](=O)[O-],1,,C1=CC=C2C(=C1)NC(=S)S2,1,,CC(C)(C)NC[C@@H](COC1=NSN=C1N2CCOCC2)O,0,,CC1CN(CCN1)C2=C(C(=C3C(=C2)N(C=C(C3=O)C(=O)O)C4CC4)C)F.Cl,0,,C1=CC=C(C(=C1)C(=C2C=C(C(=O)C(=C2)I)I)C3=CC(=C(C(=C3)I)[O-])I)C(=O)[O-].[Na+].[Na+],1,,,,,,
CC[C@@]12CCCN3[C@@H]1C4=C(CC3)C5=CC=CC=C5N4[C@](C2)(C(=O)OC)O,0,,C1CC[C@H]2[C@@H](C1)C(=O)N(C2=O)CCCCN3CCN(CC3)C4=NSC5=CC=CC=C54.Cl,0,,COC1=C(C=CC(=C1)C(=S)N2CCOCC2)O,0,,CC1=CC2=C(C=C1C)N(C3=NC(=O)NC(=O)C3=N2)C[C@@H]([C@@H]([C@@H](CO)O)O)O,1,,C1=CC2=C(C3=C(C=CC=N3)C=C2)N=C1.O.Cl,1,,CCC(=O)N(C1=CC=CC=C1)C2(CCN(CC2)CCC3=CC=CS3)COC.C(C(=O)O)C(CC(=O)O)(C(=O)O)O,1,,,,,,
CC/C(=C(/CC)\C1=CC=C(C=C1)OC(=O)CC)/C2=CC=C(C=C2)OC(=O)CC,1,,CC(C)CC1=C(C(=NC(=C1C(=O)SC)C(F)(F)F)C(F)F)C(=O)SC,1,,C1(=C(C(=C(C(=C1Br)Br)Br)Br)Br)Br,0,,CCCCC1=C(C2=C(O1)C=CC(=C2)NS(=O)(=O)C)C(=O)C3=CC=C(C=C3)OCCCN(CCCC)CCCC,0,,CCCCN(CCCC)C(=S)[S-].CCCCN(CCCC)C(=S)[S-].[Zn+2],1,,CC1=C(C(=CC=C1)NC2=CC=CC=C2C(=O)O)C,0,,,,,,
COC1=C(C=CC(=C1)Cl)OC2=C(C=C(C=C2)Cl)Cl,1,,C1=CC=C(C=C1)N=NC2=C(N=C(C=C2)N)N.Cl,1,,CCN(C)C(=O)OC1=CC=CC(=C1)[C@H](C)N(C)C.[C@H]([C@@H](C(=O)O)O)(C(=O)O)O,0,,CCN(CC)C(C)CN1C2=CC=CC=C2SC3=CC=CC=C31.Cl,1,,C1=COC(=C1)CNC2=NC=NC3=C2NC=N3,0,,C1CCN(CC1)CCOC2=CC=C(C=C2)C(=O)C3=C(SC4=C3C=CC(=C4)O)C5=CC=C(C=C5)O,1,,,,,,
CCNC(=S)NCC,0,,CCC1=C2C(=CC=C1)C3=C(N2)C(OCC3)(CC)CC(=O)O,0,,C1=CC=C(C=C1)[Si](C2=CC=CC=C2)(Cl)Cl,1,,CN(CC#C)CC1=CC=CC=C1.Cl,0,,CC(=O)O.CC(=O)O.C1=CC(=CC=C1N/C(=N/C(=NCCCCCCN=C(/N=C(/NC2=CC=C(C=C2)Cl)\N)N)N)/N)Cl,1,,CCC1=CC=CC(=C1N(COCC)C(=O)CCl)C,1,,,,,,
CCNCC(=C)C,0,,CC(C)OC(=O)NNC1=C(C=CC(=C1)C2=CC=CC=C2)OC,1,,CCC(C(C[C@H](C)NC)(C1=CC=CC=C1)C2=CC=CC=C2)OC(=O)C.Cl,0,,CN1C(NC2=CC(=C(C=C2S1(=O)=O)S(=O)(=O)N)Cl)CSCC(F)(F)F,0,,C1=CC=C2C(=C1)C3=CC=CC4=C3C5=C(C=CC=C25)C=C4,0,,CCOCCOCCO,0,,,,,,
COC1=CC=CC(=C1)C2=C(C=C(C=C2)/C=C\CN3CCCCCC3)Cl.Cl,1,,CCCCCCCCCCCCCCCCCO,0,,CC1=CC=C(C=C1)C(=O)OC,0,,CC1=C(C(C(=C(N1)C)C(=O)OC(C)C)C2=CC=CC3=NON=C32)C(=O)OC,1,,C1C2C(C(C1Cl)Cl)C3(C(=C(C2(C3(Cl)Cl)Cl)Cl)Cl)Cl,1,,C1=CC(=C(C=C1Br)Br)OC2=CC(=C(C=C2Br)Br)Br,1,,,,,,
CC(C)(C)CC(C)(C)C1=CC(=C(C=C1)O)N2N=C3C=CC=CC3=N2,1,,CC(C)C(CC(C)N(C)C)(C#N)C1=CC=CC=C1,0,,C1=CC=C(C=C1)NC(=S)NC2=CC=CC=C2,1,,CCCCC1=NC=C(N1CC2=CC=C(C=C2)C(=O)O)/C=C(\CC3=CC=CS3)/C(=O)O.CS(=O)(=O)O,0,,C1=CN=CC=C1C(=O)NN,0,,CC1=CC=C(C=C1)N.Cl,1,,,,,,
CC1=CC(=C(C(=C1)Cl)OP(=S)(OC)OC)Cl,0,,CC(=O)OCC1=CC=CO1,0,,CN1[C@@H]2CC[C@H]1CC(C2)OC(=O)C3=CNC4=CC=CC=C43,0,,COC1=C(C=C2C(=C1)C(=NC(=N2)N3CCN(CC3)C(=O)C4CCCO4)N)OC.Cl,0,,CCOC(OCC)OCC,0,,CC1=CC(=CC=C1)Br,0,,,,,,
CC(CC1=CC(=CC=C1)C(F)(F)F)NCCOC(=O)C2=CC=CC=C2.Cl,1,,CC(C)(C)C1=CC=C(C=C1)C(=O)CCCCl,1,,C1=CC=C2C=C3C4=CC=CC5=C4C(=CC=C5)C3=CC2=C1,0,,CS(=O)(=O)O.C1[C@@H]2[C@@H](C2N)CN1C3=C(C=C4C(=O)C(=CN(C4=N3)C5=C(C=C(C=C5)F)F)C(=O)O)F,0,,C[C@]12C[C@@H]([C@]3([C@H]([C@@H]1C[C@H]([C@@]2(C(=O)CO)O)O)CCC4=CC(=O)C=C[C@@]43C)F)O,0,,COC1=C(C=C(C=C1)C2=CC(=NN2C3=CC=C(C=C3)S(=O)(=O)N)C(F)F)F,1,,,,,,
C(C(C(=O)O)N)SCC(=O)O,0,,CC(=CCC/C(=C/CCC(=O)C)/C)C,0,,C1=CC=C2C(=C1)C(=O)OC2=O,0,,C1=NC(=NC(=O)N1[C@H]2[C@@H]([C@@H]([C@H](O2)CO)O)O)N,0,,C[C@]12CC[C@H]3[C@H]([C@@H]1CC[C@]2(C#C)O)CCC4=CC5=C(C[C@]34C)C=NO5,1,,CCCCCCN1C=C[N+](=C1)C.C(F)(F)(F)S(=O)(=O)[N-]S(=O)(=O)C(F)(F)F,1,,,,,,
C1=CN(C(=O)N=C1N)[C@H]2C([C@@H]([C@H](O2)CO)O)(F)F.Cl,0,,CC(C)(C)C#C/C=C/CN(C)CC1=CC=CC2=CC=CC=C21,1,,CC(C)OC(=O)C1=CC=CC=C1C(=O)OC(C)C,1,,CCC1=NN(C(=O)N1CCOC2=CC=CC=C2)CCCN3CCN(CC3)C4=CC(=CC=C4)Cl.Cl,1,,C1=CC(=CC=C1NC(=O)NC2=CC(=C(C=C2)Cl)Cl)Cl,1,,C1=CC=C(C=C1)CCNC2=NC(=CS2)C3=CC=CC=C3,1,,,,,,
C1=CC=C(C=C1)[S-].[Na+],0,,COC(=O)NC1=CC(=C(C=C1)Cl)Cl,1,,CC(COC)O,0,,C1CN(C[C@@H]1C(C2=CC=CC=C2)(C3=CC=CC=C3)C(=O)N)CCC4=CC5=C(C=C4)OCC5.Br,0,,CCCCC(CC)COC(=O)C1=CC=C(C=C1)O,1,,CC1=CC=CC=C1C(=O)NC2=CC=C(C=C2)C(=O)N3CCCC(C4=CC=CC=C43)N(C)C,1,,,,,,
CC(C)(CO)N,0,,CC(C)(C)OC(=O)C1=CC=C(C=C1)O,1,,C=CC1CCC=CC1,0,,CN1CCCCC1CCN2C3=CC=CC=C3SC4=C2C=C(C=C4)SC,1,,CC1=CC=C(C=C1)N(SC(F)(Cl)Cl)S(=O)(=O)N(C)C,1,,C1=CC=C(C(=C1)/C=C/C2=CC=C(C=C2)C3=CC=C(C=C3)/C=C/C4=CC=CC=C4S(=O)(=O)[O-])S(=O)(=O)[O-].[Na+].[Na+],0,,,,,,
CC(CCC=C(C)C)CC=O,0,,CC1=CCC2CC1C2(C)C,0,,CC(C)[C@H]1C2=C(CC[C@@]1(CCN(C)CCCC3=NC4=CC=CC=C4N3)OC(=O)COC)C=C(C=C2)F.Cl.Cl,0,,CC1=CC=C(C=C1)C(=O)C2=CC(=C(C(=C2)O)O)[N+](=O)[O-],0,,CCC(C)(C)C1=CC(=C(C=C1O)C(C)(C)CC)O,1,,CC(C)(CO)[C@H](C(=O)NCCCO)O,0,,,,,,
CC1CN1P(=O)(N2CC2C)N3CC3C,0,,CCNP(=S)(OC)O/C(=C/C(=O)OC(C)C)/C,1,,CCC1=CC=CC(=C1N(COCC)C(=O)CCl)C,1,,C1NC2=C(C=C(C(=C2)C(F)(F)F)S(=O)(=O)N)S(=O)(=O)N1,0,,CCC1=C2C(=CC(=C1)C3=C(N(S(=O)(=O)C4=CC=CC=C43)C5=CC=CC=C5C(F)(F)F)C(=O)[O-])OCO2.[K+],0,,CCCCC(=O)OCC(=O)[C@H]1[C@@H](C[C@@H]2[C@@]1(C[C@@H]([C@]3([C@H]2C[C@@H](C4=CC(=O)C=C[C@@]43C)F)F)O)C)C,1,,,,,,
CCCCCCCCCCCCN1C=C[N+](=C1)C.C(F)(F)(F)S(=O)(=O)[N-]S(=O)(=O)C(F)(F)F,1,,CCCCCCOC(=O)C1=CC=C(C=C1)O,1,,C[C@H]1[C@H](OC(=N1)N)C2=CC=CC=C2,0,,CCOC1=CC2=C(C=C1)N=C(S2)S(=O)(=O)N,0,,CCCCCCCCCCCCCC[N+](C)(C)CC1=CC=CC=C1.[Cl-],1,,CC1=CC(=C(C=C1N=NC2=C(C3=CC=CC=C3C(=C2)S(=O)(=O)[O-])O)S(=O)(=O)[O-])C.[Na+].[Na+],0,,,,,,
COC(=O)NC1=NC2=CC=CC=C2N1,0,,CN1C[C@H](C[C@H]2[C@H]1CC3=CN(C4=CC=CC2=C34)C)NS(=O)(=O)N(C)C,1,,CC(=O)N[C@H](COC)C(=O)NCC1=CC=CC=C1,0,,C1=CC2=C(C(=C(C=C2Cl)Cl)O)N=C1,0,,C(=C(I)I)(I)I,1,,CC(C)CC(C)N,0,,,,,,
CCOC(=O)[C@]1([C@H](C2=CC=CC=C2O1)N)C3=CC=CC=C3,1,,C[N+](C)(C)CCO.C(F)(F)(F)S(=O)(=O)[N-]S(=O)(=O)C(F)(F)F,0,,CC1=CC=C(C=C1)S(=O)(=O)NC2CCCCC2,1,,C[C@@H]1[C@@H]2[C@H](C(=O)N2C(=C1S[C@H]3C[C@H](NC3)CNS(=O)(=O)N)C(=O)O)[C@@H](C)O,1,,C1C(CC2=CC=CC=C2C1C3=C(SC4=CC=CC=C4C3=O)O)C5=CC=C(C=C5)C6=CC=C(C=C6)Br,1,,C1=CC(=C(C=C1Cl)O)OC2=C(C=C(C=C2)Cl)Cl,1,,,,,,
CC1=C2C=CC3=CC=CC=C3C2=C(C4=CC=CC=C14)C,1,,CCOC1=CC2=C(C=C1)NC(C=C2C)(C)C,1,,CCCCCC(=O)O[C@@]1(CC[C@@H]2[C@@]1(CC[C@H]3[C@H]2CCC4=CC(=O)CC[C@]34C)C)C(=O)C,1,,C[C@]12C[C@@H]([C@H]3[C@H]([C@@H]1CC[C@@]2(C(=O)CO)O)C[C@@H](C4=CC(=O)C=C[C@]34C)F)O,0,,CCCCCCCCCCCCN1C=C[N+](=C1)C.F[P-](F)(F)(F)(F)F,1,,C1=CC(=CN=C1)C#N,0,,,,,,
C1=CC(=C(C(=C1[N+](=O)[O-])Cl)Cl)Cl,0,,CC[C@@H](C1=CC=CC=C1)NC(=O)C2=C(C=CC(=C2)F)[N-]S(=O)(=O)C3=CC=CC4=C3N=CC=C4.[Na+],0,,CN1C=CN=C1,0,,CC(CNC1CCCCC1)OC(=O)C2=CC=CC=C2.Cl,0,,C1=CC(=C(C=C1/C=C/C(=O)O[C@@H](C(=O)O)[C@@H](OC(=O)/C=C/C2=CC(=C(C=C2)O)O)C(=O)O)O)O,0,,CCCCCN=C(N)N/N=C/C1=CNC2=C1C=C(C=C2)OC,0,,,,,,
C1=CC(=CC=C1CCN)O,0,,CCOC1=NC(=NS1)C(Cl)(Cl)Cl,0,,CC(C)NC(C)C,0,,CC1=CN=C(C=N1)C(=O)NCCC2=CC=C(C=C2)S(=O)(=O)NC(=O)NC3CCCCC3,0,,CC1=CC2=CC=CC(=C2C=C1)C,0,,C1[C@@H]2[C@H]3[C@@H]([C@H]1[C@H]4[C@@H]2O4)[C@]5(C(=C([C@@]3(C5(Cl)Cl)Cl)Cl)Cl)Cl,1,,,,,,
CCC=O,0,,C(CCC(=O)O)CC(=O)O,0,,CC(C)NC1=CC=CC=C1,0,,CC(=O)OC1=CC=CC=C1C(=O)NC2=NC=C(S2)[N+](=O)[O-],1,,CC1=C(C=C(C=C1)N=C=O)N=C=O,0,,CCCCOC(=O)C1=CC=CC=C1,0,,,,,,
CC(C(=O)O)OC1=C(C=C(C=C1)Cl)Cl,0,,C1=CC(=C(C=C1Cl)Cl)O,0,,C1=CC=C(C=C1)C(=O)OCCOCCOC(=O)C2=CC=CC=C2,1,,CC1=C(C2=C(CCC(O2)(C)COC3=CC=C(C=C3)CC4C(=O)NC(=O)S4)C(=C1O)C)C,1,,CCCCC(CC)C=O,0,,CC(=O)C1=CC=C(C=C1)C2=CC=CC=C2,1,,,,,,
C1=CC(=CC=C1CSC(CN2C=CN=C2)C3=C(C=C(C=C3)Cl)Cl)Cl.[N+](=O)(O)[O-],1,,CC(C)C1=C(C(=CC=C1)C(C)C)O,0,,CC1=C(C=CC(=C1)OC)Br,0,,CCCCS(=O)(=O)N[C@@H](CC1=CC=C(C=C1)OCCCCC2CCNCC2)C(=O)O.O.Cl,0,,C(CCCCCC(=O)O)CCCCC(=O)O,0,,CCC1=CN=C(C=C1)C,0,,,,,,
CC(=O)O[Hg]C1=CC=CC=C1,1,,C1=CC=C(C=C1)NC2=CC=C(C=C2)N,1,,CCOC(=O)[C@H](CCC1=CC=CC=C1)N[C@@H](C)C(=O)N2[C@@H](CN(C2=O)C)C(=O)O.Cl,0,,CN1CCN(CC1)C2=NC3=CC=CC=C3OC4=C2C=C(C=C4)Cl.C(CC(=O)O)C(=O)O,0,,CCCN1C=C[N+](=C1)C.C(F)(F)(F)S(=O)(=O)[N-]S(=O)(=O)C(F)(F)F,0,,CCCCC1=C(N=C(N=C1OS(=O)(=O)N(C)C)NCC)C,1,,,,,,
C1CN2CCC1[C@@H](C2)[C@@H](C3=CC=CC=C3)NC(=O)C4=C(C=CC(=C4Cl)C(F)(F)F)Cl.Cl,1,,C1=CC(=CC=C1C(=O)O)O,0,,CC(=O)OC1=CC=CC=C1C(=O)O,0,,C[C@@H](C(=O)N[C@@H](C)C(=O)NC1[C@H]2[C@@H]1CN(C2)C3=C(C=C4C(=O)C(=CN(C4=N3)C5=C(C=C(C=C5)F)F)C(=O)O)F)N.CS(=O)(=O)O,0,,C1=CC=C2C(=C1)C=CC3=C2C=CC=N3,0,,C1C(=NN(C1=O)C2=CC=C(C=C2)S(=O)(=O)O)C(=O)O,0,,,,,,
CCN(CC)C(=S)SSC(=S)N(CC)CC,1,,C/C=C(\C)/C(=O)OCCC1=CC=CC=C1,0,,CCCCCOC(=O)CCC,0,,CC1([C@@H](N2[C@H](S1)[C@@H](C2=O)NC(=O)CC3=CC=CC=C3)C(=O)O)C.CC1([C@@H](N2[C@H](S1)[C@@H](C2=O)NC(=O)CC3=CC=CC=C3)C(=O)O)C.C1=CC=C(C=C1)CNCCNCC2=CC=CC=C2,0,,CC(=O)C(=O)OC,0,,COC1=CC2=C(C=C1)N=C(S2)N,1,,,,,,
CCCCOC1=CC=C(C=C1)C(=O)CCN2CCCCC2.Cl,1,,CCCCCC(=O)C,0,,C1C(=NN(C1=O)C2=CC=C(C=C2)S(=O)(=O)O)C(=O)O,0,,C(CC(O)(P(=O)(O)O)P(=O)(O)[O-])CN.O.O.O.[Na+],0,,CCC(=O)C1=CC=C(C=C1)O,0,,C1=CC=C(C(=C1)CC(=O)[O-])NC2=C(C=CC=C2Cl)Cl.[Na+],1,,,,,,
CCN(CC)CCNC1=C2C(=C(C=C1)CNC=O)SC3=C(C2=O)C=C(C=C3)OC,1,,CC(C)CCCC(C)CCCC(C)CCCC(C)(C=C)O,0,,C1=C(C(=C(C(=C1Cl)Cl)Cl)O)Cl,1,,C1=CC(=CC=C1C(CC(=O)O)CN)Cl,0,,CC1=CC(=O)C2=CC=CC=C2C1=O,1,,CC1=CC=CC=C1S(=O)(=O)NC(=O)C2=CC(=C(C=C2)CC3=CN(C4=C3C=C(C=C4)NC(=O)OC5CCCC5)C)OC,1,,,,,,
CCCCCC,0,,CCNC(=O)/C=C/C1=CC(=CC=C1)Br,1,,CC(=O)O[C@H]1CC[C@@H]2[C@H]3CC[C@]4([C@H]([C@@H]3CCC2=C1)CC[C@]4(C#C)OC(=O)C)C,1,,C1=CC=C(C=C1)CC(=O)O,0,,CCCCN(CCO)CCO,0,,CC1=CC(=C(C(=C1)N2N=C3C=CC(=CC3=N2)Cl)O)C(C)(C)C,0,,,,,,
C1=C(C=C(C(=C1SC2=C(C(=CC(=C2)Cl)Cl)[O-])[O-])Cl)Cl.[Na+].[Na+],1,,C1=CC=C(C=C1)C(=CC=O)C2=CC=CC=C2,1,,C1C(O1)CN(CC2CO2)C3=CC=C(C=C3)OCC4CO4,1,,CC(=O)[C@H]1CC[C@@H]2[C@@]1(CC[C@@H]3[C@H]2C=CC4=CC(=O)CC[C@@]34C)C,0,,CC1CN(CCN1)C2=C(C=C3C(=C2)N(C=C(C3=O)C(=O)O)C4=C(C=C(C=C4)F)F)F,0,,C[C@@H](C(=O)C1=CC=CC=C1)N.Cl,0,,,,,,
C[C@@H]1[C@@H](C(=O)N[C@@H](C(=O)N2CCC[C@H]2C(=O)N(CC(=O)N([C@H](C(=O)O1)C(C)C)C)C)C(C)C)NC(=O)C3=C4C(=C(C=C3)C)OC5=C(C(=O)C(=C(C5=N4)C(=O)N[C@H]6[C@H](OC(=O)[C@@H](N(C(=O)CN(C(=O)[C@@H]7CCCN7C(=O)[C@H](NC6=O)C(C)C)C)C)C(C)C)C)N)C,1,,CC1=C(C=CC(=C1)C2=CC(=C(C=C2)N)C)N.Cl.Cl,0,,C1CC(=O)N(C1)CC(=O)N,0,,CO[C@@]1([C@@H]2N(C1=O)C(=C(CS2)COC(=O)N)C(=O)O)NC(=O)CC3=CC=CS3,0,,CCCCCCCCCCCCCC[P+](CCCCCC)(CCCCCC)CCCCCC.[Cl-],1,,C1=CC2=C3C(=C1)C=CC3=CC=C2,0,,,,,,
CCCOC1=C(C(=C(S1)C(=O)N2CCC(CC2)C3=C(C=CC(=C3)CN)F)C)Br.Cl,1,,COC1=CC(=C(C=C1)OC)C(CNC(=O)CN)O.Cl,0,,CO[Si](CCCNCCN)(OC)OC,0,,CC1([C@@H](N2[C@H](S1)[C@@H](C2=O)NC(=O)C(C3=CC=CC=C3)C(=O)[O-])C(=O)[O-])C.[Na+].[Na+],0,,CC(=O)OC(C1=CC=C(O1)[N+](=O)[O-])OC(=O)C,1,,CCCC(CCC)C(=O)O,0,,,,,,
CCCCCCCCCCCCCCCCCCN1C=C[N+](=C1)C.F[P-](F)(F)(F)(F)F,1,,C(C(CO)(CO)CO)O,0,,CC1(CC/C(=C/C2=CC=C(C=C2)Cl)/C1(CN3C=NC=N3)O)C,1,,CC(CN1C2=CC=CC=C2SC3=CC=CC=C31)N(C)C,1,,CCCCC(CC)COC(=O)CCCCCCCCC(=O)OCC(CC)CCCC,0,,C[C@@H]1CC[C@H]([C@@H](C1)O)C(C)C,0,,,,,,
C1=CC(=C2C(=C1NCCNCCO)C(=O)C3=C(C=CC(=C3C2=O)O)O)NCCNCCO.Cl.Cl,1,,C1=CC=C(C=C1)NC2=CC=CC=C2N,1,,C([C@@H]1[C@@H]([C@@H]([C@H](C(O1)O)N)O)O)O.Cl,0,,C[C@H]1[C@@H](C(=O)N1S(=O)(=O)O)NC(=O)/C(=N/OC(C)(C)C(=O)O)/C2=CSC(=N2)N,0,,COC(=O)C1=CC=CC=C1C(=O)C2=CC=C(C=C2)OCCN3CCCCC3.Cl,0,,C=CCOC(CN1C=CN=C1)C2=C(C=C(C=C2)Cl)Cl,1,,,,,,
CCCCN1C=C[N+](=C1C)C.C(F)(F)(F)S(=O)(=O)[O-],0,,C=CC(CCl)Cl,0,,C1(=O)C(=O)NC(=O)NC1=O.O.O.O.O,0,,C[C@](CC1=CC=C(C=C1)O)(C(=O)O)N,0,,COC1=CC=C(C=C1)CCN2CCC(CC2)NC3=NC4=CC=CC=C4N3CC5=CC=C(C=C5)F,1,,C1=CC=C(C=C1)[Sb](C2=CC=CC=C2)C3=CC=CC=C3,1,,,,,,
CCCCCCCCCCCC[N+](C)(C)CC(=O)[O-],1,,CC(=O)N[C@H](COC)C(=O)NCC1=CC=CC=C1,0,,CC1=C(C(C(=C(N1)C)C(=O)OCCN2CCN(CC2)C(C3=CC=CC=C3)C4=CC=CC=C4)C5=CC(=CC=C5)[N+](=O)[O-])C(=O)OC.Cl.Cl,1,,CC(C)C1=C(C(=C(N1CC[C@H](C[C@H](CC(=O)[O-])O)O)C2=CC=C(C=C2)F)C3=CC=CC=C3)C(=O)NC4=CC=CC=C4.CC(C)C1=C(C(=C(N1CC[C@H](C[C@H](CC(=O)[O-])O)O)C2=CC=C(C=C2)F)C3=CC=CC=C3)C(=O)NC4=CC=CC=C4.[Ca+2],1,,CCCCCCCCCCCCCCCC/C=C/C1CC(=O)OC1=O,0,,CC1=C(C=CC(=C1)Br)NC(=O)CCl,1,,,,,,
CN1CCN(CC1)C2CC3=CC=CC=C3SC4=C2C=C(C=C4)SC,1,,CC1=CC(=CC(=C1)OP(=O)(OC2=CC(=CC(=C2)C)C)OC3=CC(=CC(=C3)C)C)C,1,,C=CC(=O)OCCO,0,,CC1=C(C(=CC=C1)C)NC(=O)C(C)N.Cl,0,,C[Si](C)(C=C)O[Si](C)(C)C=C,0,,CC1=C(C(CCC1)(C)C)CC=O,1,,,,,,
CC(C)C1=CC=C(C=C1)OP(=O)(OC2=CC=C(C=C2)C(C)C)OC3=CC=C(C=C3)C(C)C,1,,C1=CC=C(C=C1)OCCOC2=CC=CC=C2,1,,CCCN1C=C[N+](=C1)C.C(F)(F)(F)S(=O)(=O)[N-]S(=O)(=O)C(F)(F)F,1,,CCOC(=O)C1=CN=CN1C(C)C2=CC=CC=C2,1,,CCCCCCCCCCCCN1C=C[N+](=C1)C.C(F)(F)(F)S(=O)(=O)[O-],1,,C1[C@@H]([C@H](O[C@H]1N2C=C(C(=O)NC2=O)Br)CO)O,0,,,,,,
CC(C)C1N(CCO1)CCOC(=O)NCCCCCCNC(=O)OCCN2CCOC2C(C)C,0,,C1=CC=C(C=C1)C2=C(C=C(C=C2)O)Cl,1,,CC1=CC(=CC(=C1)C)C,0,,CN(C)CCN(CC1=CC=CC=C1)C2=CC=CC=N2.C(C(=O)O)C(CC(=O)O)(C(=O)O)O,1,,CCCCCCCC/C=C/CCCCCCCC1=NCCN1CCO,1,,C[C@H]1[C@H]([C@H](C[C@@H](O1)O[C@H]2C[C@@](CC3=C2C(=C4C(=C3O)C(=O)C5=C(C4=O)C(=CC=C5)OC)O)(C(=O)CO)O)N)O.Cl,0,,,,,,
CCCCCCC1=CC=C(C=C1)N,0,,C1CN(CCN1C[C@H](COC2=CC=CC3=C2C=CC=N3)O)C4C5=CC=CC=C5[C@H]6[C@H](C6(F)F)C7=CC=CC=C47.Cl.Cl.Cl,0,,C1(=NC(=NC(=N1)Cl)Cl)Cl,0,,CCN[C@H]1C[C@@H](S(=O)(=O)C2=C1C=C(S2)S(=O)(=O)N)C.Cl,0,,CC(C)(Cl)Cl,0,,CC1=C(C(CCC1)(C)C)/C=C/C(=C/C=C/C(=C/COC(=O)C)/C)/C,1,,,,,,
C1=CC=C2C(=C1)C(=CC=C2N)N,1,,C1C2=C(C=CC(=C2)N)N=C3N1C(=O)C4=CC=CC=C43,1,,CC1=CC=C(C=C1)S(=O)(=O)OC2=CC=C(C=C2)N=NC3=C(C=C(C=C3)C4=CC(=C(C=C4)N=NC5=C(C=CC6=CC(=CC(=C65)S(=O)(=O)[O-])S(=O)(=O)[O-])O)C)C.[Na+].[Na+],1,,CN[C@H]1CC[C@H](C2=CC=CC=C12)C3=CC(=C(C=C3)Cl)Cl.Cl,1,,CCCCCCCCCOC(=O)CCCCC(=O)OCCCCCCC,0,,CCCCCCOC(=O)C1=CC=C(C=C1)O,0,,,,,,
C1=CC=C2C(=C1)C(=O)C3=C(C=C(C(=C3C2=O)N)S(=O)(=O)[O-])Br.[Na+],0,,CC1=CC=C(C=C1)C(=O)OC,0,,C1[C@H]([C@H](C2=C(O1)C=CC(=C2)OCC3=NC4=C(S3)C=CC(=C4)F)O)CC5=CC(=CC=C5)C(=O)O,1,,CC(C)(C)NCC(COC1=CC=CC2=C1CCC(=O)N2)O.Cl,0,,CCCCCCCCCCCCN1CCCC1=O,1,,C1=CC=C(C=C1)C(=O)CC(=O)C(F)(F)F,1,,,,,,
CCCCCCCCCCCCOS(=O)(=O)[O-].[NH4+],1,,C1=CC(=CC=C1C(=O)Cl)[N+](=O)[O-],0,,C1=CC=C2C=C(C=CC2=C1)O,0,,CN(C)CC(C1=CC=C(C=C1)OC)C2(CCCCC2)O,0,,C1=CC(=CC=C1OC2=C(C=C(C=C2)NC(=O)C3=C(C(=CC(=C3)I)I)O)Cl)Cl,1,,C1=CC(=C(C=C1[N+](=O)[O-])N)O,0,,,,,,
C1=CC=C(C(=C1)N)Cl,0,,C[C@H]1[C@@H](SC(=O)N1C(=O)NC2CCCCC2)C3=CC=C(C=C3)Cl,1,,CCC1=CC(=CC=C1)N(C)C(=NC2=CC=CC3=CC=CC=C32)N.Cl,0,,C1(=C(N=C(C(=N1)Cl)N)N)C(=O)N=C(N)N,0,,CC(C)CN1C=NC2=C1C(=O)N(C(=O)N2C)C,0,,C(C(CO[N+](=O)[O-])(CO[N+](=O)[O-])CO[N+](=O)[O-])O[N+](=O)[O-],0,,,,,,
[CH-]1C=CC=C1.[CH-]1C=CC=C1.[Cr+2],0,,CCOC(=O)COC1=C(C=C(C(=C1)N2C(=O)C(=C(C=N2)C(F)(F)F)C)F)Cl,0,,C1=CC(=CC=C1N)OC2=CC=C(C=C2)N,1,,CS(=O)(=O)CCNCC1=CC=C(O1)C2=CC3=C(C=C2)N=CN=C3NC4=CC(=C(C=C4)OCC5=CC(=CC=C5)F)Cl,1,,C1=CC=C2C(=C1)C(=CC(=C2N)N=NC3=CC=C(C=C3)C4=CC=C(C=C4)N=NC5=C(C6=CC=CC=C6C(=C5)S(=O)(=O)[O-])N)S(=O)(=O)[O-].[Na+].[Na+],0,,CCCCN(CCCC)C1=CC(=C(C=C1)C(=O)C2=CC=CC=C2C(=O)O)O,1,,,,,,
CC(=O)O[Sn](C1=CC=CC=C1)(C2=CC=CC=C2)C3=CC=CC=C3,1,,CC1=CC(=CC(=C1N(C)C)C)OC(=O)NC,1,,COC1=C(C=CC(=C1)CC=C)OC(=O)CC2=CC=CC=C2,1,,C1[C@@H]([C@H](O[C@H]1N2C=NC(=NC2=O)N)CO)O,0,,C1=CC=C(C=C1)C(=O)[O-].[K+],0,,CC1=CN=C(C(=C1OC)C)CS(=O)C2=NC3=C(N2)C=C(C=C3)OC,1,,,,,,
CCC(C(C[C@H](C)NC)(C1=CC=CC=C1)C2=CC=CC=C2)OC(=O)C.Cl,1,,CCN(CC)CCNC(=O)C1=C(C=CC(=C1)S(=O)(=O)C)OC.Cl,0,,CCCCCCCCCCCCCCCCCO,0,,CN1CCC(=C2C3=CC=CC=C3C=CC4=CC=CC=C42)CC1,0,,CCCCCCCCCCCCCCN(CCO)CCO,1,,C[C@]12C[C@@H]([C@H]3[C@H]([C@@H]1CC[C@@]2(C(=O)CO)O)CCC4=CC(=O)C=C[C@]34C)O,0,,,,,,
CC1=CC(=C(C=C1C)Cl)O,0,,CC(C)(C1=CC(=C(C(=C1)Br)OCCO)Br)C2=CC(=C(C(=C2)Br)OCCO)Br,1,,C1=CC=C(C(=C1)C2=NC(=NO2)C3=CC(=CC=C3)C(=O)O)F,1,,C1C[C@@H](O[C@@H]1CO)N2C=CC(=NC2=O)N,0,,C1=CC2=C(C=C1[N+](=O)[O-])C=NN2,0,,C1N2CN3CN1CN(C2)C3,0,,,,,,
CC[N+](CC)(CCNC(=O)C(=O)NCC[N+](CC)(CC)CC1=CC=CC=C1Cl)CC2=CC=CC=C2Cl.[Cl-].[Cl-],0,,C1=C(C=C(C(=C1[N+](=O)[O-])Cl)[N+](=O)[O-])C(F)(F)F,0,,CC(=C)CCl,0,,C1=CN(C(=O)N=C1N)[C@H]2C([C@@H]([C@H](O2)CO)O)(F)F.Cl,0,,O.O.O.O.O.O.O.O.O=[Zr].Cl.Cl,0,,CC(=O)[C@]1(CC[C@@H]2[C@@]1(CC[C@H]3[C@H]2C=C(C4=CC(=O)[C@@H]5C[C@@H]5[C@]34C)Cl)C)OC(=O)C,1,,,,,,
C[N+]1([C@@H]2CC[C@H]1CC(C2)OC(=O)C(C3=CC=CC=C3)(C4=CC=CC=C4)O)CCF.[Br-],0,,CC(C)(C1=CC=CC=C1)OOC(C)(C)C2=CC=CC=C2,1,,C1=CC(=C(C=C1/C=C/C(=O)O[C@@H](C(=O)O)[C@@H](OC(=O)/C=C/C2=CC(=C(C=C2)O)O)C(=O)O)O)O,0,,C1=CC=C(C=C1)C2C(=O)C3=CC=CC=C3C2=O,0,,C1=CC=C(C=C1)C(C#N)O,0,,COC1=C(C=CC(=C1)[C@@H]2[C@H](OC3=C(O2)C=C(C=C3)[C@@H]4[C@H](C(=O)C5=C(C=C(C=C5O4)O)O)O)CO)O,0,,,,,,
CCC(C)(C)C1=CC=C(C=C1)O,0,,C1COCCN1,0,,C1CCN(C1)CC#CC(C2=CC=CC=C2)(C3=CC=CC=C3)O,1,,CCOC(=O)[C@H](CCC1=CC=CC=C1)N[C@@H](C)C(=O)N2CC3=CC(=C(C=C3C[C@H]2C(=O)O)OC)OC.Cl,1,,CCCCC/C=C/C=C/C=O,1,,CC1=CC=C(C=C1)C(=O)CC(CSC(=O)C)C(=O)O,0,,,,,,
CC(=O)O.CC(=O)O.C1=CC(=CC=C1N/C(=N/C(=NCCCCCCN=C(/N=C(/NC2=CC=C(C=C2)Cl)\N)N)N)/N)Cl,1,,C1=COC(=C1)C(=O)C(=O)C2=CC=CO2,0,,C1=CC=C(C=C1)CCNN.OS(=O)(=O)O,1,,CN(C)CCOC1=CC=C(C=C1)CNC(=O)C2=CC(=C(C(=C2)OC)OC)OC.Cl,0,,CC1=C(C(CCC1)(C)C)/C=C/C(=C/C=C/C(=C/C(=O)O)/C)/C,0,,CC(=O)NC1=C(C=C(C(=C1)OC)C(=O)OC)Cl,0,,,,,,
CCCN(CCC)C(=O)C(CCC(=O)OCCCN1CCN(CC1)CCOC(=O)CC2=C(N(C3=C2C=C(C=C3)OC)C(=O)C4=CC=C(C=C4)Cl)C)NC(=O)C5=CC=CC=C5,1,,CC(C)OC1=CC=CC=C1OC(=O)NC,1,,COC1=CC=C(C=C1)NC2=CC=C(C=C2)OC,1,,C1=CC=C(C=C1)C(=O)NS(=O)(=O)C2=CC=C(C=C2)N,0,,C1=CC=C2C(=C1)C(=CC=C2N)N,1,,COP(=S)(OC)SCN1C(=O)C2=CC=CC=C2N=N1,1,,,,,,
CC1CC(OC(O1)C)OC(=O)C,0,,CCCCCCCCS(=O)C(C)CC1=CC2=C(C=C1)OCO2,1,,C1=CC=C(C=C1)C(=O)NOCC(=O)O,0,,CN/C(=C\[N+](=O)[O-])/NCCSCC1=CC=C(O1)CN(C)C,1,,CC1=CC(=C(C=C1NC(=O)C2=C(C(=CC(=C2)I)I)O)Cl)C(C#N)C3=CC=C(C=C3)Cl,1,,CCC1=CN=C(C=C1)CCOC2=CC=C(C=C2)CC3C(=O)NC(=O)S3.Cl,1,,,,,,
CCCCOC(=O)[C@@H](C)OC1=CC=C(C=C1)OC2=NC=C(C=C2)C(F)(F)F,0,,CC1=CC=C(C=C1)S(=O)(=O)NC(=O)NN2CCCCCC2,0,,[NH4+].[N+](=O)([O-])[O-],0,,CCCCC1=NC(=C(N1CC2=CC=C(C=C2)C3=CC=CC=C3C4=NNN=N4)CO)Cl,0,,CC(C)OC(=S)[S-].[Na+],0,,COC1=CC(=NC(=N1)OC2=C(C(=CC=C2)OC3=NC(=CC(=N3)OC)OC)C(=O)[O-])OC.[Na+],0,,,,,,
C1=CC=C(C=C1)/C=C/COC(=O)C2=CC=CC=C2N,1,,C1=CC=C2C(=C1)C3=CC=CC=C3N2,1,,C1=CC=C(C=C1)C(=O)CC(=O)C(F)(F)F,1,,CC1=CC=C(C=C1)S(=O)(=O)NC(=O)NN2CCCCCC2,1,,CCCOCC(=NC1=C(C=C(C=C1)Cl)C(F)(F)F)N2C=CN=C2,1,,C1=CC(=C2C(=C1)OC(O2)(F)F)C3=CNC=C3C#N,1,,,,,,
CCC1=C(C=CC(=C1)SCC2=C(N=C(S2)C3=CC=C(C=C3)C(F)(F)F)CN4CCN(CC4)C5=CC=C(C=C5)OC)OCC(=O)O,1,,CC(C)N(C)C,0,,C(C(C(F)(F)S(=O)(=O)[O-])(F)F)(C(F)(F)F)(F)F.[K+],1,,CC[C@@]1(C2=C(COC1=O)C(=O)N3CC4=CC5=C(C=CC(=C5CN(C)C)O)N=C4C3=C2)O.Cl,0,,C1=CC(=CC=C1[N+](=O)[O-])[As](=O)(O)O,0,,C1=CC=C2C(=C1)C3=CC=CC=C3O2,0,,,,,,
CCCCCCCC/C=C\CCCCCCCC(=O)OCCO,0,,CCNC1=NC(=NC(=N1)SC)NC(C)C,1,,CCCCCCCC(=O)[O-].CCCCCCCC(=O)[O-].[Zn+2],0,,CCCN(CCC)CCC1=C2CC(=O)NC2=CC=C1,0,,CC1(C2=C(C=CC(=C2)Br)NC(=O)O1)C,0,,CCCN1C=C[N+](=C1)C.C(F)(F)(F)S(=O)(=O)[N-]S(=O)(=O)C(F)(F)F,0,,,,,,
C1=CC=C(C=C1)CNC(=O)CN2C=CN=C2[N+](=O)[O-],0,,CC1=C(C=CC(=C1)OC)N,0,,C[C@H](/C=C/[C@H](C1CC1)O)[C@H]2CC[C@@H]\3[C@@]2(CCC/C3=C\C=C\4/C[C@H](C[C@@H](C4=C)O)O)C,1,,CCCCN(CCCC)CCC(C1=C2C=CC(=CC2=C3C=C(C=C(C3=C1)Cl)Cl)C(F)(F)F)O.Cl,1,,[O-]S(=O)(=O)SSS(=O)(=O)[O-].[K+].[K+],0,,CCCC1=CC=C(C=C1)O,0,,,,,,
C1CCC(CC1)C2CCC(=O)CC2,0,,CC(CCCC(=C)C)CCO,0,,C1=CC(=CC=C1NC(=O)NC2=CC(=C(C=C2)Cl)Cl)Cl,1,,CCN[C@@H]1C[C@@H]([C@H]([C@@H]([C@H]1O[C@@H]2[C@@H]([C@H]([C@@](CO2)(C)O)NC)O)O)OC3C(CC=C(O3)CN)N)N.CCN[C@@H]1C[C@@H]([C@H]([C@@H]([C@H]1O[C@@H]2[C@@H]([C@H]([C@@](CO2)(C)O)NC)O)O)OC3C(CC=C(O3)CN)N)N.OS(=O)(=O)O.OS(=O)(=O)O.OS(=O)(=O)O.OS(=O)(=O)O.OS(=O)(=O)O,0,,CCCCCCCCCCCCOC(=O)C1=CC(=C(C(=C1)O)O)O,1,,C1=CC=C(C=C1)CCCOC(=O)N,0,,,,,,
CCCCCCCCCCCCCCCC[N+]1=CC=CC=C1.[Br-],1,,C[N+](C)(C)CC(=O)O.[Cl-],0,,CCC1=CC=C(C=C1)C=O,0,,C1=NC2=C(N=C(N=C2N1[C@H]3[C@H]([C@@H]([C@H](O3)CO)O)F)Cl)N,0,,C1=CC(=C(C=C1[N+](=O)[O-])Cl)NC(=O)C2=C(C=CC(=C2)Cl)O,1,,CCCCC(CC)C(=O)OCCOCCOCCOCCOC(=O)C(CC)CCCC,1,,,,,,
CC(=CCO)C,0,,C1=CC=C(C=C1)S(=O)(=O)C2=CC=C(C=C2)Cl,1,,CC1(C(=O)NC(=O)N(C1=O)C)C2=CCCCC2,0,,CC(COC1=CC=CC=C1)N(CCCl)CC2=CC=CC=C2,0,,CC1=C2C(=C(C=C1)[N+](=O)[O-])[Hg]O2,1,,CCOP(=O)(OCC)OC1=NC(=C(C=C1Cl)Cl)Cl,1,,,,,,
C[C@H]1[C@@H]([C@H]([C@H]([C@@H](O1)O[C@@H]2[C@H]([C@@H](O[C@@H]([C@H]2OC(=O)/C=C/C3=CC(=C(C=C3)O)O)CO[C@H]4[C@@H]([C@H]([C@@H]([C@H](O4)CO)O)O)O)OCCC5=CC(=C(C=C5)O)O)O)O)O)O,0,,COP(=S)(OC)OC1=CC(=C(C=C1Cl)Cl)Cl,1,,C1=CC=C(C(=C1)Cl)Cl,0,,C[C@@]1([C@@H](N2[C@H](S1(=O)=O)CC2=O)C(=O)[O-])CN3C=CN=N3.[Na+],0,,CC1=CC(=C(C=C1OC(=O)C)C(C)C)OCC[NH+](C)C.[Cl-],0,,COC(=O)C1CCC(CC1)C(=O)OC,0,,,,,,
CN(C)C1=NC(=NC(=N1)N(C)C)N(C)C,0,,CCCCCCC(=O)OCC,0,,CC(C1=CC=CC=C1)N2C=NC=C2C(=O)OC.Cl,1,,C(CN(CC(=O)O)CC(=O)O)N(CCN(CC(=O)O)CC(=O)O)CC(=O)O,0,,CC1=C(C(C(=C(N1)C)C(=O)OCCN(C)CC2=CC=CC=C2)C3=CC(=CC=C3)[N+](=O)[O-])C(=O)OC.Cl,1,,C[C@]12C3CCC([C@]1(C(=O)OC2=O)C)O3,1,,,,,,
C1=CC=C2C(=C1)C(=O)NC2=O,0,,CC/C=C\CCOC(=O)C,0,,C[C@]12CC[C@H]3[C@H]([C@@H]1CC[C@@H]2O)CC=C4[C@@]3(CC[C@@H](C4)O)C,0,,CC#C[C@@]1(CC[C@@H]2[C@@]1(C[C@@H](C3=C4CCC(=O)C=C4CC[C@@H]23)C5=CC=C(C=C5)N(C)C)C)O,1,,C1=CC(=C(C=C1Cl)CC2=C(C=CC(=C2)Cl)O)O,1,,CN1CN(CN(C1)C)C,0,,,,,,
CC(C)CC(C1(CCC1)C2=CC=C(C=C2)Cl)N(C)C.Cl,0,,CNC(=O)NC(C(Cl)(Cl)Cl)O,0,,CC1=C(C=C(C=C1)C(C)C)OC,0,,CC1([C@@H](N2[C@H](S1)[C@@H](C2=O)NC(=O)C3=C(C=CC=C3OC)OC)C(=O)[O-])C.O.[Na+],0,,CC1=CC(=C(C(=C1)C(C)(C)C)O)CC2=C(C(=CC(=C2)C)C(C)(C)C)O,1,,CC1=C(C(C(=C(N1)C)C(=O)OCC(C)C)C2=CC=CC=C2[N+](=O)[O-])C(=O)OC,1,,,,,,
C1CN(CCN1CCCC(=O)NC2C3=CC=CC=C3CSC4=CC=CC=C24)C5=CC=C(C=C5)F,1,,C1=CC(=C(C(=C1)F)C(=O)NC(=O)NC2=CC(=C(C(=C2)Cl)OC(C(F)F)(F)F)Cl)F,1,,CN(C)C1=CC=C(C=C1)C(=C2C=CC(=[N+](C)C)C=C2)C3=CC=CC=C3.[Cl-],1,,C1=CC(=CC=C1C(=O)NCC(=O)O)N,0,,CCC(=O)O[C@@]1([C@@H](C[C@@H]2[C@@]1(C[C@@H]([C@]3([C@H]2C[C@@H](C4=CC(=O)C=C[C@@]43C)F)F)O)C)C)C(=O)SCF,0,,C1CSC(=O)C1NC(=O)CSCC(=O)O,0,,,,,,
CC(C)(C)C(/C(=C\C1=C(C=C(C=C1)Cl)Cl)/N2C=NC=N2)O,1,,CC(C1=CC2=CC=CC=C2S1)N(C(=O)N)O,1,,CCCCOC(=O)COC1=C(C=C(C=C1)Cl)Cl,1,,C1=CC=C(C=C1)CC2NC3=C(C=C(C(=C3)C(F)(F)F)S(=O)(=O)N)S(=O)(=O)N2,0,,CCCCCCCCCCCC[N+](C)(C)CC1=CC=CC=C1.[Cl-],1,,CCCC/C=C/CCCCO,0,,,,,,
CC1C(C2=C(C1(C)C)C(=O)CCC2)(C)C,0,,CCOP(=S)(OCC)OC1=CC2=C(C=C1)C(=C(C(=O)O2)Cl)C,1,,CC1=CC(=C(N1)/C=C\2/C3=CC=CC=C3NC2=O)C,1,,CC(C)(C)CC(C)(C)C1=CC=C(C=C1)O,1,,CC[NH+]=C1C=CC(=C(C2=CC=C(C=C2)N(CC)CC)C3=CC=C(C=C3)N(CC)CC)C4=CC=CC=C14.[Cl-],1,,C1C(O1)CN(CC2CO2)C3=CC=C(C=C3)CC4=CC=C(C=C4)N(CC5CO5)CC6CO6,1,,,,,,
CCCCCCCCC1=CC=C(C=C1)S(=O)(=O)[O-].[Na+],1,,CC1=C(C=CN=C1CS(=O)C2=NC3=CC=CC=C3[N-]2)OCCCOC.[Na+],1,,C1=CC=C(C=C1)NC(=S)N,0,,CC1=C(ON=C1C)N(C(=O)C)S(=O)(=O)C2=CC=C(C=C2)N,1,,CC(C)CC1=CC=C(C=C1)CC(=O)O,0,,CN(C)CCCN1C2=CC=CC=C2CCC3=CC=CC=C31.Cl,1,,,,,,
C1=CC(=C(C=C1Cl)O)Cl,0,,CC#CC1=NC(=NC(=C1)C)NC2=CC=CC=C2,1,,CCCCOC(=O)C(C)OC1=CC=C(C=C1)OC2=NC=C(C=C2)C(F)(F)F,1,,CC(=O)N(CC(CO)O)C1=C(C(=C(C(=C1I)C(=O)NCC(CO)O)I)C(=O)NCCO)I,0,,CC/C(=C(\C1=CC=CC=C1)/C2=CC=C(C=C2)OCCN(C)C)/C3=CC=CC=C3.C(C(=O)O)C(CC(=O)O)(C(=O)O)O,1,,CC1=CC(=CC(=C1O)C)C(C)(C)C2=CC(=C(C(=C2)C)O)C,1,,,,,,
CC1=CC(=NN1CO)C,0,,CNC(=O)O/N=C(/C(=O)N(C)C)\SC,0,,CO[Si](CCCNCCNCCN)(OC)OC,0,,CN1C(S(=O)(=O)CCC1=O)C2=CC=C(C=C2)Cl,0,,CNC(=O)CSP(=S)(OC)OC,0,,CCCCCCC1=CC=C(C=C1)C2=CC=C(C=C2)C#N,0,,,,,,
CC(C)C(=O)C,0,,CCCCCCC(C)NC1=CC=C(C=C1)NC2=CC=CC=C2,1,,CCC(=O)OCCC(C)CCC=C(C)C,1,,CC(C)CC(C1(CCC1)C2=CC=C(C=C2)Cl)N(C)C.Cl,1,,CCOC(=O)C1=CC=CC=C1C(=O)OCC,0,,CC(C)N(CC1=CC=CC=C1)C(=O)C(C)(C)C,0,,,,,,
C1CN(CCC1C2=CC=CC(=C2)CN)C(=O)C3=CC=C(O3)C#CC4=CC=CC=C4F,1,,CCC1=CC(=C(N=C1)C(=O)O)C(=O)O,0,,C1[C@@H]2C=C[C@H]1[C@H]3[C@@H]2[C@]4(C(=C([C@@]3(C4(Cl)Cl)Cl)Cl)Cl)Cl,0,,CC1=C(C(=NO1)C2=CC=CC=C2)C3=CC=C(C=C3)S(=O)(=O)N,0,,C=CC(=O)OCCN1C(=O)N(C(=O)N(C1=O)CCOC(=O)C=C)CCOC(=O)C=C,1,,CC[C@@H]([C@H](C)O)N1C(=O)N(C=N1)C2=CC=C(C=C2)N3CCN(CC3)C4=CC=C(C=C4)OC[C@H]5C[C@](OC5)(CN6C=NC=N6)C7=C(C=C(C=C7)F)F,1,,,,,,
CCCCC1=C(C2=C(O1)C=CC(=C2)NS(=O)(=O)C)C(=O)C3=CC=C(C=C3)OCCCN(CCCC)CCCC,1,,CCCOC(=O)C1=CC=C(C=C1)N,1,,CCOC(=O)/C=C/C(=O)OCC,0,,CC(C12CC3CC(C1)CC(C3)C2)N.Cl,0,,C1=CC=C2C(=C1)C=C(C(=N2)C(=O)O)C(=O)O,0,,CC1=CC(=C(C(=C1)C)N=C2C=C3C4=CC(=C(C=C4CCN3C(=O)N2C)OC)OC)C.Cl,1,,,,,,
C1CC(=O)N(C1)CCO,0,,CC1=CC(NC2=CC=CC=C12)(C)C,1,,C[C@]12C[C@@H]([C@]3([C@H]([C@@H]1C[C@@H]4[C@]2(OC(O4)(C)C)C(=O)CO)C[C@@H](C5=CC(=O)C=C[C@@]53C)F)F)O,1,,C[C@H]1C[C@H]2[C@@H]3CCC4=CC(=O)C=C[C@@]4([C@H]3C(=O)C[C@@]2([C@]1(C(=O)CO)O)C)C,0,,C1=NC2=C(N1)C(=S)N=C(N2)N,1,,C(C(CCl)Cl)Cl,0,,,,,,
C1=CC2=C(C=CC(=C2)S(=O)(=O)[O-])C=C1O.[K+],0,,CC1=C(C=CN=C1CS(=O)C2=NC3=CC=CC=C3[N-]2)OCCCOC.[Na+],1,,CCCOC(=O)NCCCN(C)C,0,,CC1C(OCCN1)C2=CC=CC=C2.Cl,0,,C1=CC(=C(C(=C1Cl)O)Cl)Cl,0,,CCCCCC(=O)O[C@@]1(CC[C@@H]2[C@@]1(CC[C@H]3[C@H]2CCC4=CC(=O)CC[C@]34C)C)C(=O)C,1,,,,,,
CC1(C(C1(C)C)C(=O)OC(C#N)C2=CC(=CC=C2)OC3=CC=CC=C3)C,0,,CC1=NC=C(C(=C1O)C=O)COP(=O)(O)O.O,0,,C[C@]12CC[C@](C[C@H]1C3=CC(=O)[C@@H]4[C@]5(CC[C@@H](C([C@@H]5CC[C@]4([C@@]3(CC2)C)C)(C)C)O[C@@H]6[C@@H]([C@H]([C@@H]([C@H](O6)C(=O)O)O)O)O[C@H]7[C@@H]([C@H]([C@@H]([C@H](O7)C(=O)[O-])O)O)O)C)(C)C(=O)O.[NH4+].O.O.O,0,,CCC1NC2=CC(=C(C=C2C(=O)N1)S(=O)(=O)N)Cl,0,,CCCN(CCC)C1=C(C=C(C=C1[N+](=O)[O-])S(=O)(=O)N)[N+](=O)[O-],1,,CC1=CC=CC=N1,0,,,,,,
C[C@@H]1CCC[C@@H](N1CC2=CC=C(C=C2)C[C@H](C(=O)N(C)C(C)C)NC(=O)C[C@H](C3=CC4=C(C=C3)OCO4)NS(=O)(=O)C5=CC6=C(C=C5)C=C(C=C6)OC)C.Cl,1,,CC(C)(C)C1=CC(=CC(=C1O)C(C)(C)C)CCC(=O)NN,1,,C1CN2CCC1N(CC2)C(=O)OC3=CC=C(C=C3)Br,0,,CCN(C1=CC=CC(=C1)C2=CC=NC3=C(C=NN23)C#N)C(=O)C,0,,CCCOC1=C(C(=C(S1)C(=O)N2CCC(CC2)C3=C(C=CC(=C3)CN)F)C)Br.Cl,1,,CC1=C(C(=O)CC1OC(=O)C2C(C2(C)C)C=C(C)C)CC#C,1,,,,,,
C1=C(C=C(C(=C1Cl)Cl)Cl)O,1,,CCCC1C(=CC(=CN1C2=CC=CC=C2)CC)CC,1,,COC(=O)COC1=C(C=C(C=C1)Cl)Cl,0,,CCC1=NC=CC(=C1)C(=S)N,0,,CCCCCCCCCCCCCC[P+](CCCCCC)(CCCCCC)CCCCCC.C(F)(F)(F)S(=O)(=O)[N-]S(=O)(=O)C(F)(F)F,1,,CC(C)(C)C1=C(C(=CC(=C1)[N+](=O)[O-])[N+](=O)[O-])O,1,,,,,,
CCN(CC)CCOC1=CC=C(C=C1)/C(=C(/C2=CC=CC=C2)\Cl)/C3=CC=CC=C3.C(C(=O)O)C(CC(=O)O)(C(=O)O)O,1,,CC(C)C(C(=O)NC(=O)N)Br,0,,C([C@H]([C@H](CO)O)O)O,0,,CCOC(=O)OC(C)OC(=O)[C@H]1C(S[C@H]2N1C(=O)[C@H]2NC(=O)[C@@H](C3=CC=CC=C3)N)(C)C.Cl,1,,CC=O,1,,CN(C)C(=O)C1(CCN(CC1)CC[C@]2(CN(CCO2)C(=O)C3=CC=CC=C3)C4=CC(=C(C=C4)Cl)Cl)N5CCCCC5.Cl,1,,,,,,
C1CCC(C1)(C2=CC3=C(C=C2)[C@@H]([C@H](CO3)CC4=CC=C(C=C4)C5=CC=CC=C5)O)C(=O)O,1,,C1=CC2=C3C(=C1)C(=O)C(=O)C3=CC=C2,1,,COC1=CC=C(C=C1)N2C(=CC(=N2)C(F)F)C3=CC=C(C=C3)S(=O)C,1,,CC(C1=CC=CC=C1)(C2=CC=CC=N2)OCCN(C)C.C(CC(=O)O)C(=O)O,0,,C1=CC(=C(C=C1[N+](=O)[O-])Cl)NC(=O)C2=C(C=CC(=C2)Cl)O,1,,C1=CC(=C(C(=C1)Cl)Cl)Cl,0,,,,,,
CC1=C(C(C(=C(N1)COC(=O)N)C(=O)OC(C)C)C2=C(C(=CC=C2)Cl)Cl)C(=O)OC,0,,CC(CN(CCCN(C)C)CCCN(C)C)O,0,,CC(=O)C(=O)O,0,,CN1CCCC(CC1)N2C(=O)C3=CC=CC=C3C(=N2)CC4=CC=C(C=C4)Cl.Cl,1,,C1=C(C(=CC(=C1Cl)N)Cl)C2=CC(=C(C=C2Cl)N)Cl,1,,C1=CC=C(C=C1)C(C2=CC=CC=C2)(C3=CC=CC=C3Cl)N4C=CN=C4,1,,,,,,
C1CCCCCCCC(=O)OCCCCCCC1,0,,CCCCCCCCCCCCCOC(=O)CCSCCC(=O)OCCCCCCCCCCCCC,0,,CCOC(=O)C(C1=CC=CC=C1)Br,1,,CC1=C(C(C(=C(N1)C)C(=O)OCCN(C)CC2=CC=CC=C2)C3=CC(=CC=C3)[N+](=O)[O-])C(=O)OC,1,,CCCCCCCCCCCCCC[P+](CCCC)(CCCC)CCCC.[Cl-],1,,C1=CC=C(C=C1)C(=O)C2=CC=C(C=C2)Cl,0,,,,,,
CCCCCCCCCCCCN1C=C[N+](=C1)C.[I-],1,,CCN1C2=C(C=C(C=C2)N)C3=CC=CC=C31,1,,C1=CC(=CC=C1CCl)[N+](=O)[O-],0,,CC1=CC=C(C=C1)S(=O)(=O)O.CNC(=O)C1=NC=CC(=C1)OC2=CC=C(C=C2)NC(=O)NC3=CC(=C(C=C3)Cl)C(F)(F)F,1,,[B-](F)(F)(F)F.CCN1C=C[N+](=C1C)C,0,,CCOC(C)OCC,0,,,,,,
CCCCN1C=C[N+](=C1)C.Cl[Fe-](Cl)(Cl)Cl,0,,C/C=C\1/C(=O)C[C@@H]2[C@@]1(CC[C@H]3[C@H]2CCC4=CC(=O)CC[C@]34C)C,1,,C/C=C(\C)/C(=O)OCCC(C)CCC=C(C)C,1,,CC1=C(C=CC2=C1C(=NC(=N2)N)N)CNC3=CC(=C(C(=C3)OC)OC)OC.Cl.Cl.Cl,1,,C1=CC=[N+](C(=C1)[S-])[O-].C1=CC=[N+](C(=C1)[S-])[O-].[Zn+2],1,,CCC(=O)C1CC(CC=C1C)C(C)C,1,,,,,,
COC(=O)NS(=O)(=O)C1=CC=C(C=C1)N,0,,C1CCCCCCCC(=O)CCCCCC1,1,,CCC1CCC(C1)CCC(=O)O,1,,CC(=O)O.C1C[C@H](N(C1)C(=O)[C@@H]2CSSCCC(=O)N[C@H](C(=O)N[C@H](C(=O)N[C@H](C(=O)N[C@H](C(=O)N2)CC(=O)N)CCC(=O)N)CC3=CC=CC=C3)CC4=CC=C(C=C4)O)C(=O)N[C@@H](CCCN=C(N)N)C(=O)NCC(=O)N,0,,C1=C(C=C(C(=C1I)OC2=CC(=C(C(=C2)I)O)I)I)C[C@@H](C(=O)O)N,0,,CCCCCCCCCC(CC)C1=CC=C(C=C1)S(=O)(=O)[O-].[Na+],1,,,,,,
C1=CC(=C(C(=C1)Cl)SC(CCC2=CC=C(C=C2)Cl)CN3C=CN=C3)Cl.[N+](=O)(O)[O-],1,,CN(C(=O)NC1=CC(=C(C=C1)Cl)Cl)OC,1,,CC(=O)OCC(=O)NC1=CC(=CC(=C1Cl)NC(=O)COC(=O)C)C#N,0,,C1=CC=C(C=C1)C(COC(=O)N)COC(=O)N,0,,CN(CCCN1CCC2=CC(=C(C=C2CC1=O)OC)OC)CCC3=CC(=C(C=C3)OC)OC.Cl,0,,CNC(=O)OC1=CC=CC=C1C2OCCO2,0,,,,,,
CC(C)CCCC(C)(C)O,0,,C(=C(Cl)Cl)Cl,0,,C1=CC(=C(C=C1F)F)[N+](=O)[O-],0,,C(CN)CNCCSP(=O)(O)O,0,,C1=CC(=C2C(=C1)OC(O2)(F)F)C3=CNC=C3C#N,0,,C1=CC=C2C(=C1)C3=CC=CC4=C3C5=C(C=CC=C25)C=C4,0,,,,,,
CCCCCC/C(=C\C1=CC=CC=C1)/C=O,0,,CC(C)CC(=O)O,0,,CC1=C(C(=C(C(=C1C)[N+](=O)[O-])C(C)(C)C)[N+](=O)[O-])C,1,,C1=CC=C(C=C1)NC(=O)CCCCCCC(=O)NO,0,,CC(C)C1=CC2=C(C=C1)C(=CC(=C2S(=O)(=O)[O-])C(C)C)C(C)C.[Na+],0,,CC/C(=N/O[Si](O/N=C(\CC)/C)(O/N=C(/CC)\C)C)/C,0,,,,,,
C1CC2C(C1)C3CC2CC3(C4=CC=C(C=C4)O)C5=CC=C(C=C5)O,1,,C1CCC(CC1)N(C2CCCCC2)SC3=NC4=CC=CC=C4S3,1,,CCN1CCCC1CNC(=O)C2=CC(=C(C=C2OC)N)S(=O)(=O)CC,0,,CN(C)CC/C=C\1/C2=CC=CC=C2COC3=C1C=C(C=C3)CC(=O)O.Cl,0,,C1CN(P(=O)(OC1)NCCCl)CCCl,0,,CC1(C(=O)C(C1=O)(C)C)C,0,,,,,,
CCO/C=C\1/C(=O)OC(=N1)C2=CC=CC=C2,0,,CC1=CC(=C(C=C1)O)N2N=C3C=CC=CC3=N2,1,,C(=O)(C(Cl)(Cl)Br)O,0,,CC1=C2COC(=O)C2=C(C(=C1OC)C/C=C(\C)/CCC(=O)O)O,0,,CN1C2=C(C(=O)N(C1=O)C)N(C=N2)CC3OCCO3,0,,CS(=O)(=O)Cl,0,,,,,,
CCCCCCCCCCCCCCCCCC(=O)OCC(CO)O,0,,C1=CC(=C(C=C1C=O)Br)F,0,,C1=CC=C(C=C1)NC2=CC=CC=C2,1,,C1=CC(=C(C=C1[N+](=O)[O-])Cl)NC(=O)C2=C(C=CC(=C2)Cl)O,1,,CCCCCCCCCCN1C=C[N+](=C1)C.[Br-],1,,C1CCC(CC1)(CC2=NOC(=O)N2)CN.Cl,0,,,,,,
CN(C)C,0,,C(=O)(C(=O)O)O,0,,CC(C)(C)C1=CC(=CC(=C1O)C(C)(C)C)CCC(=O)NN,1,,C1[C@H]([C@@H]2[C@H](O1)[C@H](CO2)O)O,0,,[Cl-].[Cl-].[Cl-].[Yb+3],0,,CCCCC/C(=C\C1=CC=CC=C1)/C=O,0,,,,,,
CCC(C)(C1=CC=C(C=C1)O)C2=CC=C(C=C2)O,1,,C1(=C(C(=NC(=C1Cl)Cl)C(=O)O)Cl)Cl,1,,CC[Si](OC(=O)C)(OC(=O)C)OC(=O)C,1,,C[C@]12C[C@@H]([C@]3([C@H]([C@@H]1C[C@H]([C@@]2(C(=O)CO)O)O)CCC4=CC(=O)C=C[C@@]43C)F)O,0,,C1=CC(=CC=C1C(C2=CC=C(C=C2)Cl)C(Cl)Cl)Cl,1,,CO[C@@H]1[C@@H]([C@H]([C@@H]([C@H](O1)CO)O)O)O,0,,,,,,
CCN(CC)CCCC(C)NC1=C2C=C(C=CC2=NC3=C1C=CC(=C3)Cl)OC.O.O.Cl.Cl,1,,CC1=CC(=CC=C1)N(C)C(=S)OC2=CC3=CC=CC=C3C=C2,1,,C1=CC(=CC=C1C#N)Cl,0,,C1=CC(=C(C(=C1)C(=O)C2=CC=C(C=C2)Br)N)CC(=O)[O-].C1=CC(=C(C(=C1)C(=O)C2=CC=C(C=C2)Br)N)CC(=O)[O-].O.O.O.[Na+].[Na+],0,,C1=CC=NC(=C1)NS(=O)(=O)C2=CC=C(C=C2)N=NC3=CC(=C(C=C3)O)C(=O)O,0,,CC(C)C1=C(C(=C(C(=N1)C(C)C)COC)C2=CC=C(C=C2)F)/C=C/[C@H](C[C@H](CC(=O)[O-])O)O.[Na+],1,,,,,,
CCN(CC)C1=CC=C(C=C1)N,1,,CC1=CC=CC=C1OP(=O)(OC2=CC=CC=C2C)OC3=CC=CC=C3C,1,,CC(C)(C)OC(=O)NCCC(=O)N[C@@H](CC1=CNC2=CC=CC=C21)C(=O)N[C@@H](CCSC)C(=O)N[C@@H](CC(=O)O)C(=O)N[C@@H](CC3=CC=CC=C3)C(=O)N,0,,CCCCNC1=CC=C(C=C1)C(=O)OCCN(C)C.Cl,0,,CC(C)OC(=O)CCC(=O)OC(C)C,0,,C1=C(C(=CC(=C1Cl)Cl)Cl)Cl,0,,,,,,
C1=CC2=C(C=C1OC3=CC4=C(C=C3)C(=O)OC4=O)C(=O)OC2=O,0,,CC(C)OC(=O)C(C)(C)OC1=CC=C(C=C1)C(=O)C2=CC=C(C=C2)Cl,1,,C1N2CN3CN1CN(C2)C3,0,,C[C@]12CC[C@H]3[C@H]([C@@H]1CC[C@@H]2OC(=O)CCC4=CC=CC=C4)CCC5=CC(=O)CC[C@H]35,0,,CC(C1=CC(=CC=C1)C(=O)C2=CC=CC=C2)C(=O)O,0,,C/C=C\C/C=C/CCCCCCCCOC(=O)C,1,,,,,,
C1=CC=C(C=C1)C2=CC=CC=C2N,0,,COP(=S)(OC)OC1=NC(=C(C=C1Cl)Cl)Cl,1,,C1[C@@H]([C@H](O[C@H]1N2C=C(C(=O)NC2=O)C(F)(F)F)CO)O,0,,CCOC(=O)O[C@@]1(CC[C@@H]2[C@@]1(C[C@@H]([C@H]3[C@H]2CCC4=CC(=O)C=C[C@]34C)O)C)C(=O)OCCl,0,,CCCCNCC,0,,C1=CC=C2C(=C1)NC3=CC=CC=C3S2,1,,,,,,
C1CCC(C(C1)N)N,0,,C=CC1CC2CC1C=C2,0,,CN1CC(C2=C(C1)C(=CC=C2)N)C3=CC=CC=C3.C(=C\C(=O)O)\C(=O)O,0,,CCS(=O)(=O)CCN1C(=NC=C1[N+](=O)[O-])C,0,,CC(C)(C1=CC(=C(C(=C1)Br)O)Br)C2=CC(=C(C(=C2)Br)O)Br,1,,CCN1CCC[C@H]1CNC(=O)C2=C(C=CC(=C2OC)Br)OC,0,,,,,,
CC(=O)[O-].CC(=O)[O-].O.O.[Cd+2],1,,C1=NC(=NN1[C@H]2[C@@H]([C@@H]([C@H](O2)CO)O)O)C(=O)N,0,,CC(C)OC1=C(C=C(C(=C1)N2C(=O)OC(=N2)C(C)(C)C)Cl)Cl,1,,CCOCCN1C(=NC2=CC=CC=C12)N3CCN(CCC3)C.C(=C/C(=O)O)\C(=O)O.C(=C/C(=O)O)\C(=O)O,0,,C1=CC(=CC=C1N)OC2=CC=C(C=C2)N,0,,CN(CCOC1=CC=C(C=C1)CC2C(=O)NC(=O)S2)C3=CC=CC=N3.C(=C\C(=O)O)\C(=O)O,1,,,,,,
CCCCCCCCOC1=CC=CC=C1C(=O)NC2=CC=C(C=C2)C(=O)OCC[N+](C)(CC)CC.[Br-],1,,CCN(CC)CCOC(=O)C(C1=CC=CC=C1)C2=CC=CC=C2.Cl,0,,CCOP(=O)(CN(CCO)CCO)OCC,0,,CC(=O)C1=CC(=C(C=C1)OCCCN2CCC(CC2)C3=NOC4=C3C=CC(=C4)F)OC,1,,CC1CC2=C(CC1(C)C(=O)C)C(CCC2)(C)C,0,,CC(C)C1=NC(=CS1)CN(C)C(=O)N[C@@H](C(C)C)C(=O)N[C@@H](CC2=CC=CC=C2)C[C@@H]([C@H](CC3=CC=CC=C3)NC(=O)OCC4=CN=CS4)O,1,,,,,,
C1=CC=[N+](C(=C1)[S-])[O-].C1=CC=[N+](C(=C1)[S-])[O-].[Zn+2],1,,C1=CC=C(C=C1)P(O)O,0,,COC1=CC(=C(C=C1)OC)OC,1,,CC(C)[C@@H](CC1=CC(=C(C=C1)OC)OCCCOC)C[C@@H]([C@H](C[C@@H](C(C)C)C(=O)NCC(C)(C)C(=O)N)O)N.Cl,0,,C(CN(CC(=O)[O-])CC(=O)[O-])N(CC(=O)[O-])CC(=O)[O-].[Na+].[Fe+3],0,,CCN[C@@H]1C[C@@H]([C@H]([C@@H]([C@H]1O[C@@H]2[C@@H]([C@H]([C@@](CO2)(C)O)NC)O)O)OC3C(CC=C(O3)CN)N)N.CCN[C@@H]1C[C@@H]([C@H]([C@@H]([C@H]1O[C@@H]2[C@@H]([C@H]([C@@](CO2)(C)O)NC)O)O)OC3C(CC=C(O3)CN)N)N.OS(=O)(=O)O.OS(=O)(=O)O.OS(=O)(=O)O.OS(=O)(=O)O.OS(=O)(=O)O,0,,,,,,
CNC(=O)CSP(=O)(OC)OC,0,,C1C2=CC=CC=C2C3=C1C=C(C=C3)NC(=O)C(F)(F)F,1,,C=CC(=O)OCCCCO,0,,COC1CN(CCC1NC(=O)C2=CC(=C(C=C2OC)N)Cl)CCCOC3=CC=C(C=C3)F,1,,CC(C)C(CCCN(C)CCC1=CC(=C(C=C1)OC)OC)(C#N)C2=CC(=C(C=C2)OC)OC,0,,CCNC(=S)NCC,0,,,,,,
CC1CCCO1,0,,CN(C)CCN1C(=NN=N1)SCC2=C(N3[C@@H]([C@@H](C3=O)NC(=O)CC4=CSC(=N4)N)SC2)C(=O)O.Cl,0,,COC1=C(C=CC(=C1)/C=C/C(=O)CC(=O)/C=C/C2=CC(=C(C=C2)O)OC)O,1,,C1CC(=O)NC(=O)C1N2CC3=C(C2=O)C=CC=C3N,0,,CCC(COC(=O)C=C)(COC(=O)C=C)COC(=O)C=C,1,,CC1=CC2C3CC(C2C1)C=C3C,1,,,,,,
CC[C@H]1C[C@@H]2C[C@@H]3[C@H]1N(C2)CCC4=C3NC5=C4C=C(C=C5)OC.Cl,1,,C1[C@@H]([C@H](O[C@H]1N2C=NC(=NC2=O)N)CO)O,0,,CCCC1=C(C=CC(=C1O)C(=O)C)OCCCOC2=CC=C(C=C2)OCC(=O)O,1,,C1=CC(=C(C(=C1)F)CN2C=C(N=N2)C(=O)N)F,0,,CN(C)CCOC1=CC=C(C=C1)CNC(=O)C2=CC(=C(C(=C2)OC)OC)OC.Cl,0,,C(CO)N(CCO)CCO,0,,,,,,
C(CO)N(C1=C(C(=C(C(=C1I)C(=O)NCC(CO)O)I)C(=O)NCC(CO)O)I)C(=O)CO,0,,CN(C)CCOC(=O)C(C1=CC=CC=C1)(C2=CC=CC=C2)OCC#C.Cl,1,,B(OC(C)C)(OC(C)C)OC(C)C,0,,CCCN(CCC1=CC=CS1)[C@H]2CCC3=C(C2)C=CC=C3O,0,,C1=CC(=C(C=C1Cl)SC2=C(C=CC(=C2)Cl)O)O,1,,CNC(=O)N(C)C1=NC2=CC=CC=C2S1,1,,,,,,
CCCCCCCCCCCCCCCC[N+](C)(C)CC1=CC=CC=C1.[Cl-],1,,CCN(CC)CCNC(=O)C1=C(C=C(C=C1)Cl)OCC=C,1,,C1=CC=C(C=C1)P(=O)(C2=CC=CC=C2)C3=CC=CC=C3,1,,CN(C)[C@H]1[C@@H]2C[C@@H]3[C@@H](C4=C(C=CC(=C4C(=C3C(=O)[C@@]2(C(=C(C1=O)C(=O)N)O)O)O)O)Cl)O.Cl,0,,C1=CC(=CC=C1/C=C/C2=CC(=CC(=C2)O)O)O,0,,CC1=C(SC(=N1)C2=CC(=C(C=C2)OCC(C)C)C#N)C(=O)O,1,,,,,,
CC(COC)O,0,,C1=CC=C(C(=C1)CN)SC2=CC=CC=C2CO,0,,CC(C)(C)C1=CC=C(C=C1)C(=O)CC(=O)C2=CC=C(C=C2)OC,1,,C1=CC(=C(C=C1N)O)C(=O)[O-].[Na+],0,,C=CCN1CC[C@]23CCCC[C@H]2[C@H]1CC4=C3C=C(C=C4)O,0,,C1=CC=C(C=C1)C2=CC(=O)C3=CC=CC=C3O2,1,,,,,,
C1=CC=C(C=C1)CCl,0,,COC1=CC(=C(C=C1)OC)N=NC2=C(C=CC3=CC=CC=C32)O,1,,CC1=C2C(=C(C=C1)[N+](=O)[O-])[Hg]O2,1,,C1CC1CN2CC[C@]34[C@@H]5C(=O)CC[C@]3([C@H]2CC6=C4C(=C(C=C6)O)O5)O,0,,C1CN(CCC1C2=CN(C3=C2C=C(C=C3)Cl)C4=CC=C(C=C4)F)CCN5CCNC5=O,1,,COC1=CC=C(C=C1)C2=COC3=CC(=CC(=C3C2=O)O)O,1,,,,,,
C1=CC2=C(C=C1Cl)SNC2=O,1,,CCCCCON=O,0,,C1=CC=C2C(=C1)NC3=CC=CC=C3S2,0,,C1CC2=C(C=CC(=C2)F)O[C@H]1[C@H](CNC[C@@H]([C@@H]3CCC4=C(O3)C=CC(=C4)F)O)O.Cl,0,,CC(COC1=CC=CC=C1)N(CCCl)CC2=CC=CC=C2.Cl,1,,CC1=C(C(CCC1)(C)C)/C=C/C(=C/C=C/C(=C/C(=O)O)/C)/C,1,,,,,,
CC1=C(C(C(=C(N1)C)C(=O)OCCN(C)CC2=CC=CC=C2)C3=CC(=CC=C3)[N+](=O)[O-])C(=O)OC,1,,C(CI)C(C(C(C(C(C(F)(F)F)(F)F)(F)F)(F)F)(F)F)(F)F,0,,CCOP(=O)(OCC)OC1=NC(=C(C=C1Cl)Cl)Cl,1,,COC1=C2C(=CC(=C1N3C[C@@H]4CCCN[C@@H]4C3)F)C(=O)C(=CN2C5CC5)C(=O)O.Cl,0,,C1=CC(=C(C=C1Cl)SC2=C(C=CC(=C2)Cl)O)O,1,,C(C(CBr)Br)OP(=O)(OCC(CBr)Br)OCC(CBr)Br,1,,,,,,
C=CC(=O)OCC(CO)(COC(=O)C=C)COC(=O)C=C,1,,CN(C)C(=O)NC1(CCN(CC1)CCC[C@@]2(CCCN(C2)C(=O)C3=CC=CC=C3)C4=CC(=C(C=C4)Cl)Cl)C5=CC=CC=C5,0,,COCCOCCOCCOCCOCCO,0,,CCCCCC(=O)O[C@@]1(CC[C@@H]2[C@@]1(CC[C@H]3[C@H]2CCC4=CC(=O)CC[C@]34C)C)C(=O)C,1,,COC1=CC=C(C=C1)CCN2CCC(CC2)NC3=NC4=CC=CC=C4N3CC5=CC=C(C=C5)F,1,,CCCCCCCCCCCCCCCCC=C,0,,,,,,
C1CCC(CC1)N=C=NC2CCCCC2,1,,C1CCC(CC1)O,0,,CCCCCCCCCC,0,,CC[C@@]1(CC[C@@H]2[C@@]1(CC[C@H]3[C@H]2CCC4=CCCC[C@H]34)C)O,1,,C1=CC=C(C=C1)O,0,,CCCCCCCCOC(=O)C1=CC(=C(C=C1)C(=O)OCCCCCCCC)C(=O)OCCCCCCCC,0,,,,,,
CC(C)(CO)C(C(=O)NCCCO)O,0,,CCCCSP(=O)(SCCCC)SCCCC,1,,[Cl-].[Cl-].[Ca+2],0,,CCCCCCCC(=O)OCC(CO)O,0,,CCCCCCCCCCN1C=C[N+](=C1C)CCCCCCCCCC.[Cl-],1,,COC1=C(C=C(C=C1)S(=O)(=O)N2[C@@H]([C@@](C3=C2C=CC(=C3)Cl)(C4=CC=CC=C4Cl)O)C(=O)N5CCC[C@@H]5C(=O)N)OC,1,,,,,,
CCCCCCCCN1C(=O)C=CS1,1,,CN(C)C1CSSSC1.C(=O)(C(=O)O)O,0,,CC1(C(=O)N(C(=O)N1Cl)Br)C,1,,CC(=O)NCC1=C(C(=C(C(=C1I)NC(=O)C)I)C(=O)O)I,0,,C[N+]12CCC(CC1)C(C2)OC(=O)C(C3=CC=CC=C3)(C4=CC=CC=C4)O.[Br-],0,,CC1=C(C=CC(=C1)C2=CC(=C(C=C2)N)C)N.Cl.Cl,1,,,,,,
CC(C)(C1=CC=CC=C1)C2=CC(=C(C=C2)O)C(C)(C)C3=CC=CC=C3,1,,CC1=CC(=O)OC2=C1C=CC(=C2)O,0,,CC1=C(C=CC(=C1)S(=O)(=O)[O-])N=NC2=C(C=CC3=CC=CC=C32)O.[Na+],1,,C[N+]1(CCCC(C1)OC(=O)C(C2=CC=CC=C2)(C3=CC=CC=C3)O)C.[Br-],0,,C1=CC=C(C=C1)C(=O)CCl,0,,C1=CC=C(C=C1)OC(=O)C2=CC=C(C=C2)O,0,,,,,,
CCC1COC(=O)O1,0,,C(#N)N=C(N)N,0,,C[C@]12CC[C@H]3[C@H]([C@@H]1CC[C@@H]2O)[C@@H](CC4=C3C=CC(=C4)O)CCCCCCCCCS(=O)CCCC(C(F)(F)F)(F)F,1,,CCN1C=C(C(=O)C2=C1N=C(C=C2)C)C(=O)O,0,,CCCCCCCCCCCCCCN1C=C[N+](=C1)C.C(F)(F)(F)S(=O)(=O)[N-]S(=O)(=O)C(F)(F)F,1,,C1=C(C(=C(C(=C1I)NC(=O)COCCOCCOCC(=O)NC2=C(C=C(C(=C2I)C(=O)O)I)I)I)C(=O)O)I,0,,,,,,
C1=CC(=CC(=C1)F)CN2C3=C(C=C(C=C3)F)C=C2C(=O)NC4=CC5=C(C=C4)NC=C5,1,,C1=CC(=C2C(=C1)OC(O2)(F)F)C3=CNC=C3C#N,1,,COC1=CC(=C(C=C1)C(=O)C2=CC=CC=C2)O,1,,CC1=CC=C(C=C1)C(=O)C2=CC=C(N2C)CC(=O)[O-].O.O.[Na+],0,,CCCCCCCCCCCCN.Cl,1,,C(=N/O)\C=N\O,0,,,,,,
CN1C2=NC(=NC=C2CN(C1=O)C3=CC=CC=C3Br)NC4=CC5=C(C=C4)OC(CO5)CO,1,,CC(=CCC/C(=C\CO)/C)C,0,,C1=CC(=C(C=C1Cl)Cl)CO,0,,CC(C(=O)NCC(=O)O)S,0,,CCCCCCCCCCCCCCCC[N+](C)(C)CC1=CC=CC=C1.[Cl-],1,,C1=CC=C2C(=C1)C(C(=O)N2)(C3=CC=C(C=C3)O)C4=CC=C(C=C4)O,1,,,,,,
CC1=CC=C(C=C1)N(SC(F)(Cl)Cl)S(=O)(=O)N(C)C,1,,C1=CC=C(C=C1)C(C2=CC=CC=C2)(C3=CC=CC=C3Cl)N4C=CN=C4,1,,C1=CC=C(C=C1)CCCO,0,,CC1=C(SC(=N1)C2=CC(=C(C=C2)OCC(C)C)C#N)C(=O)O,0,,CCC(C)(C#N)N=NC(C)(CC)C#N,0,,C1CN(CCN1C/C=C/C2=CC=CC=C2)C(C3=CC=CC=C3)C4=CC=CC=C4,0,,,,,,
CN1C2=C(C(=O)N(C1=O)C)N(C=N2)CC3OCCO3,0,,C1=CC(=CC=C1N)N,1,,CC1=CC(=CC=C1)N,1,,CC1=C(C=C(C(=O)N1)C#N)C2=CC=NC=C2,0,,CN(C)CCC#N,0,,CCCCOCCOCCOCC1=CC2=C(C=C1CCC)OCO2,1,,,,,,
C1=CC(=CC=C1C(=O)Cl)[N+](=O)[O-],0,,CC(C)(C1=CC=C(C=C1)CNC(=O)C2=C(N=CC=C2)OC3=CC4=NON=C4C=C3)O,1,,C1CNC(=O)N1,0,,CC(C1=CC2=CC=CC=C2S1)N(C(=O)N)O,1,,CC1=CC=C(C=C1)S(=O)(=O)NC(=O)NN2CCCCCC2,0,,CCCCCOC(=O)CCC,0,,,,,,
C(C(Br)(Br)Br)(Br)Br,1,,CSC1=CC=C(C=C1)Cl,0,,COC(=O)CCCCC(=O)OC,0,,CCC1(CCC(=O)NC1=O)C2=CC=CC=C2,0,,CC(C)(C)CC(C)(C)C1=CC=C(C=C1)OCCOCC[N+](C)(C)CC2=CC=CC=C2.[Cl-],1,,CCC1=NN=C(S1)NS(=O)(=O)C2=CC=C(C=C2)N,0,,,,,,
CCCCCCCCCCCC[N+](C)(C)CCOC1=CC=CC=C1.[Br-],1,,COC(=O)C(C1=CC=CC=C1Cl)N2CCC3=C(C2)C=CS3.OS(=O)(=O)O,1,,CCCC[P+](CC)(CCCC)CCCC.CCOP(=O)([O-])OCC,0,,CN(C)[C@H]1[C@@H]2[C@H]([C@@H]3C(=C)C4=C(C(=CC=C4)O)C(=C3C(=O)[C@@]2(C(=C(C1=O)C(=O)N)O)O)O)O.Cl,0,,C[C@H]1CC[C@@H]2[C@H]([C@H]3[C@@H](N2C1)C[C@@H]4[C@@]3(CC[C@H]5[C@H]4CC=C6[C@@]5(CCC(C6)O[C@H]7[C@@H]([C@H]([C@H]([C@H](O7)CO)O)O[C@H]8[C@@H]([C@H]([C@@H]([C@H](O8)CO)O)O)O)O[C@@H]9[C@@H]([C@@H]([C@H]([C@@H](O9)C)O)O)O)C)C)C,1,,CO[Si](CCCS)(OC)OC,0,,,,,,
CCN(CC)C(=O)NC1=CC(=C(C=C1)OCC(CNC(C)(C)C)O)C(=O)C.Cl,0,,CC(C)OP(=O)(C)OC(C)C,0,,CC1=C(N=CN1)CN2CCC3=C(C2=O)C4=CC=CC=C4N3C.Cl,1,,CC1(C2CCC(C2)C1(C)NC)C,0,,C1CN=C(N1)NC2=C(C=CC=C2Cl)Cl.Cl,0,,CNC,0,,,,,,
COCCO,0,,C1=CC=C2C(=C1)C=C3C=CC=CC3=C2Br,1,,C1=CC=C(C(=C1)C(=O)N)N,0,,C1=CC(=C(C=C1Cl)Cl)CO/N=C(\CN2C=CN=C2)/C3=C(C=C(C=C3)Cl)Cl.[N+](=O)(O)[O-],1,,C1CCC(CC1)C(=O)N2CC3C4=CC=CC=C4CCN3C(=O)C2,0,,C1CN(CCN1CCCN2C3=CC=CC4=C3C(=CC=C4)S2(=O)=O)C5=CC=C(C=C5)F,1,,,,,,
CCCCCCCCCCN1C=C[N+](=C1)C.C(F)(F)(F)S(=O)(=O)[O-],1,,CC1=NC=C(C=C1)O,0,,CC(C)CC1=CC=CC=C1,0,,CC(C)(C)NC(=O)[C@@H]1CN(CCN1C[C@H](C[C@@H](CC2=CC=CC=C2)C(=O)N[C@@H]3[C@@H](CC4=CC=CC=C34)O)O)CC5=CN=CC=C5.OS(=O)(=O)O,1,,CC1=C(C=CC(=C1)F)C2=CC(=NC=C2N(C)C(=O)C(C)(C)C3=CC(=CC(=C3)C(F)(F)F)C(F)(F)F)N4CC[C@H]([C@H]4CO)O,1,,COC1=CC(=O)O[C@H](C1)/C=C/C2=CC=CC=C2,1,,,,,,
CC1=CC(=CC=C1)N(C)C(=S)OC2=CC3=C(C=C2)C4CCC3C4,0,,CC1=C(C(=O)CC1OC(=O)C2C(C2(C)C)C=C(C)C)CC#C,1,,C1=COC(=C1)CNC2=CC(=C(C=C2C(=O)O)S(=O)(=O)N)Cl,0,,C1=CC=C(C=C1)CCNN.OS(=O)(=O)O,1,,C1=CC(=CC=C1[N+](=O)[O-])O,0,,CN(C(=O)N[C@@H]1[C@H]([C@@H]([C@H](O[C@@H]1O)CO)O)O)N=O,0,,,,,,
C1=CC=C2C(=C1)C(=O)C3=C(C2=O)C=C(C=C3)O,0,,CC1(CC2=C(O1)C(=CC=C2)N)C,0,,C#CC1=C(C(=O)C(=C(C1=O)Cl)Cl)C#C,1,,CC(C)(C1=CC=CC=C1CC[C@H](C2=CC=CC(=C2)/C=C/C3=NC4=C(C=CC(=C4)Cl)C=C3)SCC5(CC5)CC(=O)[O-])O.[Na+],1,,CCCCCCC=O,0,,CC(C)(CC1=CC=C(C=C1)Cl)N.Cl,0,,,,,,
C(=O)(N)NNC(=O)N,0,,C1=CC=C(C=C1)CNC2=NC=NC3=C2NC=N3,1,,CC1=CC(=C(C=C1)C(=O)[N-]S(=O)(=O)/C=C/C2=CC=C(C=C2)OC)Cl.[Na+],1,,COC(=O)C(C1=CC=CC=C1Cl)N2CCC3=C(C2)C=CS3.OS(=O)(=O)O,1,,C1=CC(=CC=C1NC(=O)NC2=CC=C(C=C2)[N+](=O)[O-])[N+](=O)[O-],1,,C1=CC(=C(C=C1C[C@@H](C(=O)O)N)I)OC2=CC(=C(C(=C2)I)O)I,0,,,,,,
CN(C)C1=CC(=CC=C1)O,0,,C[C@H]1C[C@@H]2[C@H](CC[C@]3([C@H]2CC[C@@]3(C(=O)C)O)C)[C@@]4(C1=CC(=O)CC4)C,1,,CC1=C(C(CCC1)(C)C)/C=C/C(=C/C=C/C(=C/C(=O)O)/C)/C,1,,CS(=O)(=O)OCCCCOS(=O)(=O)C,0,,C1=CC(=CC=C1C=O)F,0,,CC[C@]12CC[C@H]3[C@H]([C@@H]1CC[C@]2(C#C)OC(=O)C)CCC4=C/C(=N/O)/CC[C@H]34,1,,,,,,
CC1(C(=O)NC(=O)N1)C,0,,COC1=CC(=O)O[C@H](C1)CCC2=CC=CC=C2,1,,CCCCOCCOC(=O)C1=CC=CC=C1C(=O)OCCOCCCC,1,,CCC(C)C(C)(COC(=O)N)COC(=O)N,0,,CCC(C)(C)C1=CC(=C(C=C1)O)C(C)(C)CC,1,,CC(C)OC(C)C,0,,,,,,
CCCCC(CC)C(=O)OC(C)C,0,,C1=CC(=C(C=C1Br)Br)OC2=C(C=C(C=C2)Br)Br,1,,CC(=O)[C@]1(CC[C@@H]2[C@@]1(CC[C@H]3[C@H]2C=C(C4=CC(=O)[C@@H]5C[C@@H]5[C@]34C)Cl)C)OC(=O)C,1,,C1CN(CCN1CCCN2C(=O)N3C=CC=CC3=N2)C4=CC(=CC=C4)Cl.Cl,0,,C1=CC=C(C=C1)OCCOC2=CC=CC=C2,0,,CC(=O)N/N=C/C1=CC=C(O1)[N+](=O)[O-],1,,,,,,
C1=C(C(=C(C(=C1Cl)Cl)CC2=C(C(=CC(=C2Cl)Cl)Cl)O)O)Cl,1,,COC1=CC=C(C=C1)N=[N+](C2=CC=C(C=C2)OC)[O-],1,,C1C[C@@H](CN(C1)CCC2=CC3=C(C=C2)OCO3)OC(C4=CC=CC=C4)C5=CC=CC=C5.C(=C/C(=O)O)\C(=O)O,1,,CCN1CCN(C(=O)C1=O)C(=O)N[C@H](C2=CC=C(C=C2)O)C(=O)N[C@H]3[C@@H]4N(C3=O)C(=C(CS4)CSC5=NN=NN5C)C(=O)[O-].[Na+],0,,CC/C(=C(\C1=CC=CC=C1)/C2=CC=C(C=C2)OCCN(C)C)/C3=CC=CC=C3.C(C(=O)O)C(CC(=O)O)(C(=O)O)O,1,,CC(C)(C)C1CCC(CC1)CC2=C(C3=CC=CC=C3C(=O)C2=O)O,1,,,,,,
C1=C(C(=CC(=C1N)S(=O)(=O)N)S(=O)(=O)N)C(=C(Cl)Cl)Cl,0,,CCSC(=O)N(CC(C)C)CC(C)C,0,,CC1=NC2=CC=CC=C2C1(C)C,1,,C[C@@H]1[C@H]([C@H](C[C@@H](O1)O[C@H]2CC[C@]3([C@@H](C2)CC[C@@H]4[C@@H]3C[C@H]([C@]5([C@@]4(CC[C@@H]5C6=CC(=O)OC6)O)C)O)C)O)O[C@H]7C[C@@H]([C@@H]([C@H](O7)C)O[C@H]8C[C@@H]([C@@H]([C@H](O8)C)O[C@H]9[C@@H]([C@H]([C@@H]([C@H](O9)CO)O)O)O)O)O,0,,CCN(CC)CCOC1=CC2=C(C=C1)C3=C(C2=O)C=C(C=C3)OCCN(CC)CC,1,,CC1=C(C=C(C(=C1[N+](=O)[O-])OC)C(C)(C)C)[N+](=O)[O-],1,,,,,,
CCCOC(=O)C1=CC=CC=C1C(=O)OCCC,0,,C1=CC=C(C=C1)C2=NC3=CC=CC=C3N2,1,,COC1=CC=CC=C1[N+](=O)[O-],0,,CN(C)CCOC(C1=CC=C(C=C1)Cl)C2=CC=CC=N2.C(=C\C(=O)O)\C(=O)O,0,,CCOC(=O)C(=O)OCC,0,,CC/C(=N\OCC)/C1=C(CC(CC1=O)C2=C(C=C(C=C2C)C)C)O,1,,,,,,
CCCCCCCCCCCCCC[P+](CCCC)(CCCC)CCCC.[Cl-],1,,C1CSSC1CCCCC(=O)O,0,,CCOC(=O)C(CC1=CC(=C(C=C1Cl)F)N2C(=O)N(C(=N2)C)C(F)F)Cl,1,,CCCCNC(=O)NS(=O)(=O)C1=CC=C(C=C1)C,0,,CC(C)(C)C1=NN=C(S1)NS(=O)(=O)C2=CC=C(C=C2)N,0,,C1=C(C=NC(=C1Cl)NC2=C(C=C(C(=C2[N+](=O)[O-])Cl)C(F)(F)F)[N+](=O)[O-])C(F)(F)F,1,,,,,,
CCN1CCC2(CC1)COC3=C2C=C4C(=C3)CCN4C(=O)C5=CC=C(C=C5)C6=C(C=C(C=C6)C7=NN=C(O7)C)C.Cl,1,,CCOC1=CC=CC=C1O,0,,C1CCC(CC1)(C#N)N=NC2(CCCCC2)C#N,1,,CC1=CC=C(C=C1)C(=O)OC2=C(C=C(C=C2)C(CNC(C)(C)C)O)OC(=O)C3=CC=C(C=C3)C,1,,C1CCC(CC1)C(CC2CCCCN2)C3CCCCC3.C(=C\C(=O)O)\C(=O)O,1,,CCCCCCCCCCC(CCCCCCCC)CO,0,,,,,,
C/C=C(\C)/C=O,0,,C1CC1NC2=NC(=NC(=N2)N)N,0,,CCCCCCCC/C=C\CCCCCCCCCCCC(=O)O,0,,CC(C)COCC(CN(CC1=CC=CC=C1)C2=CC=CC=C2)N3CCCC3,1,,CC1=C(C=CC(=C1C2=NOCC2)S(=O)(=O)C)C(=O)C3=CNN(C3=O)C,0,,CN(C)C1=CC=C(C=C1)SC#N,1,,,,,,
CCCCCCCCCOCC1CO1,0,,C1=CC=C2C(=C1)C=CC=C2N,1,,CC(C)CC(C)(C#N)N,0,,CC1=CC(=CC(=C1)OCC2CNC(=O)O2)C,0,,CCOC(=O)C1=CC=CC=C1,0,,C[C@@H](C(=O)N[C@@H](CC(C)C)[C@H](CC(=O)O)O)NC(=O)C[C@@H]([C@H](CC(C)C)NC(=O)[C@H](C(C)C)NC(=O)[C@H](C(C)C)NC(=O)CC(C)C)O,0,,,,,,
C1=CC=C2C(=C1)C=CC=C2N=C=S,1,,C[C@]12CC[C@H]3[C@H]([C@@H]1CCC2=O)CCC4=C3C=CC(=C4)O,1,,CC(=CCl)C,0,,CC1=CC=C(C=C1)C2=C(N3C=C(C=CC3=N2)C)CC(=O)N(C)C,1,,CC(=O)/C=C/C=C\1/C2CCC(C2)C1(C)C,0,,CCCC[Sn](CCCC)(CCCC)CCCC,1,,,,,,
CC(C)(C)C1=CSC(=N1)C2=CC3=C(O2)C=CC(=C3)OCC4=CC=CC=C4CC(=O)O,1,,COC1=CC=C(C=C1)NC2=CC=C(C=C2)OC,1,,CN(C)C(=S)SC(=S)N(C)C,1,,CN1C(NC2=CC(=C(C=C2S1(=O)=O)S(=O)(=O)N)Cl)CCl,0,,C1=C(N=C(N=C1Cl)Cl)Cl,1,,COC(=O)C1=CC=C(C=C1)C=O,0,,,,,,
C1CN(CCN1CCC2=C(C=C3C(=C2)CC(=O)N3)Cl)C4=NSC5=CC=CC=C54,1,,CC(C)C(=O)C1=CC=CC=C1,0,,CC(C)(C)CC(C)(C)N,0,,CNC(=O)C1=CN(N=C1)C2=NC(=C3C(=N2)N(C=N3)[C@H]4[C@@H]([C@@H]([C@H](O4)CO)O)O)N,0,,CCCCNC(=O)NCCCC,0,,CCNC1=CC=CC(=C1)C,0,,,,,,
CC1CCC(C(C1)OC(=O)C2=CC=CC=C2N)C(C)C,1,,CCCC(=O)OC(=O)CCC,0,,CCC[N+]1(CCCC1)C.F[P-](F)(F)(F)(F)F,0,,CC(C)(C)C1=CC=C(C=C1)S(=O)(=O)NC2=C(C(=NC(=N2)C3=NC=CC=N3)OCCO)OC4=CC=CC=C4OC,1,,CCN(CC)CCOC(=O)C1(CCCCC1)C2CCCCC2,0,,CC1=CC(=NO1)NS(=O)(=O)C2=CC=C(C=C2)N,0,,,,,,
CC1=CC=C(C=C1)C2=CC(=NN2C3=CC=C(C=C3)S(=O)(=O)N)C(F)(F)F,1,,C([C@@H](C(=O)O)N)OC(=O)C=[N+]=[N-],0,,CC(C)(C1=CC=C(C=C1)O)C2=CC=C(C=C2)O,1,,C1=CC=C(C=C1)CSCC2=NS(=O)(=O)C3=CC(=C(C=C3N2)Cl)S(=O)(=O)N,0,,C1=CC=C(C=C1)COC(=O)/C=C/C2=CC=CC=C2,0,,CN(C)C1=CC=C(C=C1)C(=N)C2=CC=C(C=C2)N(C)C.Cl,1,,,,,,
CCCCOC(=O)CCCCCCCC(=O)OCCCC,0,,CC(C)NC1=NC(=NC(=N1)SC)NC(C)C,1,,CC(COC1=CC=CC=C1)N(CCCl)CC2=CC=CC=C2,1,,C1[C@@H]([C@H](O[C@H]1N2C=C(C(=O)NC2=O)F)CO)O,0,,C[C@@H]1CC[C@@]2([C@H]([C@H]3[C@@H](O2)[C@H]([C@@H]4[C@@]3(CC[C@H]5[C@H]4CC[C@@H]6[C@@]5(C[C@H]([C@@H](C6)O[C@H]7[C@@H]([C@H]([C@H]([C@H](O7)CO)O[C@H]8[C@@H]([C@H]([C@@H]([C@H](O8)CO)O)O[C@H]9[C@@H]([C@H]([C@@H](CO9)O)O)O)O[C@H]2[C@@H]([C@H]([C@@H]([C@H](O2)CO)O)O[C@H]2[C@@H]([C@H]([C@@H]([C@H](O2)CO)O)O)O)O)O)O)O)C)C)O)C)OC1,1,,CCCCCCCCCCOS(=O)(=O)[O-].[Na+],0,,,,,,
C(CCl)O,0,,CCC(=O)[O-].CCC(=O)[O-].[Ca+2],0,,C1C2C(C(C1Cl)Cl)C3(C(=C(C2(C3(Cl)Cl)Cl)Cl)Cl)Cl,1,,CC1([C@@H](N2[C@H](S1(=O)=O)CC2=O)C(=O)O)C,0,,C1=CC=C2C(=C1)C3=CC=CC=C3S2,1,,CCCC[N+]1=CC=CC=C1.F[P-](F)(F)(F)(F)F,0,,,,,,
CC1=CC(=C(C(=C1Cl)C)Cl)O,1,,CC(COC1=CC=CC=C1)NN,0,,COC1=CC=C(C=C1)CC=C,0,,CCCN1C[C@@H](C[C@H]2[C@H]1CC3=CNC4=CC=CC2=C34)CSC.CS(=O)(=O)O,1,,C(CS(=O)(=O)O)N,0,,CCCCCCCCCCN,0,,,,,,
C1=CC(=CN=C1)C(C2=CC=C(C=C2)Cl)(C3=CC=C(C=C3)Cl)O,1,,CCC1=NN(C2=C1C=CC(=C2)C3(CCC(CC3)C(=O)O)C#N)C4CCCCC4,0,,CCCCCCCCC(=O)OCC(C)OC(=O)CCCCCCCC,1,,C[C@]12CC[C@H]3[C@H]([C@@H]1CC[C@]2(C)O)CC[C@@H]4[C@@]3(CC5=C(C4)NN=C5)C,1,,C1=CC2=C(C=C1Cl)SNC2=O,0,,COC1=CC(=C(C=C1)C(=O)C2=CC=CC=C2)O,1,,,,,,
CC(=CC1C(C1(C)C)C(=O)OCN2C(=O)C3=C(C2=O)CCCC3)C,0,,CC(C(=O)[O-])O.CC(C(=O)[O-])O.[Ca+2],0,,CCCCOC(=O)C1=CC=CC=C1C(=O)OCC2=CC=CC=C2,1,,CCC[C@@H]1C[C@H](N(C1)C)C(=O)N[C@@H]([C@@H]2[C@@H]([C@@H]([C@H]([C@H](O2)SC)O)O)O)[C@@H](C)O.Cl,0,,CCC(C)N1C(=O)N(C=N1)C2=CC=C(C=C2)N3CCN(CC3)C4=CC=C(C=C4)OC[C@H]5CO[C@](O5)(CN6C=NC=N6)C7=C(C=C(C=C7)Cl)Cl,0,,CN(C)CCN(CC1=CC=C(C=C1)OC)C2=CC=CC=N2,0,,,,,,
CC(C)[C@H]1C2=C(CC[C@@]1(CCN(C)CCCC3=NC4=CC=CC=C4N3)OC(=O)COC)C=C(C=C2)F.Cl.Cl,1,,C1=CC=C(C=C1)C#N,0,,CCN1C2=C(C=C(C=C2)N)C3=CC=CC=C31.Cl,1,,CC1=NN=C(S1)SCC2=C(N3[C@@H]([C@@H](C3=O)NC(=O)CN4C=NN=N4)SC2)C(=O)O,0,,CN1CCC2=C3[C@H]1CC4=C(C3=CC=C2)C(=C(C=C4)O)O.CN1CCC2=C3[C@H]1CC4=C(C3=CC=C2)C(=C(C=C4)O)O.O.Cl.Cl,1,,CN(C)CCOC(=O)COC1=CC=C(C=C1)Cl.Cl,0,,,,,,
C1=C(OC(=C1)[N+](=O)[O-])/C=C/C(=NN=C(N)N)/C=C/C2=CC=C(O2)[N+](=O)[O-],1,,C1=C(N=C(NC1=O)N)N,0,,CC1=CC(=C(C=C1)O)C(=O)C2=CC=CC=C2,1,,[C@@H]([C@H](C(=O)O)S)(C(=O)O)S,0,,C[C@@H]1[C@H]([C@H](C[C@@H](O1)O[C@H]2CC[C@]3([C@@H](C2)CC[C@@H]4[C@@H]3C[C@H]([C@]5([C@@]4(CC[C@@H]5C6=CC(=O)OC6)O)C)O)C)O)O[C@H]7C[C@@H]([C@@H]([C@H](O7)C)O[C@H]8C[C@@H]([C@@H]([C@H](O8)C)O[C@H]9[C@@H]([C@H]([C@@H]([C@H](O9)CO)O)O)O)O)O,1,,CC1=CC(=C(C(=C1)C(C)(C)C)O)CC2=C(C(=CC(=C2)C)C(C)(C)C)O,1,,,,,,
CC1=C(C(CCC1)(C)C)/C=C/C(=C/C=C/C(=C/C(=O)NC2=CC=C(C=C2)O)/C)/C,1,,[N+](=O)([O-])[O-].[N+](=O)([O-])[O-].[Ca+2],0,,CN(C)C(=N)N=C(N)N.Cl,0,,C[C@@H]([C@@H](C1=CC(=CC=C1)O)O)N.[C@@H]([C@@H](C(=O)O)O)(C(=O)O)O,0,,CC(C)(C)C1=CC=C(C=C1)S(=O)(=O)NC2=C(C(=NC(=N2)C3=NC=CC=N3)OCCO)OC4=CC=CC=C4OC,0,,C1=CC=C2C(=C1)C(=O)C3=C(C2=O)C=C(C=C3)O,1,,,,,,
CC(=O)O[Hg]C1=CC=CC=C1,1,,CCCCN(CCCC)C(=S)SSC(=S)N(CCCC)CCCC,1,,CCCCC/C=C\C/C=C\CCCCCCCC(=O)O,1,,C(CNCCNCCN)N,0,,COC1=CC=CC=C1OCC(COC(=O)N)O,0,,C[Si](CN1C=NC=N1)(C2=CC=C(C=C2)F)C3=CC=C(C=C3)F,1,,,,,,
CN(C)CCCN1C2=CC=CC=C2SC3=C1C=C(C=C3)Cl,1,,COC1=CC=C(C=C1)C#N,0,,C[C@]12CC[C@H]3[C@H]([C@@H]1CC[C@]2(C)O)CC[C@@H]4[C@@]3(C/C(=C/O)/C(=O)C4)C,1,,CC(C(C)(C)C)N=C(NC#N)NC1=CC=NC=C1.O,1,,CCCCCCCCCCCC[N+](C)(C)CCOC1=CC=CC=C1.[Br-],1,,C[C@]12C[C@@H]([C@H]3[C@H]([C@@H]1C[C@@H]4[C@]2(OC(O4)(C)C)C(=O)CO)C[C@@H](C5=CC(=O)C=C[C@]35C)F)O,1,,,,,,
COC1=C(C=C2C(=C1)[C@]34CCN5[C@H]3C[C@@H]6[C@@H]7[C@@H]4N2C(=O)C[C@@H]7OCC=C6C5)OC,0,,C1=CC=C(C=C1)/[N+](=N/[O-])/[O-].[NH4+],1,,CC1CCCC(=O)C1=O,0,,CCN1C=C(C(=O)C2=CC(=C(C(=C21)F)N3CCNC(C3)C)F)C(=O)O.Cl,0,,C(Br)Br,0,,C1CC1N2C=C(C(=O)C3=CC(=C(C=C32)Cl)F)C(=O)O,0,,,,,,
CC1=CC=CC2=CC=CC=C12,0,,CCCCCCCCCCCCCCCCCC(=O)OCC(CO)O,0,,C1=CC(=CC=C1CC2=CC=C(C=C2)O)O,0,,CCN1C=C(C(=O)C2=CC(=C(N=C21)N3CCNCC3)F)C(=O)O,0,,C([C@@H]1[C@@H]2[C@@H]([C@H]([C@H](O1)O[C@@H]3[C@H](O[C@@H]([C@@H]([C@H]3O)O)O[C@@H]4[C@H](O[C@@H]([C@@H]([C@H]4O)O)O[C@@H]5[C@H](O[C@@H]([C@@H]([C@H]5O)O)O[C@@H]6[C@H](O[C@@H]([C@@H]([C@H]6O)O)O[C@@H]7[C@H](O[C@H](O2)[C@@H]([C@H]7O)O)CO)CO)CO)CO)CO)O)O)O,0,,C1=CC(=CC=C1N=C=O)Cl,1,,,,,,
CC1=CC(=O)C2=CC=CC=C2C1=O,1,,CC1CC(CC(C1)(C)C)OC(=O)C(=C)C,0,,C(CO)O,0,,CCCN[C@H]1CCC2=C(C1)SC(=N2)N,0,,CC(C)N(C1=CC=CC=C1)C(=O)CCl,1,,C1COC(=O)N1/N=C/C2=CC=C(O2)[N+](=O)[O-],0,,,,,,
CCCCN(CC)C(=O)SCCC,0,,CC(C)CCOC(=O)/C=C/C1=CC=CC=C1,1,,C/C(=C/C(=O)C)/[O-].C/C(=C/C(=O)C)/[O-].C/C(=C/C(=O)C)/[O-].[Cr+3],0,,CN1CCN(CC1)CCCN2C3=CC=CC=C3SC4=C2C=C(C=C4)C(F)(F)F.Cl.Cl,1,,CC(C)(C)OOC(=O)C1=CC=CC=C1,0,,C[C@]12CC[C@H]3[C@H]([C@@H]1CC[C@]2(C#C)O)CCC4=C3C=CC(=C4)OC,1,,,,,,
CCCCCCCCCCCCCCN1C=C[N+](=C1)C.C(F)(F)(F)S(=O)(=O)[N-]S(=O)(=O)C(F)(F)F,1,,C(=O)(N)NC(=O)N,0,,C(C(C(=O)O)O)(C(=O)O)O,0,,CCOC(=O)C1(CCN(CC1)CCC2=CC=C(C=C2)N)C3=CC=CC=C3,0,,CC1=CC(=C(C=C1)O)OC,0,,C1=CC(=C(C=C1N)[N+](=O)[O-])F,0,,,,,,
C=C(CCC#N)C#N,0,,C1=CC(=CC(=C1)[N+](=O)[O-])C=O,0,,CCC(C)C1=C(C(=CC(=C1)[N+](=O)[O-])[N+](=O)[O-])O,1,,C1C2=C(C=CC(=C2Cl)Cl)NC3=NC(=CN31)O.Cl,0,,CCCCCCCC,0,,CC[C@H]1CN2CCC3=CC(=C(C=C3[C@@H]2C[C@@H]1C[C@@H]4C5=CC(=C(C=C5CCN4)OC)OC)OC)OC,1,,,,,,
C1=CC=C(C=C1)N=NC2=C(C=CC3=CC(=CC(=C32)S(=O)(=O)[O-])S(=O)(=O)[O-])O.[Na+].[Na+],0,,C[C@@H]1CC[C@H]([C@H](C1)O)C(=C)C,0,,C1=CC(=CC=C1/C=C/C2=CC(=CC(=C2)O)O)O,1,,CN1CCN(CC1)C(C2=CC=CC=C2)C3=CC=CC=C3.Cl.Cl,0,,CC[C@H](C)[C@@H]1[C@H](C=C[C@@]2(O1)C[C@@H]3C[C@H](O2)C/C=C(/[C@H]([C@H](/C=C/C=C/4\CO[C@H]5[C@@]4([C@@H](C=C([C@H]5O)C)C(=O)O3)O)C)O[C@H]6C[C@@H]([C@H]([C@@H](O6)C)O[C@H]7C[C@@H]([C@H]([C@@H](O7)C)[NH2+]C)OC)OC)\C)C.C1=CC=C(C=C1)C(=O)[O-],1,,CNC1CCCN(C1)C2=C(C=C3C(=C2OC)N(C=C(C3=O)C(=O)O)C4CC4)F,0,,,,,,
CCOC(=O)CC1=CC=CC2=CC=CC=C21,0,,C[C@H](C1=CC(=CC(=C1)C(F)(F)F)C(F)(F)F)O[C@@H]2[C@@H](N(CCO2)CC3=NNC(=O)N3)C4=CC=C(C=C4)F,0,,C1CN(NC1=O)C2=CC=CC=C2,1,,CC(C)(CC1=CC=CC=C1)NC.CC(C)(CC1=CC=CC=C1)NC.OS(=O)(=O)O,0,,CC(C)(C)C1=CC=C(C=C1)OC2CCCCC2OS(=O)OCC#C,1,,COC1=CC(=C(C=C1)C(=O)C2=C(C=C(C=C2)OC)O)O,1,,,,,,
C1CCC(CC1)SN2C(=O)C3=CC=CC=C3C2=O,1,,CCC(C)(CN(C)C)OC(=O)C1=CC=CC=C1.Cl,0,,CC(=C)C(=O)OCCC(C(C(C(C(C(F)(F)F)(F)F)(F)F)(F)F)(F)F)(F)F,0,,CN1CCCCC1CCN2C3=CC=CC=C3SC4=C2C=C(C=C4)S(=O)C,0,,C(SC#N)SC#N,1,,C1=CC=C(C=C1)N=NC2=CC=C(C=C2)O,1,,,,,,
CN1C=C(C(=O)C2=C1C=C(C=C2)F)S(=O)C,0,,CC1=C(C(=CC=C1)NC2=CC(=NC(=N2)SCC(=O)O)Cl)C,0,,CC(C)(C)NC(=O)[C@@H]1C[C@@H]2CCCC[C@@H]2CN1C[C@H]([C@H](CC3=CC=CC=C3)NC(=O)[C@H](CC(=O)N)NC(=O)C4=NC5=CC=CC=C5C=C4)O.CS(=O)(=O)O,1,,C1=CC=C(C=C1)OC(=O)C2=C(C=C(C=C2)N)O,1,,CCCCCCCCCCCCC1=CC=CC=C1O,1,,CC(C)COC(=O)COC1=C(C=C(C=C1)Cl)Cl,0,,,,,,
CCOC(=O)OC1=C(C=C(C=C1)CCNC(=O)[C@H](CCSC)NC(=O)C)OC(=O)OCC,0,,CCCC1=CC=C(C=C1)O,0,,CCCCCCCOC(=O)C1=CC=C(C=C1)O,1,,C1C2CC(C1C=C2)C3NC4=CC(=C(C=C4S(=O)(=O)N3)S(=O)(=O)N)Cl,1,,CS(=O)(=O)CCNCC1=CC=C(O1)C2=CC3=C(C=C2)N=CN=C3NC4=CC(=C(C=C4)OCC5=CC(=CC=C5)F)Cl,1,,CCOC1=C(C=C(C=C1)NC(=O)OC(C)C)OCC,1,,,,,,
C1CCCCC1,0,,C[C@]12CCC(=O)C=C1CC[C@@H]3[C@@H]2C(=O)C[C@]4([C@H]3CC[C@@]4(C(=O)CO)O)C,0,,CN1[C@@H]2CC(C[C@H]1[C@H]3[C@@H]2O3)OC(=O)[C@H](CO)C4=CC=CC=C4.O.O.O.Br,0,,C1=CC=C2C(=C1)C(=C(C(=O)O2)CC3=C(C4=CC=CC=C4OC3=O)O)O,1,,COC1=CC=CC=C1NC(=O)C2=CC3=CC=CC=C3C=C2O,1,,C1(C(=O)NC(=O)N1)NC(=O)N,0,,,,,,
CC/C(=C(\C1=CC=CC=C1)/C2=CC=C(C=C2)OCCN(C)C)/C3=CC=CC=C3.C(C(=O)O)C(CC(=O)O)(C(=O)O)O,1,,C1=C(C=C(C(=C1Cl)N)Cl)[N+](=O)[O-],0,,C=CCOCC1CO1,0,,CN1CCCN=C1COC(=O)C(C2CCCCC2)(C3=CC=CC=C3)O.Cl,1,,CC/C(=C(\C1=CC=CC=C1)/C2=CC=C(C=C2)OCCN(C)C)/C3=CC=CC=C3,1,,C1=CC2=C(C=CC(=C2N=C1)O)[N+](=O)[O-],1,,,,,,
C1CC(C(CCC(C(CCC(C1Br)Br)Br)Br)Br)Br,1,,CN(C)C(=O)NC1=CC(=C(C=C1)Cl)Cl,1,,CCCCC(CC)COC(=O)C1=CC=C(C=C1)N(C)C,1,,CC(C)NCC(COC1=CC=C(C=C1)CCC(=O)OC)O.Cl,0,,CN(C)C1=CC=C(C=C1)C(=N)C2=CC=C(C=C2)N(C)C.Cl,1,,C1=CC=C2C(=C1)C(=CC=C2N)N,1,,,,,,
C[C@]12CCCC([C@@H]1CC[C@@]([C@@H]2CC[C@](C)(C=C)O)(C)O)(C)C,1,,C1=CC=C(C=C1)C2=NC3=CC=CC=C3C(=C2)C(=O)O,1,,CC1([C@@H]([C@@H]1C(=O)OCC2=COC(=C2)CC3=CC=CC=C3)/C=C/4\CCSC4=O)C,1,,C[C@H](CN1C2=CC=CC=C2SC3=CC=CC=C31)CN(C)C.C[C@H](CN1C2=CC=CC=C2SC3=CC=CC=C31)CN(C)C.[C@@H]([C@@H](C(=O)O)O)(C(=O)O)O,0,,CC1=CC(=C(C(=C1)O)C)C,0,,C1=CC(=CC=C1Cl)Cl,0,,,,,,
CCN(CC)CCNC1=C2C(=C(C=C1)CO)SC3=CC=CC=C3C2=O,1,,CC(CC(=O)Cl)CC(C)(C)C,0,,C1=CC(=CC(=C1)S(=O)(=O)NCCNS(=O)(=O)C2=CC=CC(=C2)[N+](=O)[O-])[N+](=O)[O-],1,,CC1=CC(=CC=C1)NC2=C(C=NC=C2)S(=O)(=O)NC(=O)NC(C)C,1,,COC1=CC=C(C=C1)CO,0,,CC[C@@]1(C2=C(COC1=O)C(=O)N3CC4=CC5=C(C=CC(=C5CN(C)C)O)N=C4C3=C2)O.Cl,1,,,,,,
C[C@]12CC[C@H]3[C@H]([C@@H]1CCC2=O)CCC4=C3C=CC(=C4)O,0,,CCCCCCOCCO,0,,N(=O)[O-].[Na+],0,,C=C1CC[C@]2([C@H]3CC4=C5[C@]2([C@H]1OC5=C(C=C4)O)CCN3CC6CC6)O,0,,CN(C)C1=CC=C(C=C1)C(=C2C=CC(=[N+](C)C)C=C2)C3=CC=CC=C3.CN(C)C1=CC=C(C=C1)C(=C2C=CC(=[N+](C)C)C=C2)C3=CC=CC=C3.C(=O)(C(=O)O)O.C(=O)(C(=O)[O-])O.C(=O)(C(=O)[O-])O,1,,CC(C)(CO)N(C)C,0,,,,,,
CC1=C(C(CCC1)(C)C)/C=C/C(=C/C=C/C(=C/C(=O)NC2=CC=C(C=C2)O)/C)/C,1,,C(C(=O)O)NCC(=O)O,0,,CC(=O)NC1=C(C=C(C(=C1)OC)C(=O)OC)Cl,0,,CC[N+](C)(CC)CCOC(=O)C(C1CCCCC1)(C2=CC=CC=C2)O.[Br-],0,,C1=C(C=C(C(=C1N)O)S(=O)(=O)O)Cl,0,,C1=CC(=CC=C1C(C2=CC=C(C=C2)O)C(Cl)(Cl)Cl)O,1,,,,,,
CC(C)(C)C1=CC(=CC(=C1O)C(C)(C)C)OC,0,,CC1=C(C(=CC=C1)C)N(C(=O)COC)N2CCOC2=O,0,,CC(=O)CCC1=CC=CC=C1,0,,C[C@]12CCC(=O)C=C1C[C@H]([C@@H]3[C@]24[C@H](O4)C[C@]5([C@H]3CC[C@@]56CCC(=O)O6)C)C(=O)OC,0,,C1CN(CCC1C=C(C2=CC=CC=C2)C3=CC=CC=C3)C(=O)CCCCCCCCC4=CN=CC=C4,1,,CC(C)C(C(=O)OC(C#N)C1=CC(=CC=C1)OC2=CC=CC=C2)NC3=C(C=C(C=C3)C(F)(F)F)Cl,1,,,,,,
CCCCCCCCCCCCCCCC[N+]1=CC=CC=C1.[Cl-],1,,CCOC(=O)CC(C(=O)OCC)SP(=S)(OC)OC,1,,COC(=O)C(C(=O)OC)Cl,0,,C1C2C3=CC=CC=C3CC4=CC=CC=C4N2C(=N1)N.Cl,0,,CC[Sn](CC)(CC)Br,1,,C1=CC=C2C=C3C=CC=CC3=CC2=C1,1,,,,,,
CC(C)C[C@@H](C(=O)[C@]1(CO1)C)NC(=O)[C@H](CC2=CC=CC=C2)NC(=O)[C@H](CC(C)C)NC(=O)[C@H](CCC3=CC=CC=C3)NC(=O)CN4CCOCC4,1,,CC1=CC2=C(C=C1)OC(=O)C=C2,1,,C1=CC=C(C(=C1)C(F)(F)F)N2C=CN=C2,1,,CCCC1=NN(C2=C1N=C(NC2=O)C3=C(C=CC(=C3)S(=O)(=O)N4CCN(CC4)C)OCC)C.C(C(=O)O)C(CC(=O)O)(C(=O)O)O,1,,CN1CCC2=C3[C@H]1CC4=C(C3=CC=C2)C(=C(C=C4)O)O.CN1CCC2=C3[C@H]1CC4=C(C3=CC=C2)C(=C(C=C4)O)O.O.Cl.Cl,1,,C1CN(CCN1)C2=C3C(=CC=C2)OCCO3.Cl,0,,,,,,
CCCCC1(C(=O)N(N(C1=O)C2=CC=CC=C2)C3=CC=CC=C3)COC(=O)CCC(=O)O,0,,[NH4+].[NH4+].Cl[Pt-2](Cl)(Cl)Cl,0,,C1CN2CCN1CC2,0,,CCN1C=CC(=NC1=O)NS(=O)(=O)C2=CC=C(C=C2)N,0,,CN(C)C1=CC=C(C=C1)C(=C2C=CC(=[N+](C)C)C=C2)C3=CC=CC=C3.CN(C)C1=CC=C(C=C1)C(=C2C=CC(=[N+](C)C)C=C2)C3=CC=CC=C3.C(=O)(C(=O)O)O.C(=O)(C(=O)[O-])O.C(=O)(C(=O)[O-])O,1,,CC(C1=CC=CC=C1)(C2=CC=C(C=C2)O)C3=CC=C(C=C3)O,1,,,,,,
CC1CCC2(O1)C(=CCCC2(C)C)C,0,,CCC(COC(=O)C(=C)C)(COC(=O)C(=C)C)COC(=O)C(=C)C,0,,CC(=O)[O-].[Na+],0,,CN1CCCC(C1)CC2C3=CC=CC=C3SC4=CC=CC=C24.Cl,0,,CC1=NC=C(N1CC(CCl)O)[N+](=O)[O-],0,,CC1=CC(=CC=C1)OCCOC2=CC=CC(=C2)C,1,,,,,,
CCC(C)(C)C1=CC=C(C=C1)CC(C)CN2C[C@H](O[C@H](C2)C)C,1,,C1C2C(COS(=O)O1)C3(C(=C(C2(C3(Cl)Cl)Cl)Cl)Cl)Cl,1,,CC(C1=CC(=CC=C1)C(=O)C2=CC=CC=C2)C(=O)O,1,,CN(C)CCC1=CNC2=C1C=C(C=C2)CS(=O)(=O)N3CCCC3,0,,CC(C)(C1=CC(=C(C(=C1)Cl)O)Cl)C2=CC(=C(C(=C2)Cl)O)Cl,1,,C(CO)N,0,,,,,,
CCCCC(CC)COC(=O)CCCCCCCC(=O)OCC(CC)CCCC,0,,C1=CC=C(C=C1)O,0,,CC1=C(C(=CC=C1)NC2=CC(=NC(=N2)SCC(=O)O)Cl)C,1,,CCN(CC)CCNC(=O)C1=C(NC(=C1C)/C=C\2/C3=C(C=CC(=C3)F)NC2=O)C.C([C@@H](C(=O)O)O)C(=O)O,1,,C1=CC(=CC(=C1)NC(=O)C2=C(C(=CC(=C2)Br)Br)O)C(F)(F)F,1,,CC1=CC(=C(C(=C1)C(C)(C)C)O)CC2=C(C(=CC(=C2)C)C(C)(C)C)O,1,,,,,,
C1=CC(=CC=C1COC(CN2C=CN=C2)C3=C(C=C(C=C3)Cl)Cl)Cl.[N+](=O)(O)[O-],1,,CC1=CCCC(C1/C=C(\C)/C(=O)C)(C)C,0,,C1=NC2=C(N1)C(=S)N=C(N2)N,1,,CC(C)(C)[C@@H](C(=O)N[C@@H](CC1=CC=CC=C1)[C@H](CN(CC2=CC=C(C=C2)C3=CC=CC=N3)NC(=O)[C@H](C(C)(C)C)NC(=O)OC)O)NC(=O)OC,1,,CC1=CC2=C(C=C1)C=C(C=C2)C,0,,C(C#N)C(=O)O,0,,,,,,
CCCCCCCC/C=C\CCCCCCCC(=O)N(C)CC(=O)O,1,,C[N+](C)(C)CCOC(=O)C(C1=CC=CC=C1)(C2=CC=CC=C2)O.[I-],0,,CC1CCCNC1,0,,CC(C)[N+](C)(CCC(C1=CC=CC=C1)(C2=CC=CC=C2)C(=O)N)C(C)C,1,,CC(COC)N,0,,CC(CN(CC(C)O)CC(C)O)O,0,,,,,,
C1=CC(=CC(=C1)S(=O)(=O)NCCNS(=O)(=O)C2=CC=CC(=C2)[N+](=O)[O-])[N+](=O)[O-],0,,C[C@]12CC[C@H]3[C@H]([C@@H]1CCC2=O)CCC4=C3C=CC(=C4)O,1,,C1=CC(=CC=C1C2=CC=C(C=C2)F)N,1,,C[C@H]1C[C@H]2[C@@H]3C[C@@H](C4=CC(=O)C=C[C@@]4([C@]3([C@H](C[C@@]2([C@]1(C(=O)COC(=O)C)OC(=O)C)C)O)F)C)F,0,,C1=CC(=CC=C1C(C2=CC=C(C=C2)Cl)(C(Cl)(Cl)Cl)O)Cl,1,,CCOC(=O)C(=O)OCC,0,,,,,,
C[C@@H]1[C@H]([C@H](C[C@@H](O1)O[C@@H]2[C@H](O[C@H](C[C@@H]2O)O[C@@H]3[C@H](O[C@H](C[C@@H]3O)O[C@H]4CC[C@]5([C@@H](C4)CC[C@@H]6[C@@H]5C[C@H]([C@]7([C@@]6(CC[C@@H]7C8=CC(=O)OC8)O)C)O)C)C)C)O)O,1,,CNC(=O)C1=C(C(=C(C(=C1I)NC(=O)CCCCC(=O)NC2=C(C(=C(C(=C2I)C(=O)O)I)C(=O)NC)I)I)C(=O)O)I,0,,CCCO[Si](OCCC)(OCCC)OCCC,0,,CC(=O)O[C@H]1C[C@@H]2CC[C@@H]3[C@@H]([C@]2(C[C@@H]1N4CCCCC4)C)CC[C@]5([C@H]3C[C@@H]([C@@H]5OC(=O)C)[N+]6(CCCCC6)C)C.[Br-],0,,C1=CC=C(C=C1)NC(=O)C2=C(C=CC(=C2)Cl)O,1,,C1=CC2=C(C(=C1)[N+](=O)[O-])N=CC=C2,1,,,,,,
CC1=NN(C(=O)C1)C2=CC=C(C=C2)C(=O)O,0,,C1=CC=C2C(=C1)C(=O)C3=CC=CC=C3O2,1,,CC1CCC(C(C1)O)C(=C)C,0,,CN1CCC2=C3[C@H]1CC4=C(C3=CC=C2)C(=C(C=C4)O)O,1,,C1(=C(C(C(=C1Cl)Cl)(Cl)Cl)Cl)Cl,1,,CCC(C)(CCC(C)C)C(=O)OC=C,0,,,,,,
[Cl-].[Cl-].[Cd+2],1,,[B-](F)(F)(F)F.CCCCCCN1C=C[N+](=C1)C,0,,CCC(=C)C(=O)C1=C(C(=C(C=C1)OCC(=O)O)Cl)Cl,1,,C[C@]12CCC(=O)C=C1[C@H](C[C@@H]3[C@@H]2[C@H](C[C@]4([C@H]3C[C@@H]5[C@]4(OC(O5)(C)C)C(=O)CO)C)O)F,0,,C1=CC=C(C=C1)N2C(=O)C=CC2=O,1,,CC1=C(C(=C(C=C1)Cl)N)Cl,1,,,,,,
CCCC[Sn](CCCC)(CCCC)OC(=O)C(=C)C,1,,C1=CC=C(C=C1)C2(C(=O)N(C(=O)N2)COP(=O)(O)O)C3=CC=CC=C3,0,,C[C@@H](CCCC(C)(C)OC)C/C=C/C(=C/C(=O)OC(C)C)/C,1,,CC(C1=CC(=CC=C1)OC2=CC=CC=C2)C(=O)[O-].CC(C1=CC(=CC=C1)OC2=CC=CC=C2)C(=O)[O-].O.O.[Ca+2],0,,CC(=O)C1=CC=C(C=C1)OC,0,,C(CO)N.C(=O)O,0,,,,,,
CCCCCCCCCCCCCOC(=O)CCSCCC(=O)OCCCCCCCCCCCCC,0,,C1=CC(=C(C=C1Cl)N)N,1,,CCOC(=O)C1=CN=CN1C(C)C2=CC=CC=C2,1,,C1C[C@@H]2CN(C(=O)C3=CC=CC(=C23)C1)[C@@H]4CN5CCC4CC5.Cl,0,,CC/C(=C(\C1=CC=C(C=C1)O)/C2=CC=C(C=C2)OCCN(C)C)/C3=CC=CC=C3,1,,CCCC(=O)C(=O)C,0,,,,,,
C/C=C/C=O,0,,COC(=O)OC,0,,NS(=O)(=O)O,0,,C[C@@H](C1=CC2=C(C=C1)C=C(C=C2)OC)C(=O)[O-].[Na+],0,,C1=CC=C(C=C1)CC2=C(C=CC(=C2)Cl)O,1,,C(=C/Cl)\Cl,0,,,,,,
CCCCCCCCCCCCC1=CC=C(C=C1)O,1,,C1=CC(=CC=C1N)S(=O)(=O)NC2=NN=C(C=C2)Cl,0,,C1=CC=C(C=C1)CC(=O)O,0,,C1=CC=C(C(=C1)C(=O)NCC(=O)O)I,0,,CN1CCCCC1CCN2C3=CC=CC=C3SC4=C2C=C(C=C4)S(=O)C,0,,CC(CCl)OP(=O)(OC(C)CCl)OC(C)CCl,1,,,,,,
CC1=C2C=CC=NC2=C(C=C1)O,1,,COC(=O)NC1=NC2=C(N1)C=C(C=C2)S(=O)C3=CC=CC=C3,0,,C[C@]12CC[C@H]3[C@H]([C@@H]1CC[C@]2(C#C)O)CCC4=C3C=CC(=C4)OC,1,,C1=C2C(=CC(=C1Cl)S(=O)(=O)N)S(=O)(=O)N=CN2,0,,C(=O)(N)/N=N/C(=O)N,0,,CCN(CC)C1=CC=C(C=C1)C=O,1,,,,,,
CNCCCCOC1=CC=CC=C1CC2=CC=CC=C2,1,,CCC[C@@H](C(=O)OCC)N[C@@H](C)C(=O)N1[C@H]2CCCC[C@H]2C[C@H]1C(=O)O,0,,CCC([N+](=O)[O-])Cl,0,,C1=CC(=CC=C1C(=O)NCCC(=O)O)N=NC2=CC(=C(C=C2)O)C(=O)O,0,,CC/C=C(/C1=CSC(=N1)N)\C(=O)N[C@H]2[C@@H]3N(C2=O)C(=C(CS3)COC(=O)N)C(=O)OCOC(=O)C(C)(C)C.Cl,0,,C1=CC=C(C=C1)N=NC2=C(C=C(C=C2)N)N.Cl,1,,,,,,
CCCCCCCCCCCCCC[P+](CCCCCC)(CCCCCC)CCCCCC.[Br-],1,,CC(=O)O[C@H]1C[C@@H]2CC[C@@H]3[C@@H]([C@]2(C[C@@H]1N4CCCCC4)C)CC[C@]5([C@H]3C[C@@H]([C@@H]5OC(=O)C)[N+]6(CCCCC6)C)C.[Br-],0,,C1=CC(=C(C=C1[N+](=O)[O-])[N+](=O)[O-])N,0,,CC(=O)OCC1=C(N2[C@@H]([C@@H](C2=O)NC(=O)CSC3=CC=NC=C3)SC1)C(=O)[O-].[Na+],1,,CCN(CC1=CC(=CC=C1)S(=O)(=O)[O-])C2=CC=C(C=C2)C(=C3C=CC(=[N+](CC)CC4=CC(=CC=C4)S(=O)(=O)[O-])C=C3)C5=CC=CC=C5.[Na+],0,,COCCOC1=C(C=C2C(=C1)C(=NC=N2)NC3=CC=CC(=C3)C#C)OCCOC,1,,,,,,
CCCCCCCCCCCCCCCC[N+]1=CC=CC=C1.[Br-],1,,C1=CC=C(C=C1)S(=O)(=O)Cl,0,,CCC(=O)C1=CC(=CC=C1)Cl,0,,CC(C)(CC1=CC=C(C=C1)Cl)N.Cl,0,,CC(=O)O,0,,CC(=O)OC1=CC=C(C=C1)C(C2=CC=C(C=C2)OC(=O)C)C3=CC=CC=N3,0,,,,,,
CCN(CC)CC(=O)NC1=C(C=CC=C1C)C,0,,CN(CCOC1=CC=C(C=C1)CC2C(=O)NC(=O)S2)C3=CC=CC=N3.C(=C\C(=O)O)\C(=O)O,1,,CC1=C(C=CC(=C1)C2=CC(=C(C=C2)N=NC3=C(C4=CC=CC=C4C(=C3)S(=O)(=O)[O-])N)C)N=NC5=C(C6=CC=CC=C6C(=C5)S(=O)(=O)[O-])N.[Na+].[Na+],0,,CC1=CC2=C(C=C1C(=C)C3=CC=C(C=C3)C(=O)O)C(CCC2(C)C)(C)C,1,,C1CCC(CC1)C(=O)N2CC3C4=CC=CC=C4CCN3C(=O)C2,0,,CCCCCCCCCCCCC1=CC=CC=C1O,1,,,,,,
CCO,0,,C1=CC(=CC=C1N=NC2=C(NN(C2=O)C3=CC=C(C=C3)S(=O)(=O)[O-])C(=O)[O-])S(=O)(=O)[O-].[Na+].[Na+].[Na+],0,,C1CN2C(=O)[C@H](N=C(C3=CC=CC1=C32)C4=CC=CC=C4F)NC(=O)C5=CC6=CC=CC=C6N5,1,,CCCC(=O)NC1=CC(=C(C=C1)OCC(CNC(C)C)O)C(=O)C.Cl,0,,CC1=CC=C(C=C1)OP(=O)(OC2=CC=C(C=C2)C)OC3=CC=C(C=C3)C,0,,CC(C)NC1=NC(=NC(=N1)SC)NC(C)C,1,,,,,,
CC1=CC(=CC(=C1O)C)C(C)(C)C2=CC(=C(C(=C2)C)O)C,1,,CC1=C(SC(=N1)C2=CC(=C(C=C2)OCC(C)C)C#N)C(=O)O,1,,C1CN(CCN1CC2=CC3=C(C=C2)OCO3)CC(=O)N4C5=CC=CC=C5SC6=CC=CC=C64,1,,CCCCC1C(=O)N(N(C1=O)C2=CC=C(C=C2)O)C3=CC=CC=C3,1,,CC1=C(C=CC=C1O)C(=O)N[C@@H](CSC2=CC=CC=C2)[C@@H](CN3C[C@H]4CCCC[C@H]4C[C@H]3C(=O)NC(C)(C)C)O.CS(=O)(=O)O.O,1,,C=CC(=O)OCCN1C(=O)N(C(=O)N(C1=O)CCOC(=O)C=C)CCOC(=O)C=C,1,,,,,,
CCCCCCCCCCCCCCCC[N+](C)(C)CCN(CC1=CC=C(C=C1)OC)C2=NC=CC=N2.[Br-],1,,C1=CC=C(C=C1)N=NC2=CC=C(C=C2)N,1,,C1=CC(=O)NC=C1C(=O)O,0,,CCOC(=O)CC(C(=O)OCC)SP(=S)(OC)OC,1,,CCCCCCCCCCCCCCCC[N+]1=CC=CC=C1.[Br-],1,,CCCOC(=O)C(C)O,0,,,,,,
C1=CC=C2C(=C1)C(=O)NC=N2,0,,CCCOC1=CC2=C(C=C1)N=C(N2)NC(=O)OC,0,,CC(=O)CC(=O)NC1=CC(=C(C=C1OC)Cl)OC,1,,CCOC(=O)[C@H](CCC1=CC=CC=C1)N[C@@H](C)C(=O)N2CC3=CC=CC=C3C[C@H]2C(=O)O.Cl,1,,CC1=C(C=CC(=C1)C2=CC(=C(C=C2)N)C)N,0,,C1C2=CC=CC=C2C3=C1C=C(C=C3)NC(=O)C(F)(F)F,1,,,,,,
C1=CC(=CC(=C1)C(=O)O)C(=O)O,0,,CCOC(=O)C(C)OC(=O)C1=C(C=CC(=C1)OC2=C(C=C(C=C2)C(F)(F)F)Cl)[N+](=O)[O-],1,,C1=CC=C(C=C1)N(C2=CC=CC=C2)N=O,1,,CCN1CC(C(C1=O)(C2=CC=CC=C2)C3=CC=CC=C3)CCN4CCOCC4.Cl,1,,C1=C(OC(=C1)[N+](=O)[O-])/C=C/C(=NN=C(N)N)/C=C/C2=CC=C(O2)[N+](=O)[O-],1,,CCC1=C(C2=CC=CC=C2O1)C(=O)C3=CC(=C(C(=C3)I)O)I,1,,,,,,
CC(C1=CC=CC=C1)N[NH3+].OS(=O)(=O)[O-],0,,CC[C@@H](CO)NC(=O)[C@H]1CN([C@@H]2CC3=CNC4=CC=CC(=C34)C2=C1)C,0,,CCN(CC)C1=CC2=C(C=C1)C3(C4=C(O2)C=C(C=C4)N(CC)CC)C5=CC=CC=C5C(=O)O3,1,,CCN(CC)CC(=O)OCC(=O)[C@]1(CC[C@@H]2[C@@]1(C[C@@H]([C@H]3[C@H]2CCC4=CC(=O)CC[C@]34C)O)C)O,0,,CCCCC1=C(C2=C(O1)C=CC(=C2)NS(=O)(=O)C)C(=O)C3=CC=C(C=C3)OCCCN(CCCC)CCCC,1,,CC(C)(C)C1=CC=C(C=C1)CCOC2=NC=NC3=CC=CC=C32,0,,,,,,
CCC(=C(C1=CC=CC=C1)C2=CC=CC=C2)CN.Cl,1,,C[C@H](C(=O)O)OC1=CC(=C(C=C1)CNC(=O)C2=C(N=CC=C2)OC3=CC4=C(C=C3)OCO4)F,0,,C1(=C(C(=C(C(=C1Br)Br)Br)Br)Br)OC2=C(C(=C(C(=C2Br)Br)Br)Br)Br,0,,CN1C(=O)CC(C1=O)C2=CC=CC=C2,0,,CC(C)CCOC(=O)C,0,,C[C@H]1C[C@@H]2[C@H](CC[C@]3([C@H]2CC[C@@]3(C(=O)C)OC(=O)C)C)[C@@]4(C1=CC(=O)CC4)C,1,,,,,,
CC1(C2=CC=CN2C3=CC=CC=C3CO1)CN4CCC(CC4)N5C6=CC=CC=C6NC5=O,1,,CCN1C2=C(C=C(C=C2)N)C3=CC=CC=C31.Cl,1,,CCCCCOC(=O)C1=CC=C(C=C1)O,1,,CN1C2=C(C(=O)N(C1=O)C)N(C=N2)CC(CO)O,0,,CC(=C)C(=O)OCCO,0,,CN1CCCC1,0,,,,,,
CCOC(=O)O[C@H](C)OC(=O)C1=CC2=C(C=C1)N(C(=C2)C(=O)NC3CCN(CC3)C(C)C)CC4=NOC(=C4)C5=CC=C(S5)Cl.Cl,1,,CCC(CC(C(C(C(C(C)Cl)Cl)Cl)Cl)Cl)Cl,1,,CC[N+](CC)(CC)CCOC(=O)C(C1CCCC1)C2CCCC2.[Br-],0,,CN1CCC[C@@H]1CC2=CNC3=C2C=C(C=C3)CCS(=O)(=O)C4=CC=CC=C4,1,,CC1=NC(=C(C(=N1)Cl)NC2=NCCN2)OC,0,,C1=CC=C(C=C1)C2=CC=C(C=C2)C3=CC=CC=C3,1,,,,,,
CCOP(=O)(OCC)OC1=NC(=C(C=C1Cl)Cl)Cl,1,,CCCC(CCC)C(=O)O,0,,COC(OC)OC,0,,C[C@@](C1=CC=CC=C1)(C2=CC=C(C=C2)Cl)OCC[C@H]3CCCN3C.C(=C/C(=O)O)\C(=O)O,1,,CC1=CC(=C(C=C1C)N=NC2=C3C=CC(=CC3=CC(=C2O)S(=O)(=O)[O-])S(=O)(=O)[O-])C.[Na+].[Na+],0,,CCOC(=O)C(=C)C,0,,,,,,
CC1=CC=C(C=C1)S(=O)(=O)O.CNC(=O)C1=NC=CC(=C1)OC2=CC=C(C=C2)NC(=O)NC3=CC(=C(C=C3)Cl)C(F)(F)F,1,,CC1(CN(NC1=O)C2=CC=CC=C2)CO,1,,CCCC(C1=CC(=C(C=C1C)O)C(C)(C)C)C2=CC(=C(C=C2C)O)C(C)(C)C,1,,CNCC[C@@H](C1=CC=CS1)OC2=CC=CC3=CC=CC=C32.Cl,1,,CC(C)(C)NC(=O)[C@@H]1CN(CCN1C[C@H](C[C@@H](CC2=CC=CC=C2)C(=O)N[C@@H]3[C@@H](CC4=CC=CC=C34)O)O)CC5=CN=CC=C5.OS(=O)(=O)O,0,,CC(=O)N[C@@H](CO)C(=O)N[C@@H](CC(=O)O)C(=O)N[C@@H](CCCCN)C(=O)N1CCC[C@H]1C(=O)O,0,,,,,,
C1=CC=C(C=C1)C(=O)C2=C(C(=C(C=C2)O)O)O,0,,C1=CC(=CC=C1C(=O)N)[N+](=O)[O-],0,,CC(CCC=C(C)C)CC=O,0,,CC1=C(C(C(=C(N1)C)C(=O)OCC(C)C)C2=CC=CC=C2[N+](=O)[O-])C(=O)OC,1,,COC1=C(C=C2C(=C1)[C@]34CCN5[C@H]3C[C@@H]6[C@@H]7[C@@H]4N2C(=O)C[C@@H]7OCC=C6C5)OC,0,,CC1=CC=C(C=C1)N2C(=CC(=N2)C(C)(C)C)NC(=O)NC3=CC=C(C4=CC=CC=C43)OCCN5CCOCC5,1,,,,,,
CCCCCCCCCC[N+](C)(C)CCCCCCCCCC.[Cl-],1,,CCOP(=S)(OCC)OC1=CC2=C(C=C1)C(=C(C(=O)O2)Cl)C,1,,C1=CC=C(C=C1)COC(=O)/N=N/C(=O)OCC2=CC=CC=C2,1,,C1CNCC(C2=CC(=C(C(=C21)Cl)O)O)C3=CC=C(C=C3)O,0,,CCCCCCCC[N+](CCCCCCCC)(CCCCCCCC)CCCCCCCC.[Br-],1,,C1=CC(=C(C(=C1Cl)O)Cl)Cl,0,,,,,,
CC1=C(C(=C(C2=C1O[C@](CC2)(C)CCC[C@H](C)CCC[C@H](C)CCCC(C)C)C)OC(=O)C3=CN=CC=C3)C,0,,C1=CC(=C(C=C1[N+](=O)[O-])O)N,1,,CC1=CC(=C(C=C1SC2=CC(=C(C=C2C)O)C(C)(C)C)C(C)(C)C)O,1,,C1=CC=C(C=C1)CC(=O)NC(=O)N,0,,C(CCl)N(CCCl)CCCl,1,,CC1=CC(=C2C(=C1)C=C(N2CC(=O)O)C(=O)NC3=NC(=C(S3)CCC4CCCCC4)C5=CC(=C(C=C5OC)Cl)OC)C.C(=O)(C(F)(F)F)O,1,,,,,,
C1=CC=C(C=C1)SC2=CC=C(C=C2)COC(CN3C=CN=C3)C4=C(C=C(C=C4)Cl)Cl,1,,CC(C)COC(=O)C1=CC=C(C=C1)N,1,,C[C@]12C=CC3=C4CCC(=O)C=C4CC[C@H]3[C@@H]1CC[C@@H]2O,1,,C1CCN(CC1)CCC(C2CC3CC2C=C3)(C4=CC=CC=C4)O.Cl,1,,CCCCCCCCCCCCCl,0,,CC(C)(C)C1=NN=C(NC1=O)SC,0,,,,,,
CC1=CC(=CC(=C1)N)C,0,,C1NCCN(C1)CC2=CC=CC=C2.C(=C/C(=O)O)\C(=O)O.C(=C/C(=O)O)\C(=O)O,0,,C1C2=CC=CC=C2C3=C1C=C(C=C3)NC(=O)C(F)(F)F,1,,CN(C)CCCN1C2=CC=CC=C2SC3=C1C=C(C=C3)C(F)(F)F.Cl,0,,CC(C)(C(=O)O)OC1=CC=C(C=C1)CCNC(=O)C2=CC=C(C=C2)Cl,0,,C[C@]12CC(=O)[C@H]3[C@H]([C@@H]1CC[C@@]2(C(=O)CO)O)CCC4=CC(=O)C=C[C@]34C,1,,,,,,
CCN(CC)CCN,0,,C1=CC=C2C(=C1)C=CC=N2,0,,C1CN(CCC1(C2=CC(=C(C=C2)Cl)C(F)(F)F)O)CCCC(C3=CC=C(C=C3)F)C4=CC=C(C=C4)F,1,,C1[C@@H]([C@H]([C@@H]([C@H](N1CCO)CO)O)O)O,0,,CC1=CC(=C(C(=C1)C(C)(C)C)O)CC2=C(C(=CC(=C2)C)C(C)(C)C)O,1,,CN(C)C[C@H]1CCCC[C@@]1(C2=CC(=CC=C2)OC)O.Cl,0,,,,,,
CCCC1COC(O1)(CN2C=NC=N2)C3=C(C=C(C=C3)Cl)Cl,0,,CCCCCCCOC(=O)C1=CC=CC=C1C(=O)OCCCCCCC,1,,C(CN(CC#N)CC#N)N(CC#N)CC#N,0,,C([C@@H]1[C@H]([C@@H]([C@H](C(=O)O1)O)O)O)O,0,,C1CCN(CC1)CCOC2=CC=C(C=C2)C(=O)C3=C(SC4=C3C=CC(=C4)O)C5=CC=C(C=C5)O,1,,CCCCNC(=O)NCCCC,0,,,,,,
COP(=S)(OC)SCN1C(=O)C2=CC=CC=C2C1=O,0,,CC(C)CC(=O)C(=O)C,0,,C1=CC=C(C=C1)Cl,0,,CC1=NS(=O)(=O)C2=C(N1)C=CC(=C2)Cl,0,,CCOC1=CC=CC=C1O,0,,COC1=CC(=CC(=C1OC)OC)[C@H]2[C@@H]3[C@H](COC3=O)[C@H](C4=CC5=C(C=C24)OCO5)O,1,,,,,,
CC1=CC(=C(C(=C1)C(C)(C)C)O)CC2=C(C(=CC(=C2)C)C(C)(C)C)O,1,,C(COCCOCCC#N)C#N,0,,C1=CC=C(C=C1)C(=O)NC2=CC=CC=C2SSC3=CC=CC=C3NC(=O)C4=CC=CC=C4,1,,CCC1=C[C@H]2C[C@@](C3=C(CN(C2)C1)C4=CC=CC=C4N3)(C5=C(C=C6C(=C5)[C@]78CCN9[C@H]7[C@@](C=CC9)([C@H]([C@@]([C@@H]8N6C)(C(=O)OC)O)OC(=O)C)CC)OC)C(=O)OC.C(C(C(=O)O)O)(C(=O)O)O.C(C(C(=O)O)O)(C(=O)O)O,1,,CCCCCCCC[N+](C)(CCCCCCCC)CCCCCCCC.C(F)(F)(F)S(=O)(=O)[O-],1,,C(C(=O)O)(Cl)Cl,0,,,,,,
C1CCN2C(C1)NC(=O)C23CCN(CC3)CCCN4C5=CC=CC=C5CCC6=C4C=C(C=C6)Cl,1,,C1C2C(COS(=O)O1)C3(C(=C(C2(C3(Cl)Cl)Cl)Cl)Cl)Cl,1,,C1=CC(=C(C=C1[N+](=O)[O-])S(=O)(=O)[O-])/C=C/C2=C(C=C(C=C2)[N+](=O)[O-])S(=O)(=O)[O-].[Na+].[Na+],1,,CCOC(=O)C1(CCN(CC1)CCC(C#N)(C2=CC=CC=C2)C3=CC=CC=C3)C4=CC=CC=C4.Cl,0,,CCCCCCCCC(=O)OCC,0,,C1CN(CCN1C[C@H](COC2=CC=CC3=C2C=CC=N3)O)C4C5=CC=CC=C5[C@H]6[C@H](C6(F)F)C7=CC=CC=C47.Cl.Cl.Cl,1,,,,,,
C1CCC(CC1)NS(=O)(=O)O,0,,CC(C1CCCCC1)O,0,,C1CC1CN2C(=O)CN=C(C3=C2C=CC(=C3)Cl)C4=CC=CC=C4,1,,CO/N=C/1\CN(CC1CN)C2=C(C=C3C(=O)C(=CN(C3=N2)C4CC4)C(=O)O)F.CS(=O)(=O)O,0,,CC1=NC(=C(O1)C2=CC(=C(C=C2)S(=O)(=O)N)F)C3CCCCC3,0,,CC(C1=CC2=CC=CC=C2S1)N(C(=O)N)O,0,,,,,,
CCC1=CN=C(C=C1)CCOC2=CC=C(C=C2)CC3C(=O)NC(=O)S3.Cl,0,,CCOP(=S)(OCC)OC1=CC(=C(C=C1Cl)Br)Cl,1,,CC1=CC=C(C=C1)S(=O)(=O)OC2=CC=C(C=C2)N=NC3=C(C=C(C=C3)C4=CC(=C(C=C4)N=NC5=C(C=CC6=CC(=CC(=C65)S(=O)(=O)[O-])S(=O)(=O)[O-])O)C)C.[Na+].[Na+],1,,CC(=O)OCC(=O)[C@H]1CC[C@@H]2[C@@]1(CC[C@H]3[C@H]2CCC4=CC(=O)CC[C@]34C)C,0,,C1CN(CCN1)C2=NC3=CC=CC=C3OC4=C2C=C(C=C4)Cl,1,,CCOP(=S)(OCC)OP(=S)(OCC)OCC,0,,,,,,
[Cl-].[Cl-].[Cd+2],1,,CC1CCCC(=O)C1=O,0,,C(CCBr)CBr,0,,C[C@H](C1=CC=CC2=CC=CC=C21)NCCCC3=CC(=CC=C3)C(F)(F)F.Cl,1,,CCOCN1C(=C(C(=C1C(F)(F)F)Br)C#N)C2=CC=C(C=C2)Cl,1,,CCCCCCN1C=C[N+](=C1)C.F[P-](F)(F)(F)(F)F,1,,,,,,
C1=CC=C2C(=C1)C=CC=C2NCCN.Cl.Cl,0,,COC1=C(C(=NC=C1)CS(=O)C2=NC3=C(N2)C=C(C=C3)OC(F)F)OC,0,,CC(C(=O)[O-])O.CC(C(=O)[O-])O.[Ca+2],0,,CC1=CC(=C(C=C1)O)[C@H](CCN(C(C)C)C(C)C)C2=CC=CC=C2,1,,CNC(=O)N(C1=CC=CC=C1)C2=CC=CC=C2,0,,CCCCCCCCCCOC(=O)C1=CC=CC=C1C(=O)OCCCCCCCC,0,,,,,,
CC(COC(=O)C=C)O,0,,C1=CC=C(C(=C1)C2=NN=C(N=N2)C3=CC=CC=C3Cl)Cl,1,,CCC1NC2=CC(=C(C=C2C(=O)N1)S(=O)(=O)N)Cl,0,,C[C@H](CN1C=NC2=C(N=CN=C21)N)OCP(=O)(OCOC(=O)OC(C)C)OCOC(=O)OC(C)C.C(=C/C(=O)O)\C(=O)O,1,,C1COCCN1SC2=NC3=CC=CC=C3S2,0,,CC(C)NC1=CC=C(C=C1)NC2=CC=CC=C2,1,,,,,,
CC1=CC(=CC=C1)OC(=O)C,0,,C1=CC=C(C=C1)N2C3=CC=CC=C3C(C2=O)(CC4=CC=NC=C4)CC5=CC=NC=C5,0,,C1=CC(=C2C(=C1)OC(O2)(F)F)C3=CNC=C3C#N,1,,CN1C2=C(C=C(C=C2)N(CCCl)CCCl)N=C1CCCC(=O)O,0,,C[C@H](C1=CC=CC=N1)C2=C(CC3=CC=CC=C32)CCN(C)C.C(=C\C(=O)O)\C(=O)O,0,,C[C@]12CC[C@H]3[C@H]([C@@H]1CC[C@@H]2O)[C@@H](CC4=C3C=CC(=C4)O)CCCCCCCCCS(=O)CCCC(C(F)(F)F)(F)F,1,,,,,,
CC1CCN(CC1)CCCC(=O)C2=CC=C(C=C2)F,0,,C1CCC(C1)(C2=CC3=C(C=C2)[C@@H]([C@H](CO3)CC4=CC=C(C=C4)C5=CC=CC=C5)O)C(=O)O,0,,CC1=CC(=C(C=C1)C)OCCCC(C)(C)C(=O)O,1,,C1CCN(CC1)CCOC2=CC=C(C=C2)C(=O)C3=C(SC4=C3C=CC(=C4)O)C5=CC=C(C=C5)O.Cl,1,,CCCCCCCCCC(CC)C1=CC=C(C=C1)S(=O)(=O)O,1,,CCSCCCl,0,,,,,,
CCC(C)(C)C1CCC(CC1)OC,0,,CC1=CC2=C(C=C1S(=O)(=O)N)S(=O)(=O)CCC2,0,,CC1=CC(=C(C=C1)N)N,1,,C1CN(CCN1CCC2=C(C=C3C(=C2)CC(=O)N3)Cl)C4=NSC5=CC=CC=C54,1,,CCCCCCCCOC(=O)C1=CC(=C(C(=C1)O)O)O,1,,CC(C)(C)C(C(N1C=NC=N1)OC2=CC=C(C=C2)C3=CC=CC=C3)O,1,,,,,,
CC1(C(=O)N(C(=O)O1)NC2=CC=CC=C2)C3=CC=C(C=C3)OC4=CC=CC=C4,1,,CC1=CC2=C(C(=C1)O)C(=O)C3=C(C2=O)C=C(C=C3O)O,1,,C[C@H](CN1C2=CC=CC=C2SC3=CC=CC=C31)CN(C)C.C[C@H](CN1C2=CC=CC=C2SC3=CC=CC=C31)CN(C)C.[C@@H]([C@@H](C(=O)O)O)(C(=O)O)O,0,,C1=CC(=C(C=C1Cl)Cl)C(CN2C=CN=C2)OCC3=C(SC=C3)Cl,1,,CCN(CC)C(=S)[S-].CCN(CC)C(=S)[S-].[Zn+2],1,,C=CC(=O)OCC(CO)(COCC(COC(=O)C=C)(COC(=O)C=C)COC(=O)C=C)COC(=O)C=C,1,,,,,,
CC(=O)OCC(=O)[C@]1(CC[C@@H]2[C@@]1(C[C@@H]([C@]3([C@H]2CCC4=CC(=O)C=C[C@@]43C)F)O)C)O,0,,CC1=CN=C(C(=C1OC)C)CS(=O)C2=NC3=C(N2)C=C(C=C3)OC,1,,CN(C)C(=O)OC1=CC=CC(=C1)[N+](C)(C)C.[Br-],0,,C1=CC(=CC=C1CSC(CN2C=CN=C2)C3=C(C=C(C=C3)Cl)Cl)Cl.[N+](=O)(O)[O-],1,,CC1=C(C(=O)CC1OC(=O)C2C(C2(C)C)C=C(C)C)CC=C,1,,CC(=O)OC(C1=CC=CC=C1)C(Cl)(Cl)Cl,0,,,,,,
CN1CCC2=C3[C@H]1CC4=C(C3=CC=C2)C(=C(C=C4)O)O.CN1CCC2=C3[C@H]1CC4=C(C3=CC=C2)C(=C(C=C4)O)O.O.Cl.Cl,1,,CC(C)C1=CC=CC=C1,0,,CCC(COC(=O)CCS)(COC(=O)CCS)COC(=O)CCS,1,,C1=C(C=C(C(=C1NC(=O)C(=O)O)Cl)NC(=O)C(=O)O)C#N,0,,CCN(C(=O)N)N=O,0,,CC(C)NC(=O)N1CC(=O)N(C1=O)C2=CC(=CC(=C2)Cl)Cl,1,,,,,,
CN1CCC(CC1)N(CC2=CC=CC=C2)C3=CC=CC=C3,1,,C1=CC(=CC=C1C(C2=CC=C(C=C2)Cl)C(Cl)Cl)Cl,1,,CC1=C(C=CC(=C1)C(C(F)(F)F)(C(F)(F)F)F)NC(=O)C2=C(C(=CC=C2)I)C(=O)NC(C)(C)CS(=O)(=O)C,1,,C1CCC(CC1)N2C(=NN=N2)CCCCOC3=CC4=C(C=C3)NC(=O)CC4,1,,CCOP(=S)(OCC)SCSC1=C(C=CC(=C1)Cl)Cl,0,,CC1=N[C@@]2([C@H](O1)C[C@@H]3[C@@]2(C[C@@H]([C@H]4[C@H]3CCC5=CC(=O)C=C[C@]45C)O)C)C(=O)COC(=O)C,1,,,,,,
CCCN(CCC)C1=C(C=C(C=C1[N+](=O)[O-])S(=O)(=O)N)[N+](=O)[O-],1,,[B-](F)(F)(F)F.CCC[N+]1(CCCCC1)C,0,,C1=CN=CC=N1,0,,CCCCCCCCCCCCCCCCO,0,,C1=CC=C(C=C1)C(=O)OOC(=O)C2=CC=CC=C2,0,,C(CO)N1C(=O)N(C(=O)N(C1=O)CCO)CCO,0,,,,,,
C1(=NC(=O)N(C(=O)N1Cl)Cl)[O-].[K+],0,,CC1(C(=O)NC(=O)O1)C,0,,C(=O)(C(C(C(C(C(F)(F)F)(F)F)(F)F)(F)F)(F)F)O,1,,C[N+](C)(C)CCCCCCCCCC[N+](C)(C)C.[Br-].[Br-],0,,CCCN(CCC)C1=C(C=C(C(=C1[N+](=O)[O-])N)C(F)(F)F)[N+](=O)[O-],1,,C1=CC=C2C(=C1)C(=NS2(=O)=O)[O-].C1=CC=C2C(=C1)C(=NS2(=O)=O)[O-].O.[Ca+2],0,,,,,,
CC1(C(C1C(=O)OC(C#N)C2=CC(=CC=C2)OC3=CC=CC=C3)C=C(Cl)Cl)C,0,,C1=CC(=CC=C1C(Cl)(Cl)Cl)Cl,0,,CCCCSP(=O)(SCCCC)SCCCC,1,,CC[N+](C)(CC)CCOC(=O)C1C2=CC=CC=C2OC3=CC=CC=C13.[Br-],0,,C1=CC(=CN=C1)C(=O)N,0,,CCCCC(CC)C(=O)Cl,0,,,,,,
CCC1=CC=CC(=C1N(COCC)C(=O)CCl)C,1,,C12=C(C(=C(C(=C1Br)Br)Br)Br)C(=O)OC2=O,0,,C1=CC=C(C=C1)C(CC(C2=CC=C(C=C2)C3=CC=C(C=C3)Br)O)C4=C(C5=CC=CC=C5OC4=O)O,1,,CC1=C(C=CC=C1O)C(=O)N[C@@H](CSC2=CC=CC=C2)[C@@H](CN3C[C@H]4CCCC[C@H]4C[C@H]3C(=O)NC(C)(C)C)O.CS(=O)(=O)O.O,1,,CN(C)CCCN1C2=CC=CC=C2SC3=C1C=C(C=C3)Cl,1,,CCCCOC(=O)[C@@H](C)OC1=CC=C(C=C1)OC2=NC=C(C=C2)C(F)(F)F,0,,,,,,
CN(C)C1=CC=C(C=C1)C(=C2C=CC(=[N+](C)C)C=C2)C3=CC=CC=C3.CN(C)C1=CC=C(C=C1)C(=C2C=CC(=[N+](C)C)C=C2)C3=CC=CC=C3.C(=O)(C(=O)O)O.C(=O)(C(=O)[O-])O.C(=O)(C(=O)[O-])O,1,,CCCC[N+]1(CCCCC1)C.[I-],0,,CCCCCCCCCCCCCCC1CO1,0,,CC1([C@@H](N2[C@H](S1)[C@@H](C2=O)N=CN3CCCCCC3)C(=O)O)C,0,,CCCCCCCCCCCCCCCC[N+](C)(C)CCN(CC1=CC=C(C=C1)OC)C2=NC=CC=N2.[Br-],1,,C1=CC=C(C=C1)NN=NC2=CC=CC=C2,1,,,,,,
COC1=C(C=C2C(=C1)N=CN=C2NC3=CC(=C(C=C3)F)Cl)OCCCN4CCOCC4,1,,C1=CC=C(C=C1)C(=O)C2=C(C=CC(=C2)Cl)O,1,,CCCC(=O)C,0,,CC1=C(N2[C@@H]([C@@H](C2=O)NC(=O)[C@@H](C3=CCC=CC3)N)SC1)C(=O)O,0,,CCCCN,0,,C1=CC=C(C=C1)N(CCC(=O)O)C(=O)C2=C(C(=C(C=C2I)I)N)I,1,,,,,,
C1CC2=C(C[C@@H]1NS(=O)(=O)C3=CC=C(C=C3)F)C4=CC=CC=C4N2CCC(=O)O,0,,C[C@H](CCC(=O)[O-])[C@H]1CC[C@@H]2[C@@]1([C@H](C[C@H]3[C@H]2[C@@H](C[C@H]4[C@@]3(CC[C@H](C4)O)C)O)O)C.[Na+],0,,CC1=NC2=CC=CC=C2S1,0,,CNC[C@@H](C1=CC(=CC=C1)O)O.Cl,0,,CCC(C)(C)OC,0,,CC(C1=CC2=C(C=C1)C3=C(N2)C=CC(=C3)Cl)C(=O)O,0,,,,,,
CCCCN1C(=O)C2=CC=CC=C2C1=O,0,,C1=CC(=C(C=C1C2=C(C(=O)C3=C(C=C(C=C3O2)O)O)O)O)O.O.O,0,,CC1=CC=CC=C1C(=O)NC2=CC(=CC=C2)OC(C)C,1,,C[C@]12CC[C@H]3[C@H]([C@@H]1CC[C@]2(C#C)O)CCC4=C3C=CC(=C4)OC,1,,C1=CC=C(C=C1)/C=C/[N+](=O)[O-],1,,C1=CC(=C(C=C1O)O)C2=C(C(=O)C3=C(C=C(C=C3O2)O)O)O.O.O,0,,,,,,
CC(O)(P(=O)(O)O)P(=O)(O)O,0,,CCCCCCCCN1CCCC1=O,1,,CC1=CC(=CC(=C1)O)C,0,,CNC[C@@H]([C@H]([C@@H]([C@@H](CO)O)O)O)O,0,,CC[C@@H]([C@H](C)O)N1C(=O)N(C=N1)C2=CC=C(C=C2)N3CCN(CC3)C4=CC=C(C=C4)OC[C@H]5C[C@](OC5)(CN6C=NC=N6)C7=C(C=C(C=C7)F)F,1,,C1=CC=C2C(=C1)C(=O)N(C2=O)SC(Cl)(Cl)Cl,1,,,,,,
C[C@]12CC[C@H]3[C@H]([C@@H]1CC[C@H]2O)CCC4=C3C=CC(=C4)O,0,,CC(=O)OC(C)(C)C,0,,C1=CC=C(C(=C1)N)O,1,,C1[C@H]([C@@H]1N)C2=CC=CC=C2.Cl,0,,CCCCCCCCCCCCCOP(=O)(O)O,1,,C1=CC(=CC=C1N)Br,0,,,,,,
CCCCCCCCCCCCCC[N+](C)(C)C.[Cl-],1,,C1=CC=C2C(=C1)C=C3C=CC=CC3=C2[N+](=O)[O-],1,,CC(=C)C(=O)NC1=CC(=C(C=C1)Cl)Cl,1,,C/C=C(/C(=C/C)/C1=CC=C(C=C1)O)\C2=CC=C(C=C2)O,1,,CC1=C(N=C(O1)C2=CC=CC=C2)CCC(=O)C3=CC=C(C=C3)CC4C(=O)NC(=O)S4,0,,C1CN(CCN1CCCN)CCCN,0,,,,,,
CC(C1=CC=CC=C1)NCCC(C2=CC=CC=C2)C3=CC=CC=C3.Cl,1,,CN(CCC1=CC=C(C=C1)NS(=O)(=O)C)CCOC2=CC=C(C=C2)NS(=O)(=O)C,0,,C1CC2C[C@H]1[C@H]3[C@@H]2CN(C3)NC(=O)C4=CC(=C(C=C4)Cl)S(=O)(=O)N,0,,CC(=O)C1=CC2=C(C=C1)SC3=CC=CC=C3N2CCCN4CCC(CC4)CCO,0,,CN1C(=O)CCC(=N1)C(=O)N,0,,C=C1C(C2(C(C(C1(C2(Cl)Cl)Cl)Cl)Cl)Cl)(CCl)CCl,1,,,,,,
C=CCN(CC=C)CC=C,0,,CCN(C1=CC=CC=C1)C(=O)N(CC)C2=CC=CC=C2,1,,C1=CC=C(C=C1)NNC2=CC=CC=C2,1,,C1=CC(=C(C(=C1)Cl)/C=N/N=C(N)N)Cl,0,,CCCCCCCCCC[N+](C)(CCCCCCCCCC)CCC[Si](OC)(OC)OC.[Cl-],1,,CC(=O)CCl,0,,,,,,
CCCCCCCCC(=O)Cl,0,,C1=CC=C(C=C1)N=[N+](C2=CC=CC=C2)[O-],1,,C1=CC(=CC=C1COC(CN2C=CN=C2)C3=C(C=C(C=C3)Cl)Cl)Cl.[N+](=O)(O)[O-],1,,CC(C)C1=CC2=C(C=C1)OC3=NC(=C(C=C3C2=O)C(=O)O)N,1,,CCCC[Sn](CCCC)(OC(=O)C)OC(=O)C,1,,C[C@H]1[C@@H]2CC3=C([C@]1(CCN2C)C)C=C(C=C3)O.C[C@H]1[C@@H]2CC3=C([C@]1(CCN2C)C)C=C(C=C3)O.C(=C/C(=O)O)\C(=O)O,0,,,,,,
CCCCOC(=O)CC(CC(=O)OCCCC)(C(=O)OCCCC)OC(=O)C,0,,C1=CC=C(C=C1)S(=O)(=O)OC2=CC=C(C=C2)Cl,1,,C1COCCN1SSN2CCOCC2,1,,CC1CC2=CC=CC=C2N1NC(=O)C3=CC(=C(C=C3)Cl)S(=O)(=O)N,0,,CCCCCCCCN1C(=O)C=CS1,1,,CCOC1=C(C=NN(C1=O)C)N2CCOCC2,0,,,,,,
CC(C)(C)C1=CC(=C(C=C1)O)C(C)(C)C,1,,CC1=CC(=C(C=C1)N)N,1,,C(COS(=O)(=O)O)N,0,,C1=CN=CC=C1C2=CNC(=O)C(=C2)N,1,,CCCOC(=O)CC,0,,CCCCOCCCC,0,,,,,,
CC(CN1C2=CC=CC=C2SC3=CC=CC=C31)N(C)C.Cl,1,,C1=C(C=C(C(=C1C(=O)O)Cl)[N+](=O)[O-])Cl,0,,CC(C)(C1=CC=CC=C1)OO,1,,CC1=NN=C(S1)NS(=O)(=O)C2=CC=C(C=C2)N,0,,C1=CC=C2C=C(C(=CC2=C1)C(=O)NC3=CC(=CC=C3)[N+](=O)[O-])O,1,,C1=CC=C2C(=C1)C(=CN2)C[C@@H](C(=O)O)N,0,,,,,,
C=CCC1=CC2=C(C=C1)OCO2,0,,CCN1C=C[N+](=C1)C.OS(=O)(=O)[O-],0,,CC1=CC=C(C=C1)C2=CC=CC=C2,0,,C[C@@H]1CN(C[C@@H](N1)C)C2=C(C(=C3C(=C2F)N(C=C(C3=O)C(=O)O)C4CC4)N)F,0,,C[N+](C)(C)CC(CC(=O)[O-])O.Cl,0,,COCCO[Si](C=C)(OCCOC)OCCOC,0,,,,,,
CC(C(C1=CC=CC=C1)O)N(C)CCOC(C2=CC=CC=C2)C3=CC=CC=C3,1,,C1=CC=C(C=C1)N2C(=O)C(C(=O)N2C3=CC=CC=C3)CCS(=O)C4=CC=CC=C4,0,,CC(C)CC(CC(C)C)O,0,,CN(C)CCCN1C2=CC=CC=C2SC3=C1C=C(C=C3)Cl,1,,C[C@@H](C1=NC=NC=C1F)C(CN2C=NC=N2)(C3=C(C=C(C=C3)F)F)O,0,,C1=CC(=CC=C1COC(CN2C=CN=C2)C3=C(C=C(C=C3)Cl)Cl)Cl.[N+](=O)(O)[O-],1,,,,,,
CC1CC(CCC1N)CC2CCC(C(C2)C)N,0,,CC(C1CC1)C(CN2C=NC=N2)(C3=CC=C(C=C3)Cl)O,0,,CC1=NC2=C(CC3=C(O2)C=CC(=C3)C(C)C(=O)OCC(=O)N(C)C)C=C1,1,,CC(C)[C@@H](C(=O)OCCOCN1C=NC2=C1N=C(NC2=O)N)N.Cl,0,,CC(=O)O[Pb](C1=CC=CC=C1)(C2=CC=CC=C2)C3=CC=CC=C3,1,,C[C@]12CC[C@H]3[C@H]([C@@H]1CC[C@]2(C)O)CC[C@@H]4[C@@]3(CC5=NON=C5C4)C,1,,,,,,
CN(C)C(=S)[S-].CN(C)C(=S)[S-].CN(C)C(=S)[S-].[Fe+3],1,,CC1=CC(=C(C=C1)O)N2N=C3C=CC=CC3=N2,1,,C(C(CO)(CO)COCC(CO)(CO)CO)O,0,,CNCCC(C1=CC=CC=C1)OC2=CC=C(C=C2)C(F)(F)F,1,,CCCCCCCCCCCC[N+](C)(C)CC1=CC=CC=C1.[Cl-],1,,C1=CC=C(C=C1)CC2=C(C=CC(=C2)Cl)O,1,,,,,,
CCCCCC(=O)O[C@@]1(CC[C@@H]2[C@@]1(CC[C@H]3[C@H]2CCC4=CC(=O)CC[C@]34C)C)C(=O)C,1,,CC1(C(=O)N(C(=O)N1Cl)Br)C,0,,CC(C)(C)C1=CC(=CC(=C1O)C(C)(C)C)[N+](=O)[O-],1,,C1CN(CCN1CCCN2C3=CC=CC=C3SC4=C2C=C(C=C4)C(F)(F)F)CCO,1,,C/C=C/C(=O)OC1=C(C=C(C=C1[N+](=O)[O-])[N+](=O)[O-])CCCCCC(C)C,1,,CCCOC(=O)C1=CC=CC=C1,0,,,,,,
C1=CC(=CC=C1C(C2=CC=C(C=C2)Cl)C(Cl)Cl)Cl,1,,C1CC(C(CCC(C(CCC(C1Br)Br)Br)Br)Br)Br,0,,C1CCN(C1)NC(=O)NS(=O)(=O)C2=CC=C(C=C2)Cl,0,,CNS(=O)(=O)CC1=CC2=C(C=C1)NC=C2CCN(C)C,0,,CCC(C)C1=C(C(=CC(=C1)[N+](=O)[O-])[N+](=O)[O-])OC(=O)OC(C)C,1,,C1=CC=C(C(=C1)C=O)C=O,0,,,,,,
CSC1=C(C(=C(C(=C1Cl)Cl)Cl)Cl)Cl,1,,CO[Si](CCCCl)(OC)OC,0,,C1=NC(=NC(=O)N1[C@H]2[C@@H]([C@@H]([C@H](O2)CO)O)O)N,0,,CN1CCC(=C2C3=C(C(=O)CC4=CC=CC=C42)SC=C3)CC1,0,,CC[Hg]SC1=CC=CC=C1C(=O)[O-].[Na+],1,,CN1C=C(C(=O)C2=C1C=C(C=C2)F)S(=O)C,0,,,,,,
C1=CC=C2C(=C1)C(=O)NS2,1,,COC1=C(C=CC(=C1)C2=CC(=C(C=C2)N)OC)N,1,,CCCCCCCCCCCCN(CCO)CCO,1,,COC1=CC=C(C=C1)C2C(=O)C3=CC=CC=C3C2=O,0,,C(CO)N(CCO)C=O,0,,CC(C)(C)C1=CC=C(C=C1)C(CCCN2CCC(CC2)C(C3=CC=CC=C3)(C4=CC=CC=C4)O)O,0,,,,,,
CCCCCCCCN[C@H](C)[C@H](C1=CC=C(C=C1)SC(C)C)O,1,,C1=CC(=C(C(=C1)Cl)SC(CCC2=CC=C(C=C2)Cl)CN3C=CN=C3)Cl.[N+](=O)(O)[O-],1,,C1=CC=C(C=C1)NC(=O)C2=CC=CC=C2O,1,,C1=CC(=C(C(=C1)Cl)CC(=O)N=C(N)N)Cl.Cl,1,,CCCCCCCCCCCCCC[P+](CCCC)(CCCC)CCCC.[Cl-],1,,C=CCOC(=O)/C=C\C(=O)OCC=C,0,,,,,,
C1=CC2=C(C3=C(C=CC=N3)C=C2)N=C1.O.Cl,1,,CC1=C(C(CCC1)(C)C)/C=C/C(=C/C=C/C(=C\C(=O)O)/C)/C,1,,C=CCCCCCCCCC=O,1,,C1=CC=C(C=C1)COC(=O)C2=CC=CC=C2,0,,C1CC2=NC1=C(C3=CC=C(N3)C(=C4C=CC(=N4)C(=C5C=CC(=C2C6=CC(=CC=C6)O)N5)C7=CC(=CC=C7)O)C8=CC(=CC=C8)O)C9=CC(=CC=C9)O,1,,CC1CCC2=C(C1)OC=C2C,1,,,,,,
[C-]#N.[C-]#N.[K+].[Ag+],1,,CCOC(=O)C(=C(C1=CC=CC=C1)C2=CC=CC=C2)C#N,1,,C1CN(CCC1N2C3=CC=CC=C3NC2=O)CCCC(C4=CC=C(C=C4)F)C5=CC=C(C=C5)F,1,,CC(=O)CCCCN1C(=O)C2=C(N=CN2C)N(C1=O)C,0,,CCN(CC)C(=S)[S-].O.O.O.[Na+],0,,CC(C)(C)C1=CC=C(C=C1)OCC2CO2,1,,,,,,
C1=CC(=CC=C1N)OC2=CC=C(C=C2)N,0,,CCCCCCCCCCCCCCCCC,0,,CC(C)CCOC(=O)C1=CC=CC=C1,0,,CC[N+](CC)(CCNC(=O)C(=O)NCC[N+](CC)(CC)CC1=CC=CC=C1Cl)CC2=CC=CC=C2Cl.[Cl-].[Cl-],1,,C1=CC=C(C=C1)[Hg]Cl,1,,CCCCCCCCCCCCCCCC(=O)OC(C)C,0,,,,,,
CN1CCCCC1CCN2C3=CC=CC=C3SC4=C2C=C(C=C4)SC,1,,COC(=O)NC1=NC2=C(N1)C=C(C=C2)SC3=CC=CC=C3,1,,CC(C)(C)C=C,0,,CN1N=C(C(=O)N=C1SCC2=C(N3C(=O)[C@H]([C@H]3SC2)NC(=O)/C(=N\OC)/C4=CSC(=N4)N)C(=O)[O-])[O-].CN1N=C(C(=O)N=C1SCC2=C(N3C(=O)[C@H]([C@H]3SC2)NC(=O)/C(=N\OC)/C4=CSC(=N4)N)C(=O)[O-])[O-].O.O.O.O.O.O.O.[Na+].[Na+].[Na+].[Na+],0,,CN(C[C@@H](CC[N+]12CCC(CC1)(CC2)C3CCCCC3)C4=CC(=C(C=C4)Cl)Cl)C(=O)C5=CC(=CC(=C5)C(F)(F)F)C(F)(F)F.CS(=O)(=O)[O-],1,,CCC1CCCCC1,0,,,,,,
CC(COC(C)COC(=O)C=C)OCC(C)OC(=O)C=C,1,,CC(=CCC/C(=C/C=O)/C)C,0,,C1=CC(=CC=C1OC2=C(C=C(C=N2)Cl)Cl)OC3=C(C=C(C=N3)Cl)Cl,0,,C[C@]12CCC(=O)C=C1CC[C@@H]3[C@@]2([C@H](C[C@]4([C@H]3C[C@@H]5[C@]4(OC(O5)(C)C)C(=O)CCl)C)O)F,0,,CCCC[Sn](CCCC)(CCCC)CCCC,1,,C[Si](C)(C)O[Si](O)(O)O,0,,,,,,
CCCCCCCC/C=C/CCCCCCCC1=NCCN1CCO,1,,CCCCCCCCCOS(=O)(=O)[O-].[Na+],0,,C1=NC2=C(N1)C(=S)N=CN2,1,,CC1=C(C(=CC=C1)Cl)NC(=O)C2=CN=C(S2)NC3=CC(=NC(=N3)C)N4CCN(CC4)CCO,1,,CCCCCCCOC(=O)CCC,0,,C1=CC=C(C(=C1)C(=O)N)[N+](=O)[O-],0,,,,,,
CC(C)S,0,,CC1=CC2=C(C=C1)C=C(C=C2)C,0,,O=S(=O)(Cl)Cl,0,,CCCCNC1=CC=C(C=C1)C(=O)OCCOCCOCCOCCOCCOCCOCCOCCOCCOC,1,,CC(=C)C(=O)OCC(C)(C)COC(=O)C(=C)C,0,,CCCN[C@H]1CCC2=C(C1)SC(=N2)N,0,,,,,,
CC1=CC(=C(C(=C1)C(C)(C)C)O)CC2=C(C(=CC(=C2)C)C(C)(C)C)O,1,,C1CC2=C(C[C@@H]1NS(=O)(=O)C3=CC=C(C=C3)F)C4=CC=CC=C4N2CCC(=O)O,0,,C1CN(CCN1CCOCCO)C2=NC3=CC=CC=C3SC4=CC=CC=C42,0,,C1CC(=O)NC2=C1C=CC(=C2)OCCCCN3CCN(CC3)C4=C(C(=CC=C4)Cl)Cl,0,,C([N+](=O)[O-])([N+](=O)[O-])([N+](=O)[O-])[N+](=O)[O-],0,,CCCCCCCCCCCC,0,,,,,,
CN(C1CCCCC1)C2CCCCC2,0,,CO[Si](CCCNCCN)(OC)OC,0,,C(=O)(C(Br)(Br)Br)O,0,,COC1=CC=C(C=C1)C(=C(C2=CC=C(C=C2)OC)Cl)C3=CC=C(C=C3)OC,0,,C1=CC(=C(C=C1F)F)C(CN2C=NC=N2)(CN3C=NC=N3)O,0,,C[C@]12C[C@@H]([C@H]3[C@H]([C@@H]1CC[C@@]2(C(=O)CO)O)CCC4=CC(=O)C=C[C@]34C)O,0,,,,,,
CCCCCCCC/C=C\CCCCCCCCOCCO,1,,C1=CC(=CC=C1NC(=O)NC2=CC(=C(C=C2)Cl)Cl)Cl,1,,CCCCCCCC/C=C\CCCCCCCC(=O)OCCOC(=O)CCCCCCC/C=C\CCCCCCCC,1,,COC1=C(C=C2C(=C1)C(=NC(=N2)N3CCN(CC3)C(=O)C4COC5=CC=CC=C5O4)N)OC.CS(=O)(=O)O,1,,C1=CC=[N+](C(=C1)[S-])[O-].C1=CC=[N+](C(=C1)[S-])[O-].[Zn+2],1,,CCOC(=O)/C=C/C(=O)OCC,0,,,,,,
CCCCCCCCN1C(=O)C=CS1,1,,C1=COC(=C1)C=O,0,,CC(=C)C(=O)OCCOC1=CC=CC=C1,1,,CC(C)(C)OC(=O)NCCC(=O)N[C@@H](CC1=CNC2=CC=CC=C21)C(=O)N[C@@H](CCSC)C(=O)N[C@@H](CC(=O)O)C(=O)N[C@@H](CC3=CC=CC=C3)C(=O)N,1,,CC1=C2C(=NN1)NC3=C(C=C(C=C3)[N+](=O)[O-])C(=N2)C4=CC=CC=C4Cl,1,,C1N2CN3CN1C[N+](C2)(C3)C/C=C\Cl.[Cl-],0,,,,,,
C1CCC(CC1)OC(=O)C2=CC=CC=C2C(=O)OC3CCCCC3,1,,C1=CC=C(C=C1)/C=C/COC(=O)/C=C/C2=CC=CC=C2,1,,CCOS(=O)(=O)OCC,1,,C1=CC=C(C=C1)CCCCOCCCCCCNCC(C2=CC(=C(C=C2)O)CO)O.C1=CC=C2C(=C1)C=CC(=C2O)C(=O)O,1,,C=CC(=O)NC1=C(C=C2C(=C1)C(=NC=N2)NC3=CC(=C(C=C3)F)Cl)OCCCN4CCOCC4,1,,CC1=C(C2=C(C=C1)C(=O)C3=CC=CC=C3C2=O)N,1,,,,,,
CCCCCCCCCCCCCCCCCCOCC(CO)O,0,,CC1=CC2=C(C=C1C)N(C3=NC(=O)NC(=O)C3=N2)C[C@@H]([C@@H]([C@@H](CO)O)O)O,0,,CC1=CC(=C(N=C1)C2=NC(C(=O)N2)(C)C(C)C)C(=O)O,0,,CC[N+](CC)(CC)CCOC1=C(C(=CC=C1)OCC[N+](CC)(CC)CC)OCC[N+](CC)(CC)CC.[I-].[I-].[I-],0,,C[C@@H]1[C@@H]2[C@H](C(=O)N2C(=C1S[C@H]3C[C@H](NC3)CNS(=O)(=O)N)C(=O)O)[C@@H](C)O,0,,C[C@H](CSC(=O)C1=CC=CC=C1)C(=O)N2C[C@H](C[C@H]2C(=O)O)SC3=CC=CC=C3,0,,,,,,
CCCCCCCCCCCC[N+](C)(C)C.[Br-],1,,CCOC(=O)C1=CN2C(=CC(=N2)OP(=S)(OCC)OCC)N=C1C,1,,CC1CN(CCN1)C2=C(C(=C3C(=C2)N(C=C(C3=O)C(=O)O)C4CC4)C)F.Cl,0,,CCCOC1=C(C=C(C=C1)C(=O)OCCN(CC)CC)N.Cl,0,,CCOC(=O)NNC1=NN=CC2=CC=CC=C21.Cl,0,,C1=CC=C(C=C1)C(=O)C2=CC=C(C=C2)O,1,,,,,,
CCOC1=CC=C(C=C1)[N+](=O)[O-],1,,CCCOC(OCCC)OCCC,0,,C1=CC=C2C(=C1)C=C3C=CC=CC3=C2Br,1,,CC(C)NC(=O)C1=CC=C(C=C1)CNNC.Cl,0,,C1(=C(C(=NC(=C1Cl)Cl)C(Cl)(Cl)Cl)Cl)Cl,1,,CC(C)(C)NC(=O)[C@@H]1C[C@@H]2CCCC[C@@H]2CN1C[C@H]([C@H](CC3=CC=CC=C3)NC(=O)[C@H](CC(=O)N)NC(=O)C4=NC5=CC=CC=C5C=C4)O.CS(=O)(=O)O,1,,,,,,
CC/C(=C(\C1=CC=C(C=C1)O)/C2=CC=C(C=C2)OCCN(C)C)/C3=CC=CC=C3,1,,CC1=CC=CC=C1N=NC2=CC(=C(C=C2)N)C,1,,COC1=CC=C(C=C1)C2=COC3=C(C2=O)C=CC(=C3)O,1,,C[C@]12CC[C@H]3[C@H]([C@@H]1CC[C@]2(C)O)CC[C@@H]4[C@@]3(C/C(=C/O)/C(=O)C4)C,1,,CC(=O)N1CCN(CC1)C2=CC=C(C=C2)OC[C@H]3CO[C@](O3)(CN4C=CN=C4)C5=C(C=C(C=C5)Cl)Cl,1,,CCCCN1CCCC1C(=O)NC2=C(C=C(C=C2C)C)C,1,,,,,,
C1=CC=C2C(=C1)C(=O)C3=CC=CC=C3O2,0,,C1=CC=C2C(=C1)C(=O)OC2(C3=CC=C(C=C3)O)C4=CC=C(C=C4)O,1,,C(CC(=O)O)CC(=O)O,0,,CO[C@H]1[C@@H](C[C@@H]2CN3CCC4=C([C@H]3C[C@@H]2[C@@H]1C(=O)OC)NC5=C4C=CC(=C5)OC)OC(=O)C6=CC(=C(C(=C6)OC)OC)OC,1,,CCN1/C(=C/C=C/C2=[N+](C3=CC=CC=C3C=C2)CC)/C=CC4=CC=CC=C41.[I-],1,,CCOC1=C(C=C(C=C1)CC2=NC=CC3=CC(=C(C=C32)OCC)OCC)OCC.Cl,1,,,,,,
C1=CC=C(C(=C1)O)O,0,,CCCCCCCCO[C@H]1[C@@H]([C@H]([C@@H]([C@H](O1)CO)O)O)O,0,,CN(C)N=O,0,,CC1=C[C@@H]2[C@H](CC[C@]3([C@H]2CC[C@@]3(C(=O)C)OC(=O)C)C)[C@@]4(C1=CC(=O)CC4)C,0,,CC(C)CC(C)(C1=CC=C(C=C1)O)C2=CC=C(C=C2)O,1,,C[C@@H]1CC[C@H]([C@H](C1)O)C(=C)C,0,,,,,,
C1=C(C(=CC(=C1Cl)[N+](=O)[O-])O)N,0,,COC1=CC(=CC(=C1OC)OC)C(=O)NC2CCCNC2,0,,CC1=CC=C(CC1)C(C)C,1,,C1=NC(=O)NC(=C1F)N,0,,CC(=O)O[C@H]1CC[C@@]2([C@H]3CC[C@]4([C@H]([C@@H]3CC=C2C1)CCC4=O)C)C,0,,C1CC(=O)NC2=C1C=CC(=C2)OCCCCN3CCN(CC3)C4=C(C(=CC=C4)Cl)Cl,1,,,,,,
C1=CC=C(C=C1)/C=C/[N+](=O)[O-],1,,CCCC(=O)OCC(COC(=O)CCC)OC(=O)CCC,0,,C1=CC=C(C=C1)C2=CC(=CC=C2)C3=CC=CC=C3,1,,CCC(C)C1(C(=O)NC(=O)NC1=O)CC=C,1,,CC(=O)OC[C@@H]1[C@H]([C@@H]([C@H]([C@H](O1)O[C@]2([C@H]([C@@H]([C@H](O2)COC(=O)C)OC(=O)C)OC(=O)C)COC(=O)C)OC(=O)C)OC(=O)C)OC(=O)C,0,,CC1=NC=C(N1C)[N+](=O)[O-],0,,,,,,
CN1CCC(=C2C3=C(C(=O)CC4=CC=CC=C42)SC=C3)CC1,0,,CCCCOCC(C)O,0,,CCS(=O)(=O)CCSP(=O)(OC)OC,0,,CC(C)N1C2=CC=CC=C2C(=C1/C=C/[C@H](C[C@H](CC(=O)[O-])O)O)C3=CC=C(C=C3)F.[Na+],1,,CC1=C(ON=C1C)NS(=O)(=O)C2=CC=C(C=C2)N,0,,C1=CC=C2C(=C1)N=CC=N2,0,,,,,,
C1=CC=C(C(=C1)C(C2=CC=C(C=C2)Cl)C(Cl)Cl)Cl,1,,C1CNP(=O)(OC1)N(CCCl)CCCl.O,0,,C1=CC(=O)NC=C1,0,,CS(=O)(=O)O.C#CCN[C@@H]1CCC2=CC=CC=C12,0,,C1=C(C(=C(C(=C1Cl)Cl)CC2=C(C(=CC(=C2Cl)Cl)Cl)O)O)Cl,1,,CC[C@@]1(CC[C@@H]2[C@@]1(CC[C@H]3[C@H]2CCC4=CCCC[C@H]34)C)O,1,,,,,,
C1=CC=C(C=C1)O,0,,C1=CC(=C(C(=C1[N+](=O)[O-])Cl)Cl)Cl,0,,CCOC(=O)NC1=C(N=C(C=C1)NCC2=CC=C(C=C2)F)N.C(=C\C(=O)O)\C(=O)O,1,,CC(=O)C1=CC=C(C=C1)S(=O)(=O)NC(=O)NC2CCCCC2,0,,CCOC1=CC=CC=C1OCC2CNCCO2.Cl,0,,CC1=CC(=CC=C1)C#N,0,,,,,,
C1=CC=C(C=C1)NC2=CC=C(C=C2)[N+](=O)[O-],1,,C1=CC=C2C(=C1)C=CC3=C2C=CC=N3,1,,CCOC(=O)COC1=C(C=C(C(=C1)C2=NN(C(=C2Cl)OC(F)F)C)F)Cl,1,,CC(C1=CC=C(C=C1)C(=O)C2=CC=CS2)C(=O)O,0,,CCS(=O)(=O)C(C)(C)S(=O)(=O)CC,0,,CCNC1=CC2=C(C=C1C)C(=C3C=C(C(=[NH+]CC)C=C3O2)C)C4=CC=CC=C4C(=O)OCC.[Cl-],1,,,,,,
C(C(=O)C(Cl)Cl)Cl,1,,CCCCC/C(=C\C1=CC=CC=C1)/CO,1,,CCCC=O,0,,CN(C)CC/C=C/1\C2=CC=CC=C2COC3=CC=CC=C31.Cl,0,,C1=CC2=C(C(=C(C=C2Cl)I)O)N=C1,1,,C(C(Cl)(Cl)Cl)Cl,0,,,,,,
CCCCC/C=C/CC1CC(=O)OC1=O,0,,C(C(CCl)Cl)O,0,,CCCN(CCC)C1=C(C=C(C=C1[N+](=O)[O-])C(C)C)[N+](=O)[O-],1,,CCN1C2=CC3=C(C=C2C(=O)C(=N1)C(=O)O)OCO3,0,,CC(C)CC(C)NC1=CC=C(C=C1)NC2=CC=CC=C2,1,,CCC(C)(C)C1CCC(CC1)OC,1,,,,,,
C[C@H](C1=CC(=CC(=C1)C(F)(F)F)C(F)(F)F)O[C@@H]2[C@@H](N(CCO2)CC3=NNC(=O)N3)C4=CC=C(C=C4)F,1,,CCOC(=O)CN1C2=C(C=CC=C2Cl)SC1=O,1,,CC1=C(C=NO1)C(=O)NC2=CC=C(C=C2)C(F)(F)F,1,,COC1=C(C=C2C(=C1)C(=NC(=N2)N3CCN(CC3)C(=O)C4=CC=CO4)N)OC,0,,O=[Cr]O[Cr]=O,0,,CC1(C(C1C(=O)OC(C#N)C2=CC(=CC=C2)OC3=CC=CC=C3)C=C(Cl)Cl)C,1,,,,,,
CN(C)C(=S)SC(=S)N(C)C,1,,C1CC(C(CC1C(CBr)Br)Br)Br,1,,CCOP(=S)(OCC)SCN1C2=C(C=C(C=C2)Cl)OC1=O,1,,CC1=C(N=CN1)CN2CCC3=C(C2=O)C4=CC=CC=C4N3C.Cl,1,,C(CCC(=O)O)CC(=O)O,0,,CCC(C)(C1=CC=C(C=C1)O)C2=CC=C(C=C2)O,1,,,,,,
C[N+]1=C2C(=C3C=CC4=C(C3=C1)OCO4)C=CC5=CC6=C(C=C52)OCO6,1,,CC(C)(C#C)NC(=O)C1=CC(=CC(=C1)Cl)Cl,0,,C1[C@@H]([C@H](O[C@H]1N2C=NC(=NC2=O)N)CO)O,0,,CN(CCOC1=CC=C(C=C1)CC2C(=O)NC(=O)S2)C3=CC=CC=N3,0,,C1=CC(C2C1C3(C(=C(C2(C3(Cl)Cl)Cl)Cl)Cl)Cl)Cl,1,,C1=CC=C2C(=C1)C=NNC2=O,0,,,,,,
C(CN(CC(=O)O)CC(=O)O)N(CC(=O)O)CC(=O)O,0,,C1=CC(=CC=C1C(C2=CC=C(C=C2)O)(C(F)(F)F)C(F)(F)F)O,1,,C1=CC(=CC=C1O)S(=O)(=O)C2=CC=C(C=C2)O,0,,C1CN=C(N1)NC2=C(C=CC3=NSN=C32)Cl,0,,C1CCC(CC1)NS(=O)(=O)[O-].[Na+],0,,CC1(CON(C1=O)CC2=CC=CC=C2Cl)C,1,,,,,,
C/C=C/C=C/C=O,0,,C[N+](C)(C)CC1=CC=CC=C1.[Cl-],1,,CC(C)[C@@H](C1=CC=C(C=C1)OC(F)F)C(=O)OC(C#N)C2=CC(=CC=C2)OC3=CC=CC=C3,1,,C1CCC2=NC3=CC=CC=C3C(=C2C1)N,0,,COC1=C(C=CC(=C1)/C=C/2\CCC/C(=C/C3=CC(=C(C=C3)O)OC)/C2=O)O,1,,CCOC(=O)CN1C2=C(C=CC=C2Cl)SC1=O,1,,,,,,
C([C@@H]([C@@H]1C(=C(C(=O)O1)[O-])O)O)O.C([C@@H]([C@@H]1C(=C(C(=O)O1)[O-])O)O)O.O.O.[Ca+2],0,,CC(=CC1C(C1(C)C)C(=O)OCC2=COC(=C2)CC3=CC=CC=C3)C,1,,C(CCCCC(=O)O)CCCC(=O)O,0,,C1=CC=C(C=C1)C2C(=O)N=C(O2)N,0,,CCCCCCCCCCCCCCCC[N+]1=CC=CC=C1.[Br-],1,,CC(C#CC(C)O)O,1,,,,,,
CCCCCC[N+]1=CC=CC=C1.[Br-],1,,CCCCCCCCCCCCCC(=O)OC,0,,CCCCCCCCOC(=O)C,0,,C1=CC(=CC=C1COC(CN2C=CN=C2)C3=C(C=C(C=C3)Cl)Cl)Cl.[N+](=O)(O)[O-],1,,CC1=C(C(=O)N2CCCCC2=N1)CCN3CCC(CC3)C4=NOC5=C4C=CC(=C5)F,0,,CCOP(=O)(OCC)O/C(=C/Cl)/C1=C(C=C(C=C1)Cl)Cl,1,,,,,,
C1=CC(=CC=C1C(C2=CC=C(C=C2)O)(C(F)(F)F)C(F)(F)F)O,0,,C1=CC=C2C=C(C=CC2=C1)N,1,,CC(=O)OCC=C,1,,CNS(=O)(=O)CCC1=CC2=C(C=C1)NC=C2C3CCN(CC3)C.Cl,0,,C1CCCC1,0,,C1=C(C(=CNC1=O)Cl)O,0,,,,,,
CN1C=CC2=CC3=C(CCN3C(=O)NC4=CN=CC=C4)C=C21.Cl,0,,C(C(CO)O)O,0,,CS(=O)(=O)C1=C(C=C(C=C1)[C@@H](CC2CCCC2)C(=O)NC3=NC=CN=C3)Cl,1,,CC/C(=C(\C1=CC=CC=C1)/C2=CC=C(C=C2)OCCN(C)C)/C3=CC=CC=C3.C(C(=O)O)C(CC(=O)O)(C(=O)O)O,1,,CCCCOCCOCCOC(=O)CCCCC(=O)OCCOCCOCCCC,0,,CCN1C2=C(C=C(C=C2)[N+](=O)[O-])C3=CC=CC=C31,1,,,,,,
CC(=C)C(=O)OCCOC1=CC=CC=C1,0,,CCCCCCCCCCC(=O)O,0,,CC(=O)OC1=CC=C(C=C1)C2(C(=O)NC3=CC=CC=C3O2)C4=CC=C(C=C4)OC(=O)C,1,,CCC(=C)C(=O)C1=C(C(=C(C=C1)OCC(=O)O)Cl)Cl,0,,C(C(C(CC(=O)O)C(=O)O)C(=O)O)C(=O)O,0,,C1=CC=C(C=C1)[P+](CCCCC(=O)O)(C2=CC=CC=C2)C3=CC=CC=C3.[Br-],0,,,,,,
CCCCCCC1=C(C=C(C=C1)O)O,1,,CC(C)C1=CC=CC=C1OC(=O)NC,1,,C1(=C(C(=C(C(=C1Cl)Cl)Cl)Cl)Cl)O,1,,C[N+]1(CCC(C1)OC(=O)C(C2CCCC2)(C3=CC=CC=C3)O)C.[Br-],0,,C1=CC=C(C=C1)NC2=CC=C(C=C2)N=O,1,,CC(C)OP(=O)(CP(=O)(OC(C)C)OC(C)C)OC(C)C,1,,,,,,
CCCC(=O)C(=O)O,0,,CC1=C(C(=C(C(=C1C)[N+](=O)[O-])C(C)(C)C)[N+](=O)[O-])C,1,,C1(=C(C(=C(C(=C1F)F)Br)F)F)F,0,,COC1=CN=C(N=C1)NS(=O)(=O)C2=CC=C(C=C2)N,0,,C1CCC(CC1)S,0,,CC1=CN(C(=O)NC1=O)[C@H]2C=C[C@H](O2)CO,0,,,,,,
C[C@@H](CCCC(C)(C)OC)C/C=C/C(=C/C(=O)OC(C)C)/C,1,,CC(C)(C#C)NC(=O)C1=CC(=CC(=C1)Cl)Cl,0,,CC(=O)NCCCS(=O)(=O)[O-].CC(=O)NCCCS(=O)(=O)[O-].[Ca+2],0,,C[C@]12C[C@@H]([C@H]3[C@H]([C@@H]1CC[C@@]2(C(=O)COC(=O)CC(C)(C)C)O)CCC4=CC(=O)C=C[C@]34C)O,0,,C1=CC=C(C=C1)C(CC(C2=CC=C(C=C2)C3=CC=C(C=C3)Br)O)C4=C(C5=CC=CC=C5OC4=O)O,1,,C1=CC=C2C(=C1)C3=CC=CC4=C3C2=CC=C4,1,,,,,,
CN(C)C(=S)[S-].CN(C)C(=S)[S-].[Zn+2],1,,CCN(CC)CCOC(=O)C1(CCCCC1)C2CCCCC2,1,,CC(=O)OCCC1CCCCC1,0,,CC1=CC=CN2C1=NC=C(C2=O)C3=NN=N[N-]3.[K+],1,,COC(=O)C1=C(N=C(C(=N1)Cl)Cl)N,1,,CCOC1=NC2=CC=CC(=C2N1CC3=CC=C(C=C3)C4=CC=CC=C4C5=NNN=N5)C(=O)OC(C)OC(=O)OC6CCCCC6,1,,,,,,
CC1=CN(C(=O)NC1=O)[C@H]2C=C[C@H](O2)CO,0,,C1=CC(=CC=C1C(=O)C2=C(C=C(C=C2)O)O)O,1,,CC1=CC=C(C=C1)OP(=O)(OC2=CC=C(C=C2)C)OC3=CC=C(C=C3)C,1,,C1=C(C(=C(C(=C1I)NC(=O)CCOCCOCCOCCOCCC(=O)NC2=C(C=C(C(=C2I)C(=O)O)I)I)I)C(=O)O)I,0,,CC1CC(CCC1N)CC2CCC(C(C2)C)N,0,,C1COCCN1CCCC2=CC=C(C=C2)COC3=CC=CC=C3,1,,,,,,
CC1=C(N=C(O1)C2=CC=CC=C2)CCOC3=CC=C(C=C3)C[C@@H](C(=O)O)NC4=CC=CC=C4C(=O)C5=CC=CC=C5,1,,C(C=O)Cl,0,,CC(=O)O[Al].O.O,0,,CC[C@@H]1[C@@]([C@@H]([C@H](C(=O)[C@@H](C[C@@]([C@@H]([C@H]([C@@H]([C@H](C(=O)O1)C)O[C@H]2C[C@@]([C@H]([C@@H](O2)C)O)(C)OC)C)O[C@H]3[C@@H]([C@H](C[C@H](O3)C)N(C)C)OC(=O)CC)(C)O)C)C)O)(C)O,1,,[C-]#N.[Cu+],0,,CC(C)N(C(C)C)C(=O)SCC(=C(Cl)Cl)Cl,1,,,,,,
C/C=C/C1=CC(=C(C=C1)O)OC,0,,CC(C)[N+](C)(CCC(C1=CC=CC=C1)(C2=CC=CC=C2)C(=O)N)C(C)C,0,,C1CCC(CC1)C(=O)N2CC3C4=CC=CC=C4CCCN3C(=O)C2,1,,COCCOC1=C(C=C2C(=C1)C(=NC=N2)NC3=CC=CC(=C3)C#C)OCCOC,1,,CN1C=NC2=C1C(=O)N(C(=O)N2C)C,0,,CCCC(C(CC)CO)O,0,,,,,,
CC1=CC=C(C=C1)S(=O)(=O)NC(=O)NN2CC3CCCC3C2,0,,C1C2C(C3=C1C=C(C=C3)Cl)(N=C(S2)C4=CC=CC=C4)O,1,,CC1=CC2=C(C=C1)C=C(C=C2)C,0,,CC1=C(C(=CC=C1)C)NC(=O)CN2CCN(CC2)CC(COC3=CC=CC=C3OC)O,0,,CC(=CC1C(C1(C)C)C(=O)OC(C#N)C2=CC(=CC=C2)OC3=CC=CC=C3)C,0,,C1=CC2=C3C(=C1)C=CC4=C(C=CC(=C43)C=C2)O,1,,,,,,
CCCCC(CC)C(=O)[O-].CCCCC(CC)C(=O)[O-].[Ba+2],0,,CO[C@@H]1[C@@H]([C@H]([C@@H]([C@H](O1)CO)O)O)O,0,,C1=CC=C2C(=C1)C(=CN2)CC(C(=O)O)N,1,,CCCC(C)(COC(=O)N)COC(=O)NC(C)C,0,,[Cl-].[Cl-].[Pd+2],0,,CCC(=O)OC/C=C(\C)/CCC=C(C)C,0,,,,,,
CC1=C(C=CC(=C1)OCCOCC[N+](C)(C)CC2=CC=CC=C2)C(C)(C)CC(C)(C)C.[Cl-],1,,C(CS(=O)(=O)[O-])S.[Na+],0,,CCCCCCCCCCCCCC1=CC=CC=C1,0,,C(=N)(N)N.C(=N)(N)N.C(=O)(O)O,0,,COC1=C(C=C(C=C1)[N+](=O)[O-])N,0,,C[C@@H]1C2=C(CN1)C=C(C=C2)C3=C(C4=C(C=C3)C(=O)C(=CN4C5CC5)C(=O)O)OC(F)F.CS(=O)(=O)O.O,0,,,,,,
CC(C)(C)NC(=O)N,0,,COCCl,0,,CCCCCCCCCl,0,,COC1=CC=CC=C1OCCNCC(COC2=CC=CC3=C2C4=CC=CC=C4N3)O.C(C(C(=O)O)O)(C(=O)O)O,1,,CC1=CC(=C2C(=C1)C=C(N2CC(=O)O)C(=O)NC3=NC(=C(S3)CCC4CCCCC4)C5=CC(=C(C=C5OC)Cl)OC)C.C(=O)(C(F)(F)F)O,1,,CC(C)(C)C1=CC=C(C=C1)C(=O)CC(=O)C2=CC=C(C=C2)OC,0,,,,,,
CCCCN1C=C[N+](=C1)C.C(F)(F)(F)S(=O)(=O)[O-],0,,CC(=O)NCC1=C(C(=C(C(=C1I)NC(=O)C)I)C(=O)O)I,0,,CCN(CC)CCOC(=O)C1=CC=C(C=C1)N.Cl,0,,C1CN(CCN1CCOCC(=O)O)C(C2=CC=CC=C2)C3=CC=C(C=C3)Cl.Cl.Cl,0,,CCOC(=O)N1CCC(=C2C3=C(CCC4=C2N=CC=C4)C=C(C=C3)Cl)CC1,1,,C1=CC2=C(C3=C(C=CC=N3)C=C2)N=C1.O.Cl,1,,,,,,
C1=CC=C(C=C1)NC(=O)CCl,1,,CC(C(=O)O)Br,0,,CC1(C(=O)NC(=O)O1)C,0,,CC1=CN=C(C(=C1OC)C)CS(=O)C2=NC3=C(N2)C=C(C=C3)OC,1,,CC(C)(C)C1=C(C=CC(=C1)OC)O,0,,CC1=CC2=C(C=C1)C(=O)C3=CC=CC=C3C2=O,1,,,,,,
C(CSCCO)O,0,,CC(C)NCC(C1=CC(=C(C=C1)O)O)O,0,,CC(=O)NC1=CC=C(C=C1)O,0,,CN1CCN(CC1)C(=O)O[C@H]2C3=NC=CN=C3C(=O)N2C4=NC=C(C=C4)Cl,0,,CS(=O)(=O)C1=C(C(=C(C=C1)C(=O)C2C(=O)CCCC2=O)Cl)COCC(F)(F)F,0,,CCOC(=O)CBr,0,,,,,,
C1=CC=C(C(=C1)Cl)Cl,0,,C1=CC=C2C(=C1)C(=O)C3=C(C2=O)C(=CC=C3)Cl,1,,CCN(CC)CCOC1=CC=CC=C1C(=O)CCC2=CC=CC=C2,0,,CCCC(CCC)C(=O)O,0,,C=C1C(C2(C(C(C1(C2(Cl)Cl)Cl)Cl)Cl)Cl)(CCl)CCl,1,,CC1=CC(=C(C=C1N=NC2=CC=C(C=C2)S(=O)(=O)[O-])OC)N=NC3=CC=C(C=C3)OC.[Na+],0,,,,,,
C1=CC(=CC=C1C[C@@H](C(=O)O)N)N(CCCl)CCCl,0,,C1CCC(C1)N(CC2=CC=C(C=C2)Cl)C(=O)NC3=CC=CC=C3,1,,CC1=C(C(=C(C(=C1[N+](=O)[O-])C(C)(C)C)[N+](=O)[O-])C)C(=O)C,0,,C1=NC(=C2C(=N1)N(C=N2)[C@H]3[C@@H]([C@@H]([C@H](O3)CO)O)O)N,0,,CCCC[Sn](CCCC)(CCCC)OC(=O)C1=CC=CC=C1,1,,CC(C)(C)C1=CC=C(C=C1)C=O,0,,,,,,
C[C@]12CC[C@](C[C@H]1C3=CC(=O)[C@@H]4[C@]5(CC[C@@H](C([C@@H]5CC[C@]4([C@@]3(CC2)C)C)(C)C)O)C)(C)C(=O)O,1,,CC(=CCOC1=C2C(=CC3=C1OC=C3)C=CC(=O)O2)C,1,,CCCCC(CC)CN1C(=O)C2C3CC(C2C1=O)C=C3,1,,CC(C)NCC(COC1=CC=C(C=C1)CCOCC2CC2)O,0,,C(C(CCl)OP(=O)(OC(CCl)CCl)OC(CCl)CCl)Cl,0,,CC1=CC(=C(C=C1)O)C,1,,,,,,
C1=CC(=CC=C1C(=O)CCCCl)F,0,,CN1CCCN=C1/C=C/C2=CC=CS2.[C@@H]([C@H](C(=O)O)O)(C(=O)O)O,0,,CS(=O)C,1,,C[C@H]1[C@H]([C@H](C[C@@H](O1)O[C@H]2C[C@@](CC3=C2C(=C4C(=C3O)C(=O)C5=C(C4=O)C(=CC=C5)OC)O)(C(=O)CO)O)N)O.Cl,1,,C1CN(CCN1CCCC2=CC=CC=C2)CCOC(C3=CC=C(C=C3)F)C4=CC=C(C=C4)F.Cl.Cl,1,,C1=CC(=C(C=C1C2=CC(=C(C=C2)N)N)N)N.Cl.Cl.Cl.Cl,1,,,,,,
CC1=NN=C(S1)SCC2=C(N3[C@@H]([C@@H](C3=O)NC(=O)CN4C=NN=N4)SC2)C(=O)O,0,,C[C@@H]1CN(C[C@@H](N1)C)CCCN2C3=CC=CC=C3C4=CC=CC=C42.Cl.Cl,1,,CC/C=C/CCCCCCCCCCOC(=O)C,0,,CN(C)CCC[C@@]1(C2=C(CO1)C=C(C=C2)C#N)C3=CC=C(C=C3)F.C(=O)(C(=O)O)O,0,,C1CCC(CC1)N=C=NC2CCCCC2,1,,C1[C@@H]([C@H]([C@@H]([C@H]([C@@H]1NC(=O)[C@H](CCN)O)O[C@@H]2[C@@H]([C@H]([C@@H]([C@H](O2)CO)O)N)O)O)O[C@@H]3[C@@H]([C@H]([C@@H]([C@H](O3)CN)O)O)O)N,0,,,,,,
CC1=C(N(N=C1C(=O)NN2CCCCC2)C3=C(C=C(C=C3)Cl)Cl)C4=CC=C(C=C4)Cl,1,,C1=CC(=CC=C1S(=O)(=O)C2=CC(=C(C=C2Cl)Cl)Cl)Cl,1,,CC1=CC(=NC(=N1)NS(=O)(=O)C2=CC=C(C=C2)N)C,0,,C1=CC(=CC=C1N)S(=O)(=O)NC2=NC=CS2,0,,CCCCCCCCCCCSCC(=O)O,0,,C[Si]1(O[Si](O[Si](O[Si](O1)(C)C)(C)C)(C)C)C,0,,,,,,
CCCCCC1=CCCC1=O,0,,CCCC[N+]1=CC=C(C=C1)C.[Br-],1,,CCCCOC(=O)CC(CC(=O)OCCCC)(C(=O)OCCCC)OC(=O)C,1,,CC1=C(C2=CC=CC=C2C(=C1)O)O,1,,C1=CC(=CC=C1/C=C/C2=CC(=CC(=C2)O)O)O,0,,CCCSP(=O)(OCC)OC1=C(C=C(C=C1)Br)Cl,1,,,,,,
CC[C@H](C)[C@@H]1[C@H](C=C[C@@]2(O1)C[C@@H]3C[C@H](O2)C/C=C(/[C@H]([C@H](/C=C/C=C/4\CO[C@H]5[C@@]4([C@@H](C=C([C@H]5O)C)C(=O)O3)O)C)O[C@H]6C[C@@H]([C@H]([C@@H](O6)C)O[C@H]7C[C@@H]([C@H]([C@@H](O7)C)O)OC)OC)\C)C,1,,COP(=S)(OC)OC1=CC=C(C=C1)SC2=CC=C(C=C2)OP(=S)(OC)OC,1,,COC1=C(C=C(C=C1)C2=CC(=NN2C3=CC=C(C=C3)S(=O)(=O)N)C(F)F)F,1,,CCCC(=O)O[C@@]1(CC[C@@H]2[C@@]1(C[C@@H]([C@H]3[C@H]2CCC4=CC(=O)CC[C@]34C)O)C)C(=O)CO,0,,CCC(=O)OC/C=C/C1=CC=CC=C1,0,,C1CN(CCN1CCCN2C(=O)N3C=CC=CC3=N2)C4=CC(=CC=C4)Cl.Cl,1,,,,,,
CC(C)C(=O)NC1=CC=CC(=C1)C2CN3CCSC3=N2,0,,C/C(=C\C(=[OH+])C)/[O-].C/C(=C\C(=[OH+])C)/[O-].C/C(=C/C(=[OH+])C)/[O-].[Fe],0,,CCN(CC)C1=CC(=C(C=C1)C=O)O,0,,C([C@@H](C(=O)O)N)SSC[C@@H](C(=O)O)N,0,,CC(=O)NC1(CCN(CC1)CC[C@]2(CN(C(=O)CO2)C3=CC=CC=C3)C4=CC(=C(C=C4)Cl)Cl)C5=CC(=CC=C5)F.C(CC(=O)O)C(=O)O,1,,CCCCCCCCN1C(=O)C=CS1,1,,,,,,
CCCCCCCCCCOC(=O)C1=CC=CC=C1C(=O)OCCCCCCCC,0,,CCCCCC1=CCCC1=O,0,,C=CCOC(CN1C=CN=C1)C2=C(C=C(C=C2)Cl)Cl,1,,CC(C)(C(Cl)(Cl)Cl)O,0,,COCCO,0,,C1CC(C(CC1C(CBr)Br)Br)Br,1,,,,,,
CCCCCNCCCCC,0,,C1=CC=C(C(=C1)C(=O)N)O,0,,C[N+]1=CN(C=C1)CC2=CC=CC=C2.[Cl-],0,,CCCCN(CCCC)CCCOC(=O)C1=CC=C(C=C1)N,0,,C1CN(CCC1C2=CC=CC(=C2)CN)C(=O)C3=CC=C(O3)C#CC4=CC=CC=C4F,1,,COP(=O)(OC)O/C(=C/Cl)/C1=CC(=C(C=C1Cl)Cl)Cl,1,,,,,,
CCCCCC(=O)N,0,,COC1=NN(C(=O)S1)CSP(=S)(OC)OC,1,,C1=CN2[C@H]3[C@H]([C@@H]([C@H](O3)CO)O)OC2=NC1=N,0,,C1(C(=O)NC(=O)N1)NC(=O)N,1,,CC(C)(C)CC(C)(C)C1=CC(=C(C=C1)O)N2N=C3C=CC=CC3=N2,1,,CC[N+]1(CCCC1)C.C(F)(F)(F)S(=O)(=O)[O-],0,,,,,,
COC(=O)CCC(=O)OC,0,,C1=CC=C(C=C1)C(=O)C2=CC(=CC=C2)O,1,,C[C@H]1CCCC(=O)CCC/C=C/C2=C(C(=CC(=C2)O)O)C(=O)O1,1,,C1=CC(=CC(=C1)O)O,1,,C[C@H]1[C@@H]([C@H]([C@H]([C@@H](O1)O[C@H]2C[C@H]([C@@]3([C@@H]4[C@@H](CC[C@@]3(C2)O)[C@]5(CC[C@@H]([C@]5(C[C@H]4O)C)C6=CC(=O)OC6)O)CO)O)O)O)O,1,,CC(C)(C#C)NC(=O)C1=CC(=CC(=C1)Cl)Cl,1,,,,,,
CCN\1C2=CC=CC=C2S/C1=C\C=C\C3=[N+](C4=CC=CC=C4S3)CC.[I-],1,,CC1=C(C(=CC=C1)C)O,0,,C12=C(C(=C(C(=C1Cl)Cl)Cl)Cl)C(=O)OC2=O,0,,CCOC(=O)C1=CC=C(C=C1)N,0,,CC(C(=O)O[Hg]C1=CC=CC=C1)O,1,,CCCCCCCCOC(=O)C1=CC=CC=C1C(=O)OCCCCCCCC,0,,,,,,
COC1=C(C=C2C(=C1)C(=O)NC(=O)N2)OC,0,,C1=CC=C(C=C1)NC2=CC=C(C=C2)N.Cl,1,,CC1=C(C=CC=C1O)C(=O)N[C@@H](CSC2=CC=CC=C2)[C@@H](CN3C[C@H]4CCCC[C@H]4C[C@H]3C(=O)NC(C)(C)C)O.CS(=O)(=O)O.O,1,,CCCCCCCCCCCCCCCC[N+](C)(C)CC1=CC=CC=C1.[Cl-],1,,C1=CC(=CC=C1C(C2=CC=C(C=C2)Cl)C(Cl)(Cl)Cl)Cl,1,,C1=CC=C(C=C1)CCOC(=O)C2=CC=CC=C2N,1,,,,,,
C1=CC(=CC=C1NC(=O)C2=C(C(=CC(=C2)Br)Br)O)Br,1,,C1=CC=C(C=C1)N=NC2=C(N=C(C=C2)N)N.Cl,1,,C1[C@H]([C@H](CN1C(=O)[C@@H]([C@H](CC2=CC=CC=C2)NC(=O)C3=CC4=C(N3)C=CC(=C4)Cl)O)O)O,1,,CC1=CC(=C(C=C1C2=CC(=C(C=C2C)OI)C(C)C)C(C)C)OI,1,,CCCC[Sn](CCCC)(CCCC)OC(=O)C=C,1,,CN1CC[C@@H]([C@@H](C1)O)C2=C(C=C(C3=C2OC(=CC3=O)C4=CC=CC=C4Cl)O)O.Cl,1,,,,,,
CN(C)C1=CC=C(C=C1)C=O,0,,CC1=C(S(=O)(=O)CCS1(=O)=O)C,1,,CCCCCCCCN1C(=O)C=CS1,1,,COC(=O)[C@H]1[C@H](CC[C@@H]2[C@@H]1C[C@H]3C4=C(CCN3C2)C5=CC=CC=C5N4)O,0,,C1=CC(=C(C=C1NC(=O)C2=C(C(=CC(=C2)Cl)Cl)O)Cl)Cl,1,,CC1=C(ON=C1C)N(C(=O)C)S(=O)(=O)C2=CC=C(C=C2)N,0,,,,,,
CC(C)C1=NC(=CS1)CN(C)C(=O)N[C@@H](C(C)C)C(=O)N[C@@H](CC2=CC=CC=C2)C[C@@H]([C@H](CC3=CC=CC=C3)NC(=O)OCC4=CN=CS4)O,1,,C1=CC=C2C(=C1)C(=CC(=C2O)C(=O)O)O,1,,CC1=C(C=CC(=C1)OP(=S)(OC)OC)SC,1,,C1N2CN3CN1CN(C2)C3,0,,C1=CN=CC=C1C(=O)NN,0,,CCCCCCCCCO,0,,,,,,
C[C@@]1(C(=O)N2[C@H](C(=O)N3CCC[C@H]3[C@@]2(O1)O)CC4=CC=CC=C4)NC(=O)[C@@H]5C[C@H]6[C@@H](CC7=CNC8=CC=CC6=C78)N(C5)C,1,,C1=CC(=CC(=C1)CN=C=O)CN=C=O,0,,CN1CC(=O)NC1=N,0,,CC1=CC(=CC(=C1CC2=NCCN2)C)C(C)(C)C.Cl,0,,C1C2C(COS(=O)O1)C3(C(=C(C2(C3(Cl)Cl)Cl)Cl)Cl)Cl,1,,CCCCNC(=O)N,0,,,,,,
CC(=C)C(=O)OCC(COC1=CC=C(C=C1)C(C)(C)C2=CC=C(C=C2)OCC(COC(=O)C(=C)C)O)O,1,,CC(C)C(CCCN(C)CCC1=CC(=C(C=C1)OC)OC)(C#N)C2=CC(=C(C=C2)OC)OC,0,,COC1=CC(=CC(=C1OC)OC)CC#N,0,,CCCCCCC1=C(C=C(C=C1)O)O,1,,[N+](=O)([O-])[O-].[Na+],0,,C1=NC2=NC=NC(=C2N1)N,0,,,,,,
CCCCCCCC(=O)OCCCCCC,0,,C1=CC=C(C=C1)N=NC2=C(C=CC3=CC=CC=C32)O,1,,C1=CC(=CC=C1C2=CC=C(C=C2)N)N.Cl.Cl,1,,CCCCCCCCCCCCOS(=O)(=O)[O-].[Na+],0,,CN1CCN(CC1)CCCN2C3=CC=CC=C3SC4=C2C=C(C=C4)C(F)(F)F.Cl.Cl,1,,C[NH+](C)CCC(C1=CC=CC=C1)C2=CC=CC=[NH+]2.C(=C\C(=O)[O-])\C(=O)[O-],0,,,,,,
C1CCN(CC1)CCOC2=CC=C(C=C2)C(=O)C3=C(SC4=C3C=CC(=C4)O)C5=CC=C(C=C5)O.Cl,1,,CC(C)(C)CC(C)(C)C1=CC=C(C=C1)NC2=CC=C(C=C2)C(C)(C)CC(C)(C)C,0,,CCOC(=O)CCC(=O)C,0,,C1=CC(=C(C=C1Cl)CC2=C(C=CC(=C2)Cl)O)O,1,,C1=CC(=C(C=C1[N+](=O)[O-])[N+](=O)[O-])Cl,1,,C1CCN(CC1)C2(CCN(CC2)CCCN3C4=CC=CC=C4CCC5=C3C=C(C=C5)Cl)C(=O)N,1,,,,,,
CCCCCN(CCCOC)C(=O)C(CCC(=O)O)NC(=O)C1=CC(=C(C=C1)Cl)Cl,0,,C1=CC=C(C(=C1)C(CN2C=NC=N2)(C3=CC=C(C=C3)F)O)F,0,,C1=CC(=C(C=C1N)[N+](=O)[O-])O,1,,C[C@H]([C@@H](C(=O)O)N)O,0,,CCOC(=O)N1CCC(=C2C3=C(CCC4=C2N=CC=C4)C=C(C=C3)Cl)CC1,1,,COC1=CC=CC(=C1)C2=C(C=C(C=C2)/C=C\CN3CCCCCC3)Cl.Cl,1,,,,,,
C[C@]12CCC(=O)C=C1CC[C@@H]3[C@@H]2C(=O)C[C@]4([C@H]3CC[C@@]4(C(=O)CO)O)C,0,,C1=CC=C(C=C1)NC(=O)C2=CC=CC=C2I,1,,CCCCOC(=O)CCCCC(=O)OCCCC,1,,CN(C)CCOC1=CC=CC=C1CC2=CC=CC=C2.C(C(=O)O)C(CC(=O)O)(C(=O)O)O,0,,C1=C(C=C(C(=C1Br)O)Br)Br,0,,C1=CC=C(C=C1)C(CC2=CC(=C(C(=C2)I)O)I)C(=O)O,0,,,,,,
CC(=O)NC1=CC=C(C=C1)S(=O)(=O)Cl,0,,C(=C/C(=O)O)\C(=O)O,0,,C1CC2=CC=CC=C2C(C3=CC=CC=C31)NCCCCCCC(=O)O,0,,CN1C2=C(C(=O)N(C1=O)C)NC(=N2)Br,0,,CC/C(=C(\C1=CC=CC=C1)/C2=CC=C(C=C2)OCCN(C)C)/C3=CC=CC=C3.C(C(=O)O)C(CC(=O)O)(C(=O)O)O,1,,CC1=C(C(CCC1)(C)C)/C=C/C(=O)C,1,,,,,,
C1=CC(=CC=C1N=NC2=CC(=C(C=C2)O)C(=O)O)[N+](=O)[O-],0,,C1CC2=CC=C(C3=CC=CC1=C23)[N+](=O)[O-],1,,CC1=CCC(CC1OC(=O)C)C(=C)C,0,,COC(=O)C1=CC=C(C=C1)O,0,,C1C(C2(C(=C(C1(C2(Cl)Cl)Cl)Cl)Cl)Cl)CBr,1,,CN1CCC2=CC3=C(C=C2[C@H]1[C@H]4C5=C(C(=C(C=C5)OC)OC)C(=O)O4)OCO3,1,,,,,,
C1=CC=C(C(=C1)C2=NN=C(N=N2)C3=CC=CC=C3Cl)Cl,0,,CCC(COC(=O)C1=CC(=C(C(=C1)OC)OC)OC)(C2=CC=CC=C2)N(C)C.C(=C\C(=O)O)\C(=O)O,1,,CCCCCCCCCCCCN,1,,C1=CC(=CC=C1NC(=O)NC2=CC(=C(C=C2)Cl)Cl)Cl,0,,C1=CC(=C(C=C1C2=C(C(=O)C3=C(C=C(C=C3O2)O)O)O)O)O,0,,CCCCC(CC)COCC1CO1,0,,,,,,
C1CCN(C1)CC2=NC3=CC=CC=C3N2CC4=CC=C(C=C4)Cl.Cl,1,,C1=CC=C(C=C1)N=NC2=C(N=C(C=C2)N)N.Cl,1,,CC(=O)[C@H]1CC[C@@H]2[C@@]1(CC[C@H]3[C@H]2CCC4=CC(=O)CC[C@]34C)C,1,,CC1(C2CCC(O1)(CC2)C)C,0,,CCC(C)(CCC(C)C)C(=O)O[Sn](C)(C)OC(=O)C(C)(CC)CCC(C)C,0,,CCC(C)C1=C(C(=CC=C1)C(C)CC)O,0,,,,,,
CCCCC(CC)COC(=O)COC1=CC(=C(C=C1Cl)Cl)Cl,0,,C=CCCCCCCCCC=O,0,,C1=CC=C(C=C1)C(=O)OCCOCCOC(=O)C2=CC=CC=C2,1,,C(C(Cl)(Cl)Cl)(O)O,0,,CC(C)C1=CC2=C(C=C1)[C@]3(CCC[C@@]([C@@H]3CC2)(C)CN)C.CC(=O)O,1,,CCC1=C(C(=NC(=N1)N)N)C2=CC=C(C=C2)Cl,1,,,,,,
COC1=C(C=CC(=C1)/C=C/C(=O)CC(=O)/C=C/C2=CC(=C(C=C2)O)OC)O,1,,COC1=CC=C(C=C1)/C=C/C2=CC(=CC(=O)O2)OC,1,,C1=CC=C2C(=C1)N=C(S2)SSC3=NC4=CC=CC=C4S3,1,,C1=CC=C(C=C1)O,0,,CCC(C)(C)C1=CC(=C(C=C1)O)C(C)(C)CC,1,,C1=CC2=C(C(=C(C=C2Cl)I)O)N=C1,1,,,,,,
CCCCC(CC)COP(=O)(O)OCC(CC)CCCC,1,,CCC(=O)OC/C=C/C1=CC=CC=C1,0,,C1=CC=C(C=C1)CC(=O)C(=O)O,0,,CN1C=NC2=C1C(=O)NC(=O)N2C,0,,CC(C)(C)C1=CC(=CC(=C1O)C(C)(C)C)/C=C\2/C(=O)NC(=N)S2.CS(=O)(=O)O,1,,CC(C)C[C@@H](C(=O)O)NC(=O)OCC1C2=CC=CC=C2C3=CC=CC=C13,1,,,,,,
CCN(CC)CCNC(=O)C1=CC(=C(C=C1OC)N)Cl,0,,C1=CC(=C(C=C1OC2=C(C=C(C=C2I)C[C@@H](C(=O)[O-])N)I)I)O.[Na+],1,,C1=CC(=C(C(=C1)F)C(=O)NC(=O)NC2=CC(=C(C(=C2)Cl)OC(C(F)F)(F)F)Cl)F,1,,CCN1CCCC1=O,0,,C1C=CCC2C1C(=O)N(C2=O)SC(C(Cl)Cl)(Cl)Cl,1,,C1=CC(=CC=C1/C=C/C2=CC(=CC(=C2)O)O)O,1,,,,,,
C1CCN2C[C@@H]3C[C@H]([C@H]2C1)CN4[C@H]3CCCC4,0,,CCOC(=O)CC1=CC=CC2=CC=CC=C21,1,,C1CCC(CC1)N2C(=NN=N2)CCCCOC3=CC4=C(C=C3)NC(=O)CC4,1,,COC1=C(C=C(C(=C1)O)C(=O)C2=CC=CC=C2)S(=O)(=O)O,0,,C1=CC(=CC=C1NC(=O)C2=C(C(=CC(=C2)Br)Br)O)Br,1,,CCCCO,0,,,,,,
CCC(COCCOC(=O)C=C)(COCCOC(=O)C=C)COCCOC(=O)C=C,1,,CCCCC(CC)COC(=O)C1=CC=C(C=C1)N(C)C,1,,CC1=C(C=CC(=C1)O)N,1,,C1(C(=O)NC(=N1)O[Al])NC(=O)N.O.O,1,,COC1=C(C=C(C=C1)C2=CC3=C(C=C2)C=C(C=C3)C(=O)O)C45CC6CC(C4)CC(C6)C5,1,,CCN(CC)C(=S)SSC(=S)N(CC)CC,1,,,,,,
CCCC[N+]1=CC=C(C=C1)C.[Cl-],1,,CC(CCO)CC(C)(C)C,0,,CCCCC(CC)COC(=O)C1=CC=C(C=C1)O,1,,CC(C)C[C@H](C(=O)O)N,0,,CS(=O)(=O)Cl,0,,CCCCCCCCCCCCSCCOCCO,1,,,,,,
C1=CC(=C(C=C1NC(=O)C2=C(C(=CC(=C2)Cl)Cl)O)Cl)Cl,1,,C1=CC=C2C(=C1)C=C(C3=CC=CC=C23)Br,1,,CCOP(=S)(OCC)OC1=NN(C(=N1)Cl)C(C)C,1,,CC(=O)NC1=CC=CC=C1,0,,CC1=C(C(=CC=C1)CC2=CN=CN2)C.Cl,0,,CCC1=CC=CC(=C1N(C(C)COC)C(=O)CCl)C,1,,,,,,
CC(=O)OCCN(CCOC(=O)C)C1=CC=C(C=C1)N=NC2=C(C=C(C=C2)[N+](=O)[O-])C#N,0,,CC(CC1=CC=CC=C1)NCC2=CC=CC=C2Cl.Cl,1,,CC[NH+]=C1C=CC(=C(C2=CC=C(C=C2)N(CC)CC)C3=CC=C(C=C3)N(CC)CC)C4=CC=CC=C14.[Cl-],1,,CCCCCCCCCCCC[N+](C)(C)CCOC1=CC=CC=C1.[Br-],1,,C1=C(C(=CC(=C1Cl)Cl)Cl)O,0,,COC1=C(C=C2C(=C1)[C@]34CCN5[C@H]3C[C@@H]6[C@@H]7[C@@H]4N2C(=O)C[C@@H]7OCC=C6C5)OC,1,,,,,,
CN(C)C(=S)[S-].CN(C)C(=S)[S-].[Cu+2],1,,C(COC(=O)Cl)OC(=O)Cl,0,,C1C2=CC=CC=C2C(=O)C3=CC=CC=C31,1,,CC1=CC=C(C=C1)O,0,,CC(=O)O[Hg]C1=CC=CC=C1,1,,CC(C)(C#C)NC(=O)C1=CC(=CC(=C1)Cl)Cl,1,,,,,,
CCOCN1C(=C(C(=C1C(F)(F)F)Br)C#N)C2=CC=C(C=C2)Cl,1,,CC(=C)OC(=O)C,0,,CC(CCC=C(C)C)CCOC=O,1,,C1=CC=C(C(=C1)C(=O)N)O,0,,CC(=O)[C@]1(CC[C@@H]2[C@@]1(CC[C@H]3[C@H]2C=C(C4=CC(=O)[C@@H]5C[C@@H]5[C@]34C)Cl)C)OC(=O)C,1,,CS(=O)(=O)NC1=C(C=C(C=C1)[N+](=O)[O-])OC2=CC=CC=C2,0,,,,,,
CC1=C(N(C2=C1C=C(C=C2)O)CC3=CC=C(C=C3)OCCN4CCCCCC4)C5=CC=C(C=C5)O.CC(=O)O,1,,CCCCCCCCCCC(CCCCCCCC)CO,0,,CCCOC(=O)C(C)O,0,,C[C@@]12CC[C@@H](C1(C)C)CC2=O,0,,CCCCCCCCOCCC#N,0,,C(COCC#CCOCCO)O,0,,,,,,
CN(C)/N=N/C1=C(NC=N1)C(=O)N,0,,C=CC(=O)N,0,,CC1(C(=O)NC(=O)NC1=O)C,0,,CCCCC(CC)COC(=O)C1=CC=CC=C1O,0,,CCOC1=CC=CC(=C1)N2C=C(N=C2C3=CC=C(C=C3)C)C(=O)N4CCN(CC4)C5=CC6=CC=CC=C6C(=C5)C(=O)[O-].[Na+],1,,CC(=O)O.C1CCNC(C1)CNC(=O)C2=C(C=CC(=C2)OCC(F)(F)F)OCC(F)(F)F,1,,,,,,
CC1=CC=CC2=CC=CC=C12,0,,CC(COC1=CC=C(C=C1)OC2=CC=CC=C2)OC3=CC=CC=N3,1,,C1C2CNCC1C3=CC4=NC=CN=C4C=C23.Cl,0,,C1=CC=C(C=C1)OC(=O)C2=CC=CC=C2O,0,,CC(C)(CO)N(C)C,0,,C1=CC(=CC=C1S(=O)(=O)C2=CC(=C(C=C2Cl)Cl)Cl)Cl,1,,,,,,
CN1C[C@@H](C[C@H]2[C@H]1CC3=CN(C4=CC=CC2=C34)C)CNC(=O)OCC5=CC=CC=C5,1,,C1=CC2=C(C3=C(C=CC=N3)C=C2)N=C1,1,,CN(CC(CO)O)C(=O)C1=C(C(=C(C(=C1I)C(=O)NCC(CO)O)I)NC(=O)COC)I,0,,C[C@H](CCC(=O)O)[C@H]1CC[C@@H]2[C@@]1(C(=O)C[C@H]3[C@H]2C(=O)C[C@H]4[C@@]3(CCC(=O)C4)C)C,0,,CC(C)(C1=CC(=C(C(=C1)Br)O)Br)C2=CC(=C(C(=C2)Br)O)Br,1,,C1=CC(=CC=C1C(=C(Cl)Cl)C2=CC=C(C=C2)Cl)Cl,1,,,,,,
CCCCCCCCCCCCCCCC[N+](C)(C)C.[Br-],1,,C1=CC(=C(C=C1Cl)Cl)C(CN2C=CN=C2)OCC3=C(SC=C3)Cl,1,,CC1(C2CCC(=C)C1C2)C,0,,CC1=CC(=C(C=C1)C(C)C)O,0,,CC(=CCCC(C)(C=C)OC=O)C,0,,C1=CC(=C(C=C1[N+](=O)[O-])Cl)NC(=O)C2=C(C=CC(=C2)Cl)O,1,,,,,,
C(CCl)OCCCl,0,,CC(C)CCCCCCCOC(=O)CCCCC(=O)OCCCCCCCC(C)C,0,,CC(C1=CC=C(C=C1)O)(C2=CC=C(C=C2)O)C3=CC=C(C=C3)O,1,,CC[C@H](C)[C@@H](C(=O)O)N,0,,C(CSSCCC(=O)O)C(=O)O,0,,CC1=CC(=C(C=C1)O)[C@H](CCN(C(C)C)C(C)C)C2=CC=CC=C2,1,,,,,,
CN1CCC2=CC3=C(C4=C2[C@@H]1CC5=CC=C(C=C5)OC6=C(C=CC(=C6)C[C@@H]7C8=CC(=C(C=C8CCN7C)OC)O4)OC)OCO3,1,,COC1=C(C=CC(=C1)C2=CC(=C(C=C2)N=C=O)OC)N=C=O,0,,CC(=CC1C(C1(C)C)C(=O)OCC2=COC(=C2)CC3=CC=CC=C3)C,1,,COC(=O)C1=CN=CC=C1,0,,C1=CC(=CC=C1C(C2=CC=C(C=C2)Cl)C(Cl)Cl)Cl,1,,CCCCCCC(=O)OCC=C,0,,,,,,
COC1=CC=C(C=C1)OC,0,,CC[C@@]12CCCN3[C@@H]1C4=C(CC3)C5=CC=CC=C5N4C(=O)C2,1,,CC(=CC1C(C1(C)C)C(=O)OCN2C(=O)C3=C(C2=O)CCCC3)C,1,,C1=CC=C(C=C1)C(C(=O)C2=CC=CC=C2)O,0,,,,,C1C(O1)COC2=CC=C(C=C2)C(C3=CC=C(C=C3)OCC4CO4)C(C5=CC=C(C=C5)OCC6CO6)C7=CC=C(C=C7)OCC8CO8,1,,,,,,
CCCCCCCCCCCCCCCCCC(=O)O,0,,C1=CC=C(C=C1)OC(=O)C2=C(C=C(C=C2)N)O,1,,C1COCCN1SSC2=NC3=CC=CC=C3S2,1,,CC1=CC(=CC=C1)N(C)C(=S)OC2=CC3=CC=CC=C3C=C2,1,,,,,C[Si](NC1CCCCC1)(NC2CCCCC2)NC3CCCCC3,0,,,,,,
C(COCCN)N,0,,C=CCNCC=C,0,,C1=C(C=C(C(=C1Cl)O)Cl)Cl,1,,C[C@@H]([C@@H](C1=CC=CC=C1)O)NC.Cl,0,,,,,CC(C)C1=CC=C(C=C1)C(C)C,0,,,,,,
CC1=C(C=C(C=C1)C(C)C2=CC(=C(C=C2)C)C)C,0,,C/C=C(\C)/C(=O)C,0,,CC(=O)C=C,0,,CC1=CC(=O)N(N1C)C2=CC=CC=C2,0,,,,,CC(=CC1C(C1(C)C)C(=O)OCN2C(=O)C3=C(C2=O)CCCC3)C,1,,,,,,
CC1=NC2=NC(=NN2C=C1)S(=O)(=O)NC3=C(C=CC=C3F)F,0,,CCCSP(=S)(OCC)OC1=C(C=C(C=C1)Cl)Cl,1,,C[C@@H]1C[C@H]2[C@@H]3CCC4=CC(=O)C=C[C@@]4([C@]3([C@H](C[C@@]2([C@]1(C(=O)CCl)OC(=O)C5=CC=CO5)C)O)Cl)C,1,,C1=CC=C2C(=C1)C3=CC=CC=C3S2,0,,,,,CCC1=C(C2=CC=CC=C2O1)C(=O)C3=CC(=C(C(=C3)Br)O)Br,1,,,,,,
CCCCCCCCCCOCC(CN)O.Cl,1,,CC1COC2(N1CC(=O)NC3=C2C=C(C=C3)Cl)C4=CC=CC=C4Cl,0,,C(#N)C(=C(C#N)C#N)C#N,1,,CC1=C(C(CCC1)(C)C)/C=C/C(=C/C=C/C(=C/COC(=O)C)/C)/C,1,,,,,CC(=O)OCC[N+](C)(C)C.[Cl-],0,,,,,,
CC(=C)C(=O)OCCOC(=O)C(=C)C,0,,C1=CC(=CC(=C1)Cl)C2=CC(=CC(=C2)Cl)Cl,1,,CC1=CCC(CC1)C(C)(C)O,0,,CC1=C2C(=C(C=C1)[N+](=O)[O-])[Hg]O2,1,,,,,CC1=CC[C@@H](CC1)[C@@](C)(CCC=C(C)C)O,1,,,,,,
CC(=O)[C@H]1CC[C@@H]2[C@@]1(CC[C@H]3[C@H]2CCC4=CC(=O)CC[C@]34C)C,1,,CN(C)C1=CC(=CC=C1)O,1,,CCC(C)(C#C)OC(=O)C1=CC=CC=C1C(=O)O,0,,C1=C(C=C(C(=C1SC2=C(C(=CC(=C2)Cl)Cl)O)O)Cl)Cl,1,,,,,CCCCCCCCCCCCOC(=O)C1=CC(=C(C(=C1)O)O)O,1,,,,,,
CC1=C(C(=CC=C1)C)NC(=O)NC(=NC)N,0,,COCCC#N,0,,CN(C)C1=CC=C(C=C1)N=O,1,,C(C(=O)[O-])SC#N.[Na+],0,,,,,C1CCC(CC1)NSC2=NC3=CC=CC=C3S2,1,,,,,,
CCCCC(CC)COC(=O)C1=CC=C(C=C1)O,1,,C(=S)(N)N,0,,CCNC(=O)C(C)OC(=O)NC1=CC=CC=C1,1,,CCN(CC)CCOC(=O)C1(CCCC1)C2=CC=CC=C2.CCN(CC)CCOC(=O)C1(CCCC1)C2=CC=CC=C2.C(CS(=O)(=O)O)S(=O)(=O)O,0,,,,,CCO[Si](C1=CC=CC=C1)(OCC)OCC,0,,,,,,
C1=CC(=CC(=C1)Cl)NC(=O)OCC#CCCl,1,,CN(C)C1=CC=C(C=C1)N(C)C,1,,CC(C)OC(=O)COC1=C(C=C(C=C1)Cl)Cl,1,,CN(C)CCN(CC1=CC=C(C=C1)OC)C2=NC=CC=N2.Cl,0,,,,,CCCOC(=O)CC1=CC(=C(C=C1)OCC(=O)N(CC)CC)OC,1,,,,,,
C=CC(=O)OCC(COC1=CC=CC=C1)O,1,,CC1=C(C2=CC=CC=C2N1CCCCC(=O)O)C3=CN=CC=C3,1,,CCCC/C=C/CCCCO,1,,CN(C)CCN(CC1=CSC=C1)C2=CC=CC=N2,0,,,,,[CH-]1C=CC=C1.[CH-]1C=CC=C1.Cl[V]Cl,1,,,,,,
CCNC1=CC2=C(C=C1C)C(=C3C=C(C(=[NH+]CC)C=C3O2)C)C4=CC=CC=C4C(=O)OCC.[Cl-],1,,C1=CC=C(C(=C1)C(C2=CC=C(C=C2)F)(C3=CN=CN=C3)O)Cl,0,,CCCCC(CC)COC(=O)C1=CC=C(C=C1)N(C)C,1,,CCCC(C(CC)CO)O,0,,,,,CC1=NN=C(C(=O)N1N)C2=CC=CC=C2,0,,,,,,
C1=C2C(C(=O)N(C2=CC(=C1F)Cl)C(=O)N)C(=O)C3=CC(=CS3)Cl,1,,C1=CC=C(C(=C1)O)O,1,,CN1[C@@H]2CC[C@H]1CC(C2)OC(=O)C3=CC(=CC(=C3)Cl)Cl,0,,CCCCCCCCCCCCCCCCCC(=O)OCC(CO)O,0,,,,,CCCOC(=O)C1=C(C(=C(C(=C1Cl)Cl)Cl)Cl)C(=O)OCCC,1,,,,,,
CN(C)C(=S)[S-].[Na+],1,,CCOP(=S)(OCC)SCSC1=CC=C(C=C1)Cl,1,,C1CN(CCN1CC/C=C\2/C3=CC=CC=C3SC4=C2C=C(C=C4)C(F)(F)F)CCO,0,,C1=CC2=C(C=CC(=C2N=C1)O)Cl,0,,,,,C1CN(CCC1(C2=CC=C(C=C2)Cl)O)CCCC(=O)C3=CC=C(C=C3)F,1,,,,,,
C1=CC=C(C=C1)C2=CC(=O)C3=C(O2)C=CC4=CC=CC=C43,1,,CCN(CC)CCN,0,,CC[C@@H]1[C@@]([C@@H]([C@H](C(=O)[C@@H](C[C@@]([C@@H]([C@H]([C@@H]([C@H](C(=O)O1)C)O[C@H]2C[C@@]([C@H]([C@@H](O2)C)O)(C)OC)C)O[C@H]3[C@@H]([C@H](C[C@H](O3)C)N(C)C)O)(C)OC)C)C)O)(C)O,0,,CC(=O)O[Hg]C1=CC=CC=C1,1,,,,,CCN(CC)C(=O)Cl,0,,,,,,
CCCCC(CC)COC(=O)C(=C)C,0,,C1=CC(=CC=C1O)O,1,,C1=CC=C(C=C1)NC2=CC=C(C=C2)N.Cl,1,,CCCCCCCCCCCCCCCCCCO,0,,,,,C1(=O)C2(C3(C4(C1(C5(C2(C3(C(C45Cl)(Cl)Cl)Cl)Cl)Cl)Cl)Cl)Cl)Cl,1,,,,,,
C1=CC=C(C=C1)C(=O)NC2=CC=CC=C2SSC3=CC=CC=C3NC(=O)C4=CC=CC=C4,1,,CC1=NC=CN1,0,,CC(=CC1C(C1(C)C)C(=O)OC(C#N)C2=CC(=CC=C2)OC3=CC=CC=C3)C,1,,C=CCCCCCCCCC(=O)O,0,,,,,CNC1=NC=NC2=C1NC=N2,1,,,,,,
CCCCCCCCCCCCCCCC[N+](C)(C)CC.[Br-],1,,C1=CC=C(C=C1)NC(=O)C2=C(C=CC(=C2)Cl)O,1,,CN1CCCC1=O,0,,CC1CCCCN1CCCOC(=O)C2=CC=C(C=C2)OC3CCCCC3,0,,,,,C1=CC(=CC=C1OC2=C3C(=CC(=CC3=NC=C2)Cl)Cl)F,1,,,,,,
C1=CC=C(C=C1)C(=O)NOCC(=O)O,0,,CC1COC2=CC=CC=C2N1C(=O)C(Cl)Cl,1,,C1=CC(=C(C=C1N(CC(=O)N)CC(F)(F)F)C(F)(F)F)C#N,1,,C1=CC(=CC=C1C(C2=CC=C(C=C2)Cl)C(Cl)(Cl)Cl)Cl,1,,,,,C1=CC=C2C(=C1)C=C(O2)C=O,0,,,,,,
C1CCC(CC1)(C(=O)C2=CC=CC=C2)O,0,,C1=CC(=C(C=C1O)Cl)Cl,0,,C1=CC=C2C(=C1)C3=CC=CC=C3N2,0,,CC(CC1=CC=CC=C1OC)NC,0,,,,,CC1([C@@H](N2[C@H](S1)[C@@H](C2=O)NC(=O)[C@@H](C3=CC=CC=C3)N)C(=O)O)C,0,,,,,,
C1=CC=C(C=C1)C(=O)NC2=CC=CC=C2SSC3=CC=CC=C3NC(=O)C4=CC=CC=C4,1,,CC1=CC(=C(N1)/C=C\2/C3=CC=CC=C3NC2=O)C,1,,CC1=C(C=C(C(=O)N1)C#N)C2=CC=NC=C2,1,,CN(C)CCN(CC1=CC=CS1)C2=CC=CC=N2.Cl,0,,,,,CCCCOCCOP(=O)(OCCOCCCC)OCCOCCCC,1,,,,,,
C1[C@H]([C@@H]2[C@H](O1)[C@H](CO2)O[N+](=O)[O-])O[N+](=O)[O-],0,,C1=C(C=C(C(=C1O)O)O)C(=O)OC2=CC(=CC(=C2O)O)C(=O)OC[C@@H]3[C@H]([C@@H]([C@H]([C@@H](O3)OC(=O)C4=CC(=C(C(=C4)OC(=O)C5=CC(=C(C(=C5)O)O)O)O)O)OC(=O)C6=CC(=C(C(=C6)OC(=O)C7=CC(=C(C(=C7)O)O)O)O)O)OC(=O)C8=CC(=C(C(=C8)OC(=O)C9=CC(=C(C(=C9)O)O)O)O)O)OC(=O)C1=CC(=C(C(=C1)OC(=O)C1=CC(=C(C(=C1)O)O)O)O)O,0,,C1CN(CCN1CCC2=C(C=C3C(=C2)CC(=O)N3)Cl)C4=NSC5=CC=CC=C54,1,,C1=CC2=C(C(=C1)O)C(=O)C3=C(C2=O)C=CC=C3O,1,,,,,CCC(=O)NC1=CC=CC(=C1)N,0,,,,,,
C[C@@](C1=CC=CC=C1)(C2=CC=C(C=C2)Cl)OCC[C@H]3CCCN3C.C(=C/C(=O)O)\C(=O)O,1,,CCC(C)C1(C(=O)NC(=O)NC1=O)CC=C,0,,CCCCCCCCCC(=O)N(C)C,1,,CCCCCCCCCCC(CCCCCCCC)CO,0,,,,,C1=CC(=CC=C1[C@@H](C(=O)O)N)O,0,,,,,,
C1=CC(=C(C=C1[C@H](CN)O)O)O,0,,C1=CC=C(C=C1)CCNN.OS(=O)(=O)O,1,,CCCCCCCCCCCC(=O)O.C(CO)N(CCO)CCO,1,,C1=CC=C(C=C1)C(=O)OC2=CC=CC3=C2N=CC=C3,0,,,,,CCN(CC)C(=S)SSC(=S)N(CC)CC,1,,,,,,
CCOC(=O)C1=CC=C(C=C1)I,0,,CCN(CC)CCOCCOC(=O)C1(CCCC1)C2=CC=CC=C2,0,,C1=CC2=C(C=CN2)C(=C1)O,1,,CC(C(C1=CC=CC=C1)O)N(C)C/C=C/C2=CC=CC=C2,0,,,,,CCCCC1=NC2=C(N1CC3=CC=C(C=C3)C4=CC=CC=C4C5=NN=N[N-]5)N=CC=C2.[Na+],1,,,,,,
CC(=O)C1=CC=C(C=C1)O,0,,CCCCC(CC)C(=O)[O-].CCCCC(CC)C(=O)[O-].[Ca+2],0,,CCCCCCCCOS(=O)(=O)[O-].[Na+],1,,C1=CC=C(C=C1)OCC(=O)O,0,,,,,C1=CC=C2C=C(C=CC2=C1)O,1,,,,,,
C1CCN(CC1)C[C@@H](CO/N=C(/C2=C[N+](=CC=C2)[O-])\Cl)O,0,,C1=CC(=CC=C1C2=CSC(=N2)NN)N,1,,C1CC2C(O2)CC1COC(=O)C3CCC4C(C3)O4,1,,CCN(CC)CCOC(=O)C1=CC=C(C=C1)OCC,0,,,,,CC(C)(C)C1CCCCC1=O,0,,,,,,
C1[C@@H]2[C@H]3[C@@H]([C@H]1[C@H]4[C@@H]2O4)[C@]5(C(=C([C@@]3(C5(Cl)Cl)Cl)Cl)Cl)Cl,1,,CC(=O)[O-].CC(=O)[O-].CC(=O)[O-].[Cr+3],0,,CC(Cl)Cl,0,,CN1CCC2=CC3=C(C(=C2[C@@H]1[C@@H]4C5=C(C(=C(C=C5)OC)OC)C(=O)O4)OC)OCO3,1,,,,,CC(C)CCC(=O)C,0,,,,,,
C1=CC=C(C=C1)[Sn](C2=CC=CC=C2)(C3=CC=CC=C3)F,1,,CCCCCCCCCCCC(=O)N(CC)CC,1,,C1=CC=C(C=C1)C2C(=O)C3=CC=CC=C3C2=O,0,,COC1=CC(=C(C=C1)C(=O)C2=CC=CC=C2O)O,0,,,,,C1C2=C(C=CC(=C2)N)N=C3N1C(=O)C4=CC=CC=C43,1,,,,,,
C1C(CC2=CC=CC=C2C1C3=C(SC4=CC=CC=C4C3=O)O)C5=CC=C(C=C5)C6=CC=C(C=C6)Br,1,,C1=CC(=CC=C1C(=O)N[C@@H](CCC(=O)O)C(=O)O)NCC2=CN=C3C(=N2)C(=O)NC(=N3)N,0,,CN1C(=O)C=CS1,1,,C1(C(C(C(C(C1O)O)O)O)O)O,0,,,,,CCCCCCCCCCCCCCCC(=O)OC(C)C,0,,,,,,
CN[C@H]1CC[C@H](C2=CC=CC=C12)C3=CC(=C(C=C3)Cl)Cl.Cl,1,,CCO[Si](CCCS)(OCC)OCC,0,,C1=CC=C(C=C1)OC2=C(C3=C(C(=C2)O)C(=O)C4=CC=CC=C4C3=O)N,1,,C1=CC(=CC=C1NC(=O)C2=C(C(=CC(=C2)Br)Br)O)Br,1,,,,,C1=CC=NC(=C1)C2=CC=CC=N2,1,,,,,,
C1C2C(COS(=O)O1)C3(C(=C(C2(C3(Cl)Cl)Cl)Cl)Cl)Cl,1,,C1=CC(=CC=C1OC2=C3C(=CC(=CC3=NC=C2)Cl)Cl)F,1,,CCCCCCCCCC[N+](C)(C)CCCCCCCCCC.[Cl-],1,,CC(=O)OCC(COC(=O)C)OC(=O)C,0,,,,,COC1=CC(=C(C=C1)OC)C(CNC(=O)CN)O.Cl,0,,,,,,
CN(C)C1=CC=C(C=C1)C(=C2C=CC(=[N+](C)C)C=C2)C3=CC=CC=C3.CN(C)C1=CC=C(C=C1)C(=C2C=CC(=[N+](C)C)C=C2)C3=CC=CC=C3.C(=O)(C(=O)O)O.C(=O)(C(=O)[O-])O.C(=O)(C(=O)[O-])O,1,,CC(=O)C(C(=O)N(C)C)Cl,0,,C1=C(C=C(C(=C1Cl)N)Cl)N,1,,C1=CC=C(C(=C1)C(=O)OC2=CC=CC=C2C(=O)O)O,0,,,,,CC(CN(CCN(CC(C)OCCO)CC(C)OCCO)CC(C)OCCO)OCCO,1,,,,,,
C1=CC(=C(C(=C1)Cl)COC(CN2C=CN=C2)C3=C(C=C(C=C3)Cl)Cl)Cl,1,,C1=CC(=CC=C1[N+](=O)[O-])OC2=C(C=C(C=C2)C(F)(F)F)[N+](=O)[O-],1,,CN(C)CCC[C@@]1(C2=C(CO1)C=C(C=C2)C#N)C3=CC=C(C=C3)F.C(=O)(C(=O)O)O,0,,CC1=CC(=C(C=C1Cl)C(C)C)O,1,,,,,CCCCCCCCOCCCN,0,,,,,,
CS(=O)(=O)C1=CC=C(C=C1)C2=CN3C=CC=CC3=N2,1,,C1=CC(=CC=C1NC2=NC(=NC(=N2)N(CCO)CCO)NC3=CC(=C(C=C3)/C=C/C4=C(C=C(C=C4)NC5=NC(=NC(=N5)NC6=CC=C(C=C6)S(=O)(=O)[O-])N(CCO)CCO)S(=O)(=O)[O-])S(=O)(=O)[O-])S(=O)(=O)[O-].[Na+].[Na+].[Na+].[Na+],0,,CC(COC)OC(=O)C,0,,C1=CC=C(C(=C1)CO)O,0,,,,,CC(C)OP(=S)(OC(C)C)SCCNS(=O)(=O)C1=CC=CC=C1,1,,,,,,
CCCCCCCCCC[N+](C)(CCCCCCCCCC)CCC[Si](OC)(OC)OC.[Cl-],1,,CC1=CC(=CC=C1)C,0,,CCN(CC(C)O)C1=NN=C(C=C1)NNC(=O)OCC,0,,C([C@@H]([C@H]([C@@H](C(=O)CO)O)O)O)O,0,,,,,CN(CCCC(=O)C1=CN=CC=C1)N=O,0,,,,,,
CC(=O)NC1=CC=C(C=C1)/C=N/NC(=S)N,0,,C1=CC=C2C(=C1)C=CC3=C2C=CC=N3,1,,C=CCOCC(CO)(COCC=C)COCC=C,1,,CC1=C(C=C(C=C1)C(=O)C(=O)[O-])C.[Na+],1,,,,,CC(C)CC(=O)C,0,,,,,,
CCC=CC#N,0,,CC1=CC(=C(C=C1)C(C)C)OC,0,,CC(C)OC1=CC2=C(C=C1)C(=O)C(=CO2)C3=CC=CC=C3,1,,C1=CC=C(C(=C1)C(=O)OCC(CO)O)N,0,,,,,CC1=C(C=CC=C1NC2=C(C=CC=N2)C(=O)O)C(F)(F)F.CNC[C@@H]([C@H]([C@H]([C@@H](CO)O)O)O)O,1,,,,,,
CC[NH+]=C1C=CC(=C(C2=CC=C(C=C2)N(CC)CC)C3=CC=C(C=C3)N(CC)CC)C4=CC=CC=C14.[Cl-],1,,CC(C)(CCC(C)(C)O)O,0,,C1CCNC2=C(C1)C=CC(=C2)C(=O)CCC3CCN(CC3)CC4=CC=CC=C4.C(=C/C(=O)O)\C(=O)O,0,,C1=CC=C(C(=C1)C(=O)O)N,0,,,,,CC(C)(C)C1=CC(=C(C=C1O)C(C)(C)C)O,1,,,,,,
CC(=CC1C(C1(C)C)C(=O)OCC2=COC(=C2)CC3=CC=CC=C3)C,0,,CC(=CCC/C(=C/CC/C(=C/CCC(=O)OC/C=C(\C)/CCC=C(C)C)/C)/C)C,0,,C1(=NC(=O)N(C(=O)N1Cl)Cl)[O-].O.O.[Na+],0,,CCCCCCCC/C=C/C(=O)[O-].CCCCCCCC/C=C/C(=O)[O-].[Ca+2],1,,,,,C[C@H]1/C=C\C=C(/C(=O)NC2=C(C(=C3C(=C2O)C(=C(C4=C3C(=O)[C@](O4)(OC=C[C@@H]([C@H]([C@H]([C@@H]([C@@H]([C@@H]([C@H]1O)C)O)C)OC(=O)C)C)OC)C)C)O)O)/C=N/N5CCN(CC5)C)\C,1,,,,,,
CC1=C(C(CCC1)(C)C)/C=C/C(=C/C=C/C(=C\C=O)/C)/C,1,,COC(=O)C1=CC=C(C=C1)CBr,1,,C[C@]12CC[C@H]3[C@H]([C@@H]1CC[C@@H]2O)CC[C@]45[C@@]3(CC(=C([C@H]4O5)O)C#N)C,0,,CCOC1=CC=C(C=C1)NC(=O)C,0,,,,,CC1OC(OC(O1)C)C,0,,,,,,
C1=CC2=C(C=CC=C2N)C(=C1)N,0,,CCN1C2=CC=CC=C2C3=CC=CC=C31,1,,C/C=C\1/CC2CC1C=C2,1,,CC1=C(C(=O)N(N1C)C2=CC=CC=C2)I,0,,,,,C1=CC(=CC=C1N)S(=O)(=O)C2=CC=C(C=C2)N,0,,,,,,
CN(C)CCC=C1C2=CC=CC=C2CCC3=CC=CC=C31.Cl,1,,COC1=CC(=O)OC(=C1)/C=C/C2=CC=CC=C2,1,,C1CC1(C(=O)NC2=C(C=C(C=C2)Cl)Cl)C(=O)O,1,,CC(C)(C)C(=O)C(N1C=CN=C1)OC2=CC=C(C=C2)Cl,1,,,,,C1=CC=C2C(=C1)C(=O)C(=C(C2=O)Cl)Cl,0,,,,,,
CC1C(=C(C(=O)O1)O)C,0,,COC1=CC2=C(C=C1)N=C(S2)N,1,,CC(C(=O)O)(Cl)Cl,1,,C1=CC=C2C(=C1)C(=O)OC2(C3=CC=C(C=C3)O)C4=CC=C(C=C4)O,1,,,,,C1CCC(CC1)(C2=CC=C(C=C2)O)C3=CC=C(C=C3)O,1,,,,,,
CCCCCCCC/C=C\CCCCCCCC(=O)NCC1=CC(=C(C=C1)O)OC,1,,CN(C)C(=O)C(C1=CC=CC=C1)C2=CC=CC=C2,1,,C/C=C/C1=CC(=C(C=C1)O)OC,1,,CC(=O)/C=C/C=C\1/C2CCC(C2)C1(C)C,1,,,,,CC1=CC2=C(N1)C=CC=C2OCC(CNC(C)(C)C)OC(=O)C3=CC=CC=C3,0,,,,,,
C1C(=O)NC(=O)N1/N=C/C2=CC=C(O2)[N+](=O)[O-],0,,C1C(COCO1)([N+](=O)[O-])Br,0,,CCOC1=CC2=C(C=C1)NC(C=C2C)(C)C,1,,CCCCCCCCCCCCSCCOCCO,1,,,,,CCC1=C(C=CC(=C1)SCC2=C(N=C(S2)C3=CC=C(C=C3)C(F)(F)F)CN4CCN(CC4)C5=CC=C(C=C5)OC)OCC(=O)O,1,,,,,,
O.O.[Cl-].[Cl-].[Ba+2],0,,CCOC(=O)C1=CN=CN1C(C)C2=CC=CC=C2,1,,CCCCCC[C@H](C/C=C\CCCCCCCC(=O)OCC(CO)O)O,1,,CCN(CC)CCOCCOC(=O)C1(CCCC1)C2=CC=CC=C2,1,,,,,C1=CC=C2C(=C1)C(=O)C3=C(C2=O)C=C(C=C3)N,1,,,,,,
C1=CN(C(=N1)[N+](=O)[O-])CC(=O)NCCO,0,,CCC(=O)N(C1CCN(CC1)CCC2=CC=CC=C2)C3=CC=C(C=C3)F,0,,CCOCCO,0,,CCCOC(=O)C1=CC=CC=C1,0,,,,,CCCCCC,0,,,,,,
CC(C)C1CCC(C1(CN2C=NC=N2)O)CC3=CC=C(C=C3)Cl,1,,COP(=S)(OC)OC1=CC=C(C=C1)[N+](=O)[O-],1,,C1=C(C=C(C(=C1Br)O)Br)Br,1,,C([C@H]([C@@H]([C@@H]([C@H](CO)O)O)O)O)O,0,,,,,CCCCCCCCO[C@H]1[C@@H]([C@H]([C@@H]([C@H](O1)CO)O)O)O,0,,,,,,
C1COC(=O)O1,0,,CNC(=O)OC1=CC=CC2=CC=CC=C21,1,,CC(C)C(C(C)(C)COC(=O)C1=CC=CC=C1)OC(=O)C2=CC=CC=C2,1,,C([C@H]([C@@H]([C@@H]([C@H](CO)O)O)O)O)O,0,,,,,B(C1=CC=CC=C1)(C2=CC=CC=C2)C3=CC=CC=C3,1,,,,,,
C1=C(C=C(C(=C1S(=O)C2=C(C(=CC(=C2)Cl)Cl)O)O)Cl)Cl,1,,CCCCCC[N+]1=CC=CC=C1.[Br-],0,,CCOC(=O)C1=C(SC2=C1CCN(C2)CC3=CC=CC=C3)N,1,,C([C@H]([C@H]([C@@H]([C@@H](CO)O)O)O)O)O,0,,,,,CCOC(=O)[C@H](CCC1=CC=CC=C1)N[C@H]2CCC3=CC=CC=C3N(C2=O)CC(=O)O.Cl,1,,,,,,
C[C@]12CC[C@H]3[C@H]([C@@H]1CC[C@@H]2OC(=O)CCC4=CC=CO4)CCC5=CC(=O)CC[C@H]35,1,,CC1=C(C(=O)C[C@@H]1OC(=O)[C@@H]2[C@H](C2(C)C)C=C(C)C)CC=C,1,,CC(C#C)N(C)C(=O)NC1=CC=C(C=C1)Cl,1,,CN(C)C(=S)SC(=S)N(C)C,0,,,,,C1=CC=C(C=C1)SSC2=CC=CC=C2,1,,,,,,
CC(=O)OCC1=CC=CO1,0,,CC(C)(C)NC1=NC(=NC(=N1)NC2CC2)SC,1,,CN1CCN(CC1)CCCN2C3=CC=CC=C3SC4=C2C=C(C=C4)C(F)(F)F.Cl.Cl,0,,C1COCCN1SC2=NC3=CC=CC=C3S2,0,,,,,CC1CC(=O)NN=C1C2=CC=C(C=C2)NC(=NC)NC#N,0,,,,,,
CN1CC[C@@H]([C@@H](C1)O)C2=C(C=C(C3=C2OC(=CC3=O)C4=CC=CC=C4Cl)O)O.Cl,0,,CC1=CC(=CC(=C1OC2=C3CCCC3=C(C=C2)O)C)NC(=O)C(=O)O,0,,CC1=NC=C(C=C1)C2=C(C=C(C=N2)Cl)C3=CC=C(C=C3)S(=O)(=O)C,1,,C[C@@H](NCC(CN[C@@H](/C(=N/O)/C)C)(C)C)/C(=N/O)/C,0,,,,,C1=CC=C(C=C1)NC(=O)C2=C(C=CC(=C2)[N+](=O)[O-])Cl,1,,,,,,
C1=CC2=C(C3=C(C=CC=N3)C=C2)N=C1,1,,CCCCN1C=C[N+](=C1C)C.C(F)(F)(F)S(=O)(=O)[N-]S(=O)(=O)C(F)(F)F,0,,CCCCCC/C=C/C(=O)OC,0,,C1=CC=C(C(=C1)C(=O)O)S,0,,,,,COP(=O)(OC)OC=C(Cl)Cl,0,,,,,,
C1=CC=CC=C1,0,,CC(=O)OCC(=O)[C@]1(CCC2[C@@]1(C[C@@H](C3C2CCC4=CC(=O)CC[C@]34C)O)C)O,0,,CC(C)CCOC(=O)C1=CC=C(C=C1)N(C)C,1,,CCN1CCN(CC1)C2=C(C=C3C(=C2)N(C=C(C3=O)C(=O)O)C4CC4)F,0,,,,,C1[C@@H]([C@H]([C@@H]([C@H](N1CCO)CO)O)O)O,0,,,,,,
C1=NC2=C(N1)C(=S)N=CN2,1,,CN1C(=CN=C1COC(=O)N)[N+](=O)[O-],0,,C1=C(C=C(C(=C1SC2=C(C(=CC(=C2)Cl)Cl)O)O)Cl)Cl,1,,C1=CC=C(C=C1)[C@H](C(=O)O)O,0,,,,,CCCCOC(=O)CC,0,,,,,,
CC1=CC(=C(C=C1)OC)N,0,,CCOC1=CC=CC(=C1)C2(CCC(CC2)C)N3CCN(CC3)C4=CC=CC=C4.CS(=O)(=O)O,0,,CC(=O)O[C@@H]1[C@@H](SC2=CC=CC=C2N(C1=O)CCN(C)C)C3=CC=C(C=C3)OC,0,,C1=CC(=C(C=C1Cl)Cl)CO,0,,,,,CO[C@H]1[C@@H](C[C@@H]2CN3CCC4=C([C@H]3C[C@@H]2[C@@H]1C(=O)OC)NC5=C4C=CC(=C5)OC)OC(=O)C6=CC(=C(C(=C6)OC)OC)OC,1,,,,,,
C1C2=CC=CC3=C2C4=C(C=CC=C41)C=C3,1,,C1=CC(=CC=C1C[C@@H](C(=O)O)N)N(CCCl)CCCl,0,,CC(C)(CCl)C1=CC=CC=C1,0,,CCCC(=O)O[C@@]1([C@H](C[C@@H]2[C@@]1(CC(=O)[C@]3([C@H]2CCC4=CC(=O)C=C[C@@]43C)F)C)C)C(=O)CCl,1,,,,,C1COCCN1CCCNC(=O)C2=CC=C(C=C2)Cl,0,,,,,,
CCCCCCCCCC(CC)C1=CC=C(C=C1)S(=O)(=O)[O-].CCCCCCCCCC(CC)C1=CC=C(C=C1)S(=O)(=O)[O-].[Ca+2],1,,COC(C1=CC=CC=C1)C(=O)O,0,,CN(C)CCN(C)CCO,0,,CC(C1=CC=C(S1)C(=O)C2=CC=CC=C2)C(=O)O,0,,,,,CC(=O)OC1=CC2=C(S1)CCN(C2)C(C3=CC=CC=C3F)C(=O)C4CC4.Cl,1,,,,,,
C1=CC=C(C=C1)C(=O)OC2=CC=CC3=C2N=CC=C3,1,,C1=CC=C(C=C1)[Bi](C2=CC=CC=C2)C3=CC=CC=C3,1,,C1=CC=NC(=C1)NS(=O)(=O)C2=CC=C(C=C2)N=NC3=CC(=C(C=C3)O)C(=O)O,1,,C[C@@H]1CC[C@H](C(=O)C1)C(C)C,0,,,,,C1CC(C1)(C(=O)O)C(=O)O.[NH2-].[NH2-].[Pt+2],0,,,,,,
CN(C)CCOC1=CC=C(C=C1)/C(=C(/CCCl)\C2=CC=CC=C2)/C3=CC=CC=C3.C(C(=O)O)C(CC(=O)O)(C(=O)O)O,1,,CC(C)C(C(C)(C)COC(=O)C1=CC=CC=C1)OC(=O)C2=CC=CC=C2,1,,CC(=C)C(=O)NCCCN(C)C,0,,CN1CCOC(C2=CC=CC=C2C1)C3=CC=CC=C3.Cl,0,,,,,C1(=NC(=NN1)N)N,0,,,,,,
CN(C)CC/C=C/1\C2=CC=CC=C2SC3=C1C=C(C=C3)Cl,1,,CCN(CC)C1=NC(=CC(=N1)OP(=S)(OC)OC)C,1,,CCCC[N+]1=CC=C(C=C1)C.C(F)(F)(F)S(=O)(=O)[O-],0,,CCOC(=O)C1=C(NC(=C(C1C2=CC=CC=C2/C=C/C(=O)OC(C)(C)C)C(=O)OCC)C)C,1,,,,,CC1=C(C(=CC=C1)C)NC(=O)CN(CC(=O)O)CC(=O)O,0,,,,,,
CC1=CC=CC=C1N,0,,CCOC(=O)C(C1=CC=C(C=C1)Cl)(C2=CC=C(C=C2)Cl)O,1,,CCCCCCCC(OC)OC,0,,CC1(C2=C(C=C(C=C2)OC)C(=O)N(C1=O)CCC3=CC=C(C=C3)S(=O)(=O)NC(=O)NC4CCCCC4)C,1,,,,,CC1=CC(NC2=CC=CC=C12)(C)C,1,,,,,,
CN1C2=C(C(=O)N(C1=O)C)NC(=N2)Br,0,,CCCCCCCCCCCCOS(=O)(=O)[O-].[Na+],0,,CC(C)(C)C1=CC=C(C=C1)S,1,,C1=CC(=CN=C1)C(=O)NCCO[N+](=O)[O-],0,,,,,[B-](F)(F)(F)F.[Na+],0,,,,,,
CN(C)C1=CC=NC=C1,0,,CCOC(=O)NCCOC1=CC=C(C=C1)OC2=CC=CC=C2,1,,CC(C)NC(=O)C1=CC=C(C=C1)C=O,0,,CCOC(=O)N1C=CN(C1=S)C,0,,,,,CCC(C)(C)C1=CC(=C(C=C1)O)C(C)(C)CC,1,,,,,,
CCCCCCCCCCCCOCCOCCOCCOCCOCCOCCOCCOCCOCCO,1,,CC(C)CCCCCCCOC(=O)C1=CC(=C(C=C1)C(=O)OCCCCCCCC(C)C)C(=O)OCCCCCCCC(C)C,0,,C1=CC=C(C=C1)C(=O)C2=CC=C(C=C2)O,0,,CC(=CC1C(C1(C)C)C(=O)OCC2=CC(=CC=C2)OC3=CC=CC=C3)C,1,,,,,CC1=CC=CC=C1S,0,,,,,,
B(OC(C)C)(OC(C)C)OC(C)C,0,,CCCC[N+]1=CC=CC(=C1)C.C(F)(F)(F)S(=O)(=O)[O-],0,,C1(=C(C(=C(C(=C1Cl)Cl)C(=O)Cl)Cl)Cl)C(=O)Cl,0,,C1CSC(=O)C1NC(=O)CSCC(=O)O,0,,,,,CC1=CC=CC=C1N,0,,,,,,
C1CCC2C(C1)C(=O)OC2=O,0,,C1=CC2=C(C=C1OC(F)(F)F)SC(=N2)N,1,,COC1=C(C=C2C(=C1)C3=CC=CC=C3O2)N,1,,CC1=C(C(C(=C(N1)C)C(=O)OC(C)(C)CN(C)CCC(C2=CC=CC=C2)C3=CC=CC=C3)C4=CC(=CC=C4)[N+](=O)[O-])C(=O)OC.Cl,1,,,,,C1=CC(=CC=C1CC(C(=O)O)N)Cl,0,,,,,,
CN(C)C1=CC=C(C=C1)C(=C2C=CC(=[N+](C)C)C=C2)C3=CC=C(C=C3)N(C)C.[Cl-],1,,CCCCOCN(C1=C(C=CC=C1CC)CC)C(=O)CCl,1,,CC(C)CCCC(C)N,0,,CC(=O)NCCC1=CNC2=C1C=C(C=C2)OC,0,,,,,C(SC#N)SC#N,1,,,,,,
CC(C)N(C1=CC=CC=C1)C(=O)CCl,1,,CCN(CC)C(=O)SCC1=CC=C(C=C1)Cl,1,,CCCCN1C=C[N+](=C1)C.C(=[N-])=NC#N,0,,CC1C(C(CC(O1)OC2C[C@@](CC3=C2C(=C4C(=C3O)C(=O)C5=C(C4=O)C(=CC=C5)OC)O)(C(=O)CO)O)N6CCOC(C6)OC)O,1,,,,,C1CN(CCN1CCO)CCS(=O)(=O)[O-].[Na+],0,,,,,,
[O-]S(=O)(=O)[O-].[Fe+2],0,,C/C=C/C1=CC=C(C=C1)OC,0,,CC(=CCOC1=C2C(=CC3=C1OC=C3)C=CC(=O)O2)C,1,,CC1=C(C2=C(C=C1)N=C(NC2=O)N)SC3=CC=NC=C3.Cl.Cl,0,,,,,C/C=C\1/CC2CC1C=C2,1,,,,,,
CC/C(=C(\C1=CC=CC=C1)/C2=CC=C(C=C2)OCCN(C)C)/C3=CC=CC=C3.C(C(=O)O)C(CC(=O)O)(C(=O)O)O,1,,CCCN(CCC)CCC1=CNC2=CC=CC=C21.Cl,0,,CN1C(=O)C=C(S1)Cl,1,,CC1CN(CCN1)C2=C(C=C3C(=C2OC)N(C=C(C3=O)C(=O)O)C4CC4)F,0,,,,,C1=CC=C(C(=C1)C(=O)OCC(CO)O)N,0,,,,,,
COC(C1=CC=CC=C1)C(=O)O,0,,C1=CC=C(C=C1)C(CCC2=CC=C(C=C2)Cl)(CN3C=NC=N3)C#N,1,,CCCCC(CC)COCCCN,1,,C1=CC=C(C=C1)C2=C(C2=O)C3=CC=CC=C3,1,,,,,CC(C)C1=CC2=C(C=C1)OC3=NC(=C(C=C3C2=O)C(=O)O)N,1,,,,,,
CC1COC2=CC=CC=C2N1,0,,C(=O)([O-])P(=O)([O-])[O-].[Na+].[Na+].[Na+],0,,CCC(=O)/C=C/C,0,,C1CN(CCC1N2C3=C(C=C(C=C3)Cl)NC2=O)CCCN4C5=CC=CC=C5NC4=O,0,,,,,O.O.[O-][Cr](=O)(=O)O[Cr](=O)(=O)[O-].[Na+].[Na+],1,,,,,,
CCSCC1=CC=CC=C1OC(=O)NC,0,,CCCC[N+]1(CCCC1)C.C(=[N-])=NC#N,0,,CC(C)(C(=O)C1=CC=C(C=C1)SC)N2CCOCC2,1,,CC(C)(C)C1=CC=C(C=C1)C(CCCN2CCC(CC2)C(C3=CC=CC=C3)(C4=CC=CC=C4)O)O,0,,,,,CCC(CC)(C(=O)NC(=O)N)Br,0,,,,,,
C12(C(C(C(C(C1(F)F)(F)F)(F)F)(F)F)(C(C(C(C2(F)F)(F)F)(F)F)(F)F)F)F,0,,CCOC(=O)NCCC[Si](OCC)(OCC)OCC,1,,CC(=CCCC(C)(C=C)OC(=O)C)C,1,,CC1=C(N(N=C1C(=O)NN2CCCCC2)C3=C(C=C(C=C3)Cl)Cl)C4=CC=C(C=C4)Cl,0,,,,,C1CN(CCN1C(C(Cl)(Cl)Cl)NC=O)C(C(Cl)(Cl)Cl)NC=O,1,,,,,,
C=C1C(C2(C(C(C1(C2(Cl)Cl)Cl)Cl)Cl)Cl)(CCl)CCl,1,,C1C2=CC=CC=C2C3=C1C=C(C=C3)N,1,,C1CCN(C1)C2=C(C(=CC(=C2)C(=O)O)S(=O)(=O)N)OC3=CC=CC=C3,0,,C(CC(=O)N[C@@H](CS)C(=O)NCC(=O)O)[C@@H](C(=O)O)N,0,,,,,CN1C(=O)C=C(S1)Cl,0,,,,,,
CCC(C)(C)C1=CC=C(C=C1)O,1,,C/C=C/C1=CC2=C(C=C1)OCO2,0,,C1=CC=C(C=C1)C2=CC=C(C=C2)O,1,,C1CCN(CC1)C[C@@H](CO/N=C(/C2=C[N+](=CC=C2)[O-])\Cl)O,0,,,,,CNC[C@@H](C1=CC(=CC=C1)O)O.Cl,0,,,,,,
C1=CC=C(C=C1)CCCC2=CC=NC=C2,0,,CC/C=C\C#N,0,,C(CCCCC(=O)O)CCCCC(=O)O,0,,C1CN(CC=C1C2=CC(=CC=C2)C(F)(F)F)CCC3=CC4=CC=CC=C4C=C3.Cl,0,,,,,C1=CC(=CC=C1C(=O)O)C(=O)O,0,,,,,,
C1=CC=C(C=C1)C(C(=O)C2=CC=CC=C2)O,0,,CCC1(C(=O)N(C(=O)N(C1=O)COC)COC)C2=CC=CC=C2,1,,COC(C1=CC=CC=C1)(C(=O)C2=CC=CC=C2)OC,1,,CN(C1CCN(CC1)C2=NC3=CC=CC=C3N2CC4=CC=C(C=C4)F)C5=NC=CC(=O)N5,1,,,,,C1=CC=C2C(=C1)C=C(C=C2[N+](=O)[O-])[N+](=O)[O-],1,,,,,,
CO[C@H]1[C@@H](C[C@@H]2CN3CCC4=C([C@H]3C[C@@H]2[C@@H]1C(=O)OC)NC5=C4C=CC(=C5)OC)OC(=O)/C=C/C6=CC(=C(C=C6)O)OC,1,,CCCCCC1=CC(=CC(=C1)O)O,1,,CCC1=C2C(=CC(=C1)C3=C(N(S(=O)(=O)C4=CC=CC=C43)C5=CC=CC=C5C(F)(F)F)C(=O)[O-])OCO2.[K+],1,,C[C@H](CSC(=O)C1=CC=CC=C1)C(=O)N2C[C@H](C[C@H]2C(=O)O)SC3=CC=CC=C3,0,,,,,C(=NN)(N)N.C(=NN)(N)N.OS(=O)(=O)O,0,,,,,,
CC(=O)NC1(CCN(CC1)CC[C@]2(CN(C(=O)CO2)C3=CC=CC=C3)C4=CC(=C(C=C4)Cl)Cl)C5=CC(=CC=C5)F.C(CC(=O)O)C(=O)O,1,,C1=NC(=NC(=O)N1[C@H]2[C@@H]([C@@H]([C@H](O2)CO)O)O)N,0,,C[C@@H]1CC[C@H]([C@@H](C1)O)C(C)C,0,,CC1=CN(C(=O)C=C1)C2=CC=CC=C2,0,,,,,CCOC(=N)CC(=O)OCC.Cl,0,,,,,,
C1=CC=C(C=C1)[Bi](C2=CC=CC=C2)(C3=CC=CC=C3)(Cl)Cl,1,,CC1=CC(=CC=C1)OCCOC2=CC=CC(=C2)C,1,,COC1=C2C(=CC3=C1OC=C3)C=CC(=O)O2,1,,CCCC1=NC(=C2N1N=C(NC2=O)C3=C(C=CC(=C3)S(=O)(=O)N4CCN(CC4)CC)OCC)C.C(C(=O)O)C(CC(=O)O)(C(=O)O)O,1,,,,,CC#C[C@@]1(CC[C@@H]2[C@@]1(C[C@@H](C3=C4CCC(=O)C=C4CC[C@@H]23)C5=CC=C(C=C5)N(C)C)C)O,1,,,,,,
CC1=CC=C(C=C1)OC(=O)C,0,,CC(C)(C)C(/C=C/C1=CC2=C(C=C1)OCO2)O,1,,CC1=C(C(=CC=C1)C)N,0,,C1=NC(=C(N1[C@H]2[C@@H]([C@@H]([C@H](O2)CO)O)O)N)C(=O)N,0,,,,,CC(=CCCC(=O)C)C,0,,,,,,
CC1CCCCC1NC(=O)NC2=CC=CC=C2,0,,CC1=C(C(CCC1)(C)C)/C=C/C(=C/C=C/C(=C/CO)/C)/C,1,,COC(=O)C1=C(C=CS1)S(=O)(=O)N,0,,CN1C=C(C2=CC=CC=C21)C3=C(C(=O)NC3=O)C4=CN(C5=CC=CC=C54)C6CCN(CC6)CC7=CC=CC=N7,0,,,,,CCCC[Sn](CCCC)(CCCC)OC(=O)C1=CC=CC=C1,1,,,,,,
COC1=C(N=CN=C1OC)NS(=O)(=O)C2=CC=C(C=C2)N,0,,COC1=C(C=C(C=C1)CC=C)OC,0,,C1=NC2=C(N1)C(=S)N=CN2,1,,C1=CC(=CC(=C1)Cl)C(C2=CC3=C(C=C2)N=CN3)N4C=CN=C4.Cl,1,,,,,CC1=CC=C(C=C1)C(=O)C,0,,,,,,
C1CN(CCC1N2C3=CC=CC=C3NC2=O)CCCC(C4=CC=C(C=C4)F)C5=CC=C(C=C5)F,1,,CCOC(=O)COC(=O)C1=C(C=CC(=C1)OC2=C(C=C(C=C2)C(F)(F)F)Cl)[N+](=O)[O-],1,,C1CCC2=NC=CN=C2C1,0,,CC1=C(C(=O)C(=C(C1=O)OC)OC)CCCCCCCCCCO,1,,,,,CC(=O)N(C)C,0,,,,,,
CN(C)C1=CC=C(C=C1)N=O,1,,C/C=C/C(=O)C1=C(CCCC1(C)C)C,0,,CC(C)C(=O)NC1=CC(=C(C=C1)[N+](=O)[O-])C(F)(F)F,1,,CS(=O)(=O)NC1=C(C=C(C=C1)[N+](=O)[O-])OC2=CC=CC=C2,0,,,,,CCCCCCCCCCCCN1C=C[N+](=C1)C.[I-],1,,,,,,
C1C(O1)COC2=CC=C(C=C2)C(C3=CC=C(C=C3)OCC4CO4)C(C5=CC=C(C=C5)OCC6CO6)C7=CC=C(C=C7)OCC8CO8,0,,CC(C)(C1=CC=CC=C1)OOC(C)(C)C2=CC=CC=C2,1,,CN1CCC2=CC3=C(C=C2C1O)OCO3.Cl,0,,CC[C@@]1(C2=C(COC1=O)C(=O)N3CC4=C(C5=CC=CC=C5N=C4C3=C2)/C=N/OC(C)(C)C)O,1,,,,,CCN(CC)C1=NC(=CC(=N1)OP(=S)(OCC)OCC)C,1,,,,,,
CCCC[N+](CCCC)(CCCC)CCCC.[Br-],0,,CCCCCCN1C=C[N+](=C1)C.C(F)(F)(F)S(=O)(=O)[O-],0,,CC(C)(C)C1=CC(=C(C=C1)OP(=O)(NC)OC)Cl,1,,CCN(CC)CCOC(=O)C(CC1CCCO1)CC2=CC=CC3=CC=CC=C32.C(=O)(C(=O)O)O,1,,,,,CCC1=CC=CC=C1N,0,,,,,,
C(/C=C/CCl)Cl,0,,CC(C)CC1=C(C(=NC(=C1C(=O)OC)C(F)F)C(F)(F)F)C2=NCCS2,1,,CC(=O)NC1=CC=C(C=C1)C(=O)O,0,,CN1CCC(CC1)COC2=C(C=C3C(=C2)N=CN=C3NC4=C(C=C(C=C4)Br)F)OC,0,,,,,C1=CC=C2C(=C1)C(=O)NC2(C3=CC(=C(C=C3)Cl)S(=O)(=O)N)O,0,,,,,,
CN1CCC(CC1)NC2=NC=C3C(=N2)C(=NC=N3)NC4=CC(=C(C=C4)F)Cl.Cl.Cl,1,,COC1=C2CCCCC(C2=NC=C1)S(=O)C3=NC4=CC=CC=C4N3,1,,CC(C)CC(C)(C#CC(C)(CC(C)C)O)O,1,,CCC(C1=CC=CC=C1)C(=O)OCCN2CCOC(C2C)C3=CC=CC=C3,1,,,,,CC(C)(C)NCCNC(C)(C)C,0,,,,,,
COC1=C(C=CC(=C1)C2=CC(=C(C=C2)N)OC)N.Cl.Cl,0,,C1=CC(=CC=C1OCCO)OCCO,0,,C(/C=C/C(=O)O)N,0,,CC(CC1=CC=CC=C1)NCC2=CC=CC=C2Cl.Cl,1,,,,,CC1=C(N=C(O1)C2=CC=CC=C2)CCC(=O)C3=CC=C(C=C3)CC4C(=O)NC(=O)S4,0,,,,,,
C1=CC=C2C(=C1)C3=CC=CC=C3C2(C4=CC=C(C=C4)O)C5=CC=C(C=C5)O,1,,CC(=O)C(C)(C)C,0,,CC1=CC=CC=C1C(=O)O,0,,CCOC1=CC=CC=C1O[C@@H]([C@H]2CNCCO2)C3=CC=CC=C3.CS(=O)(=O)O,1,,,,,CC(C)(C)Cl,0,,,,,,
C1CN(CCN1)C2=NC3=CC=CC=C3OC4=C2C=C(C=C4)Cl,1,,CC1=CC(=O)OC2=C1C=C3C=C(OC3=C2C)C,1,,CS(=O)(=O)CCNCC1=CC=C(O1)C2=CC3=C(C=C2)N=CN=C3NC4=CC(=C(C=C4)OCC5=CC(=CC=C5)F)Cl,1,,CN1CCN(CC1)C2=C(C=C3C(=C2)N(C=C(C3=O)C(=O)O)C4=CC=C(C=C4)F)F.Cl,0,,,,,CCCCCCCCCCCCN1C=C[N+](=C1)C.C(F)(F)(F)S(=O)(=O)[N-]S(=O)(=O)C(F)(F)F,1,,,,,,
CN1CCC(=C2C3=CC=CC=C3CCC4=C2N=CC=C4)CC1,0,,C1=CC(=CC=C1O)O,1,,CCOC1=NC=C(C(=O)N1)F,0,,CCCN1C=NC2=C1C(=O)N(C(=O)N2C)CCCCC(=O)C,0,,,,,CCCCOC(=O)CCC(=O)OCCCC,0,,,,,,
C1=CC(=C(C=C1Cl)SC2=C(C=CC(=C2)Cl)O)O,1,,CCCCCCCCCCCCN1CCCCCC1=O,1,,C[C@@]12CC[C@@H](C1(C)C)CC2=O,0,,CC1=C(C=C(C=C1)NC2=NC=CC(=N2)N(C)C3=CC4=NN(C(=C4C=C3)C)C)S(=O)(=O)N,1,,,,,C1(=C(N=C(C(=N1)Cl)N)N)C(=O)N=C(N)N.Cl,1,,,,,,
CCCCCCC(CCCCCCCCCCC(=O)O)O,1,,C1=CC(=CC=C1C2=COC3=CC(=CC(=C3C2=O)O)O)O,1,,CCCCCC(=O)OCCCCC,0,,CCN[C@@H](C)CC1=CC(=CC=C1)C(F)(F)F.Cl,0,,,,,CCCC1COC(O1)(CN2C=NC=N2)C3=C(C=C(C=C3)Cl)Cl,1,,,,,,
CC1=CC2=C(C=C1C(F)(F)F)N(CC2)C(=O)NC3=CN=C(C=C3)OC4=C(N=CC=C4)C.Cl,1,,CCOC(=O)C(CC1=CC(=C(C=C1Cl)F)N2C(=O)N(C(=N2)C)C(F)F)Cl,1,,C/C(=N\OC(=O)N(SN(C(=O)O/N=C(/SC)\C)C)C)/SC,1,,CC(=O)OCC(=O)[C@]1(CC[C@@H]2[C@@]1(C[C@@H]([C@]3([C@H]2CCC4=CC(=O)C=C[C@@]43C)F)O)C)O,0,,,,,CC(=O)N[C@H](COC)C(=O)NCC1=CC=CC=C1,0,,,,,,
C1CN(NC1=O)C2=CC=CC=C2,0,,C1=CC=C2C(=C1)C(=O)C3=C(C2=O)C=C(C=C3)O,1,,CC1=CC=NC=C1,0,,CCCCCCCCCCCCCCCCCC(=O)O,0,,,,,C1=CC(=C(C(=C1)F)C(=O)NC(=O)NC2=CC=C(C=C2)Cl)F,0,,,,,,
CCCCCCCCOC(=O)C1=CC=C(C=C1)O,1,,C[C@H]1[C@H]([C@H](C[C@@H](O1)O[C@H]2C[C@@](CC3=C2C(=C4C(=C3O)C(=O)C5=C(C4=O)C(=CC=C5)OC)O)(C(=O)CO)O)N)O.Cl,0,,CN(C)CCOC(=O)C(C1=CC=CC=C1)(C2=CC=CC=C2)OCC#C.Cl,1,,CCN(CC)C(=O)N1CCN(CC1)C.C(C(=O)O)C(CC(=O)O)(C(=O)O)O,0,,,,,CC(=O)C1=CC2=C(C=C1)SC3=CC=CC=C3N2CCCN4CCC(CC4)CCO,1,,,,,,
C1COCCN1CCN,0,,C1CN(CCN1)CCO,0,,C1CC(CC(C1)CN)CN,0,,C1=C(C=C(C(=C1O)O)O)C(=O)O,1,,,,,CC1=CC=C(C=C1)C2=CC(=NN2C3=CC=C(C=C3)S(=O)(=O)N)C(F)(F)F,1,,,,,,
CCCCC(CC)COC(=O)C(=C)C,0,,C1=CC(=CC=C1C(C2=CC=C(C=C2)O)(C(F)(F)F)C(F)(F)F)O,1,,CCCCOCC1CO1,0,,C1(=O)N(C(=O)N(C(=O)N1Cl)Cl)Cl,0,,,,,C1OCOCO1,0,,,,,,
C1=CC2=C(C(=C(C=C2Br)Br)O)N=C1,1,,CC1=NC2=CC=CC=C2C1(C)C,0,,C1=CC=C(C=C1)OCCO,0,,C1=CC(=CC=C1N)[As](=O)(O)O,0,,,,,C[C@]12CCCC([C@@H]1CC[C@@]([C@@H]2CC[C@](C)(C=C)O)(C)O)(C)C,1,,,,,,
C1CCC(CC1)C(=O)N2CC3C4=CC=CC=C4CCCN3C(=O)C2,0,,CCCCOCCOC(=O)COC1=CC(=C(C=C1Cl)Cl)Cl,0,,CN(CCOC1=CC=C(C=C1)CC2C(=O)NC(=O)S2)C3=CC=CC=N3,0,,CC(=O)CC(C1=CC=C(C=C1)[N+](=O)[O-])C2=C(C3=CC=CC=C3OC2=O)O,0,,,,,CC(=CCOC(=O)C1=CC=CC=C1)C,0,,,,,,
CCC(=O)O[C@H]1CC[C@@H]2[C@@]1(CC[C@H]3[C@H]2CCC4=CC(=O)CC[C@]34C)C,1,,C1=CC(=CC=C1C(=O)NCC(=O)O)[N+](=O)[O-],0,,CC(C)CC(=O)C1C(=O)C2=CC=CC=C2C1=O,1,,CC(CCC1=CC=CC=C1)NC(C)C(C2=CC=C(C=C2)O)O,0,,,,,CCCCCCCCS(=O)C(C)CC1=CC2=C(C=C1)OCO2,1,,,,,,
CCCCCCCCCCCCCCN1C=C[N+](=C1)C.[Cl-],1,,CC(C)C(C1=CC=C(C=C1)OC(F)(F)F)(C2=CN=CN=C2)O,0,,CC(=O)O[C@@H]1CC2C3CCC4=C(C3CCC2([C@H]1OC(=O)C)C)C=CC(=C4)OC(=O)C5=CC=CC=C5,1,,CC1=C(C=CC=C1Cl)NC2=CC=CC=C2C(=O)O,0,,,,,CCCCC(CC)COS(=O)(=O)[O-].[Na+],0,,,,,,
C1=CC(=CN=C1)CC(O)(P(=O)(O)[O-])P(=O)(O)[O-].[Na+].[Na+],0,,CCNC1=NC(=NC(=N1)SC)NC(C)C(C)C,1,,CC(CO)(CO)C(=O)O,0,,CC1=C(C(=CC=C1)CC2=CN=CN2)C.Cl,1,,,,,C1=CC(=CC=C1CBr)Br,0,,,,,,
C1=CC=C2C(=C1)C=CC=C2NCCN.Cl.Cl,1,,CCCCCCCCOC1=CC=C(C=C1)C(=O)O,1,,CC(=CCOC1=CC=C(C=C1)/C=C/C(=O)C2=C(C=C(C=C2)OCC=C(C)C)OCC(=O)O)C,1,,C1=CC2=C(C(=C(C=C2I)I)O)N=C1,0,,,,,CC1(C(=O)N(C(=O)O1)C2=CC(=CC(=C2)Cl)Cl)C=C,1,,,,,,
COC(=O)CCSCCC(=O)OC,0,,CC1CN(NC1=O)C2=CC=CC=C2,1,,CC(C)(C)C(C(N1C=NC=N1)OC2=CC=C(C=C2)Cl)O,1,,CN1[C@@H]2CC[C@H]1CC(C2)OC(=O)C(C3=CC=CC=C3)O.Br,0,,,,,[N+](=O)([O-])[O-].[Na+],0,,,,,,
CC(C)OC(=O)C(C)(C)OC1=CC=C(C=C1)C(=O)C2=CC=C(C=C2)Cl,1,,CC(C)(C1=CC(=C(C=C1)O)C2=CC=CC=C2)C3=CC(=C(C=C3)O)C4=CC=CC=C4,1,,C[C@H]1[C@@H](C(=O)N1S(=O)(=O)O)NC(=O)/C(=N/OC(C)(C)C(=O)O)/C2=CSC(=N2)N,0,,CC(C)(CC1=CC=CC=C1)N(C)C(=O)CN(CCO)CC(=O)N(C)C(C)(C)CC2=CC=CC=C2,1,,,,,C1CN(CCN1CCCN2C3=CC=CC=C3SC4=C2C=C(C=C4)Cl)CCO,1,,,,,,
CC(C)(C)C1=CC(=CC(=C1O)C(C)(C)C)/C=C\2/C(=O)NC(=N)S2.CS(=O)(=O)O,1,,CCCCCCCCC1CCC(=O)O1,1,,CCC(C)C1=C(C(=CC(=C1)[N+](=O)[O-])[N+](=O)[O-])OC(=O)OC(C)C,1,,C[C@@H]1CN(C[C@@H](N1)C)C2=C(C3=C(C(=C2F)F)C(=O)C(=CN3C4CC4)C(=O)O)F,0,,,,,CN(C)C1=CC=C(C=C1)N=O,1,,,,,,
CC(=O)OCC1=CC2=C(C=C1)OCO2,0,,CCCCCCCCCC(=O)OCC,0,,COCCC#N,0,,CC(COC1=CC=CC=C1)O,0,,,,,C1=CC(=CC=C1C(=C(Cl)Cl)C2=CC=C(C=C2)O)O,1,,,,,,
CN1CCC(CC1)NC(=O)C2=CC(=C(C=C2)NC3=NC=C4C(=N3)N(CC(C(=O)N4C)(F)F)C5CCCC5)OC,1,,[H+].[B-](F)(F)(F)F,0,,CC(C)(C(=O)NC1=CC(=C(C=C1)[N+](=O)[O-])C(F)(F)F)O,1,,C[C@]12C=CC3=C4CCC(=O)C=C4CC[C@H]3[C@@H]1CC[C@]2(CC=C)O,1,,,,,C(CN(CCO)CCO)C#N,0,,,,,,
C(CCCC(=O)O)CCCC(=O)O,0,,CC(=O)C1=CC=C(C=C1)OC,0,,C1=CC=C2C(=C1)C=C(C3=CC=CC=C23)O,1,,COC(=O)NC1=NC2=C(N1)C=C(C=C2)SC3=CC=CC=C3,0,,,,,C1=CC(=C(C=C1N)Cl)N.OS(=O)(=O)O,1,,,,,,
[C-]#N.[C-]#N.[K+].[Au+],1,,CCN(CC)C1=NC(=CC(=N1)OP(=S)(OCC)OCC)C,1,,CCCCC(CC)COCC1CO1,0,,CS(=O)(=O)C1=CC=C(C=C1)[C@H]([C@@H](CF)NC(=O)C(Cl)Cl)O,0,,,,,CC1=CC(=C(C=C1O)C)C2(C3=CC=CC=C3S(=O)(=O)O2)C4=C(C=C(C(=C4)C)O)C,0,,,,,,
CCCCC(CC)C(=O)OCCOCCOCCOCCOC(=O)C(CC)CCCC,0,,C(CS(=O)(=O)O)N,0,,CC1=C(N=C(O1)C2=CC=CC=C2)CCOC3=CC=C(C=C3)CN(CC(=O)O)C(=O)OC4=CC=C(C=C4)OC,1,,C1=CC=C(C=C1)C(=O)C2=CC=CC=C2,0,,,,,C1=CC(=CC=C1N)[As](=O)(O)O,0,,,,,,
CC(C)(C)C1=NN=C(N(C1=O)N)SC,0,,CCOC(=O)CC(=O)CCl,0,,C1(=C(C(=NC(=C1Cl)Cl)C(=O)O)Cl)Cl,1,,CC(=O)CCC(=O)[O-].CC(=O)CCC(=O)[O-].O.O.[Ca+2],0,,,,,CCC(=O)C1=CC2=C(C=C1)SC3=CC=CC=C3N2CCCN(C)C.Cl,1,,,,,,
C[C@H]1[C@@H]([C@H]([C@H]([C@@H](O1)O[C@H]2C[C@H]([C@@]3([C@@H]4[C@@H](CC[C@@]3(C2)O)[C@]5(CC[C@@H]([C@]5(C[C@H]4O)C)C6=CC(=O)OC6)O)CO)O)O)O)O,1,,CC(C)N(C1=CC=C(C=C1)F)C(=O)COC2=NN=C(S2)C(F)(F)F,1,,C1=CC(=CC(=C1)N)C(F)(F)F,0,,C1=NC2=C(C(=O)N1)N=CN2[C@H]3[C@@H]([C@@H]([C@H](O3)CO)O)O,0,,,,,C(CC(=O)O)C(=O)O,0,,,,,,
C1=CC=C(C=C1)NC2=CC=C(C=C2)N=O,1,,C1N2CN3CN1C[N+](C2)(C3)C/C=C\Cl.[Cl-],0,,CC[S+](C)CC.C(F)(F)(F)S(=O)(=O)[N-]S(=O)(=O)C(F)(F)F,1,,C1=CC=C(C=C1)NC(=NC2=CC=CC=C2)N,0,,,,,CCN(CC)C1=CC=CC(=C1)C,0,,,,,,
CC(=O)N[C@H]1CCC2=CC(=C(C(=C2C3=CC=C(C(=O)C=C13)OC)OC)OC)OC,0,,C1=CC=C(C(=C1)[N+](=O)[O-])[N+](=O)[O-],1,,CCOC1=CC=C(C=C1)NC(=O)C,0,,CC(CC1=CC=C(C=C1)O)NCC(C2=CC(=CC(=C2)O)O)O.Br,0,,,,,CCC1=NC=CN=C1CC,0,,,,,,
CNCCCC1C2=CC=CC=C2C=CC3=CC=CC=C13.Cl,1,,CC(COC1=CC=CC=C1)N(CCCl)CC2=CC=CC=C2.Cl,1,,CCCOC(=O)C,0,,CC(C)CCCC(C)CCCC(C)CCCCC(C)CCCC(C)CCCC(C)C,0,,,,,C1=CC(=C(C=C1C2=CC(=C(C=C2)N)N)N)N,1,,,,,,
CCN1CCCC1CNC(=O)C(C2=CC=CC=C2)(C3=CC=CC=C3)O,0,,CNC(=O)N(C)C1=NC2=CC=CC=C2S1,1,,C(CO)N(CCO)CCO,0,,CC1=CC2=C(C(=C1)O)C(=C3C(=C2)C=CC=C3O)O,1,,,,,C1CCC(CC1)(CC(=O)O)CN,0,,,,,,
CC(C)NC1=NC(=NC(=N1)Cl)NC(C)C,0,,CCN(CC)C1=CC(=CC=C1)O,1,,CNC(=O)OC1=CC=CC(=C1)N=CN(C)C.Cl,1,,CCCOC1=CC2=C(C=C1)N=C(N2)NC(=O)OC,0,,,,,CCC(=O)N(C1CCN(CC1)CCC2=CC=CC=C2)C3=CC=C(C=C3)F,1,,,,,,
CC(C)OC1=C(C=C(C(=C1)N2C(=O)OC(=N2)C(C)(C)C)Cl)Cl,1,,COC1=C(C=CC(=C1)C2=CC(=C(C=C2)N)OC)N.Cl.Cl,1,,C1=CC=C(C(=C1)C(F)(F)F)N=NC2=C(C=CC3=CC(=CC(=C32)O)S(=O)(=O)[O-])N.[Na+],1,,C1COCCN1CCNC(=O)C2=CC=C(C=C2)Cl,0,,,,,C(CC(=O)O)CC(=O)O,0,,,,,,
C(=O)C(Br)(Br)Br,1,,CCC1=C(C(=CC=C1)CC)N(COC)C(=O)CCl,1,,CC1=CC(=C(C=C1)C(C)(C)C)O,1,,C1=CC=C2C(=C1)C=CC(=O)O2,0,,,,,CN(C(=O)NC1=CC(=C(C=C1)Cl)Cl)OC,1,,,,,,
CCC(=O)C1=CC2=C(C=C1)SC3=CC=CC=C3N2CCCN(C)C.Cl,1,,CCN(CC)C1=CC(=C(C=C1)C(=O)C2=CC=CC=C2C(=O)O)O,1,,CCCCCCOCCO,0,,C1=CC(=C(C=C1[As](=O)(O)O)[N+](=O)[O-])O,0,,,,,CC1=CCC(C=C1)C(C)C,1,,,,,,
CCCCCCOC(=O)C1=CC=C(C=C1)O,1,,CN(C)C1=CC(=CC=C1)O,1,,CC(C)(C)NSC1=NC2=CC=CC=C2S1,1,,CC1=C(C(=O)C(=C(N1)C)Cl)Cl,0,,,,,CC(=O)CC(C)(C)OC,0,,,,,,
C=CCCC=C,0,,C=CCOC1=C(C=C(C=C1Br)Br)Br,1,,CCCCOCCOCCOC(=O)CCCCC(=O)OCCOCCOCCCC,1,,C[N+]1=C2C=C(C=CC2=CC3=C1C=C(C=C3)N)N.C1=CC(=CC2=NC3=C(C=CC(=C3)N)C=C21)N.[Cl-],1,,,,,CC(C)NC1=CC=CC=C1,0,,,,,,
C=CC(=O)OCCOCCOCCOCCOC(=O)C=C,1,,CNC1=CC=C(C=C1)O.CNC1=CC=C(C=C1)O.OS(=O)(=O)O,1,,CCC(C)(C)C(=O)O,0,,CC1=C(C(=O)N(N1C)C2=CC=CC=C2)N(C)CS(=O)(=O)[O-].[Na+],0,,,,,CC(=O)CC(=O)NC1=CC=CC=C1,0,,,,,,
C1=CC(=C(C=C1Cl)CC2=C(C=CC(=C2)Cl)O)O,1,,C1=CC=C2C3=C4C(=CC2=C1)C=CC5=C4C(=CC=C5)C=C3,1,,CCC(CC)C=O,0,,C1=CC(=CC=C1O)Cl,0,,,,,CCOP(=S)(OCC)OC1=NC2=CC=CC=C2N=C1,1,,,,,,
C1CCN(CC1)C2(CCN(CC2)CCCN3C4=CC=CC=C4CCC5=C3C=C(C=C5)Cl)C(=O)N,1,,C[Si](C1=CC=CC=C1)(C2=CC=CC=C2)Cl,1,,C1=CC(=CC=C1C(=O)O)C(=O)O,0,,CCCC1=NC=C(C(=N1)N)C[N+]2=CC=CC=C2C.Cl.[Cl-],0,,,,,CCOP(=S)(OCC)OC1=NN(C=N1)C2=CC=CC=C2,1,,,,,,
C1CCC(C1)O,0,,CCN(CC)C1=CC=C(C=C1)N=NC2=CC=CC=C2,1,,CCC1(C(=O)C=CNC1=O)CC,0,,CN1C(=C(C2=C(S1(=O)=O)C=CS2)O)C(=O)NC3=CC=CC=N3,0,,,,,CC1=C(N2[C@@H]([C@@H](C2=O)N)SC1)C(=O)O,0,,,,,,
C1=CC(=C(C=C1C(=O)O)C(=O)O)C(=O)O,0,,CC(=O)/C=C/C1=CC=CC=C1,0,,CC1=CC(=NC(=N1)N2C(=CC(=N2)C)OC)OC,0,,C/C=C/C1=CC=C(C=C1)OC,1,,,,,CC1CC(=O)O1,0,,,,,,
CCCCCCCCC=C,0,,C1=CC=C2C(=C1)C(=O)C3=C(C2=O)C(=C(C=C3O)O)O,1,,C1CN(CCN1CCCC(=O)C2=CC=C(C=C2)F)C3=CC=CC=N3,1,,COC1=C(C=C(C=C1)C2=CC(=NN2C3=CC=C(C=C3)S(=O)(=O)N)C(F)F)F,1,,,,,CC(C)(C)CC(C)(C)C1=CC(=C(C=C1)O)CC2=C(C=C(C=C2)Cl)Cl,1,,,,,,
C1=CC=C2C(=C1)C3=CC=CC=C3N2,0,,CC(CO)(CO)CO,0,,CCOC(=O)N1CCC(CC1)N2C3=C(C=C(C=C3)Cl)NC2=O,1,,C=CCNC(=S)N,0,,,,,CCOC(=O)Cl,0,,,,,,
CC1(CN(NC1=O)C2=CC=CC=C2)CO,0,,CCCC1COC(O1)(CN2C=NC=N2)C3=C(C=C(C=C3)Cl)Cl,1,,C1=CC2=C(C=CC(=C2)C(=O)O)C=C1C(=O)O,0,,C1=CC=C(C(=C1)C(=O)OCC(CO)O)NC2=C3C=CC=C(C3=NC=C2)C(F)(F)F,1,,,,,CC(=O)NC1=CC2=C(C=C1)C3=CC=CC=C3C2,1,,,,,,
CCCCCCCCS(=O)C(C)CC1=CC2=C(C=C1)OCO2,1,,CCCN(CCC)C1=C(C=C(C(=C1[N+](=O)[O-])N)C(F)(F)F)[N+](=O)[O-],1,,C1CNCC2=C1C(=O)NO2,0,,CC(=O)[C@]1(CC[C@@H]2[C@@]1(CC[C@H]3[C@H]2C=C(C4=CC(=O)[C@@H]5C[C@@H]5[C@]34C)Cl)C)OC(=O)C,0,,,,,CC1=C2CCC3=C2C(=CC4=C3C=CC5=CC=CC=C54)C=C1,1,,,,,,
CCCCCCCCCCCCS,0,,C[C@@H]1CN(CC[C@@]1(C2=CC=CC=C2)C(=O)O)C3CCC(CC3)(C#N)C4=CC=C(C=C4)F.Cl,0,,C1=CC(=C(C=C1Cl)Cl)C(=O)CCl,1,,CCCCCCCCCCCCCC(=O)OC(C)C,0,,,,,CCN(CC)N=O,0,,,,,,
CCCCCC(C#C)O,0,,CC(C)C1=NN2C=CC=CC2=C1C(=O)C(C)C,1,,C1=CC(=CC=C1[N+](=O)[O-])Cl,0,,COC1=CC=CC=C1OC(=O)OC2=CC=CC=C2OC,0,,,,,CC(=O)OC1C(C2CCC1(C2)C)(C)C,0,,,,,,
CC/C(=C(/CC)\C1=CC=C(C=C1)O)/C2=CC=C(C=C2)O,1,,C1=CC(=CC=C1C(=O)O)O,0,,C[C@H]1C[C@H]2[C@@H]3CCC4=CC(=O)C=C[C@@]4([C@H]3C(=O)C[C@@]2([C@]1(C(=O)CO)O)C)C,1,,CCCC[N+]1([C@@H]2CC(C[C@H]1[C@H]3[C@@H]2O3)OC(=O)[C@H](CO)C4=CC=CC=C4)C.[Br-],0,,,,,C[C@@H]1C[C@H]2[C@@H]3C[C@@H](C4=CC(=O)C(=C[C@@]4([C@]3([C@H](C[C@@]2([C@]1(C(=O)CO)O)C)O)F)C)Cl)F.O,1,,,,,,
CC1=CC2=C(C=C1C)N(C=N2)[C@@H]3[C@@H]([C@@H]([C@H](O3)CO)OP(=O)([O-])O[C@H](C)CNC(=O)CC[C@@]4([C@H]([C@@H]5[C@]6([C@@]([C@@H](/C(=C(/C7=N/C(=C\C8=N/C(=C(\C4=N5)/C)/[C@H](C8(C)C)CCC(=O)N)/[C@H]([C@]7(C)CC(=O)N)CCC(=O)N)\C)/[N-]6)CCC(=O)N)(C)CC(=O)N)C)CC(=O)N)C)O.[C-]#N.[Co+3],0,,CCCCCN(CCCCC)C(=O)C(CCC(=O)[O-])NC(=O)C1=CC(=C(C=C1)Cl)Cl.[Na+],0,,C1=CC(=C(C(=C1)Cl)COC(CN2C=CN=C2)C3=C(C=C(C=C3)Cl)Cl)Cl,1,,C12=C(NC(=O)NC1=O)[N-]C(=O)N2.[Na+],0,,,,,CC1=C2C=CC3=CC=CC=C3C2=C(C4=CC=CC=C14)C,1,,,,,,
CCN(CC)CCOC1=CC=C(C=C1)/C(=C(/C2=CC=CC=C2)\Cl)/C3=CC=CC=C3,1,,C1=CC=C(C=C1)C2=CC=C(C=C2)C(=O)CCC(=O)O,0,,C1=CC(=C(C=C1[N+](=O)[O-])O)N,1,,COC1=C(C=C(C=C1)CC2=NC=CC3=CC(=C(C=C32)OC)OC)OC.Cl,1,,,,,C1=CC(=C(C=C1C2=CC(=C(C=C2)N)Cl)Cl)N.Cl.Cl,1,,,,,,
CCS(=O)(=O)C(C)(C)S(=O)(=O)CC,0,,CCN1CCCC1CNC(=O)C2=CC(=C(C=C2OC)N)S(=O)(=O)CC,0,,C1=CC=C2C(=C1)C(=C(N2)C3=NC4=CC=CC=C4C3=O)O,0,,CC(C)(C)C1=CC=C(C=C1)O,1,,,,,COC1=CC2=C(C=CN=C2C=C1)[C@@H]([C@H]3C[C@@H]4CCN3C[C@@H]4C=C)O,0,,,,,,
CC(=O)N(C)C,0,,CCC(CC)(CC(=O)NC1=CC=CC(=C1)/C=C/C2=NC(=CS2)C3CCC3)C(=O)O,1,,CC(C)(C1=CC=CC=C1)C2=CC(=C(C=C2)O)C(C)(C)C3=CC=CC=C3,1,,COC1=NC(=NC(=C1)NS(=O)(=O)C2=CC=C(C=C2)N)OC,0,,,,,CC(C)(C)NC(=O)[C@@H]1CN(CCN1C[C@H](C[C@@H](CC2=CC=CC=C2)C(=O)N[C@@H]3[C@@H](CC4=CC=CC=C34)O)O)CC5=CN=CC=C5.OS(=O)(=O)O,1,,,,,,
CCOC(=O)C1=CC=C(C=C1)C2CCC(CC2)NC[C@@H](COC3=CC(=C(C=C3)O)NS(=O)(=O)C)O.Cl,1,,C1=CC=C(C=C1)C2=C(N=C(S2)N)N,0,,CC/C(=C(/CC)\C1=CC=C(C=C1)O)/C2=CC=C(C=C2)O,1,,C[C@H]1[C@@H]([C@H]([C@H]([C@@H](O1)OC[C@@H]2[C@H]([C@@H]([C@H]([C@@H](O2)OC3=C(OC4=CC(=CC(=C4C3=O)O)O)C5=CC(=C(C=C5)O)O)O)O)O)O)O)O,0,,,,,CCOC(=O)C1=CC(=O)C2=C(O1)C=CC=C2OCC(COC3=CC=CC4=C3C(=O)C=C(O4)C(=O)OCC)OC(=O)[C@H](CCCCN)N,0,,,,,,
CCCCCCCCCCCC(=O)NCCCN(C)C,1,,C1=CC=C(C(=C1)C(=C(Cl)Cl)C2=CC=C(C=C2)Cl)Cl,1,,C1CCC2CCCCC2C1,0,,CC(=CCC/C(=C/CO)/C)C,1,,,,,COC(=O)C1=CC=CC=C1C(=O)OC,0,,,,,,
CCCCC(CC)COC(=O)C,0,,C[C@]12CC[C@H]3[C@H]([C@@H]1CC[C@]2(C#C)O)CCC4=CC(=O)CC[C@H]34,0,,COC1=C(C2=C[N+]3=C(C=C2C=C1)C4=CC(=C(C=C4CC3)OC)OC)OC.O.[Cl-],0,,CCCC1CCCCN1,0,,,,,CC1(CC/C(=C/C2=CC=C(C=C2)Cl)/C1(CN3C=NC=N3)O)C,1,,,,,,
CC1=CN=CC=C1,0,,C1=C(C(=CC(=C1N)S(=O)(=O)N)S(=O)(=O)N)C(=C(Cl)Cl)Cl,0,,C1=CC=C(C=C1)/C=C/C(=O)O,0,,CNCCC1=CC=CC=N1.CS(=O)(=O)O,0,,,,,CC(C)C[C@@H]1[C@@H](OC(=O)N1CCCN2CCCCCC2)C3=CC=CC=C3.Cl,1,,,,,,
CC1=C(C=CC(=C1)Br)NC(=O)CCl,1,,CC(=O)NC1=CC(=C(C=C1)OC)N,0,,CC(CC(=O)O)CC(C)(C)C,0,,CC1=C(SC=C1)/C=C/C2=NCCCN2C.[C@@H]([C@@H](C(=O)O)O)(C(=O)O)O,0,,,,,C=CCS(=O)(=O)[O-].[Na+],0,,,,,,
CCCCCCCCCCCCN1C=C[N+](=C1)C.F[P-](F)(F)(F)(F)F,1,,C1=CC(=CC=C1C2=CC(=O)C3=C(C=C(C=C3O2)O)O)O,1,,CCN(CC)C(=O)C1=CC=CC(=C1)C,0,,C1CN(CCN1CCCC(=O)C2=CC=C(C=C2)F)C3=CC=CC=N3,0,,,,,CC1=CC=CC=C1C=O,0,,,,,,
C1CC2=C(C=CC(=C2)Cl)C(=C3CCNCC3)C4=C1C=CC=N4,1,,C1=CC=C2C(=C1)N=C(S2)N,1,,CCCCCCCCC(=O)O,1,,C1=CC=[N+](C(=C1)SSC2=CC=CC=[N+]2[O-])[O-],0,,,,,CC1=C(C=CC(=C1)CC2=CC(=C(C=C2)N)C)N,1,,,,,,
CC1=C(C=NO1)C(=O)NC2=CC=C(C=C2)C(F)(F)F,1,,C(=O)/C(=C(\C(=O)O)/Cl)/Cl,0,,C1=NC2C(N1)C(=S)NC=N2.O,1,,CCCCC(=O)OCC(=O)[C@H]1[C@@H](C[C@@H]2[C@@]1(C[C@@H]([C@]3([C@H]2C[C@@H](C4=CC(=O)C=C[C@@]43C)F)F)O)C)C,1,,,,,C=CN1CCCC1=O,0,,,,,,
CCOCCO,0,,CC(=O)CC(=O)N(C)C,0,,CC(C)C1CCC(CC1)O,0,,CC1=C[C@@H]2[C@H](CC[C@]3([C@H]2CC(=C)[C@@]3(C(=O)C)OC(=O)C)C)[C@@]4(C1=CC(=O)CC4)C,0,,,,,CC(C)NCC(COC1=CC=CC2=CC=CC=C21)O.Cl,0,,,,,,
CN1[C@@H]2CC[C@H]1CC(C2)OC(=O)C3=CC(=CC(=C3)Cl)Cl,0,,CC1(C(C1(C)C)C(=O)OC(C#N)C2=CC(=CC=C2)OC3=CC=CC=C3)C,1,,C1=CC(=CC=C1N)SC2=CC=C(C=C2)N,1,,CC1=CC(=C(C=C1)N=CN(C)C=NC2=C(C=C(C=C2)C)C)C,1,,,,,COC1=CC(=O)OC(=C1)/C=C/C2=CC=CC=C2,1,,,,,,
C1CN(CCN1CC/C=C\2/C3=CC=CC=C3SC4=C2C=C(C=C4)C(F)(F)F)CCO,1,,CN1CC(C2=C(C1)C(=CC=C2)N)C3=CC=CC=C3.C(=C\C(=O)O)\C(=O)O,0,,CCCCCC,0,,C[C@]12C3CCC([C@]1(C(=O)OC2=O)C)O3,0,,,,,C1=COC(=C1)CNC2=NC=NC3=C2NC=N3,0,,,,,,
C=CC(=O)OCCCCCCOC(=O)C=C,1,,CCCC(=O)C(=O)C,0,,CCN(CC)C(=O)C(C)OC1=CC=CC2=CC=CC=C21,1,,CC[C@H]1CN2CCC3=CC(=C(C=C3[C@@H]2C[C@@H]1C[C@@H]4C5=CC(=C(C=C5CCN4)OC)OC)OC)OC,0,,,,,CC1=CC(=CC(=C1)C)C,0,,,,,,
CC1=NN=C(S1)NS(=O)(=O)C2=CC=C(C=C2)N,0,,C1=CC=C(C=C1)CNN.Cl.Cl,1,,C1=CC(=CC=C1N/C(=N/C(=NCCCCCCN=C(/N=C(/NC2=CC=C(C=C2)Cl)\N)N)N)/N)Cl,1,,CN1CCC2=CC3=C(C=C2[C@H]1[C@H]4C5=C(C(=C(C=C5)OC)OC)C(=O)O4)OCO3,1,,,,,CCOC(=O)C1=CC=C(C=C1)N(C)C,1,,,,,,
CCCCCCC(=O)OCC=C,0,,CC(=O)C1=CC=C(C=C1)OCC(=O)N2CCCCC2,1,,CC1=C(C=C(C=C1)N)N,1,,COP(=O)(C(C(Cl)(Cl)Cl)O)OC,0,,,,,CC[C@@H]1[C@H](CC[C@@]2(O1)C[C@@H]3C[C@H](O2)C/C=C(/C[C@H](/C=C/C=C/4\CO[C@H]5[C@@]4([C@@H](C=C([C@H]5O)C)C(=O)O3)O)C)\C)C,1,,,,,,
CC(=CCOC1=CC=C(C=C1)/C=C/C(=O)C2=C(C=C(C=C2)OCC=C(C)C)OCC(=O)O)C,1,,CCCCCCCCCC(=O)N(C)C,1,,CCCCOCCOC(=O)CCCCCCCCC(=O)OCCOCCCC,1,,C1=CC(=CC=C1N)S(=O)(=O)N=C(N)N,0,,,,,CC1=CC(=CC(=C1SC)C)OC(=O)NC,1,,,,,,
CCCOCC(=NC1=C(C=C(C=C1)Cl)C(F)(F)F)N2C=CN=C2,1,,CCC(C)(C)C1=CC=C(C=C1)O,0,,C1=CC=C2C(=C1)N=CS2,0,,CC1=CC=CC=C1N=NC2=CC(=C(C=C2)N=NC3=C(C=CC4=CC=CC=C43)O)C,1,,,,,C1CN(CCN1CC2=CC3=C(C=C2)OCO3)CC(=O)N4C5=CC=CC=C5SC6=CC=CC=C64,1,,,,,,
CC(=O)O[Hg]C1=CC=CC=C1,1,,CCC1=CC(=C(N=C1)C2=NC(C(=O)N2)(C)C(C)C)C(=O)O,0,,C1=CC=C(C=C1)/C=C/[N+](=O)[O-],1,,C1=CC=C(C=C1)COC(=O)C2=CC=C(C=C2)O,1,,,,,CCCCCCCCCCCCCCN(CCO)CCO,1,,,,,,
CCCCCCCC[P+](CCCCCCCC)(CCCCCCCC)CCCCCCCC.[Br-],1,,CC1=CC(=CC(=C1O)C)C(C)(C)C2=CC(=C(C(=C2)C)O)C,1,,C1=CC=C2C(=C1)N=CC(=N2)NS(=O)(=O)C3=CC=C(C=C3)N,1,,CN(C)C1=CC=C(C=C1)C(=C2C=CC(=[N+](C)C)C=C2)C3=CC=CC=C3.CN(C)C1=CC=C(C=C1)C(=C2C=CC(=[N+](C)C)C=C2)C3=CC=CC=C3.C(=O)(C(=O)O)O.C(=O)(C(=O)[O-])O.C(=O)(C(=O)[O-])O,1,,,,,O=S(=O)(Cl)Cl,0,,,,,,
C1C(C(CS1(=O)=O)(Cl)Cl)(Cl)Cl,1,,CC(C)C1=CC(=CC=C1)C(C)C,0,,CCCCCCC1(CCC(=O)O1)C,0,,C1CSSC1CCCCC(=O)O,0,,,,,C=CCO,0,,,,,,
C1=CC(=CC=C1C(C2=CC=C(C=C2)Cl)C(Cl)(Cl)Cl)Cl,1,,CC1=CC2=C(C=C1N)SC3=CC(=[N+](C)C)C=CC3=N2.[Cl-],1,,C1CC2=CC=CC=C2C(=O)C3=CC=CC=C31,1,,CCCCCCCCCCCCCCCC[N+](C)(C)C.[Br-],1,,,,,CCOC(=O)C1=C2CN(C(=O)C3=C(N2C=N1)C=CC=C3I)C,0,,,,,,
CC(C)(C)CC(C)(C)C1=CC=C(C=C1)O,1,,CN1CCOC(C2=CC=CC=C2C1)C3=CC=CC=C3.Cl,0,,C1=CC(=C(C=C1Cl)Cl)C(=O)CCl,1,,CCOC(=O)C1=CC=C(C=C1)O,0,,,,,CC(=O)NC1=CC=CC(=C1)N,0,,,,,,
CC1(CN=C(NC1)NN=C(/C=C/C2=CC=C(C=C2)C(F)(F)F)/C=C/C3=CC=C(C=C3)C(F)(F)F)C,1,,C1=CC(=C(C=C1O)C=O)Br,1,,C(=O)NNC=O,0,,C1=CC(=CC=C1[N+](=O)[O-])[As](=O)(O)O,0,,,,,C(Cl)Br,0,,,,,,
CC1=CC=C(C=C1)S(=O)(=O)NC2CCCCC2,0,,C1CC(C1)C(=O)O,0,,CCC(=O)NC1=CC(=C(C=C1)Cl)Cl,1,,CCOC(=O)C1=CC(=CC=C1)N.CS(=O)(=O)O,0,,,,,C1=CC=C(C=C1)N=NC2=C(N=C(C=C2)N)N.Cl,1,,,,,,
C1=CC=C(C=C1)C2=CC=C(C=C2)N,0,,CCCCCCCC/C=C\CCCCCCCC(=O)OCCCC,0,,CCCCCCCCCCCCOC(=O)C1=CC(=C(C(=C1)O)O)O,1,,CC1=CC(=C(C=C1CC2=CN=C(N=C2N)N)OC)OC,0,,,,,C1C(C2(C(=C(C1(C2(Cl)Cl)Cl)Cl)Cl)Cl)CBr,1,,,,,,
C1=CC=C2C(=C1)C(=O)C3=C(C2=O)SC(=C(S3)C#N)C#N,1,,CC/C=C\C/C=C\C/C=C\CCCCCCCC(=O)OCC,0,,C1=CC=C(C=C1)NC(=O)NC2=CN=NS2,1,,CC1=CC2=C(C=C1CC(=O)C3=C(C=CS3)S(=O)(=O)NC4=C(C(=NO4)C)Cl)OCO2,1,,,,,C1=CC=C(C=C1)NC2=CC=CC=C2[N+](=O)[O-],1,,,,,,
COCCCN,0,,CC(C)/C=C/CCCCC(=O)NCC1=CC(=C(C=C1)O)OC,1,,CC(=O)CC(C)(C)O,0,,C1=CC(=CC=C1NC(=O)CCC(=O)O)S(=O)(=O)NC2=NC=CS2,0,,,,,CCCCCCCCCCCCCC[P+](CCCCCC)(CCCCCC)CCCCCC.[Cl-],1,,,,,,
CCNC1=CC2=C(C=C1C)C(=C3C=C(C(=[NH+]CC)C=C3O2)C)C4=CC=CC=C4C(=O)OCC.[Cl-],1,,CCCN(CCC)C1=C(C=C(C=C1[N+](=O)[O-])C(C)C)[N+](=O)[O-],1,,CCOC(=O)N1C=CN(C1=S)C,0,,C1=CC(=CC=C1O)O[C@H]2[C@@H]([C@H]([C@@H]([C@H](O2)CO)O)O)O,0,,,,,C1CC(C1)(C2=CC=C(C=C2)C3=C(C=C4C(=N3)C=CN5C4=NNC5=O)C6=CC=CC=C6)N,1,,,,,,
C1=CC=C2C(=C1)C=C(C3=CC=CC=C23)O,1,,C=CC(=O)OCC1CCCO1,0,,CCC/C=N/O,0,,C1=CC=C2C(=C1)N=C(S2)SSC3=NC4=CC=CC=C4S3,0,,,,,C1=CC=C2C(=C1)NC(=N2)NC(=O)N,0,,,,,,
CC(C)(C1=CC=CC=C1)C2=CC=C(C=C2)O,1,,C(COC(=O)Cl)OCCOC(=O)Cl,0,,COC1=NC=C(C2=NC(=NN21)S(=O)(=O)NC3=C(C=CC=C3F)F)F,1,,C1=CC=C(C=C1)C2=CC=CC=C2[O-].O.O.O.O.[Na+],0,,,,,CC1=CC(=C(C=C1C2=CC(=C(C=C2C)OI)C(C)C)C(C)C)OI,1,,,,,,
CC(=O)N1CCN(CC1)C2=CC=C(C=C2)OC[C@H]3CO[C@](O3)(CN4C=CN=C4)C5=C(C=C(C=C5)Cl)Cl,1,,CC(C)(C1=CC(=C(C(=C1)Br)OCC(CBr)Br)Br)C2=CC(=C(C(=C2)Br)OCC(CBr)Br)Br,0,,CCC(CCl)Cl,0,,C1=CC=C(C=C1)CC2=C(C=CC(=C2)Cl)O,1,,,,,C(CCCBr)CCBr,0,,,,,,
CC[C@]12CC[C@H]3[C@H]([C@@H]1CC[C@]2(C#C)O)CCC4=CC(=O)CC[C@H]34,0,,COC1=C(C=C(C=C1)C2CC(=O)NC2)OC3CCCC3,0,,C1C2=CC=CC=C2C3=C1C=C(C=C3)O,1,,C(CS(=O)(=O)O)N,0,,,,,C1=CC=C2C(=C1)C3=CC=CC4=C3C2=CC=C4,1,,,,,,
C1=CC=C(C=C1)/C=C/[N+](=O)[O-],1,,CC(C)OC(=O)C(C)(C)OC1=CC=C(C=C1)C(=O)C2=CC=C(C=C2)Cl,1,,C1=CC=C(C(=C1)C(=O)O)C(=O)[O-].[K+],0,,CC1=C(C=C(C=C1[N+](=O)[O-])[N+](=O)[O-])C(=O)N,0,,,,,CCCN(CCC)C1=C(C=C(C(=C1[N+](=O)[O-])N)C(F)(F)F)[N+](=O)[O-],1,,,,,,
C1=CC2=C(C(=C1)O)N=CC=C2.C1=CC2=C(C(=C1)O)N=CC=C2.OS(=O)(=O)O,1,,CC1=CC2=C(N1)C=CC=C2OCC(CNC(C)(C)C)OC(=O)C3=CC=CC=C3,0,,CCCCCCCC/C=C\CCCCCCCC(=O)OC(CO)CO,1,,C[C@H]1[C@@H]2CC[C@]3(C=CC(=O)C(=C3[C@H]2OC1=O)C)C,0,,,,,COC1=C2C(=CC=C1)SC(=N2)N,1,,,,,,
CCCCC(CC)COC(=O)CC(C(=O)OCC(CC)CCCC)S(=O)(=O)[O-].[Na+],1,,C[C@]12CC[C@H]3C(=CCC4=C3C=CC(=C4)O)[C@@H]1CCC2=O,1,,CN(C)C(=S)SSC(=S)N(C)C,1,,CCCCC(CC)CN1CC(CN(C1)CC(CC)CCCC)(C)N,0,,,,,C1=CC=C2C(=C1)C(=C3C=CC=CC3=C2Br)Br,0,,,,,,
CC(=O)CC(C1=CC=C(C=C1)Cl)C2=C(C3=CC=CC=C3OC2=O)O,0,,CN1CCN(CC1)CCC(=O)N2C3=CC=CC=C3SC4=C2C=C(C=C4)C(F)(F)F,0,,CC(C)/C=C/CCCCC(=O)NCC1=CC(=C(C=C1)O)OC,1,,CCCCCCCCCCCCCCCCCCOCC(CO)O,0,,,,,CCC1=CC=C(C=C1)C(C2=CC=C(C=C2)CC)C(Cl)Cl,1,,,,,,
CC(C)CCOC(=O)/C=C/C1=CC=CC=C1,0,,CCC(C)(C)C1=CC=C(C=C1)O,0,,C[C@H]1C(=O)N[C@H](C(=O)N/C(=C\NC(=O)N)/C(=O)N[C@H](C(=O)NC[C@@H](C(=O)N1)N)[C@H]2CCNC(=N2)N)CNC(=O)C[C@H](CCCN)N,0,,CC(=O)C1=CC2=C(C=C1)SC3=CC=CC=C3N2CCCN(C)C.C(=C\C(=O)O)\C(=O)O,0,,,,,CC(C)(C)C(=O)OC1=CC=C(C=C1)S(=O)(=O)NC2=CC=CC=C2C(=O)NCC(=O)[O-].O.O.O.O.[Na+],0,,,,,,
CC(C)CC1=NN=C(S1)NS(=O)(=O)C2=CC=C(C=C2)OC,0,,C1=CC=C(C=C1)COC(=O)/C=C/C2=CC=CC=C2,1,,CC1=NN(C(=O)C1)C2=CC=CC=C2,1,,CN1CCN(CC1)C2=C(C=C3C4=C2OCN(N4C=C(C3=O)C(=O)O)C)F,0,,,,,C1CCCCCC(=O)NCCCCC1,1,,,,,,
C1=CC(=CC=C1N)[As](=O)(O)O,0,,C1=CC(=CC=C1C(=O)O)S(=O)(=O)N(Cl)Cl,0,,C[N+](CCCl)(CCCl)[O-],0,,C1=CC=C2C(=C1)C=CN2,1,,,,,CCCCCCCCCCCO,0,,,,,,
C1=CC2=C(C=CC(=C2)S(=O)(=O)[O-])C=C1O.[K+],0,,CC(=O)OCCN(CCOC(=O)C)C1=CC=C(C=C1)N=NC2=C(C=C(C=C2)[N+](=O)[O-])C#N,1,,C1C2=C(C=CC(=C2)Cl)NC1=O,1,,CCC(COC(=O)C1=CC(=C(C(=C1)OC)OC)OC)(C2=CC=CC=C2)N(C)C.C(=C\C(=O)O)\C(=O)O,1,,,,,CC(=C)C(=O)NC1=CC(=C(C=C1)Cl)Cl,1,,,,,,
CC1=NN(C(=C1)N)C2=CC=CC=C2,0,,C1CC1(C(CC2=CC=CC=C2Cl)(CN3C=NC=N3)O)Cl,1,,C([C@H]([C@@H]([C@@H]([C@H](CO)O)O)O)O)O,0,,CCCCOC(=O)C1=CC=C(C=C1)N,1,,,,,C1=CC(=CC(=C1)CN=C=O)CN=C=O,0,,,,,,
CCOC1=NC2=CC=CC(=C2N1CC3=CC=C(C=C3)C4=CC=CC=C4C5=NNN=N5)C(=O)OC(C)OC(=O)OC6CCCCC6,1,,CC[C@@H](CO)NCCN[C@@H](CC)CO.Cl.Cl,0,,C1=C(C=C(C(=C1Cl)N)Cl)N,1,,C1=CC(=C(C(=C1)F)C(=O)NC(=O)NC2=CC(=C(C=C2Cl)OC(C(C(F)(F)F)F)(F)F)Cl)F,0,,,,,COC1=C(N=CN=C1OC)NS(=O)(=O)C2=CC=C(C=C2)N,0,,,,,,
CCCCCCC(CCCCCCCCCCC(=O)O)O,1,,C1=CC=C(C=C1)[Hg]C2=CC=CC=C2,1,,C1CNCCN1,0,,C1CCC(CC1)C(=O)N2CC3C4=CC=CC=C4CCCN3C(=O)C2,0,,,,,CC(=CCCC(C)(C=C)OC(=O)C1=CC=CC=C1N)C,0,,,,,,
C=CC(=O)OCC(CO)(COCC(COC(=O)C=C)(COC(=O)C=C)COC(=O)C=C)COC(=O)C=C,1,,CCCCN1C=C[N+](=C1)C.CS(=O)(=O)[O-],0,,C(C(C(C(C(F)(F)Br)(F)F)(F)F)(F)F)(C(C(C(F)(F)F)(F)F)(F)F)(F)F,0,,C1CCN2C[C@@H]3C[C@H]([C@H]2C1)CN4[C@H]3CCCC4,0,,,,,C1=CC=C(C(=C1)C#N)O,0,,,,,,
CCCCCCCCCCCC[N+](C)(C)CCCCCCCCCCCC.[Br-],1,,CC1C2=NN=C(N2C3=C(C=C(S3)CCC4=CC=C(C=C4)CC(C)C)C(=N1)C5=CC=CC=C5Cl)C,1,,C1=CC(=N)C=CC1=C(C2=CC=C(C=C2)N)C3=CC=C(C=C3)N.Cl,1,,C1CN(/C(=N/[N+](=O)[O-])/N1)CC2=CN=C(C=C2)Cl,0,,,,,CCCCC1=C(C2=CC=CC=C2O1)C(=O)C3=CC(=C(C(=C3)I)OCCN(CC)CC)I,1,,,,,,
C=CC(=O)OCC(COC(=O)C=C)(COC(=O)C=C)COC(=O)C=C,1,,CCCCOC(=O)C1=CC=C(C=C1)O,1,,CC(C(C1=CC=C(C=C1)O)O)N2CCC(CC2)CC3=CC=CC=C3,0,,CC(=O)N[C@@H](CC1=CC=C(C=C1)O)C(=O)O,0,,,,,C1=NC(=NC(=O)N1[C@H]2[C@@H]([C@@H]([C@H](O2)CO)O)O)N,1,,,,,,
CN(C)C(=S)SC(=S)N(C)C,1,,CCN1CCN(CC1)C2=C(C=C3C(=C2)N(C=C(C3=O)C(=O)O)C4CC4)F,0,,CCCCCCCC/C=C\CCCCCCCCN,1,,CC(C)(C(=O)O)OC1=CC=C(C=C1)CCNC(=O)C2=CC=C(C=C2)Cl,0,,,,,CCN(CC)CCOC(=O)C(=C)C,0,,,,,,
C[C@@]1([C@H]2[C@@H]([C@H]3[C@@H](C(=O)C(=C([C@]3(C(=O)C2=C(C4=C1C=CC=C4O)O)O)O)C(=O)N)N(C)C)O)O.O.O,0,,C1=CC=C(C=C1)C2=CC=C(C=C2)C(C3=CC=CC=C3)N4C=CN=C4,1,,CC(C)(C)C(=O)/C=C/C1=CC=C(C=C1)Cl,1,,C1=CC(=CC=C1NC(=O)NC2=CC=C(C=C2)[N+](=O)[O-])[N+](=O)[O-],0,,,,,CCOC(=O)NCCOC1=CC=C(C=C1)OC2=CC=CC=C2,1,,,,,,
CCOC(=O)C(C1=C(C2=CC=CC=C2OC1=O)O)C3=C(C4=CC=CC=C4OC3=O)O,0,,C1C(O1)COC2=CC=C(C=C2)C(C3=CC=C(C=C3)OCC4CO4)C(C5=CC=C(C=C5)OCC6CO6)C7=CC=C(C=C7)OCC8CO8,1,,CC[C@H](C1=CC=C(C=C1)O)[C@@H](CC)C2=CC=C(C=C2)O,1,,CC1=CNC2=CC=CC=C12,0,,,,,CC1=CC[C@@H](C=C1)C(C)C,1,,,,,,
CC1=CC(=C(C=C1)O)C(C)(C)C,1,,CC1=C(C(=CC=C1)N)N,1,,C=C1CC[C@]2([C@H]3CC4=C5[C@]2([C@H]1OC5=C(C=C4)O)CCN3CC6CC6)O,0,,C(C[C@@H](C(=O)O)N)CN=C(N)N,0,,,,,C1=C(C=C(C(=C1Cl)N)Cl)[N+](=O)[O-],1,,,,,,
CCOC(=O)N1CCC(=C2C3=C(CCC4=C2N=CC=C4)C=C(C=C3)Cl)CC1,1,,C1=CC=C(C=C1)C2=CC=C(C=C2)N,1,,COC1=CC=C(C=C1)/C=C/C(=O)C2=C(C=C(C=C2)OC)OC,1,,C1=CC=C(C=C1)C(CC(C2=CC=C(C=C2)C3=CC=C(C=C3)Br)O)C4=C(C5=CC=CC=C5OC4=O)O,1,,,,,COC1=CC=C(C=C1)O,0,,,,,,
CC1=C(C(=CC=C1)C(C)(C)C)O,0,,CC1CCC(C(C1)OC(=O)C2=CC=CC=C2N)C(C)C,1,,CNC(=O)N(C)C1=NC2=CC=CC=C2S1,1,,C[C@@H]1C[C@H]2[C@@H]3C[C@@H](C4=CC(=O)C=C[C@@]4([C@]3([C@H](C[C@@]2([C@]1(C(=O)CO)O)C)O)F)C)F,0,,,,,CCCCCCCCCCCCN1CCCC1=O,1,,,,,,
C1CCC(C(C1)C(=O)OCC2CO2)C(=O)OCC3CO3,0,,C1=CSC(=C1)C(=O)NC2=NC=C(S2)[N+](=O)[O-],1,,CC(C)C1=NN=C2N1C=C(C=C2)C3=C(N=CO3)C4=C(C=CC(=C4)F)F,1,,C[C@@]12CC[C@H]3[C@]([C@@]14[C@H](O4)C(=O)O[C@H]2C5=COC=C5)(C(=O)C[C@@H]6[C@@]37COC(=O)C[C@@H]7OC6(C)C)C,1,,,,,CC1=C(C(=NO1)C2=C(C=CC=C2Cl)Cl)C(=O)Cl,0,,,,,,
CC(=O)O[Pb](C1=CC=CC=C1)(C2=CC=CC=C2)C3=CC=CC=C3,1,,COC1=CC=C(C=C1)/C=C/C(=O)C2=C(C=C(C=C2)OC)OC,1,,C1C[C@@H](O[C@@H]1CO)N2C=NC3=C2N=CNC3=O,0,,COC1=C(C2=C[N+]3=C(C=C2C=C1)C4=CC5=C(C=C4CC3)OCO5)OC.[Cl-],1,,,,,C1=CC=C(C=C1)C2=CC(=CC=C2)C3=CC=CC=C3,1,,,,,,
CCCCCCCCCCCCN1C=C[N+](=C1)C.C(F)(F)(F)S(=O)(=O)[O-],1,,CCC1(C(=O)NC(=O)NC1=O)CCC(C)C,0,,CCCCCCCCOC1=CC(=C(C=C1)C(=O)C2=CC=CC=C2)O,1,,CCC(=O)O[C@@]1([C@H](C[C@@H]2[C@@]1(C[C@@H](C3([C@H]2CCC4=CC(=O)C=C[C@@]43C)F)O)C)C)C(=O)COC,1,,,,,C1=CC=C(C=C1)CNCC2=CC=CC=C2,0,,,,,,
CC1=C(C(=CC=C1)C)NC(=O)CN2CCN(CC2)CCCC(C3=CC=C(C=C3)F)C4=CC=C(C=C4)F,1,,C1=CC=C(C=C1)NN.Cl,1,,CC(=C)C(=O)O[C@H]1C[C@@H]2CC[C@]1(C2(C)C)C,0,,CC(C)C[C@@H]1[C@@H](OC(=O)N1CCCN2CCCCCC2)C3=CC=CC=C3.Cl,1,,,,,CC(CCC(=O)O)C(=O)O,0,,,,,,
C[C@H]1[C@@H]([C@H]([C@H]([C@@H](O1)O[C@H]2C[C@H]([C@@]3([C@@H]4[C@@H](CC[C@@]3(C2)O)[C@]5(CC[C@@H]([C@]5(C[C@H]4O)C)C6=CC(=O)OC6)O)CO)O)O)O)O,1,,CCCCCCCC/C=C\CCCCCCCC(=O)OC,0,,CCCCO,0,,C[C@@]12CCN([C@@H]1N(C3=C2C=C(C=C3)OC(=O)NC)C)C,0,,,,,C[C@H](CN1C=NC2=C(N=CN=C21)N)OCP(=O)(OCOC(=O)OC(C)C)OCOC(=O)OC(C)C.C(=C/C(=O)O)\C(=O)O,0,,,,,,
C1CN=C(N1)C2COC3=CC=CC=C3O2,1,,CNC(=O)OC1=CC=CC2=CC=CC=C21,1,,CC1([C@@H](N2[C@H](S1)[C@@H](C2=O)NC(=O)[C@@H](C3=CC=CC=C3)N)C(=O)OCOC(=O)C(C)(C)C)C,1,,CC1=CC(=C(C=C1OC(=O)C)C(C)C)OCC[NH+](C)C.[Cl-],0,,,,,C1=CC=C(C=C1)C2=CC=CC=C2Br,0,,,,,,
CN(C)C(=O)NC1(CCN(CC1)CCC[C@@]2(CCCN(C2)C(=O)C3=CC=CC=C3)C4=CC(=C(C=C4)Cl)Cl)C5=CC=CC=C5,1,,C(CCl)OP(OCCCl)OCCCl,0,,CCC(C)(CCC(C)C)C(=O)O,1,,CN(C)CCCOC1(CCCCCC1)CC2=CC=CC=C2,0,,,,,CCCCC(CC)COC(=O)CC(C(=O)OCC(CC)CCCC)S(=O)(=O)[O-].[Na+],1,,,,,,
CN1C=NC2=C1C(=O)N(C(=O)N2C)C.C(C(=O)O)C(CC(=O)O)(C(=O)O)O,0,,CC(=O)OC1=CC=CC=C1C(=O)NC2=NC=C(S2)[N+](=O)[O-],1,,CCCC[N+]1(CCCC1)C.[Br-],0,,C1=C(NC(=O)NC1=O)C(=O)O,0,,,,,CC(C)(C)C(=O)CCC1=CC=C(C=C1)Cl,0,,,,,,
CC1=C(C=CC=C1O)C(=O)N[C@@H](CSC2=CC=CC=C2)[C@@H](CN3C[C@H]4CCCC[C@H]4C[C@H]3C(=O)NC(C)(C)C)O.CS(=O)(=O)O.O,1,,C1=CC(=CC=C1CC2=CC=C(C=C2)N)N,1,,C[NH+](C)CCC(C1=CC=C(C=C1)Cl)C2=CC=CC=N2.C(=C\C(=O)[O-])\C(=O)O,0,,C[C@H]1[C@@H]([C@H]([C@H]([C@@H](O1)O[C@H]2C[C@H]([C@@]3([C@@H]4[C@@H](CC[C@@]3(C2)O)[C@]5(CC[C@@H]([C@]5(C[C@H]4O)C)C6=CC(=O)OC6)O)CO)O)O)O)O,0,,,,,CC(=O)[O-].CC(=O)[O-].[Mg+2],0,,,,,,
CCC1=NN(C2=C1C=CC(=C2)C3(CCC(CC3)C(=O)O)C#N)C4CCCCC4,0,,COC(=O)NC1=NC2=C(N1)C=C(C=C2)S(=O)C3=CC=CC=C3,1,,CC1=CC=C(C=C1)/C=C/2\C3CCC(C2=O)C3(C)C,1,,C(CO)CSC[C@@H](C(=O)O)N,0,,,,,CCC(O)OCCCOC,0,,,,,,
C1=CC(=CC=C1OS(=O)(=O)C2=CC=C(C=C2)Cl)Cl,0,,C1=CC=NC(=C1)Cl,0,,C=CCOC1=NC(=NC(=N1)OCC=C)OCC=C,1,,CN(C)C(=O)OC1=CC=CC(=C1)[N+](C)(C)C.[Br-],0,,,,,CC(=O)C1=CC2=CC=CC=C2C=C1,0,,,,,,
C1=C(C=C(C(=C1Cl)N2C(=C(C(=N2)C#N)S(=O)C(F)(F)F)N)Cl)C(F)(F)F,1,,CC\1=C(C2=C(/C1=C\C3=CC=C(C=C3)S(=O)C)C=CC(=C2)F)CC(=O)O,1,,CC1([C@@H](N2[C@H](S1)[C@@H](C2=O)NC(=O)[C@@H](C3=CC=CC=C3)N)C(=O)O)C.O.O.O,0,,C1=CC=C2C(=C1)C(=O)NS2(=O)=O,0,,,,,CCCCCCCCCCCCCCCCI,0,,,,,,
C[C@@H]1CC[C@@]2([C@H]([C@H]3[C@@H](O2)[C@H]([C@@H]4[C@@]3(CC[C@H]5[C@H]4CC[C@@H]6[C@@]5(C[C@H]([C@@H](C6)O[C@H]7[C@@H]([C@H]([C@H]([C@H](O7)CO)O[C@H]8[C@@H]([C@H]([C@@H]([C@H](O8)CO)O)O[C@H]9[C@@H]([C@H]([C@@H](CO9)O)O)O)O[C@H]2[C@@H]([C@H]([C@@H]([C@H](O2)CO)O)O[C@H]2[C@@H]([C@H]([C@@H]([C@H](O2)CO)O)O)O)O)O)O)O)C)C)O)C)OC1,1,,COP(=S)(C1=CC=CC=C1)OC2=CC(=C(C=C2Cl)Br)Cl,1,,CCOP(O)OCC,0,,CCN1C=C(C(=O)C2=CN=C(N=C21)N3CCNCC3)C(=O)O,0,,,,,CC(C)(CCC(C)(C)O)O,0,,,,,,
C1=CC=C(C(=C1)C2=CC=C(C=C2)C(F)(F)F)C(=O)O,0,,CCCCNC(=O)NCCCC,0,,CN(C)C(=S)[S-].CN(C)C(=S)[S-].[Zn+2],1,,COC1=NC=NC(=C1)NS(=O)(=O)C2=CC=C(C=C2)N,0,,,,,C1=CC=C2C=C(C=CC2=C1)N,1,,,,,,
CCC(=O)NC1=CC=CC(=C1)N,0,,C1=CC=C(C(=C1)C(=O)C2=C(C=CC(=C2)Cl)N)F,1,,C1=CC=C2C(=C1)C=CC=C2CC(=O)N,0,,CC1=CC=C(C=C1)C(=O)C(C)CN2CCCCC2.Cl,0,,,,,CN(C)C(=S)SC(=S)N(C)C,1,,,,,,
CC1=C(C(=CC=C1)[N+](=O)[O-])C,0,,CC1=NC2=C(C1(C)C)C3=CC=CC=C3C=C2,1,,C1=CC=C(C(=C1)C(=O)[O-])O.[Na+],0,,CCN(CC)C1=CC(=NC2=NC=NN12)C,0,,,,,CC1=CC(=C(C(=C1)C)C=O)C,1,,,,,,
COC1=NN(C(=O)S1)CSP(=S)(OC)OC,0,,CC(C)OC(=O)C(C1=CC=C(C=C1)Cl)(C2=CC=C(C=C2)Cl)O,1,,CN1CCN(CC1)CCCOC2=C(C=C3C(=C2)N=CC(=C3NC4=CC(=C(C=C4Cl)Cl)OC)C#N)OC.CO,0,,CCOC1=CC(=C(C=C1C(=O)CCC(=O)O)OCC)OCC,0,,,,,CCN(CC)CC1=NC=CN1C2=C(C=C(C=C2)[N+](=O)[O-])C(=O)C3=CC=CC=C3Cl.C(=C/C(=O)O)\C(=O)O,1,,,,,,
CN(C)C(=S)SC(=S)N(C)C,1,,CC1=C(C=C(C=C1)N=C=O)N=C=O,1,,COC1=CC=C(C=C1)C=O,0,,CCCCN(CCN(CCCC)C(=O)N1CCOCC1)C(=O)N2CCOCC2,0,,,,,C1=CC2=C(C3=C(C=CC=N3)C=C2)N=C1,1,,,,,,
COC1=CC(=C(C(=C1)OC)C(=O)CCCN2CCCC2)OC.Cl,0,,CCCCNC(=O)N,0,,CC1=CC2=C(C(=C1)O)C(=C3C(=C2)C=CC=C3O)O,1,,CCCN(CCC)C(=O)C(CCC(=O)O)NC(=O)C1=CC=CC=C1,0,,,,,C1=CC=C(C(=C1)C(=O)OCC(CO)O)NC2=C3C=CC=C(C3=NC=C2)C(F)(F)F,1,,,,,,
CC(C)CCCCCOC(=O)CS,0,,CC(C)C1=NN=C2N1C=C(C=C2)C3=C(N=CO3)C4=C(C=CC(=C4)F)F,1,,CC(=O)CC(C1=CC=CC=C1)C2=C(C3=CC=CC=C3OC2=O)O,1,,CCOC1=CC=CC=C1C(=O)N,0,,,,,CC1=C(SCCO1)C(=O)NC2=CC=CC=C2,1,,,,,,
CN1CCN(CC1)CCCOC2=C(C=C3C(=C2)N=CC(=C3NC4=CC(=C(C=C4Cl)Cl)OC)C#N)OC.CO,1,,C1=CC=C(C=C1)C2=CC(=O)C3=CC=CC=C3O2,1,,C1=CC(=C(C(=C1C2=C(C(=C(C=C2)Cl)Cl)Cl)Cl)Cl)Cl,1,,CC(=O)[C@]1(CC[C@@H]2[C@@]1(CC[C@H]3[C@H]2C=C(C4=CC(=O)CC[C@]34C)Cl)C)OC(=O)C,0,,,,,C(=O)(C(Cl)(Cl)Cl)O,0,,,,,,
C1=CC=C(C=C1)[Hg]Cl,1,,C1=CC=C(C=C1)CCOC(=O)C2=CC=CC=C2N,1,,CCCCCCC,0,,CC1=C(OC(=O)O1)COC(=O)[C@H]2C(S[C@H]3N2C(=O)[C@H]3NC(=O)[C@@H](C4=CC=CC=C4)N)(C)C.Cl,1,,,,,C1=CC=C(C=C1)C(Cl)Cl,0,,,,,,
C1COC(=O)N1/N=C/C2=CC=C(O2)[N+](=O)[O-],0,,CC(C)(C)C1=CC=C(C=C1)O,0,,[B-](F)(F)(F)F.CCCC[N+]1(CCCCC1)C,0,,C=CCN1CC[C@]23CCCC[C@H]2[C@H]1CC4=C3C=C(C=C4)O,0,,,,,CCN(CC)CCOC1=CC=C(C=C1)CC2=CC=CC=C2,1,,,,,,
C1CN(CCC12C(=O)NCN2C3=CC=CC=C3)CCCC(C4=CC=C(C=C4)F)C5=CC=C(C=C5)F,1,,C1=CC(=CC=C1C(C2=CC=C(C=C2)Cl)C(Cl)Cl)Cl,1,,CC1=CC=C(C=C1)/C=N/N2C(=CSC2=S)C3=CC=CC=C3,1,,C[C@@]1(CO[C@@H]([C@@H]([C@H]1NC)O)O[C@H]2[C@@H](C[C@@H]([C@H]([C@H]2O)O[C@@H]3[C@@H](CC=C(O3)CN)N)N)N)O,0,,,,,C1=CC=C(C=C1)/C=C\C2=CC=CC=C2,0,,,,,,
CCNC1=NC(=NC(=N1)Cl)NCC,0,,CCCCCCOC(=O)C1=CC=CC=C1C(=O)OCCCCCC,1,,CC(C)(C)CC(C)(C)C1=CC=C(C=C1)O,1,,CC1=C(C(=C(C2=C1O[C@](CC2)(C)CCC[C@H](C)CCC[C@H](C)CCCC(C)C)C)OC(=O)C3=CN=CC=C3)C,0,,,,,O=P(Cl)(Cl)Cl,0,,,,,,
CCC(C)(C)C1=CC(=C(C=C1)O)C(C)(C)CC,1,,CC(=O)C1=CC=C(C=C1)O,0,,C[C@@H]1CC[C@H]([C@H](C1)O)C(=C)C,0,,CC(C)(C)NCC(C1=CC=CC=C1Cl)O.Cl,0,,,,,CCN(CC)C1=CC(=CC=C1)O,1,,,,,,
CN(C)CCC#N,0,,COP(=O)(OC)OC=C(Cl)Cl,0,,CCOC(=O)C1=NN(C(=N1)C(Cl)(Cl)Cl)C2=C(C=C(C=C2)Cl)Cl,1,,CCOC(=O)NNC1=NN=CC2=CC=CC=C21.Cl,0,,,,,CC1=CC2=C(C=C1)SC3=CC=CC(=C32)C,0,,,,,,
C1CCC(CC1)C(CC2CCCCN2)C3CCCCC3.C(=C\C(=O)O)\C(=O)O,1,,C1=CC=C2C(=C1)C(=O)C3=C(C2=O)C=C(C=C3)N,1,,CCC(C)(C)OC,0,,C1CC(CCC1CN)C(=O)OC2=CC=C(C=C2)CCC(=O)O.Cl,0,,,,,CC(=O)N[C@@H](CS)C(=O)O,0,,,,,,
CC(=O)[C@H]1CC[C@@H]2[C@@]1(CC(=O)[C@H]3[C@H]2CC[C@@H]4[C@@]3(CC[C@H](C4)O)C)C,0,,C1COCCN1CCO,0,,C=CCOC(=O)C1=CC=CC=C1N,1,,CN(C)C(=O)COC(=O)CC1=CC=C(C=C1)OC(=O)C2=CC=C(C=C2)N=C(N)N.CS(=O)(=O)O,0,,,,,CN(C)C1=CC=C(C=C1)C(=O)C2=CC=C(C=C2)N(C)C,1,,,,,,
C1=CC=C(C=C1)C(C2=CC=CC=C2)(C3=CC=CC=C3Cl)N4C=CN=C4,1,,CCC1=CC=CC(=C1N(COCC)C(=O)CCl)C,1,,C1C=CCC2C1C(=O)N(C2=O)SC(Cl)(Cl)Cl,1,,CN1CCCN(CC1)C(C2=CC=CC=C2)C3=CC=C(C=C3)Cl,1,,,,,COC1=C(C=CC(=C1)C2=CC(=C(C=C2)N)OC)N,1,,,,,,
CC1=C(C(CC=C1)(C)C)C=O,0,,CC1=CC(=C(C=C1)N)N,1,,C1=CC=C(C=C1)CCC(=O)O,0,,C1COC2(N1CC(=O)NC3=C2C=C(C=C3)Cl)C4=CC=CC=C4Cl,1,,,,,C1=CC=C(C=C1)S(=O)(=O)OC2=C(C=C(C=C2)Cl)Cl,1,,,,,,
CCOC1=C(C=CC(=C1)OC2=C(C=C(C=C2)C(F)(F)F)Cl)[N+](=O)[O-],0,,CC1([C@H]([C@H]1C(=O)O[C@H](C#N)C2=CC(=CC=C2)OC3=CC=CC=C3)C=C(Br)Br)C,1,,CC(C)(C)NCC(C1=CC(=CC(=C1)OC(=O)N(C)C)OC(=O)N(C)C)O.Cl,0,,C1CCS(=O)(=O)N(C1)C2=CC=C(C=C2)S(=O)(=O)N,0,,,,,C1=CC(=C(N=C1)C(=O)O)C(=O)O,0,,,,,,
CCCCCCCCCCCCOC(=O)C1=CC(=C(C(=C1)O)O)O,1,,CN(C)C1=CC=C(C=C1)C(=O)C2=CC=C(C=C2)N(C)C,1,,C(C#N)C#N,1,,C1=CC(=CN=C1)C(=O)OCC(COC(=O)C2=CN=CC=C2)(COC(=O)C3=CN=CC=C3)COC(=O)C4=CN=CC=C4,1,,,,,C1=CC(=CC(=C1)Br)C=O,0,,,,,,
CCCCCCCCCCCC(=O)OC,0,,CC(=O)C1=CC=C(C=C1)C2=CC=CC=C2,1,,CCCC(C#C)O,0,,C1CC(C(C(C1)(COC(=O)C2=CN=CC=C2)COC(=O)C3=CN=CC=C3)O)(COC(=O)C4=CN=CC=C4)COC(=O)C5=CN=CC=C5,1,,,,,CC(=O)NC1=CC=C(C=C1)OC,0,,,,,,
C(#N)C1=C(C(=C(C(=C1Cl)Cl)Cl)C#N)Cl,1,,C1=CC=C2C(=C1)C=CC3=CC4=C(C=CC5=CC=CC=C54)C=C32,1,,COS(=O)(=O)OC,0,,CC(C(C1=CC=C(C=C1)O)O)N2CCC(CC2)CC3=CC=CC=C3,0,,,,,CS(=O)(=O)NC(=O)C1=C(C=CC(=C1)OC2=C(C=C(C=C2)C(F)(F)F)Cl)[N+](=O)[O-],1,,,,,,
C1=CC(=CC=C1C(=O)C2=CC=C(C=C2)Cl)O,0,,C1C2=CC=CC=C2C3=C1C=C(C=C3)O,1,,CC1=CN(C(=O)NC1=O)[C@H]2C[C@@H]([C@H](O2)CO)N=[N+]=[N-],0,,CCC1=C(C2=CC=CC=C2O1)C(=O)C3=CC(=C(C(=C3)Br)O)Br,1,,,,,CO[Si](C=C)(OC)OC,0,,,,,,
CC(COC1=CC=CC=C1)NC(C)C(C2=CC=C(C=C2)O)O.Cl,0,,CCC([N+](=O)[O-])Cl,0,,C1=CC=C(C=C1)NC(=O)C2=C(C=CC(=C2)Cl)O,1,,CN1CCN(CC1)CC(=O)N2C3=CC=CC=C3C(=O)NC4=C2N=CC=C4,0,,,,,C(OCCl)Cl,0,,,,,,
C1=CC=C(C=C1)OC(=O)OC2=CC=CC=C2,0,,CC1=C(C=C(C=C1)N)Cl,0,,CCC(/C=C/Cl)(C#C)O,0,,C1CN2CCC1C(C2)CN3C4=CC=CC=C4SC5=CC=CC=C53,0,,,,,CC1=CC=C(C=C1)OP(=O)(OC2=CC=C(C=C2)C)OC3=CC=C(C=C3)C,1,,,,,,
CCCCCCCCCCCC[N+](C)(C)CCOC1=CC=CC=C1.[Br-],1,,CC(COC)OC(=O)C,0,,CC(=O)NC1=CC(=C(C=C1)C(=O)OC)OC,0,,CCCC1=NC=CC(=C1)C(=S)N,0,,,,,CC(C)NC1=C2C(=C(C=C1)NC(C)C)C(=O)C3=CC=CC=C3C2=O,1,,,,,,
C1CN(CCN1CCCN2C3=CC=CC=C3C=CC4=CC=CC=C42)CCO.Cl.Cl,0,,CC(=C)C(=O)NCCC[N+](C)(C)C.[Cl-],0,,C1=CC(=C(C(=C1)F)C(=O)NC(=O)NC2=CC(=C(C=C2Cl)OC(C(C(F)(F)F)F)(F)F)Cl)F,1,,CCC1=CC=C(C=C1)C(=O)C(C)CN2CCCCC2.Cl,0,,,,,CCCC(C)C1(C(=O)NC(=NC1=O)[S-])CC.[Na+],1,,,,,,
CC(=CCC/C(=C/CC/C(=C/C(=O)OCC(=O)[C@]1(CC[C@@H]2[C@@]1(C[C@@H]([C@H]3[C@H]2CCC4=CC(=O)C=C[C@]34C)O)C)O)/C)/C)C,1,,C1=CC2=C(C3=C(C=CC=N3)C=C2)N=C1.O.Cl,1,,CCOC(=O)CC(=O)C1=CC=CC=C1,1,,COC1=C(C(=C(C=C1)CN2CCNCC2)OC)OC.Cl.Cl,0,,,,,CCN(CC)C1=CC=C(C=C1)N=NC2=CC=CC=C2,1,,,,,,
C1=C(C(=C(C(=C1Cl)Cl)CC2=C(C(=CC(=C2Cl)Cl)Cl)O)O)Cl,1,,C1=CC=C2C(=C1)C(=O)NC3=C(O2)C=CC(=C3)Cl,1,,CCCCCC(=O)N,0,,CCOC1=CC2=C(C3=C(C=C(C=C3)N)N=C2C=C1)N.CC(C(=O)O)O.O,1,,,,,C1=CC=C2C(=C1)C=CO2,0,,,,,,
C1CN(CCN1CCCN2C3=CC=CC=C3SC4=C2C=C(C=C4)C(F)(F)F)CCO,1,,CC1=CC(=C(C=C1O)C)C2(C3=CC=CC=C3S(=O)(=O)O2)C4=C(C=C(C(=C4)C)O)C,0,,CCOC1=CC(=C(C=C1)N)[N+](=O)[O-],1,,C(C(C(=O)O)N)SCC(=O)O,0,,,,,C[N+]1=CC=CC=C1/C=N/O.[Cl-],0,,,,,,
CC(C)CC(C)CC(=O)CC(C)C,0,,C1=CC=C(C=C1)CCN=C=S,1,,C(=S)(C(=S)N)N,1,,CC1=CC2=C(C=C1S(=O)(=O)N)S(=O)(=O)CCC2,0,,,,,C(CCC(=O)NN)CC(=O)NN,0,,,,,,
C(C(=O)[O-])F.[Na+],0,,CC1=CC(=O)OC2=C1C=CC(=C2)N(C)C,1,,C1=CC=C(C=C1)C(=O)C2=CC=CC=C2O,1,,CC1=CC(=C(C=C1)Cl)OCC(CNC(C)(C)C)O,0,,,,,C1=CC(=CC=C1C2=COC3=C(C2=O)C=CC(=C3)O)O,1,,,,,,
C1=C(C=C(C=C1Cl)Cl)C(=O)Cl,0,,CCC(=O)N(C1=CC=CC=C1)C2(CCN(CC2)CCN3C(=O)N(N=N3)CC)COC.Cl,0,,C[C@]12CCCC([C@@H]1CC[C@@]3([C@@H]2CC(=O)O3)C)(C)C,1,,CN(CC1=C(C(=CC(=C1)Br)Br)N)C2CCCCC2.Cl,0,,,,,C(C(CBr)Br)OP(=O)(OCC(CBr)Br)OCC(CBr)Br,1,,,,,,
CC1=C(C(=CC=C1)C)O,0,,C1N2CN3CN1CN(C2)C3,0,,CCC(CC)(CC(=O)NC1=CC=CC(=C1)/C=C/C2=NC(=CS2)C3CCC3)C(=O)O,1,,C1=CC(=C(C(=C1CNNC(=O)C(CO)N)O)O)O.Cl,0,,,,,C(C(=O)O)C(CC(=O)O)(C(=O)O)O,0,,,,,,
C1=CC(=C(C(=C1C2=C(C(=C(C=C2)Cl)Cl)Cl)Cl)Cl)Cl,1,,CN(C)C(=O)C(C1=CC=CC=C1)C2=CC=CC=C2,1,,CCCCCCCCCCCCCC[P+](CCCCCC)(CCCCCC)CCCCCC.F[P-](F)(F)(F)(F)F,1,,C1=CC=C2C(=C1)C(OS2(=O)=O)(C3=CC=C(C=C3)O)C4=CC=C(C=C4)O,1,,,,,CCCCOC1=C(C=CC(=C1)C(=O)OCCN(CC)CC)N.Cl,1,,,,,,
CCCCCCCCCCCCCCCCCC[N+](C)(C)CC1=CC=CC=C1.[Cl-],1,,C1=CC=C2C(=C1)C(=CN2)CC(=O)C(=O)O,1,,CC[N+](CC)(CC)CCOC1=CC=C(C=C1)/C=C/C2=CC=CC=C2.[I-],0,,CN1CCC2=CC3=C(C(=C2C1)OC)OCO3.Br,0,,,,,CC(C)C(=O)OC(=O)C(C)C,0,,,,,,
CC[Hg]SC1=CC=CC=C1C(=O)[O-].[Na+],1,,CC1=CC=C(C=C1)OP(=O)(OC2=CC=CC=C2)OC3=CC=CC=C3,1,,C1=CC=C2C=CC=CC2=C1,0,,C[C@]12CC[C@H]3[C@H]([C@@H]1C[C@H]([C@@H]2O)O)CCC4=C3C=CC(=C4)O,0,,,,,C1=CC=C(C(=C1)C(=O)O)O.C(CO)N(CCO)CCO,0,,,,,,
CN(C)CCC=C1C2=CC=CC=C2CCC3=CC=CC=C31.Cl,1,,C1=CC=C(C=C1)OC(=O)C2=CC(=CC=C2)C(=O)OC3=CC=CC=C3,1,,CCCCCCCCCC(CC)C1=CC=C(C=C1)S(=O)(=O)O,1,,CC(C1=CC=C(C=C1)CC2CCCC2=O)C(=O)O,0,,,,,CC(OC(=O)C)OC(=O)C,0,,,,,,
C1CCCN(CC1)CC2=CC=C(S2)C3=NC(=NO3)CCN4C(=O)C5=CC=CC=C5C4=O.C(=C/C(=O)O)\C(=O)O,0,,CN1C2=C(C(=O)N(C1=O)C)N(C=N2)CC(CO)O,0,,CCCCC/C(=C\C1=CC=CC=C1)/C=O,1,,C1C[C@@H](OC1)N2C=C(C(=O)NC2=O)F,0,,,,,CCOCCOCCOCCO,0,,,,,,
C1CN(CCN1)C2=NC3=CC=CC=C3OC4=C2C=C(C=C4)Cl,1,,CN(C)C(=O)Cl,0,,C([C@@H]1[C@@H]([C@@H]([C@H]([C@@H](O1)O[C@H]([C@@H](CO)O)[C@@H]([C@H](C(=O)O)O)O)O)O)O)O,0,,CC(=O)N[C@@H](CCC(=O)N)C(=O)O,0,,,,,C1=CC(=CN=C1)CN,0,,,,,,
C1=CC2=C(C3=C(C=CC=N3)C=C2)N=C1,1,,CC(=O)OCC1=CC=CC=C1,0,,CC(C)COC(=O)C1=CC=CC=C1,0,,CC(C1=CC2=C(C=C1)OC3=C(C2)C=CC=N3)C(=O)O,0,,,,,CCCCOC(=O)C(C)OC(=O)CCC,0,,,,,,
COC(=O)CC(=O)OC,0,,C(C#N)NCC#N,0,,CCCCCCCCN[C@H](C)[C@H](C1=CC=C(C=C1)SC(C)C)O,1,,CCCCOC1=CC=C(C=C1)CC(=O)NO,0,,,,,CC1=C(C(C(=C(N1)C)C(=O)OC(C)C)C2=CC(=CC=C2)[N+](=O)[O-])C(=O)OCCOC,1,,,,,,
CCCC[Sn](CCCC)(CCCC)CCCC,1,,CC1=CC=C(C=C1)OP(=O)(OC2=CC=C(C=C2)C)OC3=CC=C(C=C3)C,1,,CCCCCN(CCCOC)C(=O)C(CCC(=O)O)NC(=O)C1=CC(=C(C=C1)Cl)Cl,1,,C1[C@@H]([C@H]([C@@H](C([C@@H]1N)O)O[C@H]2[C@@H]([C@@H]([C@H](O2)CO)O)O)O[C@@H]3[C@@H]([C@H]([C@@H]([C@H](O3)CN)O)O)N)N.OS(=O)(=O)O,0,,,,,C1C2=C(C=C(C=C2)O)C3=CC=CC=C31,1,,,,,,
CC(C)COCC(CN(CC1=CC=CC=C1)C2=CC=CC=C2)N3CCCC3,1,,CCOP(=O)(OCC)OC1=CC=C(C=C1)[N+](=O)[O-],0,,CCN(CC)CC(=O)NC1=C(C=C(C=C1C)C)C.Cl,0,,CN(C)CCOC(=O)COC1=CC=C(C=C1)Cl.Cl,0,,,,,CCCCCCCCCCCC(=O)OCC(CO)O,0,,,,,,
CCCCCCCCCCCCCCCCN1C=C[N+](=C1)C.[Cl-],1,,C1=CC=C2C(=C1)C=CC(=C2N=NC3=CC=C(C=C3)S(=O)(=O)[O-])O.[Na+],0,,C1=CC(=CC=C1C(=O)CCCCl)F,0,,C1=CC(=C(C=C1C2(C3=C(C(=C(C(=C3Br)Br)Br)Br)C(=O)O2)C4=CC(=C(C=C4)O)S(=O)(=O)[O-])S(=O)(=O)[O-])O.[Na+].[Na+],1,,,,,CNC.[N+](=O)(O)[O-],0,,,,,,
CCOC(=O)C(C1=CC=C(C=C1)Cl)(C2=CC=C(C=C2)Cl)O,1,,CCCC[N+]1=CC=C(C=C1)C.[I-],0,,CCCCCCCCC(=O)O,1,,CC(=C)[C@H]1CN[C@@H]([C@H]1CC(=O)O)C(=O)O,0,,,,,CC(C)(C)NCC(C1=CC(=CC(=C1)O)O)O.CC(C)(C)NCC(C1=CC(=CC(=C1)O)O)O.OS(=O)(=O)O,0,,,,,,
[Cl-].[Cl-].[Hg+2],1,,CCCC(=O)O[C@@]1(CC[C@@H]2[C@@]1(C[C@@H]([C@H]3[C@H]2CCC4=CC(=O)CC[C@]34C)O)C)C(=O)CC,0,,C1COCCN1C2=CC3=C(C=C2C(F)(F)F)NC(=O)C(=O)N3CP(=O)(O)O,0,,CC1=CC(=O)OC2=C1C=CC(=C2)O,0,,,,,CCCCC/C=C/C=C/C=O,0,,,,,,
C1=CC=C(C=C1)N2C(=O)C=CC2=O,1,,C(Cl)(Cl)Cl,0,,CN(C)C1=CC=C(C=C1)C(C2=CC=CC=C2)C3=CC=C(C=C3)N(C)C,1,,CC1=C(C(=O)N(N1C)C2=CC=CC=C2)C(C)C,0,,,,,C[C@]12CC[C@H]3[C@H]([C@@H]1CC[C@]2(C#C)O)CCC4=C3C=CC(=C4)OC,1,,,,,,
CC(C)(C)C1=CC(=C(C=C1)O)O,1,,C1=CC(=CC(=C1)N)C(F)(F)F,0,,CC(=O)CC(C1=CC=CC=C1)C2=C(C3=CC=CC=C3OC2=O)[O-].[Na+],1,,C[C@H]1[C@H]([C@H](C[C@@H](O1)O[C@H]2C[C@@](CC3=C2C(=C4C(=C3O)C(=O)C5=C(C4=O)C(=CC=C5)OC)O)(C(=O)CO)O)N)O[C@@H]6CCCCO6,1,,,,,C1=CC=C2C(=C1)C=CC3=CC4=CC=CC=C4C=C32,1,,,,,,
C1=CC(=CC=C1CC(C(=O)O)N)Cl,0,,CCCOC(=O)C(C)O,0,,CC(=C[C@@H]1[C@H](C1(C)C)C(=O)OCC2=COC(=C2)CC3=CC=CC=C3)C,1,,C[N+]1(CC(CC(=C(C2=CC=CS2)C3=CC=CS3)C1)OC)C.[Br-],0,,,,,CN(C)C1=CC=C(C=C1)N=NC2=CC=CC=C2C(=O)O,1,,,,,,
CCOC(=O)C(C1=CC=C(C=C1)Cl)(C2=CC=C(C=C2)Cl)O,1,,CC(=CCC1=C(C2=CC=CC=C2C(=O)C1=O)O)C,1,,C1=CC=C(C=C1)CS,1,,CC(C)(C)NCC(COC1=CC=CC=C1OCC2CCCO2)O,0,,,,,CN1C2=NC=NC3=C2C(=CN3[C@H]4[C@@H]([C@@H]([C@H](O4)CO)O)O)C(=N1)N,1,,,,,,
CC[N+]1=C2C=C(C=CC2=C3C=CC(=CC3=C1C4=CC=CC=C4)N)N.[Br-],1,,CCNC1=NC(=NC(=N1)Cl)NC(C)C,0,,C1C2C(COS(=O)O1)C3(C(=C(C2(C3(Cl)Cl)Cl)Cl)Cl)Cl,1,,C1=CC=C(C=C1)C2=CC=C(C=C2)C(C3=CC=CC=C3)N4C=CN=C4,1,,,,,CCCCCCCCCC,0,,,,,,
CC1=CCC(CC1)C(C)(C)OC(=O)C,0,,C[C@]12CC[C@H]3[C@H]([C@@H]1CC[C@]2(C#C)O)CCC4=C3C=CC(=C4)OC,1,,COC1=CC2=C(C=C1)C(=O)CCC2,0,,CC1=CC(=NC(=N1)N2C(=CC(=N2)C)OC)OC,0,,,,,CC(=O)CCC1=CC=C(C=C1)O,0,,,,,,
C1CNC[C@H]([C@@H]1C2=CC=C(C=C2)F)COC3=CC4=C(C=C3)OCO4,1,,C1=CC2=C(C=CC(=C2N=C1)O)S(=O)(=O)O.O,1,,COC1CCC=CO1,0,,CC(C)C(C(=O)NC(=O)N)Br,0,,,,,CN(C)CCC1=CNC2=CC=CC=C21.C(=C/C(=O)O)\C(=O)O,0,,,,,,
CC(C)(C1=CC(=C(C(=C1)Br)OCCO)Br)C2=CC(=C(C(=C2)Br)OCCO)Br,1,,CC(=O)OCC1=CC2=C(C=C1)OCO2,0,,C1=CC(=C[N+](=C1)[O-])C(=O)O,0,,CCC1(C(=O)NC(=O)NC1=O)CC,0,,,,,C1=C(C(=O)NC(=O)N1)F,1,,,,,,
CCCCCCCC1=CC=C(C=C1)O,1,,CCCC1COC(O1)(CN2C=NC=N2)C3=C(C=C(C=C3)Cl)Cl,1,,COC1=CC(=C(C=C1)C(=O)C2=CC(=CC=C2)O)OC,0,,CCOC(=O)C1=CC=C(C=C1)OC(=O)CCCCCN=C(N)N.CS(=O)(=O)O,0,,,,,CC(=O)CCCCN1C(=O)C2=C(N=CN2C)N(C1=O)C,0,,,,,,
C1=C(OC(=C1)[N+](=O)[O-])C2=NN=C(O2)N,0,,C[C@]12CC[C@H]3[C@H]([C@@H]1CCC2=O)CCC4=C3C=CC(=C4)O,1,,CC1=C(N=C(O1)C2=CC=CC=C2)CCOC3=CC=C(C=C3)C[C@@H](C(=O)O)NC4=CC=CC=C4C(=O)C5=CC=CC=C5,1,,COC1=CC(=CC(=C1OC)OC)C(=O)OCCCN2CCCN(CC2)CCCOC(=O)C3=CC(=C(C(=C3)OC)OC)OC,1,,,,,CCC1=CC=C(C=C1)C(C2=CC=C(C=C2)CC)C(Cl)Cl,1,,,,,,
CCN(CC1=CN=CC=C1)C(=O)C2=C(C(=CC=C2)Cl)[C@]3(C4=C(C=CC(=C4)Cl)N(C3=O)CC5=C(C=C(C=C5)OC)OC)C.Cl,1,,CCOC(=O)N1CCC(=C2C3=C(CCC4=C2N=CC=C4)C=C(C=C3)Cl)CC1,1,,C1[C@H]([C@@H]2[C@H](O1)[C@H](CO2)O)O,0,,C1CCN(CC1)CCOC(C2=CC=CC=C2)C3=CC=C(C=C3)Cl.Cl,1,,,,,C1[C@H]2[C@@H]([C@@H](S1)CCCCC(=O)O)NC(=O)N2,0,,,,,,
CC(C)C1=CC(=CC=C1)C(C)C,0,,C[C@H](CN1CCOCC1)C(C2=CC=CC=C2)(C3=CC=CC=C3)C(=O)N4CCCC4.[C@@H]([C@H](C(=O)O)O)(C(=O)O)O,0,,C(CCl)OCCCl,0,,CCN1CCC[C@H]1CNC(=O)C2=C(C=CC(=C2)S(=O)(=O)N)OC,0,,,,,CCCCCCOC1=CC=C(C=C1)O,1,,,,,,
C1=NC2=NC=NC(=C2N1)N,0,,CC1=CC(=NC(=N1)C)NS(=O)(=O)C2=CC=C(C=C2)N,1,,CC[C@]12CC[C@H]3[C@H]([C@@H]1CC[C@]2(C#C)O)CCC4=CC(=O)CC[C@H]34,1,,C1=CC=C(C=C1)C2=CC=C(C=C2)CC(=O)O,0,,,,,C1C2C(C3=C1C=C(C=C3)Cl)(N=C(S2)C4=CC=CC=C4)O,1,,,,,,
CC1=C(C=CC(=C1)SCC2=C(N=C(S2)C3=CC(=C(C=C3)C(F)(F)F)F)C)OCC(=O)O,1,,COC(=O)NC1=NC2=C(N1)C=C(C=C2)C(=O)C3=CC=CS3,1,,CN1C2=C(C(=O)N(C1=O)C)N(C=N2)CC(CO)O,0,,C[N+](C)(C)CCCCCC[N+](C)(C)C,0,,,,,C1=CC=C(C=C1)NC2=CC3=CC=CC=C3C=C2,1,,,,,,
CC1=C(C2=C(C=C1)N=C(NC2=O)N)SC3=CC=NC=C3.Cl.Cl,0,,CCC(CC)(CNC(=O)CCCO)C1=CC(=CC=C1)OC,0,,CC1=C(C=CC(=C1)OP(=S)(OC)OC)SC,1,,CC(C1=CC2=C(C=C1)SC3=CC=CC=C3C(=O)C2)C(=O)O,1,,,,,CN(C)C(=O)NC1=CC=C(C=C1)OC2=CC=C(C=C2)Cl,1,,,,,,
COC1=C(C(=C(C=C1)CN2CCN(CC2)C(C3=CC=C(C=C3)F)C4=CC=C(C=C4)F)OC)OC.Cl.Cl,1,,CC(=O)OCC1=C(N2[C@@H]([C@@H](C2=O)NC(=O)CSC3=CC=NC=C3)SC1)C(=O)[O-].[Na+],0,,C1=CC=C2C(=C1)C(=C(N2)C3=NC4=CC=CC=C4C3=O)O,0,,CC1COC2(N1CC(=O)NC3=C2C=C(C=C3)Cl)C4=CC=CC=C4Cl,1,,,,,CCNC1=CC2=C(C=C1C)C(=C3C=C(C(=[NH+]CC)C=C3O2)C)C4=CC=CC=C4C(=O)OCC.[Cl-],1,,,,,,
C1=CC=C2C(=C1)C=CC=C2O,0,,C(CCCCS)CCCS,0,,CCOP(=O)(OCC)OC1=CC=C(C=C1)[N+](=O)[O-],1,,CCCCCCCC(=O)OCC(COC(=O)CCCCCCC)OC(=O)CCCCCCC,0,,,,,CC(=O)OCC(CCN1C=NC2=CN=C(N=C21)N)COC(=O)C,0,,,,,,
C[C@H](CC1=CC(=C(C=C1OC)Br)OC)N.Cl,1,,CCC(C)[O-].CCC(C)[O-].CCOC(=O)/C=C(/C)\[O-].[Al+3],0,,CC1=C(C(=CC=C1)C)N(C(C)C(=O)OC)C(=O)CC2=CC=CC=C2,1,,CS(=O)(=O)C1=CC=C(C=C1)[C@H]([C@@H](CO)NC(=O)C(Cl)Cl)O,0,,,,,CC(CC1C2=CC=CC=C2CCC3=CC=CC=C13)CN(C)C,1,,,,,,
COC(=O)Cl,0,,C1=CC(=CC=C1C2=COC3=C(C2=O)C=CC(=C3)O)O,1,,CC1=CC=C(C=C1)C2=CC(=NN2C3=CC=C(C=C3)S(=O)(=O)N)C(F)(F)F,1,,C/C(=C(\C1=C(C=C(C=C1)Cl)Cl)/OCCOC2=CC=C(C=C2)Cl)/N3C=CN=C3,1,,,,,CC(C)C1=CC2=CC[C@@H]3[C@@]([C@H]2CC1)(CCC[C@@]3(C)C(=O)OC)C,1,,,,,,
CC[Hg]SC1=CC=CC=C1C(=O)[O-].[Na+],1,,CCCCCCCCCCCCCCCCCC[N+](C)(C)C.[Cl-],0,,CC[C@@H](C1=CC=CC=C1)NC(=O)C2=C(C=CC(=C2)F)[N-]S(=O)(=O)C3=CC=CC4=C3N=CC=C4.[Na+],1,,CC1N2C3=CC(=C(C=C3C(=O)C(=C2S1)C(=O)O)F)N4CCN(CC4)CC5=C(OC(=O)O5)C,0,,,,,C[C@]12CC[C@H]3[C@H]([C@@H]1CC[C@@H]2O)CCC4=C3C=CC(=C4)O,1,,,,,,
CN1CCN(CC1)C2CC3=CC=CC=C3SC4=C2C=C(C=C4)Cl.C(=C\C(=O)O)\C(=O)O,1,,C1CCC(CC1)N2C(=NN=N2)CCCCOC3=CC4=C(C=C3)NC(=O)CC4,0,,CN(C)C1=CC=C(C=C1)C(=C2C=CC(=[N+](C)C)C=C2)C3=CC=CC=C3.CN(C)C1=CC=C(C=C1)C(=C2C=CC(=[N+](C)C)C=C2)C3=CC=CC=C3.C(=O)(C(=O)O)O.C(=O)(C(=O)[O-])O.C(=O)(C(=O)[O-])O,1,,CCOC(=O)OC1=C(C=C(C=C1)CCNC(=O)[C@H](CCSC)NC(=O)C)OC(=O)OCC,0,,,,,C1CCC(=O)C1,0,,,,,,
C1=CC(=CC=C1N)Cl.Cl,0,,C1=CC=C2C(=C1)C(=O)OC2(C3=CC=C(C=C3)O)C4=CC=C(C=C4)O,1,,CC(C(=O)N1C(CN(C1=O)C)C(=O)O)NC(CCC2=CC=CC=C2)C(=O)O,0,,CCOC(CN1CCN(CC1)CC(C)C(=O)C2=CC=CC=C2)C3=CC=CC=C3.Cl.Cl,0,,,,,CC/C(=C(\C1=CC=CC=C1)/C2=CC=C(C=C2)OCCN(C)C)/C3=CC=CC=C3,1,,,,,,
C1=CC=C(C=C1)C(C(=O)C2=CC=CC=C2)O,0,,C(Cl)(Cl)Br,0,,CC1=CC(=O)NO1,1,,CCC1=C(C2=CC=CC=C2O1)C(=O)C3=CC(=C(C(=C3)I)O)I,1,,,,,CN(C1=NC(=CC=C1)OC)C(=S)OC2=CC3=C(CCCC3)C=C2,1,,,,,,
CC(C)C[C@H](C(=O)O)N,0,,CC1=CCCC(C1/C=C/C(=O)C)(C)C,0,,CCCCNS(=O)(=O)C1=CC=CC=C1,1,,COC1=CC=C(C=C1)C(=O)N2CCCC2=O,0,,,,,C1=CC(=CC=C1C(=O)C2=CC=C(C=C2)Cl)Cl,0,,,,,,
C(SC#N)SC#N,1,,CCOP(=S)(OCC)OC1=NC(=C(C=C1Cl)Cl)Cl,1,,C1C[C@H](N(C1)C(=O)[C@H](CCCCN)N[C@@H](CCC2=CC=CC=C2)C(=O)O)C(=O)O.O.O,0,,CS(=O)(=O)O.C1=CC(=CC=C1C(=O)OC2=CC3=C(C=C2)C=C(C=C3)C(=N)N)N=C(N)N,0,,,,,CCCN(CCC)C1=C(C=C(C=C1[N+](=O)[O-])C(C)C)[N+](=O)[O-],1,,,,,,
CCCCCCCCCCCC[N+](C)(C)C.[Cl-],1,,COC1=CC=CC=C1NC(=O)C2=CC3=CC=CC=C3C=C2O,1,,CC(C)[C@@H](C1=CC=C(C=C1)Cl)C(=O)O[C@H](C#N)C2=CC(=CC=C2)OC3=CC=CC=C3,1,,C1=CC=C(C(=C1)C(=O)O)NC2=CC=CC(=C2)C(F)(F)F,0,,,,,CC(C)(C)OC(=O)C1=CC(=CC=C1)N,1,,,,,,
CN(C)C[C@H]1CCCC[C@@]1(C2=CC(=CC=C2)OC)O.Cl,0,,CC(C)(C1=CC=CC=C1)C2=CC=C(C=C2)O,1,,C1=CC(=C(C=C1[N+](=O)[O-])Cl)C(=O)N,0,,C[C@]12CC[C@H]3[C@H]([C@@H]1CC[C@@H]2O)CC=C4[C@@]3(CC[C@@H](C4)O)C,0,,,,,C1=CC(=C(C=C1Cl)Cl)OCCCC(=O)[O-].[Na+],0,,,,,,
C1=CC(=CC=C1COC(CN2C=CN=C2)C3=C(C=C(C=C3)Cl)Cl)Cl.[N+](=O)(O)[O-],1,,CCCCCCC(CCCCCCCCCCC(=O)O)O,0,,C1=C2C(=CC3=C1C(=O)OC3=O)C(=O)OC2=O,0,,CC[C@@]12CCCN3[C@@H]1C4=C(CC3)C5=CC=CC=C5N4C(=C2)C(=O)OCC,1,,,,,CC(CS(=O)(=O)C1=CC=C(C=C1)F)(C(=O)NC2=CC(=C(C=C2)C#N)C(F)(F)F)O,1,,,,,,
CN1CCN(CC1)CCCN2C3=C(SC4=CC=CC=C24)C=CC(=C3)Cl.C(=C\C(=O)O)\C(=O)O.C(=C\C(=O)O)\C(=O)O,1,,CCCCC(CC)CN1C(=O)C2C3CC(C2C1=O)C=C3,1,,CCOC(=O)C(C)OC(=O)C1=C(C=CC(=C1)OC2=C(C=C(C=C2)C(F)(F)F)Cl)[N+](=O)[O-],1,,CC1(C(=O)NC(=O)N(C1=O)C)C2=CCCCC2,0,,,,,CC[Hg]SC1=CC=CC=C1C(=O)[O-].[Na+],1,,,,,,
CN[C@H]1CC[C@H](C2=C1C=C(C=C2)S(=O)(=O)N)C3=CC(=C(C=C3)Cl)Cl,1,,CCOC(=O)NC1=CC(=CC=C1)OC(=O)NC2=CC=CC=C2,1,,C[C@@H]1[C@@H]2[C@H](C(=O)N2C(=C1S[C@H]3C[C@H](NC3)C(=O)N(C)C)C(=O)O)[C@@H](C)O,0,,C[C@@H]1[C@H]([C@H]([C@@H](O1)N2C=C(C(=O)NC2=O)F)O)O,0,,,,,COC1=CC2=C(C=C1)N=C(S2)N,1,,,,,,
CC(C)CC(C)N(C1=CC=CC=C1)C2=CC=C(C=C2)N,1,,CCN(C1=CC=CC=C1C)C(=O)/C=C/C,1,,C/C=C/C1=CC2=C(C=C1)OCO2,0,,CCOC(=O)C1=C(SC2=C1CCN(C2)CC3=CC=CC=C3)N,1,,,,,CCC1=CC2=C(C=C1)C(=O)C3=CC=CC=C3C2=O,1,,,,,,
CC[C@@]1(C2=C(COC1=O)C(=O)N3CC4=C(C5=CC=CC=C5N=C4C3=C2)/C=N/OC(C)(C)C)O,1,,C1CCCCCC(=O)NCCCCC1,1,,C(COCCC#N)C#N,0,,C1CCN(CC1)CCC(C2=CC=CC=C2)(C3=CC=CC=C3)O,0,,,,,C1=CC=C2C(=C1)N=NN2O,0,,,,,,
C1CN(CCN1)C2=C3C(=CC=C2)OCCO3.Cl,0,,C1=CC=C2C(=C1)C(=O)C3=C(C=C(C(=C3C2=O)N)S(=O)(=O)O)Br,0,,C(CCCNCCCCCCN)CCN,0,,CC1=CC(=CC=C1)N(C)C(=S)OC2=CC3=C(C=C2)C4CCC3C4,1,,,,,C1=CC=C(C=C1)NS(=O)(=O)C2=CC=C(C=C2)N,0,,,,,,
CN1[C@@H]2CC(C[C@H]1[C@H]3[C@@H]2O3)OC(=O)[C@H](CO)C4=CC=CC=C4.Cl,0,,C1=CC2=C(C(=C1)[N+](=O)[O-])C(=CC=C2)[N+](=O)[O-],1,,C1CC(CC=C1)CO,0,,CC1=C(C(C(=C(N1)C)C(=O)OC/C=C/C2=CC=CC=C2)C3=CC(=CC=C3)[N+](=O)[O-])C(=O)OCCOC,1,,,,,CC(C)(C)C1=CC(=CC(=C1O)C(C)(C)C)CCC(=O)NN,1,,,,,,
C(CCl)OP(OCCCl)OCCCl,0,,C1=CC=C2C(=C1)C(=O)C3=C(C2=O)C=C(C=C3)N,1,,CCCCN(CCCC)SN(C)C(=O)OC1=CC=CC2=C1OC(C2)(C)C,1,,C1CSSC1CCCCC(=O)N,0,,,,,CCCCCCCCN(C)C,0,,,,,,
C1=CC(=CC=C1NC(=O)C2=C(C(=CC(=C2)Br)Br)O)Br,1,,CCN(CC)CCNC(=O)C1=CC=C(C=C1)N,0,,CCCCO[P+](=O)OCCCC,0,,C1CCN(C1)C2=C(C(=CC(=C2)C(=O)O)S(=O)(=O)N)OC3=CC=CC=C3,0,,,,,CC1=C(C(=O)CC1OC(=O)C2C(C2(C)C)C=C(C)C)CC=C,1,,,,,,
CC(C)(C)N(CCO)CCO,0,,CC(C)OC1=C(C=C(C(=C1)N2C(=O)OC(=N2)C(C)(C)C)Cl)Cl,1,,CCCCN1C(=O)[C@H](NC(=O)C12CCN(CC2)CC3=CC=C(C=C3)OC4=CC=C(C=C4)C(=O)O)[C@@H](C5CCCCC5)O.Cl,0,,C1[C@@H]([C@H](O[C@H]1N2C=C(C(=O)NC2=O)Br)CO)O,0,,,,,CCOC(=O)C1=CN2C(=CC(=N2)OP(=S)(OCC)OCC)N=C1C,1,,,,,,
C[C@H]1[C@@H]([C@H]([C@H]([C@@H](O1)O[C@H]2CC[C@@]3([C@H]4CC[C@@]5([C@H](CC[C@@]5([C@@H]4CCC3=C2)O)C6=COC(=O)C=C6)C)C)O)O)O,1,,CC1=C(C=NO1)C(=O)NC2=CC=C(C=C2)C(F)(F)F,1,,C[C@@H]1CC(=O)C=C([C@]12C(=O)C3=C(O2)C(=C(C=C3OC)OC)Cl)OC,1,,CN1CCN(CC1)CCCN2C3=CC=CC=C3SC4=C2C=C(C=C4)S(=O)(=O)N(C)C.CS(=O)(=O)O.CS(=O)(=O)O,1,,,,,CCC(C)(C)C(=O)OC1=C(C(=O)OC12CCCCC2)C3=C(C=C(C=C3)Cl)Cl,1,,,,,,
CCC(C)(C)C1=CC(=C(C=C1)O)C(C)(C)CC,1,,CC1=C(C=CN=C1CS(=O)C2=NC3=CC=CC=C3N2)OCC(F)(F)F,1,,CC1=CC(=O)OC2=C1C=CC(=C2)O,0,,CCO/C(=N/C1=C[N+](=NO1)N2CCOCC2)/[O-],0,,,,,COS(=O)(=O)OC,0,,,,,,
CNCCC(C1=CC=CC=C1)OC2=CC=C(C=C2)C(F)(F)F,1,,C1=CC=C2C(=C1)C=CC3=CC=CC=C3N2C(=O)N,0,,C1=CC=C(C=C1)CC2=CC=C(C=C2)O,1,,C1CN(CCC1(C2=CC=C(C=C2)Br)O)CCCC(=O)C3=CC=C(C=C3)F,0,,,,,C[C@H]1C[C@@H]2[C@H](CC[C@]3([C@H]2CC[C@@]3(C(=O)C)O)C)[C@@]4(C1=CC(=O)CC4)C,1,,,,,,
CC1=C(C(=NO1)C2=CC=CC=C2)C3=CC=C(C=C3)S(=O)(=O)N,0,,CO[Si](C1=CC=CC=C1)(C2=CC=CC=C2)OC,0,,CC[N+]1(CCC(C1)OC(=O)C(C2=CC=CC=C2)(C3=CC=CC=C3)O)CC.[Br-],0,,C[C@@H]1CC2=C(CCC(=O)C2)[C@@H]3[C@@H]1[C@@H]4CC[C@]([C@]4(CC3)C)(C#C)O,1,,,,,CN(C)C(=O)NC1=CC=C(C=C1)Cl,0,,,,,,
CN1CN(C(=S)SC1)C,1,,CC1=NN(N=N1)CC2=C(N3[C@@H]([C@@H](C3=O)NC(=O)/C(=N/OC)/C4=CSC(=N4)N)SC2)C(=O)O,0,,COCCC1=CC=CC=N1,0,,CO[C@H]1[C@@H](C[C@@H]2CN3CCC4=C([C@H]3C[C@@H]2[C@@H]1C(=O)OC)NC5=C4C=CC(=C5)OC)OC(=O)/C=C/C6=CC(=C(C=C6)O)OC,1,,,,,C1=CC(=C(C=C1Br)Br)OC2=C(C=C(C=C2)Br)Br,1,,,,,,
CC(C)NCC(COC1=CC=CC2=CC=CC=C21)O.Cl,0,,C1CCC2(CC1)N(CCO2)C(=O)C(Cl)Cl,1,,C[Si]1(O[Si](O[Si](O[Si](O1)(C)C)(C)C)(C)C)C,0,,CCN(CC)CCNC(=O)C1=C(C=CC(=C1)S(=O)(=O)C)OC.Cl,0,,,,,C1CCC(CC1)N=C=NC2CCCCC2,1,,,,,,
CCC(CC1=C(C(=C(C=C1I)I)N)I)C(=O)O,0,,C1=CC2=C(C(=C1)Cl)N=C(S2)N,1,,CC(C)(C1=CC(=C(C(=C1)Cl)O)Cl)C2=CC(=C(C(=C2)Cl)O)Cl,1,,CN1C[C@@H](C[C@]2([C@H]1CC3=CN(C4=CC=CC2=C34)C)OC)COC(=O)C5=CC(=CN=C5)Br,1,,,,,CC1=C(C(=CC=C1)C)N(C(C)C(=O)OC)C(=O)CC2=CC=CC=C2,1,,,,,,
C1=CC=C2C(=C1)C(=O)C(=C(C2=O)Cl)Cl,1,,CC(C)COC(=O)C1=CC=CC=C1,0,,CC1=C(C=CS1)Br,0,,C[C@H](C1=CC=CC=N1)C2=C(CC3=CC=CC=C32)CCN(C)C.C(=C\C(=O)O)\C(=O)O,0,,,,,CC(C)C1=C(C(=CC=C1)C(C)C)O,1,,,,,,
C1=CC(=CC=C1[C@H]([C@@H](CO)NC(=O)C(Cl)Cl)O)[N+](=O)[O-],0,,C1=CC(=C(C=C1N(CC(=O)N)CC(F)(F)F)C(F)(F)F)C#N,0,,C1CC(=O)NC(=O)C1N2CC3=C(C2=O)C=CC=C3N,0,,CCOCC(COC1=CC=C(C=C1)NC(=O)CC[S+](C)C)O.CC1=CC=C(C=C1)S(=O)(=O)[O-],0,,,,,CCN(CC)C=O,0,,,,,,
CC(=O)[C@]1(CC[C@@H]2[C@@]1(CC[C@H]3[C@H]2C=C(C4=CC(=O)CC[C@]34C)Cl)C)OC(=O)C,1,,C1CN(CCN1CCOCCO)C2=NC3=CC=CC=C3SC4=CC=CC=C42,0,,COC1=CC(=O)O[C@H](C1)CCC2=CC=CC=C2,1,,CC1CCC2=C3N1C=C(C(=O)C3=CC(=C2N4CCC(CC4)O)F)C(=O)O,0,,,,,CC(=O)C1=CC=C(C=C1)S(=O)(=O)NC(=O)NC2CCCCC2,0,,,,,,
C1=CC(=CC=C1C(C2=CC=C(C=C2)O)(C(F)(F)F)C(F)(F)F)O,1,,CC(C)(C1CCC(CC1)O)C2CCC(CC2)O,1,,CC(C)(C(=O)O)OC1=CC=C(C=C1)CCNC(=O)C2=CC=C(C=C2)Cl,1,,CC1(CCC(C2=C1C=CC(=C2)NC(=O)C3=CC=C(C=C3)C(=O)O)(C)C)C,1,,,,,CC1=CC(=C(C(=C1)[N+](=O)[O-])O)[N+](=O)[O-],0,,,,,,
CC1=C(C(C(=C(N1)C)C(=O)OCC(C)C)C2=CC=CC=C2[N+](=O)[O-])C(=O)OC,1,,CCCCCCOC(=O)C1=CC=CC=C1O,0,,C1=CC=C(C=C1)C2(C(=O)NC(=O)N2)C3=CC=CC=C3,1,,CCCSS/C(=C(\C)/N(CC1=CN=C(N=C1N)C)C=O)/CCO,1,,,,,CC(C)[C@@H](C(=O)OCCOCN1C=NC2=C1N=C(NC2=O)N)N.Cl,0,,,,,,
C1=CC=C(C=C1)OP(=O)(OC2=CC=CC=C2)OC3=CC=CC=C3,1,,CC1(C(=O)C(C1=O)(C)C)C,0,,C(CCl)OP(OCCCl)OCCCl,0,,CCOC1=CC=C(C=C1)NC(=O)CC(C)O,0,,,,,C1=CC=C2C(=C1)C=CC(=N2)C3C(=O)C4=CC=CC=C4C3=O,1,,,,,,
CC(C)CCCCCCC1=CC=C(C=C1)O,1,,CCN(C1=CC=CC(=C1)C2=CC=NC3=C(C=NN23)C#N)C(=O)C,0,,CN1CCN(CC1)CC(=O)N2C3=CC=CC=C3C(=O)NC4=C2N=CC=C4,0,,C1C(S/C(=C(/C#N)\N2C=CN=C2)/S1)C3=CC=CC=C3Cl,1,,,,,CN\1CC(=O)N/C1=N/C(=O)NC2=CC(=CC=C2)Cl,1,,,,,,
CNC1=C2CCCCC2=NN1C,0,,C=COCCOCCOC=C,0,,CCCCCCCCCCOCC(CN)O.Cl,1,,CC(=O)N(CC(=O)N(C)C)C1=CC=CC=C1,0,,,,,CCCCCCCC/C=C/CCCOC(=O)C,0,,,,,,
CCCCCCCCCCN1C=C[N+](=C1C)CCCCCCCCCC.[Cl-],1,,C[C@H]1C[C@H]2[C@@H]3CC[C@@H]([C@]3(C[C@@H]([C@@H]2[C@@]4(C1=CC(=O)CC4)C)O)C)C(=O)C,1,,CC(C)C[C@@H](C(=O)O)NC(=O)C,0,,COC1=CC(=CC(=C1OC)OC)C(=O)NC2CCCNC2,0,,,,,C[N+](C)(C)CC1CO1.[Cl-],0,,,,,,
CCCCC1=C(C2=CC=CC=C2O1)C(=O)C3=CC(=C(C(=C3)I)OCCN(CC)CC)I.Cl,1,,CC(=O)OC1=CC=CC=C1C(=O)NC2=NC=C(S2)[N+](=O)[O-],1,,CCNC1=CC2=C(C=C1C)C(=C3C=C(C(=[NH+]CC)C=C3O2)C)C4=CC=CC=C4C(=O)OCC.[Cl-],1,,C1=CC(=C(C=C1[C@@H]([C@@H](C(=O)O)N)O)O)O,0,,,,,CCCCCCC(C)OC(=O)COC1=NC(=C(C(=C1Cl)N)Cl)F,1,,,,,,
CC[N+](CC)(CC)CC.[Br-],0,,CCO[C@@H]1[C@@H]([C@@H]2CC[C@H]([C@H]3[C@]24[C@H](O1)OC(CC3)(OO4)C)C)C,1,,CC/C=C\C/C=C\C/C=C\CCCCCCCC(=O)OC,1,,C1=CC=C2C(=C1)C(=CC(=O)N2)CC(C(=O)O)NC(=O)C3=CC=C(C=C3)Cl,0,,,,,CC(C)[C@H](C1=CC=C(C=C1)Cl)C(=O)O[C@@H](C#N)C2=CC(=CC=C2)OC3=CC=CC=C3,1,,,,,,
CCN(CC)C(=O)C1=CC(=C(C=C1N(CC)CCN(C)C)N2CCC(CC2)C3=CC=CC=C3)S(=O)(=O)CC4=CC=CC=C4.C(=O)(C(F)(F)F)O,1,,C1=C(C(=CC(=C1Cl)Cl)Cl)C2=CC(=C(C=C2Cl)Cl)Cl,1,,CN(C)C1=CC=C(C=C1)C(=C2C=CC(=[N+](C)C)C=C2)C3=CC=C(C=C3)N(C)C.[Cl-],1,,C[N+]1([C@@H]2CC[C@H]1CC(C2)OC(=O)C(CO)C3=CC=CC=C3)C.[N+](=O)([O-])[O-],0,,,,,C1=CC(=CC=C1/C=N/N/C(=N/N=C/C2=CC=C(C=C2)Cl)/N)Cl,1,,,,,,
C1=CC=C(C=C1)C(C2=CC=C(C=C2)Cl)C(=O)C3C(=O)C4=CC=CC=C4C3=O,1,,CC1(C(=O)C=C(O1)C(=O)O)C2=CC=CC=C2,0,,CCCCCCCCCC(CC)C1=CC=C(C=C1)S(=O)(=O)[O-].[Na+],1,,C[N+](CCCl)(CCCl)[O-],0,,,,,CC(CO)(CO)C(=O)O,0,,,,,,
CC=O,1,,CC1=CC=C(C=C1)N,1,,CCOP(=S)(OCC)OC1=NC(=C(C=C1Cl)Cl)Cl,1,,CC(C)CC1=CC=C(C=C1)C(C)C(=O)OCC2=CC=CC=N2,1,,,,,CCCCCCC1=C(C=C(C=C1)O)O,1,,,,,,
CCCCN(CCCC)C(=S)[S-].CCCCN(CCCC)C(=S)[S-].[Zn+2],1,,CC(=O)CC(=O)NC1=CC(=C(C=C1OC)Cl)OC,1,,C=CCOC(=O)C1=CC=CC=C1C(=O)OCC=C,1,,CCC(=O)C1=CC=C(C=C1)O,0,,,,,CCOC(=O)C(C1=C(C2=CC=CC=C2OC1=O)O)C3=C(C4=CC=CC=C4OC3=O)O,1,,,,,,
CC1=CC(=NC(=N1)NC(=O)NS(=O)(=O)C2=CC=CC=C2C(=O)OC)C,0,,C[Si](C)(C)C,0,,C1=CC=C(C=C1)CNCCO,0,,CCOC(=O)C1=C(NC(=C(C1C2=CC(=CC=C2)[N+](=O)[O-])C(=O)OC)C)C,1,,,,,CCOP(=S)(OCC)O/N=C(\C#N)/C1=CC=CC=C1,1,,,,,,
CCNC(=O)C(C)OC(=O)NC1=CC=CC=C1,0,,C[C@]12CC[C@H]3[C@H]([C@@H]1CC[C@]2(C)O)CC[C@@H]4[C@@]3(C/C(=C/O)/C(=O)C4)C,0,,CC1=C(C(=O)N2CCC[C@H](C2=N1)O)CCN3CCC(CC3)C4=NOC5=C4C=CC(=C5)F,0,,CC1=C(C=C(C(=O)N1)C#N)C2=CN3C=CN=C3C=C2.Cl,0,,,,,C1=CC=C(C=C1)NC2=CC=C(C=C2)O,1,,,,,,
CCCCCCCC/C=C\CCCCCCCC(=O)N(CCO)CCO,1,,C1=CC=C2C(=C1)C=CC3=CC4=C(C=CC5=CC=CC=C54)C=C32,1,,O.O.O.O.O.O.O.[O-]S(=O)(=O)[O-].[Co+2],0,,CCC(=C(C1=CC=CC=C1)C2=CC=CC=C2)CN.Cl,1,,,,,CC1=C(C(C(=C(N1)C)C(=O)OC(C)C)C2=CC=CC3=NON=C32)C(=O)OC,1,,,,,,
[B-](F)(F)(F)F.CCCCCCCCCCCCCCCCN1C=C[N+](=C1)C,1,,C[C@@H]1CC[C@@H]2[C@@]13C[C@H](C2(C)C)C(=C(C3)C(=O)C)C,1,,CCC(C)SSC(C)CC,0,,CNCCCCOC1=CC=CC=C1CC2=CC=CC=C2,1,,,,,C1CCC2(CC1)N(CCO2)C(=O)C(Cl)Cl,1,,,,,,
CC1=CC=C(C=C1)N,0,,CC1=C(C(C(=C(N1)C)C(=O)OC)C2=CC=CC=C2OC(F)F)C(=O)OC,1,,CC1=C(C(=CC=C1)C)NC(=O)C2=CC=C(C=C2)N,0,,C1CC(=O)N(C1)CC(=O)N,0,,,,,CCC=O,0,,,,,,
C(/C=C/CBr)Br,0,,C1=CC=C(C=C1)N=NC2=C(C=CC3=CC=CC=C32)O,1,,C1[C@@H]2C[C@@H]2N([C@@H]1C#N)C(=O)[C@H](C34CC5CC(C3)CC(C5)(C4)O)N,0,,C1=CC=C(C=C1)CCCOC(=O)N,0,,,,,CCCCC(CC)COC(=O)CC(C(=O)OCC(CC)CCCC)S(=O)(=O)[O-].[Na+],1,,,,,,
C(=O)(C(Cl)(Cl)Cl)O,0,,CC1=CC(=C(C=C1)C(C)(C)C)O,0,,CC(C)C(=O)OCCOC1=CC=CC=C1,1,,C1=NC(=S)C2=C(N1)N(C=N2)[C@H]3[C@@H]([C@@H]([C@H](O3)CO)O)O,0,,,,,CN(C)CCCN1C2=CC=CC=C2CCC3=C1C=C(C=C3)Cl.Cl,1,,,,,,
C1=CC=C2C(=C1)C(=O)N(C2=O)SC(Cl)(Cl)Cl,1,,CO[Si](C1=CC=CC=C1)(OC)OC,0,,C1=CC(=CC=C1C(C2=CC=C(C=C2)Cl)C(=O)O)Cl,1,,C[N+]1([C@@H]2CC[C@H]1CC(C2)OC(=O)C(C3=CC=CC=C3)(C4=CC=CC=C4)O)CCF.[Br-],0,,,,,C1=CC=C(C=C1)CCC(=O)O,0,,,,,,
C1=CC=C(C=C1)C2=CC=C(C=C2)C(C3=CC=CC=C3)N4C=CN=C4,1,,C1=CC=C2C(=C1)C(=O)NS2(=O)=O,0,,COP(=O)(OC)OC=C(Cl)Cl,0,,COC1=C2CCCCC(C2=NC=C1)S(=O)C3=NC4=CC=CC=C4N3,1,,,,,CC(=O)/C=C/C1=CC2=C(C=C1)OCO2,1,,,,,,
CC1=C2C(=CC=C1)SC(=N2)N,0,,CC1=C(C(=C(C(=C1[N+](=O)[O-])C(C)(C)C)[N+](=O)[O-])C)[N+](=O)[O-],1,,C(CCO)CC(CO)O,1,,C[C@]12CCC(=O)C=C1CC[C@@H]3[C@@H]2CC[C@]4([C@H]3CCC4=O)C,0,,,,,CCN(CC)C1=CC2=C(C=C1)C3(C4=C(O2)C=C(C=C4)N(CC)CC)C5=CC=CC=C5C(=O)O3,1,,,,,,
C[C@H](/C=C/[C@H](C)C(C)C)[C@H]1CC[C@@H]\2[C@@]1(CCC/C2=C\C=C\3/C[C@H](CCC3=C)O)C,1,,C1=CC=C2C=C(C=CC2=C1)OC(=O)C3=CC=CC=C3N,1,,C1CN(CCN1)C2=CC=CC=C2Cl,0,,CC(=CCC/C(=C/CC/C(=C/CCC(=O)OC/C=C(\C)/CCC=C(C)C)/C)/C)C,0,,,,,C1=CC=C(C=C1)C2=CC=CC=C2[O-].O.O.O.O.[Na+],1,,,,,,
CC(=O)OCC(=O)[C@]1(CCC2[C@@]1(C[C@@H](C3C2CCC4=CC(=O)CC[C@]34C)O)C)O,0,,COCCOC1=CC(=CC=C1)S(=O)(=O)[N-]C2=NC=CC=N2.[Na+],0,,CCCCCCCCCC(CC)C1=CC=C(C=C1)S(=O)(=O)O.C(CO)N(CCO)CCO,1,,CC1(OC[C@H](O1)COC(=O)CCC2=CC=C(C=C2)OC[C@H](CNCCNC(=O)N3CCOCC3)O)C.Cl,0,,,,,CC1=NC2=C(C1(C)C)C3=CC=CC=C3C=C2,1,,,,,,
CCCCCCCC(=O)O,0,,CC1=CC2=C(C=C1)SC3=CC=CC(=C32)C,1,,CCC(C)N(C)C(=O)C1=CC2=CC=CC=C2C(=N1)C3=CC=CC=C3Cl,1,,CNC1CCCN(C1)C2=C(C=C3C(=C2OC)N(C=C(C3=O)C(=O)O)C4CC4)F,0,,,,,C[C@@H]1CC(=O)NN=C1C2=CC=C(C=C2)NN=C(C#N)C#N,1,,,,,,
C1=CC=C2C(=C1)C=CC=C2NCCN.Cl.Cl,1,,CC(C)C[C@@H](C(=O)N[C@@H](CCCN=C(N)N)C(=O)N1CCC[C@H]1C(=O)NCC(=O)N)NC(=O)CNC(=O)[C@H](CC2=CC=C(C=C2)O)NC(=O)[C@H](CO)NC(=O)[C@H](CC3=CNC4=CC=CC=C43)NC(=O)[C@H](CC5=CN=CN5)NC(=O)[C@@H]6CCC(=O)N6.Cl,0,,CC1=CC(=CC=C1)CN2CCN(CC2)C(C3=CC=CC=C3)C4=CC=C(C=C4)Cl.Cl.Cl,1,,C1=CC=C(C=C1)C2=C(C(=O)NC(=N2)N)Br,0,,,,,COC1=C(C=CC(=C1)Cl)OC2=C(C=C(C=C2)Cl)Cl,1,,,,,,
CCNS(=O)(=O)C(C(C(C(C(C(C(C(F)(F)F)(F)F)(F)F)(F)F)(F)F)(F)F)(F)F)(F)F,0,,CCOC(=O)C1=CC=C(C=C1)NC(=O)CN2CCCCC2,1,,CCO[Si](CCCNC(=O)N)(OCC)OCC,0,,CC#C[C@@]1(CC[C@@H]2[C@@]1(CC[C@H]3[C@H]2C[C@@H](C4=CC(=O)CC[C@]34C)C)C)O,1,,,,,CC(C)C/C=C(\C=O)/C1=CC=CC=C1,1,,,,,,
CCCCCCCCCCCO,1,,CC(=O)NC1=CC=CC=C1,0,,C1CC[C@H]2[C@@H](C1)C(=O)N(C2=O)CCCCN3CCN(CC3)C4=NSC5=CC=CC=C54.Cl,0,,C1=CNC(=O)NC1=O,0,,,,,CC1=C(C=CC=C1Cl)N,0,,,,,,
CCCCCCCCCCCCCC(=O)OC(C)C,0,,C1=CC(=CC=C1/C=C/C2=CC(=CC(=C2)O)O)O,1,,CCN(CC)CC(=O)OCC(=O)[C@]1(CC[C@@H]2[C@@]1(C[C@@H]([C@H]3[C@H]2CCC4=CC(=O)CC[C@]34C)O)C)O,0,,C1=CC(=CC=C1O)S(=O)(=O)O,0,,,,,CCCCC(CC)COC(=O)CC#N,1,,,,,,
CNCC[C@@H](C1=CC=CS1)OC2=CC=CC3=CC=CC=C32.Cl,1,,CCCCCCCCCCCCN1CCCC1=O,1,,CCCCCCCCCCCCCCCCCC#N,0,,C([C@@H]1[C@@H]([C@@H]([C@H]([C@@H](O1)O[C@H]([C@@H](CO)O)[C@@H]([C@H](CO)O)O)O)O)O)O,0,,,,,CC1(C(=O)N(C(=O)N1Cl)Cl)C,0,,,,,,
C1(=C(C(=NC(=C1Cl)Cl)Cl)Cl)Cl,0,,CC1=C(N(C2=C1C=C(C=C2)C(=O)OCCN(C)C)CC3=CC=CC=C3)C,1,,CC(C)CC(C)CC(CC(C)C)O,0,,C[C@]12CC[C@H]3[C@H]([C@@H]1CC[C@@H]2OC(=O)CCC4=CC=CO4)CCC5=CC(=O)CC[C@H]35,1,,,,,CC/C(=C(\C1=CC=CC=C1)/C2=CC=C(C=C2)OCCN(C)C)/C3=CC=CC=C3.C(C(=O)O)C(CC(=O)O)(C(=O)O)O,1,,,,,,
CC1=C(N(C2=C1C=C(C=C2)C(=O)OCCN(C)C)CC3=CC=CC=C3)C,1,,CC(=O)NC1=CC2=C(C=C1)C3=CC=CC=C3C2,1,,CCCCCCCCCCCCCCCC[N+](C)(C)CC1=CC=CC=C1.[Cl-],1,,C[C@@]1(C2C[C@H]3[C@@H](C(=O)C(=C([C@]3(C(=O)C2=C(C4=C1C=CC=C4O)O)O)O)C(=O)NCN5CCCC5)N(C)C)O,1,,,,,[Cl-].[Cl-].[Cd+2],1,,,,,,
C[C@]12CC[C@H]3[C@H]([C@@H]1CC[C@]2(C)O)CCC4=CC(=O)C=C[C@]34C,0,,CC(C)NC1=NC(=NC(=N1)SC)N=[N+]=[N-],1,,CCC1=C(C(=O)C=NN1C2=CC=C(C=C2)Cl)C(=O)[O-].[K+],0,,C1CN(CCN1C/C=C/C2=CC=CC=C2)C(C3=CC=CC=C3)C4=CC=CC=C4,0,,,,,CC1(CC(CC(N1)(C)C)N)C,0,,,,,,
C1CN(CCC1C2=CN(C3=C2C=C(C=C3)Cl)C4=CC=C(C=C4)F)CCN5CCNC5=O,1,,CCCN(CCC)C(=O)CC1=C(N=C2N1C=C(C=C2)Cl)C3=CC=C(C=C3)Cl,1,,C1=CC=C(C(=C1)C=O)C=O,0,,CC(C)(C)NCC(C1=CC(=C(C(=C1)Cl)N)C(F)(F)F)O.Cl,0,,,,,CCCCC(CC)C(=O)OCCOCCOCCOC(=O)C(CC)CCCC,0,,,,,,
C1=CC=C2C(=C1)C(=O)C(=C(C2=O)Cl)Cl,1,,CC(C)NC1=CC=C(C=C1)NC2=CC=CC=C2,1,,C[Si](C1=CC=CC=C1)(C2=CC=CC=C2)Cl,1,,CC(C)CC1=CC=C(C=C1)CC(=O)O,0,,,,,COC1=C(C=CC(=C1C(=O)O)Cl)Cl,0,,,,,,
CN1C=NC2=C1C=C(C(=C2F)NC3=C(C=C(C=C3)Br)Cl)C(=O)NOCCO,0,,CC1(C2CCC(=C)C1C2)C,0,,C1=CC(=CC=C1N=NC2=C(NN(C2=O)C3=CC=C(C=C3)S(=O)(=O)[O-])C(=O)[O-])S(=O)(=O)[O-].[Na+].[Na+].[Na+],1,,CC1=C(C2=CC3=NC(=CC4=NC(=CC5=C(C(=C(N5)C=C1N2)C=C)C)C(=C4CCC(=O)[O-])C)C(=C3C)CCC(=O)[O-])C=C.[Na+].[Na+],0,,,,,CC1=CC2=C(C=C1C)N(C3=NC(=O)NC(=O)C3=N2)C[C@@H]([C@@H]([C@@H](CO)O)O)O,0,,,,,,
CN1CCC2=C3[C@H]1CC4=C(C3=CC=C2)C(=C(C=C4)O)O.CN1CCC2=C3[C@H]1CC4=C(C3=CC=C2)C(=C(C=C4)O)O.O.Cl.Cl,1,,CCC(=O)C(CC(C)N(C)C)(C1=CC=CC=C1)C2=CC=CC=C2.Cl,0,,C1CC(C(CC1C(CBr)Br)Br)Br,1,,C1CCN(C1)CC2=NC3=CC=CC=C3N2CC4=CC=C(C=C4)Cl.Cl,1,,,,,CCNC1=NC(=NC(=N1)SC)NC(C)C(C)C,1,,,,,,
CC[C@@H]1[C@@]([C@@H]([C@H](/C(=N/OCOCCOC)/[C@@H](C[C@@]([C@@H]([C@H]([C@@H]([C@H](C(=O)O1)C)O[C@H]2C[C@@]([C@H]([C@@H](O2)C)O)(C)OC)C)O[C@H]3[C@@H]([C@H](C[C@H](O3)C)N(C)C)O)(C)O)C)C)O)(C)O,0,,COC1=CC=CC=C1OCC2CNC(=O)O2,0,,CN(C)C1CSSSC1.C(=O)(C(=O)O)O,1,,CCC1NC2=CC(=C(C=C2S(=O)(=O)N1)S(=O)(=O)N)Cl,0,,,,,CC(C)(CO)N,0,,,,,,
CN(C)C(=O)C(CCN1CCC(CC1)(C2=CC=C(C=C2)Cl)O)(C3=CC=CC=C3)C4=CC=CC=C4,1,,CCC(C)(C)C1=CC(=C(C(=C1)N2N=C3C=CC=CC3=N2)O)C(C)(C)CC,0,,CCCCC/C=C\C/C=C\CCCCCCCC(=O)O,1,,CN(CCCN1C2=CC=CC=C2CCC3=CC=CC=C31)CC(=O)C4=CC=C(C=C4)Cl.Cl,1,,,,,CCOP(=S)(CC)SC1=CC=CC=C1,0,,,,,,
CCCC[N+]1=CC=CC=C1.[I-],0,,C1CSSC1CCCCC(=O)N,0,,C(=O)N,0,,CCN1CCCC(C1)OC(=O)C(C2=CC=CC=C2)C3=CC=CC=C3.Cl,1,,,,,CC1=NC2=C(C=C(C=C2)CN(C)C3=CC=C(S3)C(=O)N[C@@H](CCC(=O)O)C(=O)O)C(=O)N1,0,,,,,,
CCCCCCOCCO,0,,CC(C)(C)C1=C(C(=CC=C1)C(C)(C)C)O,0,,COC1=NC=NC(=C1)NS(=O)(=O)C2=CC=C(C=C2)N,0,,CN1C=C(C2=CC=CC=C21)C(=O)[C@@H]3CCC4=C(C3)NC=N4.Cl,1,,,,,CN(C)CCC1=CNC2=C1C=C(C=C2)C[C@H]3COC(=O)N3,0,,,,,,
CC(C)(C)CC(C)(C)C1=CC=C(C=C1)OCCOCC[N+](C)(C)CC2=CC=CC=C2.[Cl-],1,,CC1=C(C(CCC1)(C)C)/C=C/C(=C/C=C/C(=C\C=O)/C)/C,1,,C(=O)(C(C(C(C(C(C(C(C(F)(F)F)(F)F)(F)F)(F)F)(F)F)(F)F)(F)F)(F)F)O,1,,C[C@@H]([C@@H](C1=CC=CC=C1)O)NCCC(=O)C2=CC(=CC=C2)OC.Cl,1,,,,,C[N+](C)(C)CCO.[Cl-],0,,,,,,
CC(C)(C)C1=CC=C(C=C1)CN(C)CC2=CC=CC3=CC=CC=C32,1,,C1=CC(=CC=C1C2=COC3=CC(=CC(=C3C2=O)O)O)O,1,,CN(C)C(=S)SC(=S)N(C)C,1,,COC1=NC=CN=C1NS(=O)(=O)C2=CC=C(C=C2)N,0,,,,,CCOC(=O)NNC1=NN=CC2=CC=CC=C21.Cl,0,,,,,,
C[C@H]1[C@H]([C@H](C[C@@H](O1)O[C@H]2C[C@@](CC3=C2C(=C4C(=C3O)C(=O)C5=C(C4=O)C(=CC=C5)OC)O)(C(=O)C)O)N)O,1,,C1=CC=C(C=C1)OC2=CC=CC(=C2)CBr,1,,CN1CCC2=CC(=C(C=C2[C@@H]3[C@@H]1CCC4=CC=CC=C34)O)Cl,0,,C1=CSC(=C1)CNC2=CC(=C(C=C2C3=NNN=N3)S(=O)(=O)N)Cl,1,,,,,CSC1=C(C(=C(C(=C1Cl)Cl)Cl)Cl)Cl,1,,,,,,
COC(=O)C1CCC(CC1)C(=O)OC,0,,[N+](=O)([O-])[O-].[Na+],0,,CCC(C)C1=C(C(=CC(=C1)[N+](=O)[O-])[N+](=O)[O-])OC(=O)C=C(C)C,1,,CN(C)CCOC1=CC2=CC=CC=C2SC3=C1C=C(C=C3)Cl,1,,,,,CCC(=O)O,0,,,,,,
C1=CC=C(C=C1)NC2=CC=CC=C2[N+](=O)[O-],0,,C[C@]12CC[C@@H](C[C@H]1CC[C@@H]3[C@@H]2C[C@H]([C@]4([C@@]3(CC[C@@H]4C5=CC(=O)OC5)O)C)O)O,0,,C1=CC(=CC=C1CC2=CC=C(C=C2)N3C(=O)C=CC3=O)N4C(=O)C=CC4=O,1,,CC1=NN(C(=O)C1)C2=CC=CC=C2,1,,,,,COC1=C2C=CC(=O)OC2=CC3=C1C=CO3,1,,,,,,
CCOC1=C(C=CC(=C1)C=O)O,0,,C1CC(C1)(C(=O)O)C(=O)O.[NH2-].[NH2-].[Pt+2],0,,CC1=CC(=C(C(=C1)C(C)(C)C)OC(=O)NC)C(C)(C)C,1,,C[C@@H]1C2=C(CN1)C=C(C=C2)C3=C(C4=C(C=C3)C(=O)C(=CN4C5CC5)C(=O)O)OC(F)F.CS(=O)(=O)O.O,0,,,,,CC1=CCCC(C1/C=C(\C)/C(=O)C)(C)C,0,,,,,,
CC1([C@H]([C@H]1C(=O)O[C@H](C#N)C2=CC(=CC=C2)OC3=CC=CC=C3)C=C(Br)Br)C,0,,COC1=CC(=C(C=C1)C(=O)C2=CC=CC=C2O)O,1,,CCCCCOC(=O)C1=CC=CC=C1C(=O)OCCCCC,1,,CN1CCN(CC1)C2=NC3=CC=CC=C3SC4=C2C=C(C=C4)Cl,1,,,,,CC(C)(C)C1=CSC(=N1)C2=CC3=C(O2)C=CC(=C3)OCC4=CC=CC=C4CC(=O)O,1,,,,,,
CCCCCCCC[N+](CCCCCCCC)(CCCCCCCC)CCCCCCCC.[Br-],1,,CCCCCC(=O)O,0,,CC1=C2CCC3=C2C(=CC4=C3C=CC5=CC=CC=C54)C=C1,1,,CC1=C(C(=O)C(=C(C1=O)C)C(CCCCCC(=O)O)C2=CC=CC=C2)C,1,,,,,C1CN(CCN1CCCN2C3=CC=CC=C3NC2=O)C(C4=CC=CC=C4)C5=CC=CC=C5,1,,,,,,
C1=CC(=CC=C1N/C(=N/C(=NCCCCCCN=C(/N=C(/NC2=CC=C(C=C2)Cl)\N)N)N)/N)Cl,1,,CCCCN(CCCC)C(=O)N(CCCC)CCCC,1,,CC1CCC(C(C1)OC(=O)C2=CC=CC=C2N)C(C)C,1,,CC(=O)OCC(=O)NCCCOC1=CC=CC(=C1)CN2CCCCC2.Cl,0,,,,,CC(C)(C)C(=O)OCOP(=O)(COCCN1C=NC2=C(N=CN=C21)N)OCOC(=O)C(C)(C)C,1,,,,,,
C(=O)/C(=C(\C(=O)O)/Cl)/Cl,0,,C[C@]12CC[C@H]3[C@H]([C@@H]1CC[C@@H]2O)CCC4=C3C=CC(=C4)O,1,,CO[Si](CCCN1C(=O)N(C(=O)N(C1=O)CCC[Si](OC)(OC)OC)CCC[Si](OC)(OC)OC)(OC)OC,0,,C1CN(CCN1CCCN2C3=CC=CC=C3C=CC4=CC=CC=C42)CCO.Cl.Cl,0,,,,,C1=CC=C2C(=C1)C(=O)NC3=C(O2)C=CC(=C3)Cl,0,,,,,,
CC1C2=NN=C(N2C3=C(C=C(S3)CCC4=CC=C(C=C4)CC(C)C)C(=N1)C5=CC=CC=C5Cl)C,1,,C1=CC(=CC=C1NC(=O)NC2=CC(=C(C=C2)Cl)Cl)Cl,1,,C1CCC(C1)C2=C(C=CC(=C2)Cl)O,1,,C1=CC=C(C(=C1)C(=O)OCC(CO)O)NC2=C3C=CC(=CC3=NC=C2)Cl.Cl,1,,,,,C1=CC=C(C=C1)NC(=S)N,0,,,,,,
CCCCCC(=O)O[C@@]1(CC[C@@H]2[C@@]1(CC[C@H]3[C@H]2CCC4=CC(=O)CC[C@]34C)C)C(=O)C,1,,C1=CC=C(C=C1)[Si](C2=CC=CC=C2)(Cl)Cl,0,,CCCCC(CC)C(=O)OCCOCCOCCOC(=O)C(CC)CCCC,1,,CCN(CC)CC(=O)NC1=C(C=CC=C1C(=O)OC)C,0,,,,,C1CCC(C(C1)N)N,0,,,,,,
C=CC(=O)OCC(CO)(COC(=O)C=C)COC(=O)C=C,1,,CCC/C=C(/CC)\C=O,0,,CCOC(=O)[CH-]C(=O)C(=O)OCC.[Na+],1,,C1=CC=C(C=C1)C2=C(N=CN2)C3=CC=CC=C3,1,,,,,C1CNCCC1N2C3=CC=CC=C3NC2=O,0,,,,,,
CCCCOC(=O)C1=CC=C(C=C1)O,0,,CC1([C@@H]([C@@H]1C(=O)OCC2=COC(=C2)CC3=CC=CC=C3)/C=C/4\CCSC4=O)C,1,,C(CO)N,1,,C1=CC(=C(C=C1Cl)C2=NC(=NC(=N2)N)N)Cl.C(=C\C(=O)O)\C(=O)O,0,,,,,CC(=O)N(CC(=O)N(C)C)C1=CC=CC=C1,0,,,,,,
CN(C)C(=O)C1(CCN(CC1)CC[C@]2(CN(CCO2)C(=O)C3=CC=CC=C3)C4=CC(=C(C=C4)Cl)Cl)N5CCCCC5.Cl,1,,COC1=CC(=C(C=C1)C(=O)C2=CC=CC=C2)O,1,,CC1=CC=C(C=C1)Cl,1,,C1CCN(CC1)C2(CCN(CC2)CCCC(=O)C3=CC=C(C=C3)F)C(=O)N.Cl.Cl,0,,,,,CC1=C(C(=CC=C1)C)NC(=O)C2=CC=CC=C2C(=O)O,0,,,,,,
C=CC(=O)OCCOCCOC(=O)C=C,1,,CC(C)OC(=O)NC1=CC=CC=C1,1,,CC(C1=CC=CC=C1)(C2=CC=C(C=C2)O)C3=CC=C(C=C3)O,1,,C1=NC2=NC=NC(=C2N1)N,0,,,,,C1=CC(=CC=C1O)I,0,,,,,,
C1=C(OC(=C1)[N+](=O)[O-])/C=N/NC(=O)N,0,,C([C@@H]1[C@@H]([C@@H]([C@H]([C@@H](O1)O[C@H]([C@@H](CO)O)[C@@H]([C@H](CO)O)O)O)O)O)O,0,,CCCCC1=NC2=C(N1CC3=CC=C(C=C3)C4=CC=CC=C4C5=NN=N[N-]5)N=CC=C2.[Na+],1,,C1=CC=C(C=C1)CN2C3=CC=CC=C3C(=N2)OCC(=O)[O-].[Na+],0,,,,,C(C#N)NCC#N,0,,,,,,
C1=C(C=C(C(=C1Cl)N)Cl)[N+](=O)[O-],0,,C1=CC(=CC=C1C(=O)C2=C(C=C(C=C2)O)O)O,1,,CCO[Si](CCCNC(=O)N)(OCC)OCC,0,,CC(CN1C=NC2=C1C(=O)N(C(=O)N2C)C)O,0,,,,,C=CCCCCCCC=C,1,,,,,,
CN(C)C(=S)SSC(=S)N(C)C,1,,CC1[C@H]2C[C@]2(CC1=O)C(C)C,0,,COC(=O)C1=CC=C(C=C1)C=O,0,,CC(=O)NC1=CC=C(C=C1)CC(=O)O,0,,,,,C[C@H](C(=O)O)OC1=C(C=C(C=C1)Cl)Cl,0,,,,,,
CCC(C)(C)O,0,,CC(=O)[C@]1(CC[C@@H]2[C@@]1(CC[C@H]3[C@H]2CCC4=CC(=O)CC[C@]34C)C)O,0,,CN1CCN(CC1)CCC(=O)N2C3=CC=CC=C3SC4=C2C=C(C=C4)C(F)(F)F,0,,CC(C)(C)NCC(C1=CC(=C(C(=C1)Cl)N)Cl)O,0,,,,,CC(=O)[C@H]1CC[C@@H]2[C@@]1(CC[C@H]3[C@H]2CCC4=CC(=O)CC[C@]34C)C,1,,,,,,
CC1CCC(C(=O)C1)C(C)(C)S,0,,CCC(C)N,0,,CCCNC(C)C(=O)NC1=CC=CC=C1C.Cl,0,,C[C@H]1[C@@H]([C@H]([C@H]([C@@H](O1)O[C@H]2CC[C@@]3([C@H]4CC[C@@]5([C@H](CC[C@@]5([C@@H]4CCC3=C2)O)C6=COC(=O)C=C6)C)C)O)O)O,0,,,,,CCCOC(C1=CC=CC=C1)(C2=CC=CC=C2)C(=O)OC3CCN(CC3)C.Cl,1,,,,,,
CNCCC(C1=CC=CC=C1)OC2=CC=C(C=C2)C(F)(F)F.Cl,1,,C1CC2C(O2)CC1C3CO3,0,,CC1=CN(C(=O)NC1=O)[C@H]2C=C[C@H](O2)CO,0,,CCCCC(/C=C(\C)/C=C/C=C/C(=O)N1CCCC1=O)O,0,,,,,CCCN(CCC)C(=O)CC1=C(N=C2N1C=C(C=C2)Cl)C3=CC=C(C=C3)Cl,1,,,,,,
COC1=CC=CC=C1N,0,,C1=C(C=C(C=C1C(=O)O)[N+](=O)[O-])C(=O)O,0,,CC1=C(C(=CC=C1)C)N(C(C)C(=O)OC)C(=O)COC,1,,CCN(CC)C(=O)NC1=CC(=C(C=C1)OCC(CNC(C)(C)C)O)C(=O)C.Cl,0,,,,,C1=C(C=C(C(=C1C(=O)O)O)S(=O)(=O)O)N,0,,,,,,
CC(C)C1=CC=C(C=C1)OP(=O)(OC2=CC=C(C=C2)C(C)C)OC3=CC=C(C=C3)C(C)C,1,,CN(C)C1=CC2=C(C=C1)N=C3C=CC(=[N+](C)C)C=C3S2.[Cl-],1,,CCCCC(CC)COC(=O)CC(C(=O)OCC(CC)CCCC)S(=O)(=O)[O-].[Na+],1,,C1=CC(=CC=C1C(CN)O)O,0,,,,,C1=CC(=CC(=C1)OCCO)OCCO,0,,,,,,
C1=CC2=C(C(=C1)O)N=CC=C2.C(C(=O)O)C(CC(=O)O)(C(=O)O)O,1,,C1=CC(=CC(=C1)NC2=C(C=CC=N2)C(=O)O)C(F)(F)F,1,,C1CN(CCN1)C2=C(C=C3C(=C2)N(C=C(C3=O)C(=O)O)C4=CC=C(C=C4)F)F,0,,CN1C(=CC(=O)N(C1=O)C)NCCN(CCCC2=CC=C(C=C2)[N+](=O)[O-])CCO.Cl,0,,,,,C1=C(C(=CC(=C1O)O)O)CCN.Cl,0,,,,,,
CC(C)(/C=N/OC(=O)NC)S(=O)C,0,,C1CN(CCC1(C2=CC(=CC=C2)C(F)(F)F)O)CCCC(=O)C3=CC=C(C=C3)F.Cl,0,,CCCCCCO,0,,COC1=CC(=CC(=C1)OC)OC,0,,,,,C1C2C(C(C1Cl)Cl)C3(C(=C(C2(C3(Cl)Cl)Cl)Cl)Cl)Cl,1,,,,,,
CCCCCCCCCCCSCC(=O)O,1,,CC(C1=CC(=C(C=C1)C2=CC=CC=C2)F)C(=O)O,0,,C1C(O1)COC2=CC(=CC=C2)OCC3CO3,1,,C1CN(CCN1CC/C=C\2/C3=CC=CC=C3SC4=C2C=C(C=C4)C(F)(F)F)CCO,1,,,,,CC1=C(C=CC(=C1)OP(=S)(OC)OC)[N+](=O)[O-],0,,,,,,
COC1=CC(=CC(=C1O)C(=O)NCCO)CC=C,0,,CC1=C(C=CC(=C1)Cl)OCC(=O)[O-].[Na+],0,,CCC#N,0,,CNC(=O)C1=C(C(=C(C(=C1I)NC(=O)CCCCC(=O)NC2=C(C(=C(C(=C2I)C(=O)O)I)C(=O)NC)I)I)C(=O)O)I,0,,,,,CCN(CC)CC(=O)OC1=CC=C(C=C1)NC(=O)C,0,,,,,,
CC1=C(C(=O)N(N1C)C2=CC=CC=C2)C(C)C,0,,CCN1C=C(C(=O)C2=C1N=C(C=C2)C)C(=O)O,0,,CC1=CC(=O)C2=CC=CC=C2C1=O,1,,CCN(CC)C(=O)N[C@H]1CN([C@H]2CC3=CNC4=CC=CC(=C34)C2=C1)C,1,,,,,C1=C(C=C(C(=C1I)OC2=CC(=C(C(=C2)I)O)I)I)CC(=O)O,1,,,,,,
CC1=C(C(=C(C2=C1O[C@](CC2)(C)CCC[C@H](C)CCC[C@H](C)CCCC(C)C)C)OC(=O)CCC(=O)OCCO)C,1,,CC(C(=O)N1C(CN(C1=O)C)C(=O)O)NC(CCC2=CC=CC=C2)C(=O)O,0,,C1=CN=CC=C1C2=CC=NC=C2,1,,CC[N+]1(CCCCC1)CCOC(=O)C(C2=CC=CC=C2)(C3=CC=CC=C3)O.[Br-],0,,,,,CN(C)C1=CC=C(C=C1)CC2=CC=C(C=C2)N(C)C,1,,,,,,
C[C@H](CN1C2=CC=CC=C2SC3=CC=CC=C31)CN(C)C.C[C@H](CN1C2=CC=CC=C2SC3=CC=CC=C31)CN(C)C.[C@@H]([C@@H](C(=O)O)O)(C(=O)O)O,1,,CC1=C(C=CN=C1CS(=O)C2=NC3=CC=CC=C3N2)OCC(F)(F)F,1,,CCCCOC=C,0,,CC(=CCC1C(=O)N(N(C1=O)C2=CC=CC=C2)C3=CC=CC=C3)C,1,,,,,C1C(O1)COC2=CC=C(C=C2)C(C3=CC=C(C=C3)OCC4CO4)C5=CC=C(C=C5)OCC6CO6,1,,,,,,
C1=CC=[N+](C(=C1)SSC2=CC=CC=[N+]2[O-])[O-],1,,CC(C)(C)NC[C@@H](COC1=NSN=C1N2CCOCC2)O,0,,CCC(=O)OC/C=C(\C)/CCC=C(C)C,0,,CCCCC1(C(=O)N(N(C1=O)C2=CC=CC=C2)C3=CC=CC=C3)COC(=O)CCC(=O)O,0,,,,,CCCCC1C(=O)N(N(C1=O)C2=CC=CC=C2)C3=CC=CC=C3,1,,,,,,
CCCCOCCOCCOCCO,0,,CC(=O)C1=CC=CC=C1[N+](=O)[O-],0,,C1=CC=C2C(=C1)C(=NN2CC3=C(C=C(C=C3)Cl)Cl)C(=O)O,1,,CN(C)CCOC1=CC=C(C=C1)CNC(=O)C2=CC(=C(C=C2)OC)OC.Cl,0,,,,,CC(=O)N1CCN(CC1)C2=CC=C(C=C2)O,0,,,,,,
CC(C)COC(=O)C1=CC=CC=C1O,0,,CCN(CC(C)O)C1=NN=C(C=C1)NNC(=O)OCC,0,,CC1=CC=C(C=C1)C(C)(C)O,0,,CCOC(=O)C1=CC(=O)C2=C(O1)C=CC=C2OCC(COC3=CC=CC4=C3C(=O)C=C(O4)C(=O)OCC)OC(=O)[C@H](CCCCN)N,1,,,,,CC(=O)NS(=O)(=O)C1=CC=C(C=C1)N,0,,,,,,
CC(C(=O)O[Hg]C1=CC=CC=C1)O,1,,CC(=O)CN(CC(=O)C)N=O,0,,CCOC(=O)NCCC[Si](OCC)(OCC)OCC,0,,CC1=C(C(C(=C(N1)C)C(=O)OCC(=O)C)C2=CC=CC=C2[N+](=O)[O-])C(=O)OC,1,,,,,CCCCCl,0,,,,,,
CN(C)CCCN1C2=CC=CC=C2SC3=C1C=C(C=C3)C(F)(F)F.Cl,1,,CC1=CC(=CC=C1)NC(=O)OC2=CC=CC(=C2)NC(=O)OC,1,,CC1=CC(=C(C=C1)C(=O)OC)C2=NC(C(=O)N2)(C)C(C)C,0,,C1CCN(CC1)CC2=CC(=NC=C2)OC/C=C\CNC(=O)CS(=O)CC3=CC=CO3,0,,,,,CC(C)(C1=CC(=C(C(=C1)Cl)O)Cl)C2=CC(=C(C(=C2)Cl)O)Cl,1,,,,,,
CC(=CCC/C(=C/CCC(=O)C)/C)C,0,,Cl[Sn](Cl)(Cl)Cl,0,,CC(C1=CC=C(C=C1)CC2CCCC2=O)C(=O)O,0,,C1=CC=C(C(=C1)CC(=O)OCC(=O)O)NC2=C(C=CC=C2Cl)Cl,0,,,,,CC1=CC=C(C=C1)C(=O)C2=CC(=C(C(=C2)O)O)[N+](=O)[O-],0,,,,,,
C1=CC(=C(C(=C1)Cl)Cl)Cl,0,,CC1=CC=CC=C1N=NC2=CC(=C(C=C2)N=NC3=C(C=CC4=CC=CC=C43)O)C,1,,CCCCCCO,0,,C1CC2=C(C[C@@H]1NS(=O)(=O)C3=CC=C(C=C3)F)C4=CC=CC=C4N2CCC(=O)O,1,,,,,C1=C(C=C(C=C1Cl)Cl)N,0,,,,,,
CCN(CC)CCOC1=CC=C(C=C1)C(CC2=CC=C(C=C2)Cl)(C3=CC=C(C=C3)C)O,1,,C1CC2=CC=CC=C2NC3=CC=CC=C31,1,,CCCCCCCCCCCCCCCCN,0,,COC(=O)C1=C(C=CC(=C1)Cl)NS(=O)(=O)C(F)(F)F,0,,,,,C1=CC=C(C=C1)P(Cl)Cl,0,,,,,,
C1=CC(=CC=C1N/C(=N/C(=NCCCCCCN=C(/N=C(/NC2=CC=C(C=C2)Cl)\N)N)N)/N)Cl.Cl.Cl,1,,CC1=CC(=O)CCC1,0,,C1CCC(CC1)(C2=CC=C(C=C2)O)C3=CC=C(C=C3)O,1,,CCCCN=C(N)N=C(N)N,0,,,,,CN(C)CCOCCN(C)CCO,0,,,,,,
CC(C)C1=CC2=C(C=C1)[C@]3(CCC[C@@]([C@@H]3CC2)(C)CN)C.CC(=O)O,1,,O=[Bi].Cl,0,,C1=CC(=CC=C1C(CO)C2=CC=C(C=C2)Cl)Cl,1,,C(=C\C(=O)O)\C(=O)O,0,,,,,CC1=NN(C(=C1/C=N/OCC2=CC=C(C=C2)C(=O)OC(C)(C)C)OC3=CC=CC=C3)C,1,,,,,,
C[C@H](C1=CC=CC=N1)C2=C(CC3=CC=CC=C32)CCN(C)C.C(=C\C(=O)O)\C(=O)O,0,,COC(=O)/C=C\C(=O)OC,0,,CCCC[N+]1=CC=CC=C1C.F[P-](F)(F)(F)(F)F,0,,C[C@]12CC[C@H]3[C@H]([C@@H]1CC[C@]2(C#C)O)CCC4=CCCC[C@H]34,1,,,,,C(=S)(C(=S)N)N,0,,,,,,
C/C=C\1/CC2CC1C=C2,0,,CC(C)NCC(COC1=CC=C(C=C1)CC(=O)N)O,0,,CC1=CC[C@H](CC1)[C@](C)(CCC=C(C)C)O,1,,C[C@H]1COC2=C3N1C=C(C(=O)C3=CC(=C2C4(CC4)N)F)C(=O)O,0,,,,,C1=CC=C(C=C1)P(C2=CC=CC=C2)C3=CC=CC=C3,1,,,,,,
C1=CC(=C(C=C1N)N)O.Cl.Cl,0,,CC1=CC2=C(C(=C1)O)C(=O)C3=C(C2=O)C=CC=C3O,1,,CCOC(=O)C1=CC(=O)C2=C(O1)C=CC=C2OCC(COC3=CC=CC4=C3C(=O)C=C(O4)C(=O)OCC)OC(=O)[C@H](CCCCN)N,1,,CC1=CC(=NC(=N1)C)NS(=O)(=O)C2=CC=C(C=C2)N,0,,,,,C1CN(CCN1C(=O)CCBr)C(=O)CCBr,0,,,,,,
C1=CC(=CC=C1C(=O)NCC(=O)O)[N+](=O)[O-],0,,CC(C)(CC(=O)O)C(=O)O,0,,CCCCOP(OCCCC)OCCCC,1,,CC1=NC=C(C(=N1)N)CN(C=O)/C(=C(/CCOP(=O)(O)O)\SC(=O)C2=CC=CC=C2)/C,0,,,,,C1=CC(=C(C=C1[C@H](CN)O)O)O,0,,,,,,
C[C@H]1C[C@H]([C@@](O[C@@H]1[C@H]2C[C@@H]([C@@H](O2)[C@@]3(CC[C@@H](O3)[C@@]4(CC[C@@]5(O4)C[C@@H]([C@H]([C@H](O5)[C@@H](C)[C@H]6[C@@H]([C@H]([C@@H]([C@](O6)(CC(=O)[O-])O)C)OC)OC)C)O)C)C)OC7C[C@@H]([C@H]([C@@H](O7)C)OC)OC)(C)O)C.[NH4+],1,,C1=CC(=C(C=C1N)Cl)N.OS(=O)(=O)O,1,,C1=CC=C(C=C1)C(=O)C(=O)C2=CC=CC=C2,0,,CC1=C(C(=CC=C1)C)NC(=O)CC23CCCN2CCC3,0,,,,,C1=CC2=C(C=C1O)OC3=C2C(=O)OC4=C3C=CC(=C4)O,1,,,,,,
,,,COC1=CC=CC=C1C=O,0,,CC(C)C1=CC(=CC=C1)O,0,,CCCCCCOC1=CC=CC=C1C(=O)N,1,,,,,CCN(CCCC1=CC=CC=C1)CCCC2=CC=CC=C2.C(C(=O)O)C(CC(=O)O)(C(=O)O)O,1,,,,,,
,,,COC1=CC(=CC=C1)OC,0,,C1=CC=C(C(=C1)CN)SC2=CC=CC=C2CO,1,,CC(C)C(CCCN(C)CCC1=CC(=C(C=C1)OC)OC)(C#N)C2=CC(=C(C(=C2)OC)OC)OC.Cl,1,,,,,CC(COC(=O)C(=C)C)O,0,,,,,,
,,,CCC1NC2=CC(=C(C=C2C(=O)N1)S(=O)(=O)N)Cl,0,,C1=C2C(=CC(=C1Cl)Cl)OC3=CC(=C(C=C3O2)Cl)Cl,0,,C1[C@@H]([C@@H]([C@H]([C@@H]([C@]1(CO)O)O)O)O)NC(CO)CO,0,,,,,C1=CC2=C(C=CC(=C2)SSC3=CC4=C(C=C3)C=C(C=C4)O)C=C1O,1,,,,,,
,,,CCCCOC(=O)CC(CC(=O)OCCCC)(C(=O)OCCCC)OC(=O)C,1,,C[C@H]1C[C@H]2[C@@H]3CCC4=CC(=O)C=C[C@@]4([C@]3([C@H](C[C@@]2([C@]1(C(=O)COP(=O)([O-])[O-])O)C)O)F)C.[Na+].[Na+],0,,CN1CCC2=CC3=C(C4=C2[C@@H]1CC5=CC=C(C=C5)OC6=C(C=CC(=C6)C[C@@H]7C8=CC(=C(C=C8CCN7C)OC)O4)OC)OCO3,1,,,,,C1=CC=C(C=C1)OC2=NC=CC(=N2)C3=C(N=CN3C(CO)CO)C4=CC=C(C=C4)F,1,,,,,,
,,,C1=CC=C(C(=C1)C2=NC(=NO2)C3=CC=NC=C3)Cl,1,,COP(=O)(OC)OC,0,,CC(C)(C)C1=CC=C(C=C1)C(=O)CCCN2CCC(CC2)OC(C3=CC=CC=C3)C4=CC=CC=C4,0,,,,,CC[Hg]SC1=CC=CC=C1C(=O)[O-].[Na+],1,,,,,,
,,,CC/C(=C\C(=N/O)\C(=O)N)/C(C)[N+](=O)[O-],0,,C1=CC(=CN=C1)C(C2=CC=C(C=C2)Cl)(C3=CC=C(C=C3)Cl)O,1,,CC(C)OC1=CC2=C(C=C1)C(=O)C(=CO2)C3=CC=CC=C3,0,,,,,C1=CC(=CC=C1C(=O)C2=CC=C(C=C2)O)O,1,,,,,,
,,,C1C(O1)COC2=CC=C(C=C2)C(C3=CC=C(C=C3)OCC4CO4)C(C5=CC=C(C=C5)OCC6CO6)C7=CC=C(C=C7)OCC8CO8,1,,C1=CC=C(C=C1)CCCO,0,,CC(=O)O[C@@H]1CC2C3CCC4=C(C3CCC2([C@H]1OC(=O)C)C)C=CC(=C4)OC(=O)C5=CC=CC=C5,0,,,,,CC1CC(C2=C(C1(C)C)C=C(C(=C2)C(=O)C)C)(C)C,1,,,,,,
,,,C1=CC=C(C=C1)[Sb](C2=CC=CC=C2)C3=CC=CC=C3,1,,[B-](F)(F)(F)F.CCCC[N+]1=CC=CC=C1,0,,CCO[C@H]1[C@@H]([C@H]([C@H](O1)C(COCC2=CC=CC=C2)OCC3=CC=CC=C3)OCC4=CC=CC=C4)O,1,,,,,CC(C)C1(C(=O)NC(=N1)C2=NC3=CC=CC=C3C=C2C(=O)O)C,0,,,,,,
,,,C1=CC(=CC=C1N)N,1,,CC1=C(C(=CC=C1)[N+](=O)[O-])C(=O)O,0,,CCN(CC)CCOC1=CC=CC=C1C(=O)CCC2=CC=CC=C2,1,,,,,CCNP(=S)(OC)O/C(=C/C(=O)OC(C)C)/C,1,,,,,,
,,,CC(C)(C)C=C,0,,COC1=CC(=CC2=C1OCO2)CC=C,1,,CN1C2=CC=CC=C2C(=O)N(C3=CC=CC=C31)CCN(C)C.Cl,0,,,,,COC1=C2C(=CC3=C1OC=C3)C=CC(=O)O2,1,,,,,,
,,,CCC1=CC(=C(N=C1)C2=NC(C(=O)N2)(C)C(C)C)C(=O)O,0,,CCN(CC)CCN1C2=C(C=C(C=C2)[N+](=O)[O-])N=C1CC3=CC=C(C=C3)OCC,1,,CC(C)NC(C)C,0,,,,,CCCC(=O)O[C@@]1(CC[C@@H]2[C@@]1(C[C@@H]([C@H]3[C@H]2CCC4=CC(=O)CC[C@]34C)O)C)C(=O)CC,1,,,,,,
,,,COC1=CC(=C(C=C1)N)[N+](=O)[O-],0,,CC1=CC=C(C=C1)S(=O)(=O)NC(=O)NN2CCCCCC2,1,,C1=CC=C(C=C1)C2=NC(=C(S2)CC(=O)O)C3=CC=C(C=C3)Cl,0,,,,,C/C=C/C/C=C/C/C=C/CC=C,0,,,,,,
,,,C1=CC(=CC=C1N)N,1,,C1CCC2=NCCCN2CC1,0,,C[C@@H]1CCC[C@@H](N1CCCC(C2=CC=CC=C2)(C3=CC=CC=N3)O)C,0,,,,,CC1=CC(=C(C(=C1)C)C(=O)P(=O)(C2=CC=CC=C2)C(=O)C3=C(C=C(C=C3C)C)C)C,1,,,,,,
,,,CC1=NC(=NC(=N1)OC)NC(=O)NS(=O)(=O)C2=C(SC=C2)C(=O)OC,0,,CC1=C(C2=C(C=C1)N=C(NC2=O)N)SC3=CC=NC=C3.Cl.Cl,1,,CC1=CC(=NO1)NS(=O)(=O)C2=CC=C(C=C2)NC(=O)C,0,,,,,CC1([C@@H](N2[C@H](S1)[C@@H](C2=O)NC(=O)C3=C(C=CC=C3OC)OC)C(=O)[O-])C.O.[Na+],0,,,,,,
,,,C1CN(CCC1C=C(C2=CC=CC=C2)C3=CC=CC=C3)C(=O)CCCCCCCCC4=CN=CC=C4,0,,C1=CC=C(C=C1)NC2=CC=C(C=C2)N=O,1,,CCCCC/C=C/C/C=C/CCCCCCCC(=O)OCC,1,,,,,CC(CCC=C(C)C)CCOC=O,0,,,,,,
,,,CC(=O)O[C@H](CC(=O)[O-])C[N+](C)(C)C.Cl,0,,COC(=O)C1=CC=CC=C1Cl,0,,CCOC1=CC(=C(C=C1C(=O)NCC2CN(CCO2)CC3=CC=C(C=C3)F)Cl)N.C(C(=O)O)C(CC(=O)O)(C(=O)O)O,1,,,,,CC(C)C(=O)NC1=CC=CC(=C1)C2CN3CCSC3=N2,0,,,,,,
,,,C1=CC=C(C=C1)OP(=O)(OC2=CC=CC=C2)OC3=CC=CC=C3,1,,CC1=CC[C@H](CC1=O)C(=C)C,0,,CCCNC(C)(C)COC(=O)C1=CC=CC=C1.Cl,0,,,,,CC(=O)OCC1=CC=C(C=C1)OC,0,,,,,,
,,,CC(=O)CCC(=O)O,0,,CC1=C(C(=O)N(N1C)C2=CC=CC=C2)NC(C)C,0,,C1=CC(=C(C(=C1)Cl)COC(CN2C=CN=C2)C3=C(C=C(C=C3)Cl)Cl)Cl,1,,,,,C1=CC=C2C(=C1)C3=CC=CC=C3O2,0,,,,,,
,,,C1CCN(CC1)C(=O)/C=C/C=C/C2=CC3=C(C=C2)OCO3,1,,C1CN(CCC1C2=CC=CC(=C2)CN)C(=O)C3=CC=C(O3)C#CC4=CC=CC=C4F,1,,CN1C(=CC(=O)N(C1=O)C)NCCCN2CCN(CC2)C3=CC=CC=C3OC.Cl,0,,,,,CC(C)(CCC1=CC=CC=C1)O,0,,,,,,
,,,COC(=O)C1=CC=CC=C1N,0,,CC1=NC=C(C=C1)CCN2C3=C(CN(CC3)C)C4=C2C=CC(=C4)Cl,0,,CC1=C(C2=C(N1C(=O)C3=CC=C(C=C3)Cl)C=CC(=C2)OC)CC(=O)OC/C=C(\C)/CC/C=C(\C)/CCC=C(C)C,1,,,,,C1=CC(=CC=C1C2=CC=C(C=C2)N)N.Cl.Cl,1,,,,,,
,,,C1=CC(=CC(=C1)O)N,0,,CN1C(NC2=CC(=C(C=C2S1(=O)=O)S(=O)(=O)N)Cl)CCl,0,,C=CCN1CCC2=C(CC1)SC(=N2)N,0,,,,,C[C@]12CC[C@H]3[C@H]([C@@H]1CCC2=O)CCC4=C3C=CC(=C4)O,1,,,,,,
,,,C1=CC=C(C=C1)NC(=O)NC2=CC=CC=C2,1,,CCOP(=S)(OCC)OC1=NOC(=C1)C2=CC=CC=C2,1,,C1=CC=C(C(=C1)C=O)C=O,0,,,,,C1CCN(C1)CC2=NC3=CC=CC=C3N2CC4=CC=C(C=C4)Cl.Cl,1,,,,,,
,,,CC(C)CCCCCCCOC(=O)C(=C)C,0,,CCOC1=C(C=CC(=C1)OC2=C(C=C(C=C2)C(F)(F)F)Cl)[N+](=O)[O-],1,,CC(=CCOC1=CC=C(C=C1)/C=C/C(=O)C2=C(C=C(C=C2)OCC=C(C)C)OCC(=O)O)C,1,,,,,C[C@@]1(C(=O)N2[C@H](C(=O)N3CCC[C@H]3[C@@]2(O1)O)CC4=CC=CC=C4)NC(=O)[C@H]5CN([C@@H]6CC7=CNC8=CC=CC(=C78)C6=C5)C.C[C@@]1(C(=O)N2[C@H](C(=O)N3CCC[C@H]3[C@@]2(O1)O)CC4=CC=CC=C4)NC(=O)[C@H]5CN([C@@H]6CC7=CNC8=CC=CC(=C78)C6=C5)C.[C@@H]([C@H](C(=O)O)O)(C(=O)O)O,1,,,,,,
,,,OS(=O)[O-].[Na+],0,,CCOP(=S)(OCC)OP(=S)(OCC)OCC,1,,CC(C)(C(=O)OCCCOC(=O)C(C)(C)OC1=CC=C(C=C1)Cl)OC2=CC=C(C=C2)Cl,0,,,,,C1C2C(C(C1Cl)Cl)C3(C(=C(C2(C3(Cl)Cl)Cl)Cl)Cl)Cl,1,,,,,,
,,,CC(C)(CCO)OC,0,,CCCCCCCCN1C=C[N+](=C1)C.[Cl-],0,,CC1=NC=C(C(=N1)N)CN(/C(=C(\SS/C(=C(\N(C=O)CC2=CN=C(N=C2N)C)/C)/CCOC(=O)C(C)C)/CCOC(=O)C(C)C)/C)C=O,1,,,,,C1=CC(=CC=C1O)O,0,,,,,,
,,,C1=C(C(=O)NC(=O)N1)F,0,,C1CSC2=N[C@H](CN21)C3=CC=CC=C3.Cl,0,,CCOC(=O)OC(C)OC1=C(N(S(=O)(=O)C2=CC=CC=C21)C)C(=O)NC3=CC=CC=N3,0,,,,,CC1=CN(C(=O)NC1=O)[C@H]2C[C@@H]([C@H](O2)CO)N=[N+]=[N-],0,,,,,,
,,,C1=CC=C(C(=C1)C2=NC(=NO2)C3=CC(=CC=C3)C(=O)O)F,1,,CN1CC[C@]23[C@@H]4[C@H]1CC5=C2C(=C(C=C5)OC)O[C@H]3[C@H](C=C4)O,0,,CCN(CC(C)O)C1=NN=C(C=C1)NNC(=O)OCC,1,,,,,CC(CN1C2=CC=CC=C2SC3=CC=CC=C31)N(C)C.Cl,1,,,,,,
,,,C1(=C(N=C(C(=N1)Cl)N)N)C(=O)N=C(N)N,0,,CCCCCCCCCCCCCCCC(=O)OC(C)C,0,,CCCC1=CC(=C(C=C1)OCC(=O)N2CCN(CC2)C(=O)COC3=C(C=C(C=C3)CCC)OC)OC,1,,,,,C(C(C(F)(F)S(=O)(=O)[O-])(F)F)(C(F)(F)F)(F)F.[K+],0,,,,,,
,,,CCC1=C(C(=C(C=C1C)N)CC)N,1,,CCN(CC)CCNC(=O)C1=CC=C(C=C1)NC(=O)C.Cl,0,,CCOC(=O)[C@H](CCC1=CC=CC=C1)N[C@@H](C)C(=O)N2[C@@H](CN(C2=O)C)C(=O)O.Cl,0,,,,,CC[C@@]12CCCN3[C@@H]1C4=C(CC3)C5=CC=CC=C5N4C(=C2)C(=O)OCC,1,,,,,,
,,,CCCN1C=NC2=C1C(=O)N(C(=O)N2C)CCCCC(=O)C,0,,CC1([C@@H](N2[C@H](S1)[C@@H](C2=O)NC(=O)C(C3=CC=CC=C3)C(=O)[O-])C(=O)[O-])C.[Na+].[Na+],0,,CCO[C@H](CC1=CC=C(C=C1)OCCC2=CC=C(C=C2)OS(=O)(=O)C)C(=O)O,0,,,,,CC(C)C1=NN=C2N1C=C(C=C2)C3=C(N=CO3)C4=C(C=CC(=C4)F)F,1,,,,,,
,,,CCCBr,0,,CN(C)[C@H]1[C@@H]2C[C@@H]3CC4=C(C(=CC=C4)O)C(=C3C(=O)[C@@]2(C(=C(C1=O)C(=O)N)O)O)O,0,,COC1=CC=CC=C1N2CCN(CC2)CC(COC3=CC=CC4=CC=CC=C43)O,0,,,,,CCC(C)Cl,0,,,,,,
,,,N(=O)[O-].[Na+],0,,CC1=CC2=C(C(=C1)O)C(=O)C3=C(C2=O)C=C(C=C3O)O,1,,C1=NC(=C(N1[C@H]2[C@@H]([C@@H]([C@H](O2)CO)O)O)O)C(=O)N,0,,,,,C1=CC(=CC2=NC3=C(C=CC(=C3)N)C=C21)N.C1=CC(=CC2=NC3=C(C=CC(=C3)N)C=C21)N.OS(=O)(=O)O,1,,,,,,
,,,C1=CC(C2C1C3(C(=C(C2(C3(Cl)Cl)Cl)Cl)Cl)Cl)Cl,1,,CC1=C(C=CC(=C1)OC)NC2=CC=CC=C2,0,,CC1=NC=C(C(=C1O)C=O)COP(=O)(O)O.O,0,,,,,C1=CC2=C(C=C1O)C(=CN2)C[C@@H](C(=O)O)N,0,,,,,,
,,,C1=CC=C2C(=C1)C(=O)C(C2=O)C3=NC4=CC=CC=C4C(=C3O)Br,1,,CC1CC(CC(C1)(C)C)O,0,,CC[C@H](C1=CC=C(C=C1)O)[C@@H](CC)C2=CC=C(C=C2)O,1,,,,,C1=CC(=CC=C1S(=O)(=O)O)Cl,0,,,,,,
,,,COC(=O)CC(=O)OC,0,,C1=CC=C(C=C1)CCC=O,1,,CC(C)NCC(C1=CC=CC=C1Cl)O.Cl,0,,,,,CCOC1=CC(=C(C=C1C(=O)NCC2CN(CCO2)CC3=CC=C(C=C3)F)Cl)N.C(C(=O)O)C(CC(=O)O)(C(=O)O)O,1,,,,,,
,,,CC[S+](CC)CC.C(F)(F)(F)S(=O)(=O)[N-]S(=O)(=O)C(F)(F)F,0,,C1=CC(=CC=C1CN2C=CN=C2)/C=C/C(=O)O.Cl,1,,CC1=NC(=C(O1)C2=CC(=C(C=C2)S(=O)(=O)N)F)C3CCCCC3,1,,,,,CC/C(=C(\C1=CC=CC=C1)/C2=CC=C(C=C2)OCCN(C)C)/C3=CC=CC=C3.C(C(=O)O)C(CC(=O)O)(C(=O)O)O,1,,,,,,
,,,CC1=CC=CC=C1OCC2CO2,0,,CC(=O)CC(=O)N(C)C,0,,CCCCC(CC)CNC(=O)CC(C)OC(=O)CCC(=O)O,1,,,,,C1=CC2=C3C(=C1)C(=O)N(C(=O)C3=CC=C2)CC(=O)O,0,,,,,,
,,,C1=CC(=CN=C1)C(=O)NN,1,,CC(=O)C1=CC=CC=C1N,0,,CCCCCOC1=CC=CC=C1/C(=C\SC)/N2C=CN=C2,1,,,,,C1CC(C(CCC(C(CCC(C1Br)Br)Br)Br)Br)Br,1,,,,,,
,,,CCOP(=S)(OCC)SCN1C2=C(C=C(C=C2)Cl)OC1=O,1,,CCOP(=S)(OCC)OC1=CC=C(C=C1)[N+](=O)[O-],1,,CCCOC(C1=CC=CC=C1)(C2=CC=CC=C2)C(=O)OC3CCN(CC3)C.Cl,1,,,,,C[N+](C)(C)CCOC(=O)N.[Cl-],0,,,,,,
,,,C1=CC=C2C(=C1)C(=O)C3=C(C=CC(=C3C2=O)O)O,1,,CN1C2=NC(=NC=C2CN(C1=O)C3=CC=CC=C3Br)NC4=CC5=C(C=C4)OC(CO5)CO,1,,C1CN(CCN1C/C=C/C2=CC=CC=C2)C(C3=CC=C(C=C3)F)C4=CC=C(C=C4)F,0,,,,,CCOP(=O)(Cl)Cl,0,,,,,,
,,,C1=CN=CC=C1C(=O)O,0,,C[C@H]1C(=O)O[C@@H]2CCN3[C@@H]2C(=CC3)COC(=O)[C@]([C@]1(C)O)(C)O,0,,C1=CC(=NC=C1Cl)C(=O)NCCN.Cl,0,,,,,CC(C)OC(=O)C(=C1SC=CS1)C(=O)OC(C)C,1,,,,,,
,,,CCC(C)NC1=C(C=C(C=C1[N+](=O)[O-])C(C)(C)C)[N+](=O)[O-],1,,CCCCCO,0,,C1CCC(CC1)N2CC3=CC(=C(C=C3C2=O)S(=O)(=O)N)Cl,0,,,,,CN(C)C1=CC=C(C=C1)C(=C2C=CC(=[N+](C)C)C=C2)C3=CC=CC=C3.[Cl-],1,,,,,,
,,,CC1=CC(=C(C=C1)C)O,0,,COC(=O)C1=C(C(=C(C(=C1Cl)Cl)C(=O)OC)Cl)Cl,0,,C1=CC=C(C=C1)C(=O)NCCC(=O)O,0,,,,,COC1=CC(=CC(=C1)O)O,0,,,,,,
,,,C1=CC=C(C=C1)CCOC(=O)C2=CC=CC=C2N,1,,C1CSSC1CCCCC(=O)O,0,,C1=C(C(=O)NC(=O)N1[C@@H]2[C@H]([C@@H]([C@H](O2)CO)O)O)/C=C\Br,0,,,,,CC1=CC(=C(C=C1O)C)C2(C3=CC=CC=C3S(=O)(=O)O2)C4=C(C=C(C(=C4)C)O)C,1,,,,,,
,,,CC1=CC(=CC=C1)N(C)C,0,,CC1=C(C(=O)CC1OC(=O)C2C(C2(C)C)C=C(C)C)CC=C,1,,CCN1C=C(C(=O)C2=CN=C(N=C21)N3CCCC3)C(=O)O,0,,,,,CC1=C(C(CCC1)(C)C)/C=C/C(=C/C=C/C(=C/CO)/C)/C,1,,,,,,
,,,CC(C)(CO)N,0,,COC1=CC=CC=C1O,0,,CC1=C(C2=C(N1C(=O)C3=CC=C(C=C3)Cl)C=CC(=C2)OC)CC(=O)OCC(=O)O,0,,,,,C1=CC=C(C=C1)C2=C(N=C(S2)N)N,0,,,,,,
,,,C1=CC=C(C=C1)NC2=CC=CC=C2[N+](=O)[O-],1,,C1=CC(=C(C(=C1)Cl)C#N)Cl,0,,CC(=CCC/C(=C/CC/C(=C/C(=O)OCC(=O)[C@]1(CC[C@@H]2[C@@]1(C[C@@H]([C@H]3[C@H]2CCC4=CC(=O)C=C[C@]34C)O)C)O)/C)/C)C,1,,,,,C1=CC(=C(C=C1Cl)O)Cl,0,,,,,,
,,,CCCCCCCCC(=O)NCC1=CC(=C(C=C1)O)OC,0,,C(CNCCNCCN)N,0,,C1CC2C[C@H]1[C@H]3[C@@H]2CN(C3)NC(=O)C4=CC(=C(C=C4)Cl)S(=O)(=O)N,1,,,,,C(CC(=O)N)[C@H](C(=O)O)N,0,,,,,,
,,,C1CN2C(=O)[C@@H](N=C(C3=CC=CC1=C32)C4=CC=CC=C4F)NC(=O)C5=CC6=CC=CC=C6N5,1,,C1=CC=C(C(=C1)/C=N/NC(=O)C2=CC=NC=C2)O,1,,C1=C(C(=CNC1=O)Cl)O,0,,,,,C1CC1(C(=O)NC2=C(C=C(C=C2)Cl)Cl)C(=O)O,1,,,,,,
,,,CC(=O)N1C[C@@H](C[C@H]1C(=O)O)O,0,,CC(C)(C#C)NC(=O)C1=CC(=CC(=C1)Cl)Cl,0,,CC(C)C1=NN2C=CC=CC2=C1C(=O)C(C)C,0,,,,,COC1=CC=CC=C1OCC(CO)O,0,,,,,,
,,,C1=CC=C(C=C1)C2=CSC(=N2)NN,1,,C1=CC(=CC=C1OC2=C3C(=CC(=CC3=NC=C2)Cl)Cl)F,1,,CC1=C(C(=O)N(N1C)C2=CC=CC=C2)NC(=O)C3=CN=CC=C3,0,,,,,CC1=C(C=CC(=C1)O)N,1,,,,,,
,,,CC1=C(C(CCC1)(C)C)/C=C/C(=C/C=C/C(=C/C=O)/C)/C,1,,COCCOC(=O)CC#N,0,,CC(CN(C)C)C(C)(CC1=CC=C(C=C1)Cl)O.Cl,0,,,,,CC(=CCCC(=O)C)C,0,,,,,,
,,,C1[C@@H]([C@H](O[C@H]1N2C=C(C(=O)NC2=O)I)CO)O,1,,C(C(CBr)Br)O,0,,CC1=NN=C2N1C3=C(C=C(S3)CCC(=O)N4CCOCC4)C(=NC2)C5=CC=CC=C5Cl,0,,,,,CC(C(C1=CC=CC=C1)O)N(C)CCOC(C2=CC=CC=C2)C3=CC=CC=C3,1,,,,,,
,,,CC1COC2=CC=CC=C2N1C(=O)C(Cl)Cl,1,,CC1(C2CCC(O1)(CC2)C)C,0,,CC1=CC=C(C=C1)S(=O)(=O)O.C1CN(CC1N)C2=C(C=C3C(=O)C(=CN(C3=N2)C4=C(C=C(C=C4)F)F)C(=O)O)F,0,,,,,CC/C(=C(\C1=CC=C(C=C1)O)/C2=CC=C(C=C2)OCCN(C)C)/C3=CC=CC=C3,1,,,,,,
,,,CCCCCCCO,0,,CN1C(=NN=N1)SCC2=C(N3[C@@H]([C@@](C3=O)(NC(=O)CSC[C@H](C(=O)[O-])N)OC)SC2)C(=O)O.[Na+],0,,C1=CC(=CC=C1CN2C=CN=C2)/C=C/C(=O)O.Cl,0,,,,,CC1=C(C(=CC=C1)C)NC(=O)CN2CCN(CC2)CC(COC3=CC=CC=C3OC)O,0,,,,,,
,,,C1=CC=C(C=C1)NN,1,,CC1=CC(=C(C=C1)N)N,1,,CN1CCN(CC1)C2=C(C=C3C(=C2F)N(C=C(C3=O)C(=O)O)CCF)F,0,,,,,C[C@]12CC[C@H]3[C@H]([C@@H]1CC[C@]2(C#C)O)CCC4=C3C=CC(=C4)OC5CCCC5,1,,,,,,
,,,C1CN(CCN1CCCN2C3=CC=CC4=C3C(=CC=C4)S2(=O)=O)C5=CC=C(C=C5)F,1,,COC1=CC=CC=C1/C=C/C=O,0,,CN(C1=NC(=CC=C1)OC)C(=S)OC2=CC3=C(CCCC3)C=C2,1,,,,,CCN(CC)C(=O)N[C@H]1CN([C@H]2CC3=CNC4=CC=CC(=C34)C2=C1)C,1,,,,,,
,,,COC(=O)C1=CC=C(C=C1)C(=O)OC,0,,CCCCCCC(CO)O,0,,C1=CC(=C(C=C1S(=O)(=O)N)S(=O)(=O)N)Cl,0,,,,,CC1=C(C(=O)C=CO1)OC(=O)C(C)C,0,,,,,,
,,,CC(C1=CC=C(C=C1)O)C2=CC=C(C=C2)O,1,,C1=CC(=C(C=C1[N+](=O)[O-])N)N,1,,C1CN(CCN1CCCN2C3=CC=CC=C3NC2=O)C(C4=CC=CC=C4)C5=CC=CC=C5,0,,,,,C1COCCN1,0,,,,,,
,,,CN(C)C(=O)[C@@H]1C[C@H](CN1[C@]2(C3=C(C=CC(=C3)Cl)N(C2=O)S(=O)(=O)C4=C(C=C(C=C4)OC)OC)C5=CC=CC=C5OC)O,1,,CC1=C(C(=O)OC2=C1C=CC(=C2)OP(=O)(OCCCl)OCCCl)Cl,1,,C1=CC(=CC(=C1)NC(=O)C(=O)O)C2=NNN=N2,0,,,,,C(CCl)OCCCl,0,,,,,,
,,,C[C@]12CC[C@H]3[C@H]([C@@H]1CC[C@@H]2C(=O)CO)CCC4=CC(=O)CC[C@]34C,0,,CC(C)C1=CC2=C(C=C1)C(=CC(=C2S(=O)(=O)[O-])C(C)C)C(C)C.[Na+],1,,CC1=CC=C(C=C1)C(C)OC(=O)C2(CCC(C2(C)C)C(=O)O)C.C(CO)NCCO,0,,,,,C(SC#N)SC#N,1,,,,,,
,,,C1=CC=C(C(=C1)C(C2=CC=C(C=C2)Cl)C(Cl)Cl)Cl,1,,CC(=O)N[C@@H](CS)C(=O)O,0,,CC[N+]1=C2C=C(C=CC2=C3C=CC(=CC3=C1C4=CC=CC=C4)N)N.[Br-],1,,,,,CC[C@@]12CCCN3[C@@H]1C4=C(CC3)C5=CC=CC=C5N4[C@](C2)(C(=O)OC)O,1,,,,,,
,,,CCNC1=NC(=NC(=N1)Cl)NC(C)(C)C,1,,C1=CC(=CN=C1)C(=O)O,0,,C[C@H]1C[C@@H]2[C@H](CC[C@]3([C@H]2CC[C@@]3(C(=O)C)O)C)[C@@]4(C1=CC(=O)CC4)C,0,,,,,CC1COC2(N1CC(=O)NC3=C2C=C(C=C3)Cl)C4=CC=CC=C4Cl,1,,,,,,
,,,CCCCC[Si](OCC)(OCC)OCC,0,,CC1=CN=C(C(=C1OC)C)CS(=O)C2=NC3=C(N2)C=C(C=C3)OC,1,,C[N+](C)(C)CCOC(=O)C(C1=CC=CC=C1)(C2=CC=CC=C2)O.[I-],0,,,,,COC1=CC(=C(C=C1)C(=O)C2=CC(=CC=C2)O)OC,1,,,,,,
,,,CC1=CC(=CC=C1)N(C)C(=S)OC2=CC3=CC=CC=C3C=C2,1,,C1=CC(=C(C=C1N)N)O.Cl.Cl,1,,CC1([C@@H](N2[C@H](S1)[C@@H](C2=O)NC(=O)[C@@H](C3=CC=CC=C3)N)C(=O)OCOC(=O)C(C)(C)C)C,1,,,,,C/C=C/C1=CC2=C(C=C1)OCO2,0,,,,,,
,,,COC1=CC(=O)O[C@H](C1)/C=C/C2=CC=CC=C2,1,,COC(=O)C12CC3=C(C1=NN(CO2)C(=O)N(C4=CC=C(C=C4)OC(F)(F)F)C(=O)OC)C=CC(=C3)Cl,1,,CCCC(=O)OCOC(=O)C1=C(NC(=C(C1C2=C(C(=CC=C2)Cl)Cl)C(=O)OC)C)C,1,,,,,C1CN(CCN1CCOCC(=O)O)C(C2=CC=CC=C2)C3=CC=C(C=C3)Cl.Cl.Cl,0,,,,,,
,,,C1C(=O)CC2=CC=CC=C21,1,,CCCCN(CCCC)C1=CC(=C(C=C1)C(=O)C2=CC=CC=C2C(=O)O)O,1,,C[C@]12CC[C@H]3[C@H]([C@@H]1CC[C@]2(C)O)CCC4=CC(=O)C=C[C@]34C,0,,,,,C1=CC=C(C=C1)NN.Cl,0,,,,,,
,,,CC(=O)O[C@@H]1[C@H]2[C@H]([C@@H](C(=O)O2)OC(=O)C)OC1=O,0,,CC1=CSC=N1,0,,CNC1=C2CCCCC2=NN1C,0,,,,,C[C@H]1C[C@H]2[C@@H]3CCC4=CC(=O)C=C[C@@]4([C@]3([C@H](C[C@@]2([C@]1(C(=O)CO)O)C)O)F)C,1,,,,,,
,,,CCOC1=C(C=C(C=C1)NC(=O)C)N,1,,C(CCCCCCBr)CCCCCO,0,,C1=CC=C2C(=C1)C(=O)C3=CC=CC=C3N2CC(=O)O,0,,,,,CCC1=NC(=CC(=N1)OP(=S)(OC)OC)OCC,0,,,,,,
,,,CCCCN(CCCC)SN(C)C(=O)OC1=CC=CC2=C1OC(C2)(C)C,1,,C1=CC(=CC=C1N/C(=N/C(=NCCCCCCN=C(/N=C(/NC2=CC=C(C=C2)Cl)\N)N)N)/N)Cl.Cl.Cl,1,,CC1=C(OC(=N1)C2=CC=C(C=C2)Cl)COC(C)(C)C(=O)O,0,,,,,C1CNCCC1SC2=NC(=CC=C2)Cl,0,,,,,,
,,,CC(C)CCCC(C)C/C=C/C(=C/C(=O)OCC#C)/C,0,,C[C@@H]1CC[C@H](C2=C(CC[C@H]12)C)/C=C(\C)/C(=O)O,1,,CC1=C(N(C(=C1)CC(=O)[O-])C)C(=O)C2=CC=C(C=C2)Cl.[Na+],0,,,,,CCCCCC1=CC=CO1,1,,,,,,
,,,CCCCOP(=O)(OCCCC)OCCCC,1,,CCCCCCCCCC(CC)C1=CC=C(C=C1)S(=O)(=O)O,1,,CCN1/C(=C/C=C/C2=[N+](C3=CC=CC=C3C=C2)CC)/C=CC4=CC=CC=C41.[I-],1,,,,,CC(=O)OCC1=C(N2[C@@H]([C@@H](C2=O)NC(=O)CSC3=CC=NC=C3)SC1)C(=O)[O-].[Na+],0,,,,,,
,,,CC(C)C1=CC=C(C=C1)OP(=O)(OC2=CC=C(C=C2)C(C)C)OC3=CC=C(C=C3)C(C)C,1,,C[C@H](C1=CC(=CC(=C1)C(F)(F)F)C(F)(F)F)O[C@@H]2[C@@H](N(CCO2)CC3=NNC(=O)N3)C4=CC=C(C=C4)F,1,,CC(=O)OC[C@@H]1[C@H]([C@H]([C@@H](O1)N2C(=O)NC(=O)C=N2)OC(=O)C)OC(=O)C,0,,,,,C1=NN=NN1CC(=O)O,0,,,,,,
,,,COC1=C(C=C(C=C1)C(=O)NC2=CC=CC=C2)[N+](=O)[O-],1,,C1=CC=C(C=C1)NC(=S)N,1,,CC1=C(C(=CC=C1)C)NC(=O)C2=CC=CC=C2C(=O)O,0,,,,,CCOP(=O)(Cl)Cl,0,,,,,,
,,,C[N+]1(CCCCC1)CCC(C2=CC=CC=C2)(C3=CC=CC=C3)C(=O)N.[Br-],0,,CC1=CC2=C(C=C1CC(=O)C3=C(C=CS3)S(=O)(=O)NC4=C(C(=NO4)C)Cl)OCO2,1,,CCC(C)(C)C1=CC=C(C=C1)CC(C)CN2C[C@H](O[C@H](C2)C)C,1,,,,,CC(C)(C#N)C1=CC(=CC(=C1)CN2C=NC=N2)C(C)(C)C#N,0,,,,,,
,,,CCOP(=S)(OCC)SCN1C(=O)C2=CC=CC=C2N=N1,1,,C(F)(Cl)(Cl)Cl,0,,CCN(CCN1C(=NC2=C1C(=O)N(C(=O)N2C)C)CC3=CC=CC=C3)CCO.Cl,0,,,,,CC/C=C\CCOC(=O)/C(=C/C)/C,0,,,,,,
,,,CC(C)(C)C1=NNC(=S)N(C1=O)N,0,,CC(C)(CO)CO,0,,CCN(CC)C(=O)C1=CC=CC(=C1)C,0,,,,,C1=CC=C(C=C1)P(C2=CC=CC=C2)C3=CC=CC=C3,1,,,,,,
,,,C[Si](CN1C=NC=N1)(C2=CC=C(C=C2)F)C3=CC=C(C=C3)F,1,,CCOCN1C(=C(C(=C1C(F)(F)F)Br)C#N)C2=CC=C(C=C2)Cl,1,,CCN(CC)CCOC(=O)C(C)(C1=CC=CC=C1)C2=CC=CC=C2,1,,,,,CC1=CC(=C(C=C1)O)O,1,,,,,,
,,,CCCCCC(=O)OCCC1=CC=CC=C1,0,,C1=CC=C2C(=C1)C(=O)C3=C(C=CC(=C3C2=O)O)O,0,,CCN(CC)CCOC(=O)C(C1CCCCC1)C2=CC=CC=C2.Cl,1,,,,,CCNC1=NC(=NC(=N1)Cl)NC(C)(C)C#N,1,,,,,,
,,,C1C2=CC=CC3=C2C4=C(C=CC=C41)C=C3,1,,C(C(CO)(CO)[N+](=O)[O-])O,1,,C(CCl)N(CCCl)CCCl,0,,,,,CCN(CC)CCN1C(=O)CN=C(C2=C1C=CC(=C2)Cl)C3=CC=CC=C3F,1,,,,,,
,,,CC1=C(C(=CC=C1)N)C,1,,CCCCCCOC(=O)CCCCCCCC(=O)OCCCCCC,0,,CCN(CC)CCCC(C)NC1=C2C=C(C=CC2=NC3=C1C=CC(=C3)Cl)OC.O.O.Cl.Cl,1,,,,,CCCCCCC(=O)CCCCCC/C=C/C[C@H]([C@@H]([C@@](CO)(C(=O)O)N)O)O,0,,,,,,
,,,C=CCOCC(CO)(COCC=C)COCC=C,1,,COC1=C(N=CN=C1OC)NS(=O)(=O)C2=CC=C(C=C2)N,0,,CN1C(=O)CCC(=N1)C(=O)N,0,,,,,CCCCC(CC)COC(=O)C(=C(C1=CC=CC=C1)C2=CC=CC=C2)C#N,1,,,,,,
,,,CC(C)(C1=CC=C(C=C1)O)C2=CC=C(C=C2)O,1,,CC1CC(OC(O1)C)OC(=O)C,0,,COC(=O)NC1=NC2=C(N1)C=C(C=C2)C(=O)C3=CC=CS3,0,,,,,CC(=O)C1=NC=CS1,0,,,,,,
,,,CCCSP(=S)(OCC)OC1=CC=C(C=C1)SC,1,,C1=CC=C(C=C1)N=C=S,1,,C1=C(OC(=C1)[N+](=O)[O-])/C=N\O,1,,,,,C1=CC=C(C(=C1)CCl)Cl,0,,,,,,
,,,CC1=CC(=O)C2=C(C3=C(C(=C2O1)OC)OC=C3)OC,1,,C(=C/C#N)\C#N,1,,C1=CC=C2C(=C1)C(=O)NC(=O)O2,0,,,,,CC(C)(C)CCCCCCOC(=O)C1=CC=CC=C1C(=O)OCCCCCCC(C)(C)C,1,,,,,,
,,,COC1=CC=C(C=C1)C2=CC(=S)SS2,1,,C1COCCN1N=O,0,,C1=CC=C(C(=C1)C(=O)O)OP(=O)(O)O,0,,,,,CCC1=C(C(=C(C=C1C)N)CC)N,1,,,,,,
,,,CN1CCC2=C3[C@H]1CC4=C(C3=CC=C2)C(=C(C=C4)O)O.CN1CCC2=C3[C@H]1CC4=C(C3=CC=C2)C(=C(C=C4)O)O.O.Cl.Cl,1,,C1=CC=C(C=C1)C(C2=CC=CC=C2)(C3=CC=CC=C3)Cl,1,,C1=CC=C(C(=C1)C2=CC=C(C=C2)C(F)(F)F)C(=O)O,0,,,,,CC1=CC(=C(C=C1)NC=O)C,0,,,,,,
,,,CC(C)(C1=CC=CC=C1)C2=CC=C(C=C2)O,1,,CCOP(=S)(OCC)OC1=CC2=C(C=C1)C(=C(C(=O)O2)Cl)C,1,,C1CN(CCN1)C2=NC3=CC=CC=C3C=C2.C(=C\C(=O)O)\C(=O)O,0,,,,,CC(C)NC(=O)C1=CC=C(C=C1)CNNC.Cl,0,,,,,,
,,,CC(=O)[C@H]1CC[C@@H]2[C@@]1(CC[C@H]3[C@H]2CC=C4[C@@]3(CC[C@@H](C4)O)C)C,0,,CCOP(=S)(OCC)OC1=NC(=NC(=C1)C)C(C)C,1,,CC(=O)O[C@H]1[C@H]([C@@H]2[C@]([C@H](CCC2(C)C)O)([C@@]3([C@@]1(O[C@@](CC3=O)(C)C=C)C)O)C)O,1,,,,,CC1=CC=C(C=C1)C=O,0,,,,,,
,,,CC(C)NC(=O)N1CC(=O)N(C1=O)C2=CC(=CC(=C2)Cl)Cl,0,,CC1=C(C=CC(=C1)OC)N,1,,C[C@@H]1CC2=CC(=O)CC[C@@H]2[C@@H]3[C@@H]1[C@@H]4CC[C@]([C@]4(CC3)C)(C)O,0,,,,,CC1=CC(=CC=C1)[N+](=O)[O-],0,,,,,,
,,,C[C@]12CC[C@H]3[C@H]([C@@H]1CC[C@@H]2O)[C@@H](CC4=C3C=CC(=C4)O)CCCCCCCCCS(=O)CCCC(C(F)(F)F)(F)F,0,,CC1(COCN1)C,0,,C1=CC=C(C=C1)CNC(=O)CCNNC(=O)C2=CC=NC=C2,1,,,,,C1COCCN1C=O,0,,,,,,
,,,C/C(=N\OCC1=CC=CC=C1/C(=N/OC)/C(=O)OC)/C2=CC(=CC=C2)C(F)(F)F,1,,CC[C@]12CC[C@H]3[C@H]([C@@H]1CC[C@]2(C#C)O)CCC4=CC(=O)CC[C@H]34,1,,C[N+]1(CC2=C(C1)C(=C(C(=C2Cl)Cl)Cl)Cl)CC[N+](C)(C)C.[Cl-].[Cl-],0,,,,,C1=CC(=CC(=C1)C(F)(F)F)CC#N,0,,,,,,
,,,CC1C(=O)C(=C(O1)C)O,0,,CC[N+](CC)(CC)CC.[Br-],0,,CC(C(=O)N1C(CN(C1=O)C)C(=O)O)NC(CCC2=CC=CC=C2)C(=O)O,0,,,,,C1=C(C=C(C(=C1Cl)N2C(=C(C(=N2)C#N)S(=O)C(F)(F)F)N)Cl)C(F)(F)F,1,,,,,,
,,,CC1=C2C=CC3=CC=CC=C3C2=C(C4=CC=CC=C14)C,1,,C1=C(NC(=O)NC1=O)C(=O)O,0,,CC1=C(C=C(C=C1)C(=O)NC2=C3C(=CC(=CC3=C(C=C2)S(=O)(=O)O)S(=O)(=O)O)S(=O)(=O)O)NC(=O)C4=CC(=CC=C4)NC(=O)NC5=CC=CC(=C5)C(=O)NC6=C(C=CC(=C6)C(=O)NC7=C8C(=CC(=CC8=C(C=C7)S(=O)(=O)O)S(=O)(=O)O)S(=O)(=O)O)C,0,,,,,CC1=NC(=C(O1)C2=CC(=C(C=C2)S(=O)(=O)N)F)C3CCCCC3,1,,,,,,
,,,C(=C\C(=O)O)\C(=O)O,0,,C1=CN=CC=C1CCCC2=CC=NC=C2,1,,CCCCCCCCCCCCCCCC(=O)NCCO,1,,,,,CCOC1=CC2=C(C=C1)NC(C=C2C)(C)C,1,,,,,,
,,,CCC(C)C=O,0,,C1=CC2=C(C=C1Cl)N(C(=O)N(C2=O)CC3=C(C=C(C=C3)Br)F)CC(=O)O,1,,CC(C)(C)C1=NN=C(S1)NS(=O)(=O)C2=CC=C(C=C2)N,0,,,,,CCCCCCCCCCCCN1CCCCCC1=O,1,,,,,,
,,,CN(C)C1=CC2=C(C=C1)N=C3C=CC(=[N+](C)C)C=C3S2.[Cl-],1,,C1=CC(=C(C=C1C(=O)O)N)Cl,0,,CC(C)CCOC(=O)C1=CC=C(C=C1)N(C)C,0,,,,,CN(C)C(=O)NC1=CC(=C(C=C1)Cl)Cl,1,,,,,,
,,,CC1=CC=CC2=CC=CC=C12,0,,CC1=CC(=C(C(=C1)C(C)(C)C)O)CC2=C(C(=CC(=C2)C)C(C)(C)C)O,1,,CC1=C(C(=CC=C1)C)NC(=O)CN2CCCCCC2,0,,,,,C=C(CCl)Cl,0,,,,,,
,,,C1=CC(=CC=C1C(=O)C2=CC=C(C=C2)Cl)O,1,,CC1=C(C=CC(=C1)OP(=S)(OC)OC)[N+](=O)[O-],1,,CC1=CC2=C(N1)C=CC=C2OCC(CNC(C)(C)C)OC(=O)C3=CC=CC=C3,1,,,,,CC(C)(C1=CC=C(C=C1)OCC2CO2)C3=CC=C(C=C3)OCC4CO4,1,,,,,,
,,,CCCCCCCCCC1=CC=C(C=C1)O,1,,CC(C)(COC(=O)C1=CC=CC=C1)COC(=O)C2=CC=CC=C2,1,,CCCCCCOC(=O)NC(=N)C1=CC=C(C=C1)NCC2=NC3=C(N2C)C=CC(=C3)C(=O)N(CCC(=O)OCC)C4=CC=CC=N4,1,,,,,CCCCOC1=NC2=CC=CC=C2C(=C1)C(=O)NCCN(CC)CC,1,,,,,,
,,,CCC(C)(C1=CC=C(C=C1)O)C2=CC=C(C=C2)O,1,,CCC1=C(CN(C1=O)C(=O)NCCC2=CC=C(C=C2)S(=O)(=O)NC(=O)NC3CCC(CC3)C)C,1,,COC(=O)[C@H](CC1=CC=CC=C1)NC(=O)[C@H](CC(=O)O)N,0,,,,,CC1COC(O1)(CN2C=NC=N2)C3=C(C=C(C=C3)OC4=CC=C(C=C4)Cl)Cl,1,,,,,,
,,,CCCN(CCOC1=C(C=C(C=C1Cl)Cl)Cl)C(=O)N2C=CN=C2,1,,CC/C(=N/O)/C,0,,CC(C)[C@H]1C2=C(CC[C@@]1(CCN(C)CCCC3=NC4=CC=CC=C4N3)OC(=O)COC)C=C(C=C2)F.Cl.Cl,1,,,,,C(=O)(C(Cl)(Cl)Br)O,0,,,,,,
,,,COC1=C(C=CC(=C1)C=C)O,0,,C1=C(C=C(C(=C1C(=O)O)Cl)[N+](=O)[O-])Cl,1,,CCCCNC1=C2C=NN(C2=NC(=C1C(=O)OCC)C)CC.Cl,1,,,,,C1=CC=C2C=C3C4=CC=CC=C4C5=CC=CC=C5C3=CC2=C1,1,,,,,,
,,,C[NH+](C)CCC(C1=CC=C(C=C1)Cl)C2=CC=CC=N2.C(=C\C(=O)[O-])\C(=O)O,0,,C(CC(=O)O)C(=O)C(=O)O,0,,C1=CC=C2C(=C1)C(=NN=C2NC3=CC=C(C=C3)Cl)CC4=CC=NC=C4,1,,,,,CC1=CC(=C(C=C1CO)C(C)(C)C)SC2=C(C[C@@](OC2=O)(CCC3=CC=C(C=C3)N)C(C)C)O,1,,,,,,
,,,C(C(Cl)(Cl)Cl)(Cl)Cl,0,,[Cl-].[Cl-].[Ba+2],0,,CN1[C@@H]2CC[C@H]1CC(C2)OC(=O)C3=CC(=CC(=C3)Cl)Cl,0,,,,,C1=CC(=CC=C1S(=O)(=O)C2=CC=C(C=C2)Cl)Cl,1,,,,,,
,,,C1=CC=C2C3=C4C(=CC=C3)C5=CC=CC=C5C4=CC2=C1,1,,CN1CCC(CC1)NC2=NC=C3C(=N2)C(=NC=N3)NC4=CC(=C(C=C4)F)Cl.Cl.Cl,0,,CCNC(=O)/C=C/C1=CC(=CC=C1)Br,0,,,,,C[N+]1(CCCCC1)C.[Cl-],0,,,,,,
,,,CN1CCC2=C3[C@H]1CC4=C(C3=CC=C2)C(=C(C=C4)O)O.CN1CCC2=C3[C@H]1CC4=C(C3=CC=C2)C(=C(C=C4)O)O.O.Cl.Cl,1,,COC1=C(C=CC(=C1)C=O)O,0,,CC1=C(C2=CC=CC=C2N1CCN3CCOCC3)C(=O)C4=CC=C(C=C4)OC,1,,,,,CC(C)N1C2=NC=NC(=C2C(=N1)C3=CC4=C(N3)C=CC(=C4)O)N,1,,,,,,
,,,CC1=CC=C(C=C1)C2=CC=CC=C2,0,,CC1=CC=C(O1)C(=O)O,0,,C1CN(CC=C1C2=CC=CC=C2)CCCCC3=CNC4=C3C=C(C=C4)O,0,,,,,C1CN1CCC(=O)OCC(CO)(COC(=O)CCN2CC2)COC(=O)CCN3CC3,0,,,,,,
,,,CCOP(=S)(OCC)O/N=C(\C#N)/C1=CC=CC=C1,1,,CC(C)(C)[C@@H](C(=O)N[C@@H](CC1=CC=CC=C1)[C@H](CN(CC2=CC=C(C=C2)C3=CC=CC=N3)NC(=O)[C@H](C(C)(C)C)NC(=O)OC)O)NC(=O)OC,1,,C1CN(CCN1CCCN2C3=CC=CC4=C3C(=CC=C4)S2(=O)=O)C5=CC=C(C=C5)F,1,,,,,CCCCCCCCC(CCCCCC)CO,0,,,,,,
,,,C1=CC=C(C=C1)C(=O)CC(=O)C2=CC=CC=C2,1,,CC1=CC(=CC=C1)Br,1,,C1COCC(=O)N1C2=CC=C(C=C2)N3CC(OC3=O)CNC(=O)C4=CC=C(S4)Cl,0,,,,,C1CC(OC1)CO,0,,,,,,
,,,C1=CC(=CC=C1C(=N)N)OCCCCCOC2=CC=C(C=C2)C(=N)N.C(CS(=O)(=O)O)O.C(CS(=O)(=O)O)O,0,,C1=CC=C(C=C1)COC(=O)CBr,1,,C1=CC2=C(C=C1Cl)N=C(O2)N,0,,,,,CC(C)C1=CC=C(C=C1)OP(=O)(OC2=CC=C(C=C2)C(C)C)OC3=CC=C(C=C3)C(C)C,1,,,,,,
,,,C1=CC=C(C=C1)Br,0,,COC1=CC=C(C=C1)OC,0,,C1COCCN1C2=CC3=C(C=C2C(F)(F)F)NC(=O)C(=O)N3CP(=O)(O)O,0,,,,,CCOP(=S)(OCC)OC(C(Cl)(Cl)Cl)Cl,0,,,,,,
,,,C1=CNC(=S)NC1=O,0,,CCOC1=CC=CC=C1C(=O)N,0,,C(C(Cl)(Cl)Cl)(NC(=O)NC(C(Cl)(Cl)Cl)O)O,0,,,,,CC1=NC=C(N1CC(C)O)[N+](=O)[O-],0,,,,,,
,,,CC(=O)N[C@@H](CO)C(=O)N[C@@H](CC(=O)O)C(=O)N[C@@H](CCCCN)C(=O)N1CCC[C@H]1C(=O)O,0,,CC(=O)C1=CC2=C(C=C1)C3=CC=CC=C3C2,1,,CC(C)[N+](C)(C)CC(COC1=CC=CC2=CC=CC=C21)O.[Cl-],0,,,,,C1=CC(=CC(=C1)NC(=O)C2=C(C(=CC(=C2)Br)Br)O)C(F)(F)F,1,,,,,,
,,,C1CC1C=O,0,,[NH4+].[NH4+].[O-]S(=O)(=S)[O-],0,,C[C@@H]1CC(=O)NN=C1C2=CC=C(C=C2)NN=C(C#N)C#N,0,,,,,COC1=C(C=CC(=C1)C2=CC(=C(C=C2)N)OC)N.Cl.Cl,1,,,,,,
,,,C1=CC=C(C=C1)C(=O)C2=C(C=C(C=C2)O)O,1,,COC(=O)CS,0,,C[C@@H]1CC(=O)NN=C1C2=CC=C(C=C2)NN=C(C#N)C#N,0,,,,,CC[N+](CC)(CC)CC.[Cl-],0,,,,,,
,,,CC(C)OP(OC(C)C)OC(C)C,0,,CC(C)C(=O)C,0,,C1=CC(=C[N+](=C1)[O-])C(=O)O,0,,,,,C=CC(=O)OCCCCOC(=O)C=C,0,,,,,,
,,,CC1=C(C(=O)N(N1C)C2=CC=CC=C2)C(C)C,1,,C1=CC=C(C=C1)N=NC2=CC=C(C=C2)O,1,,CC[C@]12CC[C@H]3[C@H]([C@@H]1C=C[C@]2(C#C)O)CCC4=CC(=O)CC[C@H]34,1,,,,,CN1C(NC2=CC(=C(C=C2S1(=O)=O)S(=O)(=O)N)Cl)CCl,0,,,,,,
,,,CCCC(=O)CC,0,,COC(=O)NC1=NC2=C(N1)C=C(C=C2)SC3=CC=CC=C3,0,,C1=NC(=C2C(=N1)N(C=N2)[C@H]3[C@@H]([C@@H]([C@H](O3)COP(=O)(O)O)O)O)N,0,,,,,C1=C(C=C(C=C1C(=O)O)S(=O)(=O)[O-])C(=O)O.[Na+],0,,,,,,
,,,C1=CC=C(C(=C1)CC2=CC=C(C=C2)O)O,1,,C1=CC(=CC=C1OS(=O)(=O)C2=CC=C(C=C2)Cl)Cl,1,,CC1(OC[C@H]2[C@@H](O1)[C@H]3[C@@](O2)(OC(O3)(C)C)C(=O)[O-])C.[Na+],0,,,,,CN(C)CCN(CC1=CC=CS1)C2=CC=CC=N2.Cl,0,,,,,,
,,,C1=CC=C(C=C1)NC2=CC=C(C=C2)NC3=CC=CC=C3,1,,C1=C(OC(=C1)C(=O)O)CO,0,,C1=CC(=CC=C1NC(=O)CCC(=O)O)S(=O)(=O)N,0,,,,,CCC1=C(C(=CC=C1)CC)N(COC)C(=O)CCl,1,,,,,,
,,,CC(=O)[O-].CC(=O)[O-].O.O.[Zn+2],0,,C=CC(=O)OCCOCCOC(=O)C=C,0,,C[N+]1(CCCCC1)CCC(C2=CC=CC=C2)(C3=CC=CC=C3)C(=O)N.[Br-],0,,,,,CC1=CC(=C(C=C1)[N+](=O)[O-])C,0,,,,,,
,,,CC(=O)OC1=CC=C(C=C1)C(C2=CC=C(C=C2)OC(=O)C)C3=CC=CC=N3,1,,C1=CC=C(C=C1)C2=CC=C(C=C2)N.Cl,1,,C1[C@@H]([C@H]([C@@H]([C@H]([C@@H]1N)O[C@@H]2[C@@H]([C@H]([C@@H]([C@H](O2)CO)O)N)O)O)O[C@@H]3[C@@H]([C@H]([C@@H]([C@H](O3)CN)O)O)N)N.OS(=O)(=O)O,0,,,,,CC(C)(/C=N/O)SC,0,,,,,,
,,,CCCCOC(=O)CC(CC(=O)OCCCC)(C(=O)OCCCC)OC(=O)C,1,,C(CC(C(F)F)(C(=O)O)N)CN.O.Cl,0,,C1COCCN1[N+]2=NOC(=C2)N.[Cl-],0,,,,,COC1=C(C(=C(C=C1)CN2CCN(CC2)C(C3=CC=C(C=C3)F)C4=CC=C(C=C4)F)OC)OC.Cl.Cl,1,,,,,,
,,,C1CCCCCC(=O)CCC/C=C\CCCC1,1,,C1=CC=C(C=C1)COC2=CC=C(C=C2)O,1,,C[C@H]1[C@H]2CC[C@@H]3[C@@]2(CC[C@H]4[C@H]3CC=C5[C@@]4(CC[C@@H](C5)N(C)C)C)CN1C,0,,,,,C1=CC=C2C=C(C(=CC2=C1)C(=O)NC3=CC(=CC=C3)[N+](=O)[O-])O,1,,,,,,
,,,CC(=O)C1=CC2=C(C=C1)C3=CC=CC=C3C2,1,,CNCC(C1=CC=C(C=C1)O)O,0,,CCCCCCCCCCCCCCCCN,0,,,,,C1CNC(=S)N1,0,,,,,,
,,,C1=CC=C(C=C1)CCOC(=O)CC2=CC=CC=C2,0,,C1=CC=C(C=C1)C(=O)OOC(=O)C2=CC=CC=C2,0,,CC1CCC2=C3N1C=C(C(=O)C3=CC(=C2)F)C(=O)O,0,,,,,CC1=CC(=C(N1C2=CC=C(C=C2)Cl)C)CC(=O)O,1,,,,,,
,,,CC(=O)/C=C/C1=CC=CC=C1,0,,CC(C)[N+](C)(C)CC(COC1=CC=CC2=CC=CC=C21)O.[Cl-],0,,CC1N2C3=CC(=C(C=C3C(=O)C(=C2S1)C(=O)O)F)N4CCNCC4,0,,,,,CC1=NC=CN1C2=CC=C(C=C2)SC3=CC=CC(=C3)C4(CCOCC4)C(=O)N.CS(=O)(=O)O,1,,,,,,
,,,COC(=O)C1=CC=C(C=C1)C=O,0,,C1=C(C=C(C=C1C(=O)O)[N+](=O)[O-])C(=O)O,0,,CC1=C(C(=CC=C1)C)NC2=NCCCS2,0,,,,,[Cl-].[Cl-].[Cl-].[Fe+3],0,,,,,,
,,,C1=CC=C2C(=C1)C3=C4C2=CC=CC4=C(C=C3)N,1,,C1=C(C=C(C(=C1C(=O)O)O)Cl)Cl,1,,CC1CN(CCN1)C2=C(C(=C3C(=C2)N(C=C(C3=O)C(=O)O)C4CC4)C)F.Cl,0,,,,,CCOC(=O)C1=CN=C(C=C1)C#CC2=CC3=C(C=C2)SCCC3(C)C,1,,,,,,
,,,CC(C)(C(=O)C1=CC=C(C=C1)SC)N2CCOCC2,1,,CCOP(=S)(OCC)O/N=C(\C#N)/C1=CC=CC=C1,1,,CCCC(C1=CC=CC=C1)(C2=CC=CC=C2)C(=O)OCCN(CC)CC.Cl,1,,,,,CN1C(=S)CN=C(C2=C1C=CC(=C2)Cl)C3=CC=CC=C3,1,,,,,,
,,,CN(CCCOC1=C(C=C(C=C1)Cl)Cl)CC#C.Cl,1,,CCCC1CCCC(=O)O1,1,,CCN(CC)CCOC1=CC2=C(C=C1)C3=C(C2=O)C=C(C=C3)OCCN(CC)CC,0,,,,,C[C@H](/C=C/[C@H](C)C(C)C)[C@H]1CC[C@@H]\2[C@@]1(CCC/C2=C\C=C\3/C[C@H](CCC3=C)O)C,1,,,,,,
,,,CC(CN)O,0,,CC(C1=CC2=C(C=C1)OC3=C(C2)C=CC=N3)C(=O)O,0,,CCN(CC)CCNC(=O)C1=CC=C(C=C1)NC(=O)C.Cl,0,,,,,C[C@H](C(=O)O)OC1=CC(=C(C=C1)CNC(=O)C2=C(N=CC=C2)OC3=CC4=C(C=C3)OCO4)F,0,,,,,,
,,,CCOC1=CC2=C(C=C1)N=C(S2)N,1,,CO/N=C(\C1=CC=CC=C1OC2=C(C(=NC=N2)OC3=CC=CC=C3Cl)F)/C4=NOCCO4,1,,CCOP(=S)(OCC)OC1=NC(=NC(=C1)C)C(C)C,1,,,,,C1=CC(=C(C=C1[N+](=O)[O-])Cl)NC(=O)C2=C(C=CC(=C2)Cl)O,1,,,,,,
,,,CC1=CN=C(C=N1)C(=O)NCCC2=CC=C(C=C2)S(=O)(=O)NC(=O)NC3CCCCC3,0,,C(CNCCNCCN)N,0,,C1COCCN1C(=N)N=C(N)N.Cl,0,,,,,C1=CC=C(C(=C1)CC2=CC=C(C=C2)O)O,1,,,,,,
,,,CN(C1CCCCC1)S(=O)(=O)C2=CC=CC=C2N,1,,CCC[N+]1(CCCCC1)C.[Br-],0,,C1CN(CCC1CC2=CC=C(C=C2)F)CC(C3=CC=C(C=C3)Cl)O,0,,,,,CC(C)C1=CC=C(C=C1)S(=O)(=O)[O-].[Na+],0,,,,,,
,,,C1=CC=C(C=C1)C(=O)OC(=O)C2=CC=CC=C2,0,,CCOC(=O)C1=NOC(C1)(C2=CC=CC=C2)C3=CC=CC=C3,1,,CN1C2=C(C(=O)N(C1=O)C)N(C=N2)CCO,0,,,,,CC1=C(N2[C@@H]([C@@H](C2=O)NC(=O)[C@@H](C3=CC=C(C=C3)O)N)SC1)C(=O)O,0,,,,,,
,,,CC1=C(C(=CC=C1)C)OCC(=O)N[C@@H](CC2=CC=CC=C2)[C@H](C[C@H](CC3=CC=CC=C3)NC(=O)[C@H](C(C)C)N4CCCNC4=O)O,0,,CCOP(=O)(OCC)O/C(=C/Cl)/C1=C(C=C(C=C1)Cl)Cl,1,,CC1=CC2=C(C=C1)N3CCNC4C3=C2CCC4.CS(=O)(=O)O,0,,,,,CC1=CN=C(S1)NC(=O)C2=C(C3=CC=CC=C3S(=O)(=O)N2C)O,1,,,,,,
,,,CC1=C(C=CC(=C1)OP(=S)(OC)OC)SC,1,,CC(C)(OC)OC,0,,CN1C(=O)COC2=C(C=C(C=C21)Cl)C(=O)NC3CN4CCC3CC4,0,,,,,CN(C)C1=CC(=CC=C1)O,1,,,,,,
,,,C1=CC(=CC=C1N)O,0,,CCC1CCC(=O)O1,0,,CN1[C@@H](CCC1=O)C2=CN=CC=C2,0,,,,,CCCCN=C(N)N=C(N)N,0,,,,,,
,,,C([C@H]([C@H]([C@@H]([C@H](CO)O)O)O)O)O,0,,C1=CC=C(C=C1)C=C(C2=CC=CC=C2)C3=CC=CC=C3,1,,COC1=C(C=CC(=C1)C(=S)N2CCOCC2)O,0,,,,,CN(C)CC1=CC=CC=C1O,0,,,,,,
,,,CCN(CC)C1=CC(=C(C=C1)C(=O)C2=CC=CC=C2C(=O)O)O,1,,C1=COC(=C1)C=O,0,,CC1=C(C(C(=C(N1)C)C(=O)OCCCN2CCC(CC2)(C3=CC=CC=C3)C4=CC=CC=C4)C5=CC(=CC=C5)[N+](=O)[O-])C(=O)OC.Cl,1,,,,,CC1([C@H]([C@@H](C2=C(O1)C=CC(=C2)C#N)N3CCCC3=O)O)C,0,,,,,,
,,,CN(C)/N=N/C1=C(NC=N1)C(=O)N,0,,CC1=CC2=C3C(=C1)C(=N[C@H](C(=O)N3CC2)NC(=O)C4=CC=NC=C4)C5=CC=CC=C5,1,,COC1=CC(=CC(=C1OC)OC)/C=C/C(=O)N,0,,,,,CCCN(CCCl)C1=C(C=C(C=C1[N+](=O)[O-])C(F)(F)F)[N+](=O)[O-],1,,,,,,
,,,C1C(=NN(C1=O)C2=CC=C(C=C2)S(=O)(=O)O)C(=O)[O-].[Na+],0,,C(C#N)NCC#N,0,,C(CC(=O)O)[C@@H](C(=O)O)NC(=O)N,0,,,,,CCC1NC2=CC(=C(C=C2C(=O)N1)S(=O)(=O)N)Cl,0,,,,,,
,,,C[C@]12CC[C@H]3[C@H]([C@@H]1CC[C@H]2O)CCC4=C3C=CC(=C4)O,1,,CC(CC(C)O)O,0,,C=CCSCC1NC2=CC(=C(C=C2S(=O)(=O)N1)S(=O)(=O)N)Cl,0,,,,,CC1=NN(C(=O)N1C(F)F)C2=C(C=C(C(=C2)NS(=O)(=O)C)Cl)Cl,0,,,,,,
,,,C1CCC(=O)CC1,0,,CCCCC/C=C\C=C\C(=O)OCC,1,,C1C2=CC=CC=C2C(=O)C3=C(O1)C=CC(=C3)CC(=O)O,0,,,,,C1=CC(=C(C=C1Cl)Cl)C(CN2C=CN=C2)OCC3=C(SC=C3)Cl,1,,,,,,
,,,C1=CC2=C(C=CC=C2N)C(=C1)N,1,,CC1=CC=C(C=C1)C(=O)C2=CC(=C(C(=C2)O)O)[N+](=O)[O-],1,,C1=CC2=C(C(=C(C=C2Br)Br)O)N=C1,0,,,,,CCC1OCC(O1)COC2=CC=C(C=C2)OC3=CC=CC=C3,1,,,,,,
,,,C1CCC(=NO)CC1,0,,COC1=C(C(=C(C=C1)CN2CCN(CC2)C(C3=CC=C(C=C3)F)C4=CC=C(C=C4)F)OC)OC.Cl.Cl,1,,CCN(CCCCOC(=O)C1=CC(=C(C=C1)OC)OC)C(C)CC2=CC=C(C=C2)OC.Cl,1,,,,,C(CO[N+](=O)[O-])N(CCO[N+](=O)[O-])CCO[N+](=O)[O-],0,,,,,,
,,,C(C(CO)(CO)N)O,0,,CC1=C(S(=O)(=O)CCS1(=O)=O)C,0,,CN1CCC(=C2C3=CC=CC=C3SC4=CC=CC=C42)CC1.C(=C\C(=O)O)\C(=O)O,0,,,,,CC(=O)OCC(=O)[C@@]12[C@@H](C[C@@H]3[C@@]1(C[C@@H]([C@]4([C@H]3C[C@@H](C5=CC(=O)C=C[C@@]54C)F)F)O)C)OC(O2)(C)C,1,,,,,,
,,,C1(=C(C(=C(C(=C1Cl)Cl)Cl)Cl)Cl)O,1,,COC(=O)NC(=S)NC1=CC=CC=C1NC(=S)NC(=O)OC,1,,CC1=CC=C(C=C1)S(=O)(=O)NC(=O)NC2CCCC2,0,,,,,C1=CC=C2C(=C1)NC(=N2)C3=CSC=N3,1,,,,,,
,,,CN1CCCC(CC1)N2C(=O)C3=CC=CC=C3C(=N2)CC4=CC=C(C=C4)Cl.Cl,0,,CCCCCC(CC)OC(=O)CCCOC1=C(C=C(C=C1)Cl)Cl,1,,CS(=O)(=O)O.CS(=O)(=O)O.C=CCNC1=NC(=NC(=N1)N2CCN(CC2)C(C3=CC=C(C=C3)F)C4=CC=C(C=C4)F)NCC=C,1,,,,,COC1=CC(=CC(=C1OC)OC)/C=C/C(=O)N,0,,,,,,
,,,C1COCCN1[N+]2=NOC(=C2)N.[Cl-],0,,C1=CC=C2C(=C1)C(=O)C(C2=O)C3=CC=C(C=C3)Br,1,,CC1=CC(=NN=C1NCCN2CCOCC2)C3=CC=CC=C3.Cl.Cl,1,,,,,[B-](F)(F)(F)F.CCCCCCCCCCCCCCCCN1C=C[N+](=C1)C,1,,,,,,
,,,CCOP(=S)(OCC)SCSP(=S)(OCC)OCC,1,,C1=CC(=CC=C1/C=C/C2=CC(=CC(=C2)O)O)O,1,,CN(C)[C@H]1[C@@H]2C[C@@H]3CC4=C(C(=CC=C4)O)C(=C3C(=O)[C@@]2(C(=C(C1=O)C(=O)N)O)O)O,0,,,,,CC1([C@H]([C@H]1C(=O)O[C@H](C#N)C2=CC(=CC=C2)OC3=CC=CC=C3)C=C(Br)Br)C,1,,,,,,
,,,COC1=CC=C(C=C1)C2=COC3=CC(=CC(=C3C2=O)O)O,1,,CCCS(=O)C1=CC2=C(C=C1)N=C(N2)NC(=O)OC,0,,CN1C[C@H](C[C@H]2[C@H]1CC3=CN(C4=CC=CC2=C34)C)NS(=O)(=O)N(C)C,0,,,,,C1=CC(=C(C=C1Cl)Cl)C(Cl)(Cl)Cl,0,,,,,,
,,,C1=CC=C(C=C1)NC2=CC=C(C=C2)N,1,,CN/C(=N\[N+](=O)[O-])/NCC1CCOC1,0,,CC1=C(N=C(O1)C2=CC=CC=C2)CCC(=O)C3=CC=C(C=C3)CC4C(=O)NC(=O)S4,1,,,,,C1NC2=CC(=C(C=C2S(=O)(=O)N1)S(=O)(=O)N)Cl,0,,,,,,
,,,CCC1=CC=C(C=C1)C(C2=CC=C(C=C2)CC)C(Cl)Cl,1,,CC1=CC=C(O1)C,0,,C1=CC=C(C(=C1)C(=O)NC2=CC=C(C=C2)S(=O)(=O)NC3=NC=CS3)C(=O)O,0,,,,,CC(C)(C)C1=NN=C(S1)NS(=O)(=O)C2=CC=C(C=C2)N,0,,,,,,
,,,CC(C)COP(=O)(OCC(C)C)OCC(C)C,0,,CCCCC(CC)COC(=O)C1=CC=C(C=C1)C(=O)OCC(CC)CCCC,0,,CC1=CC(=O)OC2=C1C=CC(=C2)O[C@H]3[C@@H]([C@H]([C@@H](CS3)O)O)O,0,,,,,[Cl-].[Cl-].[Hg+2],1,,,,,,
,,,C[C@@H](C(=O)N1CCC[C@H]1C(=O)O)N[C@@H](CCC2=CC=CC=C2)C(=O)O,0,,CCN(CC1=CC(=CC=C1)S(=O)(=O)O)C2=CC=CC=C2,1,,CC(=O)NC1=NC=C(S1)[N+](=O)[O-],1,,,,,CC(=O)C1=CC(=C(C=C1)OCCCN2CCC(CC2)C3=NOC4=C3C=CC(=C4)F)OC,1,,,,,,
,,,C1=CC(=CC=C1C(=O)O)NN.Cl,1,,C1=CC=C2C(=C1)C=CC3=CC4=CC=CC=C4C=C32,1,,CCCC1=NC=C(S1)C(=O)O,0,,,,,CC(=O)CC(=O)OC,0,,,,,,
,,,CN(C)C(=O)NC1=CC=CC=C1,0,,CN(C)CCC=C1C2=CC=CC=C2C=CC3=CC=CC=C31.Cl,0,,C1COCCN1CCOC(=O)C2=C(N=CC=C2)NC3=CC=CC(=C3)C(F)(F)F,1,,,,,CC1=C(C(=CC=C1)OCC(CNC(C)(C)C)O)C,0,,,,,,
,,,C1=CC=C(C=C1)N2C(=CC=N2)NS(=O)(=O)C3=CC=C(C=C3)N,0,,C(C(Cl)(Cl)Cl)Cl,0,,C1CN(CCN1)C2=C(C=C3C(=C2)N(C=C(C3=O)C(=O)O)C4=CC=C(C=C4)F)F.Cl,0,,,,,CCC(C1=CC=C(C=C1)N2CC3=CC=CC=C3C2=O)C(=O)O,1,,,,,,
,,,C1=CC(=C(C=C1C2=CC(=C(C=C2)N)Cl)Cl)N.Cl.Cl,1,,CC(CC1=CC=C(C=C1)O)NCC(C2=CC(=CC(=C2)O)O)O.Br,0,,CCC1(CC2=CC=CC=C2C1)C3=CN=CN3,1,,,,,COC1=C(C=C2C(=C1)C(=NC(=N2)N3CCN(CC3)C(=O)C4COC5=CC=CC=C5O4)N)OC.CS(=O)(=O)O,1,,,,,,
,,,[B-](F)(F)(F)F.CC[N+]1=CC=CC=C1,0,,CN1CCC2=CC3=C(C(=C2C1)OC)OCO3.Br,0,,COCCCN1CCC(CC1)NC(=O)C2=CC(=C(C3=C2OCC3)N)Cl,0,,,,,CC(=CCC/C(=C/COC(=O)C)/C)C,0,,,,,,
,,,CCC1OCC(O1)COC2=CC=C(C=C2)OC3=CC=CC=C3,1,,CCC[C@@H](C(=O)OCC)N[C@@H](C)C(=O)N1[C@H]2CCCC[C@H]2C[C@H]1C(=O)O.CC(C)(C)N,0,,CC1=CN=C(C(=C1OC)C)CSC2=NC3=C(N2)C=C(C=C3)OC,1,,,,,CC(C)C[C@H]1C(=O)N2CCC[C@H]2[C@]3(N1C(=O)[C@](O3)(C(C)C)NC(=O)[C@H]4CN([C@@H]5CC6=C(NC7=CC=CC(=C67)C5=C4)Br)C)O.CS(=O)(=O)O,1,,,,,,
,,,CCCCNC1=C2C=NN(C2=NC(=C1C(=O)OCC)C)CC.Cl,1,,CC1=C(C=CO1)SSC2=C(OC=C2)C,1,,C1=CC=C(C(=C1)N)NC(=O)C2=CC=C(C=C2)N,0,,,,,CCCCCCCC1=CC=C(C=C1)O,1,,,,,,
,,,C[C@@H]1[C@H]2[C@@H]([C@H]3[C@@H](C(=O)C(=C([C@]3(C(=O)C2=C(C4=C1C=CC=C4O)O)O)O)C(=O)N)N(C)C)O.Cl,0,,CCN1CCC[C@H]1CNC(=O)C2=C(C(=CC(=C2OC)Cl)Cl)O,0,,C1=CC=C(C=C1)N2C(=NN=N2)N,0,,,,,C1=CC(=CC=C1[N+](=O)[O-])OC2=C(C=C(C=C2)Cl)Cl,1,,,,,,
,,,CC1=C(C=CC(=C1)C2=CC(=C(C=C2)N)C)N,1,,CC(C)COC(=O)C(=C)C,0,,C1CN(CCN1CC2=CC3=C(C=C2)OCO3)CC(=O)N4C5=CC=CC=C5SC6=CC=CC=C64,1,,,,,C1=CC(=CC2=C(C=C(C=C21)S(=O)(=O)O)O)N,1,,,,,,
,,,CC1(C(C1C(=O)OCC2=CC(=CC=C2)OC3=CC=CC=C3)C=C(Cl)Cl)C,1,,CC1=CN(C2=C1C=C(C=C2)F)NC(=O)C3=CN=C(N=C3C)C4=CC=CC=N4,1,,C1CCC(CC1)NC(=O)CN2CCNCC2,0,,,,,CC1=C(C(CC=C1)(C)C)C=O,0,,,,,,
,,,CN(CCCN1C2=CC=CC=C2CCC3=CC=CC=C31)CC(=O)C4=CC=C(C=C4)Cl.Cl,1,,CN(C)NC(=O)CCC(=O)O,0,,C1CN(CC=C1C2=CC=CC=C2)CCCCC3=CNC4=C3C=C(C=C4)C(=O)O,0,,,,,CC(C)(C)C(=O)CC(=O)OC,0,,,,,,
,,,C1=CC=C(C=C1)COC(=O)C(=O)OCC2=CC=CC=C2,0,,CCCCCCCC[Si](OCC)(OCC)OCC,0,,C1CN(CCC1(C2=CC(=C(C=C2)Cl)C(F)(F)F)O)CCCC(C3=CC=C(C=C3)F)C4=CC=C(C=C4)F,0,,,,,CCC1=C(C(=O)C=NN1C2=CC=C(C=C2)Cl)C(=O)[O-].[K+],0,,,,,,
,,,C1=CC(=CC=C1Cl)Cl,0,,C=CC(=O)OCCC(=O)O,0,,C1CCN(C1)CC#CC(C2=CC=CC=C2)(C3=CC=CC=C3)O,1,,,,,C1=CC=C2C(=C1)C=CC3=CC4=C(C=CC5=CC=CC=C54)C=C32,1,,,,,,
,,,CC(C)OC(=O)NC1=CC(=CC=C1)Cl,1,,CC1=CC(=O)NC(=S)N1,0,,C1=CC(=CC=C1CCNS(=O)(=O)C2=CC=C(C=C2)Cl)CC(=O)O,0,,,,,COC(=O)NC1=NC2=C(N1)C=C(C=C2)C(=O)C3=CC=CS3,1,,,,,,
,,,CCC(CC)NC1=C(C=C(C(=C1[N+](=O)[O-])C)C)[N+](=O)[O-],1,,C1=CC=C(C=C1)[Sn](C2=CC=CC=C2)(C3=CC=CC=C3)Cl,1,,CC[N+](CC)(CC)CC.[Cl-],0,,,,,C[C@]12CC[C@H]3[C@H]([C@@H]1CC[C@@H]2O)CC=C4[C@@]3(CC[C@@H](C4)O)C,0,,,,,,
,,,C1CCC(CC1)NSC2=NC3=CC=CC=C3S2,1,,CC1=CC(=CC(=C1)C(=O)N(C(C)(C)C)NC(=O)C2=C(C(=CC=C2)OC)C)C,1,,CC1=CC2=C(C=C1)NC3C2CN(CC3)C,0,,,,,CCCCCCCCCCN1C=C[N+](=C1)C.[Br-],1,,,,,,
,,,CCOP(=S)(OCC)OC1=NN(C=N1)C2=CC=CC=C2,1,,CC(C)(C)C1=C(C=CC(=C1)OC)O,1,,C[C@]12CCC(=O)C(=C1CC[C@@H]3[C@@H]2CC[C@]4([C@H]3CCC4=O)C)O,1,,,,,CC[C@H]1C[C@H]2[C@@H]3CCC4=CC(=O)CC[C@@H]4[C@H]3CC[C@@]2([C@H]1O)C,1,,,,,,
,,,CC1([C@@H](N2[C@H](S1)[C@@H](C2=O)NC(=O)[C@@H](C3=CC=CC=C3)N)C(=O)O)C,0,,CCCCCCCC/C=C/CCCCCCCC1=NCCN1CCO,1,,C[C@@H]1CC[C@H]2[C@H](C(=O)O[C@H]3[C@@]24[C@H]1CC[C@](O3)(OO4)C)C,0,,,,,C1=C(C=C(C(=C1Cl)N)Cl)N,1,,,,,,
,,,C1=CC=C(C=C1)COC(=O)/C=C/C2=CC=CC=C2,1,,CNCCS(=O)(=O)[O-].[Na+],0,,CC[C@@]12CCCN3[C@@H]1C4=C(CC3)C5=CC=CC=C5N4C(=O)C2,1,,,,,C1=CC=C(C=C1)N=NC2=C(C=CC3=CC=CC=C32)O,1,,,,,,
,,,CCCCCOC(=O)COC1=C(C=C(C(=C1)N2C(=O)C3=C(C2=O)CCCC3)F)Cl,0,,C1C=CCC2C1C(=O)N(C2=O)SC(C(Cl)Cl)(Cl)Cl,1,,C[C@]12CCC(=O)C=C1C=C[C@@H]3[C@@H]2CC[C@]4([C@H]3CC[C@@]45CCC(=O)O5)C,0,,,,,C1=CC(=CC=C1C(=N)N)OCCCCCOC2=CC=C(C=C2)C(=N)N.C(CS(=O)(=O)O)O.C(CS(=O)(=O)O)O,1,,,,,,
,,,CC1=CC(=C(C=C1)O)N2N=C3C=CC=CC3=N2,1,,CC1COC2(N1CC(=O)NC3=C2C=C(C=C3)Cl)C4=CC=CC=C4Cl,1,,CC(=O)NC1=CC=C(C=C1)C(=O)O,0,,,,,COC1=C(C=C(C=C1)C(=O)NC2=CC=CC=C2)[N+](=O)[O-],1,,,,,,
,,,C(CCl)N(CCCl)CCCl,0,,CC1=CC=CC=C1C=O,0,,CC(C)C[C@@H](C(=O)O)NC(=O)C,0,,,,,COC1=CC=C(C=C1)/C=C/C(=O)C2=C(C=C(C=C2)OC)OC,1,,,,,,
,,,CN(C)C(=O)NC1=CC(=C(C=C1)Cl)Cl,1,,CCCCCC1C(CCC1=O)CC(=O)OC,1,,CC(C)NCC(C1=CC=C(C=C1)[N+](=O)[O-])O,0,,,,,C1CCC(CC1)C(=O)N2CC3C4=CC=CC=C4CCN3C(=O)C2,1,,,,,,
,,,CCSCC1=CC=CC=C1OC(=O)NC,1,,C1CCC(=O)NCC1,0,,CC1=C(N=CN1)C2=CC=C(C=C2)Cl,1,,,,,C1=CC=C2C=C3C(=CC2=C1)C(=NC3=N)N,1,,,,,,
,,,C1CN(CCC1(C2=CC=C(C=C2)F)O)[C@@H]3COC4=C([C@@H]3O)C=CC(=C4)O,1,,C1=CC(=C(C=C1OC2=C(C=C(C=C2I)C[C@@H](C(=O)[O-])N)I)I)O.[Na+],1,,CCCCCC(=O)N,0,,,,,CCCCCCCCCCCCOCCOCCOCCOCCOCCOCCOCCOCCOCCO,1,,,,,,
,,,C/C=C(\C)/C=O,0,,C1=CC(=C(C(=C1C(=O)C2=CC(=C(C(=C2)O)O)O)O)O)O,1,,CCN(CC)CC(=O)NC1=C(C=C(C=C1C)C)C.Cl,0,,,,,C1=CC=C(C=C1)C2=CC=C(C=C2)N,1,,,,,,
,,,CCCCCOC1=CC=CC=C1/C(=C\SC)/N2C=CN=C2,1,,C[N+]1(CC2=C(C1)C(=C(C(=C2Cl)Cl)Cl)Cl)CC[N+](C)(C)C.[Cl-].[Cl-],0,,CCN(CC)CC(=O)OC1=CC=C(C=C1)NC(=O)C,0,,,,,CCCN(CC1CC1)C2=C(C=C(C=C2[N+](=O)[O-])C(F)(F)F)[N+](=O)[O-],1,,,,,,
,,,C1=CC=C(C=C1)SCCO,0,,C=CC(=O)N,0,,C[C@@H]1CN(C[C@@H](N1)C)CCCN2C3=CC=CC=C3C4=CC=CC=C42.Cl.Cl,1,,,,,CCCNC(C)(C)COC(=O)C1=CC=CC=C1.Cl,0,,,,,,
,,,CCCCCCCCCCCC[N+](C)(C)C.[Br-],0,,CC(=O)OC1=CC=C(C=C1)C(=C2CCCCC2)C3=CC=C(C=C3)OC(=O)C,1,,CCOC(=O)C1=C(N(C2=C1C=C(C=C2)O)C)C,1,,,,,CCCCOC(=O)COC(=O)C1=CC=CC=C1C(=O)OCCCC,0,,,,,,
,,,C1=CC=C2C(=C1)C(C(=O)N2)(C3=CC=C(C=C3)O)C4=CC=C(C=C4)O,0,,C(C(F)(F)F)O,0,,CCN1CCC[C@H]1CNC(=O)C2=C(C(=CC(=C2OC)Cl)Cl)O,0,,,,,CC(=CC1C(C1(C)C)C(=O)OCC2=CC(=CC=C2)OC3=CC=CC=C3)C,1,,,,,,
,,,C1=CC(=C(C=C1[N+](=O)[O-])N)O,1,,CC(C)CCCCCCOC(=O)C1=CC(=C(C=C1)C(=O)OCCCCCCC(C)C)C(=O)OCCCCCCC(C)C,1,,C1CN(CCC12CNC(=O)O2)CCC3=CC=CC=C3.Cl,0,,,,,CC1=C(C=C(C=C1)N)C,1,,,,,,
,,,CC1=CC=CC=C1NC(=O)CC(=O)C,0,,CC1C(C(CC(O1)OC2C[C@@](CC3=C2C(=C4C(=C3O)C(=O)C5=C(C4=O)C(=CC=C5)OC)O)(C(=O)CO)O)N6CCOC(C6)OC)O,1,,CN(C1CCCCC1)C(=O)CCCOC2=CC3=C(C=C2)NC(=O)C=C3,1,,,,,C(C(CBr)Br)Cl,0,,,,,,
,,,CCOC(=O)NC(C(Cl)(Cl)Cl)O,0,,CCCCCCCCCCCCCC(=O)OC(C)C,0,,CN1CCN(CC1)CCC(=O)N2C3=CC=CC=C3SC4=C2C=C(C=C4)C(F)(F)F,1,,,,,CC1=NC=C2N1C3=C(C=C(C=C3)Cl)C(=NC2)C4=CC=CC=C4F.Cl,1,,,,,,
,,,CC(CCC=C(C)C)CCOC=O,0,,CC1=CC2=C(C(=C1)O)C(=O)C3=C(C2=O)C=C(C=C3O)O,1,,COC(=O)NC1=NC2=C(N1)C=C(C=C2)S(=O)C3=CC=CC=C3,0,,,,,C1C(O1)C(=O)N,0,,,,,,
,,,C1=CC=C(C=C1)/C=C/COC(=O)C2=CC=CC=C2N,1,,C1=CC(=CC=C1N)N,1,,COC1=C(C=C(C=C1)/C=N/NC(=O)C2=CC=NC=C2)OC,1,,,,,[Cl-].[Cl-].[Cl-].[Dy+3],0,,,,,,
,,,[N+](=O)([O-])[O-].[K+],0,,CCCCCCN1C=C[N+](=C1)C.[Br-],0,,COC1=CC(=CC(=C1OC)OC)C(=O)NCCCCCC(=O)O,0,,,,,CC(C)(C1=CC=CC=C1)O,0,,,,,,
,,,C(C#CCO)O,0,,C[C@H](C(=O)OCC#C)OC1=CC=C(C=C1)OC2=C(C=C(C=N2)Cl)F,1,,COP(=O)(OC)OC=C(Cl)Cl,0,,,,,C[N+]12CCC(CC1)C(C2)OC(=O)C(C3=CC=CC=C3)(C4=CC=CC=C4)O.[Br-],0,,,,,,
,,,CCC(CC1=CC=CC=C1)(C(=O)C2=CC=C(C=C2)N3CCOCC3)N(C)C,1,,CCCN(CCC)C1=C(C=C(C=C1[N+](=O)[O-])C(F)(F)F)[N+](=O)[O-],1,,C#CC1=CC=C(C=C1)C2=CC=CC=C2F,1,,,,,C#CCO,0,,,,,,
,,,CC1=C(C=NO1)C(=O)NC2=CC=C(C=C2)C(F)(F)F,1,,Cl[Au](Cl)Cl,1,,C[C@H]1C[C@H]([C@@](O[C@@H]1[C@H]2C[C@@H]([C@@H](O2)[C@@]3(CC[C@@H](O3)[C@@]4(CC[C@@]5(O4)C[C@@H]([C@H]([C@H](O5)[C@@H](C)[C@H]6[C@@H]([C@H]([C@@H]([C@](O6)(CC(=O)[O-])O)C)OC)OC)C)O)C)C)OC7C[C@@H]([C@H]([C@@H](O7)C)OC)OC)(C)O)C.[NH4+],1,,,,,CCOC(=O)C1=CC=CC=C1C(=O)OCC,0,,,,,,
,,,C1=CC=C2C(=C1)C=C(C3=CC=CC=C23)C#N,1,,C(/C(=C(/CO)\Br)/Br)O,0,,C1=C(C(=CC(=C1N)S(=O)(=O)N)S(=O)(=O)N)C(=C(Cl)Cl)Cl,0,,,,,C(CCCCl)CCO,0,,,,,,
,,,C[C@]12CC[C@H]3[C@H]([C@@H]1CC[C@@H]2O)CC=C4[C@@]3(CC[C@@H](C4)O)C,0,,C1CN(/C(=N/[N+](=O)[O-])/N1)CC2=CN=C(C=C2)Cl,0,,C1=CC=C(C=C1)CCN=C(N)N=C(N)N.Cl,0,,,,,CO[Si](CCCNCCN)(OC)OC,0,,,,,,
,,,C1=CC(=C(C=C1CCN)O)O,0,,C1=CC(=CC=C1C=O)Cl,0,,C(C#N)C(=O)NN,0,,,,,C(CNCCN)N,0,,,,,,
,,,CC1=CC(=C(C=C1)N=NC2=C(C=CC3=CC=CC=C32)O)C,1,,CCCCCCOCCO,0,,C1=CC(=CC=C1C(=O)O)S(=O)(=O)N,0,,,,,C[C@]12CCC(=O)C=C1[C@@H]3C[C@@H]3[C@@H]4[C@@H]2CC[C@]5([C@H]4[C@@H]6C[C@@H]6[C@@]57CCC(=O)O7)C,0,,,,,,
,,,CCCCC/C=C\C/C=C\CCCCCCCC(=O)OC,0,,C[N+](C)(C)CCOC(=O)C(C1=CC=CC=C1)(C2=CC=CC=C2)O.[I-],0,,C1CN(CCC1NC(=O)C2=CC=CC=C2)CCC3=CNC4=CC=CC=C43.Cl,0,,,,,CCN(CCCC(C)NC1=C2C=CC(=CC2=NC=C1)Cl)CCO.OS(=O)(=O)O,0,,,,,,
,,,CC(=C)C(=O)OCC1CO1,0,,CC(C)OC(=O)C(C)N(C1=CC(=C(C=C1)F)Cl)C(=O)C2=CC=CC=C2,1,,C1=CC(=C(C(=C1C(=O)C2=CC(=C(C(=C2)O)O)O)O)O)O,0,,,,,CN(C)C1=CC=C(C=C1)C(=C2C=CC(=[N+](C)C)C=C2)C3=CC=CC=C3.CN(C)C1=CC=C(C=C1)C(=C2C=CC(=[N+](C)C)C=C2)C3=CC=CC=C3.C(=O)(C(=O)O)O.C(=O)(C(=O)[O-])O.C(=O)(C(=O)[O-])O,1,,,,,,
,,,C1=CC(=CC=C1S(=O)(=O)C2=CC=C(C=C2)Cl)Cl,1,,CC1=C(C(=CC=C1)O)N,1,,C1=CC=C(C=C1)CN=CC2=CC=CC=C2O,0,,,,,CC(=O)C1=CC=C(C=C1)S(=O)(=O)NC(=O)NC2CCCCC2,0,,,,,,
,,,CC1=CC(=C(C(=C1)[N+](=O)[O-])O)[N+](=O)[O-],0,,CCCCOC(=O)C(=O)OCCCC,0,,CC(=O)NC1=CC=C(C=C1)OC(=O)C2=CC=CC=C2OC(=O)C,0,,,,,CC1=CC2=C(C=C1CC(=O)C3=C(C=CS3)S(=O)(=O)NC4=C(C(=NO4)C)Cl)OCO2,1,,,,,,
,,,C1=C2C(=CC(=C1Cl)S(=O)(=O)N)S(=O)(=O)N=CN2,0,,C[C@]12CC[C@H]3[C@H]([C@@H]1CC[C@]2(C#C)O)CCC4=CC5=C(C[C@]34C)C=NO5,1,,C1CN(CC2=CC=CC=C21)C(=N)N.C1CN(CC2=CC=CC=C21)C(=N)N.OS(=O)(=O)O,0,,,,,CCCCCCCC/C=C/C(=O)[O-].CCCCCCCC/C=C/C(=O)[O-].[Ca+2],0,,,,,,
,,,C1=CC(=CC=C1C(=O)O)S(=O)(=O)N(Cl)Cl,0,,CC1COC(=O)O1,0,,CCCCC(CC)CN=C(N)NC(=NCCCCCCN=C(N)NC(=NCC(CC)CCCC)N)N.Cl.Cl,1,,,,,C1=CC=C2C(=C1)C(=O)C3=C(C2=O)SC(=C(S3)C#N)C#N,1,,,,,,
,,,CN(C1CCN(CC1)C2=NC3=CC=CC=C3N2CC4=CC=C(C=C4)F)C5=NC=CC(=O)N5,0,,CC1(C2CCC(C2)C1=C)C,0,,C[C@@H]1C[C@H]2[C@@H]3C[C@@H](C4=CC(=O)C(=C[C@@]4([C@]3([C@H](C[C@@]2([C@]1(C(=O)CO)O)C)O)F)C)Cl)F.O,1,,,,,CC(C)NCC(C1=CC(=C(C=C1)O)O)O.Cl,0,,,,,,
,,,CCCCCCCCCCCCCCCCCC(=O)O,0,,CCCC(C)C(CC)O,0,,C1CN(CCN1CC2=CC3=C(C=C2)OCO3)C4=NC=CC=N4,1,,,,,C1[C@@H]2C[C@@H]2N([C@@H]1C#N)C(=O)[C@H](C34CC5CC(C3)CC(C5)(C4)O)N,0,,,,,,
,,,C1=CC=C(C(=C1)C(C2=CC=C(C=C2)Cl)C(Cl)(Cl)Cl)Cl,1,,CN1C(=O)CN=C(C2=C1C=CC(=C2)Cl)C3=CC=CC=C3,1,,CC1=NC=C(N1CC(CCl)O)[N+](=O)[O-],0,,,,,C1=CC(=CC=C1CCO)NC2=C3C(=C(C=C2)O)C(=O)C4=C(C=CC(=C4C3=O)[N+](=O)[O-])O,1,,,,,,
,,,CCCCC(CC)COC(=O)/C=C\C(=O)OCC(CC)CCCC,1,,C1=CC2=C(C=CN=C2C=C1Cl)Cl,0,,CCCCCCCCCCOC1=C(C=C2C(=C1)C(=O)C(=CN2)C(=O)OCC)OCC,0,,,,,C[C@]12CC[C@H]3[C@H]([C@@H]1CCC2=O)CC=C4[C@@]3(CC[C@@H](C4)O)C,1,,,,,,
,,,C1=CC(=CC=C1CCN)O.Cl,0,,C1=NC2=C(N1COC(CO)CO)N=C(NC2=O)N,0,,CCC(=O)NC1=CC=C(C=C1)O,0,,,,,COC1=CC=C(C=C1)NC2=CC=C(C=C2)OC,1,,,,,,
,,,C1[C@H](C2=C(O1)C=C(C=C2)OCC3=CC=CC=C3)N(C(=O)N)O,1,,C1=COC(=C1)CNC2=NC=NC3=C2NC=N3,0,,CCOC(=O)NC1=C(N=C(C=C1)NCC2=CC=C(C=C2)F)N.C(=C\C(=O)O)\C(=O)O,1,,,,,C1=CC(=CC=C1C(=O)N[C@@H](CCC(=O)O)C(=O)O)NCC2=CN=C3C(=N2)C(=O)NC(=N3)N,0,,,,,,
,,,CC1=C(C(=CC=C1)C)N(C(C)C(=O)OC)C(=O)C2=CC=CO2,1,,CCCCCCCC1=CC=C(C=C1)O,1,,CNCC(=O)C1=CC(=C(C=C1)O)O,0,,,,,CC1(CCCO1)CN(C)S(=O)(=O)C2=CC(=C(C=C2)Cl)S(=O)(=O)N,1,,,,,,
,,,CCCCOC1=C(C=CC(=C1)C(=O)OCCN(CC)CC)N.Cl,0,,CCCCC(CC)C(=O)OCCOCCOCCOCCOC(=O)C(CC)CCCC,1,,CCN(CCCC1=CC=CC=C1)CCCC2=CC=CC=C2.C(C(=O)O)C(CC(=O)O)(C(=O)O)O,0,,,,,CC(=CCCC(C)(C=C)OC(=O)/C=C/C1=CC=CC=C1)C,1,,,,,,
,,,C1=CC2=C(C=CC(=C2)[N+](=O)[O-])N=C1,0,,COC(C1=CC=CC=C1)C(=O)O,0,,CCCCNC(=O)NS(=O)(=O)C1=CC=C(C=C1)N,0,,,,,C1=CC(=CN=C1)C(C2=CC=C(C=C2)Cl)(C3=CC=C(C=C3)Cl)O,1,,,,,,
,,,C1=CC=C2C(=C1)C(=O)OC23C4=CC(=C(C(=C4OC5=C(C(=C(C=C35)I)O)I)I)O)I,0,,CC(=CC1C(C1(C)C)C(=O)OCC2=CC(=CC=C2)OC3=CC=CC=C3)C,1,,CCCC1=C(C=CC(=C1O)C(=O)C)OCCCCC2=NNN=N2,1,,,,,CCCC[N+]1=CC=CC=C1C.[I-],0,,,,,,
,,,COC1=C(C=C(C=C1)C2=CC(=NN2C3=CC=C(C=C3)S(=O)(=O)N)C(F)F)F,0,,C1=CC(=CC=C1C(C2=CC=C(C=C2)O)C(Cl)(Cl)Cl)O,1,,CN1CCN(CC1)C2CC3=CC=CC=C3SC4=C2C=C(C=C4)Cl.C(=C\C(=O)O)\C(=O)O,1,,,,,C1C2=CC=CC=C2C3=C1C=C(C=C3)[N+](=O)[O-],1,,,,,,
,,,CC#C[C@@]1(CC[C@@H]2[C@@]1(CC[C@H]3[C@H]2C[C@@H](C4=CC(=O)CC[C@]34C)C)C)O,0,,COC(=O)Cl,0,,CNC(=O)NC(C(Cl)(Cl)Cl)O,0,,,,,CCC(=O)C(=O)CC,1,,,,,,
,,,CC(C1=CC=C(C=C1)Cl)(C2=CC=C(C=C2)Cl)O,1,,CC[C@]12CC[C@H]3[C@H]([C@@H]1C=C[C@]2(C#C)O)CCC4=CC(=O)CC[C@H]34,1,,COC(=O)[C@H](CC1=CC(=C(C=C1)O)O)N.Cl,1,,,,,C([C@H]([C@H]([C@@H](C(=O)CO)O)O)O)O,0,,,,,,
,,,CN1[C@@H]2CC[C@H]1CC(C2)OC(=O)C3=CNC4=CC=CC=C43,0,,COC1=NC(=NC2=C1N=CN2[C@H]3[C@H]([C@@H]([C@H](O3)CO)O)O)N,0,,CN1C2=CC=CC=C2C(=C(C1=O)C(=O)N(C)C3=CC=CC=C3)O,0,,,,,CCCCC(CC)COC(=O)CS,0,,,,,,
,,,C1=CC(=C(C=C1[N+](=O)[O-])Cl)F,0,,CCCCCCCC[N+](C)(CCCCCCCC)CCCCCCCC.C(F)(F)(F)S(=O)(=O)[N-]S(=O)(=O)C(F)(F)F,1,,CN([C@H]1CC[C@@]2(CCCO2)C[C@@H]1N3CCCC3)C(=O)CC4=CC(=C(C=C4)Cl)Cl,1,,,,,C1=CC=C2C(=C1)C=CC=C2[N+](=O)[O-],0,,,,,,
,,,C1=CC=C2C(=C1)C=CC3=CC=CC=C3N2C(=O)N,0,,[C-]#N.[C-]#N.[K+].[Au+],1,,COC1=CC(=CC(=C1OC)OC)C(=O)N2CCOCC2,0,,,,,CC(C(=O)O)OC1=C(C=C(C=C1)Cl)Cl,0,,,,,,
,,,CCCCOP(=O)(CCCC)OCCCC,1,,C1=CC=C(C=C1)C(=O)C2=CC=C(C=C2)Cl,1,,C[C@H]1[C@@H]([C@H]([C@H]([C@@H](O1)OC[C@@H]2[C@H]([C@@H]([C@H]([C@@H](O2)OC3=CC(=C4C(=C3)OC(=CC4=O)C5=CC(=C(C=C5)OC)O)O)O)O)O)O)O)O,0,,,,,CO[C@H]1[C@@H](C[C@@H]2CN3CCC4=C([C@H]3C[C@@H]2[C@@H]1C(=O)OC)NC5=C4C=CC(=C5)OC)OC(=O)C6=CC(=C(C(=C6)OC)OC)OC,1,,,,,,
,,,CCOC(=O)C1=CC=C(C=C1)N(C)C,1,,CCCCCCC(C)OC(=O)COC1=NC(=C(C(=C1Cl)N)Cl)F,1,,CC1=C(N=C(O1)C2=CC=CC=C2)CCOC3=CC=C(C=C3)CN(CC(=O)O)C(=O)OC4=CC=C(C=C4)OC,1,,,,,CC(C)[C@H]1C2=C(CC[C@@]1(CCN(C)CCCC3=NC4=CC=CC=C4N3)OC(=O)COC)C=C(C=C2)F.Cl.Cl,1,,,,,,
,,,CC(=O)[C@H]1CC[C@@H]2[C@@]1(CC(=O)[C@H]3[C@H]2CC[C@@H]4[C@@]3(CC[C@H](C4)O)C)C,0,,C1=CC=C(C=C1)C(CC(C2=CC=C(C=C2)C3=CC=C(C=C3)Br)O)C4=C(C5=CC=CC=C5OC4=O)O,1,,CC(C)CC1=NN=C(S1)NS(=O)(=O)C2=CC=C(C=C2)OC,0,,,,,C(C(=O)O)C(CC(=O)[O-])(C(=O)[O-])O.[NH4+].[NH4+],0,,,,,,
,,,C1=C(OC(=C1)[N+](=O)[O-])/C=N/NC(=O)C2=C(C(=CC(=C2)[N+](=O)[O-])[N+](=O)[O-])O,1,,C1=CC=C(C=C1)N2C(=O)C=CC2=O,1,,COC(=O)N/N=C/C1=[N+](C2=CC=CC=C2[N+](=C1)[O-])[O-],0,,,,,CN(C)CC1=CC(=C(C(=C1)CN(C)C)O)CN(C)C,0,,,,,,
,,,C1N2CN3CN1CN(C2)C3,0,,CC1=C(C2=C(N1C(=O)C3=CC=C(C=C3)Cl)C=CC(=C2)OC)CC(=O)O,1,,CC1=C(C(C(=C(N1)C)C(=O)OC)C2=CC=CC=C2OC(F)F)C(=O)OC,0,,,,,CC(=CC[C@@H]1[C@@](O1)(C)[C@H]2[C@@H]([C@@H](CC[C@]23CO3)OC(=O)/C=C/C=C/C=C/C=C/C(=O)O)OC)C,1,,,,,,
,,,CCCCCOC1=C(C=C(C=C1)C2C(=O)NC(=O)S2)OCC,1,,CC(=O)C1=CC2=C(C=CC3=CC=CC=C32)C=C1,1,,CN(C(=O)CCC1=NN(C(=C1)C2=CC=C(C=C2)Cl)C3=CC=C(C=C3)OC)O,1,,,,,CC[C@@H]1[C@@]([C@@H]([C@H](C(=O)[C@@H](C[C@@]([C@@H]([C@H]([C@@H]([C@H](C(=O)O1)C)O[C@H]2C[C@@]([C@H]([C@@H](O2)C)O)(C)OC)C)O[C@H]3[C@@H]([C@H](C[C@H](O3)C)N(C)C)OC(=O)CC)(C)O)C)C)O)(C)O,0,,,,,,
,,,CN(C(=O)NC1=CC(=C(C=C1)Cl)Cl)OC,1,,CC(COC(C)COC(=O)C=C)OCC(C)OC(=O)C=C,1,,C1=CC=C(C(=C1)C(=O)OCCOCCO)NC2=CC=CC(=C2)C(F)(F)F,1,,,,,C1=CC(=CC=C1C(=O)C2=CC=C(C=C2)Cl)O,1,,,,,,
,,,C1=CC=C(C=C1)NC2=CC3=CC=CC=C3C=C2,1,,C(C(C(C(C(F)(F)S(=O)(=O)[O-])(F)F)(F)F)(F)F)(C(C(C(F)(F)F)(F)F)(F)F)(F)F.[K+],1,,C1=CC=C(C(=C1)C(=C2C=C(C(=O)C(=C2)I)I)C3=CC(=C(C(=C3)I)[O-])I)C(=O)[O-].[Na+].[Na+],1,,,,,C1[C@H](NCS1)C(=O)O,0,,,,,,
,,,CSCCC=O,0,,CNCCC(C1=CC=CC=C1)OC2=CC=CC=C2OC,0,,C1=C(C=C(C(=C1S(=O)C2=C(C(=CC(=C2)Cl)Cl)O)O)Cl)Cl,1,,,,,CCCCCCCCCCCCCC=O,0,,,,,,
,,,CC(C)C[C@@H](C(=O)O)NC(=O)OCC1C2=CC=CC=C2C3=CC=CC=C13,1,,COCCCN1CCC(CC1)NC(=O)C2=CC(=C(C3=C2OCC3)N)Cl,1,,C1=CC=C(C=C1)NC2=NC=NC(=N2)N,0,,,,,CN1C2=CC=CC=C2C(=C(C1=O)C(=O)N(C)C3=CC=CC=C3)O,1,,,,,,
,,,CCOC1=CC(=C(C=C1C(=O)NCC2CN(CCO2)CC3=CC=C(C=C3)F)Cl)N.C(C(=O)O)C(CC(=O)O)(C(=O)O)O,1,,CCCCCC[C@@H](CCC)C(=O)O,1,,CCC(C1=CC=C(C=C1)N2CC3=CC=CC=C3C2=O)C(=O)O,0,,,,,C(C(=O)C(Cl)Cl)Cl,1,,,,,,
,,,CCCCN1C=C[N+](=C1C)C.[Br-],0,,CC1=CC(=C(C=C1OC)C[C@@H](C)N)OC.Cl,0,,C[C@H]([C@@H]1[C@@H]2N(C1=O)C(=C(S2)[C@H]3CCCO3)C(=O)O)O,0,,,,,C1=CC=C(C(=C1)CC2=CC=CC=C2O)O,1,,,,,,
,,,C1=CC(=CC=C1[C@H]([C@@H](CO)NC(=O)C(Cl)Cl)O)[N+](=O)[O-],0,,CCN1C=C[N+](=C1)C.[Cl-],0,,CN\1CC(=O)N/C1=N/C(=O)NC2=CC(=CC=C2)Cl,0,,,,,C1=C(C(=CC(=C1Cl)N)Cl)C2=CC(=C(C=C2Cl)N)Cl,1,,,,,,
,,,C1=CC(=CC=C1C=O)F,0,,CN1C(=C(C2=CC=CC=C2S1(=O)=O)O)C(=O)NC3=CC=CC=N3,1,,CCN1C=C(C(=O)C2=CC3=C(C=C21)OCO3)C(=O)O,0,,,,,CC(CC1=CC(=C(C=C1OC)Br)OC)N.Cl,1,,,,,,
,,,CC(C)(C)C(=O)OC1=CC=C(C=C1)S(=O)(=O)NC2=CC=CC=C2C(=O)NCC(=O)[O-].O.O.O.O.[Na+],0,,CC(C)CCCC(=O)O,0,,CC(C1=NCCN1)OC2=C(C=CC=C2Cl)Cl,1,,,,,CC(C)(C)C(=O)C1C(=O)C2=CC=CC=C2C1=O,1,,,,,,
,,,C1=CC(=CC=C1C2=CC=C(C=C2)F)N,1,,CCCC[N+]1(CCCCC1)C.C(F)(F)(F)S(=O)(=O)[O-],0,,C1=CC(=CC=C1N)S(=O)(=O)NC(=O)N,0,,,,,CCN1C=CN=C1CC2COC3=CC=CC=C3O2,1,,,,,,
,,,CC(=O)OC1=CC=C(C=C1)C(C2=CC=C(C=C2)OC(=O)C)C3=CC=CC=N3,1,,C[C@H]1CCC[C@@H](CCCCCC2=C(C(=CC(=C2)O)O)C(=O)O1)O,1,,C1CC1C(C2CC2)NC3=NCCO3,0,,,,,C(/C=C/CBr)Br,0,,,,,,
,,,C1COC2(N1CC(=O)NC3=C2C=C(C=C3)Cl)C4=CC=CC=C4Cl,1,,CC1=CC(=CC(=C1O)[N+](=O)[O-])[N+](=O)[O-],1,,CC(=O)NC1=CC(=CC=C1)O,0,,,,,CC(C)(C)C1CCC(CC1)O,0,,,,,,
,,,CCC(C)OC(=O)C1=CC=C(C=C1)O,1,,CCC1=CC(=C(C=C1)O)C(C)(C)C,1,,CC(C)CCCC(C)NCCC(C)C,0,,,,,CCCCCCCCC1=CC=C(C=C1)S(=O)(=O)[O-].[Na+],0,,,,,,
,,,C1=CC(=C(C=C1C(F)(F)F)[N+](=O)[O-])Cl,0,,C1=CC(=C(C=C1Cl)CC2=C(C=CC(=C2)Cl)O)O,1,,CC1(C2=C(C=CC(=C2)Br)NC(=O)O1)C,0,,,,,CCCS(=O)C1=CC2=C(C=C1)N=C(N2)NC(=O)OC,1,,,,,,
,,,CC(C(=O)C)O,0,,CC(C)NCC(COC1=CC=C(C=C1)CCOC)O.CC(C)NCC(COC1=CC=C(C=C1)CCOC)O.[C@@H]([C@H](C(=O)O)O)(C(=O)O)O,0,,CC(CC(C1=CC=CC=C1)(C2=CC=CC=C2)C(=O)N)N(C)C.OS(=O)(=O)O,0,,,,,CN(C)CCOC(C1=CC=CC=C1)C2=CC=CC=C2,0,,,,,,
,,,CC(C)(C)NCC(COC1=CC=CC2=C1C[C@@H]([C@@H](C2)O)O)O,0,,C1=CC=C2C(=C1)C(=CC=C2N)N,1,,CCC1=NN=C(S1)NS(=O)(=O)C2=CC=C(C=C2)N,1,,,,,COP(=O)(OC)OC,0,,,,,,
,,,CC(=O)C1=NC=CS1,0,,C1=CC(=CC2=CC(=C(C=C21)O)S(=O)(=O)[O-])S(=O)(=O)[O-].[Na+].[Na+],0,,CC1=C(OC2=C(C1=O)C=CC=C2C(=O)OCCN3CCCCC3)C4=CC=CC=C4.Cl,1,,,,,C[C@@H](CCCC(C)(C)OC)C/C=C/C(=C/C(=O)OC(C)C)/C,1,,,,,,
,,,C1=CC(=CC=C1C(C2=CC=C(C=C2)Cl)C(Cl)(Cl)Cl)Cl,1,,C1=CC(=CC=C1N)S(=O)(=O)N=C(N)N,0,,CC1=C(C(=CC=C1)C)NC(=O)CN2CCCC2=O,0,,,,,C1=CC(=CC=C1C(=O)CCCCl)F,0,,,,,,
,,,C1=C(C=C(C(=C1C(=O)O)O)S(=O)(=O)O)N,0,,CCOCC(C)O,0,,CCC1=CC=C(C=C1)C2CCNCC2,0,,,,,C1=CC=C(C(=C1)C(=O)O)C(=O)[O-].[K+],0,,,,,,
,,,CN1CCC2=CC3=C(C(=C2[C@@H]1[C@@H]4C5=C(C(=C(C=C5)OC)OC)C(=O)O4)OC)OCO3,0,,CCCC1=C(C=CC(=C1O)C(=O)C)OCCCCC2=NNN=N2,1,,CC1CCN(CC1)CCCC(=O)C2=CC=C(C=C2)F,0,,,,,C1C(O1)COC2=CC=C(C=C2)CC3=CC=C(C=C3)OCC4CO4,1,,,,,,
,,,CC1=C(OC(=C1C(=O)NC2=CC=CC=C2)C)C,1,,CCCCCCCCCCCC(=O)OC,0,,CCN(CC)CCOC1=CC=C(C=C1)CC2=CC=CC=C2,0,,,,,C1=CC(=C(C=C1[N+](=O)[O-])[N+](=O)[O-])O,0,,,,,,
,,,CC1=CC(=CC(=C1OCCCC2=CC(=NO2)C)C)C3=NOC(=N3)C(F)(F)F,1,,CCOC1=CC=C(C=C1)NC(=O)CC(C)O,0,,CCN1C=C(C(=O)C2=CC(=C(C=C21)N3CCN(CC3)C)F)C(=O)O.CS(=O)(=O)O,0,,,,,CCCCC/C=C\C/C=C\CCCCCCCC(=O)NC(C)C1=CC=CC=C1,1,,,,,,
,,,COC1=C(C=CC(=C1)C2=CC(=C(C=C2)N)OC)N,1,,CCOC(=O)CP(=O)(OCC)OCC,0,,CCCS(=O)C1=CC2=C(C=C1)N=C(N2)NC(=O)OC,0,,,,,CC1=CC2=C(C(=C1)O)C(=C3C(=C2)C=CC=C3O)O,1,,,,,,
,,,CC(C)CCCCCCCOP(=O)(OC1=CC=CC=C1)OC2=CC=CC=C2,1,,CC1=NC2=CC=CC=C2C(=O)N1C3=CC=CC=C3Cl,1,,CCN(CC)CCNC(=O)COC1=CC=C(C=C1)Cl,0,,,,,CC(C)(C)C(/C=C/C1=CC2=C(C=C1)OCO2)O,1,,,,,,
,,,C1CN=C(N1)CC2=CC=CC=C2.Cl,0,,C1=C(C(=C(C(=C1[N+](=O)[O-])Cl)[N+](=O)[O-])Cl)C(F)(F)F,1,,CCOC(=O)NC(C(Cl)(Cl)Cl)O,0,,,,,CC(C)(CO)[N+](=O)[O-],0,,,,,,
,,,CCCCOC(=O)C1=CC=C(C=C1)N,1,,C([C@H]([C@H]([C@@H]([C@@H](CO)O)O)O)O)O,1,,CC(=C[C@@H]1[C@H](C1(C)C)C(=O)OCC2=COC(=C2)CC3=CC=CC=C3)C,1,,,,,CCCC1=NC2=C(N1CC3=CC=C(C=C3)C4=CC=CC=C4C(=O)O)C=C(C=C2C)C5=NC6=CC=CC=C6N5C,1,,,,,,
,,,CC1=C(C=CC(=C1)CC2=CC(=C(C=C2)N)C)N,1,,C1=CC=C(C(=C1)N)Cl,0,,CCN(CC)C(=O)C1=CC(=C(C=C1)O)OC,0,,,,,CC1=C(C=CC(=C1)C2=CC(=C(C=C2)N)C)N,1,,,,,,
,,,C1=CC=C(C=C1)C=C(C2=CC=CC=C2)C3=CC=CC=C3,1,,CCCCCCCCCCCCC,0,,CCCN1CCC[C@H]2[C@H]1CC3=CN=C(N=C3C2)N,0,,,,,C1=CC=C(C(=C1)CCl)[N+](=O)[O-],1,,,,,,
,,,C1CCC(=O)C(C1)Cl,0,,CCCCOC(CC)OC(C)COC(CC)O,0,,CCC1=NC(=C2C=C(C(=CC2=C1)OC)OC)CC3=CC=CC=C3,1,,,,,C1=CC(=CC=C1C(=O)C(=O)C2=CC=C(C=C2)Br)Br,0,,,,,,
,,,C1C2C(C(C1Cl)Cl)C3(C(=C(C2(C3(Cl)Cl)Cl)Cl)Cl)Cl,1,,CCCC(C)C(=O)O,1,,CCN(CC)CCNC(=O)C1=CC(=C(C=C1OC)N)Br,0,,,,,C1=CC=C(C=C1)C2=CC(=O)C3=C(C=C(C=C3O2)O)O,1,,,,,,
,,,CC1(CCCO1)CN(C)S(=O)(=O)C2=CC(=C(C=C2)Cl)S(=O)(=O)N,0,,C1=CC=C(C=C1)COC(=O)NN,1,,CCOC1=CC=CC=C1OCC2CNCCO2.Cl,0,,,,,C1CCS(=O)(=O)N(C1)C2=CC=C(C=C2)S(=O)(=O)N,0,,,,,,
,,,CCCCOC(=O)C1=CC=C(C=C1)N,1,,CC(=O)N[C@@H](CC1=CC=C(C=C1)O)C(=O)O,0,,C1CNCCC1SC2=NC(=CC=C2)Cl,0,,,,,CC(=O)CC(C)(C)NC(=O)C=C,0,,,,,,
,,,CCCC(=O)O[C@@]1([C@H](C[C@@H]2[C@@]1(CC(=O)[C@]3([C@H]2CCC4=CC(=O)C=C[C@@]43C)F)C)C)C(=O)CCl,0,,CC1=CC(=C(C(=C1)[N+](=O)[O-])O)[N+](=O)[O-],1,,CCOP(=S)(OCC)OC1=CC2=C(C=C1)C(=C(C(=O)O2)Cl)C,1,,,,,CN(C)CCO,0,,,,,,
,,,CC1=CC(=CC(=C1SC)C)OC(=O)NC,1,,CC1=NC2=CC=CC=C2C=C1,0,,CN1CCC(CC1)N(CC2=CC=CC=C2)C3=CC=CC=C3,0,,,,,C1=CC(=CC=C1CCN)O,0,,,,,,
,,,CC1=C2C=CC3=CC=CC=C3C2=CC=C1,1,,CC1=CC(=CC(=C1O)C)C(C)(C)C2=CC(=C(C(=C2)C)O)C,1,,CC1=CC=CC=C1C(=O)NC2=CC=C(C=C2)C(=O)N3CCCC(C4=CC=CC=C43)N(C)C,1,,,,,CCCCCCCC[P+](CCCCCCCC)(CCCCCCCC)CCCCCCCC.[Br-],1,,,,,,
,,,COC1=CC2=C(C=C1)N=C(S2)N,1,,CN(C)C(=O)C1(CCN(CC1)CC[C@]2(CN(CCO2)C(=O)C3=CC=CC=C3)C4=CC(=C(C=C4)Cl)Cl)N5CCCCC5.Cl,1,,C1=CC2=C(C=C1O)C(=CN2)C[C@@H](C(=O)O)N,1,,,,,CC1=C(C2=CC=CC=C2N1CCN3CCOCC3)C(=O)C4=CC=C(C=C4)OC,1,,,,,,
,,,C1CNCC(C2=CC(=C(C(=C21)Cl)O)O)C3=CC=C(C=C3)O,0,,C[C@H](CCC(=O)NCC(=O)O)[C@H]1CC[C@@H]2[C@@]1([C@H](C[C@H]3[C@H]2[C@@H](C[C@H]4[C@@]3(CC[C@H](C4)O)C)O)O)C,0,,C1CC(C2=C(C3=CC=CC=C3N=C2C1)N)O.C(=C\C(=O)O)\C(=O)O,0,,,,,C1COCCN1N=O,0,,,,,,
,,,C1=CC=C2C(=C1)C3=CC=CC=C3[P+](=O)O2,0,,CCCC(=O)OCC(COC(=O)CCC)OC(=O)CCC,1,,C1=CC(=CC=C1CC(C(=O)O)N)Cl,0,,,,,CC(C)C1=C(N(N(C1=O)C2=CC=CC=C2)C)CN(C)C(C)CC3=CC=CC=C3,1,,,,,,
,,,C1=CC=C2C(=C1)C=C(C=C2[N+](=O)[O-])[N+](=O)[O-],1,,CC(C)(C)C1=CC=C(C=C1)O,1,,CN1CCC(=C2C3=C(CCC4=CC=CC=C42)SC=C3)CC1,0,,,,,CCN1CCN(C(=O)C1=O)C(=O)N[C@H](C2=CC=C(C=C2)O)C(=O)N[C@H]3[C@@H]4N(C3=O)C(=C(CS4)CSC5=NN=NN5C)C(=O)[O-].[Na+],0,,,,,,
,,,C1=CC=C2C(=C1)C=CC=C2NC(=O)C3=CC=CC=C3C(=O)O,1,,CC1=CC(=C(C=C1C)N)C,1,,CN1C2=C(C(=O)N(C1=O)C)N(C=N2)CC3OCCO3,0,,,,,COC1=C(C=C(C=C1)C=O)O,0,,,,,,
,,,C1=CC=C(C=C1)OC2=CC=CC(=C2)C=O,0,,CC1=CCC(CC1)C(=C)C,0,,C1CN(CCN1CCC(=O)N2C3=CC=CC=C3SC4=C2C=C(C=C4)C(F)(F)F)CCO,1,,,,,CC(C)NCC(C1=CC=CC=C1Cl)O.Cl,0,,,,,,
,,,CCCCC(CC)COP(=O)(OC1=CC=CC=C1)OC2=CC=CC=C2,1,,CC1([C@@H](N2[C@H](S1)[C@@H](C2=O)NC(=O)C(C3=CC=CC=C3)S(=O)(=O)[O-])C(=O)[O-])C.[Na+].[Na+],0,,C1CC1C2=CC=CC=C2OCC3=NCCN3,0,,,,,CC(C)CCCCCCC1=CC=C(C=C1)O,1,,,,,,
,,,C#CCN1C(=O)COC2=CC(=C(C=C21)N3C(=O)C4=C(C3=O)CCCC4)F,1,,C(C(CO)(CO)N)O.Cl,0,,CCCOC1=CC2=C(C=C1)[C@H]3CC[C@]4([C@H]([C@@H]3CC2)CCC4OC)C,1,,,,,C=CCOC(=O)N,0,,,,,,
,,,CCCCCCI,0,,CC1=CC(=C(C=C1Cl)C(C)C)O,1,,C[C@]12CCC(=O)C=C1CC[C@@H]3[C@@H]2C(=O)C[C@]4([C@H]3CC[C@@]4(C(=O)CO)O)C,0,,,,,CC(C)CC1=CC=C(C=C1)C(C)C(=O)O,0,,,,,,
,,,C1=CC(=C(C(=C1)C(=O)O)C(=O)O)C(=O)O,0,,CCC[N+]1(CCCC1)C.[Br-],0,,C1=CC=C(C=C1)C2=NC3=CC=CC=C3C(=C2)C(=O)O,0,,,,,C(Cl)(Cl)Cl,0,,,,,,
,,,CCC(C)C1=C(C(=CC(=C1)[N+](=O)[O-])[N+](=O)[O-])OC(=O)C=C(C)C,1,,C1=CC=C2C(=C1)C(=O)C3=C(C2=O)C=C(C=C3)O,1,,C1COCCN1CCCC2=CC=C(C=C2)COC3=CC=CC=C3,1,,,,,C1=CC(=CC=C1C2=COC3=CC(=CC(=C3C2=O)O)O)O,1,,,,,,
,,,C1=CC=C2C=C3C=C(C=CC3=CC2=C1)N,1,,CN(C)C(=O)Cl,0,,CC(C)(CC1=CNC2=CC=CC=C21)NCC(COC3=CC=CC=C3C#N)O,0,,,,,C1CN(CCN1)C2=C(C=C3C(=C2)N(C=C(C3=O)C(=O)O)C4=CC=C(C=C4)F)F.Cl,0,,,,,,
,,,C1=C(C=C(C(=C1Cl)O)Cl)N,1,,C1=CC=C(C(=C1)C(=O)NC2=CC=C(C=C2)S(=O)(=O)NC3=NC=CS3)C(=O)O,0,,CC1=CC=C(C=C1)S(=O)(=O)NC(=O)NC2CCCCC2,0,,,,,CN(C)C1=CC=C(C=C1)CC2=CC=C(C=C2)N(C)C,1,,,,,,
,,,C1CNCCC1C(C2=CC=CC=C2)(C3=CC=CC=C3)O,0,,CC(C)(C)CC(C)(C)C1=CC(=C(C=C1)O)N2N=C3C=CC=CC3=N2,1,,C/C=C/C=N/NC(=O)C1=CC=NC=C1,1,,,,,CCCCCCCCCCCC(=O)N(CC)CC,1,,,,,,
,,,C1=CC(=CC(=C1)F)CN2C3=C(C=C(C=C3)F)C=C2C(=O)NC4=CC5=C(C=C4)NC=C5,1,,CCCCC(CC)COC(=O)C1=CC=CC=C1C(=O)OCC(CC)CCCC,1,,CC1=CN(C(=O)NC1=O)[C@H]2C[C@@H]([C@H](O2)CO)F,0,,,,,C1=CC=C(C=C1)CCNC2=CC=CC=C2C(=O)O,1,,,,,,
,,,CC(C)(C)C1=CC=C(C=C1)OC2CCCCC2OS(=O)OCC#C,1,,CCCCC(CC)C(=O)O,1,,CC1=C(C(=CC=C1)C)NC(=O)CN(CC(=O)O)CC(=O)O,0,,,,,C1CN=C(N1)NC2=C(C=CC3=NSN=C32)Cl,0,,,,,,
,,,CCCN(CCC1=CC=CS1)[C@H]2CCC3=C(C2)C=CC=C3O,0,,CC(=O)NC1=C(C=CC(=C1)[As](=O)(O)O)O,0,,CC(C)(C)C1CCC(CC1)CC2=C(C3=CC=CC=C3C(=O)C2=O)O,1,,,,,C1=CC2=C(C(=C(C=C2Cl)I)O)N=C1,1,,,,,,
,,,CCCCP(CCCC)CCCC,0,,CC(C)C1=C(C(=CC=C1)C(C)C)O,1,,CCCCCCCCOC1=CC(=C(C=C1)C(=O)C2=CC=CC=C2)O,0,,,,,CCOC1=CC=CC=C1OCCN[C@H](C)CC2=CC(=C(C=C2)OC)S(=O)(=O)N.Cl,1,,,,,,
,,,CC1=C(C(CCC1)(C)C)/C=C/C(=C/C=C/C(=C/C(=O)O)/C)/C,1,,CC1=CC=CC=C1N.Cl,1,,CC1=C(C(=O)OC2=C1C=CC(=C2)OP(=O)(OCCCl)OCCCl)Cl,0,,,,,C1=CC=C(C=C1)S,1,,,,,,
,,,CC(C)CC(C)(C1=CC=C(C=C1)O)C2=CC=C(C=C2)O,1,,CC(CCC(=O)O)C(=O)O,0,,CCOCCN1C2=CC=CC=C2N=C1C3CCN(CC3)CCC4=CC=C(C=C4)C(C)(C)C(=O)O,0,,,,,C[C@H](/C=C/[C@H](C1CC1)O)[C@H]2CC[C@@H]\3[C@@]2(CCC/C3=C\C=C\4/C[C@H](C[C@@H](C4=C)O)O)C,1,,,,,,
,,,C1OC2=C(O1)C=C(C=C2)C=O,0,,CCC(CO)(COCC=C)COCC=C,1,,CCC(=O)O.CCC(=O)O.C1CN=C(N1)C2=CC(=CC=C2)NC(=O)NC3=CC=CC(=C3)C4=NCCN4,0,,,,,CCC1=NN(C2=C1C=CC(=C2)C3(CCC(CC3)C(=O)O)C#N)C4CCCCC4,1,,,,,,
,,,CCN(CC)C1=CC2=C(C=C1)C(=CC(=O)O2)C,1,,C1=CC=C2C(=C1)C(=C(C(=O)O2)CC3=C(C4=CC=CC=C4OC3=O)O)O,1,,C1COCCN1CCCNC(=O)C2=CC=C(C=C2)Cl,0,,,,,CC1=CC=CC=C1C#N,0,,,,,,
,,,CCC(CO)(CO)[N+](=O)[O-],0,,C1=CC(=CC=C1O)O[C@H]2[C@@H]([C@H]([C@@H]([C@H](O2)CO)O)O)O,0,,CCN(CC)CC1CCCCN1CC(=O)N2C3=CC=CC=C3C(=O)NC4=C2N=CC=C4,0,,,,,C1=C(C=C(C(=C1SC2=C(C(=CC(=C2)Cl)Cl)O)O)Cl)Cl,1,,,,,,
,,,C/C(=C\C=C\C=C(/C)\C=C\C=C(\C)/C=C/C(=O)OC)/C=C/C=C(\C)/C=C/C(=O)O,1,,C1CN2CCC1C(C2)CN3C4=CC=CC=C4SC5=CC=CC=C53,0,,CCN1CCC2=C(CC1)OC(=N2)N.Cl.Cl,0,,,,,CN(C)CCOCCO,0,,,,,,
,,,CC[N+](CC)(CCNC(=O)C(=O)NCC[N+](CC)(CC)CC1=CC=CC=C1Cl)CC2=CC=CC=C2Cl.[Cl-].[Cl-],0,,CCCCCCCC/C=C\CCCCCCCC(=O)OC[C@H]([C@@H]1[C@@H]([C@H](CO1)O)O)O,1,,CC1=CC(=NO1)NC(=O)C2=C(C3=CC=CC=C3S(=O)(=O)N2C)O,0,,,,,CCC1=CC=C(C=C1)Br,0,,,,,,
,,,CC1=C(C=CC=C1NC2=C(C=CC=N2)C(=O)O)C(F)(F)F.CNC[C@@H]([C@H]([C@H]([C@@H](CO)O)O)O)O,1,,CC1=C(C=CC(=C1)[N+](=O)[O-])N,1,,CCN(CC)S(=O)(=O)C1=CC=C(C=C1)C(=O)O,0,,,,,[B-](F)(F)(F)F.CCCCN1C=C[N+](=C1)C,0,,,,,,
,,,C1=CC(=C(C=C1N)Cl)N.OS(=O)(=O)O,1,,CC1([C@H]([C@H]1C(=O)O[C@H](C#N)C2=CC(=CC=C2)OC3=CC=CC=C3)C=C(Br)Br)C,1,,CN1CCN(CC1)C(=O)C2CCCCC2,0,,,,,CC(C)(C1=CC(=C(C(=C1)Br)OCCO)Br)C2=CC(=C(C(=C2)Br)OCCO)Br,1,,,,,,
,,,CC(=O)C1=CC2=C(C=CC3=CC=CC=C32)C=C1,1,,CN(C)C(=N)N=C(N)N,0,,COC1=C(C(=NC=C1)CS(=O)C2=NC3=C(N2)C=C(C=C3)OC(F)F)OC,1,,,,,C1=CC(=C(C=C1C(F)(F)F)[N+](=O)[O-])Cl,0,,,,,,
,,,C1=CC=C(C=C1)C2=CC=C(C=C2)O,1,,CCCCCCCCCOC(=O)C1=CC=C(C=C1)O,1,,COC1=C(C(=C(C=C1)CCN(CCC2=C(C(=C(C=C2)OC)OC)OC)C(=O)C(C3=CC=CC=C3)C4=NCCC5=CC(=C(C=C54)OC)OC)OC)OC.Cl,1,,,,,CC(C)(C)C1=C(C(=CC=C1)C(C)(C)C)O,0,,,,,,
,,,COC(=O)C1=C(C=CC(=C1)Cl)NS(=O)(=O)C(F)(F)F,0,,CC(C)(C)C(=O)C(N1C=NC=N1)OC2=CC=C(C=C2)Cl,1,,CN1CCN(CC1)C2CC3=CC=CC=C3SC4=C2C=C(C=C4)SC,1,,,,,C1=CC2=C(C=CC=C2[N+](=O)[O-])C(=C1)[N+](=O)[O-],0,,,,,,
,,,COP(=S)(OC)OC1=CC(=C(C=C1Cl)I)Cl,1,,C1CN(CCC1N2C3=CC=CC=C3NC2=O)CCCC(C4=CC=C(C=C4)F)C5=CC=C(C=C5)F,1,,C1COCCN1S(=O)(=O)C2=CC=C(C=C2)NC(=O)C3=C(C=CC(=C3)Cl)NS(=O)(=O)C4=CC=C(S4)Cl,1,,,,,CC1=NC=C(C(=N1)N)CN(C=O)/C(=C(\CCO)/SS/C(=C(/C)\N(CC2=CN=C(N=C2N)C)C=O)/CCO)/C,0,,,,,,
,,,C1=CC=C(C(=C1)C(=O)N)N,0,,CCC1(C(=O)NC(=NC1=O)[O-])CC.[Na+],0,,C1=CC(=C(C(=C1)Cl)CN2C=NC3=C(N=CN=C32)N)F,0,,,,,C/C(=N\OCC1=CC=CC=C1/C(=N/OC)/C(=O)OC)/C2=CC(=CC=C2)C(F)(F)F,1,,,,,,
,,,CCCCO[P+](=O)OCCCC,0,,C[N+]1(CCCCC1)CCC(C2=CC=CC=C2)(C3=CC=CC=C3)C(=O)N.[Br-],0,,C1=CC=C(C=C1)N2C3=CC=CC=C3C(C2=O)(CC4=CC=NC=C4)CC5=CC=NC=C5,1,,,,,C(CCC#N)CC#N,0,,,,,,
,,,C[N+](C)(C)CCO.[OH-],0,,CC(=O)NC1=C(C(=C(C(=C1I)C(=O)O)I)NC(=O)C)I.O.O,0,,C1=CC=C2C(=C1)C(=CN2)CCNC(=O)C3=CN=CC=C3,1,,,,,C1=CC=C(C=C1)NC2=CC=C(C=C2)[N+](=O)[O-],1,,,,,,
,,,CC1=C(N2[C@@H]([C@@H](C2=O)NC(=O)[C@@H](C3=CCC=CC3)N)SC1)C(=O)O,0,,CC1=C(C2=C(C=C1)C(=O)C3=CC=CC=C3C2=O)[N+](=O)[O-],0,,C1=CC=NC(=C1)CO,0,,,,,C1=C(SC(=N1)N)[N+](=O)[O-],0,,,,,,
,,,C1CC1(C(CC2=CC=CC=C2Cl)(CN3C(=S)N=CN3)O)Cl,0,,COC(=O)C1=C(N=C(C(=N1)Cl)Cl)N,0,,CCOC1=C(C=C(C=C1)CC2=NC=CC3=CC(=C(C=C32)OCC)OCC)OCC.Cl,0,,,,,C(C(=O)[O-])(Cl)Cl.[Na+],0,,,,,,
,,,C1=CC(=CC=C1O)S(=O)(=O)C2=CC=C(C=C2)O,0,,C[C@]12CC[C@H]3[C@H]([C@@H]1CC[C@@H]2O)[C@@H](CC4=C3C=CC(=C4)O)CCCCCCCCCS(=O)CCCC(C(F)(F)F)(F)F,1,,C1CC(=O)N[C@@H]1C(=O)O,0,,,,,CC1=CC=CC=C1C=O,0,,,,,,
,,,CC1=CC2=C(C=C1C(=C)C3=CC=C(C=C3)C(=O)O)C(CCC2(C)C)(C)C,1,,CN(C)CCCl.Cl,0,,C[C@]12CC[C@H]3[C@H]([C@@H]1CC[C@@H]2O)CCC4=CC(=O)CC[C@H]34,0,,,,,CC(C)[C@@H](C1=CC=C(C=C1)Cl)C(=O)O[C@H](C#N)C2=CC(=CC=C2)OC3=CC=CC=C3,1,,,,,,
,,,CC1=C(C(=CC=C1)[N+](=O)[O-])[N+](=O)[O-],1,,CC(=O)NC1=CC=C(C=C1)C(=O)CCl,1,,C[C@H]1C[C@@H](C(=O)[C@@H](C1)[C@@H](CC2CC(=O)NC(=O)C2)O)C,0,,,,,C[N+]1(CCOCC1)[O-],0,,,,,,
,,,CC(=C)C(=O)NC1=CC(=C(C=C1)Cl)Cl,1,,C1=CC(=C(C=C1O)C(F)(F)F)[N+](=O)[O-],1,,C[C@@H]1[C@@H]2[C@H](C(=O)N2C(=C1S[C@H]3C[C@H](NC3)C(=O)N(C)C)C(=O)O)[C@@H](C)O,0,,,,,C1=CC(=C(C=C1Cl)N)O,1,,,,,,
,,,C1=CC=C2C(=C1)C=CC(=O)O2,0,,CCCC1=C(C=CC(=C1O)C(=O)C)OCCCCC2=NNN=N2,1,,C/C(=C\C(=O)O)/C1=C(C=C(C=C1)OC)OC,0,,,,,C1=CC2=C(C=C1OC(F)(F)F)SC(=N2)N,1,,,,,,
,,,CC1=C(C(C(=C(N1)C)C(=O)OC(C)C)C2=CC=CC3=NON=C32)C(=O)OC,1,,CCN(CCCC1=CC=CC=C1)CCCC2=CC=CC=C2.C(C(=O)O)C(CC(=O)O)(C(=O)O)O,0,,CC(CC1=CC=CC=C1)N(C)CC2=CC=CO2,0,,,,,C1CCC(CC1)NC(=S)NC2CCCCC2,1,,,,,,
,,,CC(C)C1=CC=C(C=C1)OP(=O)(OC2=CC=C(C=C2)C(C)C)OC3=CC=C(C=C3)C(C)C,1,,CCCC1=NC2=C(N1CC3=CC=C(C=C3)C4=CC=CC=C4C(=O)O)C=C(C=C2C)C5=NC6=CC=CC=C6N5C,1,,C[N+]1=C2C(=C3C=CC4=C(C3=C1)OCO4)C=CC5=CC6=C(C=C52)OCO6,1,,,,,C=CCC1=C(C=CC(=C1)S(=O)(=O)C2=CC(=C(C=C2)O)CC=C)O,1,,,,,,
,,,C1=CC=C(C(=C1)CC2=CC=C(C=C2)O)O,1,,CCCCCOC1=CC=CC=C1/C(=C\SC)/N2C=CN=C2,1,,CC(C)(C)C(=O)NCCCC(=O)O,0,,,,,CCOC(=O)C1C(O1)C2=CC=CC=C2,0,,,,,,
,,,C1=C(C=C(C(=C1[N+](=O)[O-])N)Br)[N+](=O)[O-],1,,C1=CC(=C(C(=C1)Cl)Cl)O,0,,CC(=O)N1C[C@@H](C[C@H]1C(=O)O)O,0,,,,,C(/C=C/CO)O,0,,,,,,
,,,CC[C@@]12CCCN3[C@@H]1C4=C(CC3)C5=CC=CC=C5N4[C@](C2)(C(=O)OC)O,1,,CC1=C(C(=CC=C1)S(=O)(=O)[O-])C.[NH4+],0,,CC(C)(C(=O)O)OC1=CC=C(C=C1)C2CC2(Cl)Cl,0,,,,,CCSC(=O)N(CC(C)C)CC(C)C,0,,,,,,
,,,C1C2=C(C=CC(=C2)Cl)NC1=O,1,,C1=CC(=C(C=C1S(=O)(=O)O)C(=O)O)C(=O)O,0,,CC(C)NNC(=O)C1=CC=NC=C1.OS(=O)(=O)O,0,,,,,CC(C)(C)[C@H]([C@@H](CC1=CC=C(C=C1)Cl)N2C=NC=N2)O,1,,,,,,
,,,C[C@@H]1CC[C@H]2[C@H](C(=O)O[C@H]3[C@@]24[C@H]1CC[C@](O3)(OO4)C)C,1,,C([C@@H]([C@@H]1C(=C(C(=O)O1)O)[O-])O)O.[Na+],0,,CC(CN(CCN(CC(C)O)CC(C)O)CC(C)O)O,0,,,,,CC(C(=O)O)(Cl)Cl,0,,,,,,
,,,COC(=O)C1=C(C(=C(C(=C1Cl)Cl)C(=O)OC)Cl)Cl,1,,CC1=C(C=CC2=C1C(=NC(=N2)N)N)CNC3=CC(=C(C(=C3)OC)OC)OC.Cl.Cl.Cl,1,,CC1=C(C(CCC1)(C)C)/C=C/C(=C/C=C/C(=C/C(=O)NC2=CC=C(C=C2)O)/C)/C,1,,,,,COC1=C(C=C2C(=C1)C(=NC(=N2)N3CCN(CC3)C(=O)C4CCCO4)N)OC.Cl,1,,,,,,
,,,C[C@]12CCC(=O)C=C1CC[C@@H]3[C@@H]2CC[C@]4([C@H]3CCC4=O)C,0,,CC(C)(C#C)NC(=O)C1=CC(=CC(=C1)Cl)Cl,1,,CC1=CC(=C(N1C2=CC=C(C=C2)Cl)C)CC(=O)O,0,,,,,C1=CC=C(C(=C1)N)N,1,,,,,,
,,,CC1=NC=C(N1C)[N+](=O)[O-],0,,C1=CC=C(C=C1)NC2=CC=C(C=C2)NC3=CC=CC=C3,1,,CCC(CC)(CC(=O)NC1=CC=CC(=C1)/C=C/C2=NC(=CS2)C3CCC3)C(=O)O,1,,,,,CC(=O)NCCCS(=O)(=O)[O-].CC(=O)NCCCS(=O)(=O)[O-].[Ca+2],0,,,,,,
,,,C1=CC(=C(C=C1Br)F)CBr,0,,C1=CC=C(C=C1)C(=O)C2=CC=CC(=C2N)CC(=O)N,0,,CC1=C(C(=CC=C1)C)NC(=O)C2=CC=C(C=C2)N,1,,,,,C1C=CC=C1,0,,,,,,
,,,C1=CC(=CC=C1N)[As](=O)(O)O,0,,CCCCCCCCCC(=O)OC,0,,CCC1(CCCCN(C1)C)C2=CC(=CC=C2)O.Cl,0,,,,,CC1=CCC(CC1)(C(C)C)O,0,,,,,,
,,,CC(COC(C)COC(=O)C=C)OCC(C)OC(=O)C=C,0,,CCCCCCC(=O)O,0,,CC[C@]12C=CC3=C4CCC(=O)C=C4CC[C@H]3[C@@H]1CC[C@]2(C#C)O,1,,,,,CC1(C(=O)N(C(=O)N1Cl)Cl)C,0,,,,,,
,,,CCOP(=S)(OCC)O/N=C(\C#N)/C1=CC=CC=C1,1,,CN(C)S(=O)(=O)N(C1=CC=CC=C1)SC(F)(Cl)Cl,1,,CN1CCN2C3=C(C=C(C=C3)OC)C4=C2C1=NCC4,0,,,,,CC1CC(=O)NN=C1C2=CC=C(C=C2)NCC(C)(C)NCC(COC3=C(C=CC(=C3)Cl)C#N)O,1,,,,,,
,,,C1CCOC(C1)N2C=NC3=C(N=CN=C32)NCC4=CC=CC=C4,1,,CO/C=C(\C1=CC=CC=C1COC2=CC=CC(=N2)C(F)(F)F)/C(=O)OC,1,,CC1=NC=C(N1C)[N+](=O)[O-],0,,,,,C1=CC=C(C=C1)C2=NC3=C(N=C(N=C3N=C2N)N)N,1,,,,,,
,,,COC1=CC=C(C=C1)C(C2=CC=C(C=C2)OC)C(Cl)(Cl)Cl,1,,C1=CC=C2C=C(C(=CC2=C1)C(=O)O)O,1,,CC(C)(C)NCC(C1=CC(=CC(=C1)OC(=O)N(C)C)OC(=O)N(C)C)O.Cl,0,,,,,C1=CC(=C(C=C1CC2=CC(=C(C=C2)N)Cl)Cl)N,1,,,,,,
,,,CCCCCCOC1=CC=CC=C1C(=O)N,1,,C1CCCN(CCC1)N=O,0,,C1=CC=C(C=C1)CNC(=O)CCCl,0,,,,,C[C@H]1C[C@H]([C@@](O[C@@H]1[C@H]2C[C@@H]([C@@H](O2)[C@@]3(CC[C@@H](O3)[C@@]4(CC[C@@]5(O4)C[C@@H]([C@H]([C@H](O5)[C@@H](C)[C@H]6[C@@H]([C@H]([C@@H]([C@](O6)(CC(=O)[O-])O)C)OC)OC)C)O)C)C)OC7C[C@@H]([C@H]([C@@H](O7)C)OC)OC)(C)O)C.[NH4+],1,,,,,,
,,,CN/C(=C\[N+](=O)[O-])/NCCSCC1=CC=C(O1)CN(C)C,0,,CC(=CCC/C(=C/CC/C(=C/CO)/C)/C)C,1,,COC1=CC(=CC(=C1)O)O,1,,,,,CCC1=CC(=CC(=C1N)CC)CC2=CC(=C(C(=C2)CC)N)CC,1,,,,,,
,,,CCOC(=O)C(C1=CC=C(C=C1)Cl)(C2=CC=C(C=C2)Cl)O,1,,CC(C)(C)[C@H]([C@@H](CC1=CC=C(C=C1)Cl)N2C=NC=N2)O,1,,COP(=O)(C(C1=CC=C(C=C1)Cl)OP(=O)(OC)OC)OC,0,,,,,C[C@]12CCC(=O)C=C1[C@H](C[C@@H]3[C@@H]2[C@H](C[C@]4([C@H]3C[C@@H]5[C@]4(OC(O5)(C)C)C(=O)CO)C)O)F,1,,,,,,
,,,CCCSC1=CC2=C(C=C1)N=C(N2)NC(=O)OC,1,,CCCCON=O,0,,COC1=NN=C(C=C1)NS(=O)(=O)C2=CC=C(C=C2)N,0,,,,,CC1=CC(=O)[N-]S(=O)(=O)O1.[K+],0,,,,,,
,,,CC1=C(C(CCC1)(C)C)/C=C/C(=C/C=C/C(=C/C(=O)O)/C)/C,1,,CC(=CC1C(C1(C)C)C(=O)OCN2C(=O)C3=C(C2=O)CCCC3)C,1,,COP(=S)(OC)OC1=CC=C(C=C1)SC2=CC=C(C=C2)OP(=S)(OC)OC,1,,,,,CCOCC(=O)O,0,,,,,,
,,,CC(=O)OC1C(C2CCC1(C2)C)(C)C,0,,CC(C(CO)C(C)O)O,0,,C([C@@H]1[C@@H]2[C@@H]([C@H]([C@H](O1)O[C@@H]3[C@H](O[C@@H]([C@@H]([C@H]3O)O)O[C@@H]4[C@H](O[C@@H]([C@@H]([C@H]4O)O)O[C@@H]5[C@H](O[C@@H]([C@@H]([C@H]5O)O)O[C@@H]6[C@H](O[C@@H]([C@@H]([C@H]6O)O)O[C@@H]7[C@H](O[C@@H]([C@@H]([C@H]7O)O)O[C@@H]8[C@H](O[C@H](O2)[C@@H]([C@H]8O)O)CO)CO)CO)CO)CO)CO)O)O)O,0,,,,,C[Si]1(O[Si](O[Si](O1)(C)C)(C)C)C,0,,,,,,
,,,C1=CC(=CC=C1C(=O)NP(=O)(N)N)F,0,,C(C(C(=O)O)N)S,0,,C12(C(C(C(C(C1(F)F)(F)F)(F)F)(F)F)(C(C(C(C2(F)F)(F)F)(F)F)(F)F)F)F,0,,,,,CC(C)C1N(CCO1)CCOC(=O)NCCCCCCNC(=O)OCCN2CCOC2C(C)C,1,,,,,,
,,,C1=CC=C(C(=C1)C(C2=CC=C(C=C2)Cl)C(Cl)Cl)Cl,1,,C1=CC=C2C(=C1)C(=CN2)C[C@@H](C(=O)O)N,1,,C1=CC=C(C=C1)P(=O)(CC(=O)NN)C2=CC=CC=C2,1,,,,,C1=C(C(=O)NC(=O)N1[C@@H]2[C@H]([C@@H]([C@H](O2)CO)O)O)/C=C\Br,0,,,,,,
,,,C1=CC(=C(C=C1F)F)C(CN2C=NC=N2)(CN3C=NC=N3)O,0,,CCCCCCCCCCC=C,0,,C1CN(CCN1CCCCN2C(=O)C3=CC=CC=C3S2(=O)=O)C4=NC=CC=N4,0,,,,,CCCN(CCC)C1=C(C=C(C=C1[N+](=O)[O-])C(F)(F)F)[N+](=O)[O-],1,,,,,,
,,,CC1=C(N2[C@@H]([C@@H](C2=O)NC(=O)[C@@H](C3=CC=CC=C3)N)SC1)C(=O)O,0,,CC1=CC(=C(C=C1C)C)C,0,,C1=CC=C2C(=C1)NC(=N2)CCC(=O)O,0,,,,,CCN1CCCC1=O,0,,,,,,
,,,CN1CCC2=CC(=C(C=C2[C@@H]3[C@@H]1CCC4=CC=CC=C34)O)Cl,0,,CC1=C(C=C(C=C1)C(=O)N)N,0,,C1=CC(=CC=C1C(=O)N/N=C/C2=CC=C(O2)[N+](=O)[O-])O,1,,,,,CCCCCCCCCCCCCCCCCC(=O)[O-].C(CO)[NH+](CCO)CCO,1,,,,,,
,,,C1=CC(=C(C=C1C(F)(F)F)N)S.Cl,0,,CC#C[C@@]1(CC[C@@H]2[C@@]1(C[C@@H](C3=C4CCC(=O)C=C4CC[C@@H]23)C5=CC=C(C=C5)N(C)C)C)O,1,,C1=CC=C2C(=C1)C(=O)C=C(O2)C(=O)O,0,,,,,C1=CC=C(C=C1)P(=O)(C2=CC=CC=C2)C3=CC=CC=C3,1,,,,,,
,,,C1C(C2(C(=C(C1(C2(Cl)Cl)Cl)Cl)Cl)Cl)CBr,1,,CC1COC2=CC=CC=C2N1C(=O)C(Cl)Cl,1,,C1=CC(=CC=C1C(=O)O)S(=O)(=O)N(Cl)Cl,0,,,,,CCN1CCCC1CNC(=O)C2=CC(=C(C=C2OC)N)S(=O)(=O)CC,0,,,,,,
,,,COC1=CC(=C(C=C1C(=O)NC2CCN(CC2)CC3=CC=CC=C3)Cl)N.C(=C\C(=O)O)\C(=O)O,1,,CC1=CC(=C(C(=C1)C)N=C2C=C3C4=CC(=C(C=C4CCN3C(=O)N2C)OC)OC)C.Cl,1,,C1=CC=C(C=C1)NNC(=O)N,0,,,,,C1=CC(=C(C=C1C2=CC(=C(C=C2)N)Cl)Cl)N.Cl.Cl,1,,,,,,
,,,CC1=CC[C@H](CC1)[C@](C)(CCC=C(C)C)O,0,,COC(=O)C1=CC(=CC=C1)Cl,0,,CCOC1=NC2=CC=CC(=C2N1CC3=CC=C(C=C3)C4=CC=CC=C4C5=NNN=N5)C(=O)O,1,,,,,C[NH+](C)CCC(C1=CC=CC=C1)C2=CC=CC=[NH+]2.C(=C\C(=O)[O-])\C(=O)[O-],0,,,,,,
,,,C1C[C@@H]2CN(C(=O)C3=CC=CC(=C23)C1)[C@@H]4CN5CCC4CC5.Cl,0,,CN(C)C1=CC=C(C=C1)C=O,1,,C1=CC=C2C(=C1)C(=NN=C2NN)NN,1,,,,,CC(C)C(=O)C,0,,,,,,
,,,CC(CCC#N)C#N,0,,CC1=C(C=CC=C1N)N,1,,CC1(C2=CC=CN2C3=CC=CC=C3CO1)CN4CCC(CC4)N5C6=CC=CC=C6NC5=O,1,,,,,C[C@]12CCC(=O)C=C1CC[C@@H]3[C@@H]2[C@H](C[C@]4([C@H]3CC[C@@H]4C(=O)CO)C)O,1,,,,,,
,,,CCCCC1=C(N=C(NC1=O)NCC)C,0,,CC(=O)OCC1=CC=C(C=C1)OC,0,,CC(C)C(=O)NC1=CC=CC(=C1)C2CN3CCSC3=N2,0,,,,,C[C@]12CC[C@H]3[C@H]([C@@H]1CC[C@]2(C#C)O)CCC4=CC5=C(C[C@]34C)C=NO5,1,,,,,,
,,,CCCCCCCCCCCCCCCCI,0,,C1(=O)C2(C3(C4(C1(C5(C2(C3(C(C45Cl)(Cl)Cl)Cl)Cl)Cl)Cl)Cl)Cl)Cl,1,,CC1=CC2=C(C=C1N)SC3=CC(=[N+](C)C)C=CC3=N2.[Cl-],1,,,,,C1=CC=C2C(=C1)C=CC3=C2C=CC4=CC=CC=C43,0,,,,,,
,,,CCCOC(=O)C1=C(C(=C(C(=C1Cl)Cl)Cl)Cl)C(=O)OCCC,1,,C1=CC(=C(C=C1Cl)SC2=C(C=CC(=C2)Cl)O)O,1,,C1=CC2=C(C=C1Cl)SNC2=O,1,,,,,CC1=NC=C(C=C1)CCN2C3=C(CN(CC3)C)C4=C2C=CC(=C4)Cl,1,,,,,,
,,,CCN(CC)C1=CC2=C(C=C1)C(=C3C=CC(=[N+](CC)CC)C=C3O2)C4=CC=CC=C4C(=O)O.[Cl-],1,,CC1=C(C(=NO1)C2=C(C=CC=C2Cl)Cl)C(=O)N[C@H]3[C@@H]4N(C3=O)[C@H](C(S4)(C)C)C(=O)[O-].O.[Na+],1,,C1=CC=C2C(=C1)C(C(=O)N2)(C3=CC=C(C=C3)O)C4=CC=C(C=C4)O,1,,,,,CC(C)(C#N)NC1=NC(=NC(=N1)NC2CC2)Cl,1,,,,,,
,,,CCCC[N+]1=CC=CC=C1.[I-],0,,C1C(O1)C2=CC=CC=C2,0,,COC1=C(C=C(C=C1)CC2=CN=C(N=C2N)N)OC,0,,,,,C1=CC=C(C=C1)N(CCO)CCO,0,,,,,,
,,,COC(C1=CC=CC=C1)(C(=O)C2=CC=CC=C2)OC,1,,C1C(COC1(CN2C=NC=N2)C3=C(C=C(C=C3)Cl)Cl)Br,1,,CC1=CC(=O)C2=C(C3=C4C5=C2C1=C(C=C5C(C(=C4C(=O)C=C3O)O)(C)C)O)O,0,,,,,CC(COC(C)(C)C)O,0,,,,,,
,,,C1=CC=C(C=C1)C2=CC(=CC=C2)O,1,,CC1COC2=CC=CC=C2N1C(=O)C(Cl)Cl,1,,CC1=CC(=C(N1)/C=C\2/C3=CC=CC=C3NC2=O)C,1,,,,,C[C@H]1/C=C\C=C(/C(=O)NC2=CC(=C3C(=C2O)C(=C(C4=C3C(=O)[C@](O4)(OC=C[C@@H]([C@H]([C@H]([C@@H]([C@@H]([C@@H]([C@H]1O)C)O)C)OC(=O)C)C)OC)C)C)O)[O-])\C.[Na+],1,,,,,,
,,,CC1=C(C=C(C=C1)NC(=O)C2=CC=C(C=C2)CN3CCN(CC3)C)NC4=NC=CC(=N4)C5=CN=CC=C5.CS(=O)(=O)O,1,,CC(CN)O,0,,CC1=C(C(=CC=C1)NC2=CC(=NC(=N2)SCC(=O)O)Cl)C,0,,,,,C1=CC(=CC=C1NC(=O)NC2=CC(=C(C=C2)Cl)Cl)Cl,1,,,,,,
,,,CCCCC(CC)COC(=O)/C=C/C1=CC=C(C=C1)OC,0,,CCCCC1C(=O)N(N(C1=O)C2=CC=C(C=C2)O)C3=CC=CC=C3,1,,C1C[C@@H](CN(C1)CCC2=CC3=C(C=C2)OCO3)OC(C4=CC=CC=C4)C5=CC=CC=C5.C(=C/C(=O)O)\C(=O)O,1,,,,,CN(C(=O)NC1=CC(=C(C=C1)Cl)Cl)OC,1,,,,,,
,,,CC1=C(C(CCC1)(C)C)C=O,0,,COC1=C(C=C(C=C1)CC2=NC=CC3=CC(=C(C=C32)OC)OC)OC.Cl,1,,CC1=CC(=C2C=C(C=CC2=N1)NC(=O)NC3=CC4=C(C=C(N=C4C=C3)C)N)N.Cl.Cl,0,,,,,CC(C)(C)CC(C)(C)C1=CC=C(C=C1)OCCOCC[N+](C)(C)CC2=CC=CC=C2.[Cl-],1,,,,,,
,,,C1=CC(=C(C=C1N)Cl)Cl,0,,CCOP(=S)(OCC)SCN1C2=C(C=C(C=C2)Cl)OC1=O,1,,CC(=O)NC(=O)C1=CC=CC=C1O,0,,,,,CC1=C(C=C(C(=O)N1)C#N)C2=CC=NC=C2,1,,,,,,
,,,CC1=CC=C(C=C1)/C=N/N2C(=CSC2=S)C3=CC=CC=C3,1,,C1=CC=C2C(=C1)C=CC=C2[N+](=O)[O-],0,,CCCCCCCC/C=C\CCCCCCCC(=O)NCC1=CC(=C(C=C1)O)OC,1,,,,,C[C@]12CC[C@H]3[C@H]([C@@H]1CCC2=O)CC=C4[C@@]3(CC[C@@H](C4)O)C,1,,,,,,
,,,CN(C(=O)NC1=CC=C(C=C1)Br)OC,1,,CN/C(=C\[N+](=O)[O-])/NCCSCC1=CSC(=N1)CN(C)C,0,,CCCCC1=CC2=C(C=C1)N=C(N2)NC(=O)OC,0,,,,,C1=CC(=CC=C1N)N=NC2=CC=C(C=C2)N,0,,,,,,
,,,C1C(COC1(CN2C=NC=N2)C3=C(C=C(C=C3)Cl)Cl)Br,1,,CC(=CCC1=C(C2=CC=CC=C2C(=O)C1=O)O)C,1,,C[C@]12CC[C@H]3[C@H]([C@@H]1CC[C@@H]2O)CCC4=C3C=CC(=C4)OC(=O)N(CCCl)CCCl,0,,,,,C(/C=C\CCl)Cl,0,,,,,,
,,,CC1=C(C(=CC=C1)N)N,1,,C1=C(C=C(C(=C1C(=O)O)I)I)I,1,,CCC(C1=CC=CC=C1)C(=O)OCCOCCN(CC)CC.C(C(=O)O)C(CC(=O)O)(C(=O)O)O,0,,,,,CC1=C(C=CN=C1CS(=O)C2=NC3=CC=CC=C3[N-]2)OCCCOC.[Na+],1,,,,,,
,,,CC(=O)C1=CC=C(C=C1)O,0,,C1=CC=C2C=C(C=CC2=C1)N,1,,C1CC2CN(CCN2C1)CCC(=O)N3C4=CC=CC=C4SC5=C3C=C(C=C5)Cl,1,,,,,CS(=O)(=O)O.CS(=O)(=O)O.C=CCNC1=NC(=NC(=N1)N2CCN(CC2)C(C3=CC=C(C=C3)F)C4=CC=C(C=C4)F)NCC=C,1,,,,,,
,,,C1=CC(=CC=C1O)O,1,,CCOP(=S)(OCC)SCSC(C)(C)C,1,,C1CN(CCC1N2C3=CC=CC=C3NC2=O)CCCC(=O)C4=CC=C(C=C4)F,0,,,,,CC1=C(C(=CC=C1)C)NC(=O)C(C)N.Cl,0,,,,,,
,,,C1=CC(=CC=C1/C=C/C2=CC(=CC(=C2)O)O)O,1,,CCN(CC)CCNC(C1=CC=CC=C1)C(=O)OCCC(C)C,0,,CC1=C(C(=CC=C1)C)NC(=O)NC(=NC)N,0,,,,,CC(=O)C1=CC=C(C=C1)O,0,,,,,,
,,,CC1=C(C=CC(=C1)C2=CC(=C(C=C2)N)C)N,1,,C1CCC(CC1)SN2C(=O)C3=CC=CC=C3C2=O,1,,CCCCN1CCCC1C(=O)NC2=C(C=C(C=C2C)C)C,1,,,,,C1CC1NC2=NC(=NC(=N2)N)N,0,,,,,,
,,,C1=CC=C(C=C1)CCCC2=CC=CC=N2,1,,CC(=O)CC(=O)C,0,,CN1CCN(CC1)C2=NN=C3C(=C2)N(C4=CC=CC=C4O3)C,0,,,,,CC(=C)C(=O)NC1=CC(=C(C=C1)Cl)Cl,1,,,,,,
,,,C1=CC(=CC(=C1)S(=O)(=O)[O-])S(=O)(=O)[O-].[Na+].[Na+],0,,CCCCN(C(=N)N[N+](=O)[O-])N=O,0,,CN1CC[C@@H]([C@@H](C1)O)C2=C(C=C(C3=C2OC(=CC3=O)C4=CC=CC=C4Cl)O)O.Cl,0,,,,,C1=CC=NC(=C1)NS(=O)(=O)C2=CC=C(C=C2)N=NC3=CC(=C(C=C3)O)C(=O)O,0,,,,,,
,,,C(Br)(Br)Br,0,,C1=CC(=CC=C1C2=COC3=CC(=CC(=C3C2=O)O)O)O,1,,COP(=S)(OC)OC1=CC(=C(C=C1Cl)Cl)Cl,0,,,,,C[C@]12CC[C@H]3[C@H]([C@@H]1CC[C@@H]2OC(=O)CCC4CCCC4)CCC5=C3C=CC(=C5)O,1,,,,,,
,,,CC(=CCC/C(=C/C(OC)OC)/C)C,0,,CC1CC(=O)O1,0,,COC1=CC(=NC(=N1)O[C@H](C(=O)O)C(C2=CC=CC=C2)(C3=CC=CC=C3)OC)OC,0,,,,,C1CN(CCN1CCCN2C3=CC=CC=C3C=CC4=CC=CC=C42)CCO.Cl.Cl,1,,,,,,
,,,CC1=C(C=C2C(=C1[N+](=O)[O-])C(CC2(C)C)(C)C)[N+](=O)[O-],1,,CC1=C(C(=CC=C1)NC2=CC=CC=C2C(=O)O)C,1,,COC1=CC(=C(C=C1C(=O)NC2CN3CCC2CC3)Cl)N.Cl,0,,,,,C1=CNC=CC1=O,0,,,,,,
,,,CC1=CC=C(C=C1)C(C)C,0,,CN(C)CCC1=CC=C(C=C1)O,0,,CC1=C(NC(=O)N1)C(=O)C2=CC=C(C=C2)SC,0,,,,,CCCCC(CC)COC(=O)CCCCCCCC(=O)OCC(CC)CCCC,0,,,,,,
,,,C1=CC(=C(C=C1[N+](=O)[O-])Cl)NC(=O)C2=C(C=CC(=C2)Cl)O,1,,CC(=O)N(CCCCCNC(=O)CCC(=O)N(CCCCCNC(=O)CCC(=O)N(CCCCCN)O)O)O.CS(=O)(=O)O,0,,C1=CC=C2C(=C1)C(OC2=O)OC(=O)C3=C(N=CC=C3)NC4=CC=CC(=C4)C(F)(F)F,0,,,,,CC(C)(C1=CC(=C(C(=C1)Br)O)Br)C2=CC(=C(C(=C2)Br)O)Br,1,,,,,,
,,,CC1=C(C(CCC1)(C)C)/C=C/C(=C/C=C/C(=C/COC(=O)C)/C)/C,1,,CC1=CC(=O)C2=C(C3=C(C(=C2O1)OC)OC=C3)OC,1,,C1=CC(=C(C=C1Cl)SC2=C(C=CC(=C2)Cl)O)O,1,,,,,CCCCCCOCCOCCO,0,,,,,,
,,,CC(C#C)N(C)C(=O)NC1=CC=C(C=C1)Cl,1,,CCC(=O)C,0,,C1=C(OC(=C1)[N+](=O)[O-])/C=N/NC(=O)C2=C(C(=CC(=C2)[N+](=O)[O-])[N+](=O)[O-])O,1,,,,,CC1=C(C=CC(=C1)OP(=S)(OC)OC)SC,1,,,,,,
,,,C1=CC=C(C=C1)C(=O)C2=C(C=C(C=C2)O)O,1,,C[C@@]12CC[C@H]3[C@]([C@@]14[C@H](O4)C(=O)O[C@H]2C5=COC=C5)(C(=O)C[C@@H]6[C@@]37COC(=O)C[C@@H]7OC6(C)C)C,0,,CC(=O)NCCCCCC(=O)O,0,,,,,CC(C)NC(C)C,0,,,,,,
,,,N(=O)[O-].[K+],0,,CCC1=CC=C(C=C1)C(C2=CC=C(C=C2)CC)C(Cl)Cl,1,,CCN1CCC[C@H]1CNC(=O)C2=C(C=CC(=C2OC)Br)OC,0,,,,,CC(C)COP(=O)(OCC(C)C)OCC(C)C,0,,,,,,
,,,C1=CC=C2C(=C1)NC(=N2)C3=CSC=N3,1,,CC1=CC(=C(C=C1)O)OC,0,,C1CN(CCC1(C2=CC(=CC=C2)C(F)(F)F)O)CCCC(=O)C3=CC=C(C=C3)F.Cl,0,,,,,C1=CC(=CC=C1NC(=O)NC2=CC(=C(C=C2)Cl)Cl)Cl,1,,,,,,
,,,CC(C)(C)C1=CC(=CC(=C1O)C(C)(C)C)CN(C)C,1,,CC1=CC=C(C=C1)N(SC(F)(Cl)Cl)S(=O)(=O)N(C)C,1,,CC(C)(C(=O)O)OC1=CC=C(C=C1)Cl,0,,,,,CN(CCCl)CCCl.Cl,1,,,,,,
,,,C1CN(CC2=C1SC=C2)CC3=CC=CC=C3Cl,1,,C1=CC=C(C=C1)C2=CC=CC=C2[N+](=O)[O-],1,,CC(=O)[C@H]1CC[C@@H]2[C@@]1(CC(=O)[C@H]3[C@H]2CC[C@@H]4[C@@]3(CC[C@H](C4)O)C)C,0,,,,,C([C@@H](C(=O)O)N)OP(=O)(O)O,0,,,,,,
,,,C1=CC=C(C=C1)C2=CC=C(C=C2)N.Cl,1,,CS(=O)(=O)NC1=C(C=C(C=C1)[N+](=O)[O-])OC2=CC=CC=C2,1,,CC(=O)[C@]1(CC[C@@H]2[C@@]1(CC[C@H]3[C@H]2CCC4=CC(=O)CC[C@]34C)C)O,0,,,,,CC1=CC2=C(C=C1)C3=CC=CC=C3C=C2,1,,,,,,
,,,CC(C)OC(=O)C(=C1SC=CS1)C(=O)OC(C)C,1,,CC(C)CC(C)CC(C)CC(C)COC(=O)C1=CC=CC=C1C(=O)OCC(C)CC(C)CC(C)CC(C)C,1,,CC[C@@]12CCCN3[C@@H]1C4=C(CC3)C5=CC=CC=C5N4[C@](C2)(C(=O)OC)O,0,,,,,CCCC[Sn](CCCC)(CCCC)OC(=O)C=C,1,,,,,,
,,,CC1=C(C=CC=C1Cl)NC2=CC=CC=C2C(=O)O,0,,C([C@@H]1[C@H]([C@@H]([C@H](C(=O)O1)O)O)O)O,0,,C1C(=C(N2[C@H](S1)[C@@H](C2=O)NC(=O)CC3=CC=CS3)C(=O)[O-])C[N+]4=CC=C(C=C4)C(=O)N,0,,,,,CC1CCCCC1NC(=O)NC2=CC=CC=C2,1,,,,,,
,,,COC1=C2C(=CC3=C1OC=C3)C=CC(=O)O2,1,,CC1=C(C=CC(=C1)CC2=CC(=C(C=C2)N)C)N,1,,CN1[C@@H]2CC[C@H]1CC(C2)OC(=O)C3=CNC4=CC=CC=C43,0,,,,,CC(=O)O[C@H]1CC[C@@H]2[C@H]3CC[C@]4([C@H]([C@@H]3CCC2=C1)CC[C@]4(C#C)OC(=O)C)C,1,,,,,,
,,,C=CCOC1=NC(=NC(=N1)OCC=C)OCC=C,1,,C1CN(CCN1CCOCCO)C(C2=CC=CC=C2)C3=CC=C(C=C3)Cl.Cl,1,,C1(=C(C(=O)C(=C(C1=O)O)O)O)O,0,,,,,C1=CC(=C(C=C1C(=O)C2=C(C=C(C=C2)O)O)O)O,1,,,,,,
,,,CCCCCCCCCCCCCC[N+]1=CC=CC=C1.[Br-],0,,CC1=C(C=CN=C1CS(=O)C2=NC3=CC=CC=C3[N-]2)OCCCOC.[Na+],1,,C1=CC=C(C=C1)N2C=C(C(=N2)C3=CC=C(C=C3)Cl)CC(=O)O,0,,,,,C1=CC=C(C(=C1)C=O)Cl,0,,,,,,
,,,CCOP(=S)(OCC)SC(CCl)N1C(=O)C2=CC=CC=C2C1=O,1,,CCC1=CC=CC=C1CC,0,,C1CCC(CC1)C(CC2CCCCN2)C3CCCCC3.C(=C\C(=O)O)\C(=O)O,1,,,,,C1=CC(=CC(=C1)[N+](=O)[O-])C(=O)O,0,,,,,,
,,,CC(=O)NCCC1=CC=CC2=C1C=C(C=C2)OC,1,,C(C(=O)O)(Cl)Cl,0,,CC(=O)NC1=CC=C(C=C1)/C=N/NC(=S)N,0,,,,,CCCCCCCCCCCCCCCCBr,0,,,,,,
,,,[Cl-].[Cl-].[Cu+2],0,,C1=CC(=C(C=C1C(Cl)(Cl)Cl)Cl)Cl,0,,CC(C)(CC1=CC=CC=C1Cl)N,0,,,,,CCOC1=CC(=C(C=C1C(=O)C)OCC)OCC,1,,,,,,
,,,CN(C(=O)NC1=CC(=C(C=C1)Br)Cl)OC,1,,C1=CC(=C(C=C1Cl)Cl)CC(=O)O,0,,CCC1(CC2=CC=CC=C2O1)C3=NCCN3,0,,,,,CCCCCCCCCOS(=O)(=O)[O-].[Na+],0,,,,,,
,,,CC(C)(C)C1=CC=C(C=C1)OC2CCCCC2O,1,,CC[C@]12CC[C@H]3[C@H]([C@@H]1CC[C@]2(C#C)O)CCC4=CC(=O)CC[C@H]34,1,,CC(CC1C2=CC=CC=C2CCC3=CC=CC=C13)CN(C)C,0,,,,,C[C@]12C[C@@H]([C@]3([C@H]([C@@H]1C[C@@H]4[C@]2(OC(O4)(C)C)C(=O)CO)CCC5=CC(=O)C=C[C@@]53C)F)O,1,,,,,,
,,,CC(=O)[O-].[Tl+],0,,CC(C)CCCCCCCOP(OCCCCCCCC(C)C)OC1=CC=CC=C1,1,,CC1=C2C=CC=NC2=C(C=C1)O,0,,,,,CN1CCC2=C3[C@H]1CC4=C(C3=CC=C2)C(=C(C=C4)O)O.CN1CCC2=C3[C@H]1CC4=C(C3=CC=C2)C(=C(C=C4)O)O.O.Cl.Cl,0,,,,,,
,,,CCOC(=O)C1=CC=C(C=C1)I,0,,CCC(C)NC1=CC=C(C=C1)NC(C)CC,1,,CCC1(C(=O)N(C(=O)N(C1=O)COC)COC)C2=CC=CC=C2,0,,,,,CC(C)(C)C1=CC(=CC(=C1O)C(C)(C)C)CN(C)C,1,,,,,,
,,,C1=CC=C2C(=C1)C(=C3C=CC=CC3=C2Br)Br,0,,CCCCCCCCCC(=O)O,1,,CCC1(C(=O)C=CNC1=O)CC,0,,,,,COC1=C(C=CC(=C1)/C=C/2\CCC/C(=C/C3=CC(=C(C=C3)O)OC)/C2=O)O,0,,,,,,
,,,CC(=O)C1=CC=CC=C1O,0,,C1=CC=C2C(=C1)C(=CN2)CO,1,,CCC1=CC(=CC=C1)N(C)C(=NC2=CC=CC3=CC=CC=C32)N.Cl,0,,,,,CN(C)C(=S)[S-].CN(C)C(=S)[S-].[Zn+2],1,,,,,,
,,,CC1=C(C=CC(=C1)OC(=O)NC)N(C)C,1,,C1CN(P(=O)(OC1)NCCCl)CCCl,0,,CCCCN(CCCC)C(C1=CC=C(C=C1)OC)C(=O)N,1,,,,,C1=CC=C(C(=C1)C(F)(F)F)N=NC2=C(C=CC3=CC(=CC(=C32)O)S(=O)(=O)[O-])N.[Na+],0,,,,,,
,,,CC1=C(C=C(C=C1)N)O,1,,C1=CC(=C(C=C1N(CCO)CCO)[N+](=O)[O-])NCCO,1,,CCCOC1=CC=CC=C1C2=NC3=NNN=C3C(=O)N2,0,,,,,CC(=CC1C(C1(C)C)C(=O)OCC2=CC(=CC=C2)OC3=CC=CC=C3)C,1,,,,,,
,,,CCCC(CC)CCCCCCCN,0,,CC1=C(C=CC=C1[N+](=O)[O-])[N+](=O)[O-],0,,C1=CC(=CN=C1)CN,0,,,,,C[C@]12C[C@@H]([C@]3([C@H]([C@@H]1C[C@@H]4[C@]2(OC(O4)(C)C)C(=O)CO)C[C@@H](C5=CC(=O)C=C[C@@]53C)F)F)O,1,,,,,,
,,,CO/C=C(\C1=CC=CC=C1COC2=CC=CC(=N2)C(F)(F)F)/C(=O)OC,1,,CC(=O)C1=CC2=CC=CC=C2S1,0,,C1CCC2=C(C1)C(=C3CCCC3=N2)N.O.Cl,0,,,,,CC/C=C\CCOC(=O)C1=CC=CC=C1O,0,,,,,,
,,,CCC/C=N/O,0,,C1=CC=C(C=C1)NC2=C(C=C(C=C2)NC3=C(C=C(C=C3)[N+](=O)[O-])[N+](=O)[O-])S(=O)(=O)[O-].[Na+],1,,CC1=C(C(=CC=C1)C)NC(=O)CN2CCCC2,0,,,,,C[C@@H]1[C@H]2C[C@]2(CC1=O)C(C)C,0,,,,,,
,,,CCCCCCCC/C=C/C(=O)[O-].CCCCCCCC/C=C/C(=O)[O-].[Ca+2],0,,CCC[N+]1(CCCC1)C.C(F)(F)(F)S(=O)(=O)[N-]S(=O)(=O)C(F)(F)F,1,,COC1=CC=C(C=C1)/C=C/C(=O)C2=C(C=C(C=C2)OC)OC,1,,,,,CCN(CC)C1=CC2=C(C=C1)C(=CC(=O)O2)C,1,,,,,,
,,,C(=S)(N)NNC(=S)N,0,,CC(=C)C1=CC(=CC=C1)C(=C)C,0,,COC1=CC(=CC(=C1OC)OC)C(=O)N2CCCCCCC2,1,,,,,CC1=CC=C(C=C1)C2=CC(=NN2C3=CC=C(C=C3)S(=O)(=O)N)C(F)(F)F,1,,,,,,
,,,CCC(C)(C)C1=CC(=C(C=C1)O)C(C)(C)CC,0,,C1CN(CCN1)C2=C3C(=CC=C2)OCCO3.Cl,0,,COC1=CC2=C(C=C1)N=C(S2)NC(=O)NC3=CC=CC=C3,1,,,,,CN1C(=O)C2=CC=CC=C2C1=O,0,,,,,,
,,,C=CCC1=C(C=CC(=C1)S(=O)(=O)C2=CC(=C(C=C2)O)CC=C)O,0,,CC(OC(=O)C)OC(=O)C,0,,C1CN(CCC12C(=O)NCN2C3=CC=CC=C3)CCCOC4=CC=C(C=C4)F,0,,,,,C1CCC2=C(C1)C(=C3CCCC3=N2)N.O.Cl,0,,,,,,
,,,C(CCl)O,0,,C1=CC=C(C=C1)NC2=CC=CC=C2N,1,,C1CN(CCC1C(=O)C2=CC=C(C=C2)F)CCN3C(=O)C4=CC=CC=C4NC3=S.Cl,1,,,,,CC(=O)[O-].CC(=O)[O-].[Zn+2],0,,,,,,
,,,CCN(CC)CCCC(C)NC1=C2C=CC(=CC2=NC=C1)Cl.OP(=O)(O)O.OP(=O)(O)O,0,,C1[C@@H]([C@H](O[C@H]1N2C=C(C(=O)NC2=O)F)CO)O,0,,C1=CC(=CC=C1C(=O)OCC(CO)O)N,1,,,,,CC1=CN=C(C(=C1OC)C)CS(=O)C2=NC3=C(N2)C=CC(=N3)OC,1,,,,,,
,,,CCOP(=S)(OCC)SCN1C2=C(C=C(C=C2)Cl)OC1=O,1,,CC(=O)OCC(COC(=O)C)OC(=O)C,0,,C1C2=C(C=CC(=C2)N)N=C3N1C(=O)C4=CC=CC=C43,1,,,,,CC1=C(C=C(C=C1)S(=O)(=O)[O-])C.[Na+],0,,,,,,
,,,C1=C(C(=CC(=C1Cl)[N+](=O)[O-])O)N,1,,CC(C)(C(=O)O)OC1=CC=C(C=C1)C2CC2(Cl)Cl,1,,COC1=CC(=C(C(=C1)OC)C(=O)CCCN2CCCC2)OC.Cl,0,,,,,CCN1CCN(CC1)C2=C(C=C3C(=C2)N(C=C(C3=O)C(=O)O)C4CC4)F,0,,,,,,
,,,CN1C2=C(C3=C(C=C2)N=CC=C3)N=C1N,1,,C1=CC(=CC(=C1)Cl)NC(=O)OCC#CCCl,1,,CC1(C(=O)NC(=O)O1)C,0,,,,,COC(=O)/C=C/C1=CC=CC=C1,0,,,,,,
,,,CCOP(=O)(SC1=CC=CC=C1)SC2=CC=CC=C2,1,,CC(CCCC(C)(C)O)C=C,0,,C1CN(CCN1CC2=CC3=C(C=C2)OCO3)C(=O)COC4=CC=C(C=C4)Cl.Cl,1,,,,,C1=CC=C(C=C1)CN=C=S,1,,,,,,
,,,C(Cl)(Cl)(Cl)Cl,0,,CC1([C@H]([C@H]1C(=O)OCC2=CC(=CC=C2)OC3=CC=CC=C3)C=C(Cl)Cl)C,0,,CN1CCC2=CC(=C(C=C2[C@@H]3[C@@H]1CCC4=CC=CC=C34)O)Cl,0,,,,,CCN(CC1=C(C=CC=C1Cl)F)C2=C(C=C(C=C2[N+](=O)[O-])C(F)(F)F)[N+](=O)[O-],1,,,,,,
,,,CC1=C(C=C(C=C1)N)C,1,,CCC(=O)N(C1CCN(CC1)CCC2=CC=CC=C2)C3=CC=C(C=C3)F,0,,C1=CC(=CC(=C1)NC2=C(C=CC=N2)C(=O)O)C(F)(F)F,1,,,,,CC(=C)C(=O)OCC(C)(C)COC(=O)C(=C)C,0,,,,,,
,,,C1=CC(=CC=C1C2=COC3=CC(=CC(=C3C2=O)O)O)O,1,,CCN1C2=C(C=C(C=C2)N)C3=CC=CC=C31,1,,CCN(CC)CCC1=NC(=NO1)C2=CC=CC=C2.C(C(=O)O)C(CC(=O)O)(C(=O)O)O,0,,,,,CC(C)C(=O)OCCC1=CC=CC=C1,0,,,,,,
,,,CC1=NC=C2N1C3=C(C=C(C=C3)Cl)C(=NC2)C4=CC=CC=C4F.Cl,0,,CCCCCC/C(=C\C1=CC=CC=C1)/C=O,1,,CCOC(C1=CC=CC=C1)(C2=CC=CC=C2)C(=O)OCCN(C)C,1,,,,,CC1CCC2=NC=CN=C12,0,,,,,,
,,,C1=CC(=CC=C1N=C=O)Cl,1,,C=CCOCC(CS(=O)(=O)[O-])O.[Na+],0,,C1=CSC(=C1)C(=O)NC2=NC=C(S2)[N+](=O)[O-],1,,,,,C(NC(=O)NC1C(=O)NC(=O)N1CO)NC(=O)NC2C(=O)NC(=O)N2CO,0,,,,,,
,,,CCCCCCO,0,,[NH2-].[NH2-].Cl[Pt+2]Cl,1,,CN(C)CCOC(=O)C(C1=CC=CC=C1)(C2=CC=CC=C2)OCC#C.Cl,1,,,,,CC1=CC2=C(C=C1C)SC(=N2)N,1,,,,,,
,,,COP(=S)(OC)OC1=CC(=C(C=C1Cl)Br)Cl,1,,C1=C(C(=O)NC(=O)N1)F,0,,C[C@]12CC[C@H]3[C@H]([C@@H]1CC[C@@H]2C(=O)CO)CCC4=CC(=O)CC[C@]34C,0,,,,,CC1(C2CCC(C2)C1=C)C,0,,,,,,
,,,CNC(=O)C1=CC=CC=C1SC2=CC3=C(C=C2)C(=NN3)/C=C/C4=CC=CC=N4,1,,C1=C(C(=C(C(=C1Cl)Cl)CC2=C(C(=CC(=C2Cl)Cl)Cl)O)O)Cl,1,,COC1=C(C=CC(=C1)[C@@H]2[C@H](OC3=C(O2)C=C(C=C3)[C@@H]4[C@H](C(=O)C5=C(C=C(C=C5O4)O)O)O)CO)O,1,,,,,C1=CC2=C(C=CC(=C2)S(=O)(=O)[O-])C=C1O.[K+],0,,,,,,
,,,CCN1CCC[C@H]1CNC(=O)C2=C(C=CC(=C2OC)Br)OC,0,,CC1=CC=CC=C1S(=O)(=O)NC(=O)C2=CC(=C(C=C2)CC3=CN(C4=C3C=C(C=C4)NC(=O)OC5CCCC5)C)OC,1,,C1=CC2=C3C(=C1)C(=O)N(C(=O)C3=CC=C2)CC(=O)O,0,,,,,C[C@@H](C(=O)N[C@@H](C)C(=O)NC1[C@H]2[C@@H]1CN(C2)C3=C(C=C4C(=O)C(=CN(C4=N3)C5=C(C=C(C=C5)F)F)C(=O)O)F)N.CS(=O)(=O)O,1,,,,,,
,,,CC1=CC(=C(C=C1)O)O,1,,CC1=CC=C(C=C1)C2=CC(=NN2C3=CC=C(C=C3)S(=O)(=O)N)C(F)(F)F,1,,CC1=C(C(=O)C(=C(C1=O)C)CCCCC#CCCCC#CCO)C,1,,,,,CC1=CC2=C(C=C1C(=C)C3=CC=C(C=C3)C(=O)O)C(CCC2(C)C)(C)C,1,,,,,,
,,,C1=CC(=CC=C1Cl)Cl,0,,CC1CCOC(C1)C=C(C)C,0,,CC(=CCNC1=C2C(=NC=N1)N(C=N2)[C@H]3[C@@H]([C@@H]([C@H](O3)CO)O)O)C,0,,,,,CN(C)CCN(CC1=CC=C(C=C1)Cl)C2=CC=CC=N2.Cl,1,,,,,,
,,,CCC(=O)/C=C/C1=CC=C(C=C1)OC,1,,CN(C)C1=CC=C(C=C1)C(=C2C=CC(=[N+](C)C)C=C2)C3=CC=C(C=C3)N(C)C.[Cl-],1,,CC1=NC2=C(C=C1)C(=CC(=C2O)Br)Br,0,,,,,C1=CC=C(C(=C1)O)O,1,,,,,,
,,,C(C(CBr)Br)OP(=O)(OCC(CBr)Br)OCC(CBr)Br,1,,CC(=O)O[C@H]1CC[C@@]2([C@H]3CC[C@]4([C@H]([C@@H]3CC=C2C1)CCC4=O)C)C,1,,CC(=O)NC(CC1=CC=CC=C1)C(=O)O,0,,,,,CC(C)CC(C)NC1=CC=C(C=C1)NC2=CC=CC=C2,1,,,,,,
,,,CC(=O)CCC1=CC2=C(C=C1)C=C(C=C2)OC,1,,CC1CCC2CC1C2(C)C,0,,CC(=O)OC1=CC=CC2=C1C(=O)C3=C(C2=O)C=C(C=C3OC(=O)C)C(=O)O,1,,,,,CC(=O)[O-].CC(=O)[O-].O.O.[Zn+2],0,,,,,,
,,,CC1=NC=CN=C1,0,,CCCCOCN(C1=C(C=CC=C1CC)CC)C(=O)CCl,1,,CCCCCCCCC(=O)NCC1=CC(=C(C=C1)O)OC,1,,,,,CCCCCCCCCCCC[N+](C)(C)C.[Cl-],1,,,,,,
,,,C1=CC=C(C=C1)CC(=O)C2=CC=CC=C2,1,,C1=C(C=C(C(=C1I)OC2=CC(=C(C(=C2)I)O)I)I)C[C@@H](C(=O)O)N,1,,CCC(C)(C#C)OC(=O)C1=CC=CC=C1C(=O)O,0,,,,,CN(C(=O)N[C@@H]1[C@H]([C@@H]([C@H](O[C@@H]1O)CO)O)O)N=O,0,,,,,,
,,,CN(C)C1=CC=C(C=C1)N=NC2=CC=CC=C2C(=O)O,1,,CCC1=C(C=CC(=C1)SCC2=C(N=C(S2)C3=CC=C(C=C3)C(F)(F)F)CN4CCN(CC4)C5=CC=C(C=C5)OC)OCC(=O)O,1,,CC1CCC2=C3N1C=C(C(=O)C3=CC(=C2C)F)C(=O)O,0,,,,,CCCCC(CC)C(C#C)O,1,,,,,,
,,,CC1=CN=C(C(=C1OC)C)CS(=O)C2=NC3=C(N2)C=CC(=N3)OC,1,,CCN1C2=C(C=C(C=C2)N)C3=CC=CC=C31,1,,CC1([C@H]([C@@H](C2=C(O1)C=CC(=C2)C#N)N3CCCC3=O)O)C,0,,,,,C1=CC=C2C(=C1)C(=NN=C2NC3=CC=C(C=C3)Cl)CC4=CC=NC=C4,1,,,,,,
,,,CCCC[N+](C)(CCCC)CCCC.[Cl-],0,,CCCCCCCCCCCCCCCCC(=O)O,0,,CCN1CCCC1CNC(=O)C2=CC(=C(C=C2OC)N)S(=O)(=O)CC,0,,,,,C(#N)C1=C(C(=C(C(=C1Cl)Cl)Cl)C#N)Cl,1,,,,,,
,,,CC(C)(C)C1=CC(=CC(=C1O)C(C)(C)C)CO,1,,C[N+]1(CC(CC(=C(C2=CC=CS2)C3=CC=CS3)C1)OC)C.[Br-],0,,CN(C)CCCSC1=CC=CC=C1NC(=O)/C=C/C2=CC=CC=C2,0,,,,,CC1=C(C=CC(=C1)C(C)(C)C2=CC(=C(C=C2)O)C)O,1,,,,,,
,,,C(=O)(N)/N=N/C(=O)N,0,,COC=O,0,,C1CCN(CC1)CCC2OC(=O)C(O2)(C3=CC=CC=C3)C4=CC=CC=C4.Cl,1,,,,,COC1=CC=C(C=C1)C(C2=CC=C(C=C2)OC)C(Cl)(Cl)Cl,1,,,,,,
,,,COC1=CC=C(C=C1)[C@H]2[C@H](C(=O)NC3=CC=CC=C3S2)O,0,,CC(=CCCC(=O)C)C,0,,CCCOC(=O)C1=CN=CN1C(C)C2=CC=CC=C2,1,,,,,CCCCCCOC(=O)C,0,,,,,,
,,,CCN(C1=CC=CC=C1C)C(=O)/C=C/C,1,,CC1CCC(=O)O1,0,,CCCCCN(CCCCC)C(=O)C(CCC(=O)[O-])NC(=O)C1=CC(=C(C=C1)Cl)Cl.[Na+],1,,,,,CCN1CCC[C@H]1CNC(=O)C2=C(C(=CC(=C2OC)Cl)Cl)O,1,,,,,,
,,,C1CC2=CC=CC=C2C(=O)C3=CC=CC=C31,1,,CCC(=O)N([C@H]1CCN(C[C@H]1C)CCC2=CC=CS2)C3=CC=CC=C3.Cl,1,,C1=CC=C(C=C1)SC2=CC=C(C=C2)COC(CN3C=CN=C3)C4=C(C=C(C=C4)Cl)Cl,1,,,,,[N-]=[N+]=[N-].[Na+],0,,,,,,
,,,CCCCOC(=O)C1=CC=CC=C1C(=O)OCC2=CC=CC=C2,1,,C1=CC=C(C=C1)C2=NC(=NC(=N2)N)N,0,,CN=C(NCCSCC1=CSC(=N1)N=C(N)N)NC#N,1,,,,,CC1=C(C=C(C=C1)C=O)C,0,,,,,,
,,,C1=NC(=C(N1[C@H]2[C@@H]([C@@H]([C@H](O2)CO)O)O)O)C(=O)N,0,,C[C@@H]1C[C@H]2[C@@H]3C[C@@H](C4=CC(=O)C=C[C@@]4([C@]3([C@H](C[C@@]2([C@]1(C(=O)CO)O)C)O)F)C)F,0,,CC1=C(N(C2=C1C=C(C=C2)C(=O)OCCN(C)C)CCN(C)C)C,0,,,,,CC1COC2=C3N1C=C(C(=O)C3=CC(=C2N4CCN(CC4)C)F)C(=O)O,0,,,,,,
,,,CCCN1CN(C=C1)C.Cl,0,,C1=CC=C2C(=C1)C(=O)OC(=O)N2,0,,CCOC(=O)C(=C(C1=CC=CC=C1)C2=CC=CC=C2)C#N,0,,,,,CC1=C(C(=CC=C1)N)N,1,,,,,,
,,,CCCCC,0,,CCCCCCCCCCCCC1=CC=C(C=C1)O,1,,C[C@@H](C(=O)N1CC2=CC(=C(C=C2C[C@H]1C(=O)O)OC)OC)N[C@@H](CCC3=CC=CC=C3)C(=O)O,0,,,,,CCOP(=S)(OCC)OC1=CC=C(C=C1)S(=O)C,1,,,,,,
,,,C1(=NC(=NC(=N1)[S-])[S-])[S-].[Na+].[Na+].[Na+],0,,C[C@@H]1CCC=C2[C@]1(C[C@@H](CC2)C(=C)C)C,1,,COC1=CC=CC=C1OCC2CNC(=O)O2,0,,,,,C1=C(C=C(C(=C1SC2=C(C(=CC(=C2)Cl)Cl)[O-])[O-])Cl)Cl.[Na+].[Na+],1,,,,,,
,,,C1=CC(=CC=C1C2=COC3=C(C2=O)C=CC(=C3)O)O,1,,CCOP(=S)(OCC)OC1=NN(C=N1)C2=CC=CC=C2,1,,COC(=O)NC1=NC2=C(N1)C=C(C=C2)C(=O)C3CC3,0,,,,,CCOC(=O)C1(CCN(CC1)CCC(C#N)(C2=CC=CC=C2)C3=CC=CC=C3)C4=CC=CC=C4.Cl,1,,,,,,
,,,C1=CC=C2C(=C1)NC(=N2)C3=CC=CO3,1,,C(=O)/C(=C(\C(=O)O)/Cl)/Cl,0,,CC1=CC(=O)C2=C(C3=C(C(=C2O1)OC)OC=C3)OC,1,,,,,C(=C\C(=O)O)\C(=O)O,0,,,,,,
,,,C1=CC=C2C(=C1)C(=O)OC2(C3=CC=C(C=C3)O)C4=CC=C(C=C4)O,1,,C(CO)CSC[C@@H](C(=O)O)N,0,,C1COCCN1CNC(=O)C2=NC=CN=C2,0,,,,,C1=CC=C2C(=C1)C(=NC2=N)N,1,,,,,,
,,,CC1=C(C=CO1)C(=O)NC2=CC=C(C=C2)C(=O)N3C4=CC=CC=C4/C(=C/C(=O)N5CCC(CC5)N6CCCCC6)/C(CC3)(F)F.CC1=C(C=CO1)C(=O)NC2=CC=C(C=C2)C(=O)N3C4=CC=CC=C4/C(=C/C(=O)N5CCC(CC5)N6CCCCC6)/C(CC3)(F)F.C(=C/C(=O)O)\C(=O)O,0,,CN(C)CCCCl.Cl,0,,C1=CC(=CC=C1C(=O)NP(=O)(N)N)F,0,,,,,CC(C)C1=CC=CC=C1C(C)C,0,,,,,,
,,,CCCC(C1=CC=CC=C1)(C2=CC=CC=C2)C(=O)OCCN(CC)CC.Cl,1,,CC(=O)NC1(CCN(CC1)CC[C@]2(CN(C(=O)CO2)C3=CC=CC=C3)C4=CC(=C(C=C4)Cl)Cl)C5=CC(=CC=C5)F.C(CC(=O)O)C(=O)O,1,,C1C2CN(CC1CN(C2)C(=O)C3=CC=C(C=C3)N)CC4=CC=CC=C4,1,,,,,CCCC(=O)OC(C)(C)CC1=CC=CC=C1,0,,,,,,
,,,CC(CCC(=O)O)(C1=CC=C(C=C1)O)C2=CC=C(C=C2)O,0,,CC(=CCC/C(=C/C=N/O)/C)C,1,,C1=C(C(=NC(=O)N1[C@H]2[C@H]([C@@H]([C@H](O2)CO)O)F)N)I,0,,,,,C1CC2C(O2)CC1COC(=O)C3CCC4C(C3)O4,0,,,,,,
,,,C(NC(=O)N(CO)C1C(=O)N(C(=O)N1CO)CO)O,0,,CC1=C(C2=C(O1)C(=CC=C2)NC(=O)C3=C(C=CC=C3Cl)Cl)C(C)(C)O,1,,C1CC1NC2=NC(=NC(=N2)N)N,0,,,,,C1CN(CCN1)C(C2=CC=C(C=C2)F)C3=CC=C(C=C3)F,0,,,,,,
,,,C1=CC=C2C(=C1)C(=O)OC23C4=C(C=C(C=C4)[O-])OC5=C3C=CC(=C5)[O-].[Na+].[Na+],0,,CCCCCCCCCCCCCCN(CCO)CCO,1,,CC1=NC2=CC=CC=C2N1CC3=CC=C(C=C3)Cl,1,,,,,C1=CC=C(C=C1)C(C2=CC=CC=C2)S(=O)CC(=O)N,0,,,,,,
,,,C[C@]12CC[C@H]3[C@H]([C@@H]1CC[C@@H]2OC(=O)CCC4CCCC4)CCC5=C3C=CC(=C5)O,1,,C1=CC(=CC(=C1)C2=N[N-]C(=N2)C(=O)N)C3=C(C=CC(=C3)F)OCC(C(F)(F)F)(F)F.O.[K+],1,,CCCN1CCC[C@H]2[C@H]1CC3=C(C2)NN=C3.Cl,0,,,,,C1=CC=C2C(=C1)C(=O)C(C2=O)(O)O,1,,,,,,
,,,CC[N+](CC)(CC1=CC=CC=C1)CC(=O)NC2=C(C=CC=C2C)C.C1=CC=C(C=C1)C(=O)[O-],0,,COC(=O)[C@H](CC1=CC=CC=C1)NC(=O)[C@H](CC(=O)O)N,0,,C1CCC(CC1)NS(=O)(=O)O,0,,,,,CC(C)(C)C=C,0,,,,,,
,,,C1=CC=C(C=C1)NC2=CC=CC3=CC=CC=C32,1,,C(O)S(=O)(=O)[O-].[Na+],0,,CC(=O)NC1=C(C=CC(=C1)[As](=O)(O)O)O,0,,,,,CC1=C(C=CC(=C1)F)C2=CC(=NC=C2N(C)C(=O)C(C)(C)C3=CC(=CC(=C3)C(F)(F)F)C(F)(F)F)N4CC[C@H]([C@H]4CO)O,1,,,,,,
,,,C/C=C/1\C(=O)C[C@@H]2[C@@]1(CC[C@H]3[C@H]2CCC4=CC(=O)CC[C@]34C)C,1,,CC1=C(C=C(C=C1[N+](=O)[O-])[N+](=O)[O-])C(=O)N,0,,CC(CCCC(C)(C)O)N.Cl,0,,,,,CCOC(=O)C(C)O,0,,,,,,
,,,CCOC1=C(C=CC(=C1)OC2=C(C=C(C=C2)C(F)(F)F)Cl)[N+](=O)[O-],0,,CC1=CC=C(C=C1)OC(=O)C,0,,C([C@@H]1[C@H]([C@@H]([C@H](C(O1)O)N)O)O)O.Cl,0,,,,,C1=CC=C(C=C1)NC(=O)NC2=CC=CC=C2,1,,,,,,
,,,CC1=CP(=O)(CC1)C2=CC=CC=C2,0,,CCCCCCCCCCCCCCCC[N+](C)(C)CC1=CC=CC=C1.[Cl-],1,,C[C@@H]1CCC[C@@H](N1)C.Cl,0,,,,,CCOC1=NC2=C(C=C1)NC=C(C2=O)C(=O)NCC3=CC=CC=C3,1,,,,,,
,,,C1=CC=C(C=C1)CNC(=O)CN2C=CN=C2[N+](=O)[O-],0,,C1=CC=C(C=C1)N2C(=CC=N2)NS(=O)(=O)C3=CC=C(C=C3)N,1,,C1=CC(=CC=C1NC(=O)N)[As](=O)(O)O,0,,,,,CC(CCCC(C)(C)O)CCO,0,,,,,,
,,,CC(C)CC(C)N(C1=CC=CC=C1)C2=CC=C(C=C2)N,1,,C1=CC(=C(C=C1Cl)Cl)OCC(=O)O,1,,CC1=CC(=O)NC(=S)N1,0,,,,,CCCCCNCCCCC,0,,,,,,
,,,CC(=O)OC1=CC2=C(C=C1)[C@H]3CC[C@]4([C@H]([C@@H]3CC2)CC[C@@H]4O)C,1,,C1=CC(=CC=C1O)I,1,,C1COCCN1CC2CN(C(=O)O2)/N=C/C3=CC=C(O3)[N+](=O)[O-].Cl,1,,,,,CCCCOCCOC(=O)C1=CN=CC=C1,0,,,,,,
,,,CC1=CC=CC=C1CCO,0,,CC1=CC(NC2=CC=CC=C12)(C)C,1,,CCCCCC(C)N.CCCCCC(C)N.OS(=O)(=O)O,0,,,,,CC(C)CCCCCOC(=O)CS,0,,,,,,
,,,CCCCCCC(CO)O,0,,C1CC1C2=CC=CC=C2OCC3=NCCN3,0,,C1=CC2=C(C(=C(C=C2S(=O)(=O)O)I)O)N=C1,0,,,,,CC1=C(C(C(=C(N1)N)C(=O)OC2CN(C2)C(C3=CC=CC=C3)C4=CC=CC=C4)C5=CC(=CC=C5)[N+](=O)[O-])C(=O)OC(C)C,1,,,,,,
,,,CC(=O)OCC=C,0,,C(C(Cl)(Cl)Cl)(O)O,0,,C1CNCC2=C1C(=O)NO2,0,,,,,COC1=CC=C(C=C1)CC=C,0,,,,,,
,,,CC1=C(C=CC(=C1)OC)NC2=CC=CC=C2,1,,C1=CC=NC=C1.Cl,0,,CC(C)(C)NCC(COC1=CC=C(C=C1)NC(=O)NC2CCCCC2)O,0,,,,,C1=C(C(=CC(=C1Cl)Cl)Cl)Cl,0,,,,,,
,,,CC(=CC1C(C1(C)C)C(=O)OCC2=CC(=CC=C2)OC3=CC=CC=C3)C,1,,C1=CC(=CC(=C1)C(=O)O)C(=O)O,0,,CC1=C(C(=CC=C1)OCC(CNC(C)(C)C)O)C,0,,,,,CN1C(=O)CN=C(C2=C1C=CC(=C2)Cl)C3=CC=CC=C3,1,,,,,,
,,,CC1CC(CC(C1)(C)C)OC(=O)C2=CC=CC=C2O,0,,C1=CC=C(C=C1)COC(=O)C2=CC=CC=C2O,1,,CC1=C(SC=N1)CCCl,0,,,,,CCC(C)NC1=NC(=NC(=N1)NCC)OC,1,,,,,,
,,,CCN1C(C2=CC=CC=C2C1=O)NC3=CC=C(C=C3)OCCN4CCCCC4,0,,CC1=CC=CO1,0,,CCCCCCCCCCCCCCC[C@@H]([C@H](CO)N)O,0,,,,,CC1=C(OC(=C1C(=O)NC2=CC=CC=C2)C)C,1,,,,,,
,,,C1=CC(=CC(=C1)[N+](=O)[O-])C(F)(F)F,0,,CCCCCCCCCCN1C=C[N+](=C1)C.F[P-](F)(F)(F)(F)F,0,,CCN(CC)CCOC(=O)C(C1=CC=CC=C1)C2=CC=CC=C2.Cl,0,,,,,C[C@]12CC[C@H]3[C@H]([C@@H]1CC[C@@H]2O)[C@@H](CC4=C3C=CC(=C4)O)CCCCCCCCCS(=O)CCCC(C(F)(F)F)(F)F,1,,,,,,
,,,CCOP(=S)(OCC)OC1=NC(=NC(=C1)C)C(C)C,1,,CC(C)C(=O)C(C)C,0,,CCN(CC)CCC1=C(C2=C(C(=C(C=C2)OCC(=O)OCC)Cl)OC1=O)C.Cl,0,,,,,CCCCC(CC)COP(=O)(O)OCC(CC)CCCC,1,,,,,,
,,,CC1=C(C(=CC=C1)OCC(CNC(C)(C)C)O)C,0,,CCOC(=O)CC(C(=O)OCC)SP(=O)(OC)OC,1,,C1=CC(=CC2=NC3=C(C=CC(=C3)N)C=C21)N.C1=CC(=CC2=NC3=C(C=CC(=C3)N)C=C21)N.OS(=O)(=O)O,1,,,,,C[C@@]12CC[C@@H](C1)C([C@@H]2O)(C)C,0,,,,,,
,,,CC(C)(C)NCC(=O)NC1=CC(=C2C[C@H]3C[C@H]4[C@@H](C(=O)C(=C([C@]4(C(=O)C3=C(C2=C1O)O)O)O)C(=O)N)N(C)C)N(C)C,0,,CCOC1=C(C=CC(=C1)NC(=O)C)C(=O)OC,0,,CC1CC(CC(N1C)(C)C)OC(=O)C(C2=CC=CC=C2)O.Cl,0,,,,,CCCCCCCCCCCCN.Cl,0,,,,,,
,,,C1=CC=C(C=C1)C[P+](C2=CC=CC=C2)(C3=CC=CC=C3)C4=CC=CC=C4.[Cl-],0,,CCCC(=O)OCC,1,,CCNC(=O)N1CCN(CC1)CCCC(C2=CC=C(C=C2)F)C3=CC=C(C=C3)F.Cl,0,,,,,C1=CC=C(C(=C1)C(=O)[O-])NC2=C(C=CC(=C2)Cl)C(=O)[O-].[Na+].[Na+],0,,,,,,
,,,CCOCCOC(=O)/C=C/C1=CC=C(C=C1)OC,1,,CCC(=O)O.CCC(=O)O.C1CN=C(N1)C2=CC(=CC=C2)NC(=O)NC3=CC=CC(=C3)C4=NCCN4,0,,CN1CCN(CC1)C2=C(C=C3C4=C2SCCN4C=C(C3=O)C(=O)O)F.Cl,0,,,,,CC[N+]1(CCCCC1)CCOC(=O)C(C2=CC=CC=C2)(C3=CC=CC=C3)O.[Br-],0,,,,,,
,,,CCOP(=S)(OCC)SCCS(=O)(=O)CC,1,,C(Cl)(Cl)Br,0,,CS(=O)(=O)C1=CC=C(C=C1)C2=CN3C=CC=CC3=N2,0,,,,,CC=O,1,,,,,,
,,,C1=CC(=CC=C1C(=O)C2=CC=C(C=C2)O)O,1,,CC(CN(CC(C)O)CC(C)O)O,0,,C1CN(CC1C2=CC=CC=C2)CCC(=O)C3=CC4=C(C=C3)OCCO4,0,,,,,CC(C)C(=O)OCCC(C)CCC=C(C)C,0,,,,,,
,,,CC(C)CC(C)CC(C)CC(C)COC(=O)C1=CC=CC=C1C(=O)OCC(C)CC(C)CC(C)CC(C)C,1,,CC1=CC=CC=C1C,0,,C1=CC(=CC=C1[C@@H](C(=O)O)N)O,0,,,,,CC(C)(C)CC(C)(C)C1=CC(=C(C=C1)O)N2N=C3C=CC=CC3=N2,1,,,,,,
,,,C1=CC=C(C(=C1)N)N,1,,CO[Si](C1=CC=CC=C1)(OC)OC,0,,C1C(C2(C(=C(C1(C2(Cl)Cl)Cl)Cl)Cl)Cl)CBr,0,,,,,CC(C)(C1=CC(=C(C=C1)O)C2=CC=CC=C2)C3=CC(=C(C=C3)O)C4=CC=CC=C4,1,,,,,,
,,,C1=CC(=CC=C1N)OC2=CC(=C(C=C2)N)N,1,,CC(=O)CCC1=CC=CC=C1,0,,C1=CC=C(C=C1)CCNC(=O)CCCl,0,,,,,CC1=CC=C(C=C1)S(=O)(=O)NC(=O)NC2CCCCC2,0,,,,,,
,,,CC(C)(C)CC(C)(C)C1=CC(=C(C=C1)O)N2N=C3C=CC=CC3=N2,1,,C(C(C(C(F)(F)S(=O)(=O)[O-])(F)F)(F)F)(C(C(F)(F)F)(F)F)(F)F.[K+],1,,COC1=CC(=CC(=C1O)C(=O)NCCO)CC=C,0,,,,,CCCCCCCCOC(=O)CCCCCCCCC(=O)OCCCCCCCC,0,,,,,,
,,,CCOC(=O)C(=C)C#N,0,,CC(C)C(=O)NC1=CC(=C(C=C1)[N+](=O)[O-])C(F)(F)F,1,,CC1=NC(=C(C(=N1)Cl)NC2=NCCN2)OC,0,,,,,C1=CC(=CC(=C1)OC2=CC=C(C=C2)N)OC3=CC=C(C=C3)N,0,,,,,,
,,,CC1=CC=CC=C1N=NC2=CC(=C(C=C2)N)C,1,,CCCCO[Al](OCCCC)OCCCC,0,,CCN(CC)CCNC1=C2C(=C(C=C1)CO)SC3=CC=CC=C3C2=O,0,,,,,CC(C)C(=O)Cl,0,,,,,,
,,,CN1C=CC2=CC3=C(CCN3C(=O)NC4=CN=CC=C4)C=C21.Cl,1,,C1=CC(=CC=C1C(=O)N[C@@H](CCC(=O)O)C(=O)O)NCC2=CN=C3C(=N2)C(=NC(=N3)N)N,0,,C([C@@H](C(=O)O)N)OC(=O)C=[N+]=[N-],0,,,,,CC(C)(C1=CC(=C(C(=C1)Br)O)Br)C2=CC(=C(C(=C2)Br)O)Br,1,,,,,,
,,,C1=CC(=CC=C1C2=CC=C(C=C2)N)N,1,,C1=CC(=C(C=C1Cl)SC2=C(C=CC(=C2)Cl)O)O,1,,CC(CC1=CC=CC=C1)(C2=CC=CC=C2)NC(=O)CN.Cl,1,,,,,CCCCC(CC)C(=O)OC(C)C,0,,,,,,
,,,CC(C)(C)S,0,,COC1=C(C=C(C=C1)/C=N/NC(=O)C2=CC=NC=C2)OC,1,,COC(=O)C1=CC=CC=C1C(=O)C2=CC=C(C=C2)OCCN3CCCCC3.Cl,0,,,,,CC12CCCC=C1C(=O)OC2=O,0,,,,,,
,,,CCCOCC(=NC1=C(C=C(C=C1)Cl)C(F)(F)F)N2C=CN=C2,1,,C1=CC=C(C=C1)CC2=C(C=CC(=C2)Cl)O,1,,C(COCCOCCN(CC(=O)O)CC(=O)O)N(CC(=O)O)CC(=O)O,0,,,,,CC1=CC(=CC(=C1N)C)C2=CC(=C(C(=C2)C)N)C,1,,,,,,
,,,CC(C)OC(=O)C(C)N(C1=CC(=C(C=C1)F)Cl)C(=O)C2=CC=CC=C2,1,,CC(=O)NS(=O)(=O)C1=CC=C(C=C1)N,0,,CC1=C([N+](=O)C2=CC=CC=C2N1[O-])C(=O)NCCO,0,,,,,C1=CC=C(C=C1)C(=O)NC2=CC=CC=C2SSC3=CC=CC=C3NC(=O)C4=CC=CC=C4,1,,,,,,
,,,CC1=CC2=C(C=C1)C(=O)OC2=O,0,,C1=CC(=CC=C1C(Cl)(Cl)Cl)Cl,0,,CC(CC1=CC(=CC=C1)C(F)(F)F)NCCOC(=O)C2=CC=CC=C2.Cl,1,,,,,C1=C[N+](=CC=C1Cl)[O-],0,,,,,,
,,,CC(C)OC1=C(C=C(C(=C1)N2C(=O)OC(=N2)C(C)(C)C)Cl)Cl,1,,CC(COCC(C)OC(=O)C1=CC=CC=C1)OC(=O)C2=CC=CC=C2,1,,CC1=CC(=C(C(=C1)N2N=C3C=CC(=CC3=N2)Cl)O)C(C)(C)C,0,,,,,CCCN(CCOC1=C(C=C(C=C1Cl)Cl)Cl)C(=O)N2C=CN=C2,1,,,,,,
,,,C1[C@H](C(=O)NO1)N,0,,CC1=NC=C(C(=N1)N)CN(C=O)/C(=C(\CCO)/SS/C(=C(/C)\N(CC2=CN=C(N=C2N)C)C=O)/CCO)/C,0,,CCCCCCC[N+](CC)(CC)CCCCC1=CC=C(C=C1)Cl.CC1=CC=C(C=C1)S(=O)(=O)[O-],1,,,,,C1=CC(=C(C=C1C2=C(C(=O)C3=C(C=C(C=C3O2)O)O)O)O)O,1,,,,,,
,,,CN(C)CCC1=CNC2=C1C=C(C=C2)O,0,,[Cl-].[Cl-].[Hg+2],1,,CC1=CC=CC=C1N2CCN(CC2)CCC3=NN=C4N3CCCC4.Cl,0,,,,,C1=CC=C(C=C1)C(=O)OC2=CC=CC=C2,0,,,,,,
,,,C1(=C(C(=C(C(=C1Cl)Cl)C(=O)Cl)Cl)Cl)C(=O)Cl,0,,CC(=CCCC(C)(C=C)OC(=O)C)C,0,,CC(C)COC(=O)C1=CC=C(C=C1)N,1,,,,,COCCCN,0,,,,,,
,,,CCOC(=O)CC(CC(=O)OCC)(C(=O)OCC)O,1,,CC(=CCC/C(=C/CCC(=O)C)/C)C,0,,CC[N+]1(CCCC(C1)OC(=O)C(C2=CC=CC=C2)(C3=CC=CC=C3)O)C.[Br-],0,,,,,CCC1(C(=O)C=CNC1=O)CC,0,,,,,,
,,,CC1=C(C(CCC1)(C)C)/C=C/C(=C/C=C/C(=C/C(=O)O)/C)/C,1,,C1C(CC(=O)NC1=O)C2=CC=C(C=C2)Cl,0,,CC1(CCCCC1)COC2=CC=C(C=C2)CC3C(=O)NC(=O)S3,1,,,,,CCOP(=S)(NC(C)C)OC1=CC=CC=C1C(=O)OC(C)C,1,,,,,,
,,,CCOS(=O)(=O)C,0,,CCC1=CC=C(C=C1)C2CCNCC2,0,,CN(C)[C@@H](CCOC1=CC=CC2=CC=CC=C21)C3=CC=CC=C3,1,,,,,C([C@@H](C(=O)O)N)OC(=O)C=[N+]=[N-],0,,,,,,
,,,CCOP(=O)(Cl)Cl,0,,COC1=CC=CC2=C3C(=C(C=C21)[N+](=O)[O-])C(=CC4=C3OCO4)C(=O)[O-].[Na+],1,,CN1C2=CC=CC=C2C(=N[C@@H](C1=O)NC(=O)C3=CC4=CC=CC=C4N3)C5=CC=CC=C5,0,,,,,CCOP(O)OCC,0,,,,,,
,,,CC1=CC=C(C=C1)C(C)C,0,,CC(=O)NCCCCCC(=O)O,0,,CC1=NC2=C(N1)C(=O)N(C(=O)N2CC3=CC=CO3)C,0,,,,,CC1=CC(=CC=C1)C=C,0,,,,,,
,,,C1=CC=C(C=C1)OC2=C(C3=C(C(=C2)O)C(=O)C4=CC=CC=C4C3=O)N,1,,CCCN(CCC1=CC=CS1)[C@H]2CCC3=C(C2)C=CC=C3O,1,,COC1=CC=C(C=C1)C(=O)N2CCN(CC2)CC(=O)N3CCOCC3,0,,,,,C1C2=CC=CC=C2C(=O)O1,0,,,,,,
,,,[Cl-].[Cl-].[Fe+2],0,,CC1=CC(=C(C=C1)OP(=S)(NC(C)C)OC)[N+](=O)[O-],1,,COC1=CC(=CC(=C1OC)OC)C(=S)N2CCOCC2,0,,,,,CC(=O)OC1=CC=C(C=C1)C(C2=CC=C(C=C2)OC(=O)C)C3=CC=CC=N3,1,,,,,,
,,,CC(C1=CC=C(C=C1)O)C2=CC=C(C=C2)O,1,,C1=CC=C(C=C1)COC(=O)C2=CC=CC=C2,1,,CC1=C(C(C(=C(N1)C)C(=O)OC(C)C)C2=CC(=CC=C2)[N+](=O)[O-])C(=O)OCCOC,1,,,,,CC/C(=C(/CC)\C1=CC=C(C=C1)OC(=O)CC)/C2=CC=C(C=C2)OC(=O)CC,1,,,,,,
,,,C1=CC=C(C(=C1)N)N.Cl.Cl,1,,C1=CC(=CC=C1C(=O)O)S(=O)(=O)N(Cl)Cl,0,,C1=C(OC(=C1)[N+](=O)[O-])/C=N/NC(=O)C(=O)N,1,,,,,C1CC2C(C1)C3CC2CC3(C4=CC=C(C=C4)O)C5=CC=C(C=C5)O,1,,,,,,
,,,CN(C)C1=CC=C(C=C1)N=NC2=CC=CC=C2,1,,CCCOC(=O)NCCCN(C)C.Cl,1,,C1=CC=C2C(=C1)NC3=CC=CC=C3S2,1,,,,,CC1=CC(=CC=C1)N,0,,,,,,
,,,COC1=CC(=CC(=C1OC)OC)CC2=CN=C(N=C2N)N,0,,C1=CC(=C(C=C1C(F)(F)F)Cl)OC2=CC(=C(C=C2)[N+](=O)[O-])C(=O)O,1,,C1=CC=C(C=C1)C2=NC3=CC=CC=C3C(=C2O)C(=O)O,1,,,,,C1=CC(=CC=C1CO)[N+](=O)[O-],0,,,,,,
,,,CN1CCC2=C3[C@H]1CC4=C(C3=CC=C2)C(=C(C=C4)O)O,1,,C1C[C@@H](O[C@@H]1CO)N2C=CC(=NC2=O)N,0,,C1=CC(=CC=C1C2=NC(=CS2)CC(=O)O)Cl,0,,,,,CC1=CC=C(C=C1)/C=C/2\C3CCC(C2=O)C3(C)C,1,,,,,,
,,,C1=CC2=C(C=C1OC3=CC4=C(C=C3)C(=O)OC4=O)C(=O)OC2=O,0,,CC(=O)OC(C)(C)CC1=CC=CC=C1,0,,CCCCCCCCCCCCCCCCCCN(C)C,0,,,,,CCC(C)C1=CC=CC=C1O,0,,,,,,
,,,CCCOC(=O)C1=CC=C(C=C1)O,1,,CNC(=S)N(C)C,0,,CC1(O[C@@H]2[C@H]([C@H](O[C@@H]2O1)C(CO)O)OCCCN(C)C)C.Cl,0,,,,,COC1=C(C=C2C(=C1)C3=CC=CC=C3O2)N,1,,,,,,
,,,CC1=CC(=CC=C1)NC(=O)OC2=CC=CC(=C2)NC(=O)OC,1,,CCCCCOC(=O)C,1,,CCC(C1=CC=CC=C1)C(=O)OCCN(CC)CC,0,,,,,CC1(C2CCC1(C(=O)C2)C)C,0,,,,,,
,,,CCOP(=S)(OCC)SCS(=O)(=O)CC,0,,C/C=C/C(=O)C1=C(CCCC1(C)C)C,0,,CN1C[C@@H](C[C@H]2[C@H]1CC3=CN(C4=CC=CC2=C34)C)CNC(=O)OCC5=CC=CC=C5,0,,,,,C1=C(C=C(C=C1Cl)Cl)O,1,,,,,,
,,,CC1=CC2=C(C=C1)C3=CC=CC=C3C=C2,1,,C1=CC=C(C=C1)NC2=CC3=CC(=CC(=C3C=C2)O)S(=O)(=O)O,1,,C[C@]12CCC(=O)C=C1CC[C@@H]3[C@@H]2CC[C@]4([C@H]3CC[C@@]4(C(=O)CO)O)C,0,,,,,C(=S)(N)NN,1,,,,,,
,,,C1C(O1)COC2=CC=C(C=C2)C(C3=CC=C(C=C3)OCC4CO4)C5=CC=C(C=C5)OCC6CO6,0,,CCC(C)CO,0,,CC(C)CCCC(C)N,0,,,,,C[C@]12CCC(=O)C=C1CC[C@@H]3[C@@H]2CC[C@]4([C@H]3CCC4=O)C,1,,,,,,
,,,C1=CC2=C(C=CC(=C2)SSC3=CC4=C(C=C3)C=C(C=C4)O)C=C1O,1,,CCCCC/C=C/CC(=O)OC,0,,C1=CC(=CC=C1N)S(=O)(=O)NC2=NN=C(C=C2)Cl,0,,,,,C1=CC=C(C=C1)CCN=C(N)N=C(N)N.Cl,0,,,,,,
,,,CCOCCOCCOCCO,0,,CC1=C(C(=CC=C1)NC2=CC=CC=C2C(=O)O)C,1,,C1=CSC(=C1)C(=O)C2=C(N(C3=C2C=C(C=C3)Cl)C(=O)N)O,1,,,,,[C@H]1([C@@H]2[C@@H]([C@H](C(=O)O2)O)O[C@H]1O)O,0,,,,,,
,,,C1=CC(=CC=C1C(C2=CC=C(C=C2)O)C(Cl)(Cl)Cl)O,1,,CN(C)C1=CC=C(C=C1)C(=C2C=CC(=[N+](C)C)C=C2)C3=CC=C(C=C3)N(C)C.[Cl-],1,,CC1=C(C(=CC=C1)C(=O)O)O,0,,,,,C[C@H](CN1CCOCC1)C(C2=CC=CC=C2)(C3=CC=CC=C3)C(=O)N4CCCC4.[C@@H]([C@H](C(=O)O)O)(C(=O)O)O,1,,,,,,
,,,CC1=CC=CC=C1OCC(CO)O,0,,CCCC(=O)OC[C@H]([C@H]([C@H](CN1C2=C(C=C(C(=C2)C)C)N=C3C1=NC(=O)NC3=O)OC(=O)CCC)OC(=O)CCC)OC(=O)CCC,1,,C1[C@H](NCS1)C(=O)O,0,,,,,CC(C)[N+](C)(CCC(C1=CC=CC=C1)(C2=CC=CC=C2)C(=O)N)C(C)C,0,,,,,,
,,,CC1([C@@H](N2[C@H](S1)[C@@H](C2=O)NC(=O)[C@@H](C3=CC=CC=C3)N)C(=O)O)C.O.O.O,0,,C=CC1CC2CC1C=C2,0,,C1COCCN1CCN2C=NC=C2[N+](=O)[O-],0,,,,,CC/C(=N/O)/C,0,,,,,,
,,,C1CCN(CC1)CN2CCCCC2,0,,CCCCCCCCCCCCOCCOCCOCCOCCOCCOCCOCCOCCOCCO,1,,CCCCCCCC/C=C\CCCCCCCCN,0,,,,,CCNC(=O)[C@@H]1CCCN1C(=O)[C@H](CCCN=C(N)N)NC(=O)[C@H](CC(C)C)NC(=O)CNC(=O)[C@H](CC2=CC=C(C=C2)O)NC(=O)[C@H](CO)NC(=O)[C@H](CC3=CNC4=CC=CC=C43)NC(=O)[C@H](CC5=CN=CN5)NC(=O)[C@@H]6CCC(=O)N6,0,,,,,,
,,,CCCCNCC,0,,C1=CC=C(C=C1)/C=C\C2=CC=CC=C2,0,,CC(C)(C)CC(C)(C)C1=CC(=C(C=C1)O)N2N=C3C=CC=CC3=N2,0,,,,,C1=CC=C(C=C1)C(=O)CC(=O)C2=CC=CC=C2,1,,,,,,
,,,CCOC1C(C2=C(O1)C=CC(=C2)OS(=O)(=O)C)(C)C,1,,CCCCC(CC)COC(=O)/C=C\C(=O)OCC(CC)CCCC,1,,C([C@@H](C(=O)O)N)OP(=O)(O)O,0,,,,,CCCC[Sn](CCCC)(OC(=O)C)OC(=O)C,1,,,,,,
,,,CC1=C(SCCO1)C(=O)NC2=CC=CC=C2,1,,CCCCC1=C(N=C(N=C1OS(=O)(=O)N(C)C)NCC)C,1,,CC(C(=O)C1=CC=CC=C1)N(C)C,0,,,,,C1=CC=C(C=C1)Br,0,,,,,,
,,,CC(=O)N1CCN(CC1)C2=CC=C(C=C2)OC[C@H]3CO[C@](O3)(CN4C=CN=C4)C5=C(C=C(C=C5)Cl)Cl,1,,CCC(=O)C1=CC2=C(C=C1)SC3=CC=CC=C3N2CCCN(C)C.Cl,0,,CC(C(=O)OC(C)(C)CC1=CC=C(C=C1)Cl)N,1,,,,,C1=CC(=NC(=C1)Cl)C(Cl)(Cl)Cl,0,,,,,,
,,,C=CCN1CC[C@]23[C@@H]4C(=O)CC[C@]2([C@H]1CC5=C3C(=C(C=C5)O)O4)O,0,,CC1=C(C=CC(=C1)Cl)N.Cl,1,,C1=CC(=C(C=C1N)S(=O)(=O)O)/C=C/C2=C(C=C(C=C2)N)S(=O)(=O)O,0,,,,,C([C@@H](C(=O)O)N)SSC[C@@H](C(=O)O)N,0,,,,,,
,,,CC1=C(C=C(C=C1)N)N,1,,CCC(C)Cl,0,,CC1=CC=CC=C1OCC(CO)O,1,,,,,CCC(=O)C(CCN(C)C)(C1=CC=CC=C1)C2=CC=CC=C2,1,,,,,,
,,,C(C(CBr)(CBr)CBr)O,0,,C[C@H]1[C@@H]([C@H]([C@H]([C@@H](O1)OC[C@@H]2[C@H]([C@@H]([C@H]([C@@H](O2)OC3=C(OC4=CC(=CC(=C4C3=O)O)O)C5=CC(=C(C=C5)O)O)O)O)O)O)O)O,0,,CCN1C=CN=C1CC2COC3=CC=CC=C3O2,0,,,,,CC1(CCCCC1)COC2=CC=C(C=C2)CC3C(=O)NC(=O)S3,1,,,,,,
,,,C1=CC=C(C=C1)OC2=CC=C(C=C2)O,1,,CC(=C)C(=O)OCCCCOC(=O)C(=C)C,1,,CC1=C(C(=O)N(N1C)C2=CC=CC=C2)NC(C)C,0,,,,,CCCCCCCCCCCCOS(=O)(=O)O.CC[C@@H]1[C@@]([C@@H]([C@H](C(=O)[C@@H](C[C@@]([C@@H]([C@H]([C@@H]([C@H](C(=O)O1)C)O[C@H]2C[C@@]([C@H]([C@@H](O2)C)O)(C)OC)C)O[C@H]3[C@@H]([C@H](C[C@H](O3)C)N(C)C)OC(=O)CC)(C)O)C)C)O)(C)O,1,,,,,,
,,,CCCCCCCC(=O)N(C)C,0,,C1=CC2=C(C=CC(=C2N=C1)O)[N+](=O)[O-],1,,CN(C)CCN1CCN(C1=O)C2=CC(=CC=C2)Cl,0,,,,,C1=CC=C2C(=C1)C=CC=C2NCCN.Cl.Cl,0,,,,,,
,,,C1=CC(=CC=C1O)S(=O)(=O)[O-].[Na+],0,,C1=CC=C(C=C1)OCC(=O)O,0,,CCC1=CC(=C(C(=C1O)C(=O)NC[C@@H]2CCCN2CC)OC)Cl.Cl,0,,,,,C1=CC(=CC=C1C#N)O,0,,,,,,
,,,C1CN2CCC1N(CC2)C(=O)OC3=CC=C(C=C3)Br,0,,C[N+](C)(C)C.[OH-],0,,CCOP(=S)(OCC)O/N=C(\C#N)/C1=CC=CC=C1,1,,,,,C1CCC(CC1)N=C=NC2CCCCC2,1,,,,,,
,,,C1=CC(=CC=C1N)SC2=CC=C(C=C2)N,1,,C1CCCCCC(=O)CCCCC1,0,,C1CNCCC1C(C2=CC=CC=C2)(C3=CC=CC=C3)O,0,,,,,CN1CCC(C(C1)C(=O)C2=CC=C(C=C2)F)(C3=CC=C(C=C3)F)O,1,,,,,,
,,,C1=CC=C(C=C1)[Si](C2=CC=CC=C2)(C3=CC=CC=C3)O,1,,CCCCOC(=O)C1=CC=C(C=C1)O,1,,CCN(CC)CCNC(=O)COC1=CC=C(C=C1)OC.Cl,0,,,,,CC1=C(C2=C(N1C(=O)C3=CC=C(C=C3)Cl)C=CC(=C2)OC)CC(=O)OC/C=C(\C)/CC/C=C(\C)/CCC=C(C)C,1,,,,,,
,,,CC(=O)NCCO,0,,C1=CC(=CC=C1C(=O)O)S(=O)(=O)N,0,,C1CN=C(N1)C2COC3=CC=CC=C3O2,0,,,,,CC1=NC2=C(CC3=C(O2)C=CC(=C3)C(C)C(=O)OCC(=O)N(C)C)C=C1,1,,,,,,
,,,CCC1=CC=CC(=C1N(C(C)COC)C(=O)CCl)C,1,,CCCCCC[N+]1=CC=CC=C1.[I-],0,,CN1C(=CN=C1COC(=O)N)[N+](=O)[O-],0,,,,,C1=CC2=C3C(=C1)C(=O)C(=O)C3=CC=C2,1,,,,,,
,,,CC1=C(C(=CC=C1)O)N,1,,CC1=CN=C(C(=C1OC)C)CS(=O)C2=NC3=C(N2)C=CC(=N3)OC,1,,COC1=C(C=CC(=C1)/C=C/2\CCC/C(=C/C3=CC(=C(C=C3)O)OC)/C2=O)O,1,,,,,C[N+](C)(C)C.[Cl-],0,,,,,,
,,,C1=CC=C(C=C1)C2=CC(=CC=C2)C3=CC=CC=C3,1,,CC1=CC(=C(C=C1)[N+](=O)[O-])N,0,,C=CCN1C2=C(N=C(NC2=O)N)N(C1=O)[C@H]3[C@@H]([C@@H]([C@H](O3)CO)O)O,0,,,,,CC(=C)C(=O)N,0,,,,,,
,,,CN1C2=C(C(=O)N(C1=O)C)N(C=N2)CC(=O)O,0,,C1(C(C(C(C(C1Cl)Cl)Cl)Cl)Cl)Cl,1,,C1=CC(=CC=C1OC2=C(C=C(C=C2)NC(=O)C3=C(C(=CC(=C3)I)I)O)Cl)Cl,1,,,,,C1(=C(C(=C(C(=C1Cl)Cl)Cl)Cl)Cl)Cl,0,,,,,,
,,,CCOC(=O)C(=C(C1=CC=CC=C1)C2=CC=CC=C2)C#N,1,,CC/C(=C(\C1=CC=CC=C1)/C2=CC=C(C=C2)OCCN(C)C)/C3=CC=CC=C3.C(C(=O)O)C(CC(=O)O)(C(=O)O)O,1,,C1=CN(C(=N1)[N+](=O)[O-])CC(=O)NCCO,0,,,,,CCOCCO,0,,,,,,
,,,CC1=C(C(=O)CC1OC(=O)C2C(C2(C)C)C=C(C)C)CC=C,1,,CCN(CC)C(=O)/C(=C(\C)/OP(=O)(OC)OC)/Cl,0,,C(CSCCO)O,0,,,,,CN(C)CCCCCCN(C)C,0,,,,,,
,,,CCOC(=O)C1=NN(C(C1)(C)C(=O)OCC)C2=C(C=C(C=C2)Cl)Cl,1,,CCCCCCCC/C=C\CCCCCCCC(=O)N(CCO)CCO,1,,CC(=O)N[C@@H](CCC(=O)O)C(=O)O,0,,,,,C1CN(CCC12C(=O)NCN2C3=CC=CC=C3)CCCOC4=CC=C(C=C4)F,1,,,,,,
,,,C1=CC(=C(C=C1Cl)Cl)CO/N=C(\CN2C=CN=C2)/C3=C(C=C(C=C3)Cl)Cl.[N+](=O)(O)[O-],1,,C1=CC(=CC=C1[N+](=O)[O-])OC2=C(C=C(C=C2)Cl)Cl,1,,CC(C)NCC(C1=CC2=CC=CC=C2C=C1)O,0,,,,,CC1=C(C(CCC1)(C)C)/C=C/C(=C/C=C/C(=C/COC(=O)C)/C)/C,1,,,,,,
,,,C(C(F)(F)F)(Cl)Br,0,,CNC(=O)O/N=C(/C(=O)N(C)C)\SC,0,,C1CN(CCN1)C2=C3C(=CC=C2)OCCO3.Cl,0,,,,,CC1(CC(=O)CC(N1[O])(C)C)C,0,,,,,,
,,,CNCC1=CC=C(C=C1)NC(=O)C2=CNC3=C2C(=O)CCC3,1,,C(F)(F)(F)S(=O)(=O)O,0,,C1=CC(=CC(=C1)S(=O)(=O)NCCNS(=O)(=O)C2=CC=CC(=C2)[N+](=O)[O-])[N+](=O)[O-],1,,,,,C1CN(CCC1C2=CN(C3=C2C=C(C=C3)Cl)C4=CC=C(C=C4)F)CCN5CCNC5=O,1,,,,,,
,,,CC1=C(S(=O)(=O)CCS1(=O)=O)C,1,,CC(C)COC(=O)C1=CC=C(C=C1)N,1,,C1=CC=C(C=C1)C(C2=CC=CC=C2)C(=O)C3C(=O)C4=CC=CC=C4C3=O,1,,,,,C1=NC2C(N1)C(=S)NC=N2.O,1,,,,,,
,,,C1=CC=C(C=C1)S(=O)(=O)OC2=C(C=C(C=C2)Cl)Cl,1,,CCC(C)OC(=O)N1CCCCC1CCO,1,,CC1=N[C@@]2([C@H](O1)C[C@@H]3[C@@]2(C[C@@H]([C@H]4[C@H]3CCC5=CC(=O)C=C[C@]45C)O)C)C(=O)COC(=O)C,0,,,,,CC(C)CC(C)CC(=O)CC(C)C,0,,,,,,
,,,C1(=C(C(=C(C(=C1Cl)Cl)Cl)Cl)Cl)[O-].[Na+],1,,CC1=CC(=CC(=C1OCCCC2=CC(=NO2)C)C)C3=NOC(=N3)C(F)(F)F,1,,C1COC2=C([C@]13C(=O)NC(=O)N3)C=C(C=C2)F,0,,,,,C1=CC(=CC=C1C(=O)OCCCOC(=O)C2=CC=C(C=C2)N)N,1,,,,,,
,,,CCOC1=CC2=C(C=C1)NC(C=C2C)(C)C,1,,C1=C(C=C(C(=C1N)O)[N+](=O)[O-])[N+](=O)[O-],1,,COCCC1=CC=CC=N1,0,,,,,CC[C@@]1(C[C@H]2C[C@@](C3=C(CCN(C2)C1)C4=CC=CC=C4N3)(C5=C(C=C6C(=C5)[C@]78CCN9[C@H]7[C@@](C=CC9)([C@H]([C@@]([C@@H]8N6C)(C(=O)OC)O)OC(=O)C)CC)OC)C(=O)OC)O.OS(=O)(=O)O,1,,,,,,
,,,CC(C)OC1=CC2=C(C=C1)C(=O)C(=CO2)C3=CC=CC=C3,1,,C1C[C@H]2[C@@H]3CC[C@@H](C3)[C@H]2C1,0,,CC(=O)N/N=C/C1=CC=C(O1)[N+](=O)[O-],1,,,,,CCOC1=CC2=C(C=C1)NC(CC2C)(C)C,1,,,,,,
,,,C1CN(CCN1)CCN,0,,CC[S+](CC)CC.C(F)(F)(F)S(=O)(=O)[N-]S(=O)(=O)C(F)(F)F,1,,CC[N+](CC)(CC)CCOC1=CC=C(C=C1)/C=C/C2=CC=CC=C2.[I-],0,,,,,CC(C)(C)CC(C)(C)N,0,,,,,,
,,,COC(=O)[C@H](CC1=CC=CC=C1)NC(=O)[C@H](CC(=O)O)N,0,,CC(C)CC(=O)OCC=C,0,,CC(C)(C)CC(C)(C)C1=CC(=C(C=C1)O)CC2=C(C=C(C=C2)Cl)Cl,1,,,,,CC1=CCC(CC1)C(C)(C)O,0,,,,,,
,,,CCCCOCCOCCOCC1=CC2=C(C=C1CCC)OCO2,1,,CC1=CC=CC=C1,0,,CC1(C(=O)C=C(O1)C(=O)O)C2=CC=CC=C2,0,,,,,C[C@@H]([C@@H](C1=CC(=CC=C1)O)O)N.[C@@H]([C@@H](C(=O)O)O)(C(=O)O)O,0,,,,,,
,,,C1=CC(=CC=C1CC2=CC=C(C=C2)O)O,1,,CCCCCCCCCCCCCCCCC=C,0,,CC(C)CN1C=NC2=C1C(=O)N(C(=O)N2C)C,0,,,,,C1CN(CCN1CCCN2C(=O)N3C=CC=CC3=N2)C4=CC(=CC=C4)Cl.Cl,1,,,,,,
,,,C1C(O[C@H](O1)CO)N2C=CC(=NC2=O)N,0,,CCN(CC)C1=NC(=CC(=N1)OP(=S)(OC)OC)C,1,,CC1=CC=C(C=C1)N2C(=CC(=N2)C(C)(C)C)NC(=O)NC3=CC=C(C4=CC=CC=C43)OCCN5CCOCC5,1,,,,,CC(C)COC(=O)C1=CC=C(C=C1)N,1,,,,,,
,,,C1=CC(=CC=C1S(=O)(=O)C2=CC(=C(C=C2Cl)Cl)Cl)Cl,1,,C=CC=O,0,,CC(C)NCC(COC1=CC=C(C=C1)NC(=O)C)O,0,,,,,CC1=CC=CC=C1N=NC2=CC(=C(C=C2)N)C,1,,,,,,
,,,C1[C@@H]2C=C[C@@H]1[C@H]3[C@@H]2[C@]4(C(=C([C@@]3(C4(Cl)Cl)Cl)Cl)Cl)Cl,1,,CC1=C2C=CC3=CC=CC=C3C2=C(C4=CC=CC=C14)C,1,,CC(C)NCC(C1=CC(=C(C=C1)N)C#N)O,0,,,,,CCN(CC)CCSC(=O)C(C1=CC=CC=C1)C2=CC=CC=C2,1,,,,,,
,,,CC(=C)C(=O)O,0,,CC(=C)C(=O)OCCOP(=O)(O)OCCOC(=O)C(=C)C,0,,CC(C)OC(=O)C1=CC2=C(N1)C=CC=C2OCC(CNC(C)(C)C)O,0,,,,,CCCCCCCCCCCCCCCCCC(=O)O,0,,,,,,
,,,CCCCCCCCCCCCOCCO,1,,C1CCN(CC1)C(=O)[C@H]2CCC(=O)N2,0,,CC1=C(C(=CC=C1)C)NC(=O)C2=CC(=C(C=C2O)Cl)S(=O)(=O)N,0,,,,,C[C@H](CCC(=O)[O-])[C@H]1CC[C@@H]2[C@@]1([C@H](C[C@H]3[C@H]2[C@@H](C[C@H]4[C@@]3(CC[C@H](C4)O)C)O)O)C.[Na+],0,,,,,,
,,,CC1=CC=C(C=C1)C(=O)C2=C(C=C(C=C2)OC)O,1,,CC1=C(N(C2=C1C=C(C=C2)O)CC3=CC=C(C=C3)OCCN4CCCCCC4)C5=CC=C(C=C5)O.CC(=O)O,1,,CC1=CN=C(N=C1)NS(=O)(=O)C2=CC=C(C=C2)N,0,,,,,CC(CN1C2=CC=CC=C2CCC3=CC=CC=C31)CN(C)C.C(=C\C(=O)O)\C(=O)O,1,,,,,,
,,,C1=CN=CC=C1C(=O)N,0,,C1=CN=CC(=C1N)N,0,,CC(=O)NC1CCSC1=O,0,,,,,CC1C2=NN=C(N2C3=C(C=C(S3)CCC4=CC=C(C=C4)CC(C)C)C(=N1)C5=CC=CC=C5Cl)C,1,,,,,,
,,,C1=CC(=CC=C1OS(=O)(=O)C2=CC=C(C=C2)Cl)Cl,1,,CCCCOC(=O)C1=CC=C(C=C1)O,1,,CC(=O)N[C@@H](CO)C(=O)N[C@@H](CC(=O)O)C(=O)N[C@@H](CCCCN)C(=O)N1CCC[C@H]1C(=O)O,0,,,,,C[C@@H]1[C@H]([C@H]([C@@H](O1)N2C=C(C(=O)NC2=O)F)O)O,0,,,,,,
,,,C1CC(CCC1CC2CCC(CC2)N=C=O)N=C=O,0,,CCC(C)CC(=O)CC,0,,CC1=CC(=C(C=C1NC(=O)C2=C(C(=CC(=C2)I)I)O)Cl)C(C#N)C3=CC=C(C=C3)Cl,1,,,,,C1=CC(=CN=C1)C(=O)NN,1,,,,,,
,,,C1=CC=C(C=C1)/[N+](=N/[O-])/[O-].[NH4+],1,,C1CCN(CC1)CCC(C2=CC=CC=C2)(C3=CC=CC=C3)O,0,,CC1=C(C2=CC=CC=C2N1CCC(=O)O)CN3C=CN=C3,1,,,,,C1CC(=O)OC(=O)C1,0,,,,,,
,,,CCOC(=O)NC(C)(C)CC1=CC=C(C=C1)Cl,1,,CC(C1=CC=CC=C1)O,0,,CC1=NC=C(N1CC(C)O)[N+](=O)[O-],0,,,,,CCCCN1C=C[N+](=C1C)C.F[P-](F)(F)(F)(F)F,0,,,,,,
,,,C1=CC=C2C(=C1)NC(=N2)C3=CSC=N3,1,,CC(=O)OC1=CC2=C(S1)CCN(C2)C(C3=CC=CC=C3F)C(=O)C4CC4.Cl,1,,CN(CCCN1CCC2=CC(=C(C=C2CC1=O)OC)OC)CCC3=CC(=C(C=C3)OC)OC.Cl,0,,,,,CCOP(=S)(OCC)OC1=NOC(=C1)C2=CC=CC=C2,1,,,,,,
,,,CC1=C(C=CC=C1[N+](=O)[O-])C(=O)O,0,,C1=CC=C(C=C1)N.Cl,1,,CN1CC2=C(C=CC(=C2)C(=O)N3CCC(CC3)C4CCNCC4)N[C@H](C1=O)CC(=O)O,0,,,,,CCCCCCCCCCCCN1C=C[N+](=C1)C.C(F)(F)(F)S(=O)(=O)[O-],1,,,,,,
,,,C1=CC=C(C=C1)C2=CC(=O)C3=C(C=C(C=C3O2)O)O,1,,CC1=COC2=CC=CC=C2C1=O,0,,CN1CC2=C(C=CC(=C2)C(=O)N3CCC(CC3)C4CCNCC4)N[C@@H](C1=O)CC(=O)O,0,,,,,CC1=CC(=CC=C1)N(C)C(=S)OC2=CC3=CC=CC=C3C=C2,1,,,,,,
,,,CC1=CC(=C(C(=C1)C)C(=O)P(=O)(C2=CC=CC=C2)C3=CC=CC=C3)C,1,,CCCCCC1C(CCC1=O)CC(=O)OC,1,,CCCN(CCC)C(=O)CC1=C(N=C2N1C=C(C=C2)Cl)C3=CC=C(C=C3)Cl,1,,,,,C[C@]12CCC(=O)C(=C1CC[C@@H]3[C@@H]2CC[C@]4([C@H]3CCC4=O)C)O,0,,,,,,
,,,CCC1=CC=CC=C1O,0,,CCO,0,,CCC1=C(C(=CC=C1)CC)NC(=O)CN(CC(=O)O)CC(=O)O,0,,,,,CCCCC1=CC2=C(C=C1)N=C(N2)NC(=O)OC,1,,,,,,
,,,COC1=C2C(=CC3=C1OC=C3)C=CC(=O)O2,1,,CC(C)NC1=NC(=NC(=N1)SC)N=[N+]=[N-],1,,C1=CC(=C(C=C1Cl)Cl)/C(=C/N2C=NC=N2)/Cl.Cl,0,,,,,C1CCC2=NC3=C(CN2CC1)C(=CC(=C3)Cl)Cl.Cl,1,,,,,,
,,,CC1=CC(=C(C=C1)NC(=O)CC(=O)C)C,0,,CO[C@H]1[C@@H](C[C@@H]2CN3CCC4=C([C@H]3C[C@@H]2[C@@H]1C(=O)OC)NC5=C4C=CC(=C5)OC)OC(=O)COC6=CC=C(C=C6)OC,1,,CN1C[C@@H]2C[C@H]1CN2C3=C(C=C4C(=C3)N(C=C(C4=O)C(=O)O)C5CC5)F,0,,,,,C1=CC(=CC=C1OCC(=O)O)Cl,0,,,,,,
,,,CCC1=CC=CC(=C1N(COCC)C(=O)CCl)C,1,,CC[C@H]1C(=O)N(CC(=O)N([C@H](C(=O)N[C@H](C(=O)N([C@H](C(=O)N[C@H](C(=O)N[C@@H](C(=O)N([C@H](C(=O)N([C@H](C(=O)N([C@H](C(=O)N([C@H](C(=O)N1)[C@@H]([C@H](C)C/C=C/C)O)C)C(C)C)C)CC(C)C)C)CC(C)C)C)C)C)CC(C)C)C)C(C)C)CC(C)C)C)C,0,,CC1=C(N(C2=C1C=C(C=C2)C(=O)OCCN(C)C)CC3=CC=CC=C3)C,1,,,,,CC(C)(C)C1=CC(=C(C=C1)O)O,1,,,,,,
,,,C1=CC=C(C=C1)C(CC(C2=CC=C(C=C2)C3=CC=C(C=C3)Br)O)C4=C(C5=CC=CC=C5OC4=O)O,0,,C1CCC(CC1)O,0,,CC1=C2C(=CS1)C(=O)NC3=CC=CC=C3N2C(=O)CN4CCN(CC4)C,0,,,,,C1=CC=C(C(=C1)[N+](=O)[O-])[N+](=O)[O-],0,,,,,,
,,,CCN(CC)C(=O)N(CC)CC,0,,CN(CC1=CN=C2C(=N1)C(=NC(=N2)N)N)C3=CC=C(C=C3)C(=O)N[C@@H](CCC(=O)O)C(=O)O,0,,CCN(CC)CCOC1=CC=C(C=C1)C(CC2=CC=C(C=C2)Cl)(C3=CC=C(C=C3)C)O,1,,,,,C1CN=C(N1)C2COC3=CC=CC=C3O2,1,,,,,,
,,,CN1C(=O)C2=C(C1=O)C=C(C=C2)[N+](=O)[O-],0,,CC(C)NCC(COC1=CC=C(C=C1)CCOCC2CC2)O,0,,CC1=NC=C(C=C1)CCN2C3=C(CN(CC3)C)C4=C2C=CC(=C4)Cl,1,,,,,CC1CNCC(O1)C,0,,,,,,
,,,CCCCC(CC)COC(=O)Cl,0,,CCCCN1C=C[N+](=C1)C.C(#N)[S-],0,,COC1=C(C=C(C=C1)S(=O)(=O)N2[C@@H]([C@@](C3=C2C=CC(=C3)Cl)(C4=CC=CC=C4Cl)O)C(=O)N5CCC[C@@H]5C(=O)N)OC,1,,,,,CC1=CC=C(C=C1)C(C)(C)C,0,,,,,,
,,,CC(=CC1C(C1(C)C)C(=O)OCC2=COC(=C2)CC3=CC=CC=C3)C,1,,CC[C@H](C)[C@@H]1[C@H](C=C[C@@]2(O1)C[C@@H]3C[C@H](O2)C/C=C(/[C@H]([C@H](/C=C/C=C/4\CO[C@H]5[C@@]4([C@@H](C=C([C@H]5O)C)C(=O)O3)O)C)O[C@H]6C[C@@H]([C@H]([C@@H](O6)C)O[C@H]7C[C@@H]([C@H]([C@@H](O7)C)[NH2+]C)OC)OC)\C)C.C1=CC=C(C=C1)C(=O)[O-],1,,COC1=C(C=CC(=C1)C2=NNC(=O)C=C2)OC(F)F,0,,,,,CC(=CCC/C(=C\CCC(C)(C=C)O)/C)C,1,,,,,,
,,,C1CN(CCN1CCCN)CCCN,0,,CC1=CC=C(C=C1)N(C)C,0,,C1=CC(=CC=C1C(=O)O)OCCCOC2=CC=C(C=C2)C(=O)O,0,,,,,C1=CC(=C(C=C1F)F)C(CN2C=NC=N2)(CN3C=NC=N3)O,0,,,,,,
,,,C(=C\C(=O)O)\C(=O)O,0,,CO[Si](C1=CC=CC=C1)(C2=CC=CC=C2)OC,1,,C1=CC(=C[N+](=C1)[O-])CO,0,,,,,C[Si]1(O[Si](O[Si](O[Si](O1)(C)C)(C)C)(C)C)C,0,,,,,,
,,,CC(=O)CC(=O)OC(C)(C)C,0,,C1=CC=C(C=C1)CCCCOCCCCCCNCC(C2=CC(=C(C=C2)O)CO)O.C1=CC=C2C(=C1)C=CC(=C2O)C(=O)O,0,,C1=C2C3=C(C(=C1O)O)OC(=O)C4=CC(=C(C(=C43)OC2=O)O)O,0,,,,,CCOP(=S)(OCC)SCN1C2=C(C=C(C=C2)Cl)OC1=O,1,,,,,,
,,,CCCC(=O)OCOC(=O)C1=C(NC(=C(C1C2=C(C(=CC=C2)Cl)Cl)C(=O)OC)C)C,0,,C1=C[N+](=CC=C1[N+](=O)[O-])[O-],1,,C1=CC2=C(C=C1Cl)N(C(=O)N(C2=O)CC3=C(C=C(C=C3)Br)F)CC(=O)O,0,,,,,C1CCCNCCC1,0,,,,,,
,,,CCCCCCCCC=O,0,,CC1=C(C=CC(=C1)C2=CC(=C(C=C2)N)C)N.Cl.Cl,1,,CCOC(=O)N,0,,,,,CCC(C)C(=O)OCCC1=CC=CC=C1,0,,,,,,
,,,CC1=C(C(=NO1)C2=CC=CC=C2)C3=CC=C(C=C3)S(=O)(=O)N,0,,C/C=C/C1=CC(=C(C=C1)O)OC,1,,C(=NN)(N)N.C(=NN)(N)N.OS(=O)(=O)O,0,,,,,CC[C@H](CO)N,0,,,,,,
,,,CCOC1=CC2=C(C=C1)N=C(S2)S(=O)(=O)N,1,,C1CC(CCC1CN)C(=O)OC2=CC=C(C=C2)CCC(=O)O.Cl,0,,CC(=O)SC[C@@H](CC1=CC=CC=C1)C(=O)NCC(=O)OCC2=CC=CC=C2,1,,,,,CC1=C(C=CC(=C1)OC)Br,0,,,,,,
,,,C1=CC2=C3C(=C1)C=CC4=CC=CC(=C43)C=C2,1,,N(=O)[O-].[Na+],0,,C1CN(CCN1CC(CO)O)C2=CC=CC=C2,0,,,,,CC(C)(C(Cl)(Cl)Cl)O,0,,,,,,
,,,CC(C)[C@H](C(=O)OC(C#N)C1=CC(=CC=C1)OC2=CC=CC=C2)NC3=C(C=C(C=C3)C(F)(F)F)Cl,0,,C1CNC[C@H]([C@@H]1C2=CC=C(C=C2)F)COC3=CC4=C(C=C3)OCO4,0,,C1C2=C(C(=CC=C2)O)C(=O)C3=C1C=CC=C3O,0,,,,,C1=CC=C2C(=C1)C(=CN2)C[C@H](C(=O)O)N,0,,,,,,
,,,CC(CCl)OP(=O)(OC(C)CCl)OC(C)CCl,1,,CC1=C(C=CC(=C1)C2=CC(=C(C=C2)N)C)N,1,,CNC(=O)C1=CC=CC=C1SC2=CC3=C(C=C2)C(=NN3)/C=C/C4=CC=CC=N4,1,,,,,CC1=CC=C(C=C1)C(=O)Cl,0,,,,,,
,,,CC1=CC=C(O1)C(=O)O,0,,CCCCC(CC)CN=C(N)NC(=NCCCCCCN=C(N)NC(=NCC(CC)CCCC)N)N.Cl.Cl,1,,CC1(C(C1C(=O)OC(C#N)C2=CC(=CC=C2)OC3=CC=CC=C3)C=C(Cl)Cl)C,1,,,,,CCN(C(=O)N)N=O,0,,,,,,
,,,CC[C@H](C)COC(=O)/C=C/C1=CC=C(C=C1)N=CC2=CC=C(C=C2)OC,1,,COC1=CC(=CC=C1)OC,0,,CN1C2=C(C(=O)N(C1=O)C)N(C=N2)CC(=O)O,0,,,,,CC(C)CCCCCCN,0,,,,,,
,,,CC1=CC=NC=C1,0,,CC(C)CC(C)O,1,,CN1CCC=C(C1)C(=O)OC,0,,,,,C1=CC=C2C(=C1)C(=O)OC23C4=CC(=C(C(=C4OC5=C(C(=C(C=C35)I)O)I)I)O)I,0,,,,,,
,,,C1=CC(=CC=C1[N+](=O)[O-])[As](=O)(O)O,0,,C/C=C(/C(=C/C)/C1=CC=C(C=C1)OC(=O)C)\C2=CC=C(C=C2)OC(=O)C,1,,C1=CC(=CC=C1C(=O)O)N,0,,,,,CCOC(=O)CCC(=O)C,0,,,,,,
,,,C[C@@H](C(=O)N[C@@H](C)C(=O)NC1[C@H]2[C@@H]1CN(C2)C3=C(C=C4C(=O)C(=CN(C4=N3)C5=C(C=C(C=C5)F)F)C(=O)O)F)N.CS(=O)(=O)O,1,,CCN(CC)C(=O)N1CCN(CC1)C.C(C(=O)O)C(CC(=O)O)(C(=O)O)O,0,,CC1=C(C(=O)N(N1C)C2=CC=CC=C2)N,0,,,,,CC(=CCCC(C)(C=C)OC(=O)C)C,0,,,,,,
,,,CCOP(=S)(OCC)OC1=NC2=CC=CC=C2N=C1,1,,C1[C@H]([C@@H]([C@H](C(O1)O)O)O)O,0,,CCC(C)(CN(C)C)OC(=O)C1=CC=CC=C1.Cl,0,,,,,CC(=O)C1=CC=CC=C1N,0,,,,,,
,,,CC(C)(C)NCC(C1=CC(=C(C=C1)O)CO)O,0,,CC(COC1=CC=CC=C1)O,0,,COC1=CC=CC=C1N2CCNCC2.Cl,0,,,,,C1CCC(CC1)S,0,,,,,,
,,,CNC(=O)OC1=CC=CC(=C1)N=CN(C)C.Cl,0,,CCN1C=C[N+](=C1)C.CCOP(=O)([O-])OCC,0,,CC(=O)N1CCN(CC1)C2=CC=C(C=C2)O,1,,,,,C1=CC(=C(C(=C1)Cl)C(=S)N)Cl,0,,,,,,
,,,CC(C)(C(=O)O)OC1=CC=C(C=C1)C2CC2(Cl)Cl,0,,C1=CN=CC=C1C(=O)N,0,,C1CC(C1)C(=O)O,0,,,,,CC(=O)C1=C(C(=C(C=C1)Cl)Cl)Cl,0,,,,,,
,,,CC(=O)N(CC(=O)N(C)C)C1=CC=CC=C1,0,,C1=CC=C(C=C1)CCO,0,,CC(=O)C1CCOC1=O,0,,,,,CN1[C@@H](CCC1=O)C2=CN=CC=C2,0,,,,,,
,,,CC1(CCC(CC1)C(C)(C)N)N,0,,CC1=CC(=C(C=C1)N/N=C/2\C(=O)C=C/C(=N\NC3=CC=C(C=C3)S(=O)(=O)[O-])/C2=O)C.[Na+],1,,CCS(=O)(=O)C1=CC(=C(C=C1)OC)C(=O)OC,0,,,,,COCCCN1CCC(CC1)NC(=O)C2=CC(=C(C3=C2OCC3)N)Cl,0,,,,,,
,,,CC1=CCC(CC1)C(C)(C)OC(=O)C,0,,CC1=CC(=CC(=C1Cl)C)O,0,,C1CNCCC1N2C3=C(C=C(C=C3)Cl)NC2=O,0,,,,,C1=C(C(=C(C(=C1Cl)Cl)Cl)O)Cl,1,,,,,,
,,,CCCCCCC1CCCC(=O)O1,0,,CC(=O)NC1=C2C(=CC(=C1)S(=O)(=O)[O-])C=C(C(=C2O)N=NC3=CC=CC=C3)S(=O)(=O)[O-].[Na+].[Na+],1,,COC1=CC(=CC(=C1OC)C(=O)O)S(=O)(=O)N,0,,,,,C1=CC=C(C(=C1)C(=O)C2=C(C=CC(=C2)Cl)NC(=O)CBr)F,1,,,,,,
,,,CC1=C(C=CC(=C1)OP(=S)(OC)OC)SC,1,,C1CC=COC1,0,,COCCOCC(OC)OC,0,,,,,C1=CC(=C(C=C1Cl)SC2=C(C=CC(=C2)Cl)O)O,1,,,,,,
,,,C1CC(CC(C1)CN=C=O)CN=C=O,0,,CC1(C(C1C(=O)OCC2=CC(=CC=C2)OC3=CC=CC=C3)C=C(Cl)Cl)C,1,,C1=CC(=CC=C1C(=O)CCCCl)F,0,,,,,CCO[C@@H]1[C@@H]([C@@H]2CC[C@H]([C@H]3[C@]24[C@H](O1)OC(CC3)(OO4)C)C)C,0,,,,,,
,,,C1=CC=C2C(=C1)NC(=N2)N,0,,CCC1=C(C(=CC=C1)CC)NC(=O)CN(CC(=O)O)CC(=O)O,0,,C1=C(N=C(NC1=O)N)N,0,,,,,CCCCCCOC(=O)C1=CC=CC=C1O,0,,,,,,
,,,CCCCCCCCCCCCCCNCCO.CC(C(=O)O)O,1,,CCC1=NC=C(N1)C,0,,C1CN(CCN1)C(=O)C2=CC=CO2,0,,,,,CCOC(=O)[C@H](CCC1=CC=CC=C1)N[C@@H](C)C(=O)N(CC(=O)O)C2CC3=CC=CC=C3C2.Cl,1,,,,,,
,,,COC1=C(C=CC(=C1)[N+](=O)[O-])N,0,,O=[Bi].Cl,0,,CC(=O)NC1=CC(=C(C=C1)C(=O)OC)OC,0,,,,,C=CC(=O)OCCOC1=CC=CC=C1,0,,,,,,
,,,CS(=O)(=O)O.C1[C@@H]2[C@@H](C2N)CN1C3=C(C=C4C(=O)C(=CN(C4=N3)C5=C(C=C(C=C5)F)F)C(=O)O)F,1,,CN(C)P(=O)(N(C)C)N(C)C,0,,COC1=CC(=CC(=C1OC)OC)CC#N,0,,,,,CC1=C(ON=C1C)NS(=O)(=O)C2=CC=C(C=C2)N,0,,,,,,
,,,C[C@@H]1CC[C@@H]2[C@@]13C[C@H](C2(C)C)C(=C(C3)C(=O)C)C,1,,CC(C(=O)[O-])O.CC(C(=O)[O-])O.[Ca+2],0,,C1=CC2=C(C=CN2)C(=C1)O,1,,,,,C1=CC=C(C=C1)OCCOC2=CC=CC=C2,1,,,,,,
,,,COC1=CC(=C(C=C1N)OC)S(=O)(=O)NC2=CC=CC=C2,1,,CC1=CC(=C(C=C1C(C)(C)C)C(C)(C)C)O,1,,CNCC(C1=CC=C(C=C1)O)O,0,,,,,CC(C)[C@@H](C(=O)N[C@H]1CC2=CC=CC=C2[C@H]3CCC[C@H](N3C1=O)C(=O)O)SC(=O)C,0,,,,,,
,,,C1CCC(CC1)NSC2=NC3=CC=CC=C3S2,1,,C(CO)NN,0,,CC(=CCOC1=C2C(=CC3=C1OC=C3)C=CC(=O)O2)C,0,,,,,C1CC1(C(CC2=CC=CC=C2Cl)(CN3C=NC=N3)O)Cl,1,,,,,,
,,,C1CN1P(=S)(N2CC2)N3CC3,0,,CCC1=CC=C(C=C1)CC,0,,C1CN2CCC1CC2,0,,,,,CCCCCCCCOC(=O)C,0,,,,,,
,,,CC1=CNC(=S)NC1=O,0,,C1CCC2=CC=CC=C2C1,0,,CC1=C(C=CC=C1N)C(F)(F)F,0,,,,,CCOC(=O)C1=C(N(C2=C1C=C(C=C2)O)C)C,1,,,,,,
,,,CCCCCC1=CC=CO1,0,,CC(C)COC(=O)C1=CC=CC=C1C(=O)OCC(C)C,1,,CCOC(=O)C(C1=CC=CC=C1)O,0,,,,,CCC1=CC=CC(=C1)C,0,,,,,,
,,,C1=CC=C(C=C1)COC(=O)N[C@@H](CC(=O)O)C(=O)O,0,,CC1=C(SCCO1)C(=O)NC2=CC=CC=C2,1,,C1C2=C(C=CC(=C2)Cl)NC1=O,1,,,,,CC(=O)[O-].CC(=O)[O-].[Hg+2],1,,,,,,
,,,C1=CC=C(C=C1)C2=CC=C(C=C2)C3=CC=CC=C3,1,,C1=CC(=C(C=C1Cl)Cl)CO/N=C(\CN2C=CN=C2)/C3=C(C=C(C=C3)Cl)Cl.[N+](=O)(O)[O-],1,,CO/N=C(/C1=CSC(=N1)NC(=O)CCl)\C(=O)O,0,,,,,CC(C)C1=C(C(=C(N1CC[C@H](C[C@H](CC(=O)O)O)O)C2=CC=C(C=C2)F)C3=CC=CC=C3)C(=O)NC4=CC=CC=C4,1,,,,,,
,,,C[C@@]1(C(=O)N(C(=N1)SC)NC2=CC=CC=C2)C3=CC=CC=C3,1,,C1=CC=C2C(=C1)C=CC=C2N,1,,CC(=O)CCC1=CC=C(C=C1)OC,0,,,,,C1CC2=CC=CC=C2C(=O)C3=CC=CC=C31,1,,,,,,
,,,COC1=C(C2=C(CC3C4=CC5=C(C=C4CCN3C2)OCO5)C=C1)OC,1,,CC(=CC(=O)O)C,0,,C1CC2=CC=CC=C2C(=O)C3=CC=CC=C31,0,,,,,CC(=O)O[Sn](C1=CC=CC=C1)(C2=CC=CC=C2)C3=CC=CC=C3,1,,,,,,
,,,CN(CCCl)CCCl.Cl,0,,CO[Si](CCCOCC1CO1)(OC)OC,0,,CC(C)NC(=O)C1=CC=C(C=C1)C=O,0,,,,,C[Sn](Cl)(Cl)Cl,0,,,,,,
,,,C1CCC(C1)C2=C(C=CC(=C2)Cl)O,1,,C1=CC(=CC=C1CN)S(=O)(=O)N.Cl,0,,C1=CC=C2C(=C1)NC3=C(S2)C=CC(=C3)Cl,1,,,,,CCCCCCCCCCCCCCCC[N+](C)(C)C.[Br-],0,,,,,,
,,,CCC(C1=CC=C(C=C1)N2CC3=CC=CC=C3C2=O)C(=O)O,1,,C1[C@@H]([C@H](O[C@H]1N2C=C(C(=O)NC2=O)Br)CO)O,0,,CCOC(=O)C1=CC(=C(C=C1)O)O,0,,,,,CC1=CC=C(C=C1)C2=C(N=C(N2S(=O)(=O)N(C)C)C#N)Cl,1,,,,,,
,,,C(C(=O)CCl)Cl,0,,C(Cl)Br,0,,COC(=O)C(C(=O)OC)Cl,0,,,,,COC=O,0,,,,,,
,,,CCNC1=NC(=NC(=N1)Cl)NCC,0,,CC(C)(C)C1=C(C=CC(=C1)O)O,1,,C1=NN=NN1CC(=O)O,0,,,,,[N+](=O)(O)[O-].[N+](=O)(O)[O-].[Cd],1,,,,,,
,,,CC[C@@]12CCCN3[C@@H]1C4=C(CC3)C5=CC=CC=C5N4C(=C2)C(=O)OCC,1,,C1=CC=C(C(=C1)C(CN2C=NC=N2)(C3=CC=C(C=C3)F)O)F,1,,C1CCC2(C1)CC(=O)NC(=O)C2,0,,,,,CC1=CC=C(C=C1)C(C)OC(=O)C2(CCC(C2(C)C)C(=O)O)C.C(CO)NCCO,0,,,,,,
,,,C1=CC=C2C(=C1)C=CC=C2O,1,,C1=CC(=CC=C1C(=C(Cl)Cl)C2=CC=C(C=C2)Cl)Cl,1,,CC(C)(C)C1=CC(=CC(=C1O)C(C)(C)C)C=O,0,,,,,CC1=C(C=CC(=C1)SCC2=C(N=C(S2)C3=CC(=C(C=C3)C(F)(F)F)F)C)OCC(=O)O,1,,,,,,
,,,CCCOCC(C)O,0,,CCCCCCCC(=O)OCCCCCC,0,,CCN(CC)CCN,0,,,,,C1C(O1)CBr,0,,,,,,
,,,C1=CC(=CC=C1C(CN)O)O,0,,CCCCC(CC)C(=O)Cl,0,,CCOC(=O)N1CCC(=O)CC1,0,,,,,C(C(CO)([N+](=O)[O-])Br)O,0,,,,,,
,,,CC1CC(=O)NN=C1C2=CC=C(C=C2)NC(=NC)NC#N,0,,CC(C)[C@H](C(=O)OC(C#N)C1=CC(=CC=C1)OC2=CC=CC=C2)NC3=C(C=C(C=C3)C(F)(F)F)Cl,1,,C1=CC=C2C(=C1)C(=O)N(C(=O)N2)CCCl,0,,,,,CCCC=C,0,,,,,,
,,,CC(C)OP(=S)(OC(C)C)SCCNS(=O)(=O)C1=CC=CC=C1,1,,C1=CC(=NC(=C1Cl)C(=O)O)Cl,0,,C1=CC(=C(C=C1C(F)(F)F)N)S.Cl,1,,,,,CC(C)(C1=NC2=NC=C(N2N=C1)C3=CC(=C(C=C3)F)C4=C(C=CC=C4F)C#N)O,1,,,,,,
,,,COC(=O)CC1=CC=CC2=CC=CC=C21,1,,CCN(CC1=CC(=CC=C1)S(=O)(=O)[O-])C2=CC=C(C=C2)C(=C3C=CC(=[N+](CC)CC4=CC(=CC=C4)S(=O)(=O)[O-])C=C3)C5=C(C=C(C=C5)O)S(=O)(=O)[O-].[Na+].[Na+],1,,C/C=C(/C(=C/C)/C1=CC=C(C=C1)OC(=O)C)\C2=CC=C(C=C2)OC(=O)C,0,,,,,CCOC1C(C2=C(O1)C=CC(=C2)OS(=O)(=O)C)(C)C,1,,,,,,
,,,C1CN=C(N1)NC2=C(C3=NC=CN=C3C=C2)Br,0,,CCCCCCCCCCCCCCN1C=C[N+](=C1)C.C(F)(F)(F)S(=O)(=O)[N-]S(=O)(=O)C(F)(F)F,1,,CCOC(=O)N1CCC(CC1)N2C3=C(C=C(C=C3)Cl)NC2=O,0,,,,,CN(CCCN1C2=CC=CC=C2CCC3=CC=CC=C31)CC(=O)C4=CC=C(C=C4)Cl.Cl,1,,,,,,
,,,C1=CC=C(C=C1)C2=NC(=NC(=N2)N)N,1,,CCN(CC)CC(=O)NC1=C(C=CC=C1C(=O)OC)C,0,,C1CCN(CC1)CCOC2=CC=C(C=C2)C(=O)O.Cl,0,,,,,C=CC1=CC=CC=C1,0,,,,,,
,,,C1=CC(=C(C=C1S(=O)(=O)O)C(=O)O)C(=O)O,0,,CN(C)CC/C=C/1\C2=CC=CC=C2SC3=C1C=C(C=C3)Cl,0,,C1=CC(=C(C=C1Br)F)CBr,0,,,,,CC(C1CC1)C(CN2C=NC=N2)(C3=CC=C(C=C3)Cl)O,1,,,,,,
,,,CCCCCCOC(=O)C1=CC=C(C=C1)O,1,,CC1=CC(=CC=C1)Cl,0,,CC(C)C(=O)NC1=CC=CC(=C1)C(F)(F)F,0,,,,,C1=CC(=CC=C1[N+](=O)[O-])[N+](=O)[O-],1,,,,,,
,,,C1=CC(=CC=C1C(=N)N)OCCCCCOC2=CC=C(C=C2)C(=N)N.C(CS(=O)(=O)O)O.C(CS(=O)(=O)O)O,0,,C1=CC(=C(C=C1C(F)(F)F)Cl)OC2=CC(=C(C=C2)[N+](=O)[O-])C(=O)[O-].[Na+],1,,CCOC(=O)C(=O)CCCCCCl,0,,,,,COC1=CC(=C(C=C1)C(=O)C2=CC=CC=C2)O,1,,,,,,
,,,CC1=C(C(=CC=C1)C)NC(=O)C2=CC=CC=C2C(=O)O,0,,CC(C)(C)C(C(N1C=NC=N1)OC2=CC=C(C=C2)C3=CC=CC=C3)O,1,,C/C(=C/C(=O)OC)/N,0,,,,,CC1=C(C=C(C=C1)[N+](=O)[O-])S(=O)(=O)O,0,,,,,,
,,,C1=CC=C(C=C1)C(=N)N.Cl,0,,C1=CC=C(C=C1)[S-].[Na+],1,,C1CC1N2C=C(C(=O)C3=CC(=C(C=C32)Cl)F)C(=O)O,0,,,,,C1=CC=C2C(=C1)C(=CN2)CC(=O)C(=O)O,1,,,,,,
,,,CC1(C(C1C(=O)OCC2=CC(=CC=C2)OC3=CC=CC=C3)C=C(Cl)Cl)C,1,,CCN1CCN(CC1)C2=C(C=C3C(=C2)N(C=C(C3=O)C(=O)O)C4CC4)F,0,,CCOC(=O)N1CCC(CC1)NC2=C(C=C(C=C2)Cl)N,1,,,,,C1=CC=C(C(=C1)C(=O)O)S,0,,,,,,
,,,CCN(CC)CCOC1=CC=CC=C1C(=O)CCC2=CC=CC=C2,1,,C1=CC=C2C(=C1)C(=O)OC23C4=CC(=C(C(=C4OC5=C(C(=C(C=C35)I)[O-])I)I)[O-])I.[Na+].[Na+],1,,COC1=C(C=C(C=C1)Cl)C(=O)OC,0,,,,,CN(C1=CC=C(C=C1)OC(=O)C2=CC=CO2)C(=O)C(Cl)Cl,0,,,,,,
,,,C1=CC=C(C=C1)NN=NC2=CC=CC=C2,1,,CN(C)CCC#N,0,,CC(=O)C1=CC[C@@H]2[C@@]1(CC[C@H]3[C@H]2CC=C4[C@@]3(CC[C@@H](C4)OC(=O)C)C)C,0,,,,,CCCCN1C=C[N+](=C1)C.[Cl-],0,,,,,,
,,,C(C(=O)O)S,0,,CCCCCCCCOC(=O)C1=CC=C(C=C1)O,1,,CC1=C(C(=NO1)C2=CC=CC=C2)C(=O)Cl,0,,,,,CCOC(=O)CC(=O)C1=CC=CC=C1,1,,,,,,
,,,CCN(CCN1C(=NC2=C1C(=O)N(C(=O)N2C)C)CC3=CC=CC=C3)CCO.Cl,0,,CC(=O)CC(C1=CC=CC=C1)C2=C(C3=CC=CC=C3OC2=O)[O-].[K+],1,,CCCC(=O)NC1=CC(=C(C=C1)O)C(=O)C,0,,,,,CC(C(=O)O)Cl,0,,,,,,
,,,C=C1C(C2(C(C(C1(C2(Cl)Cl)Cl)Cl)Cl)Cl)(CCl)CCl,1,,C1=CC=C(C(=C1)CC2=CC=CC=C2O)O,1,,CCOC(=O)CN1CCCC1=O,0,,,,,C1=CC=C2C(=C1)C=CC=C2N,1,,,,,,
,,,CC1=C2C=CC3=CC=CC4=C3C2=C(C=C1)C=C4,1,,CC1=CC2=C(C=C1C(=C)C3=CC=C(C=C3)C(=O)O)C(CCC2(C)C)(C)C,1,,C1CN(CCN1)C2=CC=CC=C2Cl,0,,,,,CC(C1=CC(=CC=C1)OC2=CC=CC=C2)C(=O)[O-].CC(C1=CC(=CC=C1)OC2=CC=CC=C2)C(=O)[O-].O.O.[Ca+2],0,,,,,,
,,,C1=CC=C2C=C3C4=CC=CC5=C4C(=CC=C5)C3=CC2=C1,1,,C1=CC(=CC=C1C(C2=CC=C(C=C2)Cl)C(Cl)(Cl)Cl)Cl,1,,CC\1=C(C2=C(/C1=C\C3=CC=C(C=C3)SC)C=CC(=C2)F)CC(=O)O,1,,,,,CC[Hg]N1C(=O)C2C(C1=O)C3(C(=C(C2(C3(Cl)Cl)Cl)Cl)Cl)Cl,0,,,,,,
,,,CC1=C(C=CC(=C1)C(C)(C)C2=CC(=C(C=C2)O)C)O,1,,CCOP(=S)(OCC)OC1=CC2=C(C=C1)C(=C(C(=O)O2)Cl)C,1,,C1CC2=CC=CC=C2NC3=CC=CC=C31,1,,,,,CC(C)OC(=O)C1=CC2=C(N1)C=CC=C2OCC(CNC(C)(C)C)O,1,,,,,,
,,,CCCN(CCC)C(=O)SCC,0,,C[Si](C)(C)Cl,0,,C1CN(CCN1CCCCl)C2=CC(=CC=C2)Cl.Cl,0,,,,,C1(=NC(=O)N(C(=O)N1Cl)Cl)[O-].O.O.[Na+],0,,,,,,
,,,CCN(CC)C(=O)SCC1=CC=C(C=C1)Cl,1,,C1=C(C=C(C(=C1I)OC2=CC(=C(C(=C2)I)O)I)I)CC(=O)O,1,,C1=CC(=C(C=C1Cl)Cl)C(=O)CCl,0,,,,,C1CCC(CC1)N2CC3=CC(=C(C=C3C2=O)S(=O)(=O)N)Cl,1,,,,,,
,,,CCCC1=CC=CC=C1O,0,,CC1=C2C(=CC=C1)SC3=NN=CN23,0,,C1=CC=C2C(=C1)N=C(N2CC3=CC=C(C=C3)F)N,1,,,,,C=C(CC(=O)O)C(=O)O,0,,,,,,
,,,C([C@@H]([C@H]([C@@H](C(=O)CO)O)O)O)O,0,,C1[C@@H](C=C[C@@H]1OC2=CC=CC(=C2)OC3=CC=C(C=C3)F)N(C(=O)N)O,1,,COC1=C(C=C(C=C1)Cl)C(=O)NCCC2=CC=C(C=C2)S(=O)(=O)N,1,,,,,CCCCOCCOCCOCCOCCO,0,,,,,,
,,,CC1=C(C2=C(C=C1)C(=O)C3=CC=CC=C3C2=O)N,1,,CN1C2=C(C=C(C=C2)Cl)C(=NC(C1=O)O)C3=CC=CC=C3,1,,C([C@@H]1[C@@H]([C@@H]([C@H]([C@@H](O1)O[C@H]([C@@H](CO)O)[C@@H]([C@H](C(=O)O)O)O)O)O)O)O,0,,,,,C1=CC(=CC=C1COC(CN2C=CN=C2)C3=C(C=C(C=C3)Cl)Cl)Cl.[N+](=O)(O)[O-],1,,,,,,
,,,C1=CC=C(C=C1)OCCOC2=CC=CC=C2,1,,CC(=CCl)C,0,,CC(=O)OCC1=C(N2[C@@H]([C@@H](C2=O)N)SC1)C(=O)O,1,,,,,CC(C(=O)[O-])O.CC(C(=O)[O-])O.[Ca+2],0,,,,,,
,,,CCCCN(CCCC)CCCOC(=O)C1=CC=C(C=C1)N,1,,CC1=CC(=CC=C1)C,0,,CC(C)(C)C1=CC=C(C=C1)C(=O)CCCCl,0,,,,,CCCCN(CCCCO)N=O,0,,,,,,
,,,CC1=C(OC(=N1)C2=CC=C(C=C2)Cl)COC(C)(C)C(=O)O,0,,CC1=C(C2=C(CCC(O2)(C)COC3=CC=C(C=C3)CC4C(=O)NC(=O)S4)C(=C1O)C)C,1,,COC1=C(C=C2C(=C1)C(=O)NC(=O)N2)OC,0,,,,,C/C(=C\C=C\C=C(/C)\C=C\C=C(\C)/C=C/C(=O)OC)/C=C/C=C(\C)/C=C/C(=O)O,1,,,,,,
,,,C[C@]12CC[C@H]3[C@H]([C@@H]1CC[C@]2(C#C)O)CCC4=C3C=CC(=C4)OC,1,,C1=CC(=CC=C1N/C(=N/C(=NCCCCCCN=C(/N=C(/NC2=CC=C(C=C2)Cl)\N)N)N)/N)Cl,1,,C[C@]12CC[C@H]3[C@H]([C@@H]1CC[C@@H]2C(=O)O)CCC4=CC(=O)CC[C@]34C,0,,,,,CCCC(C)C=O,0,,,,,,
,,,CCCCC(CN1C=NC=N1)(C#N)C2=CC=C(C=C2)Cl,0,,C1=C(C(=CC(=C1Cl)Cl)Cl)[N+](=O)[O-],0,,C1CN(CCN1)C(C2=CC=C(C=C2)F)C3=CC=C(C=C3)F,0,,,,,C1CN(CCC1C=C(C2=CC=CC=C2)C3=CC=CC=C3)C(=O)CCCCCCCCC4=CN=CC=C4,1,,,,,,
,,,COC1=CC=C(C=C1)C(=O)NC2=NC3=CC=CC=C3C(=C2C#N)NCC4=CC=CC=C4,1,,CC1=CC(=C(C=C1N=NC2=CC=C(C=C2)S(=O)(=O)[O-])OC)N=NC3=CC=C(C=C3)OC.[Na+],1,,COCCC1=CC=C(C=C1)OCC2CO2,0,,,,,CCCCCCC#CC(=O)OC,0,,,,,,
,,,CC(C)(C)C1=C(C=CC(=C1)O)O,1,,CCOC(=O)C1=CC(=C(C=C1)O)O,0,,COC1=C(C=C2C(=C1)C(=NC(=N2)Cl)N)OC,0,,,,,CN(C)C1=CC=C(C=C1)C(=C2C=CC(=[N+](C)C)C=C2)C3=CC=CC=C3.C(=O)(C(=O)[O-])O,1,,,,,,
,,,[B-](F)(F)(F)F.CCN1C=C[N+](=C1C)C,0,,CCCCCCCCCCCCCCCCCC[N+](C)(C)CC1=CC=CC=C1.[Cl-],1,,C1=NC2=C(N1)C(=O)NC=N2,0,,,,,CCC(=O)C1=CC=C(C=C1)Cl,0,,,,,,
,,,C1=CC=C(C=C1)COC(=O)/N=N/C(=O)OCC2=CC=CC=C2,1,,C1=CC=C(C=C1)NC(=O)NC2=CC=CC=C2,1,,C1=CC=C(C(=C1)C2=NN=CO2)O,0,,,,,CCCCCCCC,0,,,,,,
,,,C1=CC(=C(C=C1Br)Br)OC2=CC(=C(C=C2Br)Br)Br,1,,C1=CC(=CC(=C1)CN)CN,1,,C1CN(CCN1)C2=CC=CC=C2,0,,,,,CCCCCCCCCCCCCC(=O)OCC(CO)O,0,,,,,,
,,,CCOC(=O)N1CCC(CC1)NC2=C(C=C(C=C2)Cl)N,0,,CC1=NC=C(N1CCO)[N+](=O)[O-],0,,CC1=C(C(=NO1)C2=C(C=CC=C2Cl)Cl)C(=O)Cl,0,,,,,COC(=O)NN,0,,,,,,
,,,CCOP(=O)(NC(C)C)OC1=CC(=C(C=C1)SC)C,1,,C1=CSC(=C1)C(=O)C2=C(N(C3=C2C=C(C=C3)Cl)C(=O)N)O,1,,C1CCN(C1)CCCl,0,,,,,CC[C@]12C=CC3=C4CCC(=O)C=C4CC[C@H]3[C@@H]1CC[C@]2(C#C)O,1,,,,,,
,,,C=CCN1C2=C(N=C(NC2=O)N)N(C1=O)[C@H]3[C@@H]([C@@H]([C@H](O3)CO)O)O,0,,CCC1OCC(O1)COC2=CC=C(C=C2)OC3=CC=CC=C3,1,,C1CN(CCC1N)C2=NC(=CC=C2)Cl.Cl,0,,,,,COC1=CC=CC=C1NC(=O)C2=CC3=CC=CC=C3C=C2O,1,,,,,,
,,,C1CN=C(N1)NC2=C(C=CC=C2Cl)Cl,0,,C1=CC(=C(C=C1Cl)O)Cl,0,,CN1CCN(CC1)N,0,,,,,C1CCC(CC1)NC2CCCCC2,0,,,,,,
,,,CCC1=NC=CC(=C1)C(=S)N,0,,CC(CO)O,0,,C1=CC=C(C(=C1)C(=O)C2=C(C=CC(=C2)Cl)NC(=O)CBr)F,0,,,,,C[C@H]1[C@@H]2CC[C@]3(C=CC(=O)C(=C3[C@H]2OC1=O)C)C,1,,,,,,
,,,CC(C)N(CC1=CC=CC=C1)C(=O)C(C)(C)C,1,,C([C@H]([C@H]([C@@H](C(=O)CO)O)O)O)O,0,,C1=CC=C(C=C1)[P+](CCCCC(=O)O)(C2=CC=CC=C2)C3=CC=CC=C3.[Br-],0,,,,,CN(C)C(=O)NC1=CC(=C(C=C1)Cl)Cl,1,,,,,,
,,,CCN1C2=C(C=C(C=C2)[N+](=O)[O-])C3=CC=CC=C31,1,,CCCN(CCC)S(=O)(=O)C1=CC=C(C=C1)C(=O)O,0,,CC(=O)C1=CC(=C(C=C1)O)C(=O)N,0,,,,,CCCCC(CC)COCCCN,1,,,,,,
,,,CC(C)NC1=CC=C(C=C1)NC2=CC=CC=C2,1,,CCCCNP(=S)(N)N,1,,CCOC(=O)C(=O)CCC1=CC=CC=C1,0,,,,,C1=CC=C(C(=C1)C2=CC=C(C=C2)Cl)NC(=O)C3=C(N=CC=C3)Cl,1,,,,,,
,,,CCCCOC(=O)CC#N,0,,C1=CC(=C(C=C1C2=CC(=C(C=C2)N)N)N)N,1,,C1CC(CCC1=O)(C#N)C2=CC=C(C=C2)F,1,,,,,C=CCCl,0,,,,,,
,,,C1=CC(=C(C=C1Cl)Cl)C(Cl)(Cl)Cl,0,,C(CO)N(CCO)C=O,0,,COC1=CC2=C(C=C1)C(=O)CCC2,0,,,,,COC(=O)C1=CN=CC=C1,0,,,,,,
,,,CC1=NC2=C(CC3=C(O2)C=CC(=C3)C(C)C(=O)OCC(=O)N(C)C)C=C1,1,,CC(C)(C)C1=CC=C(C=C1)C(=O)O,0,,C1=CC(=CC=C1S(=O)(=O)NC(=O)N)Cl,0,,,,,C1=CC=C(C=C1)C2=CC(=CC=C2)O,1,,,,,,
,,,C1=CC=C(C=C1)CCCCOC2=CC=C(C=C2)C(=O)NC3=CC=CC4=C3OC(=CC4=O)C5=NNN=N5,0,,C[C@H]1C(=O)O[C@@H]2CCN3[C@@H]2C(=CC3)COC(=O)[C@]([C@]1(C)O)(C)O,0,,C1=CC=C(C(=C1)S)Cl,0,,,,,C1CCCCCOCCCCOC(=O)CCCC1,0,,,,,,
,,,CCN(CC)C1=CC(=C(C=C1)C=O)O,1,,C1CC(CC(C1)CN=C=O)CN=C=O,1,,CC1=C(N2[C@@H]([C@@H](C2=O)N)SC1)C(=O)O,0,,,,,C1=CC(=CC=C1C2=C(C(=O)C3=C(C=C(C=C3O2)O)O)O)O,1,,,,,,
,,,C1=CC2=C(C(=C1)[N+](=O)[O-])N=CC=C2,1,,CCCCCCCCC1CCC(=O)O1,1,,CCOC(=O)C(=O)C1=CSC(=N1)NC=O,0,,,,,CC1CCC(C(C1)O)C(=C)C,0,,,,,,
,,,C1=CC=C(C=C1)C(C(=O)C2=CC=CC=C2)O,1,,CCN(CC)CCNC(=O)C1=C(C=C(C=C1)Cl)OCC=C,0,,CC(=O)C1=CC2=CC=CC=C2S1,0,,,,,C[C@@]1(C(=O)N(C(=N1)SC)NC2=CC=CC=C2)C3=CC=CC=C3,1,,,,,,
,,,CCCCC(CC)COC(=O)C(=C(C1=CC=CC=C1)C2=CC=CC=C2)C#N,1,,[N+](=O)([O-])[O-].[N+](=O)([O-])[O-].[Ba+2],0,,CC1=C(C=CS1)Br,0,,,,,C=CC#N,0,,,,,,
,,,COC(=O)C1=C(C=CC(=C1)OC2=C(C=C(C=C2)Cl)Cl)[N+](=O)[O-],1,,C1=CC=C(C=C1)OC(=O)Cl,0,,CC1=NC2=C(C=C1)C=CC(=C2)Cl,0,,,,,CCCC(CN1C=NC=N1)C2=C(C=C(C=C2)Cl)Cl,1,,,,,,
,,,CC(=O)[C@]1(CC[C@@H]2[C@@]1(CC[C@H]3[C@H]2C=C(C4=CC(=O)CC[C@]34C)Cl)C)OC(=O)C,0,,CCC(C)N,0,,C1CN(CCN1)C2=CC(=CC=C2)Cl,0,,,,,CCCCSP(=O)(SCCCC)SCCCC,1,,,,,,
,,,CC(C)(C)C1=CC(=C(C=C1)O)O,1,,CCCCCCCCCCN1C=C[N+](=C1)C.C(F)(F)(F)S(=O)(=O)[N-]S(=O)(=O)C(F)(F)F,1,,CNCC1=CC=CC=C1.Cl,0,,,,,CC1=C(C=CC(=C1)C2=CC(=C(C=C2)N=NC3=C(C4=CC=CC=C4C(=C3)S(=O)(=O)[O-])N)C)N=NC5=C(C6=CC=CC=C6C(=C5)S(=O)(=O)[O-])N.[Na+].[Na+],1,,,,,,
,,,CC1=C(C(=C(C=C1)Cl)N)Cl,0,,CC(=C)C=C,0,,COC1=C(C=C(C=C1)S(=O)(=O)N)C(=O)OC,0,,,,,CC(=CCC/C(=C/COC=O)/C)C,0,,,,,,
,,,CC(C)C/C=C(\C=O)/C1=CC=CC=C1,0,,CC1=CC(=C(C(=C1)C)C(=O)P(=O)(C2=CC=CC=C2)C3=CC=CC=C3)C,1,,COC(=O)C1=C(N=C(C(=N1)Cl)Cl)N,0,,,,,CCCCNC(=S)NCCCC,1,,,,,,
,,,CCOC(=O)C1=CN=C(C=C1)C#CC2=CC3=C(C=C2)SCCC3(C)C,0,,CC(COC1=CC=C(C=C1)OC2=CC=CC=C2)OC3=CC=CC=N3,1,,COC1=CC=C(C=C1)[C@H]2[C@H](C(=O)NC3=CC=CC=C3S2)O,0,,,,,CCCCC(CC)COC(=O)C1=CC=C(C=C1)N(C)C,0,,,,,,
,,,C[C@]12CCC(=O)C=C1CC[C@@H]3[C@@]2([C@H](C[C@]4([C@H]3CC[C@@]4(C(=O)CO)O)C)O)F,0,,CN(C)C1=CC=NC=C1,0,,C1=CC(=C(C=C1N)C(F)(F)F)[N+](=O)[O-],0,,,,,CCCC(=O)OCCC1=CC=CC=C1,0,,,,,,
,,,COP(=S)(OC)OC1=CC(=C(C=C1Cl)Cl)Cl,1,,COC1=CC2=C(C=C1)C=C(C=C2)C=O,1,,C[C@@H]1CC[C@@]2([C@H]([C@H]3[C@@H](O2)C[C@@H]4[C@@]3(C(=O)C[C@H]5[C@H]4CC[C@@H]6[C@@]5(CC[C@@H](C6)O)C)C)C)OC1,0,,,,,C1=C(C=C(C(=C1Br)O)Br)Br,1,,,,,,
,,,CCOP(=S)(C1=CC=CC=C1)OC2=CC=C(C=C2)[N+](=O)[O-],1,,CC1=CC2=C(C=C1S(=O)(=O)N)S(=O)(=O)CCC2,0,,CC(C)OP(=O)(CP(=O)(OC(C)C)OC(C)C)OC(C)C,0,,,,,COC1=CC=C(C=C1)/C=C/C2=CC(=CC(=O)O2)OC,1,,,,,,
,,,C1=CC=C(C=C1)COC2=CC=C(C=C2)O,1,,C1CCC(CC1)NC(=S)NC2CCCCC2,1,,CC(=O)OC[C@@H]1[C@H]([C@H]([C@@H](O1)OC(=O)C)OC(=O)C)OC(=O)C,0,,,,,C1=CC=C2C(=C1)C(OS2(=O)=O)(C3=CC=C(C=C3)O)C4=CC=C(C=C4)O,0,,,,,,
,,,CC1=CC(=C(C=C1)O)N=NC2=CC=C(C=C2)NC(=O)C,1,,CCCCCCNC(=O)N1C=C(C(=O)NC1=O)F,1,,C1=CC(=CC(=C1)Cl)CCl,0,,,,,C[C@]12CCC(=O)C(=C1CC[C@@H]3[C@@H]2CC[C@]4([C@H]3CCC4=O)C)O,1,,,,,,
,,,COC1=CC=CC=C1OC,0,,CN(C)CCC=C1C2=CC=CC=C2CCC3=CC=CC=C31.Cl,0,,CC(=O)NC1=C(C=C(C(=C1)OC)C(=O)OC)Cl,0,,,,,CC(CCl)OC(C)CCl,0,,,,,,
,,,CCCCOP(=O)(OCCCC)OCCCC,1,,CC(C)C1=C(C=C(C=C1)C(=O)N=C(N)N)S(=O)(=O)C.CS(=O)(=O)O,0,,C1=CC(=O)NC=C1C(=O)O,0,,,,,CC[N+](CC)(CC)CCOC1=C(C(=CC=C1)OCC[N+](CC)(CC)CC)OCC[N+](CC)(CC)CC.[I-].[I-].[I-],0,,,,,,
,,,C(CO)CBr,0,,C=CCBr,0,,CC1=C(C(=NC(=N1)N)N)C2=CC(=C(C=C2)Cl)Cl,0,,,,,CCOP(=S)(OCC)OC1=CC2=C(C=C1)C(=C(C(=O)O2)Cl)C,1,,,,,,
,,,CN(C)CCCN(C)CCCN(C)C,0,,CC1=C(C(CCC1)(C)C)/C=C/C(=C/C=C/C(=C/CO)/C)/C,1,,CN1CC(=O)NC1=N,0,,,,,CC(C)(C)C(=O)C(N1C=CN=C1)OC2=CC=C(C=C2)Cl,1,,,,,,
,,,C(/C=C/CCl)Cl,0,,C1=CC=C(C(=C1)C(F)(F)F)[N+](=O)[O-],0,,C1=C(OC(=C1)[N+](=O)[O-])/C=C/C(=NN=C(N)N)/C=C/C2=CC=C(O2)[N+](=O)[O-],1,,,,,C1CC=CC(=O)C1,0,,,,,,
,,,CN(C)C(=O)NC1=CC=C(C=C1)Cl,0,,CC1=CC(=NC(=O)N1)C.C1=CC(=CC=C1NC(=O)NC2=CC=C(C=C2)[N+](=O)[O-])[N+](=O)[O-],0,,CC(=C)C(=O)OCC(CO)O,0,,,,,CCCCCCCC=O,0,,,,,,
,,,C1CN(CCN1)C2=C3C(=CC=C2)OCCO3.Cl,0,,CCCCOC(=O)CCC(=O)C,0,,CCCCOC(=O)CCCCCCCCC(=O)OCCCC,0,,,,,CCCCCCCC/C=C\CCCCCCCC(=O)N(CCO)CCO,1,,,,,,
,,,C1=CC(=CC=C1C(=O)OCC(CO)O)N,0,,C1=CC(=C(C=C1C2=C(C(=O)C3=C(C=C(C=C3O2)O)O)O)O)O,1,,C1=CC=C(C(=C1)CN)SC2=CC=CC=C2CO,1,,,,,CC(C)C1=C2C(=CC(=C1)OC)S(=O)(=O)N(C2=O)COC3=CC(=O)N4C=CC=C(C4=N3)OCCN5CCCCC5,1,,,,,,
,,,CCN(CC)CCOC(=O)C(C)(C1=CC=CC=C1)C2=CC=CC=C2,1,,C1=CC(=CC=C1N=NC2=C(NN(C2=O)C3=CC=C(C=C3)S(=O)(=O)[O-])C(=O)[O-])S(=O)(=O)[O-].[Na+].[Na+].[Na+],0,,C1=CC=C(C=C1)[C@H](CNCCOC2=CC=C(C=C2)CC(=O)O)O.Cl,0,,,,,CN1CCC2=CC3=C(C(=C2[C@@H]1[C@@H]4C5=C(C(=C(C=C5)OC)OC)C(=O)O4)OC)OCO3,1,,,,,,
,,,C1=CC=C2C(=C1)C3=CC=CC4=C3C5=C(C=CC=C25)C=C4,1,,C1=CC=C2C(=C1)C(=NN=C2NC3=CC=C(C=C3)Cl)CC4=CC=NC=C4,1,,CN(C1=CC=C(C=C1)OC(=O)C2=CC=CO2)C(=O)C(Cl)Cl,0,,,,,C1=CC=C(C=C1)C2=C(C=C(C=C2)O)Cl,1,,,,,,
,,,C1[C@@H]([C@H](O[C@H]1N2C=C(C(=O)NC2=O)Br)CO)O,1,,C=CC1=CC=CC=N1,0,,CC1=CC(=C(C(=C1)C(C)(C)C)O)C(C)(C)C,0,,,,,C(=O)(C(Br)(Br)Br)O,0,,,,,,
,,,C1C[C@@H](O[C@@H]1CO)N2C=NC3=C(N=CN=C32)N,0,,CC1=C(C=C(C=C1)[N+](=O)[O-])S(=O)(=O)O,1,,COC1=C(C=CC(=C1)C=O)O,0,,,,,C[C@]12CCC(=O)C=C1[C@H](C[C@@H]3[C@@H]2[C@H](C[C@]4([C@H]3C[C@@H]5[C@]4(OC(O5)(C)C)C(=O)CO)C)O)F,1,,,,,,
,,,C1COCCN1SC2=NC3=CC=CC=C3S2,1,,CC1=C(C=CC(=C1)C(=O)O)[N+](=O)[O-],0,,C1=CC=C(C=C1)CCO,1,,,,,CC(=O)CCC1=CC=CC=C1,0,,,,,,
,,,CC1=CC(=CC=C1)N=NC2=CC=C(C=C2)N(C)C,1,,CC(C(=O)O[Hg]C1=CC=CC=C1)O,1,,CN1CCN(CC1)CCCOC2=C(C=C3C(=C2)N=CC(=C3NC4=CC(=C(C=C4Cl)Cl)OC)C#N)OC.CO,0,,,,,C1=CC=C(C=C1)NC(=O)NC2=CC(=NC=C2)Cl,1,,,,,,
,,,C1=CC(=CC(=C1)Cl)O,0,,CC1=C(C(C(=C(N1)C)C(=O)OC/C=C/C2=CC=CC=C2)C3=CC(=CC=C3)[N+](=O)[O-])C(=O)OCCOC,1,,CS(=O)(=O)O.C1CCC2(C1)CC(=O)N(C(=O)C2)CCNCC3COC4=CC=CC=C4O3,1,,,,,CCCCCCCC/C=C\CCCCCCCCCCCC(=O)O,0,,,,,,
,,,C1CSSC1CCCCC(=O)O,0,,CCOC(=O)CC(C(=O)OCC)SP(=S)(OC)OC,1,,CCCCCCCCCCCCOCCOCCOCCOCCOCCOCCOCCOCCOCCO,1,,,,,C1CCN(CC1)C2=NC(=NC3=C2N=C(N=C3N4CCCCC4)N(CCO)CCO)N(CCO)CCO,1,,,,,,
,,,CCC(C)OC(=O)C1=CC=C(C=C1)O,1,,CCOC(=O)[C@H](CCC1=CC=CC=C1)N[C@@H](C)C(=O)N2CC3=CC=CC=C3C[C@H]2C(=O)O.Cl,1,,CC1(C(N2C(S1(=O)=O)CC2=O)C(=O)OCOC(=O)C(C)(C)C)C,0,,,,,CC(C)NCC(COC1=CC=C(C=C1)NC(=O)C)O,0,,,,,,
,,,CN(C)C1=CC=C(C=C1)N=NS(=O)(=O)[O-].[Na+],1,,CC1=NN=C(O1)C(=O)NC(C)(C)C2=NC(=C(C(=O)N2C)O)C(=O)NCC3=CC=C(C=C3)F,0,,CC1=C(N(C2=C1C=C(C=C2)O)CC3=CC=C(C=C3)OCCN4CCCCCC4)C5=CC=C(C=C5)O.CC(=O)O,0,,,,,CN(C)S(=O)(=O)C1=CC=C(C=C1)OP(=S)(OC)OC,1,,,,,,
,,,CC(C)(C)C(=O)C1C(=O)C2=CC=CC=C2C1=O,1,,C(C#N)C(=O)O,0,,C1=C(C=C(C(=C1I)O)I)C[C@@H](C(=O)O)N,0,,,,,CCCNC(C)C(=O)NC1=CC=CC=C1C.Cl,0,,,,,,
,,,COC1=C2C=CC(=O)OC2=CC3=C1C=CO3,1,,CCCC[N+](C)(CCCC)CCCC.C(F)(F)(F)S(=O)(=O)[N-]S(=O)(=O)C(F)(F)F,1,,C(CS)N.Cl,0,,,,,C1(=C(C(=O)C(=C(C1=O)Cl)Cl)Cl)Cl,1,,,,,,
,,,CC1=CC(=C(C=C1)OP(=S)(NC(C)C)OC)[N+](=O)[O-],1,,CC[C@H](C)C(=O)O[C@H]1C[C@H](C=C2[C@H]1[C@H]([C@H](C=C2)C)CC[C@@H]3C[C@H](CC(=O)O3)O)C,1,,CC(=O)OCC(=O)[C@]1(CCC2[C@@]1(C[C@@H](C3C2CCC4=CC(=O)CC[C@]34C)O)C)O,0,,,,,C[C@H](C(=O)O)O,0,,,,,,
,,,O=[Mo](=O)=O,0,,CCCCCCCN,0,,CC(=O)NC1=CC=C(C=C1)O,0,,,,,C[C@@H]1CN(CCN1[C@H](COC)C2=CC=C(C=C2)C(F)(F)F)C3(CCN(CC3)C(=O)C4=C(N=CN=C4C)C)C.C(=C\C(=O)O)\C(=O)O,0,,,,,,
,,,C1=CC=C(C=C1)NC(=O)C2=CC=CC=C2O,1,,CC1=C(C(=O)C[C@@H]1OC(=O)[C@@H]2[C@H](C2(C)C)C=C(C)C)CC=C,1,,CC(=O)OC1=CC=C(C=C1)C2(C3=CC=CC=C3NC2=O)C4=CC=C(C=C4)OC(=O)C,0,,,,,C1=CC(=CC=C1N)S(=O)(=O)C2=CC=C(C=C2)N,0,,,,,,
,,,C1C2=CC=CC=C2N(C1=O)C3=C(C=CC=C3Cl)Cl,1,,C1=CC=C(C=C1)C(=O)OC2=CC=CC3=C2N=CC=C3,0,,COC1=C(C2=C(CC3C4=CC5=C(C=C4CCN3C2)OCO5)C=C1)OC,1,,,,,C/C=C/1\[C@@H]2CC3=C([C@]1(CC(=C2)C)N)C=CC(=O)N3,0,,,,,,
,,,C[C@@H]1CCC[C@@H](N1CCCC(C2=CC=CC=C2)(C3=CC=CC=N3)O)C,0,,CC[C@@]1(C[C@@H]2C[C@@](C3=C(CCN(C2)C1)C4=CC=CC=C4N3)(C5=C(C=C6C(=C5)[C@]78CCN9[C@H]7[C@@](C=CC9)([C@H]([C@@]([C@@H]8N6C=O)(C(=O)OC)O)OC(=O)C)CC)OC)C(=O)OC)O,0,,CC1=CC2=C(C(=C(C(=C2C(C)C)O)O)C=O)C(=C1C3=C(C4=C(C=C3C)C(=C(C(=C4C=O)O)O)C(C)C)O)O,1,,,,,C1=CC(=C(C=C1[N+](=O)[O-])[N+](=O)[O-])S(=O)(=O)O.O.O,0,,,,,,
,,,CCN(CC)CCSC(=O)C(C1=CC=CC=C1)C2=CC=CC=C2,0,,C1[C@H]2[C@@H]([C@H]([C@H]1Cl)Cl)[C@]3(C(=C([C@@]2(C3(Cl)Cl)Cl)Cl)Cl)Cl,0,,CC1=C2C(=CC(=C1C(=O)O)O)C(=O)C3=C(C2=O)C(=C(C(=C3O)O)[C@H]4[C@@H]([C@H]([C@@H]([C@H](O4)CO)O)O)O)O,0,,,,,CCC1=CC=CC(=C1N(C(C)COC)C(=O)CS(=O)(=O)O)C,0,,,,,,
,,,C1CN(CC=C1C2=CC=CC=C2)CCCCC3=CNC4=C3C=C(C=C4)C(=O)O,0,,CCCCCCCCCCCCOS(=O)(=O)[O-].[Na+],1,,CN(C)C(=O)NC1=CC(=C(C=C1)Cl)Cl,0,,,,,CC1=C(C=C(C=C1)NC(=O)C2=CC=C(C=C2)CN3CCN(CC3)C)NC4=NC=CC(=N4)C5=CN=CC=C5.CS(=O)(=O)O,1,,,,,,
,,,CC1=CC=C(C=C1)N2C(=CC(=N2)C(C)(C)C)NC(=O)NC3=CC=C(C4=CC=CC=C43)OCCN5CCOCC5,1,,CC(=O)O.CC(=O)O.C1=CC(=CC=C1N/C(=N/C(=NCCCCCCN=C(/N=C(/NC2=CC=C(C=C2)Cl)\N)N)N)/N)Cl,1,,C1=CC(=CN=C1)CO,0,,,,,CO[C@H]1[C@@H](C[C@@H]2CN3CCC4=C([C@H]3C[C@@H]2[C@@H]1C(=O)OC)NC5=C4C=CC(=C5)OC)OC(=O)/C=C/C6=CC(=C(C=C6)O)OC,1,,,,,,
,,,CC(C)CC(=O)OCC1=CC=CC=C1,0,,CCCCC(CC)C(=O)OCCOCCOCCOC(=O)C(CC)CCCC,1,,C(C(=O)O)(Cl)Cl,0,,,,,C1=CC=C(C=C1)OCCBr,0,,,,,,
,,,CC1=C(C=C(C=C1)N)N,1,,COC(=O)C1=CC=CC=C1O,0,,CCNC1=NC(=NC(=N1)Cl)NCC,0,,,,,CN1CCC2=CC3=C(C4=C2[C@@H]1CC5=CC=C(C=C5)OC6=C(C=CC(=C6)C[C@@H]7C8=CC(=C(C=C8CCN7C)OC)O4)OC)OCO3,1,,,,,,
,,,CCCCOCCOCCO,0,,CCCCCCCCCCCCCCCCO,1,,CC1=C(C=CC(=C1)OP(=S)(OC)OC)SC,1,,,,,CCCCCC(=O)N,0,,,,,,
,,,C1=CC=C2C(=C1)N=CC=N2,0,,COP(=S)(OC)SCN1C(=O)C2=CC=CC=C2N=N1,1,,CC1=C(C(=CC=C1)C)N(C(C)C(=O)OC)C(=O)COC,0,,,,,CC(=O)OCC1=CC=CO1,0,,,,,,
,,,C(CNCCNCCNCCN)N,0,,CCCCCCCCCCCCCl,0,,C=CCOC(CN1C=CN=C1)C2=C(C=C(C=C2)Cl)Cl.OS(=O)(=O)O,1,,,,,CCCCOCCOCCOCC1=CC2=C(C=C1CCC)OCO2,1,,,,,,
,,,C1=CC=C(C(=C1)C(=O)OCC(CO)O)N,0,,CCCCCCCCCC(=O)OCC,0,,COP(=S)(OC)SCN1C(=O)C2=CC=CC=C2C1=O,1,,,,,CC1=CC2=C(C(=C1)O)C(=O)C3=C(C2=O)C=CC=C3O,1,,,,,,
,,,C/C(=N\O)/C1=CC=C(C=C1)OCC(=O)N2CCCCC2,1,,C1C2=CC=CC=C2C(=O)C3=C(O1)C=CC(=C3)CC(=O)O,0,,CC(C)OC1=CC2=C(C=C1)C(=O)C(=CO2)C3=CC=CC=C3,0,,,,,CC(C)(C1=CC=CC=C1)C2=CC(=C(C=C2)O)C(C)(C)C3=CC=CC=C3,1,,,,,,
,,,C1=CC(=C(C=C1C2=CC(=C(C=C2)N)Cl)Cl)N,1,,CC(=O)SC[C@@H](CC1=CC=CC=C1)C(=O)NCC(=O)OCC2=CC=CC=C2,1,,C[C@H]1C(=O)O[C@@H]2CCN3[C@@H]2C(=CC3)COC(=O)[C@]([C@]1(C)O)(C)O,0,,,,,CCCCN(CCCC)N=O,0,,,,,,
,,,C1=CC(=CC=C1C(=O)OCCCOC(=O)C2=CC=C(C=C2)N)N,1,,B(F)(F)F.O.O,0,,C1=C(OC=C(C1=O)O)CO,0,,,,,COC1=CC(=C(C=C1)OC)N=NC2=C(C=CC3=CC=CC=C32)O,1,,,,,,
,,,CCCC1=NN(C2=C1N=C(NC2=O)C3=C(C=CC(=C3)S(=O)(=O)N4CCN(CC4)C)OCC)C.C(C(=O)O)C(CC(=O)O)(C(=O)O)O,0,,C1=CC(=CN=C1)CCCO,0,,CC(=C)[C@H]1CC2=C(O1)C=CC3=C2O[C@@H]4COC5=CC(=C(C=C5[C@@H]4C3=O)OC)OC,1,,,,,CCOP(=S)(OCC)SCN1C(=O)C2=CC=CC=C2N=N1,1,,,,,,
,,,C1=CC=C(C=C1)OC(=O)C2=CC=CC=C2C(=O)OC3=CC=CC=C3,0,,C[C@H]1CCCC(=O)CCC/C=C/C2=C(C(=CC(=C2)O)O)C(=O)O1,1,,C1=CC(=C(C=C1C2=C(C(=O)C3=C(C=C(C=C3O2)O)O)O)O)O.O.O,1,,,,,CC1=CCC(CC1)C(=C)C,0,,,,,,
,,,CC1=CC(=C(C2=CC=C(C=C2)N)C3=CC=C(C=C3)N)C=CC1=N.Cl,0,,CCC(=O)O,0,,C1=C(C=C(C=C1[N+](=O)[O-])[N+](=O)[O-])C(=O)N,1,,,,,C(C(CO)(CO)N)O,1,,,,,,
,,,CC1=C(C(C(=C(N1)COC(=O)N)C(=O)OC(C)C)C2=C(C(=CC=C2)Cl)Cl)C(=O)OC,0,,CC(C)(C)NC[C@@H](COC1=CC=CC2=C1CCCC2=O)O.Cl,0,,CN(C)CCC1=CC=C(C=C1)O,0,,,,,C1=CC=NC(=C1)C#N,0,,,,,,
,,,CCOP(=O)(OCC)O/C(=C/Cl)/C1=C(C=C(C=C1)Cl)Cl,1,,CN(C)CCN(CC1=CSC=C1)C2=CC=CC=N2,0,,CCS(=O)(=O)C(C)(C)S(=O)(=O)CC,0,,,,,C1C(=NN(C1=O)C2=CC=C(C=C2)S(=O)(=O)O)C(=O)[O-].[Na+],0,,,,,,
,,,C1=CC(=CN=C1)C#N,0,,C(CBr)CBr,0,,C1=CC=NC(=C1)C(=O)O,0,,,,,C1CCN(CC1)C(=O)/C=C/C=C/C2=CC3=C(C=C2)OCO3,1,,,,,,
,,,CCCCCCCCCCOC(=O)C(=C)C,0,,C1=CC(=CC=C1NC(=O)NC2=CC(=C(C=C2)Cl)Cl)Cl,1,,C([C@@H]1[C@@H]([C@@H]([C@H]([C@H](O1)O[C@]2([C@H]([C@@H]([C@H](O2)CCl)O)O)CCl)O)O)Cl)O,0,,,,,C1CC(CC(C1)CN)CN,0,,,,,,
,,,C1=CC=C2C(=C1)C=CC(=N2)C3C(=O)C4=CC=CC=C4C3=O,1,,CCCCCOC(=O)NC1=NC(=O)N(C=C1F)[C@H]2[C@@H]([C@@H]([C@H](O2)C)O)O,0,,CCCC(=O)O[C@@]1(CC[C@@H]2[C@@]1(C[C@@H]([C@H]3[C@H]2CCC4=CC(=O)CC[C@]34C)O)C)C(=O)CC,1,,,,,C1C(CC2=CC=CC=C2C1C3=C(SC4=CC=CC=C4C3=O)O)C5=CC=C(C=C5)C6=CC=C(C=C6)Br,1,,,,,,
,,,CC(C)(C)C1=CC=C(C=C1)OP(=O)(OC2=CC=CC=C2)OC3=CC=CC=C3,1,,CCC1COC(O1)(CN2C=NC=N2)C3=C(C=C(C=C3)Cl)Cl,1,,CC(C)OC1=CC=C(C=C1)NC(=O)N2CCN(CC2)C3=NC=NC4=CC(=C(C=C43)OC)OCCCN5CCCCC5,0,,,,,COC1=CC=CC=C1OCCNCC(COC2=CC=CC3=C2C4=CC=CC=C4N3)O.C(C(C(=O)O)O)(C(=O)O)O,1,,,,,,
,,,COC(=O)N(C1=CC=CC=C1COC2=NN(C=C2)C3=CC=C(C=C3)Cl)OC,1,,C1=C(C(=CC(=C1Cl)Cl)Cl)OCC(=O)O,1,,CC1=NC=C(C(=C1O)CN)CO.Cl.Cl,0,,,,,C(CO)N(C1=C(C(=C(C(=C1I)C(=O)NCC(CO)O)I)C(=O)NCC(CO)O)I)C(=O)CO,0,,,,,,
,,,COC1=C(C=CC(=C1)C2=CC(=C(C=C2)N)OC)N.Cl.Cl,1,,C1=CC=C(C(=C1)[N+](=O)[O-])[O-].[Na+],0,,CC1CC(=O)NN=C1C2=CC=C(C=C2)NC(=NC)NC#N,0,,,,,CN(C)C1=CC(=CC=C1)O,1,,,,,,
,,,C1=CC(=C(C=C1S(=O)(=O)O)N)S(=O)(=O)O,0,,C1=CC=C(C=C1)N=NC2=C(N=C(C=C2)N)N.Cl,1,,C(C(CS)O)O,0,,,,,CC1=C(C(CCC1)(C)C)/C=C/C(=O)C,1,,,,,,
,,,CCOP(=S)(OCC)OC1=NOC(=C1)C2=CC=CC=C2,1,,CC[C@@H]1[C@H](CC[C@@]2(O1)C[C@@H]3C[C@H](O2)C/C=C(/C[C@H](/C=C/C=C/4\CO[C@H]5[C@@]4([C@@H](C=C([C@H]5O)C)C(=O)O3)O)C)\C)C,1,,C(C(=O)O)N,0,,,,,C1CCC(CC1)C2=C(C(=CC(=C2)[N+](=O)[O-])[N+](=O)[O-])O,1,,,,,,
,,,CCCCCC,0,,CC(C)(C)C1=C(C=CC(=C1)O)O,1,,C1=CC=C2C(=C1)C(=O)OC23C4=CC(=C(C(=C4OC5=C(C(=C(C=C35)Br)[O-])Br)Br)[O-])Br.[Na+].[Na+],1,,,,,C[N+](C)(CC=C)CC=C.[Cl-],0,,,,,,
,,,C1=CC(=C(C=C1Cl)N)O,1,,CCO[Si](CC(C)C)(OCC)OCC,1,,C1=CC=C2C(=C1)C(=O)C3=CC=CC=C3C2=O,0,,,,,CCCCCC[N+]1=CC=CC=C1.[Cl-],1,,,,,,
,,,C1=CC=C(C=C1)NC2=CC3=CC=CC=C3C=C2,1,,C1CC(CC=C1)C2=CC=CC=C2,0,,C1CC1CONC(=O)C2=C(C(=C(C=C2)F)F)NC3=C(C=C(C=C3)I)Cl,1,,,,,CC(C)C1=CC(=C(C=C1)O)C(C)C,0,,,,,,
,,,CC(COC1=CC=CC=C1)N(CCCl)CC2=CC=CC=C2.Cl,1,,C[C@@H](C(=O)N1CC2=CC(=C(C=C2C[C@H]1C(=O)O)OC)OC)N[C@@H](CCC3=CC=CC=C3)C(=O)O,0,,C1CC1C(=O)NC2=CC(=C(C=C2)Cl)Cl,0,,,,,C1CN(CCN1)C2=CC=CC=C2,0,,,,,,
,,,C1=CC=C(C=C1)CC2=CC=C(C=C2)O,1,,C1(C(C(C(C(C1Cl)Cl)Cl)Cl)Cl)Cl,1,,C/C=C/1\[C@@H]2CC3=C([C@]1(CC(=C2)C)N)C=CC(=O)N3,0,,,,,C1CCN(CC1)CC(COC(=O)NC2=CC=CC=C2)OC(=O)NC3=CC=CC=C3.Cl,1,,,,,,
,,,C1[C@@H]2[C@@H]3[C@H]([C@H]1[C@H]4[C@@H]2O4)[C@@]5(C(=C([C@]3(C5(Cl)Cl)Cl)Cl)Cl)Cl,1,,C1=CC=C(C=C1)CCN=C(N)N=C(N)N.Cl,0,,C1=CC(=CC=C1/C=C/C2=CC(=CC(=C2)O)O)O,1,,,,,CC1=C(C(C(=C(N1)C)C(=O)OC/C=C/C2=CC=CC=C2)C3=CC(=CC=C3)[N+](=O)[O-])C(=O)OCCOC,1,,,,,,
,,,CC(=CC1C(C1(C)C)C(=O)OCC2=CC(=CC=C2)OC3=CC=CC=C3)C,1,,COC1=C(C2=C[N+]3=C(C=C2C=C1)C4=CC5=C(C=C4CC3)OCO5)OC.[Cl-],0,,C1[C@@H]2[C@H]([C@H]([C@@H](O2)N3C=NC4=C(N=CN=C43)N)O)OP(=O)(O1)O,0,,,,,C1=CC=C2C(=C1)NC(=N2)CCC(=O)O,0,,,,,,
,,,C1=CC=C(C=C1)C2=CC(=O)C3=C(O2)C=CC4=CC=CC=C43,1,,C1=CC(=CC(=C1)[N+](=O)[O-])C(F)(F)F,0,,CCC(=O)C1=CC2=C(C=C1)SC3=CC=CC=C3N2CCCN(C)C.Cl,0,,,,,C[C@@H]1[C@H]([C@H](C[C@@H](O1)O[C@@H]2[C@H](O[C@H](C[C@@H]2O)O[C@@H]3[C@H](O[C@H](C[C@@H]3O)O[C@H]4CC[C@]5([C@@H](C4)CC[C@@H]6[C@@H]5CC[C@]7([C@@]6(CC[C@@H]7C8=CC(=O)OC8)O)C)C)C)C)O)O,0,,,,,,
,,,CC(C)C1=C(C=C(C=C1)C(=O)N=C(N)N)S(=O)(=O)C.CS(=O)(=O)O,0,,CCS(=O)(=O)CCN1C(=NC=C1[N+](=O)[O-])C,0,,CCCCC/C(=C\C1=CC=CC=C1)/C=O,0,,,,,CCCCCOC(=O)NC1=NC(=O)N(C=C1F)[C@H]2[C@@H]([C@@H]([C@H](O2)C)O)O,0,,,,,,
,,,CCC1=CC=CC=C1,0,,C[C@@]1(C(=O)N2[C@H](C(=O)N3CCC[C@H]3[C@@]2(O1)O)CC4=CC=CC=C4)NC(=O)[C@H]5CN([C@@H]6CC7=CNC8=CC=CC(=C78)C6=C5)C.C[C@@]1(C(=O)N2[C@H](C(=O)N3CCC[C@H]3[C@@]2(O1)O)CC4=CC=CC=C4)NC(=O)[C@H]5CN([C@@H]6CC7=CNC8=CC=CC(=C78)C6=C5)C.[C@@H]([C@H](C(=O)O)O)(C(=O)O)O,1,,CCOC(=O)C1=CC=CC=C1O,0,,,,,CCCCC(CC)COP(=O)(OC1=CC=CC=C1)OC2=CC=CC=C2,1,,,,,,
,,,,,,C1=NC(=NC(=O)N1[C@H]2[C@@H]([C@@H]([C@H](O2)CO)O)O)N,0,,C[C@]12CCC(=O)C=C1CC[C@@H]3[C@@H]2[C@H](C[C@]4([C@H]3CC[C@@H]4C(=O)CO)C)O,0,,,,,C1=CC(=CC=C1OS(=O)(=O)C2=CC=C(C=C2)Cl)Cl,1,,,,,,
,,,,,,CC1=CC2=C(C(=C(C(=C2C(C)C)O)O)C=O)C(=C1C3=C(C4=C(C=C3C)C(=C(C(=C4C=O)O)O)C(C)C)O)O,1,,C1=CN=CC(=C1N)N,0,,,,,C(CNCCNCCNCCN)N,0,,,,,,
,,,,,,C[C@H]1C[C@@H]2[C@H](CC[C@]3([C@H]2CC[C@@]3(C(=O)C)OC(=O)C)C)[C@@]4(C1=CC(=O)CC4)C,1,,C(/C(=C\C(=O)O)/C(=O)O)C(=O)O,0,,,,,C[C@]12CC[C@H]3[C@H]([C@@H]1CC[C@]2(C#C)O)CCC4=CCCC[C@H]34,1,,,,,,
,,,,,,C1=CC2=C3C(=C1)C(=O)N(C(=O)C3=CC=C2)CC(=O)O,0,,C1=CC(=CC=C1C2=COC3=CC(=CC(=C3C2=O)O)O)O,1,,,,,CC1=C(C(CCC1)(C)C)C=O,1,,,,,,
,,,,,,CCCCCCC[N+](CC)(CC)CCCCC1=CC=C(C=C1)Cl.CC1=CC=C(C=C1)S(=O)(=O)[O-],0,,CC1=CC(=CC=C1)OC(=O)C,0,,,,,C1=CC=C2C(=C1)C=C3C=CC=CC3=C2Br,1,,,,,,
,,,,,,CC1=C(C=CC(=C1C2=NOCC2)S(=O)(=O)C)C(=O)C3=CNN(C3=O)C,1,,C1[C@H]([C@@H]([C@@H]([C@@](O1)(CO)O)O)O)O,0,,,,,CC1=CC(=C(C=C1SC2=CC(=C(C=C2C)O)C(C)(C)C)C(C)(C)C)O,1,,,,,,
,,,,,,CC(COC1=CC=CC=C1)N(CCCl)CC2=CC=CC=C2.Cl,1,,C[C@@H]1C[C@H]2[C@@H]3CCC4=CC(=O)C=C[C@@]4([C@]3([C@H](C[C@@]2([C@]1(C(=O)COC(=O)C5=CC=NC=C5)O)C)O)F)C,1,,,,,CCOC1=CC(=C(C=C1C(=O)CCC(=O)O)OCC)OCC,0,,,,,,
,,,,,,C1=CC=C(C=C1)[N+](=O)[O-],0,,CC(C(=O)O)O,1,,,,,CC1=CC(=CC=C1)N(C)C(=S)OC2=CC3=CC=CC=C3C=C2,1,,,,,,
,,,,,,C1=C(NC=N1)CCN,0,,C1=CC(=CC=C1C[C@@H](C(=O)O)N)O,0,,,,,C[C@]12CC[C@H]3[C@H]([C@@H]1CC[C@]2(C)O)CC[C@@H]4[C@@]3(CC5=C(C4)NN=C5)C,1,,,,,,
,,,,,,C1=CC=C(C=C1)C2=NC3=C(N2)C=C(C=C3)S(=O)(=O)O,1,,CC(CN1CCN(CCN(CCN(CC1)CC(=O)[O-])CC(=O)[O-])CC(=O)[O-])O.[Gd+3],0,,,,,C[C@]12CC[C@H]3[C@H]([C@@H]1CC[C@]2(C#C)O)CCC4=CC5=C(C[C@]34C)C=NO5,1,,,,,,
,,,,,,C1CC(=O)OC1=O,0,,CCCCCCC(=O)CCCCCC/C=C/C[C@H]([C@@H]([C@@](CO)(C(=O)O)N)O)O,0,,,,,COC(=O)N(C1=CC=CC=C1COC2=NN(C=C2)C3=CC=C(C=C3)Cl)OC,1,,,,,,
,,,,,,CCOC(=O)COC(=O)C1=C(C=CC(=C1)OC2=C(C=C(C=C2)C(F)(F)F)Cl)[N+](=O)[O-],1,,CCOC(=O)[C@](C)(CC1=CC(=C(C=C1)O)O)N.Cl,1,,,,,C[C@H]1[C@H]2CC[C@@H]3[C@@]2(CC[C@H]4[C@H]3CC=C5[C@@]4(CC[C@@H](C5)N(C)C)C)CN1C,0,,,,,,
,,,,,,C1=NC(=S)C2=C(N1)N(C=N2)[C@H]3[C@@H]([C@@H]([C@H](O3)CO)O)O,1,,CN(C)CCOC(C1=CC=CC=C1)C2=CC=CC=C2,0,,,,,C1=CC=C2C(=C1)C(=CN2)CC(C(=O)O)N,0,,,,,,
,,,,,,C1=CC2=C(C=C1N=C=S)C(=O)OC23C4=C(C=C(C=C4)O)OC5=C3C=CC(=C5)O,1,,C1=CC(=CC=C1N)N,1,,,,,CC(C)(C)OC=O,0,,,,,,
,,,,,,CCCCCCCCCC(CC)C1=CC=C(C=C1)S(=O)(=O)[O-].CCCCCCCCCC(CC)C1=CC=C(C=C1)S(=O)(=O)[O-].[Ca+2],1,,CCN(CC1=CN=C(C=C1)Cl)/C(=C/[N+](=O)[O-])/NC,0,,,,,C1=CC(=C(C(=C1Cl)CC(=O)O)Cl)Cl,0,,,,,,
,,,,,,CN1C2=CC=CC=C2C(=C(C1=O)C(=O)N(C)C3=CC=CC=C3)O,0,,C1=CC=C(C=C1)NC(=O)CS,1,,,,,COC1=C2C(=CC3=C1OC=C3)C=CC(=O)O2,1,,,,,,
,,,,,,C[C@@H]([C@@H](C1=CC=CC=C1)O)NCCC(=O)C2=CC(=CC=C2)OC.Cl,1,,C1=CC=C(C(=C1)C2=NC(=NO2)C3=CC(=CC=C3)C(=O)O)F,1,,,,,CC1([C@H]([C@H]1C(=O)O[C@H](C#N)C2=CC(=CC=C2)OC3=CC=CC=C3)/C=C(/C(F)(F)F)\Cl)C,1,,,,,,
,,,,,,CC(CC(C)(C)O)O,0,,C1CCC(CC1)NC2CCCCC2,0,,,,,CC(C)C1=NN2C=CC=CC2=C1C(=O)C(C)C,1,,,,,,
,,,,,,C1(=NC(=O)N(C(=O)N1Cl)Cl)[O-].[K+],0,,CC1=NC=C(C(=C1O)C=O)CO,0,,,,,CC[C@H]1C(=O)N(CC(=O)N([C@H](C(=O)N[C@H](C(=O)N([C@H](C(=O)N[C@H](C(=O)N[C@@H](C(=O)N([C@H](C(=O)N([C@H](C(=O)N([C@H](C(=O)N([C@H](C(=O)N1)[C@@H]([C@H](C)C/C=C/C)O)C)C(C)C)C)CC(C)C)C)CC(C)C)C)C)C)CC(C)C)C)C(C)C)CC(C)C)C)C,1,,,,,,
,,,,,,CCOC(=O)[C@H](CCC1=CC=CC=C1)N[C@H]2CS[C@@H](CN(C2=O)CC(=O)O)C3=CC=CS3.Cl,0,,COC(=O)[C@H](CCCN/C(=N/[N+](=O)[O-])/N)N,0,,,,,CC1=CC(=CC(=C1)OP(=O)(OC2=CC(=CC(=C2)C)C)OC3=CC(=CC(=C3)C)C)C,1,,,,,,
,,,,,,C[C@@]12CC[C@@H](C1(C)C)CC2=O,0,,C1=CC=C(C(=C1)C(F)(F)F)N2C=CN=C2,1,,,,,[Cl-].[Cl-].[Sn+2],0,,,,,,
,,,,,,CC(C)(C(=O)O)O,0,,C1=C(C=C(C(=C1Br)O)Br)Br,0,,,,,CC1=C(C=CC(=C1)CC2=CC(=C(C=C2)N)C)N,1,,,,,,
,,,,,,C1=CC(=C(C=C1CCN)O)O,0,,C1=CC=C(C=C1)CCCO,0,,,,,C1=CC(=CC=C1C2=COC3=CC(=CC(=C3C2=O)O)O)O,1,,,,,,
,,,,,,CC1=CC=C(C=C1)N(CCO)CCO,1,,C1CCN(CC1)CC2=CC(=CC=C2)OCCCNC3=NC4=CC=CC=C4S3.C(=C\C(=O)O)\C(=O)O.C(=C\C(=O)O)\C(=O)O,1,,,,,CC(C)CCOC(=O)C1=CC=CC=C1,0,,,,,,
,,,,,,CC(=O)OCC1=CC2=C(C=C1)OCO2,1,,CN1C2=C(C(=O)N(C1=O)C)NC=N2,0,,,,,C1=CC=C2C(=C1)C(=O)C3=C(C2=O)C=C(C=C3)S(=O)(=O)[O-].[Na+],1,,,,,,
,,,,,,CCOCCOCCOCC,0,,C1=CC(=C(C=C1C[C@@H](C(=O)O)N)I)OC2=CC(=C(C(=C2)I)O)I,1,,,,,C1=CC(=NC=C1C(Cl)(Cl)Cl)Cl,0,,,,,,
,,,,,,CCCCCCCCCCCCCCCCCC(=O)OCC(CC)CCCC,0,,CC(C)C[C@@H](C(=O)[C@]1(CO1)C)NC(=O)[C@H](CC2=CC=CC=C2)NC(=O)[C@H](CC(C)C)NC(=O)[C@H](CCC3=CC=CC=C3)NC(=O)CN4CCOCC4,1,,,,,CC(C)OC1=CC2=C(C=C1)C(=O)C(=CO2)C3=CC=CC=C3,1,,,,,,
,,,,,,CC1=C(C=C(C=C1)N)S(=O)(=O)O,1,,CC1=CC(=C(C=C1)Cl)O,0,,,,,C1[C@@H]2[C@H]([C@H]([C@@H](O2)N3C=NC4=C(N=CN=C43)N)O)OP(=O)(O1)O,0,,,,,,
,,,,,,C1=CC(=CC=C1C(=O)O)O,0,,CCN(CC)C(=O)C1=CC=C(C=C1)[C@H](C2=CC(=CC=C2)OC)N3C[C@H](N(C[C@@H]3C)CC=C)C,1,,,,,CC(C)(C(=O)O)OC1=CC=C(C=C1)Cl,0,,,,,,
,,,,,,C(C(CO)(CO)CO)O,0,,C[C@H]1CNCCC2=C1C=C(C=C2)Cl,0,,,,,C([C@@H]1[C@@H]2[C@@H]([C@H]([C@H](O1)O[C@@H]3[C@H](O[C@@H]([C@@H]([C@H]3O)O)O[C@@H]4[C@H](O[C@@H]([C@@H]([C@H]4O)O)O[C@@H]5[C@H](O[C@@H]([C@@H]([C@H]5O)O)O[C@@H]6[C@H](O[C@@H]([C@@H]([C@H]6O)O)O[C@@H]7[C@H](O[C@H](O2)[C@@H]([C@H]7O)O)CO)CO)CO)CO)CO)O)O)O,0,,,,,,
,,,,,,CC(=CCC/C(=C/C/C=C(\C)/C=C)/C)C,1,,C(/C=C/C(=O)O)N,0,,,,,C1=CC=C(C=C1)NC(=O)N,0,,,,,,
,,,,,,CCC1=CC=C(C=C1)C,0,,CCC(C)(C)C1=CC=C(C=C1)O,0,,,,,CC1=C(C=C2C(=C1[N+](=O)[O-])C(CC2(C)C)(C)C)[N+](=O)[O-],1,,,,,,
,,,,,,CCC(C)C1CCCCC1=O,0,,CC1=CC=C(C=C1)OC(=O)C,0,,,,,C1CCCN(CC1)CC2=CC=C(S2)C3=NC(=NO3)CCN4C(=O)C5=CC=CC=C5C4=O.C(=C/C(=O)O)\C(=O)O,1,,,,,,
,,,,,,C(C(CCl)OP(=O)(OC(CCl)CCl)OC(CCl)CCl)Cl,1,,CN(C)CC[C@@H](C1=CC=C(C=C1)Cl)C2=CC=CC=N2.Cl,0,,,,,C1=CN=CC=C1C2=CC=NC=C2,0,,,,,,
,,,,,,C(C(CCl)Cl)Cl,0,,C(CN)N.[Cl-].[Cl-].[Pt+2],0,,,,,COC1=CC(=CC(=C1OC)OC)CC2=CN=C(N=C2N)N,0,,,,,,
,,,,,,CC(C)CCC(=O)C,0,,CC1(CO[C@H](CN1)CC(=O)O)C,0,,,,,C1(=C(C(=C(C(=C1Cl)Cl)Cl)Cl)Cl)[O-].[Na+],1,,,,,,
,,,,,,COC1=C(C=C(C=C1)Cl)C(=O)NCCC2=CC=C(C=C2)S(=O)(=O)NC(=O)NC3CCCCC3,1,,CN1C=CC2=CC3=C(CCN3C(=O)NC4=CN=CC=C4)C=C21.Cl,0,,,,,C1CN(CCN1CCCC(=O)C2=CC=C(C=C2)F)C3=CC=CC=N3,1,,,,,,
,,,,,,CCN(CC)C(=S)SSC(=S)N(CC)CC,1,,CC(=O)C1=CC=C(C=C1)C2=CC=C(C=C2)C(=O)NCCCCN3CCN(CC3)C4=CC=CC=C4OC,0,,,,,COC1=C(C=C(C=C1)Cl)C(=O)OC,0,,,,,,
,,,,,,C1CC2C(O2)CC1C3CO3,0,,CCCCC/C=C\C/C=C\C/C=C\C/C=C\CCCC(=O)NCC(=O)O,1,,,,,C1=CC=C(C=C1)NC2=CC=C(C=C2)N=O,1,,,,,,
,,,,,,COC1=C(C(=NC=C1)CS(=O)C2=NC3=C(N2)C=C(C=C3)OC(F)F)OC,1,,CN1CCC(CC1)NC2=NC=C3C(=N2)C(=NC=N3)NC4=CC(=C(C=C4)F)Cl.Cl.Cl,0,,,,,CC(C1=CC=C(C=C1)O)C2=CC=C(C=C2)O,1,,,,,,
,,,,,,C(C(C(C(C(F)(F)S(=O)(=O)O)(F)F)(F)F)(F)F)(C(C(C(F)(F)F)(F)F)(F)F)(F)F,1,,C1CC(C1)(C2=CC=C(C=C2)C3=C(C=C4C(=N3)C=CN5C4=NNC5=O)C6=CC=CC=C6)N,0,,,,,C1=CC=C(C=C1)C2=CC=C(C=C2)C(C3=CC=CC=C3)N4C=CN=C4,1,,,,,,
,,,,,,CC1=CC=C(C=C1)C=C,0,,CC(C)N1C2=NC=NC(=C2C(=N1)C3=CC4=C(N3)C=CC(=C4)O)N,1,,,,,C1C2=CC=CC=C2C(=O)C3=CC=CC=C31,1,,,,,,
,,,,,,CCC1(C(=O)NC(=O)NC1=O)CCC(C)C,0,,CCCCCCCC(=O)[O-].CCCCCCCC(=O)[O-].[Zn+2],1,,,,,C1=CC=C2C(=C1)C(=O)N(C2=O)CO,0,,,,,,
,,,,,,CCC(C)C=O,0,,CC1=CC2=C(C(=C1)O)C(=O)C3=C(C2=O)C=CC=C3O,0,,,,,CCN(CC)C(=O)N(CC)CC,0,,,,,,
,,,,,,COC1=C(C=CC(=C1C(=O)O)Cl)Cl,1,,C1C=CCC2C1C(=O)N(C2=O)SC(Cl)(Cl)Cl,1,,,,,CCCC1CCC(=O)O1,0,,,,,,
,,,,,,CCN(CC1=CC(=CC=C1)S(=O)(=O)[O-])C2=CC=C(C=C2)C(=C3C=CC(=[N+](CC)CC4=CC(=CC=C4)S(=O)(=O)[O-])C=C3)C5=CC=CC=C5.[Na+],1,,CCCCC(CC)COC(=O)C1=CC=C(C=C1)N(C)C,1,,,,,CC1=C(C(C(=C(N1)C)C(=O)OCCN(C)CC2=CC=CC=C2)C3=CC(=CC=C3)[N+](=O)[O-])C(=O)OC.Cl,1,,,,,,
,,,,,,CC1(C(C1C(=O)OC(C#N)C2=CC(=CC=C2)OC3=CC=CC=C3)/C=C(/C(F)(F)F)\Cl)C,1,,CCCCC(CC)COC(=O)C(=C(C1=CC=CC=C1)C2=CC=CC=C2)C#N,1,,,,,CC1=C(C(CCC1)(C)C)/C=C/C(=C\C=C\C(=C\C(=O)O)\C)/C,1,,,,,,
,,,,,,C1=CC=C(C(=C1)C(=O)N)[N+](=O)[O-],0,,C1=CSC(=N1)N,0,,,,,C[C@]12CC[C@H]3[C@H]([C@@H]1CC[C@]2(C#C)O)CCC4=C3C=CC(=C4)O,1,,,,,,
,,,,,,CCC(=O)O[C@@]1([C@@H](C[C@@H]2[C@@]1(C[C@@H]([C@]3([C@H]2C[C@@H](C4=CC(=O)C=C[C@@]43C)F)F)O)C)C)C(=O)SCF,1,,CCOCCOC(=O)C,0,,,,,C[C@@]12CC[C@@H](C1(C)C)CC2=O,0,,,,,,
,,,,,,CCC1=C(C(=CC=C1)CC)N(COC)C(=O)CCl,1,,CCOC(=O)C1=CC=CC=C1C(=O)OCC,0,,,,,CC=C(Cl)Cl,0,,,,,,
,,,,,,CCCC[N+]1=CC=C(C=C1)C.[Br-],0,,C1=CC=C2C=CC=CC2=C1,0,,,,,CC(C1=CC=C(S1)C(=O)C2=CC=CC=C2)C(=O)O,1,,,,,,
,,,,,,CC[N+](CC)(CC1=CC=CC=C1)CC(=O)NC2=C(C=CC=C2C)C.C1=CC=C(C=C1)C(=O)[O-],0,,CC(=O)N[C@H](COC)C(=O)NCC1=CC=CC=C1,0,,,,,C1=CC=C(C=C1)[Si](C2=CC=CC=C2)(Cl)Cl,1,,,,,,
,,,,,,CC(=C)C(=O)OCCOP(=O)(O)O,0,,C[C@@H]1[C@@H]2[C@H](C(=O)N2C(=C1SC3CN(C3)C4=NCCS4)C(=O)OCOC(=O)C(C)(C)C)[C@@H](C)O,1,,,,,C[C@@H](CN1CC(=O)NC(=O)C1)N2CC(=O)NC(=O)C2,0,,,,,,
,,,,,,CCCCCCCCCCCCOC(=O)C(=C)C,0,,CC1=C(SC=N1)C=CC2=C(N3[C@@H]([C@@H](C3=O)NC(=O)C(=NOC)C4=CSC(=N4)N)SC2)C(=O)OCOC(=O)C(C)(C)C,1,,,,,CN(C)[C@H]1[C@@H]2C[C@@H]3CC4=C(C(=CC=C4)O)C(=C3C(=O)[C@@]2(C(=C(C1=O)C(=O)N)O)O)O,0,,,,,,
,,,,,,C1=NNC2=C1C(=O)NC=N2,0,,C1=CC(=CC=C1C(=O)C2=C(C=C(C=C2Cl)CN3C(=C(N=N3)C(=O)N)N)Cl)Cl,1,,,,,CCOC(=O)N1CCC(=C2C3=C(CCC4=C2N=CC=C4)C=C(C=C3)Cl)CC1,1,,,,,,
,,,,,,CCC1=CC=CC(=C1)C,0,,CCCCOC1=CC=C(C=C1)C(=O)NC2=C(C=C(C=C2)F)F,0,,,,,CC(=CCC/C(=C/C=O)/C)C,0,,,,,,
,,,,,,C1=CC=C(C=C1)C2=CC=CC=C2O,1,,CC1=CC(=C(C=C1)C(C)(C2=NC3=CC=CC=C3S2)O)C,1,,,,,CC1=C(C=CN=C1CS(=O)C2=NC3=CC=CC=C3N2)OCC(F)(F)F,1,,,,,,
,,,,,,COC1=C(C=C2C(=C1)N=CN=C2NC3=CC(=C(C=C3)F)Cl)OCCCN4CCOCC4,0,,COC1=CC(=CC(=C1)NC(=O)C2=CC=C(O2)C3=CC=C(C=C3)Cl)OC,1,,,,,C1=CC=C(C=C1)S(=O)(=O)OC2=C(C=C(C=C2)Cl)Cl,1,,,,,,
,,,,,,CCN1C=C[N+](=C1)C.[Br-],0,,CC1=C(C(C(=C(N1)C)C(=O)OCCN2CCN(CC2)C(C3=CC=CC=C3)C4=CC=CC=C4)C5=CC(=CC=C5)[N+](=O)[O-])C(=O)OC,0,,,,,CC1CC=C(C(C1(C)C)/C=C/C(=O)C)C,1,,,,,,
,,,,,,CC1=CC2=C(C=C1)OC(=C2C3=CC=C(C=C3)Cl)CN(CC4=CC=CC=C4)C(=O)NC5=C(C=C(C=C5F)F)F,1,,C[C@H](C1=CC=CC2=CC=CC=C21)NCC3=CC4=CC=CC=C4N3,1,,,,,C(Cl)(Cl)(Cl)Br,0,,,,,,
,,,,,,C(C(Cl)(Cl)Cl)(F)(F)F,0,,C1CCCN(CC1)S(=O)(=O)C2=CC=CC(=C2)C(=O)NC3=CC(=CC=C3)Br,1,,,,,CCCCCCCC[Sn](CCCCCCCC)(Cl)Cl,0,,,,,,
,,,,,,COC(=O)[C@]12CC3=C(C1=NN(CO2)C(=O)N(C4=CC=C(C=C4)OC(F)(F)F)C(=O)OC)C=CC(=C3)Cl,1,,CC(C)C[C@H]([C@H](CSC1=CC=CS1)C(=O)NO)C(=O)N[C@@H](CC2=CC=CC=C2)C(=O)NC,1,,,,,CC(=O)[C@]1(CC[C@@H]2[C@@]1(CC[C@H]3[C@H]2C=C(C4=CC(=O)[C@@H]5C[C@@H]5[C@]34C)Cl)C)OC(=O)C,1,,,,,,
,,,,,,C1=C(OC(=C1)[N+](=O)[O-])/C=C/C(=NN=C(N)N)/C=C/C2=CC=C(O2)[N+](=O)[O-],1,,C[C@@H](C1=CC=CC=C1)NC(=O)C2=C(C=CS2)OCC3=CC=C(C=C3)Cl,1,,,,,C1=CC(=CC=C1N=NC2=CC(=C(C=C2)O)C(=O)O)[N+](=O)[O-],1,,,,,,
,,,,,,CC(=O)[O-].CC(=O)[O-].[Hg+2],1,,C[C@H](C1=NC=C(S1)C(=O)NC2=NC=C(C(=C2)C(F)(F)F)Cl)NC(=O)C3=C(C(=NC=N3)N)Cl,0,,,,,C1=CN=CC=C1C(=O)N,0,,,,,,
,,,,,,CCN(CC)C(=O)SCC1=CC=C(C=C1)Cl,1,,COC1=C(C=C2C(=C1O)[C@H]3[C@@H]([C@H]([C@@H]([C@H](O3)CO)O)O)OC2=O)O,0,,,,,CCCC(=O)OC[C@H]([C@H]([C@H](CN1C2=C(C=C(C(=C2)C)C)N=C3C1=NC(=O)NC3=O)OC(=O)CCC)OC(=O)CCC)OC(=O)CCC,1,,,,,,
,,,,,,CCCC/C=C/C=C\C=O,0,,CC(C)C1=CC(=C(C=C1OC2=CN=C(N=C2N)NC(CO)CO)I)OC,1,,,,,CC(C)N1C2=CC=CC=C2C(=C1/C=C/[C@H](C[C@H](CC(=O)O)O)O)C3=CC=C(C=C3)F,1,,,,,,
,,,,,,C1=CC(=C(C=C1C(=O)O)Cl)Cl,0,,C1=CC=C(C(=C1)CNC2=NN=NN2C3=C(C(=CC=C3)Cl)Cl)OC4=CC=CC=N4,1,,,,,CC(C)C(CCCN(C)CCC1=CC(=C(C=C1)OC)OC)(C#N)C2=CC(=C(C(=C2)OC)OC)OC.Cl,1,,,,,,
,,,,,,C1COC(=O)O1,0,,CN(C)C1=CC=C(C=C1)C2=NC3=NC=C(C(=C3N2)N4CCN(CC4)CC(=O)NC5=NC=CS5)Cl,1,,,,,CCCSC1=CC2=C(C=C1)N=C(N2)NC(=O)OC,1,,,,,,
,,,,,,CC(=O)CN(CC(=O)C)N=O,0,,C[C@H]1CN(CCCN1S(=O)(=O)C2=CC=CC3=C2C(=CN=C3)C)C(=O)CN,1,,,,,CCCCCC1=CC(=CC(=C1)O)O,1,,,,,,
,,,,,,C1=CC(=C(C=C1N(CCO)CCO)[N+](=O)[O-])NCCO,1,,CN1C=NC2=C1C=C(C(=C2F)NC3=C(C=C(C=C3)Br)F)C(=O)NOCCO,1,,,,,CCCCCCCCCCCCCCCCCCOCCO,0,,,,,,
,,,,,,C1=CC(=CC=C1C(=N)N)OCCCCCOC2=CC=C(C=C2)C(=N)N.C(CS(=O)(=O)O)O.C(CS(=O)(=O)O)O,0,,CN1C=NC2=C1C=C(C(=C2F)NC3=C(C=C(C=C3)Br)Cl)C(=O)NOCCO,1,,,,,CCOC1=CC2=C(C=C1)N=C(S2)S(=O)(=O)N,1,,,,,,
,,,,,,[Cl-].[Cl-].[Cd+2],1,,COC1=NC=C(C=C1)NC2=NC(=NC(=C2)C3=CN=C(N=C3)N)N4CCOCC4,1,,,,,C1=CC=C2C(=C1)C(=CC(=C2O)C(=O)O)O,1,,,,,,
,,,,,,C1=CC=C(C=C1)C(=O)NCCC(=O)O,0,,CCNC(=O)NC1=NC2=NC(=CN=C2C=C1)NC3=CC=C(C=C3)C,0,,,,,C1=C(OC(=C1)[N+](=O)[O-])/C=C/C(=NN=C(N)N)/C=C/C2=CC=C(O2)[N+](=O)[O-],1,,,,,,
,,,,,,CC(=O)OC1=CC=C(C=C1)C=C,0,,COC1=C(C=C(C=C1)C2=CC3=NC=CN3C(=N2)NC4=C(C=CC=N4)C(=O)N)OC,1,,,,,C1=CC=C(C=C1)CC(=O)NC(=O)N,0,,,,,,
,,,,,,CC[C@H](C1=CC=C(C=C1)O)[C@@H](CC)C2=CC=C(C=C2)O,1,,CC1=C(C(=O)N(C=C1)C2=CC=C(C=C2)C3=NC=CO3)C4=CC5=CN=C(N=C5C=C4)N,1,,,,,CCCC(C)CC,0,,,,,,
,,,,,,C1C(O1)CN(CC2CO2)C3=CC=C(C=C3)OCC4CO4,1,,C1=CC=C(C=C1)[C@H](COC2=CC3=C(C=C2)NC(=O)N3)NC(=O)C4=CC=CN(C4=O)CC5=CC(=C(C=C5)F)F,1,,,,,C(CO)CBr,0,,,,,,
,,,,,,C[C@@H]1[C@H]([C@H](C[C@@H](O1)O[C@@H]2[C@H](O[C@H](C[C@@H]2O)O[C@@H]3[C@H](O[C@H](C[C@@H]3O)O[C@H]4CC[C@]5([C@@H](C4)CC[C@@H]6[C@@H]5C[C@H]([C@]7([C@@]6(CC[C@@H]7C8=CC(=O)OC8)O)C)O)C)C)C)O)O,0,,CC1=C(SC(=N1)NC(=O)C)C2=CC(=C(C=C2)Cl)S(=O)(=O)NCCO,1,,,,,CCCCNC1=C2C=NN(C2=NC(=C1C(=O)OCC)C)CC.Cl,1,,,,,,
,,,,,,C1=CC(=CC(=C1)Cl)NN=C(C#N)C#N,1,,CC1=CC(=CC=C1)NC2=NC(=NC=C2C(=O)N)N[C@@H]3CCCC[C@H]3N,1,,,,,CC(C)C1CCC(CC1)O,0,,,,,,
,,,,,,CC1=CC=CC=C1NC(=NC2=CC=CC=C2C)N,0,,CC(C)(C1=CC2=C(S1)C(=NC(=N2)C3=CN=C(N=C3)N)N4CCOCC4)O,0,,,,,C1=CC=C2C(=C1)C(=O)C3=C(C=C(C(=C3C2=O)N)S(=O)(=O)O)Br,1,,,,,,
,,,,,,CC(C)(C)C(=O)C(Cl)Cl,0,,CN1C2=NC=NC3=C2C(=CN3[C@H]4[C@H]([C@@H]([C@H](O4)CO)O)O)C(=N1)N,0,,,,,CC1(C2=CC=CN2C3=CC=CC=C3CO1)CN4CCC(CC4)N5C6=CC=CC=C6NC5=O,1,,,,,,
,,,,,,C(CCl)O,0,,CC1=C(C(=O)N(N1CC(C)(C)O)C2=CC=CC=C2)C(=O)NC3=CC(=C(C=C3)OC4=C5C=CC(=CC5=NC=C4)OC)F,0,,,,,CN1C2=CC=CC=C2C(=N[C@@H](C1=O)NC(=O)C3=CC4=CC=CC=C4N3)C5=CC=CC=C5,0,,,,,,
,,,,,,CC(=O)N/N=C/C1=CC=C(O1)[N+](=O)[O-],0,,CC(C)(CC(=O)NCCN1C=CC2=C1C(=NC=N2)NC3=CC(=C(C=C3)OC4=CC=CC(=C4)C(F)(F)F)Cl)O,1,,,,,CCCCN(CC)C1=C(C=C(C=C1[N+](=O)[O-])C(F)(F)F)[N+](=O)[O-],1,,,,,,
,,,,,,CC(C)(C)C1=CC=C(C=C1)OC2CCCCC2OS(=O)OCC#C,1,,CN1C2=NC(=NC=C2C=C(C1=O)C3=C(C=CC=C3Cl)Cl)NC4=CC=CC(=C4)C(=O)O,0,,,,,CC1=CC=C(C=C1)/C=N/N2C(=CSC2=S)C3=CC=CC=C3,1,,,,,,
,,,,,,CC1=CN=C(C=N1)SC,0,,C1=CN(C(=O)C(=C1)C(=O)NC2=CC(=C(C=C2)OC3=C4C=CNC4=NC=C3)F)C5=CC=C(C=C5)F,1,,,,,C=CC1=CC=C(C=C1)C=C,0,,,,,,
,,,,,,C1=CC2=C(C=C1O)C(=CN2)C[C@@H](C(=O)O)N,1,,CCNC(=O)NC1=C(C=C(C=C1)OC2=NC=NC(=C2C=NOC)N)Cl,0,,,,,CC1=CC(=C(C=C1)O)N2N=C3C=CC=CC3=N2,1,,,,,,
,,,,,,C1=CC(=C(C(=C1)Cl)Cl)Cl,0,,COCCOC1=C(C=C2C(=C1)N=CN=C2NC3=CC=CC(=C3)C#C)OCCO,1,,,,,C1=CC(=C(C=C1Cl)N)N,1,,,,,,
,,,,,,CCCCC/C=C\C/C=C\CCCCCCCC(=O)OC,1,,COC1=CC2=NC=CC(=C2C=C1)OCC3=NN=C4N3N=C(C=C4)C5=CC=CC=C5,1,,,,,CC(C)OC(=O)C,0,,,,,,
,,,,,,C1=CC(=CC=C1S(=O)(=O)C2=CC(=C(C=C2Cl)Cl)Cl)Cl,1,,C[C@@]1(C(=O)N2[C@H](C(=O)N3CCC[C@H]3[C@@]2(O1)O)CC4=CC=CC=C4)NC(=O)[C@@H]5C[C@H]6[C@H](CC7=CNC8=CC=CC6=C78)N(C5)C,1,,,,,CCC1=CC=CC(=C1N(COCC)C(=O)CCl)C,1,,,,,,
,,,,,,C1=CC=C2C(=C1)C(=O)C3=C(C2=O)C=C(C=C3)N,1,,CC1=C(C(C(=C(N1)N)C(=O)OC2CN(C2)C(C3=CC=CC=C3)C4=CC=CC=C4)C5=CC(=CC=C5)[N+](=O)[O-])C(=O)OC(C)C,1,,,,,CC(=C)C#N,0,,,,,,
,,,,,,CC1=CC(=C(C(=C1NC(=O)CN(CC(=O)O)CC(=O)O)C)Br)C,0,,CC[C@@H](CO)NCCN[C@@H](CC)CO,0,,,,,C1=CC=C(C=C1)C2=CC=CC=C2C3=CC=CC=C3,1,,,,,,
,,,,,,COCC1=NN=C(N1C2=C3C(=CC(=C2Cl)Cl)NC(=O)C(=O)N3)C4=C[N+](=CC=C4)[O-],0,,CC(CCCN)NC1=C2C(=CC(=C1)OC)C=CC=N2,1,,,,,CC1=C(C(=CC=C1)[N+](=O)[O-])C(=O)O,0,,,,,,
,,,,,,CC[N+]1(CCCC(C1)OC(=O)C(C2=CC=CC=C2)(C3=CC=CC=C3)O)C.[Br-],0,,CC1=C(C(=CC=C1)C)NC(=O)CN2CCN(CC2)CCCC(C3=CC=C(C=C3)F)C4=CC=C(C=C4)F,0,,,,,CC(=O)OC1=CC=C(C=C1)C2(C3=CC=CC=C3NC2=O)C4=CC=C(C=C4)OC(=O)C,0,,,,,,
,,,,,,O.O.O.O.O.O.Cl[Sc](Cl)Cl,0,,C1=CC=C2C(=C1)C(=NO2)CS(=O)(=O)N,0,,,,,C1=CC(=CC(=C1)N(CC2=CN=CC=C2)C3=CC(=C(C=C3)OC(F)F)OC(F)F)C(=O)O,1,,,,,,
,,,,,,C1=CC(=CC=C1NC(=O)C2=C(C(=CC(=C2)Br)Br)O)Br,1,,CC(C1=CC=CC=C1)NCCC(C2=CC=CC=C2)C3=CC=CC=C3,1,,,,,CC(C)C(C(C)(C)COC(=O)C(C)C)OC(=O)C(C)C,0,,,,,,
,,,,,,COP(=S)(OC)Cl,1,,C1[C@@H]([C@H]([C@@H]([C@@H]([C@@H]1NC(=O)[C@H](CCN)O)O[C@@H]2[C@H]([C@H]([C@@H]([C@H](O2)CO)O)N)O)O)O[C@@H]3[C@H]([C@H]([C@@H]([C@H](O3)CN)O)O)O)N,0,,,,,CC(=O)C1=CC2=C(C=C1)C3=CC=CC=C3C2,1,,,,,,
,,,,,,C1=CC=C2C(=C1)C(=O)OC2(C3=CC=C(C=C3)O)C4=CC=C(C=C4)O,1,,C1CN(CCC12C(=O)NCN2C3=CC=CC=C3)CCCC(C4=CC=C(C=C4)F)C5=CC=C(C=C5)F,0,,,,,COCCCOCCCOC,0,,,,,,
,,,,,,CC1=C(N(C2=C1C=C(C=C2)C(=O)OCCN(C)C)CCN(C)C)C,0,,CCOC(=O)NC1=CC2=C(C=C1)SC3=CC=CC=C3N2C(=O)CCN4CCOCC4,1,,,,,C1=CSC(=C1)C(=O)C2=C(N(C3=C2C=C(C=C3)Cl)C(=O)N)O,1,,,,,,
,,,,,,CC(=C)C(=O)OCCCCCCOC(=O)C(=C)C,1,,CN(C)CC(COC1=CC=CC=C1CCC2=CC(=CC=C2)OC)OC(=O)CCC(=O)O,1,,,,,[C-]#N.[C-]#N.[K+].[Ag+],1,,,,,,
,,,,,,CN(C)CCOC1=CC=C(C=C1)CNC(=O)C2=CC(=C(C(=C2)OC)OC)OC.Cl,0,,C1CN=C(NC1C2C(=O)NCC(C(=O)NC(C(=O)NC(C(=O)NC(=CNC(=O)N)C(=O)N2)CNC(=O)CC(CCCN)N)CO)N)N,0,,,,,CC(C)(C)C1=CC(=CC(=C1O)C(C)(C)C)SC(C)(C)SC2=CC(=C(C(=C2)C(C)(C)C)O)C(C)(C)C,0,,,,,,
,,,,,,C1CN(CCN1C/C=C/C2=CC=CC=C2)C(C3=CC=C(C=C3)F)C4=CC=C(C=C4)F,1,,C1=CC=C(C=C1)C(=O)NC2=NC=C3C(=C2)C=CN3,1,,,,,C[C@](CC1=CC(=C(C=C1)O)O)(C(=O)O)N,0,,,,,,
,,,,,,CCN(C)N=O,0,,COCCOC1=NN(C(=N1)C2=CC(=C(C=C2)Cl)Cl)C3=CC=C(C=C3)NC(=O)CCl,0,,,,,C1=C(C=C(C(=C1SC2=C(C(=CC(=C2)Cl)Cl)O)O)Cl)Cl,1,,,,,,
,,,,,,COC1=CC=C(C=C1)CC=C,0,,CC1CCN(CC1)C2=C(C=CC(=C2)N3CCN(CC3)C)NC(=O)C4=CC(=CN4)C#N,0,,,,,CCOC1=CC(=C(C=C1)N)[N+](=O)[O-],0,,,,,,
,,,,,,CC(C)(CO)C(C(=O)NCCCO)O,0,,CCC1=CC(=C(C=C1O)O)C2=NNC(=C2C3=CC4=C(C=C3)OCCO4)C,1,,,,,C1=CC(=CC=C1CC#N)Cl,0,,,,,,
,,,,,,COP(=S)(OC)OC1=CC=C(C=C1)S(=O)(=O)N,1,,C[C@@H](C(=O)N[C@@H](CC(C)C)[C@H](CC(=O)O)O)NC(=O)C[C@@H]([C@H](CC(C)C)NC(=O)[C@H](C(C)C)NC(=O)[C@H](C(C)C)NC(=O)CC(C)C)O,0,,,,,CC1=CC(=O)OC2=C1C=C3C=C(OC3=C2C)C,1,,,,,,
,,,,,,CC1=CC(=C(C=C1Cl)N)S(=O)(=O)O,1,,CC1=CN=C(N=C1NC2=CC(=CC=C2)S(=O)(=O)NC(C)(C)C)NC3=CC=CC(=C3)CN4CCOCC4,1,,,,,CCCCCCOC(=O)CC,0,,,,,,
,,,,,,CO/C=C(\C1=CC=CC=C1OC2=NC=NC(=C2)OC3=CC=CC=C3C#N)/C(=O)OC,1,,C1=CC(=CC=C1CCO[C@H]2[C@@H]([C@H]([C@H]([C@H](O2)CO)O)O)O)O,0,,,,,CCN\1C2=CC=CC=C2S/C1=C\C=C\C3=[N+](C4=CC=CC=C4S3)CC.[I-],1,,,,,,
,,,,,,[N-]=[N+]=[N-].[Na+],1,,COC1=CC(=CC(=C1O)C(=O)NCCO)CC=C,0,,,,,CC1=CC2=C(C=C1)OCC(=O)CO2,0,,,,,,
,,,,,,CCC1=C(N(N=C1C(=O)NN2CCCCC2)C3=C(C=C(C=C3)Cl)Cl)C4=CC=C(C=C4)Br,1,,CCCCC[C@@H](C=C[C@H]1[C@@H](CC(=O)[C@H]1CC=CCCCC(=O)O)O)O,0,,,,,CC1=C(N2[C@@H]([C@@H](C2=O)NC(=O)[C@@H](C3=CC=CC=C3)N)SC1)C(=O)O,0,,,,,,
,,,,,,CC(C)CC1=CC=C(C=C1)C(C)C(=O)OCC2=CC=CC=N2,1,,CC1=CC(=CC(=C1C2=CC=CC(=C2)COC3=CC4=C(C=C3)[C@@H](CO4)CC(=O)O)C)OCCCS(=O)(=O)C,1,,,,,CC(CCC1=CC=CC=C1)CCO,0,,,,,,
,,,,,,CCNC(=O)NCC1=CC(=CC=C1)Cl,0,,C1=C(NC(=O)NC1=O)C(=O)O,0,,,,,CC(CCC#N)C#N,0,,,,,,
,,,,,,COP(=O)(OC)O/C(=C\Cl)/C1=CC(=C(C=C1Cl)Cl)Cl,1,,CCN1C2=CC=CC=C2N(C1=O)[C@@H]3CCN(C[C@@H]3CO)CC4CCCCCCC4,1,,,,,CC1=CC(=C(C=C1Cl)C(C)C)O,0,,,,,,
,,,,,,CC1CN(CCN1)C2=C(C=C3C(=C2)N(C=C(C3=O)C(=O)O)C4=C(C=C(C=C4)F)F)F,0,,CSCC[C@H](C(=O)O)NC(=O)[C@@H](CC1=CC=CC=C1)NC(=O)CNC(=O)CNC(=O)[C@H](CC2=CC=C(C=C2)O)N,0,,,,,CC(C)OC(=O)NC1=CC(=CC=C1)Cl,1,,,,,,
,,,,,,CC(CCC#N)C#N,0,,CS(=O)(=O)C1=CC(=CC2=C1N(C3=C2CC[C@H]3CC(=O)O)CC4=CC=C(C=C4)Cl)F,1,,,,,CC1=CC(=NO1)NC(=O)C2=C(C3=CC=CC=C3S(=O)(=O)N2C)O,0,,,,,,
,,,,,,CCCCCCN,0,,CN(C)[C@@H](CCOC1=CC=CC2=CC=CC=C21)C3=CC=CC=C3,1,,,,,C1=C(C(=CC(=C1Cl)Cl)Cl)OCC(=O)O,0,,,,,,
,,,,,,CCCOCC(C)O,0,,CC1=CC2=C(S1)NC3=CC=CC=C3N=C2N4CCN(CC4)C,0,,,,,CC/C=C\C/C=C\C/C=C\CCCCCCCC(=O)OCC,1,,,,,,
,,,,,,C=CC(=O)OCCCCCCOC(=O)C=C,1,,C1=CC=C(C=C1)CN2C3=CC=CC=C3C(=C(C2=O)C(=O)NCC(=O)O)O,0,,,,,CCCC(=O)OC/C=C(\C)/CCC=C(C)C,0,,,,,,
,,,,,,C1=CC=C2C(=C1)C=CN2,0,,C1CC[N+]2(C1)[C@@H]3CC[C@H]2CC(C3)OC(=O)C(C4=CC=CC=C4)(C5=CC=CC=C5)O,0,,,,,CC(C(=O)C1=CC(=CC=C1)Cl)NC(C)(C)C.Cl,0,,,,,,
,,,,,,CCCC[Sn](CCCC)(CCCC)OC(=O)C1=CC=CC=C1,1,,CC(=O)OC1=CC2=C(S1)CCN(C2)C(C3=CC=CC=C3F)C(=O)C4CC4,1,,,,,C1=CC(=CC(=C1)N)C(F)(F)F,0,,,,,,
,,,,,,CN1C2=C(C(=O)N(C1=O)C)NC(=N2)Br,0,,CC(=O)NCCC1=CC=CC2=C1C=C(C=C2)OC,1,,,,,CN(C)C(=O)Cl,0,,,,,,
,,,,,,CN1CCCCC1CCN2C3=CC=CC=C3SC4=C2C=C(C=C4)S(=O)C,0,,CC1=CN(C(=O)NC1=O)[C@H]2[C@@H]([C@@H]([C@H](O2)CO)O)F,0,,,,,CCC1=NN(C(=C1Cl)C(=O)NCC2=CC=C(C=C2)C(C)(C)C)C,1,,,,,,
,,,,,,CCCCCCCCCCC[C@@H](C[C@H]1[C@@H](C(=O)O1)CCCCCC)OC(=O)[C@H](CC(C)C)NC=O,1,,C1C[C@@H](O[C@@H]1CO)N2C=NC3=C2N=CNC3=O,0,,,,,CC(=O)C(CC(=O)OC)C(=O)OC,0,,,,,,
,,,,,,CC1=C(C(CCC1)(C)C)/C=C/C(=C/C=C/C(=C/C(=O)NC2=CC=C(C=C2)O)/C)/C,1,,CCCCCNC(=O)N1CCC(C1)CN(CC2=CC=C(C=C2)Cl)CC3=CC=C(S3)[N+](=O)[O-],1,,,,,CCCCCC(=O)OCC/C=C\CC,0,,,,,,
,,,,,,C1[C@H](C(=O)NO1)N,0,,C1CC1C#CC2(C3=C(C=CC(=C3)Cl)NC(=O)O2)C(F)(F)F,1,,,,,CCCCCCCCCCCCCCN1C=C[N+](=C1)C.C(F)(F)(F)S(=O)(=O)[N-]S(=O)(=O)C(F)(F)F,1,,,,,,
,,,,,,CCCCCCCCC(=O)OCC=C,0,,C1CCC(CC1)COC2=NC(=NC3=C2NC=N3)NC4=CC=C(C=C4)S(=O)(=O)N,1,,,,,C1(=C(C(=O)C(=C(C1=O)Cl)Cl)Cl)Cl,1,,,,,,
,,,,,,CCCCCCCCCC,1,,CC1=C(C=C(C=C1)[C@H]2[C@H]([C@H]([C@@H]([C@H](O2)CO)O)O)O)CC3=CC=C(S3)C4=CC=C(C=C4)F,1,,,,,CCCCCC1=CC(=CC(=C1)O)O,1,,,,,,
,,,,,,COP(=O)(C)OC,0,,COC1=NC=CC(=N1)C2=C(N=CN2C3CCNCC3)C4=CC=C(C=C4)F,0,,,,,CCCCC(CC)CN1CC(CN(C1)CC(CC)CCCC)(C)N,1,,,,,,
,,,,,,C1=CSC(=C1)SSC2=CC=CS2,1,,CCCC(CCC)C(=O)[O-],0,,,,,CC(=O)CCC1=CC=C(C=C1)OC,0,,,,,,
,,,,,,CCCCOCCOCCOCC1=CC2=C(C=C1CCC)OCO2,1,,CC1=C(C=C(C=C1)NC2=NC=NC(=C2)C3=CC(=CC=C3)N4C(=O)C5=CC=CC=C5C4=O)NS(=O)(=O)C,1,,,,,C1=CC=C2C(=C1)C(C(=O)N2)(C3=CC=C(C=C3)O)C4=CC=C(C=C4)O,0,,,,,,
,,,,,,CCCCC1C(=O)N(N(C1=O)C2=CC=CC=C2)C3=CC=CC=C3,1,,C1CC1COC2=CC=CC(=C2C3=NC(=C(C(=C3)C4CCNCC4)C#N)N)O,0,,,,,COS(=O)(=O)[O-].[Na+],0,,,,,,
,,,,,,CCCCOC1=CC=C(C=C1)N,1,,CC1(CC2=C(CO1)SC(=C2C(=O)O)NC(=S)NC(=O)C3=CC=CC=C3)C,1,,,,,C1=CC(=C(C=C1C(F)(F)F)N)S.Cl,1,,,,,,
,,,,,,CC(=O)OC(=O)C,0,,C1=CC(=CN=C1)CNC2=C(C(=O)NN=C2OCCCC3=CC=C(C=C3)Cl)Br,1,,,,,CC1=CC(=C(C(=C1)C)C(=O)O)C,0,,,,,,
,,,,,,CCOC(=O)C1=CC=C(C=C1)N(C)C,1,,CC1CC(=O)NN=C1C2=CC3=C(C=C2)N=C(N3)C4=CC=C(C=C4)OC,0,,,,,CC1=CC=C(C=C1)S(=O)(=O)N=C=O,0,,,,,,
,,,,,,C1=CC2=C(C(=C1)[N+](=O)[O-])C(=CC=C2)[N+](=O)[O-],0,,CC1=CC=CC=C1S(=O)(=O)NC(=O)C2=CC(=C(C=C2)CC3=CN(C4=C3C=C(C=C4)NC(=O)OC5CCCC5)C)OC,1,,,,,CC(=CCC/C(=C/CC/C(=C/CO)/C)/C)C,1,,,,,,
,,,,,,CCCNCC(COC1=CC=CC=C1C(=O)CCC2=CC=CC=C2)O,0,,C1=CC=C2C(=C1)C(=C(N2)C3=C(NC4=C3C=CC(=C4)Br)O)N=O,1,,,,,C1=NC2=C(N=C(N=C2N1[C@H]3[C@H]([C@@H]([C@H](O3)CO)O)F)Cl)N,1,,,,,,
,,,,,,C1=CC=C(C=C1)OC(=O)C2=CC=CC=C2O,1,,CC(C)NC1=CC(=CC2=NC(=NN12)NC(=O)C3=CN=CC=C3)C(F)(F)F,1,,,,,CC(=O)C1=CC=CC=C1,0,,,,,,
,,,,,,CCCCCCCCCCCCCCCCOP(=O)([O-])OCC[N+](C)(C)C,0,,C1=CC(=CC=C1OCCCCCCN=C(NC#N)NC2=CC=NC=C2)Cl,1,,,,,CC1=CN(C2=C1C=C(C=C2)F)NC(=O)C3=CN=C(N=C3C)C4=CC=CC=N4,1,,,,,,
,,,,,,C1=CC=C(C=C1)C(=N)N.Cl,0,,CCC1=C(C(=C(C=C1O)O)C(=O)C2=CC(=C(C=C2)OCCN3CCOCC3)OC)CC(=O)N(CCOC)CCOC,1,,,,,C1=CC(=CC=C1C(=O)NP(=O)(N)N)F,0,,,,,,
,,,,,,C[C@H]1/C=C/C=C\C=C\C=C\C=C\C=C\C=C\[C@@H](C[C@H]2[C@@H]([C@H](C[C@](O2)(C[C@H](C[C@H]([C@@H](CC[C@H](C[C@H](CC(=O)O[C@H]([C@@H]([C@@H]1O)C)C)O)O)O)O)O)O)O)C(=O)O)O[C@H]3[C@H]([C@H]([C@@H]([C@H](O3)C)O)N)O,0,,C1C[C@H](CNC1)C2=CC=C(C=C2)N3C=C4C=CC=C(C4=N3)C(=O)N,0,,,,,COC1=CC2=C(C=C1)N=C(S2)NC(=O)NC3=CC=CC=C3,1,,,,,,
,,,,,,C1=CC=C(C=C1)CCNN.OS(=O)(=O)O,1,,B([C@H](CC(C)C)NC(=O)[C@H](CC1=CC=CC=C1)NC(=O)C2=NC=CN=C2)(O)O,1,,,,,C1=CC=C(C=C1)N2C(=O)C=CC2=O,0,,,,,,
,,,,,,C1(=NC(=NC(=N1)Cl)N)N,0,,C1CCN[C@H](C1)C2(CN(C2)C(=O)C3=C(C(=C(C=C3)F)F)NC4=C(C=C(C=C4)I)F)O,1,,,,,CN(C)CCN(C)CCO,0,,,,,,
,,,,,,C1=CC=C(C=C1)NC(=O)NC2=CC(=NC=C2)Cl,1,,C[C@]12CC[C@@H]3[C@H]([C@@H]1CC[C@]2(C)O)CC[C@@H]4[C@@]3(COC(=O)C4)C,0,,,,,CC(C)NC(=O)N1CC(=O)N(C1=O)C2=CC(=CC(=C2)Cl)Cl,1,,,,,,
,,,,,,CC(C)(C)NCC(C1=CC(=C(C(=C1)Cl)N)C(F)(F)F)O.Cl,0,,CCCC1=NC(=C(N1CC2=CC=C(C=C2)C3=CC=CC=C3C4=NNN=N4)C(=O)O)C(C)(C)O,0,,,,,C1=CC=C2C(=C1)C(=CN2)CO,1,,,,,,
,,,,,,CCCCCCCCCCCC(=O)N(CC)CC,1,,C1=CC=C2C(=C1)C(=O)C=C(C2=O)NC3=CC=C(C=C3)S(=O)(=O)N,1,,,,,C1=CC=C2C=C(C=CC2=C1)N,1,,,,,,
,,,,,,CCOCCOCCOC(=O)C=C,0,,C[C@]12CC[C@H]3[C@H]([C@H]1CC[C@H]2O)CC[C@]45[C@@]3(CC(=C([C@@H]4O5)O)C#N)C,0,,,,,C[C@@]1([C@H]2[C@@H]([C@H]3[C@@H](C(=O)C(=C([C@]3(C(=O)C2=C(C4=C1C=CC=C4O)O)O)O)C(=O)N)N(C)C)O)O.Cl,0,,,,,,
,,,,,,CC(COC(=O)C1=CC=CC=C1)OC(=O)C2=CC=CC=C2,1,,C1C2CNCC1C3=CC4=NC=CN=C4C=C23,0,,,,,C1=CC(=C(C(=C1)Cl)/C=N/N=C(N)N)Cl,0,,,,,,
,,,,,,C1=CC=C(C=C1)NNC(=O)N,1,,CC1=C(C=CN=C1CS(=O)C2=NC3=CC=CC=C3N2)OCC(F)(F)F,1,,,,,C1=C(OC(=C1)C=O)CO,0,,,,,,
,,,,,,C1=CC=C(C=C1)C(F)(F)F,0,,CN(C)CCN(CC1=CC=C(C=C1)Cl)C2=CC=CC=N2,0,,,,,CCCCOC(=O)CCCCC(=O)OCCCC,0,,,,,,
,,,,,,CC(C)(C1=CC(=C(C(=C1)Br)O)Br)C2=CC(=C(C(=C2)Br)O)Br,1,,C1CN(C[C@@H]1NC(=O)NC2=CC=CC=C2Br)C3=NC=C(C=C3)C(F)(F)F,1,,,,,CCN(CC)C(=S)SSC(=S)N(CC)CC,1,,,,,,
,,,,,,CS(=O)(=O)C,0,,C1CCC2=C(C1)C(=NC(=N2)N3CCOC4=CC=CC=C43)NCC5=CC=CC=C5,1,,,,,CCC[N+](CCC)(CCC)CCC.[Br-],0,,,,,,
,,,,,,C(CCl)NC(=O)N(CCCl)N=O,0,,C1=CC(=CC=C1C2=COC3=CC(=CC(=C3C2=O)O)OC4[C@@H]([C@H]([C@H]([C@H](O4)CO)O)O)O)O,1,,,,,C1CC2=CC=CC=C2C(C3=CC=CC=C31)NCCCCCCC(=O)O,0,,,,,,
,,,,,,CC(CCCC(C)(C)O)N.Cl,0,,CC(C)CNC1=NC(=NC=C1)NCC2=CSC(=N2)C3=CC=CC=C3,1,,,,,CCC(CC)C(=O)O,0,,,,,,
,,,,,,C/C=C/C(=O)C1=C(C=CCC1(C)C)C,0,,C1CN(CCN1CC2=CC(=CC=C2)OC3=CC=CC=C3)C(=O)OC4=CC=C(C=C4)[N+](=O)[O-],0,,,,,C1C(COC1(CN2C=NC=N2)C3=C(C=C(C=C3)Cl)Cl)Br,1,,,,,,
,,,,,,CCN(CCCCOC(=O)C1=CC(=C(C=C1)OC)OC)C(C)CC2=CC=C(C=C2)OC.Cl,0,,CC[C@H](CC[C@@H](C)[C@H]1CC[C@@H]2[C@@]1(CC[C@@H]3[C@H]2CC=C4[C@@]3(CC[C@@H](C4)O)C)C)C(C)C,0,,,,,COC1=CC(=CC(=C1OC)OC)C(=O)OCCCN2CCCN(CC2)CCCOC(=O)C3=CC(=C(C(=C3)OC)OC)OC,1,,,,,,
,,,,,,C1=COC(=C1)CO,1,,CC[C@H](C)C(=O)O[C@H]1C[C@@H](C=C2[C@H]1[C@H]([C@H](C=C2)C)CC[C@H](C[C@H](CC(=O)O)O)O)O,0,,,,,CNC[C@@H]([C@H]([C@@H]([C@@H](CO)O)O)O)O,0,,,,,,
,,,,,,CCC1=CC=C(C=C1)C(=O)C(C)CN2CCCCC2.Cl,0,,CCC(=C(C1=CC=CC=C1)C2=CC=C(C=C2)OCCN(C)C)C3=CC=CC=C3,1,,,,,CCCC[Sn](CCCC)(CCCC)OC(=O)C(=C)C,1,,,,,,
,,,,,,COC1=CC(=NC(=N1)OC2=C(C(=CC=C2)OC3=NC(=CC(=N3)OC)OC)C(=O)[O-])OC.[Na+],0,,CCC(C)(C(=O)O)OC1=CC=C(C=C1)C2(CCCCC2)C3=CC=C(C=C3)OC(C)(CC)C(=O)O,0,,,,,CCC(=O)[O-].[Na+],0,,,,,,
,,,,,,C1C=CCS1(=O)=O,0,,C1CN(C(=O)NC1O)[C@H]2[C@@H]([C@H]([C@H](O2)CO)O)O,0,,,,,C1=CC=C(C=C1)C2=CC(=O)C3=C(O2)C=CC4=CC=CC=C43,1,,,,,,
,,,,,,CC(=O)O[Hg]C1=CC=CC=C1,1,,C1=CC=C2C(=C1)C(=CN2CC3=CC=C(C=C3)Cl)C(=O)C(=O)NC4=CC=NC=C4,1,,,,,C(=N)(N)[Se],0,,,,,,
,,,,,,C1=CC(=CC=C1C(=O)OCCCOC(=O)C2=CC=C(C=C2)N)N,1,,CCN1C[C@@H](N2C3=C(C(=C2C1=O)O)C(=O)N(N=C3C(=O)NC)CC4=CC(=C(C=C4)F)Cl)C,0,,,,,CCCCCC1C(CCC1=O)CC(=O)OC,0,,,,,,
,,,,,,CCCCC(CC)COP(=O)(O)OCC(CC)CCCC,1,,C[N+](C)(C)CC(=O)O,0,,,,,CC(=C)C(=O)OCC1CCCO1,0,,,,,,
,,,,,,C1=CC=C(C=C1)C(=CC=O)C2=CC=CC=C2,1,,C[C@@H]1C[C@H]2[C@@H]3CCC4=CC(=O)C=C[C@@]4([C@]3([C@H](C[C@@]2([C@]1(C(=O)CO)O)C)O)F)C,0,,,,,C1CCC2=NC3=CC=CC=C3C(=C2C1)N.Cl,1,,,,,,
,,,,,,CC1=C(C(=CC=C1)[N+](=O)[O-])C,0,,C1[C@@H](COC2=NC(=CN21)[N+](=O)[O-])OCC3=CC=C(C=C3)OC(F)(F)F,1,,,,,CCC(C)C1=C(C(=CC(=C1)C(C)(C)C)N2N=C3C=CC=CC3=N2)O,0,,,,,,
,,,,,,C1=CC=[N+](C(=C1)[S-])[O-].C1=CC=[N+](C(=C1)[S-])[O-].[Zn+2],1,,CC1CCC(CC1)C(=O)N(C2CCC(CC2)OC)C3=C(SC(=C3)C4=CCCCC4)C(=O)O,1,,,,,CC(C)CCCCCCCCCCCCCCC(=O)O,0,,,,,,
,,,,,,CC1=C(C(=C(C=C1C2(C3=CC=CC=C3S(=O)(=O)O2)C4=CC(=C(C(=C4C)Br)O)Br)Br)O)Br,1,,CCOC1=CC=CC=C1OCCNC(C)CC2=CC(=C(C=C2)OC)S(=O)(=O)N,1,,,,,C[C@H]1[C@@H](SC(=O)N1C(=O)NC2CCCCC2)C3=CC=C(C=C3)Cl,1,,,,,,
,,,,,,CC(C)(C)C1=C(C(=CC(=C1)[N+](=O)[O-])[N+](=O)[O-])O,1,,C[C@]12CCC3=C4CCC(=O)C=C4CC[C@@H]3[C@H]1CC[C@]2(CC#N)O,0,,,,,C[C@]12C[C@@H]([C@H]3[C@H]([C@@H]1CC[C@@]2(C(=O)CO)O)C[C@@H](C4=CC(=O)C=C[C@]34C)F)O,0,,,,,,
,,,,,,CS(=O)(=O)NC1=C(C=C(C=C1)[N+](=O)[O-])OC2=CC=CC=C2,1,,C[C@H](CC1=CC(=C(C=C1)OC)OC)[C@@H](C)CC2=CC(=C(C=C2)OC)OC,1,,,,,C1CCN(CC1)C(=O)/C=C/C=C/C2=CC3=C(C=C2)OCO3,1,,,,,,
,,,,,,C1=CC=C(C=C1)OP(=O)(OC2=CC=CC=C2)OC3=CC=CC=C3,1,,CC1=CN(C(=O)NC1=O)[C@@H]2C[C@H]([C@@H](O2)CO)O,0,,,,,CCCCN(CCCC)CCCC,0,,,,,,
,,,,,,CCCC1COC(O1)(CN2C=NC=N2)C3=C(C=C(C=C3)Cl)Cl,1,,CN1C(=O)C(=C(N=C1N2CCCCS2(=O)=O)C(=O)NCC3=CC=C(C=C3)F)O,0,,,,,C1=CC(=CC=C1[C@@H]2[C@H](C(=O)N2C3=CC=C(C=C3)F)CC[C@@H](C4=CC=C(C=C4)F)O)O,1,,,,,,
,,,,,,C1=CC(=CC=C1NC(=O)N)[As](=O)(O)O,0,,CCOC(=O)N1CCN(CC1)[N+](=NOC2=C(C=C(C=C2)[N+](=O)[O-])C#N)[O-],0,,,,,CC1=CC=CC=C1N=NC2=CC(=C(C=C2)N)C,1,,,,,,
,,,,,,CNC(=O)C1=CC=CC=C1,0,,CCCCC(=O)O[C@@]1([C@H](C[C@@H]2[C@@]1(C[C@@H]([C@]3([C@H]2CCC4=CC(=O)C=C[C@@]43C)F)O)C)C)C(=O)CO,1,,,,,C1=CC=C(C=C1)NC(=NC2=CC=CC=C2)N,1,,,,,,
,,,,,,CC(C)(CNC1=NC=C2C(=CC(=O)N(C2=N1)C)OC3=C(C=C(C=C3)F)F)O.Cl,1,,C1[C@H]2[C@@H]([C@@H](S1)CCCCC(=O)O)N=C(N2)N,0,,,,,C1[C@H]([C@@H]1N)C2=CC=CC=C2.Cl,0,,,,,,
,,,,,,C1=CC(=C(C=C1SC#N)[N+](=O)[O-])N,1,,CCN1C2=C(C(=O)N(C1=O)CC)N(C(=N2)C=CC3=CC(=C(C=C3)OC)OC)C,1,,,,,CCC(C1=CC=CC=C1)C(=O)OCCN2CCOC(C2C)C3=CC=CC=C3,1,,,,,,
,,,,,,C1=C2C(=C(C(=C1Br)O)Br)OC3=C(C(=C(C=C3C24C5=C(C(=C(C(=C5Cl)Cl)Cl)Cl)C(=O)O4)Br)O)Br,1,,CNCCCN1C2=CC=CC=C2CCC3=CC=CC=C31,1,,,,,CO/N=C(\C1=NSC(=N1)N)/C(=O)N[C@H]2[C@@H]3N(C2=O)C(=C(CS3)C[N+]4=C5C=CC=NN5C=C4)C(=O)[O-].Cl,0,,,,,,
,,,,,,CC/C(=C\C(=N/O)\C(=O)N)/C(C)[N+](=O)[O-],0,,CC(C)(C)C1=C(C=CC(=C1)O)O,1,,,,,CCCCCOC1=CC=CC=C1/C(=C\SC)/N2C=CN=C2,1,,,,,,
,,,,,,CC(=O)CCCCN1C(=O)C2=C(N=CN2C)N(C1=O)C,0,,C1C[C@H](NC1)C(=O)O,0,,,,,C1=CC(=CC=C1NC(=O)C2=C(C(=CC(=C2)Br)Br)O)Br,1,,,,,,
,,,,,,C=CS(=O)(=O)[O-].[Na+],0,,CC(C(C1=C(C=CC(=C1)OC)OC)O)N,0,,,,,C/C=C\1/C(=O)C[C@@H]2[C@@]1(CC[C@H]3[C@H]2CCC4=CC(=O)CC[C@]34C)C,1,,,,,,
,,,,,,CCN(CC)C(=O)Cl,0,,CC1(C(=O)N(C(=O)O1)C)C,0,,,,,CCC(C)C1CCCCC1=O,0,,,,,,
,,,,,,C1=CC2=C(C=CC(=C2C(=C1)O)O)O,0,,CC(=O)OC1=C(C=CC(=C1)C(F)(F)F)C(=O)O,0,,,,,CCOP(=O)(CC)OCC,0,,,,,,
,,,,,,CC1=C(C=CC(=C1)F)C2=CC(=NC=C2N(C)C(=O)C(C)(C)C3=CC(=CC(=C3)C(F)(F)F)C(F)(F)F)N4CC[C@H]([C@H]4CO)O,1,,C1CC(CCC1NCC2=C(C(=CC(=C2)Br)Br)N)O,0,,,,,C1=CC=C(C=C1)C2=NC3=CC=CC=C3C(=C2)C(=O)O,0,,,,,,
,,,,,,C1=CC=C(C=C1)COC(=O)C(=O)OCC2=CC=CC=C2,0,,C1=CC(=CC=C1C#N)C(C2=CC=C(C=C2)C#N)N3C=NC=N3,1,,,,,C1=CC=C2C(=C1)C(=O)C(C2=O)C3=CC=C(C=C3)Br,0,,,,,,
,,,,,,CCS(=O)(=O)C1=C(N=CC=C1)S(=O)(=O)NC(=O)NC2=NC(=CC(=N2)OC)OC,1,,CCOC1=C(C=CC(=C1)CC(=O)N[C@@H](CC(C)C)C2=CC=CC=C2N3CCCCC3)C(=O)O,1,,,,,C1=CC=C(C(=C1)C(=O)OCC(CO)O)NC2=C3C=CC(=CC3=NC=C2)Cl.Cl,1,,,,,,
,,,,,,CCCC1=CC(=O)NC(=S)N1,0,,CCNCC.C1=CC(=C(C=C1O)S(=O)(=O)O)O,1,,,,,C1=CC=C2C3=C4C(=CC=C3)C5=CC=CC=C5C4=CC2=C1,1,,,,,,
,,,,,,CC(CC1=CC(=C(C=C1OC)Br)OC)N.Cl,0,,COC(=O)CCC(=O)CN,0,,,,,C1CCC(CC1)C2=C(C=CC(=C2)C3(CCCCC3)C4=CC(=C(C=C4)O)C5CCCCC5)O,1,,,,,,
,,,,,,CC1=CC2=C(C=C1)C3=CC=CC=C3C=C2,1,,CC1=C(C(=NO1)C2=CC=CC=C2)C(=O)N[C@H]3[C@@H]4N(C3=O)[C@H](C(S4)(C)C)C(=O)[O-],0,,,,,CC(C)C(=O)C,0,,,,,,
,,,,,,CCCCCCCCCCCCBr,0,,CN[C@@H]1C[C@H](C2=CC=CC=C12)C3=CC(=C(C=C3)Cl)Cl,1,,,,,C1CCC(C1)C2=C(C=CC(=C2)Cl)O,1,,,,,,
,,,,,,CC1=C2CC[C@@H](C(=O)N2C3=CC=CC=C13)CC4=C(NC=N4)C.Cl,1,,COC(=O)C1=CC=CC=C1C(=O)OC,0,,,,,C1=CC=C2C(=C1)C(=O)NC=N2,1,,,,,,
,,,,,,CCCCCCOC1=CC=CC=C1C(=O)N,1,,C=CC1=CC=CC=C1,0,,,,,CN(C)CCOC1=CC=C(C=C1)/C(=C(/CCCl)\C2=CC=CC=C2)/C3=CC=CC=C3.C(C(=O)O)C(CC(=O)O)(C(=O)O)O,1,,,,,,
,,,,,,CCCOC1=CC=CC=C1C2=NC3=NNN=C3C(=O)N2,0,,COC(=O)C1=CC=CC=C1O,0,,,,,CC1=C(C(CCC1)(C)C)/C=C/C(=O)C,1,,,,,,
,,,,,,C1=CC2=C(C=CC=C2[N+](=O)[O-])C(=C1)[N+](=O)[O-],1,,C1=CC(=C(C(=C1)O)O)O,1,,,,,CCC(=O)N(C1=CC=CC=C1)C2(CCN(CC2)CCN3C(=O)N(N=N3)CC)COC.Cl,1,,,,,,
,,,,,,CCCCCCCCCC(C)C=O,1,,CCOC1=C(C=CC(=C1)C=O)O,0,,,,,CCCCNS(=O)(=O)C1=CC=CC=C1,1,,,,,,
,,,,,,C1=CC(=CC=C1N)OC2=CC(=C(C=C2)N)N,1,,C1=CC=C(C(=C1)C2=C3C=C(C(=O)C=C3OC4=C2C=C(C(=C4)O)CN(CC(=O)O)CC(=O)O)CN(CC(=O)O)CC(=O)O)C(=O)O,0,,,,,C1(C(C(C(C(C1Cl)Cl)Cl)Cl)Cl)Cl,1,,,,,,
,,,,,,C1=CC=NC(=C1)CCl.Cl,0,,C1=CC=C2C(=C1)C(=CC(=C2N)N=NC3=CC=C(C=C3)C4=CC=C(C=C4)N=NC5=C(C6=CC=CC=C6C(=C5)S(=O)(=O)[O-])N)S(=O)(=O)[O-],1,,,,,C1CC2=C(C=CC=C2O)C(=O)C1,0,,,,,,
,,,,,,CC1=CC(=C(C=C1O)C)C2(C3=CC=CC=C3S(=O)(=O)O2)C4=C(C=C(C(=C4)C)O)C,1,,CC1(CCC(CC1)C(C)(C)O)O,0,,,,,C1CCN(C1)N=O,0,,,,,,
,,,,,,C1N2CN3CN1C[N+](C2)(C3)C/C=C\Cl.[Cl-],0,,COC1=CC=C(C=C1)C=CC(=O)O,0,,,,,CCC(C)(CCC=C(C)C)O,0,,,,,,
,,,,,,C1=CNC(=O)NC1=O,0,,CC(C)CC1C(=O)N(C(=S)N1)CC=C,1,,,,,CC1=CC[C@@H]2C[C@H]1C2(C)C,0,,,,,,
,,,,,,CCCCCC(=O)C,0,,C1=C2C(=C3C=C(C(=O)C(=C3OC2=C(C(=C1I)[O-])I)I)I)C4=C(C(=C(C(=C4Cl)Cl)Cl)Cl)C(=O)[O-],1,,,,,CC(=O)OCCC1CCCCC1,0,,,,,,
,,,,,,CCCCCCCCSCC,0,,CC1(C2CCC1(C[N+](C2)(C)CCC[N+](C)(C)C)C)C,0,,,,,C1CNCC2=C1C(=O)NO2,0,,,,,,
,,,,,,C1=CC(=C(C=C1C(F)(F)F)N)S.Cl,1,,CC(CC1=CC=CC=C1)NC=O,0,,,,,C(=C(Cl)Cl)Cl,0,,,,,,
,,,,,,C1=CC(=C(C=C1F)F)C(CN2C=NC=N2)(CN3C=NC=N3)O,1,,CCCCNCC(C1=CC=C(C=C1)O)O,0,,,,,CC1=CC(=C(C(=C1)C)C(=O)P(=O)(C2=CC=CC=C2)C3=CC=CC=C3)C,1,,,,,,
,,,,,,C[C@]12CC[C@H]3[C@H]([C@@H]1CC[C@@H]2OC(=O)CCC4CCCC4)CCC5=C3C=CC(=C5)O,1,,CC1(CC(=O)C2=CC=CC=C2C1=O)S(=O)(=O)[O-],1,,,,,COC(=O)CCC(=O)O,0,,,,,,
,,,,,,CC(C)COC(=O)CC(C(=O)OCC(C)C)S(=O)(=O)[O-].[Na+],1,,CC1=CN=C(C=[N+]1[O-])C(=O)O,0,,,,,C/C=C(\C)/C=C/C=C(C)C,1,,,,,,
,,,,,,C1CCC(CC1)NC(=S)NC2CCCCC2,1,,CC1=CC(=C(C(=C1C=CC(=CC=CC(=CC(=O)O)C)C)C)C)OC,1,,,,,C1=C2C(=CC(=C1Cl)Cl)OC3=CC(=C(C=C3O2)Cl)Cl,0,,,,,,
,,,,,,C1CC(C2=CC=CC=C2C1)O,0,,CC1=CSC(=C1N(C(C)COC)C(=O)CCl)C,0,,,,,C1=CC(=C(C=C1Cl)SC2=C(C=CC(=C2)Cl)O)O,1,,,,,,
,,,,,,CCCCC(=O)O[C@@]1([C@@H](C[C@@H]2[C@@]1(C[C@@H]([C@]3([C@H]2CCC4=CC(=O)C=C[C@@]43C)F)O)C)C)C(=O)CO,1,,C(C(CO)([N+](=O)[O-])Br)O,0,,,,,CCCCCCCCOC1=CC=C(C=C1)C(=O)O,1,,,,,,
,,,,,,C1COCCN1CC2CN(C(=O)O2)/N=C/C3=CC=C(O3)[N+](=O)[O-].Cl,0,,CCCCC(CC)COC(=O)CC(C(=O)OCC(CC)CCCC)S(=O)(=O)[O-],1,,,,,CCCCCCCCN1C(=O)C=CS1,1,,,,,,
,,,,,,CCCCCCCCCCCC(=O)OCC(C)OC(=O)CCCCC(=O)O,1,,C1=CC(=CC=C1NN=C(N)N)N=NC(=S)N,0,,,,,CCO[Si](CC)(OCC)OCC,1,,,,,,
,,,,,,C/C(=C(\C1=C(C=C(C=C1)Cl)Cl)/OCCOC2=CC=C(C=C2)Cl)/N3C=CN=C3,1,,CN1C2=CC=CC=C2C(=C1O)N=NC(=S)N,1,,,,,CN(C1CCCCC1)S(=O)(=O)C2=CC=CC=C2N,1,,,,,,
,,,,,,COC1=C(C(=CC=C1)OC)C(=O)O,0,,CCCCCCCCCCCC(=O)OCC(CO)O,1,,,,,CNC1=C(C(=O)N(N=C1)C2=CC=CC(=C2)C(F)(F)F)Cl,1,,,,,,
,,,,,,C1COCCN1,0,,CCOC(=O)C1=C(NC(=C(C1C2=CC=CC=C2Cl)C(=O)OC)C)COCCN,1,,,,,CCOC(=O)C(C1=CC=CC=C1)Br,0,,,,,,
,,,,,,C1=CC(=CC(=C1)F)CN2C3=C(C=C(C=C3)F)C=C2C(=O)NC4=CC5=C(C=C4)NC=C5,1,,C1=CN(N=C1)C(=N)N,0,,,,,CCNC(=O)N1CCN(CC1)CCCC(C2=CC=C(C=C2)F)C3=CC=C(C=C3)F.Cl,1,,,,,,
,,,,,,CC(C)(C)OC,0,,COC(=O)[C@H](CS)N,0,,,,,CC1=C(N2[C@@H]([C@@H](C2=O)NC(=O)[C@@H](C3=CCC=CC3)N)SC1)C(=O)O,0,,,,,,
,,,,,,CCOP(=O)(OCC)OCC,1,,C1=CC(=CC=C1N=C=S)N=C=S,0,,,,,CC[Si](OC(=O)C)(OC(=O)C)OC(=O)C,1,,,,,,
,,,,,,C1=CC=C2C(=C1)C3=CC=CC4=C3C2=CC=C4,0,,C1=CC=C(C=C1)C=CCO,0,,,,,C1=CC(=CC=C1N)SC2=CC=C(C=C2)N,1,,,,,,
,,,,,,CC1=CC(=C(N1C2=CC=C(C=C2)Cl)C)CC(=O)O,1,,C1=CC=C(C=C1)COC(=O)C2=CN=CC=C2,0,,,,,COC1=CC=C(C=C1)C(=O)N2CCN(CC2)CC(=O)N3CCOCC3,0,,,,,,
,,,,,,C(C(=O)O)P(=O)(O)O,0,,CCCCCCCCCCCCCCCCCC[N+](C)(C)CCC[Si](OC)(OC)OC,0,,,,,CN(C)C1=CC=C(C=C1)C(=O)C2=CC=C(C=C2)N(C)C,1,,,,,,
,,,,,,C1CC(C2=CC=CC=C2C1)C3=C(C4=CC=CC=C4OC3=O)O,1,,CCOP(=S)(OCC)SCSC1=CC=C(C=C1)Cl,1,,,,,CC1=CC=CC=C1C(=O)NC2=CC(=CC=C2)OC(C)C,1,,,,,,
,,,,,,CCC(CO)(CO)N,0,,C1=CC(=C(C(=C1)F)C(=O)NC(=O)NC2=CC(=C(C=C2)Cl)OC3=C(C=C(C=N3)C(F)(F)F)Cl)F,1,,,,,C1=CC=C(C=C1)CN=CC2=CC=CC=C2O,0,,,,,,
,,,,,,CN(C1=CC=CC=C1)N=O,0,,C[C@@H](CN(C)C)O,0,,,,,CC1=C(C=CC=C1O)C(=O)N[C@@H](CSC2=CC=CC=C2)[C@@H](CN3C[C@H]4CCCC[C@H]4C[C@H]3C(=O)NC(C)(C)C)O.CS(=O)(=O)O.O,1,,,,,,
,,,,,,CCCC(=O)O[C@@]1(CC[C@@H]2[C@@]1(C[C@@H]([C@H]3[C@H]2CCC4=CC(=O)CC[C@]34C)O)C)C(=O)CC,1,,CCCC1=CC=C(C=C1)C(=O)O,0,,,,,CN1[C@@H]2CC(C[C@H]1[C@H]3[C@@H]2O3)OC(=O)[C@H](CO)C4=CC=CC=C4.O.O.O.Br,0,,,,,,
,,,,,,CCCCCC1NC2=C(C=C(C(=C2)C(F)(F)F)S(=O)(=O)N)S(=O)(=O)N1,1,,C1=C(C=C(C(=C1I)O)I)[N+](=O)[O-],0,,,,,C1=CC=C(C=C1)NC2=CC(=CC=C2)O,1,,,,,,
,,,,,,CC(C)(C)NC(=O)N,0,,C(C(CS(=O)(=O)[O-])S)S.O.[Na+],0,,,,,C1=CC=C(C=C1)NC2=CC=CC3=CC=CC=C32,1,,,,,,
,,,,,,CC(C(=O)O)(Cl)Cl,0,,CC[C@]12CC(=C)[C@H]3[C@H]([C@H]1CC[C@]2(C#C)O)CCC4=CCCC[C@H]34,1,,,,,C1=CC=C2C(=C1)C(=O)[N-]S2(=O)=O.[Na+],0,,,,,,
,,,,,,CC(=O)OC1=CC=C(C=C1)C(C2=CC=C(C=C2)OC(=O)C)C3=CC=CC=N3,1,,C1CC(=O)N(C1=O)CO,0,,,,,CCOC1=CC2=C(C=C1)N=C(S2)N,1,,,,,,
,,,,,,C1CCC(CC1)NS(=O)(=O)[O-].[Na+],0,,C1=CC(=CC(=C1)O)C(CN)O,0,,,,,CC(C)N(C1=CC=C(C=C1)F)C(=O)COC2=NN=C(S2)C(F)(F)F,1,,,,,,
,,,,,,C(=O)(C(Cl)(Cl)Cl)Cl,0,,CC1=C(C(=C(C2=C1O[C@](CC2)(C)CCC[C@H](C)CCC[C@H](C)CCCC(C)C)C)OC(=O)CCC(=O)O)C,1,,,,,CCN(CC1=CC(=CC=C1)S(=O)(=O)O)C2=CC=CC=C2,0,,,,,,
,,,,,,C1=CC=C2C(=C1)C=NN=C2NN.Cl,0,,CC1(CC1C(=O)NC(=CCCCCSCC(C(=O)[O-])N)C(=O)O)C.[Na+],0,,,,,C1=CNC(=O)C(=C1)O,0,,,,,,
,,,,,,C1=CC=C(C=C1)CC(=O)O,0,,C1=CC=C(C=C1)N2C=NN=N2,0,,,,,C1=CC=C2C(=C1)C3=CC=CC=C3C2(C4=CC=C(C=C4)O)C5=CC=C(C=C5)O,1,,,,,,
,,,,,,CCN(CC)C=O,0,,CC[N+](C)(C)CC1=CC=CC=C1Br,0,,,,,C[N+]1(CC2=C(C1)C(=C(C(=C2Cl)Cl)Cl)Cl)CC[N+](C)(C)C.[Cl-].[Cl-],0,,,,,,
,,,,,,COC1=CC2=CC=CC=C2C=C1,0,,CCNCC(C1=CC(=CC=C1)O)O,0,,,,,CC1=C(C=C(C=C1)N)N,0,,,,,,
,,,,,,CC/C=C\CCOC(=O)C1=CC=CC=C1,0,,C(NC(=O)NC1C(=O)NC(=O)N1CO)NC(=O)NC2C(=O)NC(=O)N2CO,0,,,,,C1=CC=C(C=C1)C(CCC2=CC=C(C=C2)Cl)(CN3C=NC=N3)C#N,1,,,,,,
,,,,,,CCC(=O)N(C1CCNCC1)C2=CC=CC=C2,0,,CCN1C(=O)C(NC1=O)C2=CC=CC=C2,0,,,,,C1COCCN1SSC2=NC3=CC=CC=C3S2,1,,,,,,
,,,,,,C1=CC(=CC=C1N=C=O)Cl,1,,C[C@H]1[C@@H]([C@H]([C@@H]([C@@H](O1)OC[C@@H]2[C@H]([C@@H]([C@@H]([C@@H](O2)OC3=CC(=C4C(=O)C[C@H](OC4=C3)C5=CC(=C(C=C5)OC)O)O)O)O)O)O)O)O,0,,,,,C1=CC=C(C=C1)C[N+]2=CC=CC3=CC=CC=C32.[Cl-],0,,,,,,
,,,,,,C1CO[C@@H]([C@H](O1)Cl)Cl,0,,CN(CCCCCCCCCCN(C)C(=O)OC1=CC=CC(=C1)[N+](C)(C)C)C(=O)OC2=CC=CC(=C2)[N+](C)(C)C,1,,,,,CC1(CCC(C1(CN2C=NC=N2)O)CC3=CC=C(C=C3)Cl)C,1,,,,,,
,,,,,,C1CCC(CC1)NC(=O)N(CCCl)N=O,0,,C[C@@H]([C@@H](C1=CC=C(C=C1)O)O)NCCC2=CC=C(C=C2)O,0,,,,,CCCCCC1=CC=C(C=C1)N,1,,,,,,
,,,,,,CC(C)(C1=CC=CC=C1)C2=CC=C(C=C2)O,1,,C1=CC(=CC=C1OCC(COC(=O)N)O)Cl,0,,,,,CC1=CC2=C(C=C1)N=CC=C2,0,,,,,,
,,,,,,CCC1=CC(=CC=C1)O,0,,CC([C@H](C1=CC=C(C=C1)O)O)NC,0,,,,,CCC(=O)N(C1CCN(CC1)CC2=CC=CC=C2)C3=CC=CC=C3.Cl,1,,,,,,
,,,,,,C1=CC2=C(C=CC(=C2)S(=O)(=O)[O-])C=C1O.[K+],0,,C[N+](C)(C)CCCC(=O)OC,0,,,,,CCN(CC)C1=CC(=C(C=C1)C=O)O,1,,,,,,
,,,,,,CC(=O)NNC1=CC=CC=C1,1,,C[C@H]1[C@H]([C@@](C[C@@H](O1)O[C@H]2[C@H]([C@@H](C(O[C@H]2OC3=C4C=C5C=C3OC6=C(C=C(C=C6)[C@H]([C@H](C(=O)N[C@H](C(=O)N[C@H]5C(=O)N[C@@H]7C8=CC(=C(C=C8)O)C9=C(C=C(C=C9O)O)[C@H](NC(=O)[C@H]([C@@H](C1=CC(=C(O4)C=C1)Cl)O)NC7=O)C(=O)O)CC(=O)N)NC(=O)[C@@H](CC(C)C)NC)O)Cl)CO)O)O)(C)N)O,0,,,,,CCCCCC/C=C\CCCCCCCC(=O)O,0,,,,,,
,,,,,,C1=CC=C2C(=C1)N=C(S2)[S-].[Na+],1,,CCCC(CCC)C(=O)N,0,,,,,CCC(=O)N([C@H]1CCN(C[C@H]1C)CCC2=CC=CC=C2)C3=CC=CC=C3.Cl,1,,,,,,
,,,,,,C1C2CC(C1C=C2)C3NC4=CC(=C(C=C4S(=O)(=O)N3)S(=O)(=O)N)Cl,1,,C1=CC=NC(=C1)C(C2=CC=C(C=C2)OS(=O)(=O)[O-])C3=CC=C(C=C3)OS(=O)(=O)[O-],0,,,,,CCCCCCOC1=CC=C(C=C1)N,1,,,,,,
,,,,,,CCC(C)COC(=O)C,0,,CC1=C(SC=[N+]1CC2=CN=C(N=C2N)C)CCO,0,,,,,CCCC1O[C@@H]2C[C@H]3[C@@H]4CCC5=CC(=O)C=C[C@@]5([C@H]4[C@H](C[C@@]3([C@@]2(O1)C(=O)CO)C)O)C,1,,,,,,
,,,,,,COC1=CC=C(C=C1)[C@H]2[C@H](C(=O)NC3=CC=CC=C3S2)O,1,,CCOC(=O)C=C(C)C=CC[C@@H](C)CCCC(C)C,1,,,,,CCCC1=NC=C(S1)C(=O)O,0,,,,,,
,,,,,,C1CN(CCN1CCCN2C3=CC=CC=C3SC4=C2C=C(C=C4)Cl)CCO,0,,C[C@H]1CC[C@@H]([C@@H](C1)O)C(C)C,0,,,,,C/C=C/C(=O)OC1=C(C=C(C=C1[N+](=O)[O-])[N+](=O)[O-])CCCCCC(C)C,1,,,,,,
,,,,,,CCCCCCCCCCCCSCCOCCO,1,,CCCCNC(C)(C)[P+](=O)O,0,,,,,CS(=O)(=O)NC(=O)C1=C(C=CC(=C1)OC2=C(C=C(C=C2)C(F)(F)F)Cl)[N+](=O)[O-],1,,,,,,
,,,,,,C1=C(C=C(C(=C1SC2=C(C(=CC(=C2)Cl)Cl)[O-])[O-])Cl)Cl.[Na+].[Na+],1,,CCOC(=O)C1=C(C2=CC=CC=C2S(=O)(=O)N1C)O,0,,,,,CS(=O)(=O)O.C1[C@@H]2[C@@H](C2N)CN1C3=C(C=C4C(=O)C(=CN(C4=N3)C5=C(C=C(C=C5)F)F)C(=O)O)F,1,,,,,,
,,,,,,CCOC(=O)CN1CCCC1=O,0,,COC1=C(C=C(C=C1)S(=O)(=O)C)C(=O)OC,0,,,,,CC(C)CC(C)(C1=CC=C(C=C1)O)C2=CC=C(C=C2)O,1,,,,,,
,,,,,,C1CCC(CC1)NSC2=NC3=CC=CC=C3S2,1,,COC1=C(C=C(C=C1)CC2C3=CC(=C(C=C3CCN2CCC(=O)OCCCCCOC(=O)CCN4CCC5=CC(=C(C=C5C4CC6=CC(=C(C=C6)OC)OC)OC)OC)OC)OC)OC,1,,,,,CCCCCC[N+]1=CC=CC=C1.[Br-],1,,,,,,
,,,,,,CN(C)C(=O)NC1=CC(=C(C=C1)Cl)Cl,0,,C1C(NC(S1)C(=O)O)C(=O)O,0,,,,,CCCCN(CCCC)CC(C1=CC(=CC\2=C1C3=C(/C2=C/C4=CC=C(C=C4)Cl)C=C(C=C3)Cl)Cl)O,1,,,,,,
,,,,,,C[C@]12CC[C@H]3[C@H]([C@@H]1CC[C@@H]2O)CCC4=C3C=CC(=C4)O,0,,CC1=C(C(=NO1)C2=C(C=CC=C2Cl)F)C(=O)Cl,0,,,,,CC1=CC(=C(C=C1)C(C)(C)C)O,0,,,,,,
,,,,,,CC(C1=CC(=C(C=C1)C2=CC=CC=C2)F)C(=O)O,1,,CC1=C(C(=NO1)C2=CC=CC=C2Cl)C(=O)Cl,0,,,,,CCCCN(CCCC)N=O,0,,,,,,
,,,,,,CCCCCC1=CC=C(C=C1)N,1,,C1=CC(=CC=C1NC2=NC(=NC(=N2)N)N)[As](SCCN)SCCN,0,,,,,CC(C)[C@H](C1=CC=C(C=C1)Cl)C(=O)O[C@@H](C#N)C2=CC(=CC=C2)OC3=CC=CC=C3,1,,,,,,
,,,,,,CCOP(=S)(OCC)OC1=CC(=C(C=C1Cl)Br)Cl,1,,CCCCCCCCCCCCCCCCNC1=CC=C(C=C1)C(=O)O,0,,,,,CN(C)[C@H]1[C@@H]2C[C@@H]3[C@@H](C4=C(C=CC(=C4C(=C3C(=O)[C@@]2(C(=C(C1=O)C(=O)N)O)O)O)O)Cl)O.Cl,0,,,,,,
,,,,,,CC1=CSC(=C1N(C(C)COC)C(=O)CCl)C,1,,C[N+](C)(C)CCCCCCNCC=C,0,,,,,C1=CC(=O)NC=C1,0,,,,,,
,,,,,,CC(=O)N[C@H]1CCC2=CC(=C(C(=C2C3=CC=C(C(=O)C=C13)OC)OC)OC)OC,0,,CCCCCCCCC=CCCCCCCCC(=O)NCCOC(=O)CC(C(=O)[O-])S(=O)(=O)[O-],1,,,,,CCC(C)NC1=C(C=C(C=C1[N+](=O)[O-])C(C)(C)C)[N+](=O)[O-],1,,,,,,
,,,,,,CC1=NC2=C(C=C1)C=CC(=C2)Cl,0,,C[C@]12CCCCC[C@H]([C@H]1N)CC3=C2C=C(C=C3)O,1,,,,,CC(C)COCC(CN(CC1=CC=CC=C1)C2=CC=CC=C2)N3CCCC3,1,,,,,,
,,,,,,CC(CN(CCCN(C)C)CCCN(C)C)O,0,,CC(CC1=CC2=C(C=C1)OCO2)NCC(C3=CC(=C(C=C3)O)O)O,1,,,,,CCCCCCCCCCCCCCCC[N+](C)(C)CCN(CC1=CC=C(C=C1)OC)C2=NC=CC=N2.[Br-],0,,,,,,
,,,,,,CCC(=O)O[C@H]1CC[C@@H]2[C@@]1(CC[C@H]3[C@H]2CCC4=CC(=O)CC[C@]34C)C,1,,C1=CC(=C2C(=C1NCCN)C(=O)C3=C(C2=O)C=NC=C3)NCCN,1,,,,,CN(C)C1=CC=C(C=C1)N,1,,,,,,
,,,,,,CCOC1=CC2=C(C=C1)NC(CC2C)(C)C,1,,CC=CC1C(C1(C)C)C(=O)OCC2=C(C(=C(C(=C2F)F)COC)F)F,1,,,,,CC(C)(C#N)N,0,,,,,,
,,,,,,CC1=C(N2[C@@H]([C@@H](C2=O)NC(=O)/C(=N/OC)/C3=CSC(=N3)N)SC1)C(=O)OCOC(=O)C(C)(C)C.Cl,1,,CC(C)[C@@H](C(=O)O)N,0,,,,,C1=CC(=C(C=C1[N+](=O)[O-])Cl)C(=O)N,0,,,,,,
,,,,,,C[Si](CN1C=NC=N1)(C2=CC=C(C=C2)F)C3=CC=C(C=C3)F,1,,CC1=C(C=CC(=C1)C2=CC(=C(C=C2)N=NC3=C(C4=C(C=C(C=C4C=C3S(=O)(=O)[O-])S(=O)(=O)[O-])N)O)C)N=NC5=C(C6=C(C=C(C=C6C=C5S(=O)(=O)[O-])S(=O)(=O)[O-])N)O,1,,,,,CCCCCCC1CCOC1=O,0,,,,,,
,,,,,,C[C@H]1[C@H]2CC3=C([C@@]1(CCN2CC=C(C)C)C)C=C(C=C3)O.C(CC(=O)O)C(=O)O,0,,C1=CC2=C(C=C1S(=O)(=O)[O-])C(=C(N2)C3=NC4=C(C3=O)C=C(C=C4)S(=O)(=O)[O-])O,1,,,,,CC(C)COC(=O)C,0,,,,,,
,,,,,,[Na+].[I-],0,,C(C(=O)[C@H]([C@@H]([C@H](C(=O)[O-])O)O)O)O,0,,,,,CC1=CC(=CC=C1)N(C)C(=S)OC2=CC3=C(C=C2)C4CCC3C4,1,,,,,,
,,,,,,COP(=O)(OC)O/C(=C/Cl)/C1=CC(=C(C=C1Cl)Cl)Cl,1,,C(CS(=O)(=O)[O-])CS(=O)(=O)[O-],0,,,,,COC(=O)C1=CC=CC=C1,0,,,,,,
,,,,,,CCCCC=O,1,,CC1([C@@H]([C@@H]1C(=O)OCC2=C(C(=CC(=C2F)F)F)F)C=C(Cl)Cl)C,1,,,,,CC1=CC(=C(C(=C1)O)C)C,0,,,,,,
,,,,,,CC(C)C1=CC=C(C=C1)OP(=O)(OC2=CC=C(C=C2)C(C)C)OC3=CC=C(C=C3)C(C)C,1,,CCCCC(C1=CC=CC=C1)O,0,,,,,COCCC#N,0,,,,,,
,,,,,,C1=CC=C2C(=C1)C=CC(=C2N=NC3=CC=C(C=C3)S(=O)(=O)[O-])O.[Na+],1,,C([C@@H](C(=O)O)N)C(=O)N,0,,,,,CCOC(=O)C1=NN(C(=N1)C(Cl)(Cl)Cl)C2=C(C=C(C=C2)Cl)Cl,1,,,,,,
,,,,,,C1C2=CC(=C(C=C2[C@@H]3[C@]1(COC4=C3C=CC(=C4O)O)O)O)O,1,,CCN(CC)N(N=O)[O-].O.[Na+],0,,,,,C1C2CNCC1C3=CC4=NC=CN=C4C=C23.Cl,0,,,,,,
,,,,,,CNC.[N+](=O)(O)[O-],0,,CCOC1=C2C(=C(C=C1)S(=O)(=O)[O-])C=CC=N2.O.[Na+],0,,,,,CC1=NC(=NC(=N1)OC)NC(=O)NS(=O)(=O)C2=C(SC=C2)C(=O)OC,0,,,,,,
,,,,,,CCO[Si](CCC#N)(OCC)OCC,0,,C1=CC=C(C=C1)S(=O)(=O)C2=C(N=C(N=C2NC3=CC=C(C=C3)Br)N)N,1,,,,,CCCCC(CC)CN1C(=O)C2C3CC(C2C1=O)C=C3,1,,,,,,
,,,,,,C1=C(C=C(C(=C1Br)O)Br)C(=O)O,1,,COC(=O)C1=C(C2=CC=CC=C2S(=O)(=O)N1CC(=O)NC3=CC=CC=C3Cl)C4=CC=CC=C4,1,,,,,C1=CC(=C(C=C1[C@H](CN)O)O)O.C(C(C(=O)O)O)(C(=O)O)O.C(C(C(=O)O)O)(C(=O)O)O,0,,,,,,
,,,,,,CC(C)(C)C1=NN=C(S1)NS(=O)(=O)C2=CC=CC=C2,1,,CC1=CC(=CC(=C1)NC(=O)CSC2=C(C(=O)C3=CC=CC=C3N2)C(=O)OC)C,1,,,,,C1=CC=C(C=C1)NC(=O)C2=C(C=CC(=C2)Cl)O,1,,,,,,
,,,,,,C1=CC(=C(C=C1N)Cl)N.OS(=O)(=O)O,1,,CCN1C=C2C(=N1)C(=O)N(C(=N2)SCC(=O)NC3=CC(=C(C=C3)OC)OC)CC4=CC=C(C=C4)Cl,1,,,,,C1=CC2=C(C(=C1)OCC(COC3=CC=CC4=C3C(=O)C=C(O4)C(=O)[O-])O)C(=O)C=C(O2)C(=O)[O-].[Na+].[Na+],0,,,,,,
,,,,,,CC1=C(C(C(=C(N1)C)C(=O)OCCN(C)CC2=CC=CC=C2)C3=CC(=CC=C3)[N+](=O)[O-])C(=O)OC,1,,CCCCN1C=NC2=C1C=CC(=C2)NCC3=CC=CC=C3Cl,1,,,,,CC1=CC(=NC(=N1)NC2=CC=CC=C2)C3CC3,1,,,,,,
,,,,,,CC(C)[N+](C)(CCC(C1=CC=CC=C1)(C2=CC=CC=C2)C(=O)N)C(C)C,1,,CC1=CC(=C(C=C1)NC(=O)CN2C3=C(C(=O)N(C2=O)CCC(=O)NCC4=CC5=C(C=C4)OCO5)SC=C3)C,1,,,,,CC(C)C1=CC2=C(C=C1)C(=CC(=C2S(=O)(=O)[O-])C(C)C)C(C)C.[Na+],1,,,,,,
,,,,,,CS(=O)(=O)C1=C(C=CC(=C1)C(F)(F)F)C(=O)C2=C(ON=C2)C3CC3,1,,CC1=CC=CC2=NC(=C(N12)NC3=CC=C(C=C3)F)C4=CC=CC=N4,1,,,,,C1=CC=C(C(=C1)CC#N)[N+](=O)[O-],1,,,,,,
,,,,,,CC(C)OC(=O)C(CC(=O)O)(CC(=O)O)O,1,,CC1=CC=C(C=C1)CNC(=O)CN2C(=O)C3=C(C=CS3)N(C2=O)CC(=O)NC4=CC(=CC=C4)OC,1,,,,,CCOC1=CC=C(C=C1)C(C)(C)COCC2=CC(=CC=C2)OC3=CC=CC=C3,1,,,,,,
,,,,,,CO[Si](C)(OC)OC,0,,COC1=C(C=C(C=C1)NC(=O)CSC2=NC=C(N2)C3=CC=C(C=C3)Cl)OC,1,,,,,CCCCOC(=O)C1=CC=CC=C1C(=O)OCCCC,0,,,,,,
,,,,,,CC(C(=O)OC)OC1=CC=C(C=C1)OC2=C(C=C(C=C2)Cl)Cl,1,,COC1=CC=C(C=C1)C2=NC(=C(N2)C3=CC=CC=C3)SCC(=O)NC4=CC5=C(C=C4)OCO5,1,,,,,C1=NNC(=N1)N,0,,,,,,
,,,,,,C(C(=O)O)OC1=NC(=C(C(=C1Cl)N)Cl)F,0,,COC1=CC=C(C=C1)C2=C(N=C(N2)C3=CC=C(C=C3)OC)SCC(=O)NC4=CC5=C(C=C4)OCO5,1,,,,,CCOC(=O)C(=C)C#N,0,,,,,,
,,,,,,C1C2C(C3=C1C=C(C=C3)Cl)(N=C(S2)C4=CC=CC=C4)O,1,,CC1=C(C=C(C=C1)C2=NC3=CC=CC=C3S2)NC(=O)COC4=CC=C(C=C4)OC,1,,,,,C1(C(C(C(C(C1Cl)Cl)Cl)Cl)Cl)Cl,1,,,,,,
,,,,,,C1=CC(=CC(=C1)Cl)C2=CC(=CC(=C2)Cl)Cl,1,,COC1=CC(=C(C=C1)OC)/C=C(\C#N)/C2=NC3=CC=CC=C3C(=O)N2,1,,,,,CC1=CC(=C(C=C1)C)OCCCC(C)(C)C(=O)O,0,,,,,,
,,,,,,C1=CC=C(C=C1)N2C3=CC=CC=C3C(C2=O)(CC4=CC=NC=C4)CC5=CC=NC=C5,1,,C1=CC=C(C(=C1)/C=C(/C#N)\C2=NC3=CC=CC=C3C(=O)N2)Cl,0,,,,,CCCC/C=C/C=C\C=O,1,,,,,,
,,,,,,CN1CCN(CC1)C(=O)C2CCCCC2,0,,C1=CC=C(C=C1)C2=C(C3=C(O2)C=CC(=C3)OCC4=CC(=C(C=C4)Cl)Cl)C(=O)O,0,,,,,CCC1=CC=C(C=C1)O,0,,,,,,
,,,,,,CCOP(=S)(CC)SC1=CC=CC=C1,1,,CC1=CC=CC=C1C(=O)NC2=C(C3=C(S2)CC(CC3)C(C)(C)C)C(=O)O,1,,,,,CC1(C2=C(C=C(C=C2)OC)C(=O)N(C1=O)CCC3=CC=C(C=C3)S(=O)(=O)NC(=O)NC4CCCCC4)C,1,,,,,,
,,,,,,CO[Si](CCCNCCC[Si](OC)(OC)OC)(OC)OC,0,,CC1=CC=C(C=C1)C(C2=C(C3=C(C=CC=N3)C=C2)O)NC4=CC=CC=N4,0,,,,,CO[P+](=O)OC,0,,,,,,
,,,,,,CN1CCC[C@H]1C2=CN=CC=C2,0,,CC1=CC(=C(C=C1)O)C(C2=C(C3=C(C=CC=N3)C=C2)O)NC4=NC=CC(=C4)C,0,,,,,C1=CC=C2C=C3C=CC=CC3=CC2=C1,1,,,,,,
,,,,,,CCOC(=O)C(=O)C1=CSC(=N1)NC=O,0,,CCOC(=O)C1=CN=C2C=CC(=CC2=C1NCCC3=CC(=C(C=C3)OC)OC)OC,1,,,,,CCCCCCCCCOC(=O)C,0,,,,,,
,,,,,,CC1=CC=CC=C1S,1,,CC1=C(C(=O)NN1)C(C2=CC=C(C=C2)OC(=O)C3=CC=C(C=C3)OC)C4=C(NNC4=O)C,0,,,,,C(CO)C#N,0,,,,,,
,,,,,,CCC(=O)OC(=O)CC,0,,CC1=CC=C(C=C1)CN2C3=CC=CC=C3N=C2CC4=CC=CC=C4,1,,,,,CC(C)NC(=O)NC(C)C,0,,,,,,
,,,,,,CC(=O)O[Hg]C1=CC=CC=C1,1,,CCOC1=CC=C(C=C1)NC(=O)CN2C=C(C3=CC=CC=C32)C(=O)C4=CC=CS4,1,,,,,C1CC(=O)OC1=O,0,,,,,,
,,,,,,CC(C)C1=C(C(=CC=C1)C(C)C)N2C(=O)C3=C(C2=O)C=C(C=C3)O,1,,CCOC1=CC=C(C=C1)NC(=O)CN2C=C(C3=CC=CC=C32)C(=O)C4=CC=CC=C4,1,,,,,CN(C)C=O,0,,,,,,
,,,,,,CC(C1=CC(=C(C=C1)C2=CC=CC=C2)F)C(=O)OC(C)OC(=O)C,1,,COC1=C2C(=C(C=C1)Br)CC3=C2N=C(S3)NC(=O)C4=CC=CC=C4SC,1,,,,,CC1=CN=C(N=C1)NS(=O)(=O)C2=CC=C(C=C2)N,0,,,,,,
,,,,,,CCCCCC(=O)N,0,,CC1=CC(=CC=C1)C(=O)NC2=NC3=C(S2)CC4=C(C=CC(=C43)OC)Br,1,,,,,CCC1=C[C@H]2C[C@@](C3=C(CN(C2)C1)C4=CC=CC=C4N3)(C5=C(C=C6C(=C5)[C@]78CCN9[C@H]7[C@@](C=CC9)([C@H]([C@@]([C@@H]8N6C)(C(=O)OC)O)OC(=O)C)CC)OC)C(=O)OC.C(C(C(=O)O)O)(C(=O)O)O.C(C(C(=O)O)O)(C(=O)O)O,1,,,,,,
,,,,,,CC1=CC=NC=C1,0,,C1=CC2=C(C=C1S(=O)(=O)NC3=C(C=CC(=C3)Cl)O)OC(=O)N2,1,,,,,CCCN(CCC)C(=O)C(CCC(=O)OCCCN1CCN(CC1)CCOC(=O)CC2=C(N(C3=C2C=C(C=C3)OC)C(=O)C4=CC=C(C=C4)Cl)C)NC(=O)C5=CC=CC=C5,1,,,,,,
,,,,,,CCCCC1CCC(=O)O1,0,,CC1=C(C(=CC=C1)NC(=O)CN2C=C(C3=CC=CC=C32)C(=O)C4=CC=CO4)C,1,,,,,CCCCCCCCO,0,,,,,,
,,,,,,CC(C)OC(=O)NNC1=C(C=CC(=C1)C2=CC=CC=C2)OC,1,,CC1=CC(=C(C=C1)C)NC(=O)CN2C=C(C3=CC=CC=C32)C(=O)C4=CC=CO4,1,,,,,CN1CCC(CC1)N(CC2=CC=CS2)C3=CC=CC=C3,1,,,,,,
,,,,,,C1COCCN1S(=O)(=O)C2=CC=C(C=C2)NC(=O)C3=C(C=CC(=C3)Cl)NS(=O)(=O)C4=CC=C(S4)Cl,1,,CC1=C(C(=CC=C1)C)NC(=O)CN2C=C(C3=CC=CC=C32)C(=O)C4=CC=CO4,1,,,,,CC(=C)C1=CC(=CC=C1)C(C)(C)N=C=O,1,,,,,,
,,,,,,CC1=CC=CC=C1C(C2=CC=CC=C2)OCCN(C)C.C(C(=O)O)C(CC(=O)O)(C(=O)O)O,0,,CCOC1=CC=C(C=C1)NC(=O)CN2C=C(C3=CC=CC=C32)C(=O)C4=CC=CO4,1,,,,,[B-](F)(F)(F)F.CCCN1C=C[N+](=C1)C,0,,,,,,
,,,,,,CN(C)CCCN,0,,CC1=CC2=C(C=C1)OC(=C(C2=O)O)C3=CC(=CC=C3)OC,1,,,,,C1=CC=C2C(=C1)C(=O)C(C2=O)C3=NC4=CC=CC=C4C(=C3O)Br,1,,,,,,
,,,,,,C1=CC(=CC=C1OS(=O)(=O)C2=CC=C(C=C2)Cl)Cl,1,,CCOC1=CC(=CC(=C1OCC)OCC)C(=O)NC2=C(C=C(C=C2)C3=NC4=C(O3)C=CC=N4)C,1,,,,,CC1=C(C(CCC1)(C)C)/C=C/C(=C/C=C/C(=C\C(=O)O)/C)/C,1,,,,,,
,,,,,,CCCCCCCCCCCSCC(=O)O,1,,COC1=CC=CC=C1OCCN2C3=CC=CC=C3N=C2NC(=O)C4=CC=CC=C4Cl,1,,,,,COP(=S)(OC)SCN1C(=O)C2=CC=CC=C2N=N1,1,,,,,,
,,,,,,CCCC(CN1C=NC=N1)C2=C(C=C(C=C2)Cl)Cl,1,,CC1=CC(=C(C=C1)C)NC(=O)C2CCN(CC2)S(=O)(=O)C3=C(ON=C3C)/C=C/C4=CC=CS4,1,,,,,C1=CC(=CC=C1N)N,1,,,,,,
,,,,,,CCC1=C(C(=CC=C1)CC)N,1,,CC1=NOC(=C1S(=O)(=O)N2CCC(CC2)C(=O)NCC3=CC=C(C=C3)Cl)/C=C/C4=CC=CS4,1,,,,,CC[N+](CC)(CC)CCOC(=O)C(C1CCCC1)C2CCCC2.[Br-],0,,,,,,
,,,,,,CC1=CCC(CC1)C(=C)C,0,,CCC1=CC=C(C=C1)C2=NC(=C(O2)C)CSCC(=O)NCC3=CC=C(C=C3)C,1,,,,,C1=CC=C(C=C1)C2=CC(=O)C3=CC=CC=C3O2,1,,,,,,
,,,,,,CC(C)(C)C1=CC=C(C=C1)CSC2=C(C(=O)N(N=C2)C(C)(C)C)Cl,1,,COC1=CC=CC=C1CN2C=C(C(=O)C3=CC4=C(C=C32)OCCO4)C(=O)C5=CC=C(C=C5)Cl,1,,,,,C1=CC=C2C(=C1)C=CC(=C2S(=O)(=O)O)N,1,,,,,,
,,,,,,CCOP(=S)(OCC)OC(C(Cl)(Cl)Cl)Cl,1,,COCCCNC(=O)CCC(=O)NNC1=NC2=CC=CC=C2C3=NC(=NN31)C4=CC=CC=C4,1,,,,,C[C@]12CC[C@H]3[C@H]([C@@H]1CC[C@H]2O)CCC4=C3C=CC(=C4)O,1,,,,,,
,,,,,,C1C(=C(N2[C@H](S1)[C@@H](C2=O)NC(=O)CC3=CC=CS3)C(=O)[O-])C[N+]4=CC=C(C=C4)C(=O)N,0,,CC1=NN2C(=N1)C3=CC=CC=C3N=C2NNC(=O)CCC(=O)N4CCN(CC4)C5=CC=CC=C5,1,,,,,CN(C)C(=N)N=C(N)N,0,,,,,,
,,,,,,C1=CC=C2C(=C1)C(=NO2)CS(=O)(=O)N,0,,CC1=NN2C(=N1)C3=CC=CC=C3N=C2NNC(=O)CCC(=O)N4CCN(CC4)C5=CC=CC=C5F,1,,,,,CC(COC1=CC=CC=C1)N(CCCl)CC2=CC=CC=C2.Cl,1,,,,,,
,,,,,,CCCCCCCCCC1=CC=C(C=C1)O,1,,CC1CN(CCN1C2=CC=CC(=C2)C)C(=O)CCC(=O)NNC3=NC4=CC=CC=C4C5=NC(=NN53)C,1,,,,,CN/C(=C\[N+](=O)[O-])/NCCSCC1=CC=C(O1)CN(C)C,0,,,,,,
,,,,,,CCCCNC(=O)NS(=O)(=O)C1=CC=C(C=C1)N,0,,CC1=NN2C(=N1)C3=CC=CC=C3N=C2NNC(=O)CCC(=O)N4CCN(CC4)C5=CC(=CC=C5)Cl,1,,,,,CC(=C)[C@H]1CCC(=CC1)C=O,1,,,,,,
,,,,,,C1=CC=NC(=C1)NS(=O)(=O)C2=CC=C(C=C2)N=NC3=CC(=C(C=C3)O)C(=O)O,1,,CC1=C(C=C(C=C1)Cl)N2CCN(CC2)C(=O)CCC(=O)NNC3=NC4=CC=CC=C4C5=NC(=NN53)C,1,,,,,CCCCCCCCCCCCCCCC(=O)OC/C=C(\C)/C=C/C=C(\C)/C=C/C1=C(CCCC1(C)C)C,1,,,,,,
,,,,,,CN(C)C1=CC=C(C=C1)/C=C/C2=CC=C(C=C2)[N+](=O)[O-],0,,COC1=CC=C(C=C1)CN2C(=NC3=C2N=CC=C3)CCC(=O)NC4=CC(=CC=C4)OC,1,,,,,CCCCCCC1=C(C=C(C=C1)O)O,1,,,,,,
,,,,,,COC1=CC(=CC(=C1OC)C(=O)O)S(=O)(=O)N,0,,CC1=C(C=C(C=C1)NC(=O)CCC2=NC3=C(N2CC4=CC=C(C=C4)OC)N=CC=C3)C,1,,,,,COP(=O)(C(C(Cl)(Cl)Cl)O)OC,1,,,,,,
,,,,,,CCCCOP(=O)(CCCC)OCCCC,1,,CC1=CC(=CC(=C1)NC(=O)CCC2=NC3=C(N2CC4=CC=C(C=C4)OC)N=CC=C3)C,1,,,,,C1=CC=C(C=C1)/C=C/S(=O)(=O)[N-]C(=O)C2=C(C=C(C=C2)F)Cl.[Na+],1,,,,,,
,,,,,,CC1=C(N(C2=C1C=C(C=C2)C(=O)OCCN(C)C)CC3=CC=CC=C3)C,1,,CCC1=CC=C(C=C1)C(=O)C2=CN(C3=C(C2=O)C=C(C=C3)C)CC(=O)NC4=CC(=C(C=C4)OC)OC,1,,,,,CC(C)(C)C1=CC(=C(C=C1)OP(=O)(NC)OC)Cl,1,,,,,,
,,,,,,C1=CC=C(C=C1)C(=O)SCC(=O)NCC(=O)NCC(=O)NCC(=O)O,0,,COC1=CC=CC=C1NC(=O)C2=C(C3=CC=CC=C3O2)NC(=O)C4=CC=CC=C4C(F)(F)F,1,,,,,C1=CC=C2C(=C1)C3=C4C2=CC=CC4=C(C=C3)N,1,,,,,,
,,,,,,CCCCOC1=CC=C(C=C1)C(=O)CCN2CCCCC2.Cl,1,,CCOC(=O)N1CCC2=C(C1)SC3=C2C(=O)N(C(=O)N3CC(=O)NC4=CC=CC(=C4)C)CCC5=CC=CC=C5,1,,,,,C[C@H]1C[C@H]2[C@@H]3CC[C@@H]([C@]3(C[C@@H]([C@@H]2[C@@]4(C1=CC(=O)CC4)C)O)C)C(=O)C,1,,,,,,
,,,,,,CC1=CC=C(C2=CC=CC=C12)C,0,,COCCN1C(=O)C2=C(C3=CC=CC=C3O2)N=C1SCC(=O)NC4=CC(=C(C=C4)F)Cl,1,,,,,CC(C)CCCC(C)CCO,0,,,,,,
,,,,,,C1=NC2=C(N1)C(=S)N=C(N2)N,1,,CCC1=CC=CC=C1NC(=O)C2CCN(CC2)C3=NC4=C(S3)C=C(C=C4)OCC,1,,,,,CCOC(=O)C(=O)C1=CSC(=N1)NC=O,0,,,,,,
,,,,,,CC(=O)/C=C/C1=CC=CC=C1,0,,C1CN(CCN1C2=CC=C(C=C2)F)C(=O)CSC3=NC4=CC=CC=C4N3CC5=CC(=CC=C5)F,1,,,,,[B-](F)(F)(F)F.CCCCCCCCN1C=C[N+](=C1)C,1,,,,,,
,,,,,,C1=CC(=CC=C1N)N,1,,C1CN(CCN1C2=CC=C(C=C2)F)C(=O)CSC3=NC4=CC=CC=C4N3CC5=CC(=CC=C5)Cl,1,,,,,C1=CC(=CN=C1)N,0,,,,,,
,,,,,,CCCCOCCOP(=O)(OCCOCCCC)OCCOCCCC,1,,COC1=CC=CC(=C1)CN2C3=CC=CC=C3N=C2SCC(=O)N4CCN(CC4)C5=CC=C(C=C5)F,1,,,,,CC(C)(C)C1=CC(=C(C=C1)O)O,1,,,,,,
,,,,,,CC(C(=O)OC(C)(C)CC1=CC=C(C=C1)Cl)N,1,,COC1=CC=C(C=C1)CN2C3=CC=CC=C3N=C2SCC(=O)N4CCN(CC4)C5=CC=C(C=C5)F,1,,,,,C1=C(C(=C(C(=C1Br)Br)Br)Br)OC2=CC(=C(C(=C2Br)Br)Br)Br,1,,,,,,
,,,,,,C=CC(=O)OCCCl,0,,C=CC1=CC=C(C=C1)CN2C3=CC=CC=C3N=C2SCC(=O)N4CCN(CC4)C5=CC=C(C=C5)F,1,,,,,C1=CC(=CN=C1)Cl,0,,,,,,
,,,,,,COC1=C(C=C(C=C1)/C(=C/C(=O)N2CCOCC2)/C3=CC=C(C=C3)Cl)OC,1,,CC1=CC=C(C=C1)CSC2=NC3=C(N2CC4=C(OC(=N4)C5=CC=CC=C5C)C)C=NC=C3,1,,,,,CCC(C)(CN(C)C)OC(=O)C1=CC=CC=C1.Cl,0,,,,,,
,,,,,,CC(=C)C1CCC(CC1)(C)O,0,,CC1=C(N=C(O1)C2=CC=CC=C2F)CN3C4=C(C=CN=C4)N=C3SCC5=CC=CC=C5F,1,,,,,CCCN(CCC)C(=O)SCC,0,,,,,,
,,,,,,C[C@@H]1CN(C[C@@H](O1)C)CC(C)CC2=CC=C(C=C2)C(C)(C)C,1,,CC1=C(N=C(O1)C2=CC(=CC=C2)Cl)CN3C4=C(C=CN=C4)N=C3SCC5=CC=CC=C5F,1,,,,,B([C@H](CC(C)C)NC(=O)[C@H](CC1=CC=CC=C1)NC(=O)C2=NC=CN=C2)(O)O,1,,,,,,
,,,,,,CC(C)CCOC(=O)CC(C)C,0,,CC1=CC(=C(C(=C1)C)CN2C3=CC=CC=C3C4=C2C(=O)N(N=C4)CC(=O)NCC5=CC=CC=N5)C,1,,,,,CCN1C2=NC=C(C(=C2C=N1)NN=C(C)C)C(=O)OCC.Cl,1,,,,,,
,,,,,,CCCCCCCCOC(=O)CCCCCCCCC(=O)OCCCCCCCC,0,,CC1CCN(CC1)C(=O)C2=CC=C(C=C2)CSC3=NC4=C(N3CC5=CC=CC(=C5)C)C=NC=C4,1,,,,,CCCCSP(=O)(SCCCC)SCCCC,1,,,,,,
,,,,,,C[C@@]1(C(=O)N2[C@H](C(=O)N3CCC[C@H]3[C@@]2(O1)O)CC4=CC=CC=C4)NC(=O)[C@@H]5C[C@H]6[C@@H](CC7=CNC8=CC=CC6=C78)N(C5)C,1,,CC1=CC=C(C=C1)CN2C3=C(C=CN=C3)N=C2SCC4=CC=C(C=C4)C(=O)N5CCCCCC5,1,,,,,CC(=O)N[C@H]1CCC2=CC(=C(C(=C2C3=CC=C(C(=O)C=C13)OC)OC)OC)OC,1,,,,,,
,,,,,,CC(CCl)O,0,,CC1=CC=C(C=C1)CN2C3=C(C=CN=C3)N=C2SCC4=CC=C(C=C4)C(=O)NC,1,,,,,CC1=CC=C(C=C1)S(=O)(=O)C(I)I,1,,,,,,
,,,,,,C1=CC=C2C(=C1)C(=CC(=O)N2)CC(C(=O)O)NC(=O)C3=CC=C(C=C3)Cl,0,,COC1=CC=C(C=C1)CN2C3=C(C=CN=C3)N=C2SCC4=CC=C(C=C4)C(=O)NC5CCCC5,1,,,,,C1=CC(=CC=C1N)Cl.Cl,1,,,,,,
,,,,,,CC(C)(C)C1=CC(=CC(=C1O)C(C)(C)C)CCC(=O)OCCSCCOC(=O)CCC2=CC(=C(C(=C2)C(C)(C)C)O)C(C)(C)C,1,,CCOC1=CC=C(C=C1)C2=CC(=C(S2)C(=O)OC)NC(=O)NC3=CC=CC=C3Cl,0,,,,,C1=CC(=CC=C1/C=C/C2=CC(=CC(=C2)O)O)O,1,,,,,,
,,,,,,CCNC1=NC(=NC(=N1)Cl)NC(C)(C)C#N,0,,CC1=CC=CN2C1=NC3=C(C2=O)C=C(C(=O)N3C4=NN=C(S4)SCC5=CC=C(C=C5)Cl)C#N,1,,,,,CCC1=CC2=C(S1)N3C(=NN=C3CN=C2C4=CC=CC=C4Cl)C,1,,,,,,
,,,,,,C1=CC2=C3C(=C1)C=CC3=CC=C2,0,,CCN1C=C(C2=CC=CC=C21)/C=C(/C(=O)NCCCN3C=CN=C3)\NC(=O)C4=CC=C(C=C4)C,1,,,,,C1=CC=C(C=C1)C(=O)C2=C(C=C(C=C2)O)O,1,,,,,,
,,,,,,CCC(C)C1N=C(C(S1)C)C,1,,C1OC2=C(O1)C=C(C=C2)C3=CSC(=N3)C4=C5C=CC=CN5C(=C4N)C(=O)C6=CC=CC=C6,1,,,,,CC1=C2C(=NN1)NC3=C(C=C(C=C3)[N+](=O)[O-])C(=N2)C4=CC=CC=C4Cl,1,,,,,,
,,,,,,C1=CC(=C(C=C1Cl)Cl)N,0,,CC(C)OCC1=C2C=CC=NC2=C(C(=C1)CN3CCN(CC3)C4=CC=CC=C4)O,0,,,,,CN(C(=O)CCC1=NN(C(=C1)C2=CC=C(C=C2)Cl)C3=CC=C(C=C3)OC)O,1,,,,,,
,,,,,,CC1=NC2=NC(=NN2C=C1)S(=O)(=O)NC3=C(C=CC=C3F)F,1,,CCOC1=C(C=C(C=C1)C2=NON=C2NC(=O)C3=C(C4=C(O3)C(=C(C=C4)C)C)C)OCC,1,,,,,CC(=CCC/C(=C/CC/C(=C/CC/C(=C/CCC(=O)C)/C)/C)/C)C,1,,,,,,
,,,,,,CC(C)CC(C)N(C1=CC=CC=C1)C2=CC=C(C=C2)N,1,,C1CC(CN(C1)S(=O)(=O)C2=CC=C(C=C2)F)C3=NC4=C(C(=O)N3)N=NN4CC5=CC=CC=C5C#N,1,,,,,C1COC(C(O1)O)O,0,,,,,,
,,,,,,CCC(=O)NC1=CC=CC(=C1)N,0,,COC1=CC=C(C=C1)NC(=O)C2=NC(=NC=C2Cl)SCC3=CC=C(C=C3)F,1,,,,,CC(C1=CC2=CC=CC=C2S1)N(C(=O)N)O,1,,,,,,
,,,,,,CCNP(=S)(OC)O/C(=C/C(=O)OC(C)C)/C,1,,CCC1=CC=C(C=C1)CN(CC2=CC=CO2)C(=O)COC3=CC=CC=C3Cl,1,,,,,C(C(C(=O)O)O)C(=O)O,0,,,,,,
,,,,,,CC(=O)O[Al]OC(=O)C.O,0,,COC1=C(C=C(C=C1)CCNC(=O)C2=NC(=NC=C2Cl)SCC3=CC=CC=C3F)OC,1,,,,,COC(=O)NC1=CC(=C(C=C1)Cl)Cl,1,,,,,,
,,,,,,CC(CC1=CC(=C(C(=C1)OC)OC)OC)N.Cl,0,,COC1=CC=C(C=C1)CNC(=O)C2=NC(=NC=C2Cl)SCC3=CC=CC=C3F,1,,,,,C1CC2=CC=CC=C2C1,0,,,,,,
,,,,,,C[N+]1=C2C=C(C=CC2=CC3=C1C=C(C=C3)N)N.C1=CC(=CC2=NC3=C(C=CC(=C3)N)C=C21)N.[Cl-],0,,CC1=CC=C(C=C1)S(=O)(=O)N2CCC3=C2C=CC(=C3)C(=O)NC4=CC=C(C=C4)C(F)(F)F,0,,,,,CC(=O)OCC1=CC=C(C=C1)OC,0,,,,,,
,,,,,,CC1CC(CC(C1)(C)C)OC(=O)C2=CC=CC=C2O,1,,CC1=CC(=C(C=C1)C)NC2=NC3=NON=C3N=C2NC4=CC=CC(=C4C)C,1,,,,,C1=C(C=C(C=C1Br)Br)Br,0,,,,,,
,,,,,,CN(C)C1=CC=C(C=C1)N=O,1,,CC1=C(C=CC=C1Cl)NC(=O)CCCC2=NC(=NO2)C3=CC=C(C=C3)OC,1,,,,,CC(C)CCCCCCCOP(=O)(OC1=CC=CC=C1)OC2=CC=CC=C2,1,,,,,,
,,,,,,CCCC1CCC(=O)O1,0,,COC1=CC=C(C=C1)C2=NC3=C(O2)C=CC(=C3)NC(=O)C4=CC=C(C=C4)OC,1,,,,,CCCCCCCC[N+](CCCCCCCC)(CCCCCCCC)CCCCCCCC.[Br-],1,,,,,,
,,,,,,CC(=O)OCCOCCOCCOC(=O)C,0,,CN1C2=C(C=CC(=C2)NC(=O)NCC3=CC(=C(C=C3)OC)OC)SC4=CC=CC=C4C1=O,1,,,,,CC(C)C1=CC=C(C=C1)NC(=O)N(C)C,1,,,,,,
,,,,,,C1=CC(=C(C=C1Br)Br)OC2=CC(=C(C=C2Br)Br)Br,1,,CCOC1=CC=CC=C1NC(=O)NC2=NN=C(S2)N3CCCC(C3)C,1,,,,,CC(=CCC/C(=C/CO)/C)C,1,,,,,,
,,,,,,C1=CC=C(C=C1)C(=O)OCCCCCCOC(=O)C2=CC=CC=C2,1,,COC1=C(C=C(C=C1)CC(=O)NC2=C(OC3=CC=CC=C32)C(=O)N4CCN(CC4)C5=CC=CC=C5F)OC,1,,,,,C1=C(C=C(C(=C1Cl)Cl)Cl)Cl,0,,,,,,
,,,,,,C1[C@H]([C@H](OC2=CC(=CC(=C21)O)O)C3=CC(=C(C(=C3)O)O)O)OC(=O)C4=CC(=C(C(=C4)O)O)O,1,,CC1=NN(C(=O)C2=C1SC3=CC=CC=C32)CC(=O)NCCC4=CC=CC=C4,1,,,,,C(CC(=O)O)[C@@H](C(=O)O)N.Cl,0,,,,,,
,,,,,,C(CCO)CCO,0,,CC1=CC=C(C=C1)CNC(=O)C(C)N2C(=O)C3=C(C(=N2)C)SC4=CC=CC=C43,1,,,,,C1=CC(=CN=C1)C(=O)OCC(COC(=O)C2=CN=CC=C2)(COC(=O)C3=CN=CC=C3)COC(=O)C4=CN=CC=C4,0,,,,,,
,,,,,,CCCCCCCC[P+](CCCCCCCC)(CCCCCCCC)CCCCCCCC.[Br-],1,,CCOC1=C(C=C(C=C1)CCNC(=O)CCCN2C(=O)C3=C(C(=N2)C)SC4=CC=CC=C43)OCC,1,,,,,C[C@]12CCC(=O)C=C1CC[C@@H]3[C@@H]2CC[C@]4([C@H]3CCC4=O)C,1,,,,,,
,,,,,,CC(O)(P(=O)(O)[O-])P(=O)(O)[O-].[Na+].[Na+],0,,CC1=CC=CC=C1C(=O)NC2=CC=CC(=C2)C3=NC4=C(S3)N=CC=C4,1,,,,,CCN1CCC2(CC1)COC3=C2C=C4C(=C3)CCN4C(=O)C5=CC=C(C=C5)C6=C(C=C(C=C6)C7=NN=C(O7)C)C.Cl,1,,,,,,
,,,,,,CO[Si](CCCCl)(OC)OC,1,,CCC(C(=O)NC1CCCCC1)SC2=NC3=NC=CN=C3C(=O)N2CC4=CC=C(C=C4)C,1,,,,,CC1=CP(=O)(CC1)C2=CC=CC=C2,0,,,,,,
,,,,,,C1C[C@H](CN(C1)CCC2=CC3=C(C=C2)OCO3)OC(C4=CC=CC=C4)C5=CC=CC=C5,1,,CC1=C(C=C(C=C1)NC(=O)CN2C=CN(C(=O)C2=O)C3=CC(=C(C=C3)OC)OC)C,0,,,,,C[C@]12CC[C@H]3[C@H]([C@@H]1CC[C@@H]2OC(=O)CCC4=CC=CO4)CCC5=CC(=O)CC[C@H]35,1,,,,,,
,,,,,,CC1=CNC(=O)NC1=O,0,,COC1=CC=CC=C1CNC(=O)C2CCCN(C2)C3=NC4=CC=CC=C4N5C3=CC=C5,1,,,,,C1=CC=NC(=C1)CCl.Cl,0,,,,,,
,,,,,,CCCOC1=C(C=C(C=C1)S(=O)(=O)N2CCN(CC2)CC)C3=NC4=C(N(N=C4C(=O)N3)CC5=CC=CC=N5)CC,1,,CC1=CC=CC=C1CNC(=O)CCCN2C3=CC=CC=C3N4C=CC=C4C2=O,1,,,,,C1=CC(=C(C(=C1O)Cl)Cl)Cl,1,,,,,,
,,,,,,COC1=CC=C(C=C1)C(=O)/C(=C\C(=O)[O-])/Br.[Na+],1,,CCOC1=CC=C(C=C1)CNC(=O)CN2C3=C(C=CC(=C3)F)N4C=CC=C4C2=O,1,,,,,CN1C=CC2=CC3=C(CCN3C(=O)NC4=CN=CC=C4)C=C21.Cl,1,,,,,,
,,,,,,C[C@H]1[C@@H]([C@H]([C@H]([C@@H](O1)O[C@H]2C[C@H]([C@@]3([C@@H]4[C@@H](CC[C@@]3(C2)O)[C@]5(CC[C@@H]([C@]5(C[C@H]4O)C)C6=CC(=O)OC6)O)CO)O)O)O)O,0,,COC1=CC2=C(C=C1)C(=C(N2CC3=C(C=C(C=C3)F)Cl)C(=O)O)CNCCC4=CC=CC=C4OC,1,,,,,C1=CC=C(C=C1)CC(=O)C(=O)O,0,,,,,,
,,,,,,C[C@@H]1C[C@H]2[C@@H]3CCC4=CC(=O)C=C[C@@]4([C@]3([C@H](C[C@@]2([C@]1(C(=O)COC(=O)C5=CC=NC=C5)O)C)O)F)C,1,,CCOC(=O)C1=CC=C(C=C1)NC(=O)CCN2C3=C(C=CC=N3)N4C=CC=C4C2=O,1,,,,,C[C@@H](NCC(CN[C@@H](/C(=N/O)/C)C)(C)C)/C(=N/O)/C,0,,,,,,
,,,,,,COC1=C(C=CC(=C1)C2=CC(=C(C=C2)N)OC)N.Cl.Cl,1,,CC1=CC=CC=C1CNC(=O)CCCN2C3=C(C=CC=N3)N4C=CC=C4C2=O,1,,,,,COC1=CC=C(C=C1)CC=C,0,,,,,,
,,,,,,CC(=O)CC(C1=CC=C(C=C1)[N+](=O)[O-])C2=C(C3=CC=CC=C3OC2=O)O,1,,CC1=C(C=C(C=C1)N2C(=O)C3=C(C4=CC=CC=C4O3)N(C2=O)CC(=O)NC5=CC(=CC(=C5)C)C)C,0,,,,,C1[C@@H](C=C[C@@H]1OC2=CC=CC(=C2)OC3=CC=C(C=C3)F)N(C(=O)N)O,1,,,,,,
,,,,,,CCN(CC(=C)C)C1=C(C=C(C=C1[N+](=O)[O-])C(F)(F)F)[N+](=O)[O-],1,,C1=CC=C(C=C1)NC(=O)CN2C3=C(C(=O)N(C2=O)CC4=CC=CO4)OC5=CC=CC=C53,1,,,,,CC1=C(C(C(=C(N1)C)C(=O)OCCN(C)CC2=CC=CC=C2)C3=CC(=CC=C3)[N+](=O)[O-])C(=O)OC,1,,,,,,
,,,,,,CC(C)OC(=O)/C=C(\C)/C=C/CC(C)CCCC(C)(C)OC,1,,COC1=C(C=C(C=C1)Cl)NC(=O)CN2C(=O)CSC3=C2C=C(C=C3)S(=O)(=O)N4CCCC4,1,,,,,CCN1C=C[N+](=C1C)C.C(F)(F)(F)S(=O)(=O)[N-]S(=O)(=O)C(F)(F)F,0,,,,,,
,,,,,,CCCCN1C=C[N+](=C1)C.F[P-](F)(F)(F)(F)F,0,,CCOC(=O)C1=CC=C(C=C1)N2C(C3=C(NN=C3C2=O)C4=CC=CO4)C5=CC=C(C=C5)C,1,,,,,C1=CC(=C(C=C1Br)Br)OC2=CC(=C(C=C2Br)Br)Br,1,,,,,,
,,,,,,C1=CC=C(C=C1)C#N,0,,CCC(=O)N1CCC2=C1C=CC(=C2)S(=O)(=O)NC(CC3=CC=CC=C3)C(=O)NCC4=CC(=CC=C4)OC,1,,,,,C[C@]12CCC(=O)C[C@@H]1CC[C@@H]3[C@@H]2CC[C@]4([C@H]3CC[C@@H]4O)C,1,,,,,,
,,,,,,C1=CC(=CN=C1)C(=O)[O-].[Na+],0,,CC1=CC=C(C=C1)C2=CN3C(=N2)SC(=N3)N4CCCC(C4)C(=O)NCC5=CC(=CC=C5)OC,1,,,,,C(C(CCl)OP(=O)(OC(CCl)CCl)OC(CCl)CCl)Cl,1,,,,,,
,,,,,,C1=C(C=C(C(=C1Cl)O)Cl)Cl,1,,C1CCC(CC1)NC(=O)C2=CC=C(C=C2)CSC3=NC4=C(N3CC5=CC=CC=C5F)N=CC=C4,1,,,,,OP(=O)([O-])OP(=O)(O)[O-].[Na+].[Na+],0,,,,,,
,,,,,,CC1=CC=C(C=C1)C(=O)C(C)CN2CCCCC2.Cl,0,,CC(=O)C1=CC=C(C=C1)NC(=O)CN2C=C(C3=CC=CC=C32)S(=O)(=O)CC4=CC=CC=C4Cl,1,,,,,C=CCOC(CN1C=CN=C1)C2=C(C=C(C=C2)Cl)Cl,1,,,,,,
,,,,,,CCOC(=O)COC1=C(C=C(C(=C1)N2C(=O)C(=C(C=N2)C(F)(F)F)C)F)Cl,1,,CC1=C(C=CC(=C1)Cl)NC(=O)CCCN2C(=O)C3=NN(C(=C3C(=N2)C)C)C4=CC=CC=C4,1,,,,,CC1=CC=NC=C1,0,,,,,,
,,,,,,C1=C(OC=C(C1=O)O)CO,0,,CC1=C(C=CC(=C1)Cl)NC(=O)CN2C(=O)C3=NN(C(=C3C(=N2)C)C)C4=CC=CC=C4,1,,,,,CC1=CCC2C(C1)C2(C)C,1,,,,,,
,,,,,,CCCCCCC(=O)OCC,1,,COC1=CC=CC=C1NC(=O)CN2C3=CC=CC=C3C(=O)N(C2=O)CC4=NC(=NO4)C5=CC=CC=C5,1,,,,,CCCC1=NC=CC(=C1)C(=S)N,0,,,,,,
,,,,,,C1CCC(CC1)(C#N)N,0,,CC1=C2C(=NN=C(C2=NN1C3=CC=CC=C3)N4CCC(CC4)C(=O)NCCC5=CC=CC=C5Cl)C,1,,,,,CC1=C(C=C(C=C1)[N+](=O)[O-])[N+](=O)[O-],0,,,,,,
,,,,,,CC(C)OC1=C(C=C(C(=C1)N2C(=O)OC(=N2)C(C)(C)C)Cl)Cl,1,,CC1=C2C(=NN=C(C2=NN1C3=CC=C(C=C3)OC)N4CCCC(C4)C(=O)NCC5=CC(=CC=C5)F)C,1,,,,,CC[C@@H]1C[C@@H](C2=C(N1C(=O)OC(C)C)C=CC(=C2)C(F)(F)F)N(CC3=CC(=CC(=C3)C(F)(F)F)C(F)(F)F)C(=O)C,1,,,,,,
,,,,,,CC1=CC=CC=C1OCC2=CC=CC=C2/C(=N\OC)/C(=O)OC,1,,CC1=CC=CC=C1CCNC(=O)C2CCCN(C2)C3=NN=C(C4=C(N(N=C43)C5=CC=C(C=C5)OC)C)C,1,,,,,CN(C)CCCSC1=CC=CC=C1NC(=O)/C=C/C2=CC=CC=C2,1,,,,,,
,,,,,,C1=CC(=CC(=C1)S(=O)(=O)[O-])[N+](=O)[O-].[Na+],1,,CC1=CC=C(C=C1)N2C(=C3C(=NN=C(C3=N2)N4CCCC(C4)C(=O)NCC5=CC=C(C=C5)OC)C)C,1,,,,,C1=CC=C2C(=C1)C=C3C=CC=CC3=C2CO,1,,,,,,
,,,,,,C[C@]12CC[C@H]3[C@H]([C@@H]1CC[C@]2(C#C)O)CCC4=CCCC[C@H]34,1,,CC1=CC(=C(C=C1)NC2=NC3=CC=CC=C3C4=NN=C(N42)C)C,1,,,,,CCOP(=S)(OC1=CN=C(N=C1)C(C)(C)C)OC(C)C,1,,,,,,
,,,,,,CCN(CC)CCOC1=CC2=C(C=C1)C3=C(C2=O)C=C(C=C3)OCCN(CC)CC,0,,CC1=C2C(=NN=C(C2=NN1C3=CC=CC=C3)N4CCCC(C4)C(=O)NC5=CC(=C(C=C5)OC)Cl)C,1,,,,,CCN1C2=C(C=C(C=C2)N)C3=CC=CC=C31,1,,,,,,
,,,,,,CCCCC(CC)COC(=O)C(=C(C1=CC=CC=C1)C2=CC=CC=C2)C#N,1,,CCOC1=CC=C(C=C1)CCNC(=O)C2CCCN(C2)C3=NN=C(C4=C(N(N=C43)C5=CC=CC=C5)C)C,1,,,,,C[C@]12CC[C@H]3[C@H]([C@@H]1CC[C@@H]2O)CC[C@]45[C@@]3(CC(=C([C@H]4O5)O)C#N)C,0,,,,,,
,,,,,,CC(C)NC1=CC=C(C=C1)NC2=CC=CC=C2,1,,CCC1=CC=C(C=C1)CNC(=O)C2CCCN(C2)C3=NN=C(C4=C(N(N=C43)C5=CC=CC=C5)C)C,1,,,,,CC(CCCCN1C(=O)C2=C(N=CN2C)N(C1=O)C)O,0,,,,,,
,,,,,,CC(C)NCC(C1=CC(=C(C=C1)N)C#N)O,0,,CC1=C2C(=NN=C(C2=NN1C3=CC=CC=C3)SCC(=O)NCC4=CC=CC=C4Cl)C,1,,,,,CC1([C@@H](N2[C@H](S1)[C@@H](C2=O)NC(=O)C(C3=CC=CC=C3)C(=O)[O-])C(=O)[O-])C.[Na+].[Na+],0,,,,,,
,,,,,,C(CCl)OCOCCCl,0,,COC1=CC=CC(=C1)CNCC2=CC=CN2C3=NN=C(S3)N4CCN(CC4)C5=CC=CC=C5,1,,,,,CC(=CCC1=C(C2=CC=CC=C2C(=O)C1=O)O)C,1,,,,,,
,,,,,,CC1=CN=CC=C1,0,,COC(=O)C1=C(NC2=C(C1=O)C=C(C=C2)Cl)SCC(=O)NC3=CC=CC=C3C(F)(F)F,1,,,,,CC1=C(C(=CC=C1)C)NC(=O)CC23CCCN2CCC3,0,,,,,,
,,,,,,CN1C=NC(=C1SC2=NC=NC3=C2NC=N3)[N+](=O)[O-],0,,C1=CSC(=C1)C2=NC3=CC(=O)NN3C(=N2)SCCOC4=CC=C(C=C4)Cl,1,,,,,CC[C@H]1[C@H](COC1=O)CC2=CN=CN2C,0,,,,,,
,,,,,,CC(=O)CC(C1=CC=C(C=C1)Cl)C2=C(C3=CC=CC=C3OC2=O)O,1,,CCCNC(=O)C1CCC(CC1)CN2C(=O)C3=C(C=CS3)N(C2=O)CC(=O)NCC4=CC=CC=C4,1,,,,,CC(C)OC1=CC=C(C=C1)NC(=O)N2CCN(CC2)C3=NC=NC4=CC(=C(C=C43)OC)OCCCN5CCCCC5,1,,,,,,
,,,,,,CC(C)(C)CC(C)(C)C1=CC=C(C=C1)OCCO,1,,CC1=CC(=C(C=C1)C)N2CCN(CC2)C(=O)C3CCN(CC3)S(=O)(=O)C4=CC5=C(C=C4)NC(=O)O5,0,,,,,CCCCC(CC)COC(=O)CS,0,,,,,,
,,,,,,CCOC(=O)CC(=O)OCC,0,,CC1=C(C=CC(=C1)NC(=O)C2CCN(CC2)S(=O)(=O)C3=CC4=C(C=C3)NC(=O)O4)Br,1,,,,,CCOC1=CC2=C(C=C1)NC(C=C2C)(C)C,1,,,,,,
,,,,,,CCN1C=C(C(=O)C2=CC(=C(C=C21)N3CCN(CC3)C)F)C(=O)O.CS(=O)(=O)O,0,,CC1=C(C=C(C=C1)C2=NC3=CC=CC=C3N(C(=O)C2)CC(=O)NC4=CC=CC=C4F)C,1,,,,,CCOC(=O)C1=CC=C(C=C1)NC(=O)CN2CCCCC2,1,,,,,,
,,,,,,CC1=C(N(C(=C1)CC(=O)[O-])C)C(=O)C2=CC=C(C=C2)Cl.[Na+],0,,CCN(CC)S(=O)(=O)C1=CC2=C(C=C1)N(C(=N2)CN(C)C(=O)NC3=CC(=CC=C3)Cl)C,0,,,,,C/C=C/C=C/C(=O)O,0,,,,,,
,,,,,,CC(C)C(=O)NC1=CC(=C(C=C1)[N+](=O)[O-])C(F)(F)F,1,,COC1=CC=C(C=C1)NC(=O)CSC2=NC3=CC=CC=C3N2CC4=CC(=CC=C4)OC,1,,,,,C1=CC=C(C=C1)NC(=O)C2=CC=CC=C2I,1,,,,,,
,,,,,,CC1=C(C(CCC1)(C)C)/C=C/C(=C/C=C/C(=C\C=O)/C)/C,1,,CC1=CC=C(O1)CNC(=O)C2CCN(CC2)S(=O)(=O)C3=C(ON=C3C)/C=C/C4=CC=CC=C4F,1,,,,,CCS(=O)(=O)CCN1C(=NC=C1[N+](=O)[O-])C,0,,,,,,
,,,,,,COC1=CC=C(C=C1)CCN2CCC(CC2)NC3=NC4=CC=CC=C4N3CC5=CC=C(C=C5)F,1,,CCOC1=CC=CC=C1CNC(=O)C2CCN(CC2)S(=O)(=O)C3=C(ON=C3C)/C=C/C4=CC=CC=C4F,1,,,,,CC1=NC2=CC=CC=C2C(=O)N1C3=CC=CC=C3Cl,1,,,,,,
,,,,,,CC(C)(C)C1=CC=C(C=C1)C=C,0,,CCOC(=O)C1=NNC(=C1)S(=O)(=O)N2CCN(CC2)C3=C(C=CC(=C3)Cl)C,1,,,,,CCCCOCN(C1=C(C=CC=C1CC)CC)C(=O)CCl,1,,,,,,
,,,,,,CC(C)(C1=CC=C(C=C1)CNC(=O)C2=C(N=CC=C2)OC3=CC4=NON=C4C=C3)O,1,,CCOC1=C(C=C(C=C1)C(=O)NCCS(=O)(=O)N2CCN(CC2)C3=CC=CC=C3F)OCC,1,,,,,CCOC(=O)CC1=CC=CC2=CC=CC=C21,0,,,,,,
,,,,,,C1CCC(CC1)C2=C(C(=CC(=C2)[N+](=O)[O-])[N+](=O)[O-])O,1,,CC1=CC(=CC(=C1)NC(=O)CSC2=C3C(=NC=C2C(C)C)N(C(=O)N(C3=O)C)C)C,1,,,,,COC(=O)C1=CC=CC=C1N,0,,,,,,
,,,,,,CCN1CCN(C(=O)C1=O)C(=O)N[C@H](C2=CC=C(C=C2)O)C(=O)N[C@H]3[C@@H]4N(C3=O)C(=C(CS4)CSC5=NN=NN5C)C(=O)[O-].[Na+],0,,CC1=C(C=C(C=C1)OCC(=O)NC2=CC(=CC=C2)OCC3=CC(=O)N4C=CC=C(C4=N3)C)C,1,,,,,CN1CCN(CC1)C(=O)O[C@H]2C3=NC=CN=C3C(=O)N2C4=NC=C(C=C4)Cl,0,,,,,,
,,,,,,COP(=S)(C1=CC=CC=C1)OC2=CC(=C(C=C2Cl)Br)Cl,1,,C1=CC=C(C(=C1)NC(=O)NC2=CC(=CC=C2)Cl)OCC3=CC(=O)N4C=CC=CC4=N3,1,,,,,CC(C)CC1=CC=CC=C1,0,,,,,,
,,,,,,CC(=O)OC1=CC=CC=C1C(=O)NC2=NC=C(S2)[N+](=O)[O-],1,,COC1=CC=C(C=C1)CN2C=CN=C2SCC(=O)NC3=NC4=CC=CC=C4S3,1,,,,,C1(=O)NC(=O)N(C(=O)N1Cl)Cl,0,,,,,,
,,,,,,CC(=O)CC(C)(C)C1CCCCC1,0,,COC1=CC=C(C=C1)N2CCN(CC2)C3=NC=C(C4=CC=CC=C43)C(=O)OC,1,,,,,CC/C(=N/O)/C,0,,,,,,
,,,,,,CC(C1=CC=CC=C1)(C2=CC=CC=N2)OCCN(C)C.C(CC(=O)O)C(=O)O,0,,CC1=CC2=C(C=C1)N=C(S2)NC(=O)CSC3=NC=CN3CC4=CC=CC=C4,1,,,,,COC(=O)C1=CC(=CC=C1)Cl,0,,,,,,
,,,,,,CCCCC(CC)COC(=O)C1=CC=CC=C1O,0,,C1=CC=C2C(=C1)N=C(S2)NC(=O)CSC3=NC=CN3CC4=CC=C(C=C4)F,1,,,,,CCNC1=NC(=NC(=N1)SC)NC(C)(C)C,1,,,,,,
,,,,,,CC1=CC(=C(C=C1)O)N2N=C3C=CC=CC3=N2,1,,CCC1=CC=C(C=C1)S(=O)(=O)NCC2=CC3=C(C=C2)N(CC3)C(=O)C4=CC=C(C=C4)C,1,,,,,C(CNCCNCCN)N,0,,,,,,
,,,,,,CN(C)C(=O)CNC(=O)CC1=CC=CC=C1,0,,CCOC1=CC=C(C=C1)S(=O)(=O)NCC2=CC3=C(C=C2)N(CC3)C(=O)C4=CC=C(C=C4)C,1,,,,,C([C@@H]1[C@@H]2[C@@H]([C@H]([C@H](O1)O[C@@H]3[C@H](O[C@@H]([C@@H]([C@H]3O)O)O[C@@H]4[C@H](O[C@@H]([C@@H]([C@H]4O)O)O[C@@H]5[C@H](O[C@@H]([C@@H]([C@H]5O)O)O[C@@H]6[C@H](O[C@@H]([C@@H]([C@H]6O)O)O[C@@H]7[C@H](O[C@@H]([C@@H]([C@H]7O)O)O[C@@H]8[C@H](O[C@H](O2)[C@@H]([C@H]8O)O)CO)CO)CO)CO)CO)CO)O)O)O,0,,,,,,
,,,,,,CN(C)C(=S)SC(=S)N(C)C,1,,COC1=CC=CC=C1N2CCN(CC2)C3=C(C(=NO3)C4=CC=C(C=C4)Cl)C(=O)OC,1,,,,,C1(=O)NC(=O)NC(=O)N1,0,,,,,,
,,,,,,CC(C)NC1=C(N=CC=C1)N2CCN(CC2)C(=O)C3=CC4=C(N3)C=CC(=C4)NS(=O)(=O)C,1,,CCOC1=C(C=CC(=C1)CNC(=O)C2=CC(=C(C=C2)C)NC(=O)C3=NSC4=CC=CC=C43)OC,1,,,,,C1=CC=C(C(=C1)C(C2=CC=C(C=C2)Cl)(C3=CN=CN=C3)O)Cl,1,,,,,,
,,,,,,CC(CCCC(C)(C)O)CCO,0,,CC1=CC(=CC(=C1)C(=O)NC2=C(C=CC(=C2)C3=CN4C=CC=NC4=N3)OC)C,1,,,,,C1=CC2=C(C(=C1)OCC(COC3=CC=CC4=C3C(=O)C=C(O4)C(=O)[O-])O)C(=O)C=C(O2)C(=O)[O-].[Na+].[Na+],0,,,,,,
,,,,,,C1=CC=C(C=C1)C(=O)NC2=CC=CC=C2SSC3=CC=CC=C3NC(=O)C4=CC=CC=C4,1,,COC1=C(C=C(C=C1)C2=CN3C=CC=NC3=N2)NC(=O)COC4=CC=CC=C4,1,,,,,CC1=C(C(CCC1)(C)C)/C=C/C(=C/C=C/C(=C/C(=O)O)/C)/C,1,,,,,,
,,,,,,CN1C(=O)COC2=C(C=C(C=C21)Cl)C(=O)NC3CN4CCC3CC4,0,,CCOC(=O)C1=CC=C(C=C1)NC(=O)CSC2=NC3=C(C(=O)N2C)NC4=CC=CC=C43,1,,,,,CN1CCC(CC1)NC2=NC=C3C(=N2)C(=NC=N3)NC4=CC(=C(C=C4)F)Cl.Cl.Cl,1,,,,,,
,,,,,,[Cl-].[Cl-].[Cu+2],1,,CCC1=NN=C(S1)NC(=O)CSC2=NC3=C(C(=O)N2C4=CC=C(C=C4)OC)NC5=CC=CC=C53,1,,,,,CCOP(=S)(OCC)OC1=CC2=C(C=C1)C(=C(C(=O)O2)Cl)C,1,,,,,,
,,,,,,CCC(C)(CCC(C)C)C(=O)[O-].CCC(C)(CCC(C)C)C(=O)[O-].[Zn+2],1,,CC1=CC=C(C=C1)CN2C=CN=C2SCC(=O)NC3=NC4=CC=CC=C4S3,1,,,,,CN(C)C(=O)C1=C(N=CC=C1)S(=O)(=O)NC(=O)NC2=NC(=CC(=N2)OC)OC,0,,,,,,
,,,,,,CNC1CCCN(C1)C2=C(C=C3C(=C2OC)N(C=C(C3=O)C(=O)O)C4CC4)F,0,,COC1=C(C=C(C=C1)NC(=O)CSC2=NN=C(S2)NC(=O)NC3CCCCC3)OC,1,,,,,CCCCC(/C=C(\C)/C=C/C=C/C(=O)N1CCCC1=O)O,0,,,,,,
,,,,,,C[C@]12C[C@@H]([C@]3([C@H]([C@@H]1C[C@H]([C@@]2(C(=O)CO)O)O)CCC4=CC(=O)C=C[C@@]43C)F)O,1,,COC1=CC=C(C=C1)CNC(=O)C(=O)NC2=C3CSCC3=NN2C4=CC=CC=C4,1,,,,,CC1=NC2=C(C=C1)C(=CC(=C2O)Br)Br,1,,,,,,
,,,,,,C1=C(C=C(C(=C1S(=O)C2=C(C(=CC(=C2)Cl)Cl)O)O)Cl)Cl,1,,CC(C1=CC=CC=C1)NC(=O)C(=O)NC2=C3CSCC3=NN2C4=CC=CC=C4,1,,,,,C1=CC(=C(C=C1O)O)C(=O)C2=C(C=C(C=C2)O)O,1,,,,,,
,,,,,,CC(=C)C(=O)OCCOC1CC2CC1C3C2CC=C3,1,,CCOCCCNC(=O)C(=O)NC1=C2CSCC2=NN1C3=CC=C(C=C3)OC,1,,,,,C1=CC(=C(C(=C1)Cl)Cl)C(=O)O,0,,,,,,
,,,,,,CC(C)OC(=O)C1=CC=CC=C1,0,,CC(=O)C1=C(N(N2C=NN=C2S1)C(=O)C)C3=CC(=C(C=C3)Cl)Cl,1,,,,,C1=CC(=CC=C1C(=O)O)S(=O)(=O)N(Cl)Cl,0,,,,,,
,,,,,,C[C@]12CC[C@H]3[C@H]([C@@H]1CC[C@]2(C#C)O)CCC4=CC5=C(C[C@]34C)C=NO5,1,,COCCCNC(=O)C(=O)NC1=C2CSCC2=NN1C3=CC(=CC=C3)Cl,1,,,,,CC1=CC(=C(C=C1)C)S(=O)(=O)[O-].[Na+],0,,,,,,
,,,,,,COC1=C2CCCCC(C2=NC=C1)S(=O)C3=NC4=CC=CC=C4N3,1,,C1CN(CCN1CC2=CC=CC=C2)C(C3=C(C=C(C=C3)Cl)Cl)C4=C(N5C(=NC(=N5)C6=CC=CO6)S4)O,1,,,,,C1COCCN1CCOC(=O)C2=C(N=CC=C2)NC3=CC=CC(=C3)C(F)(F)F,1,,,,,,
,,,,,,CCCCCCCC/C=C/C(=O)[O-].CCCCCCCC/C=C/C(=O)[O-].[Ca+2],0,,CC1=CC=C(C=C1)CN2C3=CC=CC=C3C=C2CN4CCC(CC4)C(=O)NCCC5=CC=CC=C5,1,,,,,C(COCCS)OCCS,1,,,,,,
,,,,,,CCCCCCC(CCCCCCCCCCC(=O)OCC(COC(=O)C)OC(=O)C)OC(=O)C,1,,C1CCC(CC1)NC(=O)CSC2=NC(=C(N=N2)C3=CC(=CC=C3)F)C4=CC(=CC=C4)F,1,,,,,C1=CC=C(C=C1)C2=CC(=CC=C2)C3=CC=CC=C3,1,,,,,,
,,,,,,CCCCCCCCCCCCCCCC(=O)O,0,,CCC1=NC2=C(C=C(C=C2)C(=O)N3CCN(CC3)C4=C(C=CC(=C4)C)C)N=C1CC,1,,,,,CC(C)(C1=CC=C(C=C1)O)C2=CC=C(C=C2)O,1,,,,,,
,,,,,,CC(C)(C#N)O,1,,CN1C2=C(C=CC(=C2)NC(=O)CC3=CC=C(C=C3)Cl)SC4=CC=CC=C4C1=O,0,,,,,CCCCCCOC(=O)C(=C)C,0,,,,,,
,,,,,,C1=C(OC(=C1)[N+](=O)[O-])/C=N/NC(=O)C2=C(C(=CC(=C2)[N+](=O)[O-])[N+](=O)[O-])O,1,,CC1=CC=C(C=C1)CSC2=NC3=CC=CC=C3C4=NC(C(=O)N42)CC(=O)NCC5=CC=CS5,1,,,,,[Cl-].[Cl-].[Hg+2],1,,,,,,
,,,,,,C=CC(=O)OCC1CCC2C1C3CC(C2C3)COC(=O)C=C,1,,C1CCC(CC1)NC(=O)CC2C(=O)N3C(=N2)C4=CC=CC=C4N=C3SCC5=CC=C(C=C5)F,1,,,,,CNC(=O)OC1=CC=CC2=CC=CC=C21,1,,,,,,
,,,,,,C1=CC=C2C(=C1)C(=NN=C2Cl)Cl,0,,CC(C)C1=CC=C(C=C1)NC(=O)CSC2=NC3=CC=CC=C3C4=NC(C(=O)N42)CC(=O)NC5CCCCC5,1,,,,,C1=CC(=CC=C1C[C@@H](C(=O)O)N)N(CCCl)CCCl,1,,,,,,
,,,,,,COC1=C(C=CC(=C1)C=C)O,1,,C1=CC=C(C(=C1)CNC(=O)CSC2=NC3=C(C(=O)N2CC4=CC=CC=C4F)SC=C3)Cl,1,,,,,C[C@]12CC[C@H]3[C@H]([C@@H]1CC[C@@H]2C(=O)NC(C)(C)C)CC[C@@H]4[C@@]3(C=CC(=O)N4)C,1,,,,,,
,,,,,,C1CN(CC2=CC=CC=C21)C(=N)N.C1CN(CC2=CC=CC=C21)C(=N)N.OS(=O)(=O)O,0,,CC(=O)C1=CC(=C(C=C1)OC)CSC2=NC3=CC=CC=C3C(=N2)NCC4=CC=CC=C4,1,,,,,C1=CC(=CC=C1C2=COC3=CC(=CC(=C3C2=O)O)O)O,1,,,,,,
,,,,,,CCOP(=S)(OCC)OC1=CC2=C(C=C1)C(=C(C(=O)O2)Cl)C,1,,COC1=C(C=C(C=C1)CCNC2=NC(=NC3=CC=CC=C32)SCC4=CC(=CC=C4)F)OC,1,,,,,C1(=C(C(=C(C(=C1Br)Br)Br)Br)Br)O,1,,,,,,
,,,,,,CC(=C)C(=O)NC1=CC(=C(C=C1)Cl)Cl,1,,COC1=C(C=C(C=C1)CCNC2=NC(=NC3=CC=CC=C32)SCC4=CC=CC=C4F)OC,1,,,,,CC1CCC(C(=O)C1)C(C)(C)S,1,,,,,,
,,,,,,C[C@]12CC[C@H]3[C@H]([C@@H]1CC[C@]2(C)O)CC[C@@H]4[C@@]3(C/C(=C/O)/C(=O)C4)C,1,,CCC(C(=O)NC1=CC(=CC=C1)OC)SC2=NC3=CC=CC=C3C4=NC(=NN42)CCN5C=NC=C5C,1,,,,,CCOC(=O)N1CCC(=C2C3=C(CCC4=C2N=CC=C4)C=C(C=C3)Cl)CC1,1,,,,,,
,,,,,,C1=CC(=CC(=C1)N(CC2=CN=CC=C2)C3=CC(=C(C=C3)OC(F)F)OC(F)F)C(=O)O,1,,CC1=CC(=CC=C1)NC(=O)CSC2=NC3=CC=CC=C3C4=NC(=NN42)CCN5C=NC=C5C,1,,,,,C1CC[C@H]2[C@@H](C1)C(=O)N(C2=O)CCCCN3CCN(CC3)C4=NSC5=CC=CC=C54.Cl,1,,,,,,
,,,,,,CCOC1=CC=CC(=C1)N,1,,CC1=CN=CN1CCC2=NN3C(=N2)C4=CC=CC=C4N=C3SCC(=O)NC5=CC(=CC=C5)Cl,1,,,,,CN1CCC=C(C1)C(=O)OC,0,,,,,,
,,,,,,CCC[N+]1(CCCCC1)C.[I-],0,,COC1=C(C=C(C=C1)CCNC2=NC(=NC3=CC=CC=C32)SCC4=CC=CC=C4Cl)OC,1,,,,,C1CCCCCCCOC(=O)CCCCCC1,0,,,,,,
,,,,,,CC(C)C1=CC=C(C=C1)CO,1,,CCOC1=CC=CC=C1NC(=O)CSC2=NC3=CC=CC=C3C4=NC(=NN42)CCN5C=NC=C5C,1,,,,,CC1=C(C=CC=C1N=C=O)N=C=O,0,,,,,,
,,,,,,CC(C)N1C(=NC(C)(C)C)SCN(C1=O)C2=CC=CC=C2,1,,CC1=C(C=C(C=C1)NC(=O)CSC2=NC3=CC=CC=C3C4=NC(=NN42)CCN5C=NC=C5C)F,1,,,,,C1=CC(=CC=C1[N+](=O)[O-])Cl,0,,,,,,
,,,,,,C[C@]12CCC(=O)C=C1C[C@H]([C@@H]3[C@]24[C@H](O4)C[C@]5([C@H]3CC[C@@]56CCC(=O)O6)C)C(=O)OC,0,,CC1=CC=C(C=C1)CN2C(=O)C3=C(C=CS3)N=C2SCC(=O)NCC4=CC=CC=C4,1,,,,,CC#N,0,,,,,,
,,,,,,CCCC[N+]1=CC=CC=C1C.C(F)(F)(F)S(=O)(=O)[O-],0,,C1=CC(=CC(=C1)Cl)N2C3=NC=NC(=C3C=N2)NCCCN4C=CN=C4,1,,,,,C(=C/C#N)\C#N,1,,,,,,
,,,,,,C(C(=O)CCl)Cl,0,,CC1=C(C=C(C=C1)N2C3=NC=NC(=C3C=N2)NCCCN4C=CN=C4)Cl,1,,,,,C1CO[C@@H]([C@H](O1)Cl)Cl,0,,,,,,
,,,,,,C1=CC=C(C=C1)/C=C/COC(=O)C2=CC=CC=C2N,1,,CC1=CC=CC=C1N2C(=O)C3=C(NN=C3)N=C2SCC4=CC=C(C=C4)Cl,1,,,,,CC(=O)NC1=C(C=C(C(=C1I)C(=O)O)I)I,0,,,,,,
,,,,,,CC(C)C(=O)OC(C)(CCC=C(C)C)C=C,1,,C1=CC=C2C(=C1)C(=O)N(C3=C(S2=O)C=CC(=C3)C(=O)NCC4=CC=CO4)CC5=CC(=CC=C5)Cl,1,,,,,C1=CC=C(C=C1)SCCO,0,,,,,,
,,,,,,CCCCN1C=C[N+](=C1)C.CS(=O)(=O)[O-],0,,CCC1=CC=C(C=C1)N2C(=O)C3=C(NN=C3)N=C2SCC4=CC=CC=C4Cl,1,,,,,CC1=C(C=CC=C1O)C(=O)N[C@@H](CSC2=CC=CC=C2)[C@@H](CN3C[C@H]4CCCC[C@H]4C[C@H]3C(=O)NC(C)(C)C)O.CS(=O)(=O)O.O,1,,,,,,
,,,,,,C1=CC=C(C=C1)OC2=CC=CC(=C2)CBr,1,,CCC1=CC=C(C=C1)N2C(=O)C3=C(NN=C3)N=C2SCC4=CC(=CC=C4)F,1,,,,,CCCCN1C=C[N+](=C1)C.C(=[N-])=NC#N,0,,,,,,
,,,,,,[O-]Cl(=O)=O.[K+],0,,CCC1=CC=C(C=C1)N2C(=O)C3=C(NN=C3)N=C2SCC4=CC=CC=C4C,1,,,,,CC1=CC(=NN1C(=O)N(C)C)OC(=O)N(C)C,0,,,,,,
,,,,,,CCCNC(=O)NS(=O)(=O)C1=CC=C(C=C1)Cl,1,,CC1=C(C=C(C=C1)N2C(=O)C3=C(NN=C3)N=C2SCC4=CC=CC=C4F)C,1,,,,,CC1CC(OC(O1)C)OC(=O)C,0,,,,,,
,,,,,,CCCCCCC(C)(C)C(=O)[O-].CCCCCCC(C)(C)C(=O)[O-].[Ca+2],1,,CC1=C(C=C(C=C1)N2C(=O)C3=C(NN=C3)N=C2SCC4=CC(=CC=C4)F)C,1,,,,,C1C[C@@H](O[C@@H]1CO)N2C=NC3=C2N=CNC3=O,0,,,,,,
,,,,,,CC(=O)NS(=O)(=O)C1=CC=C(C=C1)N,0,,CC1=C(C=C(C=C1)N2C(=O)C3=C(NN=C3)N=C2SCC4=CC=CC=C4C)C,1,,,,,CC(=CC1C(C1(C)C)C(=O)OC(C#N)C2=CC(=CC=C2)OC3=CC=CC=C3)C,1,,,,,,
,,,,,,CCCCC1=CC2=C(C=C1)N=C(N2)NC(=O)OC,0,,COC(=O)C1=CC=C(C=C1)C2C=C(NC3=NC4=CC=CC=C4N23)C5=CC=C(C=C5)Cl,1,,,,,CC[C@H](C)C(=O)O[C@H]1C[C@H](C=C2[C@H]1[C@H]([C@H](C=C2)C)CC[C@@H]3C[C@H](CC(=O)O3)O)C,1,,,,,,
,,,,,,C1CN(CCN1)C2=CC(=CC=C2)Cl,0,,CCC1=CC=C(C=C1)C2=CC(N3C4=CC=CC=C4N=C3N2)C5=C(C(=CC=C5)OC)OC,1,,,,,CCN(CC)C(=O)C1=CC=C(C=C1)[C@H](C2=CC(=CC=C2)OC)N3C[C@H](N(C[C@@H]3C)CC=C)C,1,,,,,,
,,,,,,C1=CC(=C(C=C1Br)Br)Br,0,,CCC1=CC=C(C=C1)C2=CC(N3C4=CC=CC=C4N=C3N2)C5=CC=CC(=C5)C,1,,,,,CN1CCCCC1CCN2C3=CC=CC=C3SC4=C2C=C(C=C4)SC,1,,,,,,
,,,,,,C1CN(CCC1(C2=CC=C(C=C2)Br)O)CCCC(=O)C3=CC=C(C=C3)F,0,,CC1=CC=C(C=C1)C2=CC(N3C4=CC=CC=C4N=C3N2)C5=CC=CC=C5C,1,,,,,CC(COC1=CC=CC=C1)NN,0,,,,,,
,,,,,,CCC1=CC(=CC(=C1C2=C(N3CCOCCN3C2=O)OC(=O)C(C)(C)C)CC)C,0,,CCC1=CC=C(C=C1)C2=CC(N3C4=CC=CC=C4N=C3N2)C5=C(C=CC=C5Cl)F,0,,,,,CN(C)C(=S)SSC(=S)N(C)C,1,,,,,,
,,,,,,C1(=C(C(=O)C(=C(C1=O)Cl)Cl)Cl)Cl,1,,CC1=C(C=C(C=C1)C2=CC(N3C4=CC=CC=C4N=C3N2)C5=CC=CC=C5F)C,1,,,,,CCCCC(CC)COCCC#N,0,,,,,,
,,,,,,C1=CC(=CC=C1C2=COC3=CC(=CC(=C3C2=O)O)O)O,1,,COC1=CC(=CC(=C1OC)OC)C(=O)NC(C2=CC=C(C=C2)Cl)C3=CC(=C4C=CC=NC4=C3O)Cl,0,,,,,C1=CC=C(C=C1)OC(=O)C2=CC=CC=C2C(=O)OC3=CC=CC=C3,0,,,,,,
,,,,,,CC(OC)OC,0,,COC1=CC(=CC(=C1OC)OC)C(=O)NC(C2=CC=CC=C2Cl)C3=CC(=C4C=CC=NC4=C3O)Cl,0,,,,,CC(=O)NC1=NN=C(S1)S(=O)(=O)N,0,,,,,,
,,,,,,CNC(=O)N(C1=CC=CC=C1)C2=CC=CC=C2,0,,COC1=CC=C(C=C1)C(=O)NC(C2=CC=CC=C2Cl)C3=CC(=C4C=CC=NC4=C3O)Cl,0,,,,,CC1=C(C=CC=C1Cl)[N+](=O)[O-],0,,,,,,
,,,,,,CN(C)CCCOC1(CCCCCC1)CC2=CC=CC=C2,0,,CC1=C(C=CC(=C1)N2C(=O)C3=C(NN=C3)N=C2SCC4=CC=CC=C4F)Cl,1,,,,,CC(=O)OCC(=O)NC1=CC(=CC(=C1Cl)NC(=O)COC(=O)C)C#N,0,,,,,,
,,,,,,CCCCN1C=C[N+](=C1)C.[Cl-],0,,CCC1=CC=C(C=C1)N2C(=O)C3=C(NN=C3)N=C2SCC4=CC=CC=C4F,1,,,,,C1=CC=C2C(=C1)C=CC=C2NC(=O)C3=CC=CC=C3C(=O)O,1,,,,,,
,,,,,,CCC(C)(OOC(C)(C)C)OOC(C)(C)C,0,,COC1=CC=C(C=C1)NC(=O)CN2C=C(C3=CC=CC=C32)C(=O)C4=CC=CS4,1,,,,,CC1=C(S(=O)(=O)CCS1(=O)=O)C,0,,,,,,
,,,,,,C=CC(=O)OCC1CCCO1,0,,COC1=CC2=C(C=C1)C3=C(CC2)SC(=N3)NC(=O)C4=CC(=CC=C4)Br,1,,,,,CC(=O)CCC1=CC2=C(C=C1)OCO2,0,,,,,,
,,,,,,CC(=O)C1=CC=C(C=C1)S(=O)(=O)NC(=O)NC2CCCCC2,1,,COC1=CC=CC=C1NC(=O)CC2=C(NC3=C2C=C(C=C3)Cl)C(=O)O,1,,,,,CC1=CC(=C(C=C1)O)N2N=C3C=CC=CC3=N2,1,,,,,,
,,,,,,C([C@@H](C(=O)O)N)OC(=O)C=[N+]=[N-],0,,COC1=C(C=C(C=C1)NC(=O)CSC2=NC(=CC(=N2)C(F)(F)F)C3=CC=CS3)OC,1,,,,,CC(=O)C1=NC=CN=C1,0,,,,,,
,,,,,,CC/C=C\C/C=C\C/C=C\CCCCCCCC(=O)OCC,1,,CC1=CC=CC=C1NC(=O)C2=C(NC3=NC(=NN3C2C4=CN=CC=C4)SCC5=CC=CC=C5)C,1,,,,,C1=CC(=C(C=C1Cl)CC2=C(C=CC(=C2)Cl)O)O,1,,,,,,
,,,,,,CC(C)CCCCCCC1=CC=C(C=C1)O,1,,CC1=C(C(N2C(=NC(=N2)C3=CC=C(C=C3)OC)N1)C4=CC(=C(C=C4)OC)OC)C(=O)NC5=CN=CC=C5,1,,,,,C1CCCCCC(=O)CCC/C=C\CCCC1,1,,,,,,
,,,,,,C[C@@H]1C/C=C/C=C/[C@@H]([C@@H](C[C@@H]([C@@H]([C@H]([C@@H](CC(=O)O1)OC(=O)C)OC)O[C@H]2[C@@H]([C@H]([C@@H]([C@H](O2)C)O[C@H]3C[C@@]([C@H]([C@@H](O3)C)O)(C)O)N(C)C)O)CC=O)C)O[C@@H]4CC[C@@H]([C@H](O4)C)N(C)C,0,,CC1=CC(=C(C=C1)NC(=O)CN2C=C(C3=CC=CC=C32)C(=O)C4=CC=CO4)C,1,,,,,C1=CC=C(C=C1)C(=CC=O)C2=CC=CC=C2,1,,,,,,
,,,,,,COC(=O)C1=CC=C(C=C1)[N+](=O)[O-],0,,C1=C(C=C(C(=C1SC2=C(C(=CC(=C2)Cl)Cl)[O-])[O-])Cl)Cl.[Na+].[Na+],1,,,,,C1CN=C(N1)CN(CC2=CC=CC=C2)C3=CC=CC=C3.Cl,0,,,,,,
,,,,,,CC(=CCC/C(=C/C(=O)OC)/C)C,1,,CC1=CC(=C(N1C2=CC=CC=C2)C)/C=C/C3=[N+](C4=C(C=C3)C=C(C=C4)N(C)C)C.C1=CC=C2C(=C1)C=C(C(=C2CC3=C(C(=CC4=CC=CC=C43)C(=O)O)[O-])O)C(=O)O,0,,,,,CC1=CC(=NO1)N,0,,,,,,
,,,,,,CC[N+]1=C2C=C(C=CC2=C3C=CC(=CC3=C1C4=CC=CC=C4)N)N.[Br-],1,,CC1=NCCC2=C1NC3=C2C=CC(=C3)O.Cl,0,,,,,CCCCCCCCCCCCC1=CC=CC=C1,0,,,,,,
,,,,,,CCCCCCCCCCCCN1CCCCCC1=O,1,,C1CCN(CC1)C(=O)/C=C/C=C/C2=CC3=C(C=C2)OCO3,1,,,,,C1=CC(=CC=C1C2=CC(=O)C3=C(C=C(C=C3O2)O)O)O,1,,,,,,
,,,,,,CCC12COCN1COC2,0,,CCCCCCCCCCCCCCCC[N+](C)(C)C.[Br-],1,,,,,CC1=C2C=CC3=CC=CC=C3C2=C(C4=CC=CC=C14)C,1,,,,,,
,,,,,,C1=CC=C(C=C1)N2C(=O)C(C(=O)N2C3=CC=CC=C3)CCS(=O)C4=CC=CC=C4,1,,CC(=O)OC1=C2C(=C(C=C1)Cl)C=CC=N2,0,,,,,C1=CC=C2C(=C1)C(=O)OC23C4=CC(=C(C(=C4OC5=C(C(=C(C=C35)I)[O-])I)I)[O-])I.[Na+].[Na+],0,,,,,,
,,,,,,CNC(=S)NC,0,,C1=CC(=C(C2=C1C(=O)C3=C(C=CC(=C3C2=O)O)O)O)O,1,,,,,CC1(C(=O)N(C(=O)O1)C2=CC(=CC(=C2)Cl)Cl)C=C,1,,,,,,
,,,,,,CC(C)(C)C1=NNC(=O)N(C1=O)N,0,,C1=CC=C2C(=C1)C(=O)C3=C(C2=O)C(=C(C=C3O)O)O,1,,,,,CC1=C(C(CCC1)(C)C)/C=C/C(=C/C=C/C(=C/CO)/C)/C,1,,,,,,
,,,,,,CCC1(COCOC1)CO,0,,CC1=CC(=C(C(=C1C(=O)OC2=C(C(=C(C(=C2)C)C(=O)OC)O)C)O)C=O)O,1,,,,,COC(=O)C12CC3=C(C1=NN(CO2)C(=O)N(C4=CC=C(C=C4)OC(F)(F)F)C(=O)OC)C=CC(=C3)Cl,1,,,,,,
,,,,,,CC(=O)NCCC1=CC=CC2=C1C=C(C=C2)OC,1,,CCOC(=O)C1=C(OC2=C(C1C(C#N)C(=O)OCC)C=C(C=C2)Br)N,1,,,,,CC1=CC(=O)[C@H]2C[C@@H]1C2(C)C,0,,,,,,
,,,,,,C1=CC=C2C(=C1)C=CN2,1,,CC(=O)OCC1=C(N2[C@@H]([C@@H](C2=O)NC(=O)/C(=N\OC)/C3=CSC(=N3)N)SC1)C(=O)[O-],0,,,,,CC1CCC2(O1)C(=CCCC2(C)C)C,1,,,,,,
,,,,,,CCC(=O)OC/C=C/C1=CC=CC=C1,1,,CC1=CC=C(C=C1)S(=O)(=O)N[C@@H](CC2=CC=CC=C2)C(=O)CCl,1,,,,,CCCCOCNC(=O)C=C,0,,,,,,
,,,,,,COC1=C(C=C(C=C1)[N+](=O)[O-])N,1,,CC1=CC(=C(C(=C1)C)S(=O)(=O)NC2=CC=CC3=C2N=CC=C3)C,1,,,,,C1=CC(=CC=C1NC(=O)C2=C(C(=CC(=C2)Br)Br)O)Br,1,,,,,,
,,,,,,CCC1(CC2=CC=CC=C2O1)C3=NCCN3,0,,CCCCC(C)(C/C=C/[C@H]1[C@@H](CC(=O)[C@@H]1CCCCCCC(=O)OC)O)O,1,,,,,C1=CC=C2C(=C1)C(=O)OC2(C3=CC=C(C=C3)O)C4=CC=C(C=C4)O,1,,,,,,
,,,,,,CCCCCCCCCCCCCCCCCCNC(=O)OC1CCN(CC1)C(=O)OC[C@H](COC(=O)N(CC2=CC=CC=[N+]2CC)C(=O)C3=CC=CC=C3OC)OC.[Cl-],1,,CC1=NC=CN1CC2CCC3C(C2=O)C4=CC=CC=C4N3C,1,,,,,CC1=CC(=C(C=C1)O)N,1,,,,,,
,,,,,,COC(=O)NC1=NC2=CC=CC=C2N1,0,,C1CC(=O)N[C@H]1C(=O)O,0,,,,,CC1=C(C(=NO1)C2=CC=CC=C2)C(=O)Cl,0,,,,,,
,,,,,,CC(=O)[C@]1(CC[C@@H]2[C@@]1(CC[C@H]3[C@H]2C=C(C4=CC(=O)[C@@H]5C[C@@H]5[C@]34C)Cl)C)OC(=O)C,1,,C[C@@H](C1CC[C@@]2([C@@]1(CCC3C2=CC(=O)[C@H]4[C@@]3(C[C@@H]([C@@H](C4)O)O)C)C)O)[C@@H](CCC(C)(C)O)O,0,,,,,C1CCC(CC1)SSC2CCCCC2,0,,,,,,
,,,,,,C=C(CC(=O)O)C(=O)O,0,,C[C@H]1COC2=C1C(=O)C(=O)C3=C2C=CC4=C3CCCC4(C)C,1,,,,,C1=CC=C(C=C1)N=NC2=C(N=C(C=C2)N)N.Cl,1,,,,,,
,,,,,,CCCCC(CC)COC(=O)C1=CC=CC=C1C(=O)OCCCC,1,,CC(C)(C1=CC=CC=C1CC[C@@H](C2=CC=CC(=C2)/C=C/C3=NC4=C(C=CC(=C4)Cl)C=C3)SCC5(CC5)CC(=O)[O-])O,1,,,,,CC(C)CC(C)(C1=CC=C(C=C1)O)C2=CC=C(C=C2)O,1,,,,,,
,,,,,,C1=CC(=C(C=C1Cl)Cl)O,0,,C[N+]1(CCCC1)CCCCC[N+]2(CCCC2)C.[C@@H]([C@H](C(=O)[O-])O)(C(=O)O)O.[C@@H]([C@H](C(=O)[O-])O)(C(=O)O)O,0,,,,,C(CO)NN,0,,,,,,
,,,,,,CCC1=CC(=C(N=C1)C2=NC(C(=O)N2)(C)C(C)C)C(=O)O,0,,C1[C@@H](O[C@H](S1)CO)N2C=CC(=NC2=O)N,0,,,,,CCC(C)(C(=O)CCl)NC(=O)C1=CC(=C(C(=C1)Cl)C)Cl,1,,,,,,
,,,,,,CCCOC(=O)C1=CC=CC=C1,0,,CC1=C(C2=NC(=CC(=O)N2N1)C3=CC=CC=C3Cl)C4=CC=CC=C4,1,,,,,C1=CC=C(C=C1)C(=O)O[C@H]([C@H](C(=O)O)OC(=O)C2=CC=CC=C2)C(=O)O,0,,,,,,
,,,,,,CC(=CCC/C(=C/COC(=O)C)/C)C,1,,CC1=CC=C(C=C1)CC2=C(N=C3C(=C(NN3C2=O)C)C4=CC=CC=C4)C,1,,,,,CC(CC1=CC2=C(C=C1)OCO2)NO.Cl,0,,,,,,
,,,,,,C1=C(C=C(C(=C1Cl)Cl)Cl)[N+](=O)[O-],0,,CC1=C(C2=NC(=C(C(=O)N2N1)CC3=CC=C(C=C3)Br)C)C4=CC=CC=C4,0,,,,,CC1=CC(=O)[N-]S(=O)(=O)O1.[K+],0,,,,,,
,,,,,,CC(C(=O)O)O,0,,CC1=CC(=CC=C1)CC2=C(N=C3C(=C(NN3C2=O)C)C4=CC=CC=C4)C,1,,,,,C1=CC=C(C=C1)C(C2=CC=CC=C2)C(=O)C3C(=O)C4=CC=CC=C4C3=O,1,,,,,,
,,,,,,CCCCC(CC)COC(=O)C1=CC=C(C=C1)O,1,,CC1=CC=CC=C1CC2=C(N=C3C(=C(NN3C2=O)C)C4=CC=CC=C4)C,1,,,,,C[C@H]1[C@H]2CC3=C([C@@]1(CCN2CC=C(C)C)C)C=C(C=C3)O.C(CC(=O)O)C(=O)O,1,,,,,,
,,,,,,CC(=CCC/C(=C\CCC(C)(C=C)O)/C)C,1,,CC1=NOC(=C1NC(=O)OC(C)C2=CC=CC=C2Cl)C3=CC=C(C=C3)CSCCC(=O)O,1,,,,,CC[C@H](C)C(=O)O[C@H]1C[C@H](C=C2[C@H]1[C@H]([C@H](C=C2)C)CC[C@@H]3C[C@H](CC(=O)O3)O)C,1,,,,,,
,,,,,,CC(C)(C(=O)OCC=C)OC(=O)C1=C(C=CC(=C1)N2C(=O)C=C(N(C2=O)C)C(F)(F)F)Cl,1,,COC1=CC=CC2=C1CCCC2CCCN3CCN(CC3)C4CCCCC4,0,,,,,CCOC(=O)CC(C(=O)OCC)SP(=S)(OC)OC,0,,,,,,
,,,,,,CCC[N+]1(CCCC1)C.C(F)(F)(F)S(=O)(=O)[O-],0,,C1CCC(CC1)NC(=O)OC2=CC=CC(=C2)C3=CC(=CC=C3)C(=O)N,1,,,,,CN(CC(CO)O)C(=O)C1=C(C(=C(C(=C1I)C(=O)NCC(CO)O)I)NC(=O)COC)I,0,,,,,,
,,,,,,COC1=C(C=C(C=C1)Cl)C(=O)NCCC2=CC=C(C=C2)S(=O)(=O)NC(=O)NC3CCCCC3,1,,COC1=C(C=C(C=C1)Cl)C(=O)NCCC2=CC=C(C=C2)S(=O)(=O)NC(=O)NC3CCCCC3,1,,,,,C1=CC=C(C=C1)C(=O)NOCC(=O)O,0,,,,,,
,,,,,,C12(C3(C(C(C(C1(C(C(C(C2(F)F)(F)F)(F)F)(F)F)F)(F)F)(F)F)(C(C(C(C3(F)F)(F)F)(F)F)(F)F)F)F)F,0,,C1=C(C=C(C(=C1S(=O)(=O)N)Cl)Cl)S(=O)(=O)N,0,,,,,CCN1C=C[N+](=C1)C.CCOS(=O)(=O)[O-],0,,,,,,
,,,,,,C1=CC(=C(C=C1C(=O)C2=C(C=C(C=C2)O)O)O)O,0,,CCOC(=O)C1=C(OC2=C(C1C(C#N)C(=O)OCC)C=C(C=C2)Br)N,1,,,,,C/C=C/C=C/CCCCCCCO,1,,,,,,
,,,,,,CC1=C(C(C(=C(N1)C)C(=O)OC)C2=CC=CC=C2OC(F)F)C(=O)OC,1,,C[C@]12CC[C@H]3[C@H]([C@@H]1CC[C@@H]2OC(=O)CCC4CCCC4)CCC5=C3C=CC(=C5)O,0,,,,,C1=CNC(=O)NC1=O,0,,,,,,
,,,,,,C(=O)(C(C(C(C(C(C(F)(F)F)(F)F)(F)F)(F)F)(F)F)(F)F)O,1,,C1CCN(C1)C2CCN(CC2)C(=O)C3=CC=C(C=C3)NC4=NC=CC(=N4)C5=CC6=CC=CC=C6S5,1,,,,,CC\1=C(C2=C(/C1=C\C3=CC=C(C=C3)S(=O)C)C=CC(=C2)F)CC(=O)O,1,,,,,,
,,,,,,CCOP(=O)(CC)OCC,0,,C1C[C@H](C(NC1)CC(=O)CN2C=NC3=CC(=C(C=C3C2=O)Cl)Br)O,0,,,,,C(CS)C(=O)OCC(COC(=O)CCS)(COC(=O)CCS)COC(=O)CCS,0,,,,,,
,,,,,,COC1=CC(=O)O[C@H](C1)/C=C/C2=CC3=C(C=C2)OCO3,1,,C[C@@](C(=O)NC1=C(C=C(C=C1)S(=O)(=O)C2=CC=C(C=C2)C(=O)N(C)C)Cl)(C(F)(F)F)O,0,,,,,C1=CC(=CC=C1C(=O)O)[N+](=O)[O-],0,,,,,,
,,,,,,C1CN(C[C@@H]1C(C2=CC=CC=C2)(C3=CC=CC=C3)C(=O)N)CCC4=CC5=C(C=C4)OCC5.Br,0,,C[C@H](C1=C(C=CC(=C1Cl)F)Cl)OC2=C(N=CC(=C2)C3=CN(N=C3)C4CCNCC4)N,1,,,,,CC12CC1(C(=O)N(C2=O)C3=CC(=CC(=C3)Cl)Cl)C,1,,,,,,
,,,,,,C1=CC(=CC2=C(C=C(C=C21)S(=O)(=O)O)O)N,1,,C1COCC(=O)N1C2=CC=C(C=C2)N3CC(OC3=O)CNC(=O)C4=CC=C(S4)Cl,0,,,,,C1CC(CCC1CN)C(=O)OC2=CC=C(C=C2)CCC(=O)O.Cl,0,,,,,,
,,,,,,CCCCCCCCC(CCCCCC)CO,1,,CC1C(=N)N(C2=CN=C(N=C2N1CCC(C)C)NC3=CC(=C(C(=C3)F)O)F)C,1,,,,,CC(C1=CC=C(C=C1)O)C2=CC=C(C=C2)O,1,,,,,,
,,,,,,CCCCCN(CCCCC)C(=O)C(CCC(=O)[O-])NC(=O)C1=CC(=C(C=C1)Cl)Cl.[Na+],1,,CC1=CSC(=C1)C2=NN=C(C3=CC=CC=C32)NC4=CC=C(C=C4)OC5=C(C=CC=N5)C6=NC(=NC=C6)N,1,,,,,C1=CC(=C(C=C1O)S(=O)(=O)[O-])O.[K+],0,,,,,,
,,,,,,CC(CC1=CC(=CC=C1)C(F)(F)F)NCCOC(=O)C2=CC=CC=C2.Cl,1,,CC1=CC2=C(N1)C=CC(=C2F)OC3=NC=NC4=CC(=C(C=C43)OC)OCCCN5CCCC5,1,,,,,C1CN(CCN1CCOCCO)C(C2=CC=CC=C2)C3=CC=C(C=C3)Cl.Cl,1,,,,,,
,,,,,,CCCCCCCCC(=O)NCC1=CC(=C(C=C1)O)OC,1,,CCOC1=C(C=C2C(=C1)N=CC(=C2NC3=CC(=C(C=C3)F)Cl)C#N)NC(=O)/C=C/CN(C)C,0,,,,,CC(C)(C)C1=CC(=CC(=C1O)C(C)(C)C)CO,1,,,,,,
,,,,,,CC(C)(C#N)NC1=NC(=NC(=N1)NC2CC2)Cl,0,,COC1=CC2=C(C=CN=C2C=C1OCCCN3CCOCC3)OC4=C(C=C(C=C4)NC(=O)C5(CC5)C(=O)NC6=CC=C(C=C6)F)F,1,,,,,CCCC(CCC)(C(=O)OCC)C(=O)OCC,0,,,,,,
,,,,,,C1=C(C=C(C(=C1Cl)O)Cl)N,1,,CC[C@@H](C)[C@@H](C(=O)N1CCC2(CCC3=CC=CC=C32)CC1)NC(=O)[C@H](CC4CCCCC4)NC(=O)C5=CC=NO5,1,,,,,CC(C)CCOC(=O)C,0,,,,,,
,,,,,,CCOC(=O)C(C1=CC=C(C=C1)Cl)(C2=CC=C(C=C2)Cl)O,1,,CC1CC2=CC3=C(C=C2C(=NN1C(=O)NC)C4=CC=C(C=C4)N)OCO3,1,,,,,C1CN(CCN1CCOCCO)C2=NC3=CC=CC=C3SC4=CC=CC=C42.C1CN(CCN1CCOCCO)C2=NC3=CC=CC=C3SC4=CC=CC=C42.C(=C/C(=O)O)\C(=O)O,1,,,,,,
,,,,,,C1C(S/C(=C(/C#N)\N2C=CN=C2)/S1)C3=CC=CC=C3Cl,1,,CN(C[C@@H]1CCC2=C([C@@H]1C3=CC=CC=C3)C=CC(=C2)OC)CC(=O)O,0,,,,,CCCOC1=CC2=C(C=C1)N=C(N2)NC(=O)OC,1,,,,,,
,,,,,,C[Si](C)(C)O[Si](C)(C)C,0,,CC(C)(C(=O)N[C@H](COCC1=CC=CC=C1)C(=O)N2CCC3(CC2)CN(C4=CC=CC=C34)S(=O)(=O)C)N,1,,,,,CC(C)(C)CC(C)(C)C1=CC=C(C=C1)NC2=CC=C(C=C2)C(C)(C)CC(C)(C)C,0,,,,,,
,,,,,,CCN(CC)CCC1=C(C2=C(C(=C(C=C2)OCC(=O)OCC)Cl)OC1=O)C.Cl,0,,C1CN(CCC1CC2=CC(=CC=C2)OC3=NC=C(C=C3)C(F)(F)F)C(=O)NC4=CN=CC=C4,1,,,,,CCN(CC)CCOC1=CC=C(C=C1)/C(=C(/C2=CC=CC=C2)\Cl)/C3=CC=CC=C3.C(C(=O)O)C(CC(=O)O)(C(=O)O)O,1,,,,,,
,,,,,,CC1([C@@H](N2[C@H](S1)[C@@H](C2=O)NC(=O)[C@@H](C3=CC=CC=C3)N)C(=O)O)C,0,,CN1C=C(C=N1)C2=C3C=NNC(=O)C4=C3C(=CC(=C4)NC(=O)[C@@H](C5CCCCC5)N)N2,1,,,,,CCC1=CC=CC=C1O,0,,,,,,
,,,,,,C[C@@H](C1=NC=NC=C1F)C(CN2C=NC=N2)(C3=C(C=C(C=C3)F)F)O,1,,CNC(=O)C1=NC=CC(=C1)OC2=CC(=C(C=C2)NC(=O)NC3=CC(=C(C=C3)Cl)C(F)(F)F)F,1,,,,,CC1=NN(C(=O)C1)C2=CC=CC=C2,0,,,,,,
,,,,,,C1=CC=C(C=C1)CCO,0,,CN1CCN(CC1)C2=CC(=C(C=C2)NC3=NC=C(C(=N3)OC4=CC=CC(=C4)NC(=O)C=C)Cl)OC,1,,,,,CCCCCCCCCCCC[N+](C)(C)CCCS(=O)(=O)[O-],0,,,,,,
,,,,,,CCCCC1=NC=C(N1CC2=CC=C(C=C2)C(=O)O)/C=C(\CC3=CC=CS3)/C(=O)O.CS(=O)(=O)O,0,,CC1=C2C=C(C=CC2=NN1)C3=CC(=CN=C3)OC[C@H](CC4=CC=CC=C4)N,1,,,,,CC(C)(C)C(=O)CC(=O)C(C)(C)C,0,,,,,,
,,,,,,CCCNC(C)C(=O)NC1=C(SC=C1C)C(=O)OC.Cl,0,,CC1=C(C=C(C=C1)C(=O)NC2=CC(=C(C=C2)CN3CCN(CC3)C)C(F)(F)F)C#CC4=CN=C5N4N=CC=C5,1,,,,,C1C(O1)CN(CC2CO2)C3=CC=C(C=C3)OCC4CO4,1,,,,,,
,,,,,,CC1=CC(=C(C(=C1)O)C)C,0,,C1CN(CCN1C2=NC=NC3=C2OC4=CC=CC=C43)C(=S)NCC5=CC6=C(C=C5)OCO6,1,,,,,C1CCC(CC1)OC(=O)C2=CC=CC=C2C(=O)OC3CCCCC3,1,,,,,,
,,,,,,C1=CC(=CC(=C1)O)N,1,,COC1=CC2=C(C=CN=C2C=C1OC)OC3=CC=C(C=C3)NC(=O)C4(CC4)C(=O)NC5=CC=C(C=C5)F,0,,,,,CCOP(=S)(OCC)OC1=NC(=C(C=C1Cl)Cl)Cl,1,,,,,,
,,,,,,CCCC[N+]1=CC=CC=C1C.[Br-],0,,CC(C)CC(=O)NC1=NNC2=C1CN(C2(C)C)C(=O)C3CCN(CC3)C,0,,,,,CCCCN(CCCC)C(C1=CC=C(C=C1)OC)C(=O)N,1,,,,,,
,,,,,,CC1(C(C1C(=O)OC(C#N)C2=CC(=CC=C2)OC3=CC=CC=C3)C=C(Cl)Cl)C,1,,CN1C(=CC=N1)C2=NN=C(C3=CC=CC=C32)N4CCC(CC4)N(C)C(=O)C5=C(C=C(C=C5)F)C(F)(F)F,0,,,,,CCCCCCCCCCCCN(CCO)CCO,1,,,,,,
,,,,,,CC(C)(C)C1=CC(=CC(=C1O)C(C)(C)C)CCC(=O)NCCCCCCNC(=O)CCC2=CC(=C(C(=C2)C(C)(C)C)O)C(C)(C)C,1,,C1=CC=C2C(=C1)C(=CN2)CCNC3=CC=C(C=C3)NC4=CC=NC=C4,1,,,,,COC1=CC=CC=C1N.Cl,0,,,,,,
,,,,,,CCNC(=O)N(CCCN(C)C)C(=O)[C@@H]1C[C@H]2[C@@H](CC3=CNC4=CC=CC2=C34)N(C1)CC=C,0,,CC1=CC(=NN1)NC2=CC(=NC(=N2)/C=C/C3=CC=CC=C3)N4CCN(CC4)C,0,,,,,C1=CC=C(C(=C1)N)O,1,,,,,,
,,,,,,C(C[N+](=O)[O-])C(=O)O,0,,C1=CC=C(C(=C1)N)NC(=O)C2=CC=C(C=C2)CNC3=NC=CC(=N3)C4=CN=CC=C4,1,,,,,C1=CC(=CC=C1NC(=O)NC2=CC(=C(C=C2)Cl)Cl)Cl,1,,,,,,
,,,,,,CN1C[C@@H](C[C@H]2[C@H]1CC3=CN(C4=CC=CC2=C34)C)CNC(=O)OCC5=CC=CC=C5,0,,CC(C)(C1=NC(=CC=C1)N2C3=NC(=NC=C3C(=O)N2CC=C)NC4=CC=C(C=C4)N5CCN(CC5)C)O,0,,,,,C1=CC=C(C(=C1)C=O)C=O,1,,,,,,
,,,,,,CCOC(=O)CN1C=CC=C1C2=NC(=C(S2)C3=CC=C(C=C3)OC)C4=CC=C(C=C4)OC,1,,CN1CCC(CC1)CNC2=NN3C(=NC=C3C4=CC(=CC=C4)OC(F)(F)F)C=C2,0,,,,,C1(C(C(C(C(C1O)O)O)O)O)O,0,,,,,,
,,,,,,CC(=O)NC1=CC(=CC=C1)O,0,,CC(C)(C)C1=CC(=C(S1)NC(=O)NC2=CC3=C(C=C2)NN=C3)C(=O)O,1,,,,,C1=CC=C2C(=C1)C=CC3=CC=CC=C3N2C(=O)N,1,,,,,,
,,,,,,C1=CC=C2C(=C1)C=CC3=CC4=C(C=CC5=CC=CC=C54)C=C32,0,,CC1=C(C=C(C=C1)C(=O)NC2=CC=CC(=C2)C(F)(F)F)OC3=C(C=CC=N3)C4=NC(=NC=C4)NC,1,,,,,C1=CC=NC(=C1)CCO,0,,,,,,
,,,,,,C1=CC(=C(N=C1)C(=O)O)C(=O)O,0,,CN1C(=O)C(=CN=C1NC2=CC=C(C=C2)F)C3=CC(=C(C=C3)OC4=C5C=C(C(=CC5=NC=C4)OCCCN6CCOCC6)OC)F,1,,,,,C1C(C(CS1(=O)=O)(Cl)Cl)(Cl)Cl,1,,,,,,
,,,,,,CC(C)CCON=O,0,,C1CNCCC1N2C=C(C=N2)C3=NC4=C(C=CC=C4N=C3)C5=CC(=C(C(=C5)F)CN6CCOCC6)F,0,,,,,C/C=C/CC=C,0,,,,,,
,,,,,,C=CCCC#N,0,,CC1=C(SC(=N1)N)C2=NC(=NC=C2)NC3=CC=C(C=C3)N4CCOCC4,1,,,,,CCCCC(CC)CN,0,,,,,,
,,,,,,CC1=C(C(=CC=C1)C)[N+](=O)[O-],0,,CC1=C(C=C(C=C1)C(=O)NC2=CC=CC(=C2)C(F)(F)F)C3=CC4=CN=C(N=C4C=C3)NCCN5CCOCC5,1,,,,,CC(=O)NC1=C(C=CC(=C1)[As](=O)(O)O)O,0,,,,,,
,,,,,,CC(C)CC1=CC=C(C=C1)C(C)C(=O)O,1,,CCOC1=CC=C(C=C1)NC2=NC(=CS2)C3=C(N=C4N3C=CC=C4)C,1,,,,,B(OCC)(OCC)OCC,0,,,,,,
,,,,,,C1=C(C=C(C(=C1I)O)I)C#N,1,,C1=CC(=CC(=C1)N2C(=O)C=CC3=CN=C4C=CC(=CC4=C32)C5=CN=C(C=C5)N)C(F)(F)F,1,,,,,C1=CC=C2C(=C1)C(=CN2)CCNC(=O)C3=CN=CC=C3,1,,,,,,
,,,,,,COC1=C(C=C(C=C1)N)N.OS(=O)(=O)O,1,,COC1=CC=CC2=C1NC3=C(C2=O)C=CC=C3C(=O)NC4=CC=C(C=C4)CCN5CCC6=CC(=C(C=C6C5)OC)OC,1,,,,,CCCN[C@H]1CCC2=C(C1)SC(=N2)N.O.Cl.Cl,0,,,,,,
,,,,,,C1=CC(=NC=C1Cl)C(=O)NCCN.Cl,0,,COC1=C(C(=CC=C1)F)C2=NCC3=CN=C(N=C3C4=C2C=C(C=C4)Cl)NC5=CC(=C(C=C5)C(=O)O)OC,1,,,,,CCOP(=S)(OCC)SCSC1=CC=C(C=C1)Cl,1,,,,,,
,,,,,,CCC(C)S,0,,C1CN(CCN1CCOCC(=O)O)[C@H](C2=CC=CC=C2)C3=CC=C(C=C3)Cl,0,,,,,CC(=O)[O-].CC(=O)[O-].CC(=O)[O-].[Cr+3],0,,,,,,
,,,,,,CC1=CC(=C(C=C1)N)C.Cl,1,,C1=CC(=CC=C1[C@@H]2[C@H](C(=O)N2C3=CC=C(C=C3)F)CC[C@@H](C4=CC=C(C=C4)F)O)O,1,,,,,C1=CC(=C(C=C1O)O)C(=O)C2=C(C=C(C=C2)O)O,1,,,,,,
,,,,,,CCC(CC)NC1=C(C=C(C(=C1[N+](=O)[O-])C)C)[N+](=O)[O-],1,,CN1CCC2=C(C1)C3=CC=CC=C3N2CC4=CC=C(C=C4)C(=O)NO,1,,,,,CCCCC(CC)C(=O)[O-].CCCCC(CC)C(=O)[O-].[Ca+2],0,,,,,,
,,,,,,C1=C(OC(=C1)C=O)CO,0,,COC1=CC=CC(=C1O)CNC2=CC=C(C=C2)S(=O)(=O)NC3=NC4=CC=CC=C4S3,1,,,,,CC1=C(C=CC(=C1)C(C(F)(F)F)(C(F)(F)F)F)NC(=O)C2=C(C(=CC=C2)I)C(=O)NC(C)(C)CS(=O)(=O)C,1,,,,,,
,,,,,,COC1=C(C=CC(=C1)Cl)Cl,0,,CCOC(=O)NC1=NC2=CC=CC=C2N1,1,,,,,C1CC2C(O2)CC1C3CO3,0,,,,,,
,,,,,,CCCCCC1CCC(=O)O1,1,,CC(C)(C)NCC(COC1=CC=CC2=C1CCCC2=O)O,0,,,,,C1=CSC(=C1)C2=CC=C(S2)C3=CC=CS3,1,,,,,,
,,,,,,COC1=CC(=NC(=N1)NC(=O)NS(=O)(=O)CC2=CC=CC=C2C(=O)OC)OC,0,,C1CN2CCC1[C@H](C2)OC(=O)C3[C@H](C4=CC=CC=C4CN3)C5=CC=CC=C5,0,,,,,C[C@H]1CCC[C@@H](CCCCCC2=C(C(=CC(=C2)O)O)C(=O)O1)O,1,,,,,,
,,,,,,C1=CC=C(C=C1)C2=CC=CC=C2N,1,,CCN1C2=C(C=NC=C2CNC3CCNCC3)N=C1C4=NON=C4N,0,,,,,C[C@@H]1C[C@H]2[C@@H]3CCC4=CC(=O)C=C[C@@]4([C@H]3[C@H](C[C@@]2([C@@]1(C)C(=O)OC)C)O)C,1,,,,,,
,,,,,,CC/C=C/CCO,0,,CCN1CCN(CC1)C2=CC=C(C=C2)NC3=CC(=NC=N3)N(C)C(=O)NC4=C(C(=CC(=C4Cl)OC)OC)Cl,1,,,,,C1=CC(=CN=C1)N,0,,,,,,
,,,,,,CCC1=CC=CC(=C1N([C@@H](C)COC)C(=O)CCl)C,1,,CC(CC1=CNC2=CC=CC=C21)N,0,,,,,C[C@]12CCCC([C@@H]1CC[C@@]3([C@@H]2CC(=O)O3)C)(C)C,1,,,,,,
,,,,,,CCC1=CC2=C(C=C1)C(=O)C3=CC=CC=C3C2=O,1,,CCC(CC)C(=O)NC1=C(C2=C(S1)CC(CC2)C(C)(C)CC)C#N,1,,,,,CC1(C(C1C(=O)OCC2=CC(=CC=C2)OC3=CC=CC=C3)C=C(Cl)Cl)C,1,,,,,,
,,,,,,C1CN(C(=O)N1)CCO,0,,C1CN(CCC1OC(C2=CC=CC=C2)C3=CC=CC=C3)CCCC4=NNN=N4,0,,,,,CC1=C(C(=CC=C1)C)NC(=O)CN2CCCCCC2,1,,,,,,
,,,,,,COC1=CC=C(C=C1)C(=C(C2=CC=C(C=C2)OC)Cl)C3=CC=C(C=C3)OC,1,,COC1=C(C=C2C(=C1)CC3=C2NN=C3NC4=CC(=CC=C4)F)OC,1,,,,,CCCCCCCCCC1=CC=C(C=C1)O,1,,,,,,
,,,,,,COC1=CC(=CC(=C1OC)OC)C(=O)OCCCN2CCCN(CC2)CCCOC(=O)C3=CC(=C(C(=C3)OC)OC)OC,1,,CCCCC1CCC(CC1)C2=NC(=NO2)C3=CC=NC=C3,1,,,,,CC1=CC(=O)C(C(=O)O1)C(=O)C,0,,,,,,
,,,,,,CC(=CCC/C(=C/C=O)/C)C,1,,CC(C)(C)OC(=O)N1CCC(CC1)OCC2=NC(=NO2)C3=CC=NC=C3,0,,,,,C[C@H](C1=CC=CC2=CC=CC=C21)NCCCC3=CC(=CC=C3)C(F)(F)F.Cl,1,,,,,,
,,,,,,C1=CC=C(C=C1)C2=CSC(=N2)N.O.Br,1,,CCOC1=C2CN(C(=O)C2=C(C3=CC=CC=C31)OCC)C4=CC=C(C=C4)CC(=O)NS(=O)(=O)C5=CC=CC=C5,1,,,,,C1=CC(=CC(=C1)C2=C(C=CC(=C2)CCCCCCC3=CC(=C(C=C3)O[C@@H]4[C@H]([C@H]([C@@H]([C@H](O4)CO)O)O)O)C5=CC=CC(=C5)CC(=O)O)O[C@@H]6[C@H]([C@H]([C@@H]([C@H](O6)CO)O)O)O)CC(=O)O,0,,,,,,
,,,,,,CCCCCC(C)OC(=O)COC1=C2C(=C(C=C1)Cl)C=CC=N2,1,,C1CCC(CC1)N2C=NC3=C(N=C(N=C32)OC4=CC=CC5=CC=CC=C54)NC6=CC=C(C=C6)N7CCOCC7,1,,,,,CCC1=CC(=C(C=C1OC)C[C@H](C)N)OC.Cl,0,,,,,,
,,,,,,CCCCOCCOCCOC(=O)C,0,,CC1=C(C=C(O1)S(=O)(=O)N2CCCCC2)NC(=O)NC3=CC=CC=C3,1,,,,,CC(C)OC(=O)NC1=CC(=CC=C1)Cl,1,,,,,,
,,,,,,CCN(CC)CCNC1=C2C(=C(C=C1)CNC=O)SC3=C(C2=O)C=C(C=C3)OC,1,,CC1=CC(=CC=C1)NC2=NC(=CS2)C3=CC=NC=C3,1,,,,,CCCCCCC(C)(C)S,0,,,,,,
,,,,,,C1CCCCCC(=O)OCCOC(=O)CCCCC1,1,,COC1=CC=C(C=C1)C2=C(N=C(N2)C3=CC=C(O3)C4=CC(=CC=C4)Cl)C5=CC=C(C=C5)OC,0,,,,,C1=CC=C2C(=C1)NC3=C(S2)C=CC(=C3)Cl,1,,,,,,
,,,,,,CC(=O)C1=CC2=CC=CC=C2C=C1,0,,CC1=C(SN=N1)C(=O)NC2=CC=C(C=C2)N3C(=CC(=N3)C(F)(F)F)C(F)(F)F,1,,,,,CC(C)COC(=O)C(=C)C,1,,,,,,
,,,,,,C1=CC=C(C=C1)NC2=CC=C(C=C2)N,1,,CC(C)OC1=C(C=CC(=C1)OC)C2=N[C@H]([C@H](N2C(=O)N3CCNC(=O)C3)C4=CC=C(C=C4)Cl)C5=CC=C(C=C5)Cl,1,,,,,CCNC1=NC(=NC(=N1)SC)NC(C)C,1,,,,,,
,,,,,,CCOC(=O)C(C)OC(=O)C1=C(C=CC(=C1)OC2=C(C=C(C=C2)C(F)(F)F)Cl)[N+](=O)[O-],1,,CC1=C2CC[C@@H](C[C@@H](C2=CC=C1)O)CN3CCC(CC3)C4=C(C=CC=C4Cl)Cl,0,,,,,C[C@@]1(C(=O)N2[C@H](C(=O)N3CCC[C@H]3[C@@]2(O1)O)CC4=CC=CC=C4)NC(=O)[C@@H]5C[C@H]6[C@@H](CC7=CNC8=CC=CC6=C78)N(C5)C,1,,,,,,
,,,,,,CCOC(=O)C(F)(F)F,0,,CC(C)N(CCCNC(=O)NC1=CC=C(C=C1)C(C)(C)C)C[C@@H]2[C@H]([C@H]([C@@H](O2)N3C=C(C4=C(N=CN=C43)N)Br)O)O,1,,,,,C1=C(C(=C(C(=C1I)NC(=O)CCOCCOCCOCCOCCC(=O)NC2=C(C=C(C(=C2I)C(=O)O)I)I)I)C(=O)O)I,0,,,,,,
,,,,,,CCCCN(CCCC)CCCC,1,,CC(C)(C)C1=CC=C(C=C1)C(=O)NC2=CN3C=C(C=CC3=N2)N4C=CN=C4,1,,,,,CC(C)(C)C#C/C=C/CN(C)CC1=CC=CC2=CC=CC=C21,1,,,,,,
,,,,,,CCO/C(=N/C1=C[N+](=NO1)N2CCOCC2)/[O-],0,,CC1=CC(=NN1)NC2=NN3C(=C(N=C3C(=C2)CN4CCOCC4)C)CC5=C(C=C(C=C5)Cl)F,1,,,,,CCCCOCCO,0,,,,,,
,,,,,,C=CC(=O)OCC(CO)(COCC(COC(=O)C=C)(COC(=O)C=C)COC(=O)C=C)COC(=O)C=C,1,,CCCC1=CC2=C(N=CN=C2S1)N3CCN(CC3)C4=NCC(S4)(C)C,0,,,,,C[C@H]1COC2=C3N1C=C(C(=O)C3=CC(=C2C4(CC4)N)F)C(=O)O,0,,,,,,
,,,,,,CCCCCCCCCCN1C=C[N+](=C1)C.[Br-],0,,CN1CCC(CC1)COC2=CN=C(N=C2)C3=CC=CC(=C3)CN4C(=O)C=CC(=N4)C5=CC=CC(=C5)C#N,0,,,,,CC(C)OC1=C(C=C(C(=C1)N2C(=O)OC(=N2)C(C)(C)C)Cl)Cl,1,,,,,,
,,,,,,CC(=O)NC1=NN=C(S1)S(=O)(=O)N,0,,CC1=C(C=CC=C1C(F)(F)F)CN2C(=NC3=C(C=C(C=C32)N4CCOCC4)C(=O)O)C,0,,,,,CN(C)C1=CC=C(C=C1)N=NS(=O)(=O)[O-].[Na+],1,,,,,,
,,,,,,CNC(=O)OC1=CC=CC2=CC=CC=C21,0,,CN(C)C1=C(C(=NC(=N1)CC2=CC=C(C=C2)NC(=O)C3=CC=C(C=C3)C(F)(F)F)N(C)C)CC(=O)O,0,,,,,CC1([C@@H]([C@@H]1C(=O)O[C@@H](C#N)C2=CC(=CC=C2)OC3=CC=CC=C3)C=C(Cl)Cl)C,1,,,,,,
,,,,,,CCN(CC)C(=O)C,0,,CCN1C(=CC2=C3C(=C(N=C21)NC4=NN(C(=C4)C)C)N=CN3C)C(=O)N(C5CC5)C6CC6,1,,,,,C1=CC=C(C=C1)COC2=CC=C(C=C2)O,1,,,,,,
,,,,,,CC1=CC(=C(C(=C1)C(C)(C)C)O)CC2=C(C(=CC(=C2)C)C(C)(C)C)O,1,,CCCN1C(=O)C2=C(N=C(N2)C3=CN(N=C3)CC4=CC(=CC=C4)C(F)(F)F)N(C1=O)CC,0,,,,,CCCCCCCCN(C)CCCCCCCC,0,,,,,,
,,,,,,CCC(C)NC1=NC(=NC(=N1)NCC)OC,0,,CN(C)C1=C(C(=NC(=N1)CC2=CC=C(C=C2)NC(=O)C3=CC4=CC=CC=C4C=C3)Cl)CC(=O)O,1,,,,,COP(=S)(OC)Cl,0,,,,,,
,,,,,,C1=CC(=C(C(=C1Cl)O)Cl)Cl,1,,CC[C@H](CC#N)OC(=O)N[C@@H](C)C1=CC(=CC=C1)NC(=O)NC2=CC(=C(C=C2)C3=CN=CO3)OC,1,,,,,C1CCC(CC1)[NH3+].[Cl-],0,,,,,,
,,,,,,CC1=C2COC(=O)C2=C(C(=C1OC)C/C=C(\C)/CCC(=O)O)O,0,,CC(C)C1=NN(C2=C1C(=O)NC(=N2)CC3=CC=C(C=C3)OCCO)C4=C(C=CC=C4Cl)Cl,1,,,,,C1=CC(=C(C=C1N(CCO)CCO)[N+](=O)[O-])NCCO,0,,,,,,
,,,,,,C1[C@@H](C2=C(CN1)C(=C(C=C2)O)O)C3=CC(=C(C=C3)O)O.Cl,1,,CN(C)CCOC1=C(C=CC(=C1)C2=CNN=C2)NC(=O)C3COC4=CC=CC=C4O3,1,,,,,C1=CC=C(C=C1)N.Cl,0,,,,,,
,,,,,,C1=CC(=C(C=C1[N+](=O)[O-])N)C(=O)O,0,,CCC1=NC(=C(S1)C2=CC(=NC=C2)NC(=O)C3=CC=CC=C3)C4=CC=CC(=C4)C,1,,,,,COC1=CC=C(C=C1)C2=CC(=S)SS2,1,,,,,,
,,,,,,C1CC1CN2CC[C@]34[C@@H]5C(=O)CC[C@]3([C@H]2CC6=C4C(=C(C=C6)O)O5)O,0,,CCS(=O)(=O)N1CC(C1)(CC#N)N2C=C(C=N2)C3=C4C=CNC4=NC=N3,0,,,,,CCCCCCCCCCCCC1=CC=CC=C1O,1,,,,,,
,,,,,,COCCCC/C(=N\OCCN)/C1=CC=C(C=C1)C(F)(F)F,1,,CC1=C(C(N=C(N1)C2=CC(=NC=C2)Cl)C3=C(C=C(C=C3)Cl)F)C(=O)NC4=C(C=C5C(=C4)C=NN5)F,1,,,,,CC(=O)OC(C)(C)C,0,,,,,,
,,,,,,CC1=CC(=NC(=N1)NC(=O)NS(=O)(=O)C2=CC=CC=C2C(=O)OC)C,0,,CC1=CN=C(N=C1NC2=CC(=CC=C2)S(=O)(=O)NC(C)(C)C)NC3=CC=C(C=C3)CN4CCOCC4,1,,,,,C1=CC=C(C=C1)NC(=S)NC2=CC=CC=C2,1,,,,,,
,,,,,,COC1=C(C=C2C(=C1)CC(C2=O)CC3CCN(CC3)CC4=CC=CC=C4)OC.Cl,0,,CC1=C(SC2=C1N=C(N=C2N3CCOCC3)C4=CN=C(N=C4)N)CN5CCN(CC5)S(=O)(=O)C,1,,,,,CCCCC(=O)Cl,0,,,,,,
,,,,,,C1=CC(=CC=C1[C@@H]2[C@H](C(=O)N2C3=CC=C(C=C3)F)CC[C@@H](C4=CC=C(C=C4)F)O)O,1,,CN1CCN(CC1)C2=CC=CC(=C2)NC3=NN4C=CC=C(C4=N3)C5=CC=C(C=C5)S(=O)(=O)C,1,,,,,C1COCCN1N=O,0,,,,,,
,,,,,,CC1=C(C=C(C=C1)N)Cl,1,,C1CC1C(=O)NC2=NN3C(=N2)C=CC=C3C4=CC=C(C=C4)CN5CCS(=O)(=O)CC5,0,,,,,C1=CC(=C(C=C1N)C(=O)O)O,0,,,,,,
,,,,,,CCN(CCN1C(=NC2=C1C(=O)N(C(=O)N2C)C)CC3=CC=CC=C3)CCO.Cl,0,,C1CC(C1)(C2=CC=C(C=C2)C3=C(C=C(C=N3)C(=O)N)C4=CC=CC=C4)N,1,,,,,CCCC[N+]1=CC=CC=C1.[I-],0,,,,,,
,,,,,,C1=CC=C(C(=C1)CC(=O)O)OC2=C(C=C(C=C2)Cl)Cl,1,,CC1=C(C(CC(=O)N1)C2=CC=C(C=C2)C(F)(F)F)C(=O)NC3=C(C=C4C(=C3)C=NN4)F,1,,,,,CC(C)(C1=CC(=C(C(=C1)Br)OCC(CBr)Br)Br)C2=CC(=C(C(=C2)Br)OCC(CBr)Br)Br,0,,,,,,
,,,,,,CC(C)C(=O)OCC1=CC=CC=C1,0,,C1=CC=C(C=C1)C2=NC(=C(N2)C3=CC=NC=C3)C4=CC(=C(C=C4)Cl)O,1,,,,,CC(C)(C(=O)NC1=CC(=C(C=C1)[N+](=O)[O-])C(F)(F)F)O,1,,,,,,
,,,,,,C[C@@H](C(=O)N[C@@H](C)C(=O)NC1[C@H]2[C@@H]1CN(C2)C3=C(C=C4C(=O)C(=CN(C4=N3)C5=C(C=C(C=C5)F)F)C(=O)O)F)N.CS(=O)(=O)O,0,,CC(C)([C@@H]1CNC[C@H]1NC2=NC(=NC3=CC(=C(C=C32)OC)OC)C4=C(C=CC(=C4)F)O)O,1,,,,,CC1=CC(=O)NC(=N1)C(C)C,0,,,,,,
,,,,,,CC1=C(C(=C(C2=C1O[C@](CC2)(C)CCC[C@H](C)CCC[C@H](C)CCCC(C)C)C)OC(=O)C)C,0,,CNC(=O)C1=C(OC2=CC(=C(C=C21)C3CC3)N(CCO)S(=O)(=O)C)C4=CC=C(C=C4)F,1,,,,,C1=CC(=C(C(=C1)F)CN2C=C(N=N2)C(=O)N)F,0,,,,,,
,,,,,,C1CN2CCC1[C@H](C2)NC(=O)C3=CC4=C(C=C3)OCCO4,0,,C=CC(=O)NC1=CC2=C(C=C1)N=CN=C2NC3=CC(=C(C=C3)OCC4=CC(=CC=C4)F)Cl,1,,,,,C1=CC(=C(C(=C1)Cl)Cl)O,0,,,,,,
,,,,,,CC(C)CCCCCCCOC(=O)C=C,0,,C1COCCN1C2=NC(=NC(=N2)N3C4=CC=CC=C4N=C3C(F)F)N5CCOCC5,1,,,,,CC(C)(C1=CC(=CC=C1)C(C)(C)N=C=O)N=C=O,1,,,,,,
,,,,,,C(CSCCC(=O)O)C(=O)O,0,,CN(C)CC1=C(OC2=CC=CC=C21)C(=O)NCCOC3=CC=C(C=C3)C(=O)NO,1,,,,,C1=CC=C(C=C1)O[P+](=O)OC2=CC=CC=C2,0,,,,,,
,,,,,,CC(C)C(=O)OCC1=CC(=CC=C1)OC(=O)[C@H]2C(S[C@H]3N2C(=O)[C@H]3NC(=O)CC4=CC=CC=C4)(C)C,1,,C1=CC=C2C(=C1)C=CC3=C2C=CC(=C3)C4=CC(=NN4C5=CC=C(C=C5)NC(=O)CN)C(F)(F)F,1,,,,,C1=CC(=CC=C1N)OC2=CC(=C(C=C2)N)N,1,,,,,,
,,,,,,CC1=C(C(C(=C(N1)C)C(=O)OCC(C)C)C2=CC=CC=C2[N+](=O)[O-])C(=O)OC,1,,C1CC1NC(=O)NC2=C(NN=C2)C3=NC4=C(N3)C=C(C=C4)CN5CCOCC5,0,,,,,CCCCCCCCCCCCS,0,,,,,,
,,,,,,C[C@]12CCC(=O)C=C1CC[C@@H]3[C@@H]2[C@H](C[C@]4([C@H]3CC[C@@]4(C(=O)CO)O)C)O,0,,CC1=CN2C(=O)C=C(N=C2C(=C1)C(C)NC3=CC=CC=C3)N4CCOCC4,1,,,,,CC1=NC=C(C(=N1)N)CN(C=O)/C(=C(\CCO)/SSCCC(CCCCC(=O)OC)SC(=O)C)/C,0,,,,,,
,,,,,,CC(C)[N+](C)(CCOC(=O)C1C2=CC=CC=C2OC3=CC=CC=C13)C(C)C.[Br-],0,,CN1CCN(CC1)C2=CC=C(C=C2)NC3=NC=C(C(=N3)OC4=CC=CC(=C4)NC(=O)C=C)Cl,1,,,,,CCNC1=NC(=NC(=N1)SC)NC(C)(C)C,1,,,,,,
,,,,,,CCCCCC/C=C\CCCCCCCC(=O)O,1,,CN1C=C(N=C1)C2=CC3=NC=CC(=C3S2)OC4=C(C=C(C=C4)NC(=S)NC(=O)CC5=CC=CC=C5)F,0,,,,,CC1=CN=C(C(=C1OC)C)CSC2=NC3=C(N2)C=C(C=C3)OC,1,,,,,,
,,,,,,CC(=O)C1=CC=C(C=C1)C2=CC=CC=C2,1,,CCC1=C(C(=CC=C1)CC)NC(=O)N2CC3=C(C2)NN=C3NC(=O)C4=CC=C(C=C4)N5CCN(CC5)C,1,,,,,C[Si](C)O[Si](C)(C)O[Si](C)(C)O[Si](C)C,0,,,,,,
,,,,,,C(SC#N)SC#N,1,,CC1=C2C=C(C=CC2=C(C(=N1)C(=O)NCC(=O)O)O)OC3=CC=CC=C3,0,,,,,C1=CC(=C(C(=C1)Cl)COC(CN2C=CN=C2)C3=C(C=C(C=C3)Cl)Cl)Cl,1,,,,,,
,,,,,,C(CCl)P(=O)(O)O,0,,CC(C)(C)CN1C2=C(C=CC(=N2)C3=C(N=C(N3)C(C)(C)C)C4=CC=C(C=C4)F)N=C1N,1,,,,,CC(C)CCOCC(CN1CCOCC1)OC(=O)C2=CC(=C(C(=C2)OC)OC)OC,1,,,,,,
,,,,,,CC[C@]12CC[C@H]3[C@H]([C@@H]1CC[C@]2(C#C)O)CCC4=CC(=O)CC[C@H]34,1,,CC1=C(C=C(C=C1)C(=O)NC2=CC=C(C=C2)S(=O)(=O)NC3=NC4=CC=CC=C4N=C3NC5=CC(=CC(=C5)OC)OC)OC,0,,,,,CC(CC=O)C1=CC=CC=C1,1,,,,,,
,,,,,,CC1=CC2=C(C=C1)C(=O)C3=CC=CC=C3C2=O,1,,CNC(=O)C1=CC2=C(C=C1)C(=C(N2)O)C(=NC3=CC=CC(=C3)CN(C)C)C4=CC=CC=C4,1,,,,,CCCN(CCC)C1=C(C=C(C=C1[N+](=O)[O-])C(F)(F)F)[N+](=O)[O-],1,,,,,,
,,,,,,CC(C)(CC1=CC=C(C=C1)Cl)N.Cl,0,,CC1=C(N=C(C=C1)NC(=O)C2(CC2)C3=CC4=C(C=C3)OC(O4)(F)F)C5=CC(=CC=C5)C(=O)O,1,,,,,C1CO[C@@H]([C@H](O1)Cl)Cl,0,,,,,,
,,,,,,CCCCNC(=O)OCC#CI,1,,C1C[C@H]2[C@@H](C1)C3=C(C=CC(=C3)O)O[C@H]2C4=CC=C(C=C4)O,1,,,,,CC(=O)CC(C1=CC=C(C=C1)[N+](=O)[O-])C2=C(C3=CC=CC=C3OC2=O)O,0,,,,,,
,,,,,,C1=CC=C2C(=C1)C(=O)OC23C4=CC(=C(C(=C4OC5=C(C(=C(C=C35)I)O)I)I)O)I,1,,CN1C2=C(C=C(C=C2)C(=O)N(CCC(=O)O)C3=CC=CC=N3)N=C1CNC4=CC=C(C=C4)C(=N)N,1,,,,,C1=CC(=C(C=C1C2=C(C(=O)C3=C(C=C(C=C3O2)O)O)O)O)O.O.O,1,,,,,,
,,,,,,C1=CC=C2C(=C1)N=C(S2)Br,0,,C1=CC(=CC=C1CCCCN2C=CN=N2)OCC3=COC(=N3)/C=C/C4=CC=C(C=C4)C(F)(F)F,1,,,,,CCOC(=O)C(C)OC1=CC=C(C=C1)OC2=NC3=C(O2)C=C(C=C3)Cl,1,,,,,,
,,,,,,CC\1=C(C2=C(/C1=C\C3=CC=C(C=C3)S(=O)C)C=CC(=C2)F)CC(=O)O,0,,C1CCC(C1)N2C3=NC=NC(=C3C(=N2)C4=CN=C5C(=C4)C=CN5)N,1,,,,,CN1CCN(CC1)C2=C(C=C3C4=C2SCCN4C=C(C3=O)C(=O)O)F.Cl,0,,,,,,
,,,,,,CN1C2=C(C=C(C=C2)N(CCCl)CCCl)N=C1CCCC(=O)O,0,,C1CN2CCC1[C@@H](C2)NC3=C(C(=O)NC4=C3C=C(C=C4)Cl)C5=NC6=CC=CC=C6N5,0,,,,,C1=CC=C(C=C1)NN=NC2=CC=CC=C2,1,,,,,,
,,,,,,CC1=C2C(=CC(=C1C(=O)O)O)C(=O)C3=C(C2=O)C(=C(C(=C3O)O)[C@H]4[C@@H]([C@H]([C@@H]([C@H](O4)CO)O)O)O)O,1,,COC1=C(C(=C(C=C1)F)F)C(=O)C2=CN=C(N=C2N)NC3CCN(CC3)S(=O)(=O)C,0,,,,,CCCCCOC(=O)COC1=C(C=C(C(=C1)N2C(=O)C3=C(C2=O)CCCC3)F)Cl,1,,,,,,
,,,,,,C1CCC2=NC3=CC=CC=C3C(=C2C1)N,0,,C1CN(CCC1N2C3=C(C=N2)C(=NC(=N3)C4=CC5=C(C=C4)NC=C5)N6CCOCC6)CC7=CN=CC=C7,1,,,,,CN(C)CC(COC1=CC=CC=C1CCC2=CC(=CC=C2)OC)OC(=O)CCC(=O)O.Cl,0,,,,,,
,,,,,,C1=C(C=C(C(=C1Cl)N)Cl)Cl,0,,C1=CC(=CC(=C1)N)C2=CC3=C(N2)N=CN=C3OC4=CC=CC(=C4)O,1,,,,,CCC#N,0,,,,,,
,,,,,,CCC1(CCC(=O)NC1=O)C2=CC=C(C=C2)N,0,,CNC(=O)C1=C(C=CC=C1F)NC2=NC(=NC3=C2C=CN3)NC4=C(C=C5CCN(C5=C4)C(=O)CN(C)C)OC,1,,,,,C[C@@H]1CC[C@H](C(=O)C1)C(C)C,0,,,,,,
,,,,,,CCCCNCCCC,0,,CS(=O)(=O)N1CCC2=C(N=C(N=C21)N3CCOCC3)C4=CN=C(N=C4)N,0,,,,,COC1=C(C=C(C=C1)[N+](=O)[O-])N,0,,,,,,
,,,,,,COP(=S)(OC)OC1=CC(=C(C=C1Cl)Cl)Cl,1,,CC(C)N1C2=NC=NC(=C2C(=N1)C3=CC4=C(C=C3)OC(=N4)N)N,0,,,,,CCCCCCCCCCCC[N+](C)(C)C.[Cl-],1,,,,,,
,,,,,,CCOC(=O)CC(C)O,0,,CC(C)N(CCNC(=O)CN1CCCC1=O)C(C)C,0,,,,,CC(=O)[O-].[K+],0,,,,,,
,,,,,,C([C@@H](C(=O)O)N)OC(=O)C=[N+]=[N-],0,,CC1=C(C=CC(=C1)NC2=NC=NC3=C2C=C(C=C3)C4=CC=C(O4)CNCCS(=O)(=O)C)OC5=CC6=NC=NN6C=C5,1,,,,,CCCCCCCCS(=O)(=O)Cl,0,,,,,,
,,,,,,C1C=CCC2C1C(=O)OC2=O,0,,CC(C)C1=CC(=C(C=C1O)O)C(=O)N2CC3=C(C2)C=C(C=C3)CN4CCN(CC4)C,1,,,,,CN1C[C@H](C[C@H]2[C@H]1CC3=CN(C4=CC=CC2=C34)C)NS(=O)(=O)N(C)C,1,,,,,,
,,,,,,CCCN(CCC)C(=O)C(CCC(=O)OCCCN1CCN(CC1)CCOC(=O)CC2=C(N(C3=C2C=C(C=C3)OC)C(=O)C4=CC=C(C=C4)Cl)C)NC(=O)C5=CC=CC=C5,1,,C[C@@H](C(=O)N[C@H]1CN(CC[C@H]2CC[C@H](N2C1=O)C(=O)NC(C3=CC=CC=C3)C4=CC=CC=C4)C(=O)CC(C)C)NC,1,,,,,CC(=O)NC1=CC=C(C=C1)/C=N/NC(=S)N,0,,,,,,
,,,,,,C1=CC=C2C(=C1)C=NN=C2NN.Cl,1,,CC1=CC(=NO1)CN2CCN(CC2)C3=C4C(=NC=C3Br)N=C(N4)C5=CC=C(C=C5)N6CCN(CC6)C,1,,,,,C1=CC(=C(C=C1Cl)Cl)C(=O)CCl,1,,,,,,
,,,,,,C[C@@]1(C(=O)N2[C@H](C(=O)N3CCC[C@H]3[C@@]2(O1)O)CC4=CC=CC=C4)NC(=O)[C@H]5CN([C@@H]6CC7=CNC8=CC=CC(=C78)C6=C5)C.C[C@@]1(C(=O)N2[C@H](C(=O)N3CCC[C@H]3[C@@]2(O1)O)CC4=CC=CC=C4)NC(=O)[C@H]5CN([C@@H]6CC7=CNC8=CC=CC(=C78)C6=C5)C.[C@@H]([C@H](C(=O)O)O)(C(=O)O)O,1,,C1=CC(=C(C=C1Cl)Cl)C2=NC(=NC=C2N3C=CN=C3)NCCNC4=NC(=C(C=C4)[N+](=O)[O-])N,1,,,,,CC#C[C@@]1(CC[C@@H]2[C@@]1(CC[C@H]3[C@H]2C[C@@H](C4=CC(=O)CC[C@]34C)C)C)O,1,,,,,,
,,,,,,CC1=CN=C(C(=C1OC)C)CSC2=NC3=C(N2)C=C(C=C3)OC,1,,CC(C)C1=C(C=C(C(=C1)C2=NNC(=O)N2C3=CC4=C(C=C3)N(C=C4)C)O)O,1,,,,,C1=CC(=CC=C1N=NC2=C(NN(C2=O)C3=CC=C(C=C3)S(=O)(=O)[O-])C(=O)[O-])S(=O)(=O)[O-].[Na+].[Na+].[Na+],0,,,,,,
,,,,,,[K+].[I-],0,,C1COCCN1C2=NC(=NC3=C2OC4=C3C=CC=N4)C5=CC(=CC=C5)NC(=O)C6=CN=C(C=C6)N,1,,,,,CC(C)(C)C1=CC=C(C=C1)OP(=O)(OC2=CC=CC=C2)OC3=CC=CC=C3,1,,,,,,
,,,,,,C[Si](C)O[Si](C)C,0,,CCCCOC1=C(C=NC2=NNC=C12)C(=O)C3=C(C=C(C=C3F)C)F,0,,,,,C1CC2=CC=C(C3=CC=CC1=C23)[N+](=O)[O-],1,,,,,,
,,,,,,CCCOC1=C(C=C(C=C1)C(=O)OCCN(CC)CC)N.Cl,0,,CCN1C[C@@H](N2C3=C(C(=C2C1=O)O)C(=O)N(N=C3C(=O)NC)CC4=CC(=C(C=C4)F)Cl)C,0,,,,,C1=CC=C2C(=C1)C(=O)NS2(=O)=O,0,,,,,,
,,,,,,CC(C)(C)C1=CC=C(C=C1)C2=CC=C(C=C2)C(C)(C)C,0,,CC1=CC(=C(N=C1)C2=CC(=NC=C2Cl)N3CCN(CC3)C(=O)CCS(=O)(=O)C)C,0,,,,,CC1=C(C=CC(=C1)OCCOCC[N+](C)(C)CC2=CC=CC=C2)C(C)(C)CC(C)(C)C.[Cl-],0,,,,,,
,,,,,,CC(CCl)Cl,0,,C1COCCC1CNC(=O)C2=CN=C(N=C2C(F)(F)F)NC3=C(C=C(C=C3)Cl)Cl,0,,,,,CC(C)CC1=C(C(=NC(=C1C(=O)OC)C(F)F)C(F)(F)F)C2=NCCS2,1,,,,,,
,,,,,,CN(C(=O)NC1=CC(=C(C=C1)Cl)Cl)OC,1,,CC(C)(C)C1=NC(=C(S1)C2=NC(=NC=C2)N)C3=C(C(=CC=C3)NS(=O)(=O)C4=C(C=CC=C4F)F)F,1,,,,,CC(C)(C1=CC=CC=C1)C2=CC(=C(C=C2)O)C(C)(C)C3=CC=CC=C3,1,,,,,,
,,,,,,CC1=CC(=CC=C1)C(=O)O,0,,C1=CC(=CC(=C1)C(=O)N)C2=CC(=NC=N2)NC3=CC=C(C=C3)OC(F)(F)F,1,,,,,CCCCCCOCCOCCO,0,,,,,,
,,,,,,CCCCCCCCCCOC(=O)C,0,,CC1=C(C(C2=C(N1)CC(CC2=O)C3=CC=CC=C3OC)C4=CC(=CC=C4)O)C(=O)OCCOC,1,,,,,CCO[Si](CCCSSSSCCC[Si](OCC)(OCC)OCC)(OCC)OCC,0,,,,,,
,,,,,,C1=CC(=CN=C1)CCl.Cl,0,,C[C@H](C1=C(C=C(C=C1)F)CCCC(=O)O)N(C2=C(C=CC(=C2)F)F)S(=O)(=O)C3=CC=C(C=C3)Cl,1,,,,,C1=CC=C2C(=C1)C=C(N2CC(=O)O)C(=O)NC3=NC(=CS3)C4=CC=CC=C4Cl,1,,,,,,
,,,,,,CC(C(=O)O)Br,1,,CC(=O)N(C)C1=CC=CC(=C1)C2=CC=NC3=C(C=NN23)C(=O)C4=CC=CS4,1,,,,,C1=CC(=C(C=C1SC#N)[N+](=O)[O-])N,1,,,,,,
,,,,,,CC(C(C1=CC=CC=C1)O)N(C)CCOC(C2=CC=CC=C2)C3=CC=CC=C3,1,,CNC(=O)C1=CC=CC=C1NC2=NC(=NC=C2Cl)NC3=C(C=C(C=C3)N4CCOCC4)OC,1,,,,,C1CC1CN2C(=O)CN=C(C3=C2C=CC(=C3)Cl)C4=CC=CC=C4,1,,,,,,
,,,,,,C1CN(CCN1CCC(=O)N2C3=CC=CC=C3SC4=C2C=C(C=C4)C(F)(F)F)CCO,0,,CC1=C(C=C(C=C1)NC(=O)NC2=C(C=CC(=C2)C(F)(F)F)F)NC3=CC4=C(C=C3)/C(=C/C5=CC=CN5)/C(=O)N4,1,,,,,C1C(O1)COC2=CC=C(C=C2)C(C3=CC=C(C=C3)OCC4CO4)C(C5=CC=C(C=C5)OCC6CO6)C7=CC=C(C=C7)OCC8CO8,1,,,,,,
,,,,,,O.O.O.O.O.O.[Mg+2].[Cl-].[Cl-],0,,CCOC1=C(C(=C2C(=C1)CN(C2=N)CC(=O)C3=CC(=C(C(=C3)N4CCOCC4)OC)C(C)(C)C)F)OCC,1,,,,,CCCCCCCCCCOC1=C(C=C2C(=C1)C(=O)C(=CN2)C(=O)OCC)OCC,0,,,,,,
,,,,,,C12C(NC(=O)N1)NC(=O)N2,0,,C1CN(CCN1CCC(=O)C2=CC3=C(C=C2)NC(=O)O3)C(=O)OCC4=CC(=CC(=C4)Cl)Cl,1,,,,,CC1=CC=C(C=C1)OC(=O)C2=CC=CC=C2O,0,,,,,,
,,,,,,C1=CC(=C(C=C1N)C(=O)O)O,1,,C1=CC(=CC(=C1)Cl)NC2=NC=CC(=N2)C3=CC(=NC=C3)NCCCO,1,,,,,C1CS1,0,,,,,,
,,,,,,CCCCCCCCCCCCN1C=C[N+](=C1)C.C(F)(F)(F)S(=O)(=O)[O-],1,,CC1=CC(=C(C=C1SC2=CN=C(S2)NC(=O)C3=CC=C(C=C3)CNC(C)C(C)C)C(=O)N4CCN(CC4)C(=O)C)OC,1,,,,,CCNC(=O)/C=C/C1=CC(=CC=C1)Br,1,,,,,,
,,,,,,C1=C(C=C(C=C1C(=O)Cl)C(=O)Cl)C(=O)Cl,1,,COC1=C(C=C2C(=C1)C(=NC=N2)NC3=CC(=C(C(=C3)Br)O)Br)OC,0,,,,,C=C(CCC#N)C#N,0,,,,,,
,,,,,,C1=CC=C(C=C1)OP(=O)(O)O,0,,CC(C)C[C@@H](C(=O)N[C@@H](CC1=CC=C(C=C1)OCC2=CC=CC=C2)C(=O)NC(C)(C)C)N(C)CC3=CC=C(C=C3)C(C)(C)C,1,,,,,CCC1=NC=CC(=C1)C(=S)N,0,,,,,,
,,,,,,CC1=C(C=C(C=C1)C(=O)O)[N+](=O)[O-],0,,CC1=C2C=C(C=CC2=NN1)C3=CC(=CN=C3)OC[C@H](CC4=CNC5=CC=CC=C54)N,1,,,,,C1=CC=C(C=C1)CC=O,0,,,,,,
,,,,,,[O-]Cl=O.[Na+],0,,C1C[C@H](OC1)CNC2=C3C(=C(OC3=NC=N2)C4=CC=CC=C4)C5=CC=CC=C5,1,,,,,CC1=CC=C(O1)C(=O)O,0,,,,,,
,,,,,,CN(C)C1=CC=CC=C1,0,,C1=CC(=C(C(=C1)Cl)Cl)C2=NN=NN2CC3=CN=CC=C3,1,,,,,C1=CC=C(C=C1)C(CBr)Br,0,,,,,,
,,,,,,CC1=CN(C(=O)NC1=O)[C@H]2C[C@@H]([C@H](O2)CO)N=[N+]=[N-],1,,CCOC(=O)C1=C(NC2=C(C1C3=CC=C(C=C3)C4=CC=CC=C4)C(=O)CC(C2)(C)C)C,1,,,,,CC(CC1=CC=C(C=C1)OCC(=O)O)NCC(C2=CSC(=N2)C(F)(F)F)O,0,,,,,,
,,,,,,C1=CC=C(C=C1)CC=O,1,,CN1CCN(CC1)CC2=C(C=C(C=C2)NC(=O)NC3=CC=C(C=C3)OC4=NC=NC(=C4)NC(=O)C5CC5)C(F)(F)F,1,,,,,C1=CC=C(C=C1)OC2=CC=CC(=C2)CBr,1,,,,,,
,,,,,,CCCCC/C(=C\C1=CC=CC=C1)/CO,1,,CC1=C(C(=CC=C1)C)NC2=NN(C3=NC(=NC=C23)NC4=CC(=C(C=C4)OCCN5CCCC5)F)CCC(C)(C)OC,1,,,,,CC1C=C[C-]=C1.[C-]#[O+].[C-]#[O+].[C-]#[O+].[Mn],1,,,,,,
,,,,,,CC(C)(C)C(=O)C1C(=O)C2=CC=CC=C2C1=O,1,,CC(=O)NC[C@H]1CN(C(=O)O1)C2=CC(=C(C=C2)N3CCSCC3)F,0,,,,,COC(=O)NC1=NC2=C(N1)C=C(C=C2)C(=O)C3CC3,1,,,,,,
,,,,,,CN(C)C1=NC(=NC(=N1)N(C)C)N(C)C,0,,CN(C)CC[C@@](C1=CC=CC2=CC=CC=C21)([C@H](C3=CC=CC=C3)C4=C(N=C5C=CC(=CC5=C4)Br)OC)O,1,,,,,CN1C(=O)COC2=C(C=C(C=C21)Cl)C(=O)NC3CN4CCC3CC4,0,,,,,,
,,,,,,C1=CC(=C(C=C1[N+](=O)[O-])N)N,1,,C1=CC(=CC(=C1)C(=O)NCCO)C2=CC(=NC=N2)NC3=CC=C(C=C3)OC(F)(F)F,1,,,,,CCCCC(CC)C(=O)OCCOCCOCCOC(=O)C(CC)CCCC,0,,,,,,
,,,,,,CC1=C(C=C(C=C1)N)[N+](=O)[O-],1,,CCOC(=O)NC1=CC(=NN2C1=NN=C2C)C3=CC(=C(C=C3)C)NS(=O)(=O)C,1,,,,,CN(C1CCCCC1)C(=O)CCCOC2=CC3=C(C=C2)NC(=O)C=C3,1,,,,,,
,,,,,,C1CCC(CC1)NC(=O)CN2CCNCC2,0,,CC1=C(C(=NO1)C)C2=CC3=C(C=C2)N(C(=N3)CCC4=CC(=C(C=C4)OC)Cl)C[C@H](C)N5CCOCC5,1,,,,,CC/C=C\CCCCCO,0,,,,,,
,,,,,,CCCCCCCC/C=C/CCCCCCCC(=O)OCCOCC(C1C(CC(O1)OCCO)OCCO)OCCO,1,,CCCC1=C(C(=O)NC(=C1)C)CNC(=O)C2=C3C=NN(C3=CC(=C2)C4=CN=C(C=C4)N5CCN(CC5)C(C)C)C(C)C,1,,,,,C1=CC(=CC=C1CCC(=O)C2=C(C=C(C=C2O)O)O)O,1,,,,,,
,,,,,,C1=CC=C2C(=C1)N=C(S2)SCSC#N,1,,CCCC1=C(C(=O)NC(=C1)C)CNC(=O)C2=C3C=NN(C3=CC(=C2)C4=CC(=NC=C4)N5CCN(CC5)C)C(C)C,1,,,,,C1=CC=C(C=C1)N2C(=O)C(C(=O)N2C3=CC=CC=C3)CCS(=O)C4=CC=CC=C4,1,,,,,,
,,,,,,CCN(CC)C(=O)/C(=C/C1=CC(=C(C(=C1)O)O)[N+](=O)[O-])/C#N,1,,C[C@@H](C1=CC2=C(C(=CC=C2)Cl)C(=O)N1C3=CC=CC=C3)NC4=NC=NC5=C4NC=N5,1,,,,,CCC[N+]1(CCCC1)C.[Br-],0,,,,,,
,,,,,,C1=CC=C(C(=C1)S(=O)(=O)N)Cl,0,,CC1=C(C=CC(=C1F)S(=O)(=O)C)C(=O)N2CCOC3=C(C2)C=C(C=C3)C4=CN=C(C=C4)N,1,,,,,CCN1C=C(C(=O)C2=CN=C(N=C21)N3CCNCC3)C(=O)O,0,,,,,,
,,,,,,CCOC(=S)[S-].[K+],1,,CCOC(=O)CCNC1=CC(=NC(=N1)C2=CN=CC=C2)N3CCC4=CC=CC=C4CC3,1,,,,,C1=CC=C(C(=C1)C(C2=CC=C(C=C2)O)C3=CC=C(C=C3)O)C(=O)O,0,,,,,,
,,,,,,CC1=C(C=C(C=C1)N)N,1,,COC1=C(C=CC(=C1)N2CCC(CC2)N)NC3=NC=C(C(=N3)C4=CNC5=CC=CC=C54)Cl,1,,,,,CC1=C2C=CC=NC2=C(C=C1)O,1,,,,,,
,,,,,,CC(=O)C(=O)[O-].[Na+],0,,CCN1CCN(CC1)CC2=CN=C(C=C2)NC3=NC=C(C(=N3)C4=CC5=C(C(=C4)F)N=C(N5C(C)C)C)F,1,,,,,C1=CC=C(C=C1)C2=NC3=CC=CC=C3N2,1,,,,,,
,,,,,,C1=CC(=CC=C1CC2=CC=C(C=C2)N)N,0,,CCNC1(CCN(CC1)C2=NC=NC3=C2N=C(N3C4=CC=C(C=C4)Cl)C5=CC=CC=C5Cl)C(=O)N,0,,,,,CCCCCCCCSCC,0,,,,,,
,,,,,,CCC(C)(C)CC,0,,CC1=CC(=C(C=C1C2CCNCC2)OC(C)C)NC3=NC=C(C(=N3)NC4=CC=CC=C4S(=O)(=O)C(C)C)Cl,1,,,,,CC(CC1=CC=CC=C1)NCCN2C=NC3=C2C(=O)N(C(=O)N3C)C.Cl,0,,,,,,
,,,,,,C1=CC=C(C=C1)S,1,,CC1=CC(=C(C(=O)N1)CNC(=O)C2=C3C=NN(C3=CC(=C2)C4=CC=C(C=C4)CN5CCOCC5)C6CCCC6)C,1,,,,,CCOC(=O)CC(=O)OCC,0,,,,,,
,,,,,,CN(C)C1=CC=C(C=C1)CC2=CC=C(C=C2)N(C)C,1,,CC1=C(C=C(C=C1)C(=O)NC2=CC(=C(C=C2)CN3CCN(CC3)C)C(F)(F)F)C#CC4=CC5=C(NN=C5)N=C4,1,,,,,CCN(CC)CCNC(=O)C1=CC(=C(C=C1OC)N)Cl,0,,,,,,
,,,,,,C1=CC(=CC(=C1)Cl)CCl,0,,CCOC1=CC=CC=C1N2C(=O)C3=CC=CC=C3N=C2C(C)N4CCN(CC4)C(=O)COC5=CC=C(C=C5)Cl,1,,,,,C[C@]12CCC(=O)C=C1CC[C@@H]3[C@@H]2[C@H](C[C@]4([C@H]3CC[C@@H]4C(=O)CO)C)O,1,,,,,,
,,,,,,COP(=O)(OC)OC,1,,C1=CC=NC(=C1)C#CCCC2=CN3C=C(C=CC3=N2)F,1,,,,,C1=CC=C(C=C1)[Bi](C2=CC=CC=C2)C3=CC=CC=C3,1,,,,,,
,,,,,,COC1=C(C=CC(=C1)C2=CC(=C(C=C2)N=C=O)OC)N=C=O,0,,CCC(CC)N1C=CC2=C(C=C(C=C21)C#N)C(=O)NCC3=C(C=C(NC3=O)C)C,1,,,,,CC(C)NCCCC1(C2=CC=CC=C2C3=CC=CC=C31)C(=O)N,1,,,,,,
,,,,,,CC(C)NCC(COC1=CC=CC2=CC=CC=C21)O.Cl,0,,COC(=O)C1=CC2=C(C=C1)N(C(=N2)NC(=O)C3=CC=CC=C3)CCCC4=CC=CC=C4,0,,,,,CC(C)NCC(COC1=CC=C(C=C1)CC(=O)N)O,0,,,,,,
,,,,,,CC1=C(C=CC=C1C2=CC=CC=C2)COC(=O)[C@@H]3[C@@H](C3(C)C)/C=C(/C(F)(F)F)\Cl,1,,CCN1CCN(CC1)CC2=C(C=C(C=C2)NC(=O)NC3=CC=C(C=C3)OC4=NC=NC(=C4)NC)C(F)(F)F,1,,,,,C[C@@H]1CN(C[C@@H](N1C2=NC(=NC=C2)[C@@H](C)O)C)C3=NC(=NC(=N3)C)C,0,,,,,,
,,,,,,CC(C)(C)C1=CSC(=N1)C2=CC3=C(O2)C=CC(=C3)OCC4=CC=CC=C4CC(=O)O,1,,COC1=NC(=NC=C1C2=CC3=NC=C(C(=C3C=C2)NC4=CC(=CC(=C4)C(=O)O)OC5=CC(=CC(=C5)F)F)S(=O)(=O)NC6CC6)OC,1,,,,,CCNC1=CC=CC=C1,0,,,,,,
,,,,,,CN1C(S(=O)(=O)CCC1=O)C2=CC=C(C=C2)Cl,0,,CC1=CC(=CC(=C1OCCO)C)C2=NC3=C(C(=CC(=C3)OC)OC)C(=O)N2,1,,,,,CC[C@@H](C1=CC=CC=C1)NC(=O)C2=C(C=CC(=C2)F)[N-]S(=O)(=O)C3=CC=CC4=C3N=CC=C4.[Na+],1,,,,,,
,,,,,,CC1=CC=C(C=C1)S(=O)(=O)C(I)I,1,,C1CCN(CC1)C2=CC=CC=C2NS(=O)(=O)C3=CC=C(S3)Cl,1,,,,,CCOC(=O)NC(C(Cl)(Cl)Cl)O,0,,,,,,
,,,,,,CC1=NC=C(C(=C1O)CO)CSSCC2=CN=C(C(=C2CO)O)C.Cl.Cl,1,,C1CNCCC1N[C@@H]2C[C@H]2C3=CC=CC=C3,0,,,,,C(C(=O)O)F,0,,,,,,
,,,,,,CC(CCCCN1C(=O)C2=C(N=CN2C)N(C1=O)C)O,0,,C1=CC=C2C(=C1)C(=CC(=N2)NC(=O)C3=CC(=CC(=N3)C(=O)NC4=NC5=CC=CC=C5C(=C4)OCCN)OCCN)OCCN,0,,,,,C(C(CCl)Cl)Cl,0,,,,,,
,,,,,,CC1=NC2=C(N1)C=C(C=C2)Cl,0,,CN(C)C1=CC=C(C=C1)C2O[C@H](C[C@@H](O2)C3=CC=CC=C3)C4=CC=CC=C4,1,,,,,CC/C=C\CCOC(=O)C,0,,,,,,
,,,,,,CC(C)CCOCC(CN1CCOCC1)OC(=O)C2=CC(=C(C(=C2)OC)OC)OC,1,,CC(C)NC(=O)C1=NC=C(C=C1)C#CC2=CC=NC=C2,1,,,,,C[C@@H]1[C@@H]2[C@H](C(=O)N2C(=C1S[C@H]3C[C@H](NC3)CNS(=O)(=O)N)C(=O)O)[C@@H](C)O,1,,,,,,
,,,,,,COC1=CC(=C(C=C1C(=O)NC2CN3CCC2CC3)Cl)N.Cl,0,,C#CCNCC1=CC2=C(N1)C=CC(=C2)OCC3=CC=CC=C3,1,,,,,C[C@@]12CC[C@H]3[C@]([C@@]14[C@H](O4)C(=O)O[C@H]2C5=COC=C5)(C(=O)C[C@@H]6[C@@]37COC(=O)C[C@@H]7OC6(C)C)C,0,,,,,,
,,,,,,CC(C)(C)CC(C)(C)C1=CC(=C(C=C1)O)N2N=C3C=CC=CC3=N2,1,,CC1=C(C2=CC=CC=C2N1)CC(=O)N[C@@H](CC3=CC=CC=C3)C(=O)N(C)C4=CC=CC=C4,1,,,,,C1CN(CCN1CCC2=CC(=O)N(C3=C2C=CC(=C3)F)CC(=O)N)C4=NC=CC5=C4C=CS5,0,,,,,,
,,,,,,C1=CC=C(C=C1)N=NC2=C(C=CC3=CC=CC=C32)O,1,,CN(C)[C@@H]1CCC2=C(C1)C3=C(N2)C=CC(=C3)NC(=O)C4=CC=C(C=C4)F,0,,,,,CC(C)C1CCC(C1(CN2C=NC=N2)O)CC3=CC=C(C=C3)Cl,1,,,,,,
,,,,,,C1=C(C=C(C=C1Cl)Cl)C(=O)Cl,0,,C1=CC=C2C(=C1)C=CC(=C2Br)OCC(=O)NC3=CN=CC=C3,1,,,,,C1=C(C=C(C(=C1Br)O)Br)Br,1,,,,,,
,,,,,,C1CC(=O)OC(=O)C1,1,,CCCCC1CCN(CC1)CCCN2C(=O)CCC3=CC=CC=C32,0,,,,,C1=CC(=C(C=C1Cl)CC2=C(C=CC(=C2)Cl)O)O,1,,,,,,
,,,,,,CN1C2=C(C(=O)N(C1=O)C)N(C=N2)CCO,0,,CC(C)(C)C1CCN(CC1)C(=O)N2N=CC(=N2)C(C3=CC=CC=C3)(C4=CC=CC=C4)O,0,,,,,CCCCOC(=O)C1=CC=C(C=C1)N,1,,,,,,
,,,,,,CCCCC(CC)COC(=O)CC#N,1,,CC1(COC1)NC(=O)C2=NC=C(C=C2)C#CC3=CC(=CC=C3)F,0,,,,,CC1=CC(=C(C(=C1)C)C)C,0,,,,,,
,,,,,,CCC(C)C1=C(C(=CC(=C1)[N+](=O)[O-])[N+](=O)[O-])O,0,,C1CN(CCC12C3=CC=CC=C3CO2)CCCCC4=CN(C5=CC=CC=C54)C6=CC=C(C=C6)F,1,,,,,CC(C)C1=C(C=C2C(=C1)CC[C@@H]3[C@@]2(CCC[C@@]3(C)C(=O)[O-])C)S(=O)(=O)O.[Na+],0,,,,,,
,,,,,,CC1=CC(=CC2=C1NC(=O)CC2(C)C)CCN3CCN(CC3)C4=NSC5=CC=CC=C54.CS(=O)(=O)O,1,,CC1=CC(=C2C(=C1)C(=CC(=N2)C3=CC=CC=N3)C(=O)NC4=CC=C(C=C4)S(=O)(=O)NC5=C(C(=NO5)C)C)C,1,,,,,CC(=O)[O-].CC(=O)[O-].O.O.[Cd+2],1,,,,,,
,,,,,,CC(C1=CC=C(S1)C(=O)C2=CC=CC=C2)C(=O)O,1,,C1COCCN1CC2=CC=C(C=C2)NC(=O)C3=CC=C(O3)C4=CC(=CC=C4)Cl,1,,,,,CN1C=C(C2=CC=CC=C21)C3=C(C(=O)NC3=O)C4=CN(C5=CC=CC=C54)C6CCN(CC6)CC7=CC=CC=N7,0,,,,,,
,,,,,,C(/C=C\CCl)Cl,0,,CN1CCN(CC1)C(=O)CN[C@@H]2C[C@H]2C3=CC=C(C=C3)OCC4=CC=CC=C4,1,,,,,CN(C)C1=CC=C(C=C1)C(=N)C2=CC=C(C=C2)N(C)C.Cl,1,,,,,,
,,,,,,CC(C)COC(=O)COC1=C(C=C(C=C1)Cl)Cl,1,,CCS(=O)(=O)N(CC1=CN=CC=C1)C2=CC=CC(=C2)C3=CC=C(C=C3)C#N,1,,,,,CC1=CC(=C(C=C1)C(C)C)O,0,,,,,,
,,,,,,C1CCC(CC1)N,0,,C1C(C(=O)N(C2=CC=CC=C21)C[C@H](CO)O)NC(=O)C3=CC4=C(N3)SC(=C4)Cl,1,,,,,C1=CC=C(C=C1)P(O)O,0,,,,,,
,,,,,,C[N+]1([C@@H]2CC[C@H]1CC(C2)OC(=O)C(CO)C3=CC=CC=C3)C.[N+](=O)([O-])[O-],0,,C1CN(CCC1NC(=O)COC2=CC=C(C=C2)C(=O)C3=CC=CC=C3)CC4=CC=CC=C4,0,,,,,C1=CC(=C(C=C1[N+](=O)[O-])[N+](=O)[O-])Cl,1,,,,,,
,,,,,,COC1=CC(=C(C=C1)C(=O)C2=CC=CC=C2)O,1,,C1CC2=C(C=CC(=C2)O)N(C1)C3=NC(=NC=C3)NC4=CC=C(C=C4)S(=O)(=O)NCC5CC5,1,,,,,CCCCCCCCCCCC[N+](C)(C)CC1=CC=CC=C1.[Br-],0,,,,,,
,,,,,,COP(=O)(OC)SCN1C2=C(C=C(C=N2)Cl)OC1=O,1,,CCCC(CCC)C(=O)NCC1=CC2=C(C=C1)N(N=C2)C3=CC=CC=C3OC,1,,,,,CCOC(=O)CC(C)C,0,,,,,,
,,,,,,CC(C)C1=CC(=CC(=C1)C(C)C)C(C)C,0,,C1CN(CC=C1C(=O)NC2=CC=C(C=C2)S(=O)(=O)C(F)(F)F)C3=C(C=CC=N3)C(F)(F)F,0,,,,,CC(=C[C@@H]1[C@H](C1(C)C)C(=O)OCC2=COC(=C2)CC3=CC=CC=C3)C,1,,,,,,
,,,,,,C[C@@H](NCC(CN[C@@H](/C(=N/O)/C)C)(C)C)/C(=N/O)/C,0,,C1CCN(CC1)C2CCN(CC2)CC3=C(C4=C(C=C(C=C4)Br)N=C3C5=CC(=CC=C5)C(F)(F)F)C(=O)NC6(CC6)C7=CC=CC=C7,1,,,,,C1CN(CC=C1C2=CC=CC=C2)CCCCC3=CNC4=C3C=C(C=C4)C(=O)O,0,,,,,,
,,,,,,C([C@@H]1[C@H]([C@@H]([C@H]([C@H](O1)O[C@]2([C@H]([C@@H]([C@H](O2)CO)O)O)CO)O)O)O)O,0,,C1CN(CCN1CC(=O)NC2=CC=CC3=C2CNC3=O)C(=O)[C@H]4[C@@H]([C@@H]([C@H](O4)N5C=NC6=C(N=CN=C65)N)O)O,0,,,,,CC(C)CCOCC(=O)OCC=C,0,,,,,,
,,,,,,C1COCC(=O)N1C2=CC=C(C=C2)N3CC(OC3=O)CNC(=O)C4=CC=C(S4)Cl,1,,C1COCCN1C(=O)C2=CN(C=C2C3=CC=CC4=CC=CC=C43)CC5=CN=CN5CC6=CC=C(C=C6)Br,1,,,,,CCCCOC1=CC=C(C=C1)OCCCN2CCOCC2.Cl,1,,,,,,
,,,,,,C1CNC(=S)N1,0,,CCOC(=O)NC1=C(C=C(C=C1)NCC2=C(C=C(C=C2C)C)C)N,1,,,,,COCCCCCCCCOCCC[Si](C)(O[Si](C)(C)C)O[Si](C)(C)C,1,,,,,,
,,,,,,C1=C(C=C(C(=C1NC(=O)C(=O)O)Cl)NC(=O)C(=O)O)C#N,0,,CC[C@@H](C1=CC=CC=C1)NC(=O)C2=C(C(=NC3=CC=CC=C32)C4=CC=CC=C4)O,1,,,,,C1=CC(=C[N+](=C1)[O-])CO,0,,,,,,
,,,,,,CCOC1=CC=CC=C1OCCN[C@H](C)CC2=CC(=C(C=C2)OC)S(=O)(=O)N.Cl,0,,C1CO[C@H](C2=CC=CC=C21)CCN3CCN(CC3)C4=CC=C(C=C4)S(=O)(=O)N,0,,,,,CC/C(=C(/CC)\C1=CC=C(C=C1)O)/C2=CC=C(C=C2)O,1,,,,,,
,,,,,,CCCCOC(=O)CCCCCCCCC(=O)OCCCC,1,,C[C@H](C1=CC(=CC(=C1)C(F)(F)F)C(F)(F)F)O[C@@H]2[C@@H](N(CCO2)CC3=NNN=C3CN(C)C)C4=CC=C(C=C4)F,1,,,,,CCCC[N+]1=CC=C(C=C1)C.[Cl-],1,,,,,,
,,,,,,CN(C)C(=O)C=C,0,,C1CN(CCC12C(=O)NCN2C3=CC(=CC=C3)F)CCNC(=O)C4=CC5=CC=CC=C5C=C4,1,,,,,CC(=O)OC1CCCCC1C(C)(C)C,0,,,,,,
,,,,,,C1=CC2=C(C=C1O)C(=CN2)C[C@@H](C(=O)O)N,1,,C1CN2C(=NN=C2C(F)(F)F)CN1C(=O)C[C@@H](CC3=C4C=CC(=C(C4=NN3)F)F)N,0,,,,,CCN(CC)C(=O)SCC1=CC=C(C=C1)Cl,1,,,,,,
,,,,,,CCCCN1C=C[N+](=C1)C.C(F)(F)(F)S(=O)(=O)[N-]S(=O)(=O)C(F)(F)F,1,,CC1CCN(CC1)C(C2=CC=C(C=C2)F)C3=C(C=C(C=C3)C(C)C(=O)O)C4=CC=C(C=C4)C(F)(F)F,1,,,,,C1=CC=C(C=C1)OC(=O)C2=CC(=CC=C2)C(=O)OC3=CC=CC=C3,1,,,,,,
,,,,,,CC(=O)C1=CC(=CC=C1)[N+](=O)[O-],0,,CCCC(=O)C1(CCN(CC1)C(=O)[C@@H](CC2=CC=C(C=C2)OC)NC(=O)[C@H](CC3=CN=CN3C)N)C4=CC=CC=C4,1,,,,,C1CC(=O)OC2=CC=CC=C21,0,,,,,,
,,,,,,C(CCl)NCCCl.Cl,0,,C1=CC=C(C=C1)C2=NN(C(=C2)NC(=O)C3=CC=CC(=C3)C#N)C4=CC=CC=C4,1,,,,,CN(C)C1=CC=C(C=C1)C(C2=CC=CC=C2)C3=CC=C(C=C3)N(C)C,1,,,,,,
,,,,,,CCCCC(CC)COC(=O)C1=CC=C(C=C1)N(C)C,1,,C1CN(CCC1N2C3=CC=CC=C3NC2=O)CCNC(=O)C4=CC5=C(N4)C=CC(=C5)F,0,,,,,CN(C)CCCN1C2=CC=CC=C2SC3=C1C=C(C=C3)Cl,0,,,,,,
,,,,,,COC1=CC(=CC(=C1OC)OC)CCN.Cl,0,,CN(CCCOC1=NSC(=N1)C2=CC=CC=C2)CCC3=CC(=C(C=C3)OC)OC,1,,,,,CC(C)NC1=NC(=NC(=N1)Cl)NC(C)C,1,,,,,,
,,,,,,CC(=CCC/C(=C\CO)/C)C,1,,C1=CC(=NC(=C1)NS(=O)(=O)C2=CC=C(C=C2)C3=CC=C(C=C3)C#N)N,1,,,,,CC[N+](CC)(CC1=CC=CC=C1)CC(=O)NC2=C(C=CC=C2C)C.C1=CC=C(C=C1)C(=O)[O-],0,,,,,,
,,,,,,CCC(C)(C)C1=CC=C(C=C1)CC(C)CN2C[C@H](O[C@H](C2)C)C,1,,C1CN(C[C@@H]1NC(=O)CNC(=O)C2=CC(=CC=C2)C(F)(F)F)CC3=CC=C(C=C3)Cl,1,,,,,CCCCC(CC)CCC(CC(C)C)OS(=O)(=O)[O-].[Na+],0,,,,,,
,,,,,,C12C(C(=O)OC1=O)C3(C(=C(C2(C3(Cl)Cl)Cl)Cl)Cl)Cl,0,,C1=CC(=CC(=C1)Cl)CNCCC2=CC=C(C=C2)N=C(C3=CC=CS3)N,1,,,,,CC1=CC(=CC=C1)N=NC2=CC=C(C=C2)N(C)C,1,,,,,,
,,,,,,C1CN2C(=O)[C@@H](N=C(C3=CC(=CC1=C32)N)C4=CC=CC=C4)NC(=O)C5=CN=CC=C5,1,,CN(C)C(=O)NC1(CCN(CC1)CCC[C@@]2(CCCN(C2)C(=O)C3=CC=CC=C3)C4=CC(=C(C=C4)Cl)Cl)C5=CC=CC=C5,1,,,,,C/C=C/C1=CC(=C(C=C1)O)OC,0,,,,,,
,,,,,,CCOP(=O)(N=C1SCCS1)OCC,0,,C1CC2CN(CCN2C1)C3=CC4=C(C=C3)C=CN4S(=O)(=O)C5=CC=CC6=CC=CC=C65,1,,,,,CCCCCCCCCCCCCCCCN(C)C,0,,,,,,
,,,,,,CCC1CCCCC1,0,,C1COCCN1CCCNC(=O)C2=C3N=C(C=C(N3N=C2)C4=CC=CC=C4)C5=CC=CC=C5,1,,,,,CC1=CC(=C(C=C1)O)N=NC2=CC=C(C=C2)NC(=O)C,1,,,,,,
,,,,,,CC1=CC(=C(C=C1)C)O,0,,C1CN(CCN1CC2=CN=C(N2)C3=CC=CC=C3)C4=NC=CC=N4,0,,,,,CC1CCN(CC1)CCCC(=O)C2=CC=C(C=C2)F,0,,,,,,
,,,,,,CCCCCOC(=O)CCCC,0,,CCN(CC)C(=O)C1=CC=C(C=C1)NC2=NC3=C(C(=N2)OCC4CCCCC4)NC=N3,1,,,,,COC(=O)C1=C(C=CC(=C1)Cl)[N+](=O)[O-],0,,,,,,
,,,,,,C1[C@H](S/C(=C(\C#N)/N2C=CN=C2)/S1)C3=C(C=C(C=C3)Cl)Cl,1,,CC(CN1CCOC2=C(N(N=C2C1=O)C3=CC=CC=C3Cl)C4=CC=C(C=C4)Cl)(F)F,1,,,,,CC(C)C1=C(C(=CC=C1)C(C)C)O,1,,,,,,
,,,,,,CCCSSCC=C,0,,C1CN(CCN1CC2=CC=CC=C2)S(=O)(=O)C3=C(C=C(C=C3)Cl)[N+](=O)[O-],1,,,,,CN1C(NC2=CC(=C(C=C2S1(=O)=O)S(=O)(=O)N)Cl)CSCC(F)(F)F,1,,,,,,
,,,,,,C1=CC=C2C(=C1)C=CO2,1,,C1=CC(=CC(=C1)[N+](=O)[O-])N2C3=C(C=CC=N3)C(=O)N(C2=O)CC4=CC=NC=C4,1,,,,,CCN(CC)C(=O)C(C)OC1=CC=CC2=CC=CC=C21,1,,,,,,
,,,,,,CC1CCCCC1NC(=O)NC2=CC=CC=C2,1,,CC(C)N(CCCCOCC(=O)NS(=O)(=O)C)C1=CN=C(C(=N1)C2=CC=CC=C2)C3=CC=CC=C3,1,,,,,C([C@H]([C@H]([C@H](C=O)O)O)O)O,0,,,,,,
,,,,,,CC[C@@H]1[C@@]([C@@H]([C@H](C(=O)[C@@H](C[C@@]([C@@H]([C@H]([C@@H]([C@H](C(=O)O1)C)O[C@H]2C[C@@]([C@H]([C@@H](O2)C)O)(C)OC)C)O[C@H]3[C@@H]([C@H](C[C@H](O3)C)N(C)C)O)(C)O)C)C)O)(C)O,0,,C1CN(CCN1)CC(CN2C3=C(C=C(C=C3)Br)C4=C2C=CC(=C4)Br)F,1,,,,,CNC[C@@H](C1=CC(=CC=C1)O)O.Cl,0,,,,,,
,,,,,,CC(=O)CCC(=O)C,0,,CC1=C(N=CN1)C2CCN(CC2)C3=NC4=CC=CC5=C4N3CCC5=O,1,,,,,C1=CC=C(C=C1)CN,0,,,,,,
,,,,,,C1[C@@H]([C@H]([C@@H]([C@H]([C@@H]1N)O[C@@H]2[C@@H]([C@H]([C@@H]([C@H](O2)CO)O)N)O)O)O[C@@H]3[C@@H]([C@H]([C@@H]([C@H](O3)CN)O)O)N)N.OS(=O)(=O)O,0,,C1CC(CCC1NC2=NC(=NC3=C2C=CN3)C4=CC=CC=C4)O,1,,,,,CCN(CC)CCOCCOC(=O)C1(CCCC1)C2=CC=CC=C2,1,,,,,,
,,,,,,C1=COC=C1,0,,C1CCC(CC1)N2C=NC(=C2C3=NC(=NC=C3)N)C4=CC=C(C=C4)F,1,,,,,C1C2=CC=CC=C2C3=C1C=C(C=C3)[N+](=O)[O-],1,,,,,,
,,,,,,CCNC1=C(C=CC(=C1)O)C,1,,COC1=CC=CC=C1CN[C@H]2CCCN[C@H]2C3=CC=CC=C3,0,,,,,COC(=O)[C@]12CC3=C(C1=NN(CO2)C(=O)N(C4=CC=C(C=C4)OC(F)(F)F)C(=O)OC)C=CC(=C3)Cl,1,,,,,,
,,,,,,C(=O)(C(C(C(C(C(C(C(F)(F)F)(F)F)(F)F)(F)F)(F)F)(F)F)(F)F)O,1,,CN1CC[C@H](C1)OC2=C(C=CC(=C2)NS(=O)(=O)C3=C(C=C(C(=C3)OC)OC)Br)Cl,1,,,,,C1=CC=C(C(=C1)C(=O)C2=C(C=CC(=C2)Cl)N)F,1,,,,,,
,,,,,,CCCC(CCC)C(=O)O,0,,C1=CC=C(C=C1)C2=NN(C(=C2)NC(=O)C3=CC=C(C=C3)[N+](=O)[O-])C4=CC=CC=C4F,1,,,,,CC1=C(C=NO1)C(=O)NC2=CC=C(C=C2)C(F)(F)F,1,,,,,,
,,,,,,C[Si](C)(C=C)Cl,0,,COC1=C(C=C2C(=C1)C(=NC=N2)NC3=CC=C(C=C3)OC4=CC=CC=C4)OC,1,,,,,CC1=C(C(=C(C(=C1[N+](=O)[O-])C(C)(C)C)[N+](=O)[O-])C)C(=O)C,1,,,,,,
,,,,,,C1=CC=C(C(=C1)C(=O)NCC(=O)O)I,0,,C1CC[C@H]2[C@@H](C1)C3=C(O2)CCC4=C3N=C(N=C4N5CCNCC5)N,0,,,,,C([C@H]([C@H]([C@@H]([C@H](CO)O)O)O)O)O,0,,,,,,
,,,,,,CC1=CC(=NO1)N,0,,CN(C(=O)[C@@H]([C@H](CC1=CC=CC=C1)NC(=O)C2=CC3=C(N2)C=CC(=C3)Cl)O)OC,1,,,,,C(=N)(N)N[N+](=O)[O-],0,,,,,,
,,,,,,C(C(CBr)Br)OP(=O)(OCC(CBr)Br)OCC(CBr)Br,1,,CN(C)C1=NC(=NC2=CC=CC=C21)NC3CCC(CC3)NCCC4=C(C=C(C=C4)Br)OC(F)(F)F,1,,,,,C1COCCN1CCCN,0,,,,,,
,,,,,,C1C=CC=C1,0,,CCC(COC)N1C2=C(C(=NC(=C2)C)NC3=C(C=C(C=C3)OC)C)N=N1,1,,,,,CC1=CC(=CC=C1)[N+](=O)[O-],0,,,,,,
,,,,,,CC1=C(C(=O)N(N1C)C2=CC=CC=C2)N(C)C,0,,C1CC(C1)N([C@@H]2CC3=C(C=CC(=C3OC2)F)C(=O)N)C4CCC4,1,,,,,CCOC1=C(C=CC(=C1)OC2=C(C=C(C=C2)C(F)(F)F)Cl)[N+](=O)[O-],1,,,,,,
,,,,,,CN1C=NC2=C1C(=O)N(C(=O)N2C)C,0,,CN(C)CCC1=C(NC2=C1C=C(C=C2)OC)C3=CC=CC=C3,1,,,,,C1=C(N=C(NC1=O)N)N,0,,,,,,
,,,,,,CCCCSCCCC,1,,CC1(C2=C(C=C(C=C2)C(=O)NC3=CC=C(C=C3)C(=O)O)C(C1=O)(C)C)C,0,,,,,C[C@]12CC[C@H]3C(=CCC4=C3C=CC(=C4)O)[C@@H]1CCC2=O,1,,,,,,
,,,,,,CCCCCCCCCCCCCCCCC(C(=O)O)C(CC(=O)O)(C(=O)O)O,0,,COC(=O)[C@H](CC1=CC=C(C=C1)[N+](=O)[O-])NC(=O)C2=CC=CC3=CC=CC=C32,1,,,,,CCCCCCCCCCCCCC(=O)OC(C)C,0,,,,,,
,,,,,,C1=CC(=C(C=C1Cl)Cl)Cl,1,,CN(C)CC(=O)NC1=CC2=C(C=C1)NC(=O)C3=CC=CC=C32,0,,,,,C1=CC(=C(C=C1N)N)O.Cl.Cl,0,,,,,,
,,,,,,C[C@H](/C=C/[C@H](C)C(C)C)[C@H]1CC[C@@H]\2[C@@]1(CCC/C2=C\C=C\3/C[C@H](CCC3=C)O)C,1,,CN(CC1=CC(=CC=C1)C2=CC=NC=C2)C(=O)OC3=CC=C(C=C3)C4=CC=C(C=C4)C(=O)N,1,,,,,CC1=CC(=O)N(N1C)C2=CC=CC=C2,0,,,,,,
,,,,,,C1=CC=C2C(=C1)C3=C(N2)C=NC=C3,1,,CCCCCOC1=CC2=C(C=C1C3=C(C=CC(=C3)/C=C/C(=O)O)O)C(CCC2(C)C)(C)C,1,,,,,CCCOC1=NN(C(=O)N1C)C(=O)[N-]S(=O)(=O)C2=CC=CC=C2C(=O)OC.[Na+],0,,,,,,
,,,,,,C(C(CO)([N+](=O)[O-])Br)O,1,,CN1C=C(C2=CC(=C(C=C21)Cl)C(=O)N3CCC(CC3)CC4=CC=C(C=C4)F)C(=O)C(=O)N(C)C,1,,,,,CCCCCCCCOC1=CC(=C(C=C1)C(=O)C2=CC=CC=C2)O,0,,,,,,
,,,,,,C[C@]12CCC(=O)C=C1CC[C@@H]3[C@@H]2[C@H](C[C@]4([C@H]3CC[C@@H]4C(=O)CO)C)O,1,,C1=CC=C(C=C1)C(=O)COC2=CC=CC3=C2C=CNC3=O,1,,,,,CCCCCCCOC(=O)CCC,0,,,,,,
,,,,,,CCN(CC1=CN=CC=C1)C(=O)C2=C(C(=CC=C2)Cl)[C@]3(C4=C(C=CC(=C4)Cl)N(C3=O)CC5=C(C=C(C=C5)OC)OC)C.Cl,1,,CS(=O)(=O)NCC1CCC(CC1)NC2=NC3=C(S2)CCSC4=CC=CC=C43,1,,,,,CC(C)[C@H](C(=O)OC(C#N)C1=CC(=CC=C1)OC2=CC=CC=C2)NC3=C(C=C(C=C3)C(F)(F)F)Cl,1,,,,,,
,,,,,,CC[C@@]1(C[C@H]2C[C@@](C3=C(CCN(C2)C1)C4=CC=CC=C4N3)(C5=C(C=C6C(=C5)[C@]78CCN9[C@H]7[C@@](C=CC9)([C@H]([C@@]([C@@H]8N6C)(C(=O)OC)O)OC(=O)C)CC)OC)C(=O)OC)O.OS(=O)(=O)O,0,,CC(C)(C)[C@@H](C(=O)N1CCC2=CC(=C(C=C2C1)OC)OC)NCC3=CC=NC=C3,1,,,,,C1=CC(=CC2=NC3=C(C=CC(=C3)N)C=C21)N.Cl,1,,,,,,
,,,,,,C1COS(=O)(=O)O1,0,,CCOC1=C(C=C(C=C1)C2=NC(=NO2)C3=C4CCC(C4=CC=C3)NCCO)OCC,0,,,,,COC1=CC(=C(C=C1)C(=O)C2=CC=CC=C2O)O,1,,,,,,
,,,,,,CC1=CC2=C(C=C1)N3CCNC4C3=C2CCC4.CS(=O)(=O)O,0,,CC[C@H](CO)NC1=NC(=C2C(=N1)N(C=N2)C(C)C)NC3=CC=CC(=C3)C4=CC=CC=N4,1,,,,,CC1=C(C=CC(=C1)OC)NC2=CC=CC=C2,0,,,,,,
,,,,,,C1=NC(=C2C(=N1)N(C=N2)[C@H]3[C@@H]([C@@H]([C@H](O3)CO)O)O)N,0,,C[C@@H](CN1CCC(CC1)N2C3=C(C=C(C=C3)Cl)NC2=O)NC(=O)C4=CC5=CC=CC=C5C=C4,1,,,,,C1=CC=C(C=C1)O,0,,,,,,
,,,,,,C1=CC(=NC(=C1Cl)C(=O)O)Cl.C(CO)N,0,,COC1=C(C=CC(=C1)NC2=CC=CC=C2)NS(=O)(=O)C3=C(SC=C3)C(=O)OC,1,,,,,CS(=O)(=O)C1=CC=C(C=C1)[C@H]([C@@H](CF)NC(=O)C(Cl)Cl)O,0,,,,,,
,,,,,,CCCCC1CCCCC(=O)O1,0,,CC1=CN(C(=O)N(C1=O)CC2=C(SC=C2)C(=O)O)C[C@@H](C(=O)O)N,0,,,,,C1=C(C=C(C(=C1Cl)N2C(=C(C(=N2)C#N)S(=O)C(F)(F)F)N)Cl)C(F)(F)F,1,,,,,,
,,,,,,C1=CC(=CC=C1SC2=CC(=C(C=C2Cl)Cl)Cl)Cl,0,,CC[C@H](CO)NC1=NC(=C2C(=N1)N(C=N2)C(C)C)NCC3=CC=C(C=C3)C4=CC=CC=N4,1,,,,,C[C@]12CC[C@H]3[C@H]([C@@H]1CC[C@]2(C)O)CC[C@@H]4[C@@]3(C/C(=C/O)/C(=O)C4)C,1,,,,,,
,,,,,,CCOC(=O)C(C1=CC=C(C=C1)Cl)(C2=CC=C(C=C2)Cl)O,1,,COC1=C(C=C2C(=C1)C(=NC(=N2)N3CCC(CC3)N4CCCCC4)NC5CCCCCC5)OC,1,,,,,CN(CCCNC(=O)C1CCCO1)C2=NC3=CC(=C(C=C3C(=N2)N)OC)OC.Cl,1,,,,,,
,,,,,,CCCCOCCOP(=O)(OCCOCCCC)OCCOCCCC,1,,C1CN(CCN1C2=CC=C(C=C2)C#N)C(=O)COC3=CC4=C(C=C3)NC=C4CCN,1,,,,,C1CN(CCC1N2C3=CC=CC=C3NC2=O)CCCC(=O)C4=CC=C(C=C4)F,1,,,,,,
,,,,,,CC1=CC=C(C=C1)C(=O)C,0,,CC1=CC(=NC2=C1C(=C(S2)C(=O)NCC3=CC=C(C=C3)OC)N)C,1,,,,,C(#N)N=C(N)N,0,,,,,,
,,,,,,C1=CC=C2C(=C1)C(=O)OC23C4=C(C(=C(C=C4)O)Br)OC5=C3C=CC(=C5Br)O,1,,CC1=C(C=C(C=C1)NC(=O)C(C)C)C2CCN(CC2)CC3=CC=C(C=C3)OC4=CC(=C(C=C4)F)F,0,,,,,CC1=CC(=NC(=N1)NS(=O)(=O)C2=CC=C(C=C2)N)C,0,,,,,,
,,,,,,CC(=O)C(=O)C,0,,CC1=C(C=C(C=C1)N2CCN(CC2)CCC3C4=CC=CC=C4C(=O)N3)C,0,,,,,C1=CC=C(C=C1)C2=CC=CC=C2,0,,,,,,
,,,,,,CC(CC1=CC2=C(C=C1)OCO2)NC.Cl,0,,CCN(CC)CCCCNC1=NC2=NC(=C(C=C2C=N1)C3=C(C=CC=C3Cl)Cl)NC(=O)NC(C)(C)C,1,,,,,C(CS)C(=O)O,0,,,,,,
,,,,,,C1=NC2=C(N1)C(=O)NC=N2,0,,COC(=O)C(CC1=CC=C(C=C1)OCCN2C3=C(C=C(C=C3)C(=O)C4=CC=CC=C4)SC2=O)C(=O)OC,0,,,,,CC1=C(C(=O)C=CO1)O,0,,,,,,
,,,,,,CN1C[C@@H]2[C@@H](C1)C3=C(C=CC(=C3)Cl)OC4=CC=CC=C24,0,,CN1CCC(CC1)C2=CN(C3=C2C=C(C=C3)OS(=O)(=O)C4=C(C=CC=C4F)F)C,0,,,,,CC(C1=CC=C(C=C1)Cl)(C2=CC=C(C=C2)Cl)O,1,,,,,,
,,,,,,C1=CC(=C(C=C1O)S(=O)(=O)[O-])O.[K+],0,,CC1(CC=C(C2=C1C=CC(=C2)C(=O)NC3=CC=C(C=C3)C(=O)O)C4=CC5=CC=CC=C5N=C4)C,1,,,,,CCOC(=O)C1(CCN(CC1)CCC2=CC=C(C=C2)N)C3=CC=CC=C3,1,,,,,,
,,,,,,C1=C(C=C(C(=C1Cl)[N+](=O)[O-])Cl)Cl,0,,CC1=C(N(N=C1C(=O)NN2CCCCC2)C3=C(C=C(C=C3)Cl)Cl)C4=CC=C(C=C4)OC,0,,,,,C1CN2CCC1[C@@H](C2)[C@@H](C3=CC=CC=C3)NC(=O)C4=C(C=CC(=C4Cl)C(F)(F)F)Cl.Cl,0,,,,,,
,,,,,,CCC1(C(=O)NC(=NC1=O)[O-])C2=CC=CC=C2.[Na+],1,,CC1=C(C=CC2=C1C3=CC=CC=C3N2C(C)C)NC(=O)N4CCOCC4,1,,,,,C1CN2C(=O)[C@H](N=C(C3=CC=CC1=C32)C4=CC=CC=C4F)NC(=O)C5=CC6=CC=CC=C6N5,1,,,,,,
,,,,,,CCCCC(CC)COP(=O)(OC1=CC=CC=C1)OC2=CC=CC=C2,1,,CC1=CC=C(C=C1)S(=O)(=O)N2CCC[C@H]2C3=CC=C(C=C3)F,1,,,,,CC(=C)C(=O)OCCOCCOCCOC(=O)C(=C)C,0,,,,,,
,,,,,,C1=CC(=C(C(=C1)F)C(=O)NC(=O)NC2=CC(=C(C=C2Cl)OC(C(C(F)(F)F)F)(F)F)Cl)F,1,,C1=CC2=NC(=C(N2C=C1)NC(=O)C3=CC=C(C=C3)Cl)C4=CC=CS4,1,,,,,C(#N)C(=C(C#N)C#N)C#N,0,,,,,,
,,,,,,CCCCCCCCCCCCCCCCCl,0,,CCCCN1[C@@H]2CC[C@H]1CC(C2)OC(C3=CC=C(C=C3)F)C4=CC=C(C=C4)F,0,,,,,C(CNCCNCCNCCN)N,0,,,,,,
,,,,,,CC(C)(C(=O)NC1=CC(=C(C=C1)[N+](=O)[O-])C(F)(F)F)O,1,,CC1=C(C2=CC=CC=C2N1)CCNC(=O)C3=CC=CC=C3F,1,,,,,CCOC(=O)C1=C(NC(=C(C1C2=CC=CC=C2/C=C/C(=O)OC(C)(C)C)C(=O)OCC)C)C,1,,,,,,
,,,,,,COC(=O)NC1=CC(=C(C=C1)Cl)Cl,1,,CCCCOC(=O)NC(=O)C1C2=CC=CC=C2OC3=CC=CC=C13,0,,,,,CCCCCCCCN1C=C[N+](=C1)C.C(F)(F)(F)S(=O)(=O)[N-]S(=O)(=O)C(F)(F)F,1,,,,,,
,,,,,,C1=CC(=CC=C1NC(=O)C2=C(C(=CC(=C2)Br)Br)O)Br,1,,C1=CC=C(C=C1)C2=NN(C(=C2)NC(=O)C3=CC=C(C=C3)[N+](=O)[O-])C4=CC=CC=C4,1,,,,,CC(C)(CC1=CC=CC=C1)N(C)C(=O)CN(CCO)CC(=O)N(C)C(C)(C)CC2=CC=CC=C2,1,,,,,,
,,,,,,C1=CC(=C(C=C1C(F)(F)F)Cl)Cl,0,,CCCCOC1=C(C=C(C=C1)C2=CC(=CN=C2)C(=O)NCC3=C(N=CC=C3)N4CCOCC4)Cl,1,,,,,CCCCCCCC(=O)OCC(CO)O,0,,,,,,
,,,,,,CCCC1=CC(=O)NC(=S)N1,0,,CC1=C(C=NN1C2=NC(=CS2)C3=CC(=CC=C3)C(F)(F)F)C(=O)NCCCO,1,,,,,CC(C)(C(=O)C1=CC=C(C=C1)SC)N2CCOCC2,1,,,,,,
,,,,,,C1=CC2=C(C=CC(=C2)SSC3=CC4=C(C=C3)C=C(C=C4)O)C=C1O,1,,CN(C)CCN1C=C(C2=C1N=CC=C2)S(=O)(=O)C3=CC=CC(=C3)F,0,,,,,C(C(CCl)O)S(=O)(=O)[O-].[Na+],0,,,,,,
,,,,,,CCOC(=O)OC(=O)OCC,0,,CC1=CC=CC=C1NC(=O)NC2=CC=C(C=C2)CC(=O)N3CCOC[C@H]3C(=O)N4CCC(CC4)CC(=O)O,0,,,,,C1=CC=C(C=C1)/C=C/C=O,0,,,,,,
,,,,,,C1=CC(=CC=C1N)S(=O)(=O)NC2=NC=CS2,0,,CC(C)(C)C1=CC=C(C=C1)C2=NC3=C(N2)C=CC=C3N4CCN(CC4)CC5=CC6=NC=CN=C6C=C5,1,,,,,C1CC(=O)N(C1)CCO,0,,,,,,
,,,,,,COC1=CC(=CC(=C1OC)OC)[C@H]2[C@@H]3[C@H](COC3=O)[C@H](C4=CC5=C(C=C24)OCO5)O,1,,CC1=CC=C(C=C1)C2=CN3C4=C(CCCC4)SC3=N2,1,,,,,C[C@@]12CCC[C@@]([C@H]1CC[C@]34[C@H]2CC[C@](C3)(C(=C)C4)O[C@H]5[C@@H]([C@H]([C@@H]([C@H](O5)CO)O)O[C@H]6[C@@H]([C@H]([C@@H]([C@H](O6)CO)O)O)O)O[C@H]7[C@@H]([C@H]([C@@H]([C@H](O7)CO)O)O)O)(C)C(=O)O[C@H]8[C@@H]([C@H]([C@@H]([C@H](O8)CO)O)O)O,0,,,,,,
,,,,,,C[C@]12CC[C@H]3[C@H]([C@@H]1CC[C@@H]2O)CCC4=CC(=O)CC[C@H]34,0,,CC1(CCC(C2=C1C=C3C(=C2)SC4=CC=CC=C4N=C3C5=CC=C(C=C5)C(=O)O)(C)C)C,1,,,,,CC(C)/C=C/CCCCC(=O)NCC1=CC(=C(C=C1)O)OC,1,,,,,,
,,,,,,C1=C(C=C(C(=C1Br)O)Br)C#N,1,,CN(C1=CC=CC=C1CNC2=NC(=NC=C2C(F)(F)F)NC3=CC4=C(C=C3)NC(=O)C4)S(=O)(=O)C,1,,,,,CC1=C(C(CCC1)(C)C)/C=C/C(=C/C=C/C(=C/COC(=O)C)/C)/C,1,,,,,,
,,,,,,CC(=CCC/C(=C/CCC(=O)C)/C)C,1,,COC1=C(C=CC(=C1)N2C=NC3=C(C2=O)SC(=C3)C4=CC=C(C=C4)Cl)OCCN5CCCC5,1,,,,,C1=CC=C(C=C1)C(=O)OCCCCCOC(=O)C2=CC=CC=C2,0,,,,,,
,,,,,,C1COCCN1N=O,0,,CCOC(=O)C1=CC(=C(C=C1)NC2CCCCC2)N,1,,,,,C1=CC=C(C(=C1)C(=O)C2=CC=CC=C2O)O,1,,,,,,
,,,,,,C[C@]12CC[C@](C[C@H]1C3=CC(=O)[C@@H]4[C@]5(CC[C@@H](C([C@@H]5CC[C@]4([C@@]3(CC2)C)C)(C)C)OC(=O)CCC(=O)[O-])C)(C)C(=O)[O-].[Na+].[Na+],0,,C1CN(CCN1C/C=C/CNC(=O)C2=CC=C(C=C2)C3=CC=CC=N3)C4=C(C(=CC=C4)Cl)Cl,1,,,,,C1CN(CCN1CCCCl)C2=CC(=CC=C2)Cl.Cl,0,,,,,,
,,,,,,C1=CC=C(C=C1)OC(=O)C2=CC=CC=C2O,1,,C1CN(CCN1CCC2=CC=C(C=C2)F)C(=O)C3=CC=CC4=C3NC=C4C#N,1,,,,,C1CCC(CC1)N,0,,,,,,
,,,,,,C/C(=C\C1=CC=CC=C1)/[N+](=O)[O-],1,,C1=CC=NC(=C1)C(=O)C2=C3N=CC=C(N3N=C2)C4=CC=NC=C4,1,,,,,CCN(CC)CCOC(=O)C(C)(C1=CC=CC=C1)C2=CC=CC=C2,1,,,,,,
,,,,,,CCOC1=C(C=C(C=C1)CC2=NC=CC3=CC(=C(C=C32)OCC)OCC)OCC.Cl,1,,CC(C)(C)C1=CC=C(C=C1)NC(=O)N2CCN(CC2)C3=C(C=CC=N3)Cl,1,,,,,CC(=O)OCCOCCOCCOC(=O)C,0,,,,,,
,,,,,,C1=CC(=CC=C1C2=COC3=C(C2=O)C=CC(=C3)O)O,1,,COC1=CC=C(C=C1)CCCN2CCC(CC2)COC(C3=CC=CC=C3)C4=CC=CC=C4,1,,,,,CN(C)CCOC(C1=CC=CC=C1)C2=CC=C(C=C2)Br,1,,,,,,
,,,,,,COP(=O)(C(C1=CC=C(C=C1)Cl)OP(=O)(OC)OC)OC,0,,CC(C)C1=CC=CC2=C1N=C(C=C2C3=CC=CC=C3)C4=CC=C(N4)C5=CC=C(C=C5)C(=O)O,1,,,,,CC(=C)C(=O)OCCOC(=O)C(=C)C,0,,,,,,
,,,,,,C1=CC(=C(C=C1Cl)Cl)OCCCC(=O)O,1,,CC1=CC(=NO1)C2=NN=CC3=C(C(=NN32)OCC4=NC=NN4C)C(C)(C)C,0,,,,,C1=CC=C(C=C1)CSCC2=NS(=O)(=O)C3=CC(=C(C=C3N2)Cl)S(=O)(=O)N,0,,,,,,
,,,,,,C(=N/O)\C=N\O,0,,C[C@H](C1=CC=CC=C1)NC(=O)C(=O)C2=CNC3=C2C=C(C=C3)[N+](=O)[O-],1,,,,,CC1=C(N(N=C1C(=O)NN2CCCCC2)C3=C(C=C(C=C3)Cl)Cl)C4=CC=C(C=C4)Cl,1,,,,,,
,,,,,,C1=CC=C(C=C1)C(=O)C2=CC=CC=C2,1,,CC1=NC2=C(C=C(C=C2)OC3=CC=C(C=C3)F)C(=O)N1C[C@H]4CCCN(C4)C(C)C,0,,,,,CC(=O)C1=CC2=C(C=CC3=CC=CC=C32)C=C1,1,,,,,,
,,,,,,[Cl-].[Cl-].[Fe+2],0,,CCOC1=CC=C(C=C1)NC(=S)N2CCC(CC2)C(C3=CC=CC=C3)(C4=CC=CC=C4)O,1,,,,,C1CC1C(=O)NC2=CC(=C(C=C2)Cl)Cl,1,,,,,,
,,,,,,CCOC(C=C)OCC,0,,CCOC(=O)C1=C(N(N=C1)C2=CC=C(C=C2)NC(=O)C(=C(Cl)Cl)Cl)C(F)(F)F,0,,,,,C1=CC2=C(C=CC=C2N)C(=C1)N,1,,,,,,
,,,,,,C1CN(CCN1)CCO,0,,C1[C@H](OC2=C(C1=O)C=CC(=C2)O)C3=CC=C(C=C3)O,1,,,,,CCCC(CCC)C(=O)O,0,,,,,,
,,,,,,CNCC(=O)C1=CC(=C(C=C1)O)O,0,,C1=CC=C2C(=C1)C(=CN2)C(=O)C(=O)NCC3=CC=C(C=C3)F,1,,,,,CN(C)CCCN1C2=CC=CC=C2CCC3=CC=CC=C31,1,,,,,,
,,,,,,CC1=CC(=CC(=C1)[N+](=O)[O-])C,0,,CN1C2=CC=CC=C2N=C1SCC(=O)N3CCC[C@H]3C(=O)NC4=CC=CC=C4C5=CC=CC=C5,1,,,,,CC1=C(C(=O)N(C(=O)N1)C(C)(C)C)Cl,0,,,,,,
,,,,,,C1=CC(=CC=C1N)Cl.Cl,1,,CCCC1=NN(C2=C1N=C(NC2=O)C3=C(C=CC(=C3)S(=O)(=O)N4CCN(CC4)C)OCC)C,1,,,,,CC(C(=O)OC(C)(C)CC1=CC=C(C=C1)Cl)N,1,,,,,,
,,,,,,C[C@]12CCC(=O)C=C1CC[C@@H]3[C@@]2([C@H](C[C@]4([C@H]3C[C@@H]5[C@]4(OC(O5)(C)C)C(=O)CCl)C)O)F,1,,CN1CCN(CC1)C2CCC(CC2)N3C=C(C4=C(N=CN=C43)N)C5=CC=C(C=C5)OC6=CC=CC=C6,0,,,,,CC1=C(C2=C(C=C1)C(=O)C3=CC=CC=C3C2=O)N,1,,,,,,
,,,,,,C1=CC(=CC=C1N)Br,1,,C1CCNC(C1)CN2CCN(C2=O)C3=CC=CC=C3,0,,,,,C[C@H](CCC(=O)NCC(=O)O)[C@H]1CC[C@@H]2[C@@]1([C@H](C[C@H]3[C@H]2[C@@H](C[C@H]4[C@@]3(CC[C@H](C4)O)C)O)O)C,0,,,,,,
,,,,,,CC(CC1=CC=CC=C1)NCCN2C=NC3=C2C(=O)N(C(=O)N3C)C.Cl,0,,C1=CC(=CC=C1C2=CC(=NN2C3=CC=C(C=C3)S(=O)(=O)N)C(F)(F)F)Cl,1,,,,,C1=CC(=C(C=C1[N+](=O)[O-])N)N,1,,,,,,
,,,,,,C1CN1P(=S)(N2CC2)N3CC3,1,,CC1=NC2=C(S1)C=CC(=C2)C3=CC(=CC(=C3)C#N)F,1,,,,,CC(C1=CC=CC=C1)(C2=CC=CC=N2)OCCN(C)C.C(CC(=O)O)C(=O)O,0,,,,,,
,,,,,,CC1(C2=C(C=C(C=C2)OC)C(=O)N(C1=O)CCC3=CC=C(C=C3)S(=O)(=O)NC(=O)NC4CCCCC4)C,1,,C1CN(C[C@H]1NCC2=C(C=C(C=C2)Cl)Cl)C3=NC=C(C=N3)Br,1,,,,,CSCCC=O,0,,,,,,
,,,,,,C1=COC(=C1)C(=O)O,0,,CC1=C(C=CC(=C1)C(=O)N2CC3=C(NC4=CC=CC=C42)N(N=C3)C)CNC(=O)N5CCN(CC5)CC6=CC(=CC(=C6)O)O,1,,,,,C1CCC(CC1)C(=O)N2CC3C4=CC=CC=C4CCN3C(=O)C2,1,,,,,,
,,,,,,CCC(=O)OC(C)C1=CC=CC=C1,0,,CCCCCCOC1=C(C=C2C(=C1)C(CCC2(C)C)(C)C)N(C)C3=NC=C(C=N3)C(=O)O,1,,,,,CC1=CC2=C(C=C1)OC(=O)C=C2,0,,,,,,
,,,,,,CCCCCCCCCCCCOC(=O)C1=CC=C(C=C1)O,1,,C1CCN(CC1)C2=C(C=C(C=C2)C(F)(F)F)NC(=O)C3=CC=NC=C3,1,,,,,CC1=CC2=C(C=C1)OC(=O)C=C2,1,,,,,,
,,,,,,CCC/C=C/CO,0,,CC1=CC=CC=C1NC(=O)NC2=CC=C(C=C2)CC(=O)N(C)[C@@H](CC(C)C)C(=O)NCC[C@@H](C(=O)O)NC(=O)[C@@H]3CCCN3S(=O)(=O)C4=CC(=CC(=C4)Cl)Cl,1,,,,,C1=CC=C(C=C1)CC2=C(C=CC(=C2)Cl)O,1,,,,,,
,,,,,,C(NC(=O)NC1C(=O)NC(=O)N1CO)NC(=O)NC2C(=O)NC(=O)N2CO,0,,C1CC2=C(C=CC=C2N(C1)CCOC3=CC=CC=C3)CNC4=CC(=C(C=C4)CCC(=O)O)F,1,,,,,CC(C)(C)C1=CC=C(C=C1)OC2CCCCC2O,1,,,,,,
,,,,,,CCC1=C(C2=CC=CC=C2O1)C(=O)C3=CC(=C(C(=C3)I)O)I,1,,CN([C@@H](CN1CCCC1)C2=CC=C(C=C2)C3=CC(=CC=C3)C(=O)N)C(=O)CN4C(=O)COC5=CC(=C(C=C54)Cl)Cl,0,,,,,CCO[Si](CCCN)(OCC)OCC,0,,,,,,
,,,,,,CC(=O)C1=CC=C(C=C1)O,0,,C1=CC2=C(NC=C2CC3=CN=C(C=C3)NCC4=CC=C(C=C4)C(F)(F)F)N=C1,1,,,,,CCOC(=O)[C@](C)(CC1=CC(=C(C=C1)O)O)N.Cl,0,,,,,,
,,,,,,CCNCCO,0,,C1CC2=C(C=NN2)C3=C(C1)SC(=N3)NC4=CC=CC=N4,1,,,,,COC1=CC(=CC(=C1OC)OC)[C@H]2[C@@H]3[C@H](COC3=O)[C@H](C4=CC5=C(C=C24)OCO5)O,1,,,,,,
,,,,,,CC1=C(C2=C(C=C1)N=C(S2)C3=CC=C(C=C3)N)S(=O)(=O)O,1,,CC(C)OC1=C(C=C(C=C1)C2=NC(=NO2)C3=C4CCC(C4=CC=C3)NCCC(=O)O)C#N,0,,,,,COC(=O)/C=C/C1=CC=CC=C1,0,,,,,,
,,,,,,C[C@]12CC[C@H]3[C@H]([C@@H]1CC[C@@H]2C(=O)NC(C)(C)C)CC[C@@H]4[C@@]3(C=CC(=O)N4)C,1,,C1CCN(CC1)CCCOC2=CC=C(C=C2)CN3CCCCC3,0,,,,,CC(C)(C)C1=NNC(=S)N(C1=O)N,0,,,,,,
,,,,,,C1=CC2=C(C=C1Cl)N(C(=O)N(C2=O)CC3=C(C=C(C=C3)Br)F)CC(=O)O,1,,CCOC(=O)COC1=CC2=C(CC[C@@H](C2)NC[C@@H](C3=CC(=CC=C3)Cl)O)C=C1,0,,,,,CCCCCCOC(=O)CCCCC(=O)OCCCCCC,0,,,,,,
,,,,,,C1CCNCC1,0,,CCN1C2=C(C(=NC=C2CO[C@H]3CCCNC3)C#CC(C)(C)O)N=C1C4=NON=C4N,0,,,,,CCC(C)C1=CC=C(C=C1)O,0,,,,,,
,,,,,,C1CN(CCN1CCCN2C3=CC=CC=C3NC2=O)C(C4=CC=CC=C4)C5=CC=CC=C5,1,,CC(=O)N1CCC2=C1C=C(C=C2)N(C3CCN(CC3)CCC4CCCC4)C(=O)/C=C/C5=CC(=CC=C5)C#N,1,,,,,C[As](=O)(C)O,0,,,,,,
,,,,,,CCC(CC1=C(C(=C(C=C1I)I)N)I)C(=O)O,1,,CC1(CCC(C2=C1C=CC(=C2)C#CC3=CC=C(C=C3)C(=O)O)(C)C)C,1,,,,,CCC(C)N(C)C(=O)C1=CC2=CC=CC=C2C(=N1)C3=CC=CC=C3Cl,1,,,,,,
,,,,,,CC1=NC2=C(C=C1)C(=CC(=C2O)Cl)Cl,0,,CC1=C(N(N=C1C(=O)NCC2=CN=CC=C2)C3=C(C=C(C=C3)Cl)Cl)C4=CC=C(C=C4)Cl,1,,,,,CC[C@H]1CC[C@@H]([C@@H](N1)C2=CC=CC=C2)NCC3=CC4=C(C=C3OC)[C@H]5C[C@H]5C(=O)N4C,1,,,,,,
,,,,,,C1=C(NC(=O)N=C1)N,0,,C1CN(CCC12NC3=C(C=CC(=C3C(=N2)N)F)F)C(=O)C4=CN=C(C=C4)C#N,0,,,,,CCC(C)(CC)C1=NOC(=C1)NC(=O)C2=C(C=CC=C2OC)OC,1,,,,,,
,,,,,,C(CC(=O)O)CC(=O)O,1,,C1CC(CCC1CCN2CCC3=C(C2)C=CC(=C3)C#N)NC(=O)C4=CC=NC5=CC=CC=C45,0,,,,,C1=CC(=CC=C1C2=C(C(=C(N2)C(F)(F)F)Br)C#N)Cl,1,,,,,,
,,,,,,CC[C@@H](C(C[C@H](C)N(C)C)(C1=CC=CC=C1)C2=CC=CC=C2)O.Cl,0,,COC1=C(C=C(C=C1)C(=O)NC2=C(C=NC=C2Cl)Cl)OC3CCCC3,1,,,,,CC1(C(=O)N(C(=O)N1Br)Br)C,0,,,,,,
,,,,,,C(=C/Cl)\Cl,0,,CC(C)OC1=CC=C(C=C1)C2=CN3C(=C(C=N3)C4=CC=NC5=CC=CC=C45)N=C2,1,,,,,O.O.O.O.O.O.Cl[Sc](Cl)Cl,0,,,,,,
,,,,,,CCCCCC1=CC(=CC(=C1)O)O,1,,C1COCCN1CCOC2=CC=C(C=C2)C3=CN4C(=C(C=N4)C5=CC=CC=C5)N=C3,1,,,,,CCCCN1C=C[N+](=C1)C.C(#N)[S-],0,,,,,,
,,,,,,C(#N)C1=C(C(=C(C(=N1)Cl)Cl)Cl)Cl,1,,CCC(=O)C1=C(N(C(=C1)C2=CC=C(C=C2)Cl)C3=CC=C(C=C3)S(=O)(=O)N)C,1,,,,,COC1=C(C(=C(C=C1)CCN(CCC2=C(C(=C(C=C2)OC)OC)OC)C(=O)C(C3=CC=CC=C3)C4=NCCC5=CC(=C(C=C54)OC)OC)OC)OC.Cl,1,,,,,,
,,,,,,CN1CCC2=C3[C@H]1CC4=C(C3=CC=C2)C(=C(C=C4)O)O.CN1CCC2=C3[C@H]1CC4=C(C3=CC=C2)C(=C(C=C4)O)O.O.Cl.Cl,1,,C1CCN(CC1)CCC#CC2=CC=CC(=C2)CN3CCOCC3,0,,,,,CCCSS/C(=C(\C)/N(CC1=CN=C(N=C1N)C)C=O)/CCO,1,,,,,,
,,,,,,CN(C(=O)NC1=CC(=C(C=C1)Br)Cl)OC,1,,CC1=CC(=CC=C1)NC(=O)N[C@H]2C(=O)N(C3=CC=CC=C3C(=N2)C4=CC=CC=C4)C,1,,,,,C1=CC=C2C(=C1)C=CN2,0,,,,,,
,,,,,,CC1CNCC(O1)C,0,,C1CCCC(CC1)NC2=C3C=C(SC3=NC=N2)CNC[C@H]4CCCO4,1,,,,,CC1=CC=C(C=C1)C2OC[C@H]3[C@@H](O2)[C@H](OC(O3)C4=CC=C(C=C4)C)[C@@H](CO)O,0,,,,,,
,,,,,,CCCOC(=O)C1=CC=CC=C1C(=O)OCCC,1,,COC1=CC=CC=C1CN[C@@H]2[C@@H](N3CCC2CC3)C(C4=CC=CC=C4)C5=CC=CC=C5,1,,,,,CCCCOC1=CC=C(C=C1)N,1,,,,,,
,,,,,,CCN1C2=C(C(=N1)C)N=C(CNC2=O)C3=CC=C(C=C3)O,1,,COC1=C(C=CC(=C1)/C=N\NC(=O)C2=CC3=C(C=C2)OCO3)OCC4=CC=CC=C4,1,,,,,CCCCC(=C)C,0,,,,,,
,,,,,,CC(C)(C)Cl,0,,CC(C)NCCCN1C2=NC=NC(=C2N=C1SC3=C(C=C4C(=C3)OCO4)I)N,1,,,,,CC1=C(C=CO1)C(=O)NC2=CC=C(C=C2)C(=O)N3C4=CC=CC=C4/C(=C/C(=O)N5CCC(CC5)N6CCCCC6)/C(CC3)(F)F.CC1=C(C=CO1)C(=O)NC2=CC=C(C=C2)C(=O)N3C4=CC=CC=C4/C(=C/C(=O)N5CCC(CC5)N6CCCCC6)/C(CC3)(F)F.C(=C/C(=O)O)\C(=O)O,1,,,,,,
,,,,,,C1=CC2=CC3=C(C(=CC=C3)O)C(=C2C(=C1)O)O,0,,CCN(CC)CC1=NC(=CC=C1)/C=C/C2=NC3=C(C=C(C=C3)F)C(=O)N2C4=CC=CC=C4Cl,1,,,,,COC1=CC=C(C=C1)C(=O)NC2=NC3=CC=CC=C3C(=C2C#N)NCC4=CC=CC=C4,1,,,,,,
,,,,,,C1CCN(CC1)C(=O)/C=C/C=C/C2=CC3=C(C=C2)OCO3,1,,C1CCC(CC1)CCCCC(=O)N2CCC(CC2)C3=CN=CN3,1,,,,,C1=CC(=CC=C1N)N.Cl.Cl,1,,,,,,
,,,,,,CC(=O)OCCOCCOCCOC(=O)C,0,,C1CC(CCC1CNC2=NC3=CC=CC=C3C(=N2)N)CNS(=O)(=O)C4=CC=CC5=CC=CC=C54,1,,,,,CC(=O)O[C@H]1CC[C@@]2([C@H]3CC[C@]4([C@H]([C@@H]3CC=C2C1)CCC4=O)C)C,1,,,,,,
,,,,,,C[C@@H]1[C@H]2C[C@]2(CC1=O)C(C)C,0,,CN(C)C1=C2C3=C(C(=O)N(C=N3)N4CCCCCC4)SC2=NC=C1,1,,,,,C[C@@]12CC[C@@H](C1(C)C)C[C@H]2O,0,,,,,,
,,,,,,CCCNC(=O)NS(=O)(=O)C1=CC=C(C=C1)Cl,1,,C1=CC(=CC=C1/C=C/C(=O)NC2=C(C=C(C=C2)C3=NC4=C(O3)C=CC(=C4)CC(=O)O)F)Br,0,,,,,CCCCC1(C(=O)N(N(C1=O)C2=CC=CC=C2)C3=CC=CC=C3)COC(=O)CCC(=O)O,1,,,,,,
,,,,,,[O-]S(=O)(=O)OOS(=O)(=O)[O-].[Na+].[Na+],0,,CN1CCN(CC1)C2=NC(=CS2)C3=CC=C(C=C3)C(=O)NC4(CCCCC4)C(=O)NCC#N,0,,,,,C1=CC(=CC=C1C(CO)C2=CC=C(C=C2)Cl)Cl,1,,,,,,
,,,,,,CCCCCCCC[N+](C)(CCCCCCCC)CCCCCCCC.C(F)(F)(F)S(=O)(=O)[O-],1,,CC1=CN2C(=N1)CC3=C(C=C(C=C3)Cl)C(=N2)C4=CC=C(C=C4)N,1,,,,,C1CC1N2CCC(CC2)NC(=O)C3=NC4=C(N3CC5=NOC(=C5)C6=CC=C(S6)Cl)C=CC(=C4)C(=O)[O-].[Na+],0,,,,,,
,,,,,,CN(C)C(=S)SSC(=S)N(C)C,1,,CC1(C2=CC=CC=C2C(O1)(CCCNC)C3=CC=CC=C3)C,1,,,,,CC1(C(C1(C)C)C(=O)OC(C#N)C2=CC(=CC=C2)OC3=CC=CC=C3)C,1,,,,,,
,,,,,,CC(C)NC1=NC(=NC(=N1)OC)NC(C)C,0,,C[C@@H]1CC[C@]2([C@@H](C[C@H]([C@H](O2)C(C)C(=O)C3=CC=CN3)C)C)O[C@@H]1CC4=NC5=C(O4)C=CC(=C5C(=O)O)NC,1,,,,,C1=CC=C(C=C1)OC2=C(C3=C(C(=C2)O)C(=O)C4=CC=CC=C4C3=O)N,1,,,,,,
,,,,,,CCOC(=O)C(C1=CC=CC=C1)SP(=S)(OC)OC,1,,CC1=CC(=CC=C1)NC(=O)NC2C(=O)N(C3=CC=CC=C3C(=N2)C4=CC=CC=C4)CC(=O)C5=CC=CC=C5C,1,,,,,CC[C@H](C)[C@@H](C(=O)O)N1C(=O)C2=CC=CC=C2S1,0,,,,,,
,,,,,,C(CSCCO)O,1,,C1CC(CCC1NS(=O)(=O)C(F)(F)F)(C2=C(C=CC(=C2)F)F)S(=O)(=O)C3=CC=C(C=C3)Cl,1,,,,,C1=CC(=CC=C1C=O)C(=O)O,0,,,,,,
,,,,,,CC(C)(C)C(CCC1=CC=C(C=C1)Cl)(CN2C=NC=N2)O,1,,C[C@@H]1[C@@H](CCN1CC2=CC=CC=C2)NC(=O)C3=CC(=C(C=C3OC)NC)Cl,1,,,,,CC(C(=O)OC)OC1=CC=C(C=C1)OC2=C(C=C(C=N2)C(F)(F)F)Cl,1,,,,,,
,,,,,,C1C2=C(C=C(C=C2)O)C3=CC=CC=C31,1,,CC1=CC(=NN1C2=CC3=CC=CC=C3C=C2)OCCN4CCOCC4,1,,,,,C1=CC=C(C=C1)C2=NC3=C(N=C(N=C3N=C2N)N)N,1,,,,,,
,,,,,,CCOC1=NC2=CC=CC(=C2N1CC3=CC=C(C=C3)C4=CC=CC=C4C5=NNN=N5)C(=O)OC(C)OC(=O)OC6CCCCC6,1,,CC1=CC(=C(C(=C1)C)NC2=NC(=NC=C2)NC3=CC=C(C=C3)C#N)C,1,,,,,C1=CC=C(C=C1)[Si](C2=CC=CC=C2)(C3=CC=CC=C3)O,1,,,,,,
,,,,,,CCC(C)(C)O,0,,C1C[C@H](CN(C1)C2CCN(CC2)C(=O)C3=C4C=CC=CC4=CC5=CC=CC=C53)C(=O)N6CCOCC6,1,,,,,C1=CC=C(C=C1)NC(=O)C2=CC=CC=C2O,1,,,,,,
,,,,,,CCCC(=O)C(=O)O,0,,CC1=C(C=NN1C2=CC=C(C=C2)Cl)C(=O)NC3=CC(=C(C=C3)N4CCC(CC4)N5CCOCC5)C#N,1,,,,,C1=CC(=CC(=C1)I)[N+](=O)[O-],0,,,,,,
,,,,,,C1=CC=C2C(=C1)C(=O)C3=C(C2=O)SC(=C(S3)C#N)C#N,1,,C1CN(CCC1NC(=O)C2=CN=C(C=C2)C3=CC(=CC=C3)F)CC(F)(F)F,0,,,,,CCOP(=S)(OCC)SCCSCC,0,,,,,,
,,,,,,C1CCN(CC1)C2(CCN(CC2)CCCN3C4=CC=CC=C4CCC5=C3C=C(C=C5)Cl)C(=O)N,1,,C1CN(CCN1CCCCC2=CNC3=C2C=C(C=C3)C#N)C4=CC5=C(C=C4)OC(=C5)C(=O)N,0,,,,,CC1=C(C(=C(C(=C1[N+](=O)[O-])C(C)(C)C)[N+](=O)[O-])C)[N+](=O)[O-],1,,,,,,
,,,,,,CN1C2=C(C(=O)N(C1=O)C)N(C=N2)CC(=O)O,0,,CC1=C(N2C=CC=NC2=N1)C3=CSC(=N3)NC4=C(C=C(C=C4Br)OC)Br,1,,,,,CCN1C(C2=CC=CC=C2C1=O)NC3=CC=C(C=C3)OCCN4CCCCC4,1,,,,,,
,,,,,,C1=CC=C(C(=C1)C(=C2C=C(C(=O)C(=C2)I)I)C3=CC(=C(C(=C3)I)[O-])I)C(=O)[O-].[Na+].[Na+],1,,C1=CC=C(C(=C1)NS(=O)(=O)C2=C(C=C(C=C2)NC(=O)C3=CC=CC=N3)Cl)Cl,1,,,,,CC1=C(C=CC=C1[N+](=O)[O-])[N+](=O)[O-],0,,,,,,
,,,,,,C[C@]12CC[C@H]3[C@H]([C@@H]1CC[C@]2(C#C)O)CCC4=CC(=O)CC[C@H]34,1,,CC(C)CCNC1=C(C=CC=N1)C(=O)N2CCN(CC2)CC3=CC=CC=C3,1,,,,,C(=O)(C(Cl)(Cl)Cl)N,0,,,,,,
,,,,,,C1=NC2=C(N=C(N=C2N1[C@H]3[C@H]([C@@H]([C@H](O3)CO)O)O)F)N,0,,CC1=CC2=C(C=C1Cl)N=C(S2)NC(=O)CC3=CC=CC=C3,1,,,,,C1=CN=CC=C1C(=O)NN,0,,,,,,
,,,,,,CCOP(=O)(OCC)SCCSCC,0,,C1COCCN1C2=NC(=O)N(C2)C3=CC=C(C=C3)Cl,0,,,,,CC(C)Br,0,,,,,,
,,,,,,C/C/1=C\CCC(=C)[C@H]2CC([C@@H]2CC1)(C)C,0,,CN1C2=NC(=O)N(C(=O)C2=NC(=N1)C3=CC=C(C=C3)C(F)(F)F)C,1,,,,,CCCCCCCCCCCCO,0,,,,,,
,,,,,,CCC1=C(C(=CC=C1)CC)NC(=O)C(=O)[O-].[Na+],0,,COC1=CC=CC(=C1)CNC(=O)NC2=NC(=CS2)C3=CC=NC=C3,1,,,,,C1CCC(CC1)OC(=O)CC(C(=O)OC2CCCCC2)S(=O)(=O)[O-].[Na+],1,,,,,,
,,,,,,CCCCC/C=C\C/C=C\CCCCCCCC(=O)NC(C)C1=CC=CC=C1,1,,C1=CC(=CC(=C1)O)CNC(=O)C2=CC3=C(N2)C=CC(=C3)F,1,,,,,CC1=CC(=C(C=C1)N)N,1,,,,,,
,,,,,,CCCCCCCCOC(=O)C1=CC(=C(C(=C1)O)O)O,1,,CC1=C(C(=NO1)C2=CC=CC=C2Cl)C(=O)N(C)C3=CC=C(C=C3)Cl,1,,,,,C1=CC=C(C=C1)OC(=O)C2=CC=C(C=C2)O,0,,,,,,
,,,,,,CCCCCCCCCCCCCC[P+](CCCC)(CCCC)CCCC.[Cl-],1,,C1CC1C(=O)NC2=NC3=C(S2)C(=C(C=C3)OC4=CC(=C(C=C4)F)NC(=O)CC5=CC(=CC=C5)C(F)(F)F)C#N,0,,,,,CC(COCC(C)OC(=O)C1=CC=CC=C1)OC(=O)C2=CC=CC=C2,0,,,,,,
,,,,,,CCN(CC)CCCC(C)NC1=C2C=C(C=CC2=NC3=C1C=CC(=C3)Cl)OC.O.O.Cl.Cl,0,,CCCCNC(=O)[C@@H]1CC2=CC=CC=C2N1C(=O)[C@H](CC)N,1,,,,,CC(C)(C)C1=NN=C(S1)N(C)C(=O)NC,1,,,,,,
,,,,,,C1=CC(=CC=C1C(=O)Cl)[N+](=O)[O-],0,,CCC1=CC=CC=C1OC[C@H](CN[C@H]2CCCC3=CC=CC=C23)O,1,,,,,C(C(=O)O)(Cl)Cl,0,,,,,,
,,,,,,CCN(CC)CCOC(=O)C(CC1CCCO1)CC2=CC=CC3=CC=CC=C32.C(=O)(C(=O)O)O,0,,C1CC(CCC1CNCC2=CC=CC=C2Cl)CNCC3=CC=CC=C3Cl,1,,,,,CCCCCCCCCCCCCCCCCl,0,,,,,,
,,,,,,CCN(CC1=CC=CC=C1)C2=CC=CC=C2,1,,CNC(=O)C1=CC2=C(C=C1)[C@@H](OCC2)CCN3CCN(CC3)C4=CC=C(C=C4)C(=O)N,0,,,,,CCCCC(=O)N(C)C,0,,,,,,
,,,,,,C1=CC(=C(C(=C1)F)C(=O)NC(=O)NC2=C(C=C(C=C2)OC3=C(C=C(C=C3)C(F)(F)F)Cl)F)F,1,,CC1=C2C(=CC=C1)N=C(N(C2=O)C3=CC=CC=C3C)[C@H](C)NC4=NC(=NC5=C4NC=N5)N,1,,,,,CCOC1=C(C=C(C=C1)NC(=O)C)N,1,,,,,,
,,,,,,C1=CC=C2C(=O)C=CC(=O)C2=C1,1,,CCC(CC)N1C2=NC(=CN=C2NC1=O)C#C,0,,,,,CC(C)(C)C1=CC=C(C=C1)C(=O)CC(=O)C2=CC=C(C=C2)OC,1,,,,,,
,,,,,,CCCCCCCCCCCCC1=CC=CC=C1O,1,,CC1=C(C=CC(=C1)C(=O)N)N2C(=CC=C2C3=CC=C(C=C3)N4C=CN=C4)CCC(=O)O,1,,,,,C1[C@H](C2=C(O1)C=C(C=C2)OCC3=CC=CC=C3)N(C(=O)N)O,1,,,,,,
,,,,,,CN(C)C1=CC=C(C=C1)N=NC2=CC=CC=C2,1,,C1CC(CNC1)C2=CC=C(C=C2)N3C=C4C=CC=C(C4=N3)C(=O)N,0,,,,,CC(C)CC(C)N(C1=CC=CC=C1)C2=CC=C(C=C2)N,1,,,,,,
,,,,,,C1=CC=C(C=C1)CCNC2=NC(=CS2)C3=CC=CC=C3,1,,C1CN(CCN1CCCCOC2=CC3=C(C=C2)C=CC(=O)N3)C4=C5C=CSC5=CC=C4,0,,,,,C1CC(C(CCC(C(CCC(C1Br)Br)Br)Br)Br)Br,1,,,,,,
,,,,,,C1=CC2=C(C=C1[N+](=O)[O-])C(=O)C(=O)N2,1,,C1CN(CCN1CC(COC2=CC=CC3=C2C=CC=N3)O)C(=O)C(C4=CC=CC=C4)C5=CC=CC=C5,1,,,,,CC1=C(C(=CC=C1)C)N([C@H](C)C(=O)OC)C(=O)COC,0,,,,,,
,,,,,,CCOC(=O)C1=CC=C(C=C1)N,1,,CN(C)CCN(C)C1=CC(=C(C=C1NC(=O)C=C)NC2=NC=C(C(=N2)C3=CNC4=CC=CC=C43)Cl)OC,1,,,,,CN(C)CCC1=CNC2=C1C(=CC=C2)OP(=O)(O)O,0,,,,,,
,,,,,,C1CCN(CC1)CN2CCCCC2,0,,C[C@H]1CN(CCN1)CC2=CC=C(C=C2)CC(=O)N3CCC(CC3)NC4=CC(=CC=C4)F,0,,,,,CCOC(=O)N1CCC(=O)CC1,0,,,,,,
,,,,,,CC1=NC=C(C(=N1)N)CN(/C(=C(\SS/C(=C(\N(C=O)CC2=CN=C(N=C2N)C)/C)/CCOC(=O)C(C)C)/CCOC(=O)C(C)C)/C)C=O,0,,C[C@@H](C1=CC=C(C=C1)CN2CCN(CC2)C(=O)C)NC3=NC=CC(=N3)N4[C@H](COC4=O)C(C)C,1,,,,,CCOC(=O)CC(C(=O)C)C(=O)C,0,,,,,,
,,,,,,CCOC(=O)OC1=C(C=C(C=C1)CCNC(=O)[C@H](CCSC)NC(=O)C)OC(=O)OCC,1,,C1CCC(CC1)C[C@@H]([C@H]([C@H](C2CC2)O)O)NC(=O)[C@@H](CC3=CSC=N3)NC(=O)C4=NC5=CC=CC=C5N4,1,,,,,CC(=CCC/C(=C/CCC(=O)C)/C)C,0,,,,,,
,,,,,,C1=CC=NC(=C1)CO,0,,CN1CCN(CC1)C2=CN=C(C=C2)NC3=CC(=CN(C3=O)C)C4=C(C(=CC=C4)N5C=CC6=CC(=CC(=C6C5=O)F)C7CC7)CO,1,,,,,CC(C)(C1=CC(=CC=C1)C(C)(C)N=C=O)N=C=O,1,,,,,,
,,,,,,CCCCCCCCCCCCCCCCCC(=O)O,0,,C1C[C@H](CN(C1)[C@@H]2CC3=CC=CC=C3[C@H]2OC4=C(C=C(C=C4)C#N)Cl)N,1,,,,,CC(C)C1=CC2=C(C=C1)SC3=CC=CC=C3C2=O,1,,,,,,
,,,,,,C1=CC=C(C=C1)C(=O)N,0,,CC#C[C@@H](CC(=O)O)C1=CC=C(C=C1)OCC2=CC=C(S2)CN3CCC4(CC3)C=CC5=CC=CC=C45,1,,,,,CCCCCCCCCCCC[N+](C)(C)C.[Br-],1,,,,,,
,,,,,,CCCCCCCCO,0,,CCOC1=CC=C(C=C1)N2C(=O)C3=C(N=CC=C3)N=C2[C@@H](C)N(CC4=CN=CC=C4)C(=O)CC5=CC=C(C=C5)OC(F)(F)F,1,,,,,CC(CCCC(C)(C)O)N.Cl,0,,,,,,
,,,,,,CCCC1CCC(=O)CC1,0,,CCOC1=C(C=CC(=C1)C(C)(C)C)C2=N[C@@]([C@@](N2C(=O)N3CCN(CC3)CC(=O)N4CCOCC4)(C)C5=CC=C(C=C5)Cl)(C)C6=CC=C(C=C6)Cl,1,,,,,C1=CC=C2C(=C1)C=CC=C2O,1,,,,,,
,,,,,,CCCCC/C=C/C/C=C/CCCCCCCC(=O)OCC,1,,COC1=C(C=CC(=C1)NC(=O)NC2=CC=CC(=C2)CNC(=O)O[C@H]3CCOC3)C4=CN=CO4,1,,,,,CCC[Si](OC)(OC)OC,0,,,,,,
,,,,,,C1=CC=C(C=C1)C(=O)C2=C(C=C(C=C2)O)O,1,,CC1=C(C(=CC=C1)C)NC(=O)N(C2=C(C=C(C=C2)OC)OC)C3=NC=NC(=C3)NC4=CC=C(C=C4)N5CCN(CC5)C,1,,,,,CCC1=CC=CC(=C1N)C,0,,,,,,
,,,,,,C[C@H]1C[C@H]([C@@](O[C@@H]1[C@H]2C[C@@H]([C@@H](O2)[C@@]3(CC[C@@H](O3)[C@@]4(CC[C@@]5(O4)C[C@@H]([C@H]([C@H](O5)[C@@H](C)[C@H]6[C@@H]([C@H]([C@@H]([C@](O6)(CC(=O)[O-])O)C)OC)OC)C)O)C)C)OC7C[C@@H]([C@H]([C@@H](O7)C)OC)OC)(C)O)C.[NH4+],0,,C1=CC(=CC=C1C2=C(N=CN=C2OCCOC3=NC=C(C=N3)Br)NS(=O)(=O)N)Br,1,,,,,CCCCCC(=O)O[C@@]1(CC[C@@H]2[C@@]1(CC[C@H]3[C@H]2CCC4=CC(=O)CC[C@]34C)C)C(=O)C,1,,,,,,
,,,,,,C1=CC=C(C=C1)C(=O)C2=CC=CC=C2,1,,CC1=C(C=C(C(=O)N1C2=CC=CC(=C2)C(F)(F)F)C(=O)NCC3=NC=C(C=C3)S(=O)(=O)C)C4=CC=NN4C,0,,,,,CC1=CC(=C(C(=C1C(=O)OC)O)C)O,1,,,,,,
,,,,,,CC1=C(C(=O)C=CO1)OC(=O)C(C)C,0,,C1C[C@H](CNC1)N2C3=NC=NC(=C3C(=N2)C4=CC=C(C=C4)OC5=CC=CC=C5)N,0,,,,,C1=CC=C2C=C3C=C(C=CC3=CC2=C1)N,1,,,,,,
,,,,,,COC1=CC=CC=C1N,0,,C1COCCN1C2=CC=C(C=C2)NC3=NC(=CN4C3=NC=C4)C5=CC6=C(C=C5)C=NN6,1,,,,,C[N+](C)(C)CC(CCl)O.[Cl-],0,,,,,,
,,,,,,CC(C)(CC1=CC=CC=C1Cl)N,0,,C[C@@H](CNC1=NC=CC(=N1)C2=CN(N=C2C3=C(C(=CC(=C3)Cl)NS(=O)(=O)C)F)C(C)C)NC(=O)OC,1,,,,,CC(=O)/C=C/C=C\1/C2CCC(C2)C1(C)C,1,,,,,,
,,,,,,CC(CCl)OP(=O)(OC(C)CCl)OC(C)CCl,1,,CNC(=O)[C@@H](C1=CC=CC=C1)N2CCC3=CC(=C(C=C3[C@@H]2CCC4=CC=C(C=C4)C(F)(F)F)OC)OC,1,,,,,CCC(COC(=O)C1=CC(=C(C(=C1)OC)OC)OC)(C2=CC=CC=C2)N(C)C.C(=C\C(=O)O)\C(=O)O,1,,,,,,
,,,,,,CC(C)(C)C1=CC=C(C=C1)OP(=O)(OC2=CC=CC=C2)OC3=CC=CC=C3,1,,CN(CCC1=CC2=C(C=C1)C=CO2)C[C@@H]3CCCC4=C3C=CC=C4OC,1,,,,,CC(=O)NC1=C2C(=CC(=C1)S(=O)(=O)[O-])C=C(C(=C2O)N=NC3=CC=CC=C3)S(=O)(=O)[O-].[Na+].[Na+],0,,,,,,
,,,,,,C1=CC=C(C=C1)N=NC2=C(C=C(C=C2)N)N.Cl,1,,C1=CN=CC=C1C2=NC(=NN2)C3=CC(=NC=C3)C#N,1,,,,,CC1=C(C(=C(C=C1Br)Br)OC)Br,0,,,,,,
,,,,,,C1=CN=CC=C1C(=O)O,0,,CCNC(=O)C1=NOC(=C1C2=CC=C(C=C2)OC)C3=CC(=C(C=C3O)O)Cl,1,,,,,C1=CC=C(C=C1)NC2=CC=CC=C2N,1,,,,,,
,,,,,,CN1[C@@H]2CC[C@H]1CC(C2)OC(=O)C(CO)C3=CC=CC=C3.CN1[C@@H]2CC[C@H]1CC(C2)OC(=O)C(CO)C3=CC=CC=C3.OS(=O)(=O)O,1,,CCN1CCN(CC1)CC2=C(C=C(C=C2)C(=O)NC3=CC(=C(C=C3)C)OC4=CC5=C(C=C4)NC(=O)C5)C(F)(F)F,1,,,,,C1C(O1)COC2=CC=C(C=C2)CC3=CC=C(C=C3)OCC4CO4,1,,,,,,
,,,,,,CCCCC(/C=C(\C)/C=C/C=C/C(=O)N1CCCC1=O)O,0,,CC1=C(C=C(C=N1)NC(=O)C2=CC(=C(C=C2)CN3CCN(CC3)C)C(F)(F)F)NC4=NC=CC(=N4)C5=CN=CC=C5,1,,,,,C1COC1,0,,,,,,
,,,,,,CCCCCC(C)O,0,,CC[C@H]1CN(CCN1C2CCN(CC2)CC3=CC=C(C=C3)Cl)C4=NC(=C(N=C4Cl)C(=O)N)N,0,,,,,CC(=O)[O-].CC(=O)[O-].[Mn+2],1,,,,,,
,,,,,,C1=CC(=CC=C1CCO)NC2=C3C(=C(C=C2)O)C(=O)C4=C(C=CC(=C4C3=O)[N+](=O)[O-])O,1,,CNC(=O)C1=CC=CC=C1NC2=CC(=NC=C2C(F)(F)F)NC3=C(C=C(C=C3)N4CCOCC4)OC,1,,,,,CC1=CC(=C(C(=C1)C(C)(C)C)O)C(C)(C)C,0,,,,,,
,,,,,,C1=CC(=C(C=C1C(F)(F)F)Cl)OC2=CC(=C(C=C2)[N+](=O)[O-])C(=O)O,1,,C1=CC(=CC=C1CNC(=O)C2=CN3C=CN=C3C=C2)S(=O)(=O)C4=CC(=CC(=C4)F)F,1,,,,,COC1=C2C(=CC3=C1OC=C3)C=CC(=O)O2,1,,,,,,
,,,,,,C1COCCN1CCCl.Cl,0,,C1C[C@@H](C[C@@H](C1)CNC(=O)[C@@H](CC2=CNC3=CC=CC=C32)NC(=O)N4CCC5(CC4)C=CC6=CC=CC=C56)CN,1,,,,,CCOC1=CC(=C(C=C1N2CCOCC2)OCC)[N+](=O)[O-],1,,,,,,
,,,,,,CCN(CC)C1=CC=C(C=C1)C(=C2C=CC(=[N+](CC)CC)C=C2)C3=C(C=C(C=C3)S(=O)(=O)[O-])S(=O)(=O)[O-].[Na+],1,,C1COCCC1(CNC(=O)C2=CC=CC(=C2)C3=NOC(=N3)C(F)(F)F)C4=NC(=CS4)C5=CC=CC=C5,1,,,,,CN1CCCCC1CCN2C3=CC=CC=C3SC4=C2C=C(C=C4)S(=O)C,1,,,,,,
,,,,,,C1=CC=C2C(=C1)C3=CC=CC=C3S2,0,,COC1=CC=CC(=C1)NC2=NC=NN3C2=C(C=C3)CN4CC[C@H]([C@@H](C4)O)N,1,,,,,C12C(NC(=O)N1)NC(=O)N2,0,,,,,,
,,,,,,C1C(O1)COC2=CC=C(C=C2)CC3=CC=C(C=C3)OCC4CO4,1,,C1=CC(=CN=C1)C(=O)NC2=CNC3=C2C=C(C=N3)C4=CC=C(C=C4)C#N,1,,,,,CCCCOC(=O)C1=CC=CC=C1C(=O)OCC2=CC=CC=C2,0,,,,,,
,,,,,,CC1=C(C=C(C=C1)C(=O)C(=O)[O-])C.[Na+],0,,CC1=CC(=NN1CC2=CC(=NC=C2)N3CCN(CC3)C4CC4)C5=NC(=NO5)C6=CC=C(C=C6)OC(F)(F)F,1,,,,,CCCCC/C=C\C/C=C\CCCCCCCC(=O)OC,1,,,,,,
,,,,,,CCC(C)(C)C1CCC(CC1)O,0,,C[C@H]1CN(CC[C@@]1(C)C2=CC(=CC=C2)O)C[C@H](C(C)C)NC(=O)[C@H]3CC4=C(CN3)C=C(C=C4)O,1,,,,,CCCCC/C=C/C/C=C/CCCCCCCC(=O)OCC,1,,,,,,
,,,,,,C[C@]12CC[C@H]3[C@H]([C@@H]1CC[C@@H]2OC(=O)CCC4CCCCC4)CCC5=CC(=O)CC[C@H]35,1,,CNC(=O)C1=CC2=C(C=C1)[C@@H](OCC2)CCN3CCN(CC3)C4=CC=C(C=C4)OC,0,,,,,C1=CNC(=S)NC1=O,0,,,,,,
,,,,,,C1CCC(=NO)C1,1,,CC1=CNC2=NC=CC(=C12)OC3=C(C=C(C=C3F)NC4=CC(=NC(=N4)N)Cl)F,1,,,,,CC(C)(C)NCCO,0,,,,,,
,,,,,,CC1=CC(=C(C=C1C)C)C,0,,C[C@](CC1=CNC2=CC=CC=C21)(C(=O)NCC3(CCCCC3)C4=NC=C(C=C4)OC)NC(=O)NC5=CC=C(C=C5)[N+](=O)[O-],1,,,,,CC1=CC(=C(C=C1NC(=O)C2=C(C(=CC(=C2)I)I)O)Cl)C(C#N)C3=CC=C(C=C3)Cl,1,,,,,,
,,,,,,CCCC[Sn](CCCC)(CCCC)Cl,1,,CCN1C2=C(C(=NC=C2OCCCN)C#CCO)N=C1C3=NON=C3N,0,,,,,C1=CC(=C(C=C1Cl)Cl)C(F)(F)F,0,,,,,,
,,,,,,CCN(CC)CCN,0,,CC(C1=CC=C(C2=CC=CC=C21)F)C(=O)NC3=C(C=CC(=C3)C#N)CCCC(=O)O,1,,,,,CCC(=O)OCC1=CC=CC=C1,0,,,,,,
,,,,,,C1=C(C(=C(C(=C1Cl)Cl)CC2=C(C(=CC(=C2Cl)Cl)Cl)O)O)Cl,1,,C1C[C@H](C2=C(C=CC=N2)[C@H]([C@@H]1C3=C(C(=CC=C3)F)F)N)OC(=O)N4CCC(CC4)N5C6=C(NC5=O)N=CC=C6,1,,,,,CCCCCCCCCCCCCC[P+](CCCCCC)(CCCCCC)CCCCCC.C(=[N-])=NC#N,1,,,,,,
,,,,,,CC(=O)NC(CC1=CC=CC=C1)C(=O)O,0,,CC1(C(=NC2=C(N=CN=C2O1)N)C3=CC=C(C=C3)C4CCC(CC4)CC(=O)O)C,0,,,,,COCCOC(=O)CC#N,0,,,,,,
,,,,,,C[C@@H]1CC[C@H]([C@@H](C1)O)C(C)C,0,,CN1CCN(S1(=O)=O)CC2=CC3=C(C=C2)NC=C3CCN(C)C,0,,,,,C1=CC(=C(C=C1[N+](=O)[O-])N)N,1,,,,,,
,,,,,,COC1=C2C=CC(=O)OC2=CC3=C1C=CO3,1,,C1=CC(=CC=C1NC(=O)C[C@@H](C(=O)O)N)OC2=CC(=C(C=C2Br)F)F,0,,,,,CCCC(=O)O[C@@]1([C@H](C[C@@H]2[C@@]1(CC(=O)[C@]3([C@H]2CCC4=CC(=O)C=C[C@@]43C)F)C)C)C(=O)CCl,1,,,,,,
,,,,,,C1(=C(C(=O)C(=C(C1=O)Cl)Cl)Cl)Cl,1,,CN1C2=CC=CC=C2C(=N[C@@H](C1=O)CC3=CNC4=CC=CC=C43)C5=CC=CC=C5F,1,,,,,CCCCCCCCCCOC(=O)C,0,,,,,,
,,,,,,CC1=C(C=CC=C1Cl)NC2=CC=CC=C2C(=O)O,1,,CC1=CC(=CC2=C1N=C(N=N2)NC3=CC=C(C=C3)OCCN4CCCC4)C5=C(C=CC(=C5)O)Cl,1,,,,,CC1=C(C(=CC=C1)C(=O)O)[N+](=O)[O-],0,,,,,,
,,,,,,C1=CC(=CC=C1NC(=O)NC2=CC(=C(C=C2)Cl)C(F)(F)F)Cl,1,,CC(C)NC1=NC=C(C(=C1)C2=CNC(=C2)C(=O)N[C@H](CO)C3=CC(=CC=C3)Cl)Cl,1,,,,,CCOP(=S)(OCC)OC1=CC2=C(C=C1)C(=C(C(=O)O2)Cl)C,1,,,,,,
,,,,,,CC1=C(C(CCC1)(C)C)/C=C/C(=C/C=C/C(=C/C(=O)O)/C)/C,1,,CC1=C(C2=C(C=C1)C(=NC=C2)NC3=CC=C(C=C3)Cl)NC4=C(C=CC=N4)C5=C6C(=NC=N5)N=CN6,1,,,,,C1=CC=C2C(=C1)NC(=N2)C3=CC=CO3,1,,,,,,
,,,,,,CCC(=O)C=C,0,,CN(C)C1=CC2=C(C=C1)N=C(N2)C3=C(C=CC(=C3)NC(=O)C4=CC(=CC(=C4)OC)OC)Cl,1,,,,,CC1=CC(=CC=C1)CN2CCN(CC2)C(C3=CC=CC=C3)C4=CC=C(C=C4)Cl.Cl.Cl,0,,,,,,
,,,,,,CC(COC1=CC=CC=C1)O,0,,CC1=CN(C(=O)N(C1=O)CC2=C(SC(=C2)C3=CC=CC=C3)C(=O)O)C[C@@H](C(=O)O)N,0,,,,,CC(C)(C)C1=CC(=CC(=C1O)C(C)(C)C)/C=C\2/C(=O)NC(=N)S2.CS(=O)(=O)O,1,,,,,,
,,,,,,CC(C(=O)O)OC1=C(C=C(C=C1)Cl)Cl,1,,CCCC1=CN(C2=C1N=C(NC2=O)C3=C(C=CC(=C3)S(=O)(=O)N4CCN(CC4)CCO)OCCC)CC,1,,,,,CCCCCCCCCCCCCCC,0,,,,,,
,,,,,,CCCCCCCC(=O)OC1=C(C=C(C=C1Br)C#N)Br,1,,CC1=CC2=C(C=C1CC3=CC=C(O3)C(=O)NC4=C(C=C(C=C4OC)OC)OC)C(CCC2(C)C)(C)C,1,,,,,CC1=CC=C(C=C1)/C(=C\CN2CCCC2)/C3=CC=CC=N3.O.Cl,0,,,,,,
,,,,,,C[C@H]1/C=C\C=C(/C(=O)NC2=CC(=C3C(=C2O)C(=C(C4=C3C(=O)[C@](O4)(OC=C[C@@H]([C@H]([C@H]([C@@H]([C@@H]([C@@H]([C@H]1O)C)O)C)OC(=O)C)C)OC)C)C)O)[O-])\C.[Na+],1,,CN(CCCNC(=O)C1=CC2=C(C=C1)N=C3CCCCC3=C2Cl)CC4=CC=CC=C4,1,,,,,C1=CC=C(C=C1)NC2=CC3=CC=CC=C3C=C2,1,,,,,,
,,,,,,C1=CC2=C3C(=C1)C=CC4=C(C=CC(=C43)C=C2)O,1,,CC1=CC2=C(N1C)N=C(N=C2N3CCCC3)N4CCCC4,1,,,,,C1=CC=C2C(=C1)C=C3C=CC=CC3=C2[N+](=O)[O-],1,,,,,,
,,,,,,CCCCOCCOC(=O)C1=CC=CC=C1C(=O)OCCOCCCC,1,,COC1=CC=CC=C1N2CCN(CC2)C3=NC(=NC4=CC(=C(C=C43)OC)OC)C5CC5,1,,,,,CC1=CC2=C(C(=C1)O)C(=O)C3=C(C2=O)C=C(C=C3O)O,1,,,,,,
,,,,,,C[C@@]12CCC[C@@]([C@H]1CC[C@]34[C@H]2CC[C@](C3)(C(=C)C4)O[C@H]5[C@@H]([C@H]([C@@H]([C@H](O5)CO)O)O[C@H]6[C@@H]([C@H]([C@@H]([C@H](O6)CO)O)O)O)O[C@H]7[C@@H]([C@H]([C@@H]([C@H](O7)CO)O)O)O)(C)C(=O)O[C@H]8[C@@H]([C@H]([C@@H]([C@H](O8)CO)O)O)O,0,,C1COC(C2=CC=CC=C21)CCN3CCN(CC3)C4=CC=C(C=C4)F,0,,,,,CC(=O)C(=O)C,0,,,,,,
,,,,,,O=[Cr]O[Cr]=O,0,,C1CN[C@@H]1COC2=CN=CC(=C2)C#CCCCCO,0,,,,,CCC1=CC(=C(C(=C1)C(C)(C)C)O)CC2=C(C(=CC(=C2)CC)C(C)(C)C)O,1,,,,,,
,,,,,,CCCN1C=C[N+](=C1)C.F[P-](F)(F)(F)(F)F,0,,CCC[C@@H](C(=O)NC1=CN(C=N1)C(C)(C)CNCC(C)(C)C)N[C@H]2CCC3=C(C2)C(=CC(=C3)F)F,1,,,,,C1=CC=C2C(=C1)C=CC=C2CC(=O)[O-].[K+],0,,,,,,
,,,,,,COC1=CC=C(C=C1)C(=C(C2=CC=C(C=C2)OC)Cl)C3=CC=C(C=C3)OC,1,,CC[N+]1(CCC(CC1)NC(=O)C2C3=C(C=CC(=C3)Cl)OC4=C2C=C(C=C4)Cl)C/C/5=C/CCCCCC5,1,,,,,CC(=O)NNC(=O)C,0,,,,,,
,,,,,,CCC1=C(C(=C(C=C1C)N)CC)N,1,,CC(=O)NCC1=CC(=CC=C1)OC[C@H](CNCCC2=CC=C(C=C2)NS(=O)(=O)C3=CC=CC=C3)O,1,,,,,CCC(=O)N(C1CCN(CC1)CC(C2=CC=CC=C2)O)C3=CC=CC=C3.Cl,1,,,,,,
,,,,,,C1=CC=C(C(=C1)C=O)C=O,1,,C1CN(CCC1(C2=CC=C(C=C2)Cl)O)CCCC(C#N)(C3=CC=CC=C3)C4=CC=CC=C4,0,,,,,COP(=O)(N)SC,0,,,,,,
,,,,,,CN(C)CCO,0,,CC1=CN(C=N1)C2=C(C=C(C=C2)C3=CN(N=N3)C4CCC5=C(C=CC=C5F)N(C4=O)CC(F)(F)F)OC,0,,,,,CC(C)OC1=CC=CC=C1OC(=O)NC,0,,,,,,
,,,,,,CC1=C(C=C(C=C1)NC(=O)C2=CC=C(C=C2)CN3CCN(CC3)C)NC4=NC=CC(=N4)C5=CN=CC=C5.CS(=O)(=O)O,0,,CCCCN(CC)C1=NC(=NC2=C1C(=CN2C3=C(C=C(C=C3C)C)C)C)C,1,,,,,CC(C)(C)C1=NNC(=O)N(C1=O)N,0,,,,,,
,,,,,,CCN(CC)CCCC(C)NC1=C2C=CC(=CC2=NC=C1)Cl.OP(=O)(O)O.OP(=O)(O)O,0,,C1CN(CCC1CC2=CC=CC=C2)CC#CC3=CC4=C(C=C3)NC(=O)N4,1,,,,,C1=CC=C(C=C1)C2=CSC(=N2)N.O.Br,1,,,,,,
,,,,,,C1=CC(=CC(=C1)I)[N+](=O)[O-],0,,CCCC1=C(C(=C(N=C1C(C)C)C(C)C)[C@@H](C)O)C2=C(C=C(C=C2)F)O,1,,,,,CCCCCCCCCCCCCCCCCC[N+](C)(C)C.[Cl-],0,,,,,,
,,,,,,C1=CC(=C(C=C1C2=C(C=C(C=C2)F)F)C(=O)O)O,1,,C1COCCN1C2=CC(=O)C3=C(O2)C(=CC=C3)C4=CC=C(C=C4)N,1,,,,,C1=CC(=C(C(=C1C2=CC(=C(C(=C2)Br)Br)Br)Br)Br)Br,1,,,,,,
,,,,,,CCCCCCCCCC(CC)C1=CC=C(C=C1)S(=O)(=O)[O-].[Na+],1,,COC1=CC(=NC=C1)CCC2=NC3=C(N2)C=CC=N3,0,,,,,COC1=CC(=CC=C1)Br,0,,,,,,
,,,,,,CNC1=CC=C(C=C1)O.CNC1=CC=C(C=C1)O.OS(=O)(=O)O,1,,CC1(CC(CC(N1)(C)C)NC(=O)C(=O)NC2=CC=C(C=C2)Cl)C,0,,,,,CC1=CC=C(C=C1)[N+](=O)[O-],0,,,,,,
,,,,,,CN/C(=C\[N+](=O)[O-])/NCCSCC1=CC=C(O1)CN(C)C,0,,CN1C(=CC2=C(C1=O)C(=NO2)C3=CC=NC=C3)C4=CC=C(C=C4)OC,1,,,,,P(Cl)(Cl)(Cl)(Cl)Cl,0,,,,,,
,,,,,,CC1=C(C(=O)CC1OC(=O)C2C(C2(C)C)C=C(C)C)CC#C,1,,CCC[C@H](C1=CC2=C(C=C1)OCO2)NC(=O)N3[C@H](C(C3=O)(CC)CC)OC4=CC=C(C=C4)C(=O)N5CCN(CC5)C,1,,,,,CCC(C)C1=NC=CN=C1OC,0,,,,,,
,,,,,,CCOC(=O)C1=C(NC(=C(C1C2=CC=CC=C2/C=C/C(=O)OC(C)(C)C)C(=O)OCC)C)C,1,,CC(C)C1=C(C(=CC=C1)C(C)C)NC(=O)NC2=CC=C(C=C2)SC3=CC=C(C=C3)[N+](=O)[O-],1,,,,,C1COCCN1S(=O)(=O)C2=CC=C(C=C2)NC(=O)C3=C(C=CC(=C3)Cl)NS(=O)(=O)C4=CC=C(S4)Cl,1,,,,,,
,,,,,,CCN(CC)CC(=O)NC1=C(C=CC=C1C)C,0,,C[C@H]([C@@H](CC1=CC(=CC=C1)C(=N)N)C(=O)OC)NC(=O)C2=CC=C(C=C2)C3=CC=[N+](C=C3)[O-],0,,,,,CC[S+](C)CC.C(F)(F)(F)S(=O)(=O)[N-]S(=O)(=O)C(F)(F)F,0,,,,,,
,,,,,,CC\1=C(C2=C(/C1=C\C3=CC=C(C=C3)S(=O)C)C=CC(=C2)F)CC(=O)O,1,,CNC(=O)C1=CC2=C(C=C1)C=C(C=C2)[C@]3(CCN4C3=CN=C4)O,1,,,,,CCCOCC(=NC1=C(C=C(C=C1)Cl)C(F)(F)F)N2C=CN=C2,1,,,,,,
,,,,,,CCOC(=O)C(C)(C)OC1=CC=C(C=C1)Cl,0,,CC(C)C1=CC(=C(C=C1CC2=CN=C(N=C2N)N)OC)OC,1,,,,,CCOC(=O)/C=C(\C)/C=C/C=C(\C)/C=C/C1=C(C(=C(C=C1C)OC)C)C,1,,,,,,
,,,,,,CCCN1CCCC[C@H]1C(=O)NC2=C(C=CC=C2C)C.Cl,0,,CC(C)(C[C@@](CC1=CC2=C(N1)C=NC=C2)(C(F)(F)F)O)C3=C(C=CC(=C3)F)O,1,,,,,CCCCCCC(CCCCCCCCCCC(=O)OC)O,0,,,,,,
,,,,,,CC1=C(C(CCC1)(C)C)/C=C/C(=C/C=C/C(=C\C(=O)O)/C)/C,1,,CC1=CC2=C(C=C1)NC3=C2CCNC3CC4=CC(=C(C=C4)OC)OC,1,,,,,C=CCN=C=S,0,,,,,,
,,,,,,C1CN(CCN1CCOCC(=O)N)C(C2=CC=CC=C2)C3=CC=C(C=C3)Cl.Cl.Cl,0,,CN(CCCOC1=CC=C(C=C1)CC2=CC=CC=C2)CCC(=O)O,0,,,,,CC1=CC=CC=C1OCC2=CC=CC=C2/C(=N\OC)/C(=O)OC,1,,,,,,
,,,,,,C(SCl)(Cl)(Cl)Cl,1,,CC(C)NC(=O)NC1=C(C=C(C=C1)C(F)(F)F)C(=O)NCC(=O)N[C@H]2CCCC[C@H]2NC(=O)C3=CC=C(C=C3)SC,1,,,,,CC(C)(C)NCC(=O)NC1=CC(=C2C[C@H]3C[C@H]4[C@@H](C(=O)C(=C([C@]4(C(=O)C3=C(C2=C1O)O)O)O)C(=O)N)N(C)C)N(C)C,0,,,,,,
,,,,,,C1=CC(=C(C=C1C(F)(F)F)Cl)Cl,0,,CC1=CC(=NC2=C1C(=C(S2)C(=O)NCC3=CC=C(C=C3)Cl)N)C,1,,,,,C1=CC=C(C(=C1)CC(=O)[O-])NC2=C(C=CC=C2Cl)Cl.[Na+],0,,,,,,
,,,,,,CCC(C(=O)N)N1CCCC1=O,0,,COC1=CC=CC(=C1)C2=CC=C(C=C2)[C@H](C(F)(F)F)OC3=NC(=NC(=C3)C4=CC=C(C=C4)C[C@@H](C(=O)O)N)N,0,,,,,CCCCCCCCCCCCCC[P+](CCCC)(CCCC)CCCC.[Cl-],1,,,,,,
,,,,,,CN(C)S(=O)(=O)C1=CC=C(C=C1)OP(=S)(OC)OC,1,,C1CN(CCN1C2=C3C=CC(=CC3=NC=C2)Cl)S(=O)(=O)C4=CC=C(C=C4)Cl,1,,,,,CC(C)(C)NCC(C1=CC(=C(C=C1)O)CO)O,0,,,,,,
,,,,,,CCCCCCCC/C=C\CCCCCCCC(=O)OCCO,1,,CC(C)C1=CC=C(C=C1)C2=NC(=O)N(C3=C2C=C(C=C3)OCC#C)C(C)C,1,,,,,COC(=O)NC1=NC2=C(N1)C=C(C=C2)SC3=CC=CC=C3,1,,,,,,
,,,,,,C(CCC#N)CC#N,0,,CN(C)CCN(CC1=CC=C(C=C1)C2=CC=C(C=C2)CNCCC3=CC=CC=C3)C(=O)CCC4CCCC4,1,,,,,COC(=O)C1=C(C=CC(=C1)OC2=C(C=C(C=C2)Cl)Cl)[N+](=O)[O-],1,,,,,,
,,,,,,CCCCCCCC/C=C\CCCCCCCC(=O)OCC,1,,COC1=C(C=C(C=C1)S(=O)(=O)NC2=C(C(=CC(=C2)Cl)Cl)OC)N3CCNCC3,1,,,,,CC(C)C(C(C)(C)COC(=O)C(C)C)OC(=O)C(C)C,0,,,,,,
,,,,,,CC1=C(N2[C@@H]([C@@H](C2=O)NC(=O)[C@@H](C3=CC=C(C=C3)O)N)SC1)C(=O)O,0,,C1C(=NN(C1=O)C2=CC=CC=C2)C3=CC=C(C=C3)[N+](=O)[O-],1,,,,,CCCCC1C(=O)N(N(C1=O)C2=CC=C(C=C2)O)C3=CC=CC=C3,1,,,,,,
,,,,,,C1=CC=C(C=C1)NC(=O)C2=CC=CC=C2I,1,,C1CCCN(CC1)CCN2C=C(N=N2)CNC3=CC4=C(C(=CN=C4C(=C3)Cl)C#N)NC5=CC(=C(C=C5)F)Cl,1,,,,,COC1=CC=C(C=C1)C2=COC3=C(C2=O)C=CC(=C3)O,1,,,,,,
,,,,,,CO[P+](=O)OC,0,,C1CN(CCN1C2=NC(=NS2)C3=CC=CC=C3)C(=O)NC4=CC=CC=C4,0,,,,,C(CCCC(=O)O)CCCC(=O)O,0,,,,,,
,,,,,,CN(C)CCOC(C1=CC=C(C=C1)Cl)C2=CC=CC=N2.C(=C\C(=O)O)\C(=O)O,0,,C[C@@H]([C@@H](CC1=CC=C(C=C1)Cl)C2=CC=CC(=C2)C#N)NC(=O)C(C)(C)OC3=NC=C(C=C3)C(F)(F)F,1,,,,,C1=CC=C(C=C1)/[N+](=N/[O-])/[O-].[NH4+],1,,,,,,
,,,,,,COCCOCCOC,0,,COC1=C(C=C(C=C1)F)C2=CC(=NC=C2Cl)NC(=O)[C@@H]3CCCNC3,1,,,,,C1[C@H]([C@@H]([C@H]([C@@H]([C@H]1N)O[C@@H]2[C@@H]([C@H]([C@@H]([C@H](O2)CN)O)O)O)O)O[C@@H]3[C@@H]([C@H]([C@@H]([C@H](O3)CO)O)N)O)N.OS(=O)(=O)O,0,,,,,,
,,,,,,C1=CC(=CC=C1C(F)(F)F)Cl,0,,CC1=C(C(=NO1)C2=CC=CC=C2)C(=O)N3CCN(CC3)C4=C(C=C(C=C4)[N+](=O)[O-])Cl,0,,,,,C[C@@H]1CC(=O)NN=C1C2=CC=C(C=C2)NN=C(C#N)C#N,1,,,,,,
,,,,,,C[C@]12CC[C@H]3[C@H]([C@@H]1CC[C@@H]2C(=O)CO)CCC4=CC(=O)CC[C@]34C,1,,COC1=CC=CC=C1OC2=CC=C(C=C2)N(CC3=CN=CC=C3)S(=O)(=O)CC(F)(F)F,1,,,,,C1(C(C(C(C(C1Cl)Cl)Cl)Cl)Cl)Cl,1,,,,,,
,,,,,,CCOC(=O)CN1C2=C(C=CC=C2Cl)SC1=O,1,,CCCCN1C(=C(N=C1C2=CC=CC=C2)C3=CC=CC=C3)CN(CC4=CC5=C(C=C4)OCO5)CC6=CC7=C(C=C6)OCO7,1,,,,,C(=O)(C(Cl)(Cl)Cl)C(Cl)(Cl)Cl,0,,,,,,
,,,,,,CC(C)NC(=O)N1CC(=O)N(C1=O)C2=CC(=CC(=C2)Cl)Cl,1,,CC1=C(C(=CC=C1)C)N2C(=O)C3=CN=C(N=C3N4C2=NC5=CC=CC=C54)NC6=CC=C(C=C6)N7CCN(CC7)C,0,,,,,COC1=C(C=CC(=C1)Cl)Cl,0,,,,,,
,,,,,,CCCCCCOC(=O)C1=CC=CC=C1C(=O)OCCCCCC,1,,C1=CC=C(C(=C1)C2=CC=C(C=C2)C3=CSC4=C3C(=O)C(C(=O)N4)C#N)O,1,,,,,CC(=C)CC(C)(C)C,0,,,,,,
,,,,,,CC1=CC=C(C=C1)S(=O)(=O)[N-]Cl.O.O.[Na+],0,,COC1=C(C=C(C=C1)[C@H]2C3=C(C[C@H](N2)C(=O)O)C4=CC=CC=C4N3)CN5CCN(CC5)C6=CC=CC=C6F,0,,,,,C1=CC=C2C(=C1)C(=CN2)CC(=O)O,0,,,,,,
,,,,,,CCCCOC(=O)C1=CC=CC=C1C(=O)OCCCC,1,,CC1=CN(C=N1)C2=C(C=C(C=C2)/C=C/3\CCCN(C3=O)[C@@H](C)C4=CC=C(C=C4)F)OC,0,,,,,C1=CC(=CN=C1)C(=O)N,0,,,,,,
,,,,,,CCCCCCCCOCCCN,1,,CCN(CC)CCCCNC1=NC=C2CN(C(=O)N(C2=N1)CC3=CC(=CC=C3)NC(=O)C=C)C4=C(C(=CC(=C4Cl)OC)OC)Cl,1,,,,,C1C(O1)C2=CC=CC=C2,0,,,,,,
,,,,,,CCCCC1C(=O)N(N(C1=O)C2=CC=CC=C2)C3=CC=CC=C3,1,,CCCN1C=C2C(=N1)N=C(N3C2=NC(=N3)C4=CC=CO4)NC(=O)NC5=CC=C(C=C5)OC,1,,,,,CC(=C)CC(C)(C)C,0,,,,,,
,,,,,,CCCCCCOC(=O)CC(CC(=O)OCCCCCC)(C(=O)OCCCCCC)OC(=O)CCC,1,,CN1CCN(CC1)CC2=NC3=C(C=C(C(=C3)Cl)CN(CC#C)C4=CC=C(C=C4)C(=O)NCC5=CN=CC=C5)C(=O)N2C,1,,,,,C1=CC(=C(C=C1[N+](=O)[O-])[N+](=O)[O-])SC#N,1,,,,,,
,,,,,,CCOC(=O)C1=CC=CC=C1S(=O)(=O)NC(=O)NC2=NC(=CC(=N2)Cl)OC,0,,C1=CC=C(C=C1)/C(=C\2/C3=CC=CC=C3N(C2=O)CC4=CC(=CC=C4)C(=O)O)/C5=CC=C(C=C5)Cl,1,,,,,CC(C)(C1=CC=C(C=C1)OCC2CO2)C3=CC=C(C=C3)OCC4CO4,1,,,,,,
,,,,,,C1=CC(=C(C=C1[N+](=O)[O-])N)O,1,,CC(C)S(=O)(=O)NC1=C(C(=C(C=C1)F)C(=O)C2=CNC3=C2C=C(C=N3)C4=CN=CC=C4)F,1,,,,,CO/N=C(\C1=CC=CC=C1OC2=C(C(=NC=N2)OC3=CC=CC=C3Cl)F)/C4=NOCCO4,1,,,,,,
,,,,,,CC(=O)CC(=O)NC1=CC(=C(C=C1OC)Cl)OC,1,,C1C[C@H](C(=O)N(C[C@@H]1C2=C(C(=CC=C2)F)F)CC(F)(F)F)NC(=O)N3CCC(CC3)N4C5=C(NC4=O)N=CC=C5,0,,,,,CC(C)CP(=S)(CC(C)C)[S-].[Na+],0,,,,,,
,,,,,,CCCCOC(=O)CCCCCCCC(=O)OCCCC,1,,C[C@@H]1CN(C[C@H]1C2=NC3=C(C=NN3C4CCOCC4)C(=O)N2)CC5=CC=CC=C5,0,,,,,CC(C)(C)C1=CC=C(C=C1)S(=O)(=O)NC2=C(C(=NC(=N2)C3=NC=CC=N3)OCCO)OC4=CC=CC=C4OC,1,,,,,,
,,,,,,CCCCC[Si](OCC)(OCC)OCC,1,,CCO[C@H]1CN(C[C@@H]1NC(=O)CNC(=O)C2=CC(=CC=C2)C(F)(F)F)C3CCC(CC3)(C4=CC5=C(C=C4)OCO5)O,1,,,,,CCNC1=NC(=NC(=N1)Cl)NC(C)(C)C#N,1,,,,,,
,,,,,,C1CCCN(CCC1)N=O,0,,CN[C@@H](C[C@H]1CCCOC1)CNC(=O)N2CCC[C@H](C2)[C@H](C3=CC(=CC=C3)Cl)OCCNC(=O)OC,1,,,,,CC(C)(C1=CC=C(C=C1)O)C2=CC=C(C=C2)O,1,,,,,,
,,,,,,C1CCC(CC1)NC2CCCCC2,0,,C1=CC(=CC(=C1)OCC(C(F)F)(F)F)CNCCC2=CNC3=C2C=CC(=C3)F,1,,,,,CS(=O)(=O)O.C#CCN[C@@H]1CCC2=CC=CC=C12,0,,,,,,
,,,,,,C1=CC=C2C(=C1)C=C3C=CC=CC3=C2C(=O)O,1,,CC1(C(=NC2=C(N=CN=C2O1)N)C3=CC=C(C=C3)C45CCC(CC4)(CC5)CC(=O)O)C,0,,,,,CCCCOC1=CC=C(C=C1)C(=O)CCN2CCCCC2.Cl,1,,,,,,
,,,,,,CC(C)OC1=CC=CC(=C1)NC(=O)C2=CC=CC=C2C(F)(F)F,1,,CCC1=CN=C(N=C1)N2CCC(CC2)C3=NC(=CS3)COC4=CC=C(C=C4)N5C=NN=N5,1,,,,,C1CN(CCN1CCC(=O)N2C3=CC=CC=C3SC4=C2C=C(C=C4)C(F)(F)F)CCO,1,,,,,,
,,,,,,C(=S)=S,1,,CCCCN(CCCC)C(=O)CN1C[C@@H]([C@H]([C@@H]1C2=CC=C(C=C2)OC)C(=O)O)C3=CC4=C(C=C3)OCO4,1,,,,,CCCCCCCCCCCCSC,0,,,,,,
,,,,,,C([C@H]([C@H]([C@@H]([C@@H](CO)O)O)O)O)O,0,,CC(C)(C(=O)N[C@H](CC1=CNC2=CC=CC=C21)C(=O)N3CCC[C@](C3)(CC4=CC=CC=C4)C(=O)N(C)N(C)C)N,1,,,,,CCC1(CCC(=O)NC1=O)C2=CC=C(C=C2)N,0,,,,,,
,,,,,,C[C@@H]1CC(=O)NN=C1C2=CC=C(C=C2)NN=C(C#N)C#N,1,,CC1=C(N=C(C(=N1)C)C(=O)N)C2=CC=C(C=C2)C3CCC(CC3)CC(=O)O,0,,,,,C1=CC=C(C=C1)C(=O)C2=CC=CC=C2O,0,,,,,,
,,,,,,CC(C)C[C@H]1CN2CCC3=CC(=C(C=C3[C@@H]2CC1=O)OC)OC,1,,C[C@H]([C@@H](C(=O)NO)NC(=O)C1=CC=C(C=C1)C#CC2=CC=C(C=C2)CN3CCOCC3)O,0,,,,,CCOC(=O)COC1=C(C=C(C(=C1)C2=NN(C(=C2Cl)OC(F)F)C)F)Cl,1,,,,,,
,,,,,,C1=CC=C2C(=C1)N=C(C(=N2)Cl)Cl,0,,CNS(=O)(=O)C1=CC=CC=C1NC2=NC(=NC=C2Br)NC3=C(C=C(C=C3)N4CCN(CC4)C)OC,1,,,,,C[C@]12CC[C@H](C[C@@H]1CC[C@@H]3[C@@H]2CC[C@]4([C@H]3CCC4=O)C)O,1,,,,,,
,,,,,,C1=CC2=C(C=C1OC3=CC4=C(C=C3)C(=O)OC4=O)C(=O)OC2=O,0,,C1=CC=C(C=C1)N2C=C(C=C(C2=O)C3=CC=CC=C3C#N)C4=CC=CC=N4,1,,,,,C1=CC(=CC=C1[N+](=O)[O-])OC2=C(C=C(C=C2)C(F)(F)F)[N+](=O)[O-],1,,,,,,
,,,,,,C(CC(=O)O)C(=O)O,0,,CCNC(=O)NC1=CC=C(C=C1)C2=NC3=C(CCN(C3)C4=NC=CC=N4)C(=N2)N5CCOC[C@@H]5C,1,,,,,CC[C@]12CC[C@H]3[C@H]([C@@H]1CC[C@]2(C#C)O)CCC4=CC(=O)CC[C@H]34,1,,,,,,
,,,,,,C1=CC=C2C(=C1)C(=O)C(=C(C2=O)Cl)Cl,1,,CC1=C(C=C(C=C1)N2C(=O)C=CC3=CN=C4C=CC(=CC4=C32)C5=CC=C(C=C5)NS(=O)(=O)C)NC(=O)C=C,1,,,,,COC1=CC=C(C=C1)C=O,0,,,,,,
,,,,,,CC(=O)NC1=CC=C(C=C1)O,0,,CCOC1=CC(=C(C=C1)OC2=CC=C(C=C2)OCC3=C(C=CC(=C3)F)F)N,1,,,,,C1CN(CCN1)C2=CC(=CC=C2)Cl,0,,,,,,
,,,,,,C(CCBr)CCl,0,,COC(=O)[C@H](CC1C=NC=N1)NCC23CC4CC(C2)CC(C4)C3,0,,,,,CN1CCCC(CC1)N2C(=O)C3=CC=CC=C3C(=N2)CC4=CC=C(C=C4)Cl.Cl,1,,,,,,
,,,,,,CCC(=O)OC1(CCN(CC1)C)C2=CC=CC=C2.Cl,0,,CNS(=O)(=O)C1=CC=CC=C1NC2=NC(=NC=C2Cl)NC3=C(C=C(C=C3)N4CCN(CC4)C)OC,1,,,,,CC1=C(C(=O)OC2=C1C=CC(=C2)OP(=O)(OCCCl)OCCCl)Cl,1,,,,,,
,,,,,,COC(=O)C1=CC=C(C=C1)C(=O)OC,1,,C1CN(CCN1C(C2=CC=CC=C2)C3=CC=CC=C3)C(=O)CC(C4=CC=CC=C4)C5=CC=CC=C5,0,,,,,C1=CC=C2C(=C1)C=CC3=CC=CC=C3N2C(=O)N,0,,,,,,
,,,,,,C1=NNC2=C1C(=O)NC(=O)N2,0,,C1=CC=C(C(=C1)C2=NC3=CN(C=CC3=N2)CC4=NN=C(C=C4)C5=C(C=C(C=C5)C(F)(F)F)C(F)(F)F)F,1,,,,,CCOC(=O)N1C=CN(C1=S)C,0,,,,,,
,,,,,,C1=CC=C(C=C1)C(=O)NCC(=O)O,0,,CCOC(=O)CCN(C1=CC=CC=N1)C(=O)C2=CC3=C(C=C2)N(C(=N3)CNC4=CC=C(C=C4)C(=N)N)C,1,,,,,CC(C(=O)O)Br,0,,,,,,
,,,,,,CN(C)C1=CC2=C(C=C1)N=C3C=CC(=[N+](C)C)C=C3S2.[Cl-],1,,CN(C)CCOC1=C(C=CC(=C1)C2=CNN=C2)NC(=O)[C@H]3CC4=C(C=CC(=C4)OC)OC3,1,,,,,CC(CC1=CC(=C(C=C1)O)O)C(C)CC2=CC(=C(C=C2)O)O,1,,,,,,
,,,,,,CCOCCOCCO,0,,C1C[C@H]2CN[C@@H](C[C@H]2C[C@H]1CCC3=NNN=N3)C(=O)O,0,,,,,C[Si](CN1C=NC=N1)(C2=CC=C(C=C2)F)C3=CC=C(C=C3)F,1,,,,,,
,,,,,,CC(=O)/C=C/C1=CC=CC=C1,0,,C1CN2C(=N1)C3=CC=CC=C3C2(C4=CC=C(C=C4)Cl)O,0,,,,,C(C[N+](=O)[O-])C(=O)O,0,,,,,,
,,,,,,CC(C)OC1=CC=CC=C1O,0,,CC1=NC2=C(C=C(C(=C2)Br)CN(CC#C)C3=CC=C(C=C3)C(=O)NCC4=CN=CC=C4)C(=O)N1,1,,,,,COC(=O)CC1=CC=CC2=CC=CC=C21,0,,,,,,
,,,,,,CC1=C(C(=CC=C1)NC2=CC(=NC(=N2)SCC(=O)O)Cl)C,1,,C1CNCCC1NS(=O)(=O)C2=C(C=CC(=C2)S(=O)(=O)C3=CC=CC=C3)C(F)(F)F,1,,,,,CC1=C2C(=C(C=C1)[N+](=O)[O-])[Hg]O2,1,,,,,,
,,,,,,CCC(=C)C(=O)C1=C(C(=C(C=C1)OCC(=O)O)Cl)Cl,1,,CC1=NN(C(=C1)N2CCN(CC2)[C@H]3C[C@H](NC3)C(=O)N4CCSC4)C5=CC=CC=C5,0,,,,,CC(=CCCC(C)(C=C)OC(=O)C)C,0,,,,,,
,,,,,,COC1=CC=C(C=C1)C(=O)NC2=NC3=CC=CC=C3C(=C2C#N)NCC4=CC=CC=C4,1,,C1CCC(CC1)C2=NC3=C(N2)C(=NC4=CC=CC=C43)NC5=CC(=C(C=C5)Cl)Cl,0,,,,,C1=CC(=CC(=C1)C(=O)O)C(=O)O,0,,,,,,
,,,,,,C[Si](C)(C)N[Si](C)(C)C,0,,CN1CCC2=C(C1)SC(=N2)C(=O)N[C@@H]3C[C@H](CC[C@@H]3NC(=O)C(=O)NC4=NC=C(C=C4)Cl)C(=O)N(C)C,0,,,,,C1=CC=C2C(=C1)C=CC3=C2C=CC=N3,1,,,,,,
,,,,,,CC1=CC=CC=C1CO[C@@H]2C[C@]3(CC[C@@]2(O3)C)C(C)C,1,,CC1=C(C=CC(=C1Cl)C#N)N2C(=O)[C@@H]3[C@@H](CCN3C2=O)O,0,,,,,C1=CC(=CC=C1C(=O)Cl)C(=O)Cl,0,,,,,,
,,,,,,CCC(O)OCC(C)OC(CC)O,0,,CC1=C(C=CC(=C1)OCC2=NC(=CS2)C3=CC=CC=C3Cl)OCC(=O)O,1,,,,,CN(C)C(=O)C(C1=CC=CC=C1)C2=CC=CC=C2,1,,,,,,
,,,,,,CN1C(=NN(C1=O)C(=O)[N-]S(=O)(=O)C2=CC=CC=C2OC(F)(F)F)OC.[Na+],1,,CC1=NOC(=C1NC(=O)O[C@H](C)C2=CC=CC=C2Cl)C3=CC=C(C=C3)C4=CC=C(C=C4)CC(=O)O,1,,,,,CCOC(=O)C1=C(NC(=C(C1C2=CC(=CC=C2)[N+](=O)[O-])C(=O)OC)C)C,1,,,,,,
,,,,,,CC1=C(ON=C1C)NS(=O)(=O)C2=CC=C(C=C2)N,0,,C1CC(CCC1N)NC2=NC=C(C(=C2)C3=NC(=CC=C3)NCC4=CC(=CC=C4)F)Cl,1,,,,,C1=C(C=C(C(=C1Cl)N)Cl)N,1,,,,,,
,,,,,,CCCC(=O)O,0,,CC1=CC=C(C(=O)N1C2=CC=C(C=C2)F)C(=O)NC3=CC(=C(C=C3)OC4=C(C=C5C(=C4)C=NN5C)C6=CNN=C6)F,0,,,,,CC(=C)OC(=O)C,0,,,,,,
,,,,,,C1=CC=C(C=C1)CN=C=S,1,,CC1=C(N=C(O1)C2=CC=CC=C2)CCOC3=C4C=CSC4=C(C=C3)C[C@@H](C(=O)O)OC,1,,,,,CC1=C(C2=C(C=C1)N=C(S2)C3=CC=C(C=C3)N)S(=O)(=O)O,1,,,,,,
,,,,,,C1=CC=C(C=C1)SSC2=CC=CC=C2,1,,C1=CC2=C(N(N=C2C(=C1)C(F)(F)F)CC3=C(C=C(C=C3)F)Cl)C4=CC=C(C=C4)F,1,,,,,CCCCN(CCCC)C(=S)SSC(=S)N(CCCC)CCCC,1,,,,,,
,,,,,,CC/C=C\C/C=C\C/C=C\CCCCCCCC(=O)O,1,,CC(C)N1C=NC2=C(N=C(N=C21)NCCO)NC3=CC(=CC=C3)Cl,1,,,,,CC1([C@H]([C@H]1C(=O)OCC2=CC(=CC=C2)OC3=CC=CC=C3)C=C(Cl)Cl)C,0,,,,,,
,,,,,,C=CCOC(=O)CCC1CCCCC1,0,,CC1=CN(C=N1)C2=C(C=C(C=C2)NC3=NC4=C(S3)CCCC4C5=CC=C(C=C5)F)OC,1,,,,,COCCO,0,,,,,,
,,,,,,CC(=CCC/C(=C/CCC(C)(C=C)O)/C)C,1,,CN1CCC2=C(C1)C3=CC=CC=C3CC4=CC=CC=C24,0,,,,,[C-]#N.[C-]#N.[K+].[Au+],1,,,,,,
,,,,,,CC(C)NC(C)C,0,,CCOC(=O)CNC(=O)[C@@H]1CCCN1C(=O)CC2=CC=CC=C2,0,,,,,CC1COC2=CC=CC=C2N1C(=O)C(Cl)Cl,1,,,,,,
,,,,,,C1CCN(CC1)CCOC2=CC=C(C=C2)C(=O)C3=C(SC4=C3C=CC(=C4)O)C5=CC=C(C=C5)O.Cl,1,,C1CCN(CC1)C(=O)N2CCN3C=C(C4=CC(=CC(=C43)C2)F)C5=C(C(=O)NC5=O)C6=CN=C7N6C=CC=C7,1,,,,,C1=CC2=C(C=CC(=C2N=C1)O)S(=O)(=O)O.O,0,,,,,,
,,,,,,C1=CC(=C(C=C1C(=O)O)O)O,1,,CC1=C(C=C(C=C1)O)NC2=NC(=NC=C2)NC3=CC=CC(=C3)C(=O)N,1,,,,,C1=C(C(=C(C(=C1Cl)Cl)CC2=C(C(=CC(=C2Cl)Cl)Cl)O)O)Cl,1,,,,,,
,,,,,,CC1=CC=C(C=C1)S(=O)(=O)O.CNC(=O)C1=NC=CC(=C1)OC2=CC=C(C=C2)NC(=O)NC3=CC(=C(C=C3)Cl)C(F)(F)F,1,,C1COC[C@H]1N2C3=NC(=NC=C3N=C2NC4=C(C=C(C=C4F)F)F)NC5CCC(CC5)O,0,,,,,CC[N+](C)(CC)CC.[Cl-],0,,,,,,
,,,,,,CN1C=CNC1=S,1,,CC(C)(C(=O)NC1=CC(=CC=C1)S(=O)(=O)NC2=NC3=CC=CC=C3N=C2NC4=C(C=CC(=C4)OC)Cl)N,1,,,,,C1CSCCS1,1,,,,,,
,,,,,,CCCCCCC(CCCCCCCCCCC(=O)OC)O,1,,CC(C)(CC1=NC(=NO1)C2=NC=C(C=C2)O)C(=O)NC3=C(CCCC3)C(=O)O,0,,,,,CCOC1=C(C=CC(=C1)C=O)O,0,,,,,,
,,,,,,C1=CC=C(C=C1)NN.Cl,1,,CC(C)C1=NOC(=C1)CNC2=NC(=CC(=N2)N3CCN(CC3)C)NC4=NNC(=C4)C5CC5,1,,,,,CC(C)(C)C1=CC=C(C=C1)CN(C)CC2=CC=CC3=CC=CC=C32,1,,,,,,
,,,,,,CCCC1CCCCN1,0,,C1CN(CCC1=CC2=CC(=CC=C2)OC3=NC=C(C=C3)C(F)(F)F)C(=O)NC4=NN=CC=C4,1,,,,,CC1=C(C(C(=C(N1)C)C(=O)OCC(=O)C)C2=CC=CC=C2[N+](=O)[O-])C(=O)OC,1,,,,,,
,,,,,,C([C@H]([C@H]([C@@H]([C@H](C(=O)[O-])O)O)O)O)O.[K+],0,,CCCN(CCN1CCN(CC1)C2=CC=CC=C2OC)C3CCC4=C(C3)SC=N4,0,,,,,C1=CC=C(C=C1)NC2=CC=C(C=C2)N=O,1,,,,,,
,,,,,,CC1=C(N=CN1)CSCCNC(=NC)NC#N,1,,C1CN(CCN1CC2=CC(=CN=C2)C3=CC=C(C=C3)F)C4=C5C(=CC=C4)OCCO5,1,,,,,C1=CC(=CC(=C1)CN)CN,0,,,,,,
,,,,,,CCCC1O[C@@H]2C[C@H]3[C@@H]4CCC5=CC(=O)C=C[C@@]5([C@H]4[C@H](C[C@@]3([C@@]2(O1)C(=O)CO)C)O)C,1,,CCCCN1C=C(C2=CC=CC=C21)C(=O)C3=CC=CC4=CC=CC=C43,0,,,,,CN(C1CCN(CC1)C2=NC3=CC=CC=C3N2CC4=CC=C(C=C4)F)C5=NC=CC(=O)N5,1,,,,,,
,,,,,,C1=CC(=C(C=C1N)N)O.Cl.Cl,1,,COC1=C(C=C2C(=C1)C(=NC=N2)NC3=CC=C(C=C3)O)OC,0,,,,,C1CCC2(C1)CC(=O)N(C(=O)C2)CCCCN3CCN(CC3)C4=NC=CC=N4,1,,,,,,
,,,,,,CC(=O)OCC(=O)NCCCOC1=CC=CC(=C1)CN2CCCCC2.Cl,0,,COC1=C(C=C2C(=C1)C(=NC=N2)NC3=CC(=CC=C3)O)OC,1,,,,,C1=CN=C(C=N1)C(=O)N,0,,,,,,
,,,,,,CCCCOCC,0,,C1=COC(=C1)CNC2=NN3C(=NC=C3C4=CC=C(C=C4)O)C=C2,1,,,,,CC(C(=O)N1C(CN(C1=O)C)C(=O)O)NC(CCC2=CC=CC=C2)C(=O)O,0,,,,,,
,,,,,,CC1=NC=CN=C1,0,,C[C@@H]1CN(C[C@H]1C2=NC3=C(C=NN3C4CCOCC4)C(=O)N2)CC5=NC=CC=N5,0,,,,,CC(=CCC/C(=C/C/C=C(\C)/C=C)/C)C,1,,,,,,
,,,,,,C1=CSC(=C1)C2=CC=C(S2)C3=CC=CS3,1,,CC1=NN(C=N1)C2=NC=C(C3=C2NC=C3C(=O)C(=O)N4CCN(CC4)C(=O)C5=CC=CC=C5)OC,0,,,,,CC1=CC(=C(C=C1CC2=CN=C(N=C2N)N)OC)OC,0,,,,,,
,,,,,,C1CCN2C[C@@H]3C[C@H]([C@H]2C1)CN4[C@H]3CCCC4,0,,CN(C)C/C=C/C(=O)NC1=CC=CC(=C1)C(=O)NC2=CC=C(C=C2)NC3=NC=CC(=N3)C4=CN=CC=C4,1,,,,,CCN(CC)CCCC(C)NC1=C2C=CC(=CC2=NC=C1)Cl.OP(=O)(O)O.OP(=O)(O)O,0,,,,,,
,,,,,,CC(C)C1=CC(=C(C=C1)O)C(C)C,1,,CC1=C(NC(=C1C(=O)NC[C@@H](CN2CCOCC2)O)C)/C=C\3/C4=C(C=CC(=C4)F)NC3=O,1,,,,,C1=CNC(=O)NC1=O,0,,,,,,
,,,,,,CCCCCN=C(N)N/N=C/C1=CNC2=C1C=C(C=C2)OC,1,,CC(=O)C1=CC2=C(C=C1)OC([C@H]([C@H]2NC(=O)C3=CC(=C(C=C3)F)Cl)O)(C)C,1,,,,,C1=CC=C(C=C1)C2=NC3=C(N2)C=C(C=C3)S(=O)(=O)O,0,,,,,,
,,,,,,CCCCCCCCCCC=CC1CC(=O)OC1=O,1,,COC1=C(C=CC(=C1)N2CCOCC2)NC(=O)C3=CSC(=N3)C4=CN=CC=C4,1,,,,,CC1=NC=CN1CC2CCC3=C(C2=O)C4=CC=CC=C4N3C,0,,,,,,
,,,,,,C1=CC(=C(C=C1[N+](=O)[O-])Cl)C(=O)N,1,,CC1=CN=C(C=C1)S(=O)(=O)NC2=C(C(=NC(=N2)C3=CC=NC=C3)OC)OC4=CC=CC=C4OC,1,,,,,C1=CC=C(C(=C1)C(=C(Cl)Cl)C2=CC=C(C=C2)Cl)Cl,1,,,,,,
,,,,,,C1=CC2=C(C3=C(C=CC=N3)C=C2)N=C1.O.Cl,1,,CS(=O)(=O)NC1=CC2=C(C=C1)OC3=C(C=CC(=C23)C(=O)NC4=C(C=NC=C4Cl)Cl)OC(F)F,1,,,,,C1[C@@H]([C@H](O[C@H]1N2C=NC(=NC2=O)N)CO)O,0,,,,,,
,,,,,,CC(=O)NCCC1=CNC2=C1C=C(C=C2)OC,1,,COC1=C(C=C(C=C1)C2=CN=C3N2N=C(C=C3)NCC4=CC=C(C=C4)S(=O)(=O)N)OC,1,,,,,C[Si](O[Si](C)(C)C)O[Si](C)(C)C,0,,,,,,
,,,,,,CSC1=NC=CN=C1,0,,CC(C)(C)SC1=C(N(C2=C1C=C(C=C2)OCC3=NC4=CC=CC=C4C=C3)CC5=CC=C(C=C5)Cl)CC(C)(C)C(=O)O,1,,,,,CN(C(=O)NC1=CC(=C(C=C1)Br)Cl)OC,1,,,,,,
,,,,,,CC(CCC1=CC2=C(C=C1)OCO2)NN.Cl,1,,C1COCCN1CC2=CC=C(C=C2)COC3=NC=CC(=N3)C(C#N)C4=NC5=CC=CC=C5S4,1,,,,,CCCCCCCCCC1=CC=C(C=C1)OCCOCCO,1,,,,,,
,,,,,,CC1=NOC(=C1)COC2=C(C=C(C=C2)Cl)CNC3=C4C(=NC=N3)N(C=N4)[C@H]5[C@@H]([C@@H]([C@H](O5)C(=O)NC)N)O,0,,CN1N=C(N=N1)C2=NC=C(C=C2)C3=C(C=C(C=C3)N4C[C@@H](OC4=O)CO)F,0,,,,,CC(=O)CCC1=CC(=C(C=C1)O)OC,0,,,,,,
,,,,,,CC(=O)[O-].CC(=O)[O-].CC(=O)[O-].[Sb+3],0,,CC1=NC(=C(S1)C2=CC=CC=C2F)C(=O)N3CCC[C@H]3CC4=NN=C(O4)C5=CC=CC=C5,1,,,,,CCN(CC)CCN,0,,,,,,
,,,,,,CC1=C(C(CCC1)(C)C)CCC(=O)C,1,,CC[C@H](C1=CC(=CO1)C(C)C)NC2=C(C(=O)C2=O)NC3=CC=CC(=C3O)C(=O)N(C)C,1,,,,,CC[C@]12CC[C@H]3[C@H]([C@@H]1CC[C@]2(C#C)O)CCC4=CC(=O)CC[C@H]34,1,,,,,,
,,,,,,CC1=C(C(=C(C2=C1O[C@](CC2)(C)CCC[C@H](C)CCC[C@H](C)CCCC(C)C)C)OC(=O)C)C,0,,C[C@H]([C@H](CO)O)NC1=CC(=NC(=N1)SCC2=C(C(=CC=C2)F)F)NS(=O)(=O)N3CCC3,1,,,,,C[C@]12CCC(=O)C[C@@H]1CC[C@@H]3[C@@H]2CC[C@]4([C@H]3CC[C@@H]4O)C,1,,,,,,
,,,,,,CCC1(CC(=O)NC1=O)C,0,,C1=CC=NC(=C1)CCN2C(C3=C(C2=O)C=CC=C3F)C(=O)NCC4=CC=C(C=C4)OC(F)(F)F,1,,,,,CCN(CC)C(=S)[S-].[Na+],1,,,,,,
,,,,,,CC(=C)C(=O)OCC1CCCO1,0,,CCC[C@]1(CC(=C(C(=O)O1)[C@H](CC)C2=CC(=CC=C2)NS(=O)(=O)C3=NC=C(C=C3)C(F)(F)F)O)CCC4=CC=CC=C4,1,,,,,C1=CC=C(C=C1)C2=NC(=NC(=N2)N)N,1,,,,,,
,,,,,,CC(C)OC(=O)NC1=CC(=CC=C1)Cl,1,,CC1=CC=C(C=C1)NC(=O)N2CCN(CC2)C3=C4C(=NC(=N3)N)SC(=N4)C5=CN=CC=C5,1,,,,,C1(C(=C(C(=O)O1)Cl)C(Cl)Cl)O,1,,,,,,
,,,,,,C(CC#N)CC(CCC#N)C#N,1,,C1CN(CCC1CC2=CC=CC=C2F)CC3=NC4=C(N3)C=C(C=C4)O,1,,,,,CCCCCCCCCCCCO,0,,,,,,
,,,,,,CCCCCC(CCC)CO,0,,COC1=CC=C(C=C1)C2=CN=C(O2)C3=C4C5=CC=CC=C5C(=O)C4=CC=C3,1,,,,,[Cl-].[Cl-].[Ba+2],0,,,,,,
,,,,,,CCOC1=CC2=C(C=C1)N=C(S2)N,1,,COC(=O)CC1CC(=NO1)C2=CC=C(C=C2)O,0,,,,,CCC1=C2CN3C(=CC4=C(C3=O)COC(=O)[C@@]4(CC)O)C2=NC5=C1C=C(C=C5)OC(=O)N6CCC(CC6)N7CCCCC7.Cl,1,,,,,,
,,,,,,C/C(=C/C(=O)OC)/N,0,,CCC(CC)NC1=NC(=C(N=C1OC)C2=C(C=C(C=C2)OC(F)(F)F)OC)C,1,,,,,CCCCOCCOCCSC#N,1,,,,,,
,,,,,,CCCCN1C=C[N+](=C1)C.Cl[Fe-](Cl)(Cl)Cl,0,,CC1(OC[C@@H]([C@@H](O1)C2=CC=CC=C2)NC(=O)NC3=C(C=C(C=C3)Br)Br)C,1,,,,,CCCCCCCC[N+](C)(CCCCCCCC)CCCCCCCC.C(F)(F)(F)S(=O)(=O)[N-]S(=O)(=O)C(F)(F)F,1,,,,,,
,,,,,,C1CCC(CC1)NS(=O)(=O)O,1,,C1CC(C1)NC(=O)C2=CN=C(C=C2)C#CC3=CC(=CC=C3)F,0,,,,,C1=CC=C(C=C1)COC(=O)/C=C/C2=CC=CC=C2,0,,,,,,
,,,,,,C(Cl)(Cl)Cl,0,,CC1=C(C2=C(N1)C=CC(=C2)Cl)CCN(C)C,0,,,,,CC1=CC(=CC=C1)NC(=O)OC2=CC=CC(=C2)NC(=O)OC,1,,,,,,
,,,,,,CS(=O)(=O)O.C1CCC2(C1)CC(=O)N(C(=O)C2)CCNCC3COC4=CC=CC=C4O3,0,,C1COCCN1C(=O)C2=CC3=C(C=C2F)OC(O3)(C4=CC=C(C=C4)F)C5=C(C=C(C=C5)Cl)Cl,1,,,,,CCCCCC(C)O,0,,,,,,
,,,,,,CC1=CC(=CN=C1)C,0,,CC1=C(C=C(C=C1)NC2=NN=C(O2)C3=CC=C(C=C3)[N+](=O)[O-])Cl,1,,,,,CCN(C1=CC=CC=C1)C(=O)N(CC)C2=CC=CC=C2,1,,,,,,
,,,,,,CC1C2CC(C1(C)C)CC2C3CCCC(C3)O,1,,CCN1C2=CC=CC=C2N(C1=O)[C@H]3CCCN(C3)C4=NC=CC(=N4)C5=CC6=CC=CC=C6O5,1,,,,,C1=CC(=CC=C1C2=CSC(=N2)N)[N+](=O)[O-],1,,,,,,
,,,,,,CC1=C(C=C(C=C1)N)Cl,1,,C1C(CN1CC2=CC(=C(C=C2)C3=NC4=C(S3)C=CC(=C4)CC5=CC=CC=C5F)F)C(=O)O,0,,,,,COC1=CC=C(C=C1)C2=COC3=CC(=CC(=C3C2=O)O)O,1,,,,,,
,,,,,,CCCCCCCCCCCCCCC(=O)O,0,,C1CCN(C1)CCOC2=CC=C(C=C2)N3C=CC(=CC3=O)OCC4=CC=C(C=C4)F,0,,,,,C1CCN[C@@H](C1)[C@H](C2=CC=CC=C2)NC(=O)C3=C(C(=CC=C3)C(F)(F)F)Cl,1,,,,,,
,,,,,,CCCCO[P+](=O)OCCCC,0,,C1=CC=NC(=C1)C2=NOC(=N2)C3=CC(=CC(=C3)C#N)F,0,,,,,CC(C)(C)C(=O)/C=C/C1=CC=C(C=C1)Cl,1,,,,,,
,,,,,,COP(=S)(OC)OC1=CC=C(C=C1)SC2=CC=C(C=C2)OP(=S)(OC)OC,1,,C1C(=NC2=C(C=C(C=C2)Br)NC1=O)C3=CC(=NC=C3)C#N,0,,,,,C1CN(CCN1CCC2=C(C=C3C(=C2)CC(=O)N3)Cl)C4=NSC5=CC=CC=C54,1,,,,,,
,,,,,,CCCCCCCCCCCC,0,,C1COCCN1C(=O)CC2CC(=NO2)C3=C(C=C(C=C3)F)F,0,,,,,CC1=CC=C(C=C1)S(=O)(=O)[O-].CC(C)C[P+](C)(CC(C)C)CC(C)C,0,,,,,,
,,,,,,CC(C(=O)OC)O,0,,CC1=CC(=NN1C2=NC(=CC(=N2)NC(=O)C)C3=NC(=CC=C3)N4CCC(CC4)OC)C,1,,,,,CCOC1=CC(=C(C=C1)OCC)Cl,0,,,,,,
,,,,,,C1=CC=C(C=C1)/C=C/COC(=O)/C=C/C2=CC=CC=C2,1,,CC(C)(C1=C(C2=NC=C(N2C=C1)C3=CC(=C(C=C3)F)C4=C(C=C(C=C4)F)C#N)F)O,1,,,,,C1=CC(=CC=C1CCCC(=O)O)N(CCCl)CCCl,0,,,,,,
,,,,,,CCCCNC1=CC=C(C=C1)C(=O)OCCOCCOCCOCCOCCOCCOCCOCCOCCOC,1,,CN1C(=NC=N1)COC2=NN3C(=NN=C3C4=C(C=CC=C4F)F)C=C2C5CCC5,1,,,,,C1=CC=C(C=C1)OP(=O)(OC2=CC=CC=C2)Cl,0,,,,,,
,,,,,,C1=CC=C(C(=C1)O)Br,0,,COC1=CC2=NC=CC(=C2C=C1)NC(=O)NC3=CC=CC(=N3)C(F)(F)F,0,,,,,CN(CC1=C(C(=CC(=C1)Br)Br)N)C2CCCCC2.Cl,1,,,,,,
,,,,,,C1=CC(=C(C(=C1)F)C(=O)NC(=O)NC2=CC(=C(C=C2)OC(C(OC(F)(F)F)F)(F)F)Cl)F,1,,CC1=C(C=CC=C1NC(=O)C)NC2=NC(=NC=N2)N3CCC(CC3)OCC4=CC=C(C=C4)OC(F)(F)F,0,,,,,CC[C@H](C)COC(=O)/C=C/C1=CC=C(C=C1)N=CC2=CC=C(C=C2)OC,1,,,,,,
,,,,,,CCCCC(CC)COC(=O)COC1=C(C=C(C=C1)Cl)Cl,1,,CC1=NC(=CC=C1)C#CC2=CC(=CC(=C2)F)C#N,0,,,,,CC(C)OC1=C(C=C(C(=C1)N2C(=O)OC(=N2)C(C)(C)C)Cl)Cl,1,,,,,,
,,,,,,C1=CC(=CC(=C1)O)C[C@@H](CO)[C@@H](CC2=CC(=CC=C2)O)CO,1,,C[C@@H](C1=CC=CC=C1)NC2=NC=C3C(=C2)C(=NO3)C4=CC5=C(C=C4)OCO5,1,,,,,CCN1C2=C(C=C(C=C2)N)C3=CC=CC=C31.Cl,1,,,,,,
,,,,,,C[C@@]12[C@H]3C[C@@H]([C@@H]1C(=O)OC2=O)C=C3,0,,C1=CC(=CC(=C1)NC(=O)NC2=C(C=C(C=C2)Br)C3=NNN=N3)C(F)(F)F,1,,,,,CC1=C(C(=C(C2=C1O[C@](CC2)(C)CCC[C@H](C)CCC[C@H](C)CCCC(C)C)C)OC(=O)C3=CN=CC=C3)C,0,,,,,,
,,,,,,C[C@H](CCC(=O)O)[C@H]1CC[C@@H]2[C@@]1(CC[C@H]3[C@H]2CC[C@H]4[C@@]3(CC[C@H](C4)O)C)C,0,,C1CNCCC1C2=C(N(N=C2)O)C3=CC=CC(=C3)C4=CC=CC=C4,0,,,,,C1=CC(=CC=C1CC2=CC=C(C=C2)O)O,1,,,,,,
,,,,,,C1=CC=C2C(=C1)C=CC=C2O,1,,C1C2=C(C=CN=C2OCC(=O)N1CC3=CC(=CC(=C3)C(F)(F)F)C(F)(F)F)C4=CC=CC=C4F,1,,,,,C1(C(C(C(C(C1Cl)Cl)Cl)Cl)Cl)Cl,1,,,,,,
,,,,,,C1=C(N=C(N=C1Cl)Cl)Cl,0,,C1CCN2C(=NC(=O)N(C2=O)CCN3CCC(CC3)C(=O)C4=CC=C(C=C4)F)C1,0,,,,,COC1=CC=C(C=C1)C(=O)OC,0,,,,,,
,,,,,,CCCCOP(=O)(OCCCC)OCCCC,1,,CC(C)(C)C1=CC=C(C=C1)S(=O)(=O)NCC2=CC=C(C=C2)C(=O)NC3=CN=CC=C3,1,,,,,CCC(C)OC(C)CC,0,,,,,,
,,,,,,CC1=CC=C(C=C1)C2=CC=CC=C2C#N,1,,CC1=CC2=C(C=C1)NC(=O)C(=C2C3=CC=CC=C3)C4=NN(C(C4)C5=CC=C(C=C5)Br)C(=O)CCC(=O)O,1,,,,,CC[N+]1=CC=CC=C1.C(F)(F)(F)S(=O)(=O)[O-],0,,,,,,
,,,,,,CC/C(=C(\C1=CC=CC=C1)/C2=CC=C(C=C2)OCCN(C)C)/C3=CC=CC=C3.C(C(=O)O)C(CC(=O)O)(C(=O)O)O,1,,CCOC1=CC=C(C=C1)N2C(=O)C3=C(N=CC=C3)N=C2C(C)N(CC4=CN=CC=C4)C(=O)CC5=CC(=C(C=C5)F)C(F)(F)F,1,,,,,CCCCCCCCOC(=O)C1=CC(=C(C(=C1)O)O)O,1,,,,,,
,,,,,,C(COCCS)OCCS,1,,COC1=C(C=CC(=C1)N2CCOCC2)NC3=NC=C(C(=N3)NC4=CC=CC=C4NS(=O)(=O)C)Cl,1,,,,,CN1CN(C(=S)SC1)C,1,,,,,,
,,,,,,C1=CC=C(C=C1)OCCBr,0,,C1=CC(=CC=C1NC(=O)NC2=CC=C(C=C2)S(=O)(=O)N)F,0,,,,,CC(=O)OCCC1=CC=CC=C1,0,,,,,,
,,,,,,CC[N+](C)(C)C1=CC(=CC=C1)O.[Cl-],0,,C1=CC(=CC(=C1)N)CNC(=O)C2=CN=C(C=C2)OC3=CC=C(C=C3)OCC4=CC(=CC=C4)F,1,,,,,CN1C=C(C(=O)C(=C1)C2=CC(=CC=C2)C(F)(F)F)C3=CC=CC=C3,1,,,,,,
,,,,,,C1CCC(=O)OCC1,0,,C1[C@H]2[C@@H]1C3=C(C2)C(=NN3)C(=O)O,0,,,,,COS(=O)(=O)OC,0,,,,,,
,,,,,,C1=CC(=CC=C1N/C(=N/C(=NCCCCCCN=C(/N=C(/NC2=CC=C(C=C2)Cl)\N)N)N)/N)Cl,1,,CC1=C(C=CC(=C1)C(=O)N2CC3=C(NC4=CC=CC=C42)N(N=C3)C)CNC(=O)N5CCC[C@H]5C(=S)N6CCCN(CC6)C,1,,,,,CC1=COC2=CC=CC=C2C1=O,0,,,,,,
,,,,,,CC(=O)[C@H]1CC[C@@H]2[C@@]1(CC(=O)[C@H]3[C@H]2CC[C@@H]4[C@@]3(CC[C@H](C4)O)C)C,1,,C1CN(C(C2=CC=CC=C21)C3=CC=C(C=C3)C(F)(F)F)C(=O)NC4=CC=C(C=C4)F,1,,,,,CCO[Si](CCC#N)(OCC)OCC,0,,,,,,
,,,,,,C1CCC(C1)N(CC2=CC=C(C=C2)Cl)C(=O)NC3=CC=CC=C3,1,,C1=CC=C(C=C1)C2=CC=CC(=C2)CN3C(=CN=N3)C4=CC(=CC=C4)N5C6=NC=NC(=C6C(=N5)C7=CC=C(C=C7)Cl)N,1,,,,,C1CCN[C@H](C1)[C@H](C2=CC(=NC3=C2C=CC=C3C(F)(F)F)C(F)(F)F)O.Cl,0,,,,,,
,,,,,,C[N+](C)(CCOC1=CC=CC=C1)CC2=CC=CS2.[I-],0,,CN1CC[C@H](C1)OC2=C(C=CC(=C2)NS(=O)(=O)C3=C(C=C(C(=C3)OC)OC)Br)C(F)(F)F,1,,,,,C1=CSC(=C1)CNC2=CC(=C(C=C2C3=NNN=N3)S(=O)(=O)N)Cl,1,,,,,,
,,,,,,CN1[C@@H](CCC1=O)C2=CN=CC=C2,0,,CN(C)CCOC1=C(C=CC(=C1)NS(=O)(=O)C2=C(C=C(C=C2Cl)C(F)(F)F)Cl)Cl,1,,,,,C1=CC(=CC(=C1)S(=O)(=O)[O-])[N+](=O)[O-].[Na+],0,,,,,,
,,,,,,C(=S)(N)NC(=S)N,1,,CC(C)(C)NS(=O)(=O)C1=CN=CC(=C1)C2=CN3C(=NC(=N3)N)C(=C2)F,0,,,,,C1CCN(C1)CC#CC(C2=CC=CC=C2)(C3=CC=CC=C3)O,1,,,,,,
,,,,,,CCCCCC(=O)O[C@@]1(CC[C@@H]2[C@@]1(CC[C@H]3[C@H]2CCC4=CC(=O)CC[C@]34C)C)C(=O)C,1,,C1CN2C3=CC=CC=C3N(C2=N1)CC(=O)C4=CC=C(C=C4)C5=CC=CC=C5,0,,,,,CC1=NN=C2N1C3=C(C=C(S3)CCC(=O)N4CCOCC4)C(=NC2)C5=CC=CC=C5Cl,0,,,,,,
,,,,,,C1CC2=NC1=C(C3=CC=C(N3)C(=C4C=CC(=N4)C(=C5C=CC(=C2C6=CC(=CC=C6)O)N5)C7=CC(=CC=C7)O)C8=CC(=CC=C8)O)C9=CC(=CC=C9)O,1,,CC1=C(C=CC(=C1)NC(=O)C2=CC=CC(=C2)C3=NN(C4=NC=NC(=C34)N)[C@@H]5CCCN(C5)C(=O)C=C)C(C)C,1,,,,,COC1=C(C=C(C=C1)S(=O)(=O)N)C(=O)OC,0,,,,,,
,,,,,,CC1(C(C1C(=O)OC(C#N)C2=CC(=C(C=C2)F)OC3=CC=CC=C3)C=C(Cl)Cl)C,1,,CN(C)C(=O)C1=CN=CC(=C1)C2=CC3=C(NC=C3C4=CC=CC=C4OC)N=C2,1,,,,,CC(C)CCCCCCC1=CC=C(C=C1)O,1,,,,,,
,,,,,,CCCCNC(=O)NS(=O)(=O)C1=CC=C(C=C1)C,1,,COC1=C(C=NC=C1)C(=O)NC(=O)NC2=CC(=C(C=C2)C3=CC=CC=C3)C(F)(F)F,1,,,,,CC1=C2C=CC(=C2C=C(C=C1)C(C)C)C,1,,,,,,
,,,,,,COP(=S)(OC)OC1=NC(=C(C=C1Cl)Cl)Cl,1,,CC(C)(C)NC1=C(C(=CC(=N1)NC2=CC=C(C=C2)C(=O)N)N)C#N,1,,,,,CCOCCOCCOCCO,0,,,,,,
,,,,,,COC1=CN=C(N2C1=NC(=N2)NS(=O)(=O)C3=C(C=CC=C3OCC(F)F)C(F)(F)F)OC,1,,C1=CC=C(C=C1)CC2=NC3=CC=CC=C3N2CC4=CC=C(C=C4)Cl,1,,,,,CCCCCCCC(=O)C,0,,,,,,
,,,,,,CCOC(=O)C(=C)C#N,1,,CC1=CC=C(C=C1)S(=O)(=O)N2CCCC[C@@H]2C(=O)NC3=NC(=CS3)C4=CC=C(C=C4)OC,1,,,,,CC1=CC=CC=C1S(=O)(=O)[O-].[Na+],0,,,,,,
,,,,,,CCC(C)(C)C1=CC=C(C=C1)O,1,,CCS(=O)C1=NC(=CC(=N1)C(F)(F)F)C2=CC(=CC=C2)OCC3=CC=CC=C3,1,,,,,C1CN(CC=C1N2C3=CC=CC=C3NC2=O)CCCC(=O)C4=CC=C(C=C4)F,1,,,,,,
,,,,,,CCCC1=NC(=C2N1N=C(NC2=O)C3=C(C=CC(=C3)S(=O)(=O)N4CCN(CC4)CC)OCC)C.C(C(=O)O)C(CC(=O)O)(C(=O)O)O,1,,C1CCNC(=O)C(C1)NC(=O)C2=CC=CC=C2NC(=O)C3=CC4=CC=CC=C4S3,1,,,,,C[C@H]1[C@@H]([C@H]([C@H]([C@@H](O1)O[C@@H]2[C@H]([C@@H]([C@H](O[C@H]2OC3=CC(=C(C(=C3)O)C(=O)CCC4=CC(=C(C=C4)OC)O)O)CO)O)O)O)O)O,0,,,,,,
,,,,,,CN1CCC2=CC3=C(C4=C2[C@@H]1CC5=CC=C(C=C5)OC6=C(C=CC(=C6)C[C@@H]7C8=CC(=C(C=C8CCN7C)OC)O4)OC)OCO3,1,,CN(C)C1(CCCC1)CNC(=O)C2=CC(=C(C(=C2)OC)OCC3=CC=CC=C3)OC,0,,,,,CC(=C)C(=O)OCC1=CC=CC=C1,0,,,,,,
,,,,,,C/C=C/C1=CC(=C(C=C1)O)OC,1,,CC1=NC(=CC=C1)N2CCC(CC2)CCNC(=O)OCC(=O)NC,0,,,,,C1=CC=C(C=C1)CCCC(=O)[O-].[Na+],0,,,,,,
,,,,,,CN(C)CCN(CC1=CC=C(C=C1)OC)C2=CC=CC=N2,0,,COC1=C(C2=C(CCC2)C=C1)O[C@H]3CCNC3,0,,,,,CC(COC(=O)C(=C)C)O,0,,,,,,
,,,,,,CC(=O)C1=CC=C(C=C1)S(=O)(=O)NC(=O)NC2CCCCC2,1,,C1COCCN1CCNC2=NN=C(O2)C3=C(C(=C(C=C3)F)F)NC4=C(C=C(C=C4)I)F,1,,,,,C(=N)(N)S(=O)O,0,,,,,,
,,,,,,CCCCCCCCCCCCO,1,,CC1=C(C(=C(C(=C1N)C)C)NCC(=O)N(C)C2CCN(CC2)CC3=CC=C(C=C3)C(=O)N)C,1,,,,,CCCCCCCCC=O,0,,,,,,
,,,,,,C1=C2C=C(C=C(C2=C(C=C1S(=O)(=O)[O-])N)O)S(=O)(=O)O.O.[Na+],1,,CC1=C(C=C(C=C1)C2=NC=CN2)NC(=O)C3=CC=C(C=C3)OCC4=CC=CC=N4,1,,,,,C1C(O1)CN2C(=O)N(C(=O)N(C2=O)CC3CO3)CC4CO4,1,,,,,,
,,,,,,CC1=CC=C(C=C1)OP(=O)(OC2=CC=CC=C2)OC3=CC=CC=C3,1,,C1C(=O)N(C2=CC=CC=C2S1)CC3=CC(=CC=C3)C(F)(F)F,0,,,,,C1=CC2=C(C=CC(=C2)S(=O)(=O)[O-])C=C1O.[Na+],0,,,,,,
,,,,,,COC1=C(C=C2C(=C1)C(=NC(=N2)N3CCN(CC3)C(=O)C4CCCO4)N)OC.Cl,0,,CC1=C2C(=NC=C1)N(C(=O)C3=CC=CN32)CC(=O)NCCCN4CCN(CC4)C5=CC=C(C=C5)OC,1,,,,,CC(=O)OC1=CC2=C(C=C1)[C@H]3CC[C@]4([C@H]([C@@H]3CC2)CC[C@@H]4O)C,1,,,,,,
,,,,,,O=P(Cl)(Cl)Cl,0,,C1CN(CCN1CC2=CC=C(C=C2)C3=C(C=C(C=C3)C(C(F)(F)F)(C(F)(F)F)O)F)CC4=CC=NC=C4,1,,,,,CCN(CC)C1=CC2=C(C=C1)C(=C3C=CC(=[N+](CC)CC)C=C3O2)C4=CC=CC=C4C(=O)O.[Cl-],1,,,,,,
,,,,,,CC1=NC=C(C=C1)O,0,,C1=CC=C(C=C1)CCNC2=NC=NC3=C2C=C(C=C3)C#N,1,,,,,COC1=C(C2=C[N+]3=C(C=C2C=C1)C4=CC5=C(C=C4CC3)OCO5)OC.[Cl-],0,,,,,,
,,,,,,C1C(O1)COCCCCOCC2CO2,0,,COCCN(C1=NC(=CS1)C2=CC=CC=C2)C(=O)C3=CC(=C(C(=C3)OC)OC)OC,1,,,,,C1=CC=C2C(=C1)C(=O)NS2,1,,,,,,
,,,,,,CC1=CC(=O)C2=CC=CC=C2C1=O,1,,CC(C)C1=CC(=C(C=C1)NC(=O)C2=CC=CS2)C3=NC4=CC=CC=C4NC3=O,1,,,,,C1=CC(=CC=C1CCN)O.Cl,0,,,,,,
,,,,,,CC1=C2C(=NC=C1)N(C3=C(C=CC=N3)C(=O)N2)C4CC4,0,,C1=CC=C(C=C1)C[C@H](C(=O)O)NC(=O)C2=C(C3=C(S2)C=C(C=C3)F)Cl,0,,,,,CN1CCC[C@@H]1CC2=CNC3=C2C=C(C=C3)CCS(=O)(=O)C4=CC=CC=C4,1,,,,,,
,,,,,,C[C@H]1/C=C\C=C(/C(=O)NC2=C(C(=C3C(=C2O)C(=C(C4=C3C(=O)[C@](O4)(OC=C[C@@H]([C@H]([C@H]([C@@H]([C@@H]([C@@H]([C@H]1O)C)O)C)OC(=O)C)C)OC)C)C)O)O)/C=N/N5CCN(CC5)C)\C,1,,CCC(C)CNCC(=O)N1CCC2=C(C1COC3=CC=CC(=C3)C)C=CS2,1,,,,,CCN1C=C[N+](=C1)C.CC1=CC=C(C=C1)S(=O)(=O)[O-],0,,,,,,
,,,,,,C1=CC=C2C=C3C=C(C=CC3=CC2=C1)N,1,,C1CN(CCN1CC2=CC(=CC=C2)OC3=CC=CC=C3)C(=O)OC(C(F)(F)F)C(F)(F)F,0,,,,,OP(=O)(O)O,0,,,,,,
,,,,,,C1[C@H]([C@@H]1N)C2=CC=CC=C2.Cl,1,,CC(C)(C1=NC=C(N1)C2=CC=C(C=C2)OC(F)(F)F)N,0,,,,,CC(=C)C#N,0,,,,,,
,,,,,,CN1C(=CC(=O)N(C1=O)C)NCCN(CCCC2=CC=C(C=C2)[N+](=O)[O-])CCO.Cl,0,,C1=CC=C(C=C1)[C@@H](CO)NC(=O)NC2=CC=C(C=C2)C3=CC=NC=C3,1,,,,,C1=NC(=C2C(=N1)N(C=N2)[C@H]3[C@@H]([C@@H]([C@H](O3)COP(=O)(O)O)O)O)N,0,,,,,,
,,,,,,CN(C1=CC=C(C=C1)OC(=O)C2=CC=CO2)C(=O)C(Cl)Cl,1,,COC1=CC=C(C=C1)OC2=C(C=NN(C2=O)C3C4=CC=CC=C4C5=CC=CC=C35)Cl,1,,,,,[O-][Cr](=O)(=O)O[Cr](=O)(=O)[O-].[K+].[K+],1,,,,,,
,,,,,,C/C(=N\OCC1=CC=CC=C1/C(=N/OC)/C(=O)OC)/C2=CC(=CC=C2)C(F)(F)F,1,,C1CCN(CC1)C(=O)[C@H](CCNCC2=CC=C(C=C2)Cl)N,0,,,,,CC(C)(C)C(/C(=C\C1=C(C=C(C=C1)Cl)Cl)/N2C=NC=N2)O,1,,,,,,
,,,,,,CCC(C)O,0,,CC1=C(C=CC(=C1)NC2=NC=C3C=C(C(=O)N(C3=N2)C)C4=C(C=CC=C4Cl)Cl)F,0,,,,,C1=COC(=C1)CNC2=CC(=C(C=C2C(=O)O)S(=O)(=O)N)Cl,0,,,,,,
,,,,,,CCCC[N+]1=CC=CC=C1.[Cl-],0,,COC1=CC=C(C=C1)C#CC2=CC(=C(C=C2)C(=O)N3CCC[C@H](C3)O)F,0,,,,,CC[C@H](C)C(=O)O[C@H]1C[C@H](C=C2[C@H]1[C@H]([C@H](C=C2)C)CC[C@@H]3C[C@H](CC(=O)O3)O)C,0,,,,,,
,,,,,,C[C@H](CCC(=O)O)[C@H]1CC[C@@H]2[C@@]1(CC[C@H]3[C@H]2[C@@H](C[C@H]4[C@@]3(CC[C@H](C4)O)C)O)C,1,,COC1=CC(=CC(=C1OC)OC)C2=C(N=CC(=C2)C3=CC(=CC=C3)O)N,1,,,,,CC1=NC2=C(CC3=C(O2)C=CC(=C3)C(C)C(=O)OCC(=O)N(C)C)C=C1,1,,,,,,
,,,,,,CCCCOC(=O)C(C)CC,0,,C1CSC2=C1N=C(N(C2=O)C3=CC=CC=C3)SCC(=O)NC4=NC=C(C=C4)C5=CC=CC=C5,1,,,,,CCC(=O)C(CC(C)N(C)C)(C1=CC=CC=C1)C2=CC=CC=C2.Cl,1,,,,,,
,,,,,,CCCCCCCCCCCCCCCCCC[N+](C)(C)C.[Cl-],1,,CC1=CC(=CC=C1)NC(=O)NC2=CN(N=C2)C3=CC=CC(=C3)C(=O)NC4=CC(=C(C(=C4)OC)OC)OC,1,,,,,C1=CC=C2C(=C1)C=C(C(=N2)C(=O)O)C(=O)O,0,,,,,,
,,,,,,CC(=C)C(=O)OCCC[Si](OC)(OC)OC,1,,C1=CC=C(C=C1)CNC(=O)C2=CC3=C(C=C2)C(=O)N(C(=S)N3)C4=CC=CC(=C4)C(F)(F)F,0,,,,,CCN(CCO)C1=CC=CC(=C1)C,0,,,,,,
,,,,,,COC1=CC=CC(=C1)C2=C(C=C(C=C2)/C=C\CN3CCCCCC3)Cl.Cl,1,,C1=CC=C(C=C1)C(C2=CC=CC=C2)C(=O)NC3=CC=C(C=C3)S(=O)(=O)NC4=NC=CS4,1,,,,,C1=CC=C(C(=C1)O)Cl,0,,,,,,
,,,,,,CCCCOCCOCCOCCO,0,,C1CC1NC2=NC=CC(=N2)C3=C(N=C(S3)C4CCNCC4)C5=CC=C(C=C5)F,1,,,,,CC(=O)C1=CC2=CC=CC=C2S1,0,,,,,,
,,,,,,C1=CC=C(C=C1)C(=O)/C=C/C2=CC=C(C=C2)[N+](=O)[O-],1,,CC(=O)N1CCN(CC1)C2=CC(=C(C=C2)NC3=NC(=NC=C3Cl)NC4=C(C=C(C=C4)N5CCN(CC5)C(=O)C)OC)OC,1,,,,,CN1C(=CN=C1COC(=O)N)[N+](=O)[O-],0,,,,,,
,,,,,,C(O)S(=O)[O-].[Na+],0,,CCN1C2=NC(=NC=C2C=C(C1=O)C3=C(C=C(C=C3)Cl)Cl)NC4=CC(=C(C=C4)N5CCNCC5)F,1,,,,,CC(C)(C)CC(C)(C)C1=CC=CC=C1O,1,,,,,,
,,,,,,CC1=C(C(CCC1)(C)C)/C=C/C(=C/C=C/C(=C/CO)/C)/C,1,,C1CC(CCC1OC2=C(C(=CC=C2)Cl)F)(CC3=NC(=CC=C3)NC4=NC=CS4)C(=O)O,1,,,,,[I-].[I-].[Hg+2],1,,,,,,
,,,,,,CN(CCO)CCO,0,,CCN(C1CCOCC1)C2=CC(=CC(=C2C)C(=O)NCC3=C(C=C(NC3=O)C)C)C4=CC=C(C=C4)CN5CCOCC5,1,,,,,C1=CC2=C3C(=C1)C=CC4=C(C=CC(=C43)C=C2)[N+](=O)[O-],1,,,,,,
,,,,,,CCCCC(=C)C,0,,CS(=O)C1=CC=C(C=C1)C2=NC(=C(N2)C3=CC=NC=C3)C4=CC=C(C=C4)F,1,,,,,C1=CC(=C(C(=C1)Cl)Cl)[N+](=O)[O-],0,,,,,,
,,,,,,O=[Cd],0,,COC1(CCN(CC1)CCC2=CNC3=C2C=C(C=C3)F)C[S@@](=O)C4=CC=CC=C4,0,,,,,C1=CC(=C(C=C1[N+](=O)[O-])[N+](=O)[O-])Cl,1,,,,,,
,,,,,,CC(/C(=N/OC(=O)NC)/C)S(=O)(=O)C,0,,C[C@H](C1=CC=CC2=CC=CC=C21)N[C@H]3CCCC[C@@H]3NC(=O)C4=CC=C(C=C4)Cl,1,,,,,C(=O)(N)NC(=O)N,0,,,,,,
,,,,,,CCCCCCCCCCCCCC(=O)OCC(CO)O,1,,CN(C(=O)N1[C@](SC(=N1)C2=C(C=CC(=C2)F)F)(CCCN)C3=CC=CC=C3)OC,1,,,,,C1=CC=C(C=C1)NC(=O)CCCCCCC(=O)NO,1,,,,,,
,,,,,,CCCCCCCCCCCCCCCCCBr,0,,CC1=C2C=C(C(=O)N(C2=NC(=N1)N)C3CCC(CC3)OCCO)C4=CN=C(C=C4)OC,0,,,,,C1C(=O)CC2=CC=CC=C21,1,,,,,,
,,,,,,CCOC(=O)C1=CC=CC=C1,0,,CNC1CCC(CC1)N(CC2=CC(=CC=C2)C3=CC=NC=C3)C(=O)C4=C(C5=CC=CC=C5S4)Cl,1,,,,,CC(C)(C)OO,0,,,,,,
,,,,,,C[C@]12C[C@@H]([C@H]3[C@H]([C@@H]1C[C@@H]4[C@]2(OC(O4)(C)C)C(=O)CO)C[C@@H](C5=CC(=O)C=C[C@]35C)F)O,0,,CN1CCN(CC1)CC2=C(C=C(C=C2)NC(=O)CC3=CC=C(C=C3)OC4=NC=NC(=C4)NC(=O)C5CC5)C(F)(F)F,1,,,,,CCCCCOC1=C(C=C(C=C1)C2C(=O)NC(=O)S2)OCC,1,,,,,,
,,,,,,C1=CC(=CC=C1NC2=NC(=NC(=N2)N(CCO)CCO)NC3=CC(=C(C=C3)/C=C/C4=C(C=C(C=C4)NC5=NC(=NC(=N5)NC6=CC=C(C=C6)S(=O)(=O)[O-])N(CCO)CCO)S(=O)(=O)[O-])S(=O)(=O)[O-])S(=O)(=O)[O-].[Na+].[Na+].[Na+].[Na+],0,,CCC(C)CNCC(=O)N1CCC2C(C1COC3=CC=CC(=C3)C)C=CS2,1,,,,,C1=CC=C(C=C1)COC(=O)/N=N/C(=O)OCC2=CC=CC=C2,1,,,,,,
,,,,,,CCCCC(CC)CNCC(CC)CCCC,0,,CC1=C(C=C(C=C1)Cl)N(CC(=O)NC2=C(C=CC=C2F)F)S(=O)(=O)C,1,,,,,C(C(=O)O)S,0,,,,,,
,,,,,,C[C@]12C[C@@H]([C@H]3[C@H]([C@@H]1CC[C@@]2(C(=O)CO)O)C[C@@H](C4=CC(=O)C=C[C@]34C)F)O,0,,CCOC(=O)C1=CC=C(C=C1)C2=CC=C(C=C2)OC(=O)N(C)CC3=CC(=CC=C3)C4=CC=NC=C4,0,,,,,CN1C(=CC(=O)N(C1=O)C)NCCN(CCCC2=CC=C(C=C2)[N+](=O)[O-])CCO.Cl,0,,,,,,
,,,,,,C[C@H]1[C@@H]([C@H]([C@H]([C@@H](O1)O[C@H]2C[C@H]([C@@]3([C@@H]4[C@@H](CC[C@@]3(C2)O)[C@]5(CC[C@@H]([C@]5(C[C@H]4O)C)C6=CC(=O)OC6)O)CO)O)O)O)O,0,,CC(C)C1=NC(=C2N1C=CN=C2N)C3=CC=C(C4=CC=CC=C43)NC(=O)NC5=CC=CC(=C5)C(F)(F)F,1,,,,,C[C@]12CC[C@H]3[C@H]([C@@H]1CC[C@@H]2C(=O)CO)CCC4=CC(=O)CC[C@]34C,0,,,,,,
,,,,,,CC(C)C[C@H]1C(=O)N2CCC[C@H]2[C@]3(N1C(=O)[C@](O3)(C(C)C)NC(=O)[C@H]4CN([C@@H]5CC6=C(NC7=CC=CC(=C67)C5=C4)Br)C)O.CS(=O)(=O)O,1,,CC1=C(C=CC(=C1)Br)S(=O)(=O)NC2=CC3=C(C=C2OC)N(C(=O)N3C)C,1,,,,,CN(C)N=O,0,,,,,,
,,,,,,CC1=C(C=CC(=C1)OCCOCC[N+](C)(C)CC2=CC=CC=C2)C(C)(C)CC(C)(C)C.[Cl-],1,,CN1N=C(N=N1)C2=CC3=C(C=C2)C4=C(N3)N=C(N=C4NC5CCC(CC5)N)CC6=CC=CC=C6,1,,,,,C1=CC=[N+](C(=C1)[S-])[O-].C1=CC=[N+](C(=C1)[S-])[O-].[Zn+2],1,,,,,,
,,,,,,C=CC(=O)OCCOC(=O)CCC(=O)O,0,,CN1C=C(C=N1)CCN2C=NC(=C2C3=CC=C(C=C3)C#N)C4=CN(N=C4)C,1,,,,,C1=CC(=C(C=C1Cl)O)OC2=C(C=C(C=C2)Cl)Cl,1,,,,,,
,,,,,,CCCCCCI,0,,CN1CCN(CC1)C2=C(C=C(C=C2)C(=O)OC)NC(=O)C3=CC(=CC=C3)OC,0,,,,,C1=C(C(=C(C(=C1Cl)Cl)CC2=C(C(=CC(=C2Cl)Cl)Cl)O)O)Cl,1,,,,,,
,,,,,,CCCCN(CCCC)N=O,0,,CC(C)(C)OC1=CC=C(C=C1)OCC2CC3=CC=CC=C3CN2C(=O)C4=CC=CC5=CC=CC=C54,1,,,,,CC(CN1C=NC2=C1C(=O)N(C(=O)N2C)C)O,0,,,,,,
,,,,,,C[N+]1([C@@H]2CC(C[C@H]1[C@H]3[C@@H]2O3)OC(=O)[C@H](CO)C4=CC=CC=C4)C.[Br-],0,,CC1=CC=NN1C2=CC=C(C=C2)C(=O)N3CCN(CC3)S(=O)(=O)C4=CC(=C(C=C4)Cl)C(F)(F)F,1,,,,,CCCSP(=S)(OCC)OC1=CC=C(C=C1)SC,1,,,,,,
,,,,,,C(COCCO)N,0,,CN1C2=CN=C3C=CC(=CC3=C2N(C1=O)C4=CC=C(C=C4)N5CCNC(C5)C(F)(F)F)C6=CN=C(C=C6)OC,1,,,,,CC(=O)NC1=CC=C(C=C1)C(=O)CCl,1,,,,,,
,,,,,,CN1C(=C(C2=C(S1(=O)=O)C=CS2)O)C(=O)NC3=CC=CC=N3,1,,CC1CCC(CC1)N2C3=C(C=CN=C3)C4=CN=C(N=C42)NC5=NC6=C(CN(CC6)C(=O)CO)C=C5,1,,,,,CCC(=O)OCC1=CC=C(C=C1)OC,0,,,,,,
,,,,,,C1=CC=C(C=C1)CCOC(=O)C2=CC=CC=C2N,1,,C1CCN(C1)CC2CC(C2)N3C=C(C4=C(N=CN=C43)N)C5=CC(=CC=C5)OCC6=CC=CC=C6,0,,,,,C1=CC(=C(C=C1Cl)N)N,1,,,,,,
,,,,,,CC1=CC2=C(C=C1)OCC(=O)CO2,0,,CC1CCC(CC1)C(=O)N(C2CCC(CC2)O)C3=C(SC(=C3)C#CC(C)(C)C)C(=O)O,1,,,,,C1=CC=C(C(=C1)N)NC(=O)C2=CC=C(C=C2)N,1,,,,,,
,,,,,,CC(=O)NNC(=O)C,0,,COC1=CC2=C(C=C1)C=C(C=C2)C3=C(NC(=N3)C4=CC=C(C=C4)S(=O)C)C5=CC=NC=C5,1,,,,,CCNC1=C(C=CC(=C1)O)C,1,,,,,,
,,,,,,COC(=O)C1=CC2=C(C=C1)C=C(C=C2)C(=O)OC,0,,CC1=C(N=C(N1C2=CC=C(C=C2)OC(F)(F)F)C)C#CC3=CC(=NC=C3)Cl,1,,,,,C1=CC(=C(C=C1N)Cl)N.OS(=O)(=O)O,1,,,,,,
,,,,,,CC(=O)C1=CC=C(C=C1)[N+](=O)[O-],0,,CC1(CC2=C(C(=O)C1)C(=NN2C3=CC(=C(C=C3)C(=O)N)NC4CCC(CC4)O)C(F)(F)F)C,1,,,,,CCCC(C#C)O,0,,,,,,
,,,,,,C=CCOC(=O)C1=CC=CC=C1C(=O)OCC=C,1,,CC(C)C1=NC(=NC(=C1)C2=CC=C(C3=CC=CC=C32)F)N,0,,,,,C1=CC(=C(C=C1[As](=O)(O)O)[N+](=O)[O-])O,0,,,,,,
,,,,,,CC(C)OC(=O)C(C)(C)OC1=CC=C(C=C1)C(=O)C2=CC=C(C=C2)Cl,1,,CCC(CC)CC1(CCCCC1)C(=O)NC2=CC=CC=C2SC(=O)C(C)C,1,,,,,C1=CC=C(C=C1)OP(=O)(OC2=CC=CC=C2)OC3=CC=CC=C3,1,,,,,,
,,,,,,C1=CC(=CC=C1[N+](=O)[O-])OC2=C(C=C(C=C2)Cl)Cl,1,,CCOC1=NC2=CC=CC(=C2N1CC3=CC=C(C=C3)C4=CC=CC=C4C5=NOC(=O)N5)C(=O)O,0,,,,,C1=CC(=C(C=C1Br)Br)Br,0,,,,,,
,,,,,,C1=CC=C(C=C1)C(C2=CC=C(C=C2)Cl)C(=O)C3C(=O)C4=CC=CC=C4C3=O,1,,CN1CCN(CC1)C2CCN(CC2)C(=O)NC3=NC=CC(=C3)OC4=CC(=C(C=C4)NC(=O)C5(CC5)C(=O)NC6=CC=C(C=C6)F)F,1,,,,,C1C(C(C(=O)N1C2=CC=CC(=C2)C(F)(F)F)Cl)CCl,1,,,,,,
,,,,,,CC1=C2C(=CC=C1)C=CC=N2,0,,CC1=C(SC2=C1C=C(C=C2)Cl)S(=O)(=O)NC3=CC(=C(C=C3)OC)N4CCNCC4,1,,,,,C1[C@H](C(=O)NO1)N,0,,,,,,
,,,,,,CC1=C2COC(=O)C2=C(C(=C1OC)C/C=C(\C)/CCC(=O)OCCN3CCOCC3)O,1,,CC1=NOC(=C1NC(=O)OC(C)C2=CC=CC=C2Cl)C3=CC=C(C=C3)CSCCC(=O)OC,1,,,,,CNC(=O)C1=CC=CC=C1SC2=CC3=C(C=C2)C(=NN3)/C=C/C4=CC=CC=N4,1,,,,,,
,,,,,,CCCCCC[N+]1=CC=CC=C1.C(F)(F)(F)S(=O)(=O)[O-],0,,CNCC1=CN(C(=C1)C2=CC=CC=C2F)S(=O)(=O)C3=CN=CC=C3,1,,,,,CCC(C)C1=C(C(=CC(=C1)[N+](=O)[O-])[N+](=O)[O-])OC(=O)C=C(C)C,1,,,,,,
,,,,,,C1=CN(C(=N1)[N+](=O)[O-])CC(=O)NCCO,0,,C1CN(CCC1NC2=C3C=C(SC3=NC=N2)Cl)CC4=CC(=C(C=C4)F)C#N,0,,,,,CC1=C2C=CC3=CC=CC=C3C2=CC=C1,0,,,,,,
,,,,,,C1=CC(=O)NNC1=O,0,,CC1=C(C=CC(=C1)NC(=O)C2=CC(=CC=C2)NC(=O)/C=C/CN(C)C)NC3=NC=CC(=N3)C4=CN=CC=C4,1,,,,,C=CCSCC1NC2=CC(=C(C=C2S(=O)(=O)N1)S(=O)(=O)N)Cl,0,,,,,,
,,,,,,CC1=CCC2CC1C2(C)C,0,,CC(=O)NC1=NC2=C(C=CC=C2S1)OC3=NC=NC(=C3)C4=CC=C(C=C4)C(F)(F)F,0,,,,,CCN(CC)CCC1=CNC2=CC=CC=C21.CCN(CC)CCC1=CNC2=CC=CC=C21.C(=C/C(=O)O)\C(=O)O,0,,,,,,
,,,,,,CC1=C(C(=CC=C1)C)NC(=O)CN(CC(=O)O)CC(=O)O,0,,C1CCC(CC1)C(CC2C3=CC=CC=C3C4=CN=CN24)O,1,,,,,C[C@]12CC[C@H]3[C@H]([C@@H]1CC[C@]2(C#C)O)CCC4=C3C=CC(=C4)O,1,,,,,,
,,,,,,CCOC(=O)COC(=O)C1=CC=CC=C1C(=O)OCC,1,,C1COCCN1CC2=CN=C(C=C2)C3=C(NC4=C3C=C(C=C4)C#N)O,1,,,,,C1=CC=C(C=C1)CCO,0,,,,,,
,,,,,,CC(=O)C(CC(=O)OC)C(=O)OC,1,,C1=CN2C3=C(C=C(C=C3)F)N=C(C2=C1)NNC(=O)C4=NC=CN=C4,1,,,,,CCN(CCCCOC(=O)C1=CC(=C(C=C1)OC)OC)C(C)CC2=CC=C(C=C2)OC.Cl,0,,,,,,
,,,,,,CCOC(=O)N1CCC(=C2C3=C(CCC4=C2N=CC=C4)C=C(C=C3)Cl)CC1,1,,CC(C)(C#N)C1=CC=C(C=C1)N2C3=C4C=C(C=CC4=NC=C3COC2=O)C5=CC6=CC=CC=C6N=C5,1,,,,,CC(=C)[C@H]1CN[C@@H]([C@H]1CC(=O)O)C(=O)O,0,,,,,,
,,,,,,CCN(CC)C(=S)SCC(=C)Cl,1,,CC(=O)N1CCN(CC1)C2=CC(=C(C=C2)NC3=NC=C(C(=N3)NC4=CC(=CC=C4)NC(=O)C=C)C(F)(F)F)OC,1,,,,,CCCC[N+]1=CC=CC=C1C.[Br-],0,,,,,,
,,,,,,C1CC(C1)(C(=O)O)C(=O)O.[NH2-].[NH2-].[Pt+2],1,,CCC(=O)NC1=CC(=CC=C1)OC2=NC(=NC=C2Cl)NC3=C(C=C(C=C3)N4CCN(CC4)C)OC,1,,,,,C1=CC2=C(C=C(C=C2C=C1N)S(=O)(=O)O)O,1,,,,,,
,,,,,,CCOC(=O)CC(=O)C,0,,C[C@@H]1COCCN1C2=NC(=NC(=C2)C3(CC3)S(=O)(=O)C)C4=C5C=CNC5=CC=C4,1,,,,,CC1=CC=C(C=C1)S(=O)(=O)NC(=O)NN2CCCCCC2,0,,,,,,
,,,,,,C1COCCN1C(=N)N=C(N)N.Cl,0,,CNC(=O)C1=NC=CC(=C1)OC2=CC=C(C=C2)NC3=NC=C(C(=N3)NC4=CC(=CC=C4)NC(=O)C=C)F,1,,,,,CCCCC(=O)O[C@@]1(CC[C@@H]2[C@@]1(C[C@@H]([C@H]3[C@H]2CCC4=CC(=O)CC[C@]34C)O)C)C(=O)CO,1,,,,,,
,,,,,,CC(=O)O,0,,C1CN(CCN1CC2=NC(=CC=C2)NC3=NC=CS3)C(=O)C4=C(C(=CC=C4)Cl)F,1,,,,,C1=CC(=CC=C1C(C2=CC=C(C=C2)Cl)C(Cl)(Cl)Cl)Cl,1,,,,,,
,,,,,,CN1C=C(C2=CC=CC=C21)C3=C(C(=O)NC3=O)C4=CN(C5=CC=CC=C54)C6CCN(CC6)CC7=CC=CC=N7,1,,CN(C)C(=O)C1=CC2=CN=C(N=C2N1C3CCCC3)NC4=NC=C(C=C4)N5CCNCC5,0,,,,,CC(C)(C)C1CCCCC1O,0,,,,,,
,,,,,,C1=CC=C(C=C1)C(Cl)Cl,0,,CC1=C(C2=CC=CC=C2N1)CCNC(=O)C3=CC=CS3,1,,,,,CCOC(=O)C(=C(C1=CC=CC=C1)C2=CC=CC=C2)C#N,1,,,,,,
,,,,,,CN1CC2=C(C=CC(=C2)C(=O)N3CCC(CC3)C4CCNCC4)N[C@H](C1=O)CC(=O)O,0,,CN1CCC(CC1)NC(=O)C2=NOC(=C2)C3=C(C=C(C=C3OC4=CC=C(C=C4)[N+](=O)[O-])O)O,1,,,,,C1=CC=C2C=C(C=CC2=C1)O,1,,,,,,
,,,,,,C/C=C(/C(=C/C)/C1=CC=C(C=C1)O)\C2=CC=C(C=C2)O,1,,CCOC(=O)C1=CN=C2N1C=C(C=C2)C3=CC(=CN=C3)NS(=O)(=O)C4=CC=CC=C4,1,,,,,C1=CC=C(C=C1)CCCC2=CC=NC=C2,1,,,,,,
,,,,,,CCC(=O)OCCC1=CC=CC=C1,1,,CC1=NN(C=C1NC2=NC=C(C(=N2)NC)C(F)(F)F)C(C)(C)C#N,1,,,,,CC(C(C)S)S,0,,,,,,
,,,,,,COC1=CC=C(C=C1)C(C2CC2)(C3=CN=CN=C3)O,1,,C1CN(CCC1C2=NC(=CS2)C(=O)NC3=NC4=C(N3)C=C(C=C4)C(=O)C5=CC=CC=C5)C6=NC=NC7=C6SC=C7,1,,,,,C[C@H](CCCC(C)C)[C@H]1CC[C@@H]\2[C@@]1(CCC/C2=C\C=C\3/C[C@H](CCC3=C)O)C,1,,,,,,
,,,,,,CCOC(=O)/C=C\C(=O)OCC,0,,CCN(CC)CCN(CC1=CC=C(C=C1)C2=CC=C(C=C2)C(F)(F)F)C(=O)CN3C4=C(CCC4)C(=O)N=C3SCC5=CC=C(C=C5)F,1,,,,,CC(C)CC(=O)OCC1=CC=CC=C1,0,,,,,,
,,,,,,CC1=CC=C(C=C1)C(=O)CC(CSC(=O)C)C(=O)O,1,,COC1=CC=CC=C1C2=CC(=NC=N2)NC3=CC=CC(=C3)CS(=O)(=O)N,1,,,,,C1CN(CCC1(C2=CC=C(C=C2)Br)O)CCCC(=O)C3=CC=C(C=C3)F,1,,,,,,
,,,,,,CCCCC(CC)COC(=O)C,0,,CCCC1=CC=C(C=C1)OCC(=O)N(CC2=NC(=NO2)C3=CN=CC=C3)C(C)C,1,,,,,CCCCCCCCCCCCN1C=C[N+](=C1)C.[Cl-],1,,,,,,
,,,,,,C1=CC=C2C(=C1)C(=O)C3=C(C2=O)C=C(C=C3)N,1,,CCNC1=NC(=NC=C1C(F)(F)F)NC2=C(C=C(C(=C2)F)C(=O)N3CCOCC3)OC,1,,,,,CC1=CCC(CC1)C(C)(C)OC(=O)C,0,,,,,,
,,,,,,CC(=O)[C@H]1CC[C@@H]2[C@@]1(CC[C@@H]3[C@H]2C=CC4=CC(=O)CC[C@@]34C)C,1,,CN1C2C(C=C(C1=O)C3=C(C=CC=C3Cl)Cl)C=NC(=N2)NC4=CC(=CC=C4)SC,0,,,,,C1CC(CC=C1)CO,0,,,,,,
,,,,,,CC(=CCCC(C)(C=C)OC(=O)C1=CC=CC=C1N)C,0,,CN(CC(=O)N(CC1=CC=C(C=C1)C2CCCCC2)C3=CC=C(C=C3)C(=O)O)S(=O)(=O)C4=C(C(=C(C(=C4F)F)F)F)F,1,,,,,C1CN2CCC1[C@H](C2)NC(=O)C3=NC=C4C(=C3)C=CO4,0,,,,,,
,,,,,,CC1=CC=C(C=C1)C(C)C,0,,CC1=C(C2=CC=CC=C2N1)C3=C(C(=O)N(C3=O)C)NCCC4=CC=C(C=C4)F,1,,,,,CCCCCCCCCCCCOC(=O)C(=C)C,0,,,,,,
,,,,,,CC1=C(SC(=N1)C2=CC(=C(C=C2)OCC(C)C)C#N)C(=O)O,1,,CN1CCN(CC1)C2=CC(=C(C=C2)OC(F)(F)F)NC3=NC=C4CCC5=C(C4=N3)N(N=C5C(=O)N)CCO,0,,,,,C[C@H]1/C=C\C=C(/C(=O)NC2=C(C(=C3C(=C2O)C(=C(C4=C3C(=O)[C@](O4)(OC=C[C@@H]([C@H]([C@H]([C@@H]([C@@H]([C@@H]([C@H]1O)C)O)C)OC(=O)C)C)OC)C)C)O)O)/C=N/N5CCN(CC5)C)\C,1,,,,,,
,,,,,,CC1=C(N(N=C1C(=O)NN2CCCCC2)C3=C(C=C(C=C3)Cl)Cl)C4=CC=C(C=C4)Cl,1,,C1CN(CCC1NC(=O)C2=CC=CC=C2C3=CC=C(C=C3)C(F)(F)F)CCCCC4(C5=CC=CC=C5C6=CC=CC=C64)C(=O)NCC(F)(F)F,1,,,,,CC(C)(C)C1=CC=C(C=C1)C(=O)CCCCl,1,,,,,,
,,,,,,COC(=O)NC1=NC2=C(N1)C=C(C=C2)S(=O)C3=CC=CC=C3,0,,CC1=NC2=C(N=C(N=C2N1C(C)C)N3CCOCC3)C4=CN=C(N=C4)N,1,,,,,C1=C(C(=CC(=C1Cl)Cl)Cl)O,1,,,,,,
,,,,,,C1=CC=C2C(=C1)C(=O)[N-]S2(=O)=O.[Na+],0,,CC1=C(C=C(C=N1)CCCN(C)C)NC2=NC=C3CC(=S)NC4=C(C3=N2)C=CC(=C4)C(F)(F)F,1,,,,,CC1=C([C@H](C(=C(N1)C)C(=O)O[C@@H]2CCCN(C2)CC3=CC=CC=C3)C4=CC(=CC=C4)[N+](=O)[O-])C(=O)OC.Cl,1,,,,,,
,,,,,,COC1=CC(=CC(=C1OC)OC)C(=O)N2CCOCC2,0,,CC(C)(C)C1=CC=C(C=C1)CN2CCN(CC2)C(C3=CC=CC=C3)C4=CC=C(C=C4)Cl,0,,,,,CCO[Si](C)(CCCOCC1CO1)OCC,0,,,,,,
,,,,,,C1C2=C(C=CC(=C2)N)N=C3N1C(=O)C4=CC=CC=C43,1,,CC1=CC=C(C=C1)NC(=O)C(=O)NC2CC(NC(C2)(C)C)(C)C,0,,,,,C[C@]12C=CC3=C4CCC(=O)C=C4CC[C@H]3[C@@H]1CC[C@@H]2O,1,,,,,,
,,,,,,CCN(CC)C(=O)SCC1=CC=C(C=C1)Cl,1,,C1CC1C(=O)NC2=NN3C(=N2)C=CC=C3C4=CC=C(C=C4)OCC5=CN=C(C=C5)C#N,0,,,,,CCCCOC(=O)C1=CC=C(C=C1)O,0,,,,,,
,,,,,,CCCCCCCCCCCC#N,0,,CN1C(=CC=N1)NC2=NC=CC(=N2)C3=CC(=O)N(C=C3)[C@H](CO)C4=CC(=C(C=C4)Cl)F,1,,,,,CC1=C2CC[C@@H](C(=O)N2C3=CC=CC=C13)CC4=C(NC=N4)C.Cl,1,,,,,,
,,,,,,C[C@]12CC[C@H]3[C@H]([C@@H]1CC[C@@H]2C(=O)NC(C)(C)C)CC[C@@H]4[C@@]3(C=CC(=O)N4)C,1,,CN1CCN(CC1)CC2=CC=C(C=C2)C3=CC4=C(NC=C4C5=CC6=C(C=C5)NC=C6)N=C3,1,,,,,CC(=O)OCCCCCCCCC=C,0,,,,,,
,,,,,,CCO[Si](C)(C)OCC,0,,CC(C)C1=CC2=C(N=CN=C2S1)N3CCN(CC3)C4=NCC(S4)(C)C,0,,,,,CC(C)C1=CC=CC=C1N,1,,,,,,
,,,,,,C1=CC2=C(C=C1[N+](=O)[O-])C(=O)OC2=O,0,,CC1=C2C(=C(SC2=NC(=C1Cl)OCC(=O)N3CCN(CC3)C)C(=O)NC4CC4)N,1,,,,,CN1CC2=C(C=CC(=C2)C(=O)N3CCC(CC3)C4CCNCC4)N[C@H](C1=O)CC(=O)O,0,,,,,,
,,,,,,C1=CC=C(C=C1)OC2=CC=CC=C2,0,,C[C@@H]1C2=C(C=CC(=C2)F)C(=O)N(CC3=NN(C(=C3C4=CC(=C(N=C4)N)O1)C#N)C)C,1,,,,,CCCCC(CC)COC(=O)/C=C\C(=O)OCC(CC)CCCC,0,,,,,,
,,,,,,CC(C)OS(=O)(=O)C,0,,C1=CC(=CC=C1C2=CNN=C2)[C@@](CN)(C3=CC=C(C=C3)Cl)O,1,,,,,C1=CC(=CC=C1N/C(=N/C(=NCCCCCCN=C(/N=C(/NC2=CC=C(C=C2)Cl)\N)N)N)/N)Cl,0,,,,,,
,,,,,,C1=CC=C(C=C1)CCCCOC2=CC=C(C=C2)C(=O)NC3=CC=CC4=C3OC(=CC4=O)C5=NNN=N5,1,,CNC(=O)C1=CC=C(C=C1)NC2=NC=C(C(=N2)NCC3=NC=CN=C3N(C)S(=O)(=O)C)C(F)(F)F,1,,,,,CC(C)CC1=CC=C(C=C1)C(C)C(=O)OCC2=CC=CC=N2,0,,,,,,
,,,,,,C1CCC(CC1)C(=O)N2CC3C4=CC=CC=C4CCN3C(=O)C2,0,,CC1=CC(=CC(=C1C2=CSC(=N2)NC(=O)C3=CC=NC=C3)C)OC4=CC=C(C=C4)OC,1,,,,,CCOC(=O)NC1=CC2=C(C=C1)SC3=CC=CC=C3N2C(=O)CCN4CCOCC4.Cl,1,,,,,,
,,,,,,C1NC2=CC(=C(C=C2S(=O)(=O)N1)S(=O)(=O)N)Cl,0,,C1CC1CN2CCN(CC2)CC3=CC4=C(S3)C(=NC(=N4)C5=C(C=CC6=C5C=CN6)F)N7CCOCC7,1,,,,,CCCCCCCO,0,,,,,,
,,,,,,C1=CC=C(C=C1)OC2=CC=C(C=C2)O,1,,CCOC1=CN(N=C1C(=O)NC2=CC(=C(C=C2)OC3=C4C=C(C(=CC4=NC=C3)OC)OC)F)C5=C(C=C(C=C5)F)C,0,,,,,C1=CC(=NC(=C1)C(=O)O)C(=O)O,0,,,,,,
,,,,,,CC(C)(C)C1=CC=C(C=C1)OC2CCCCC2OS(=O)OCC#C,1,,CC1=NC2=C(N1)C=C(C=C2)N3C(=C(C=N3)C(=O)C4=CC5=CC=CC=C5N4)N,1,,,,,CCCCCC(=O)O,0,,,,,,
,,,,,,C1=C(NC(=O)NC1=O)C(=O)O,0,,C[C@H]1CO[C@H]2N1C(=O)C3=C(C(=O)C(=CN3C2)C(=O)NCC4=C(C=C(C=C4)F)F)O,0,,,,,CC(C)OC(=O)C(C)N(C1=CC(=C(C=C1)F)Cl)C(=O)C2=CC=CC=C2,1,,,,,,
,,,,,,CCCCSP(=O)(SCCCC)SCCCC,1,,CC#CC(=O)NC1=CC2=C(C=C1)N=CN=C2NC3=CC(=CC=C3)Br,1,,,,,CN(C(=N)N[N+](=O)[O-])N=O,1,,,,,,
,,,,,,CC(CC1=CC=C(C=C1)C(C)(C)C)C=O,1,,C1CN(CC2=CC=CC=C21)C[C@H](CNC(=O)C3=CC(=NC=N3)NC4COC4)O,0,,,,,COCCOC(=O)C1=CC=CC=C1C(=O)OCCOC,0,,,,,,
,,,,,,C1=CC(=CC2=NC3=C(C=CC(=C3)N)C=C21)N.C1=CC(=CC2=NC3=C(C=CC(=C3)N)C=C21)N.OS(=O)(=O)O,0,,CNC1=CC=CC(=N1)CCOC2=CC3=C(C[C@H](C(=O)N(C3)CC(F)(F)F)CC(=O)O)C=C2,0,,,,,C1=CC(=C(C=C1Cl)Cl)C(CN2C=NC=N2)COC(C(F)F)(F)F,1,,,,,,
,,,,,,C1=CC(=CC=C1Cl)Cl,0,,CCCN(CCC1=CSC=C1)C2CCC3=C(C2)C=CC=C3O,0,,,,,C(CN)N.[Cl-].[Cl-].[Pt+2],0,,,,,,
,,,,,,C[N+](C)(C)CCO.C(F)(F)(F)S(=O)(=O)[N-]S(=O)(=O)C(F)(F)F,1,,CC1=C(C=CC(=C1)C(=O)N)C2=CC=C(C=C2)C(=O)NC3=CC(=C(C=C3)OC)N4CCN(CC4)C,0,,,,,C[N+](=CCl)C.[Cl-],0,,,,,,
,,,,,,COP(=S)(OC)OC1=CC=C(C=C1)SC2=CC=C(C=C2)OP(=S)(OC)OC,1,,CC1=C(C=CC(=C1)C2=NN=C(O2)C)C3=CC=C(C=C3)C(=O)NC4=CC(=C(C=C4)O)N5CCN(CC5)C,0,,,,,CCOP(=S)(OCC)SCN1C2=C(C=C(C=C2)Cl)OC1=O,1,,,,,,
,,,,,,C1=CC=C(C=C1)NC2=CC=CC=C2[N+](=O)[O-],1,,C1CCC(CC1)C(=O)N(CCN2CCN(CC2)C3=CC=CC=C3O)C4=CC=CC=N4,1,,,,,CCCOC(=O)NCCCN(C)C.Cl,0,,,,,,
,,,,,,CCCCC(CN1C=NC=N1)(C#N)C2=CC=C(C=C2)Cl,1,,C1CN(CCN1CCNC(=O)C2=CC=C(C=C2)F)C3=CC=CC4=C3C=C(C=C4)O,1,,,,,CCCC[N+]1(CCCCC1)C.[Br-],0,,,,,,
,,,,,,COP(=S)(OC)SCN1C(=O)C2=CC=CC=C2C1=O,1,,C[C@@](CCN1CCN(CC1)C2=CC=CC=C2OC)(C3=CC=CC=C3)C(=O)C4CCCCC4,1,,,,,CC(C[N+](C)(C)C)OC(=O)C.[Cl-],0,,,,,,
,,,,,,COP(OC)OC,0,,CC1CCN(CC1)CC[C@H]2CCCN2S(=O)(=O)C3=CC=CC(=C3)C,0,,,,,CNC(=S)[S-].[Na+],0,,,,,,
,,,,,,C1=C(C=C(C(=C1SC2=C(C(=CC(=C2)Cl)Cl)O)O)Cl)Cl,1,,CC(C)(C)C1=CC(=CC(=C1O)C(C)(C)C)CN2CCN(CC2)CC(C3=CC=C(C=C3)Cl)O,1,,,,,CC(CC1=C(C=CC(=C1)OC)OC)N.Cl,0,,,,,,
,,,,,,C1=C(C(=C(C(=C1Cl)Cl)O)Cl)Cl,1,,CC1=CC(=C(C(=C1)C)N2C=C(C3=C2N=C(N=C3Cl)C)C)C,1,,,,,COP(=S)(OC)OC1=CC=C(C=C1)[N+](=O)[O-],0,,,,,,
,,,,,,CN1C(=O)C=CS1.Cl,1,,C[C@H](C1=CC=CC=C1)NC(=O)C2=CC(=CC(=C2)N(C)S(=O)(=O)C)C(=O)N[C@@H](CC3=CC=CC=C3)[C@@H](CNC4CC4)O,1,,,,,CCCCCCS,0,,,,,,
,,,,,,CC1=CC(=C(C=C1)O)N2N=C3C=CC=CC3=N2,1,,CC1=CC=CC=C1CN2C(=C(N=C2CN(CCC(C)C)C(=O)C3=C(C=C(C=C3)OC)OC)C)C,1,,,,,CN1C2=C(C(=O)N(C1=O)C)N(C=N2)CC3OCCO3,0,,,,,,
,,,,,,C1=CC(=CC=C1O)S(=O)(=O)C2=CC=C(C=C2)O,0,,COC(=O)C(CC1CCCC1)C2=CC=C(C=C2)S(=O)(=O)C,1,,,,,CCCCC(CN1C=NC=N1)(C2=C(C=C(C=C2)Cl)Cl)O,1,,,,,,
,,,,,,C1=CC(=C(C=C1C2=C(C(=O)C3=C(C=C(C=C3O2)O)O)O)O)O.O.O,1,,CN1CCN(CC1)C2=NC3=CC=CC=C3NC4=C2C=C(C=C4)Cl,0,,,,,C1CC1C#C[C@]2(C3=C(C=CC(=C3)Cl)NC(=O)O2)C(F)(F)F,1,,,,,,
,,,,,,CCOC1=CC(=C(C=C1N2CCOCC2)OCC)[N+](=O)[O-],1,,CN1CCN(CC1)C2=NC3=CC=CC=C3NC4=C2C=C(C=C4)OS(=O)(=O)C(F)(F)F,0,,,,,C1=CC=C(C=C1)[NH3+].[N+](=O)([O-])[O-],0,,,,,,
,,,,,,CC(C)(C1=CC(=C(C(=C1)Br)O)Br)C2=CC(=C(C(=C2)Br)O)Br,1,,CN1CCN(CC1)C2=NC3=CC=CC=C3NC4=C2C=C(C=C4)O,0,,,,,C1CN2C(=O)[C@@H](N=C(C3=CC=CC1=C32)C4=CC=CC=C4F)NC(=O)C5=CC6=CC=CC=C6N5,1,,,,,,
,,,,,,C[C@@H]1CN(C[C@@H](N1)C)CCCN2C3=CC=CC=C3C4=CC=CC=C42.Cl.Cl,0,,CC1(CCC(C2=C1C=CC(=C2)[C@H](C(=O)NC3=C(C=C(C=C3)C(=O)O)F)O)(C)C)C,1,,,,,CCN(CC)CCC1=NC(=NO1)C2=CC=CC=C2.C(C(=O)O)C(CC(=O)O)(C(=O)O)O,0,,,,,,
,,,,,,CCCCCCCCCCCCCCCCCC(=O)O,0,,C1=CC=C(C=C1)[C@@H](CC(=O)O)NC(=O)C2=CC(=CS2)C3=CC=C(C=C3)C4=CC=NC=C4,1,,,,,CC(C(=O)[O-])(Cl)Cl.[Na+],0,,,,,,
,,,,,,C(Cl)(Br)Br,0,,CCNC(=O)[C@@H]1[C@H]([C@H]([C@H](O1)N2C=NC3=C(N=C(N=C32)C(=O)NCCNC(=O)NC4CCN(CC4)C5=CC=CC=N5)NCC(C6=CC=CC=C6)C7=CC=CC=C7)O)O,1,,,,,CN1C=C(C(=O)C(=C1)C2=CC(=CC=C2)C(F)(F)F)C3=CC=CC=C3,1,,,,,,
,,,,,,C1=CC(=C(C(=C1)Cl)Cl)C2=C(N=C(N=N2)N)N,0,,CN([C@H]1CCCC[C@H]1N2CCCC2)C(=O)CC3=CC(=C(C=C3)Cl)Cl,1,,,,,CC(C)(C)OC(=O)C1=C2[C@@H]3CCCN3C(=O)C4=C(N2C=N1)C=CC=C4Br,1,,,,,,
,,,,,,C(CBr)Cl,0,,CCCN(CCC)[C@@H]1CCC2=C(C1)C3=C(C=C2)NC(=C3)C#N,0,,,,,C1=CC=C(C=C1)C(=O)C2=C(C=CC(=C2)Cl)N,1,,,,,,
,,,,,,CCC[N+]1(CCCC1)C.[Cl-],0,,COC1=C(C=C(C=C1)Cl)[C@@]2(C3=C(C=C(C=C3)C(F)(F)F)NC2=O)F,1,,,,,COC(=O)NC1=NC2=C(N1)C=C(C=C2)S(=O)C3=CC=CC=C3,1,,,,,,
,,,,,,CCCCCCCCCCCCCCCC[N+](C)(C)CC1=CC=CC=C1.[Cl-],1,,CS(=O)(=O)C1=CC=C(C=C1)[C@H](CC2CCCC2)C(=O)NC3=NC=CS3,1,,,,,CC(CO)CO,0,,,,,,
,,,,,,CC(C)CC(C)CC(C)/C=C(\C)/C1CC(=O)OC1=O,1,,CC(C)(C)NC(=O)C(CN1CCN(CC1)C2=CC=CC=C2OC)C3=CC=CC=C3,1,,,,,CCCCCCCCC(=O)O,0,,,,,,
,,,,,,CC(C)N1C2=CC=CC=C2C(=C1/C=C/[C@H](C[C@H](CC(=O)O)O)O)C3=CC=C(C=C3)F,1,,COC1=CC2=C3NCCN3C(=NC(=O)C4=CN=CC=C4)N=C2C=C1OC,1,,,,,CCCCOCC,0,,,,,,
,,,,,,C[C@H](/C=C/[C@H](C)C(C)C)[C@H]1CC[C@@H]\2[C@@]1(CCC/C2=C\C=C\3/C[C@H](CCC3=C)O)C,1,,CN1CCC2=CC(=C(C=C2[C@H](C1)C3=CC=CC4=C3OCC4)O)Cl,0,,,,,C1=CC=C2C3=C4C(=CC2=C1)C=CC5=C4C(=CC=C5)C=C3,1,,,,,,
,,,,,,C(=O)(C(C(C(C(C(C(C(F)(F)F)(F)F)(F)F)(F)F)(F)F)(F)F)(F)F)[O-].[NH4+],1,,C[C@@H]([C@H](C1=CC=C(C=C1)O)O)N2CCC(CC2)(C3=CC=CC=C3)O,0,,,,,C1=CC=C2C=C(C=CC2=C1)OC(=O)C3=CC=CC=C3N,1,,,,,,
,,,,,,CNC(=S)[S-].O.O.O.[Na+],1,,C1CN(CCC1CC2=CC=C(C=C2)F)C(=O)C(=O)NC3=CC4=C(C=C3)NC(=O)O4,1,,,,,CC(=O)CC(=O)N(C)C,0,,,,,,
,,,,,,CN1CCC2=CC3=C(C(=C2[C@@H]1[C@@H]4C5=C(C(=C(C=C5)OC)OC)C(=O)O4)OC)OCO3,1,,CN1[C@@H]2CC[C@@H](C[C@H]1CC2)NC(=O)C3=NN(C4=CC=CC=C43)C,0,,,,,C1=CC(=C(C=C1C2=CC(=C(C=C2)N)Cl)Cl)N,1,,,,,,
,,,,,,C1=CC=C2C(=C1)C=CC=C2NCCN.Cl.Cl,1,,CC1=CC=C(C=C1)COC(=O)N2CC[C@H]([C@H](C2)F)CNC3=NC=CC=N3,1,,,,,CCCCCC(=O)N,0,,,,,,
,,,,,,CC(C)COC(=O)CCCCC(=O)OCC(C)C,1,,C[C@@H](C(=O)N[C@H]1C(=O)N(C2=CC=CC=C2C(=N1)C3=CC=CC=C3)C)NC(=O)CC4=CC(=CC(=C4)F)F,1,,,,,CCCCCCCCCCCCCCCCN1C=C[N+](=C1)C.[Cl-],1,,,,,,
,,,,,,C1=COC(=C1)CS,1,,CCCCCN1C=C(C2=CC=CC=C21)C(=O)C3=CC=CC4=CC=CC=C43,0,,,,,CCC1=NN(C(=O)N1CCOC2=CC=CC=C2)CCCN3CCN(CC3)C4=CC(=CC=C4)Cl.Cl,1,,,,,,
,,,,,,CS(=O)(=O)C1=CC(=C(C=C1)C(=O)C2C(=O)CCCC2=O)[N+](=O)[O-],1,,C1CN(CCN1CCN2C3=CC=CC=C3NC2=O)C4=CC=CC(=C4)C(F)(F)F,1,,,,,C1CNP(=O)(OC1)N(CCCl)CCCl.O,0,,,,,,
,,,,,,COC(=O)[C@H](CC1=CC(=C(C=C1)O)O)N.Cl,0,,CC(C)(C)C1=CC2=C(C=C1)[C@@H](CC2)NC(=O)NC3=CC=CC4=C3C=NN4,1,,,,,CCC/C(=N\OCC)/C1=C(CC(CC1=O)CC(C)SCC)O,1,,,,,,
,,,,,,C1(=NC(=O)N(C(=O)N1Cl)Cl)[O-].O.O.[Na+],0,,C1CN(CCN1CC2=CC=C(C=C2)C3=CC=CC=C3)C4=CC=CC5=C4OC(=O)N5,1,,,,,CCC(C)N,0,,,,,,
,,,,,,CC(C)CC(C)NC1=CC=C(C=C1)NC2=CC=CC=C2,1,,C[C@@H]1CCCN1CCC2=CC3=C(O2)C=CC(=C3)C4=CC=C(C=C4)C#N,0,,,,,C(N(CP(=O)([O-])[O-])CP(=O)([O-])[O-])P(=O)(O)[O-].[Na+].[Na+].[Na+].[Na+].[Na+],0,,,,,,
,,,,,,C(=C(I)I)(I)I,1,,CC(C)(C#N)C1=CC=C(C=C1)N2C3=C4C=C(C=CC4=NC=C3N(C2=O)C)C#CC5=CN=CC=C5,1,,,,,C1=CC=NC(=C1)NS(=O)(=O)C2=CC=C(C=C2)N=NC3=CC(=C(C=C3)O)C(=O)O,0,,,,,,
,,,,,,C1=CC=C(C(=C1)OC(F)(F)F)S(=O)(=O)N,0,,C1CN(CCN1CC2=CC3=C(N2)C=CC(=C3)F)C4=CC=CC=N4,1,,,,,CCCCC(CC)C(=O)[O-].CCCCC(CC)C(=O)[O-].[Ba+2],0,,,,,,
,,,,,,COP(=S)(OC)OC1=CC(=C(C=C1Cl)I)Cl,1,,CCCCCN1C=C(C2=CC=CC=C21)C(=O)CC3=CC=CC=C3OC,1,,,,,CC(C1=CC=C(C=C1)O)(C2=CC=C(C=C2)O)C3=CC=C(C=C3)O,1,,,,,,
,,,,,,C1CN(CC=C1N2C3=CC=CC=C3NC2=O)CCCC(=O)C4=CC=C(C=C4)F,0,,C1=CC=C2C(=C1)C(=CN2)CCNC3=CC(=CC=C3)NC4=CC=NC=C4,1,,,,,C1CCC(C1)(C2=CC3=C(C=C2)[C@@H]([C@H](CO3)CC4=CC=C(C=C4)C5=CC=CC=C5)O)C(=O)O,1,,,,,,
,,,,,,C([C@H]([C@@H]1[C@@H]([C@@H]2[C@H](O1)O[C@@H](O2)C(Cl)(Cl)Cl)O)O)O,0,,CN1CCN(CC1)C2=CC(=C(C=C2)N)OC,0,,,,,CNC(=O)O/N=C(/C(=O)N(C)C)\SC,0,,,,,,
,,,,,,C1=C(C=C(C(=C1[N+](=O)[O-])N)Cl)Cl,0,,CC(C)C1=NOC(=N1)C2CCN(CC2)C3=NC=NC(=C3[N+](=O)[O-])NC4=C(C=C(C=C4)S(=O)(=O)C)F,0,,,,,CCC(C)(C)C1CCCCC1OC(=O)C,0,,,,,,
,,,,,,CCC1=C2CN3C(=CC4=C(C3=O)COC(=O)[C@@]4(CC)O)C2=NC5=C1C=C(C=C5)OC(=O)N6CCC(CC6)N7CCCCC7.Cl,0,,CCCN1CCC(CC1)C2=CC(=CC=C2)S(=O)(=O)C,0,,,,,CCCCOC(=O)/C=C\C(=O)OCCCC,0,,,,,,
,,,,,,CC1(CO[C@H](CN1)CC(=O)O)C,0,,CC1([C@H]2C[C@@H]([C@H]([C@@H]1C2)NC(=O)C3=CSC4=C3C=C(C=C4)O)C/C=C\CCCC(=O)O)C,1,,,,,CC1=CC(=C(O1)C)C(=O)C,0,,,,,,
,,,,,,CC(C)OC1=CC2=C(C=C1)C(=O)C(=CO2)C3=CC=CC=C3,1,,CC(=O)N1CCN(CC1)NC(=O)C2=CC=C(C=C2)F,0,,,,,CC1=CC(=CC=C1)N=NC2=CC=C(C=C2)N(C)C,1,,,,,,
,,,,,,C(=O)(N)NC(=O)N,0,,CC1=CC=CC=C1NC(=O)NC2=CC=C(C=C2)CN3C(=O)N(C(=O)C3(C)C)[C@@H](CC(C)C)C(=O)N[C@@H](CC(=O)O)C4=CC=CC=C4,1,,,,,CC(C)OC1=CC2=C(C=C1)C(=O)C(=CO2)C3=CC=CC=C3,1,,,,,,
,,,,,,CCOC(=O)/C=C(\C)/C=C/C[C@@H](C)CCCC(C)C,1,,CC1=C(C=CC(=C1)F)[C@H]2C[C@H](CCN2C(=O)N(C)[C@H](C)C3=CC(=CC(=C3)C(F)(F)F)C(F)(F)F)N4CCN5[C@H](C4)CCC5=O,1,,,,,CC[N+]1(CCCC1)C.[Br-],0,,,,,,
,,,,,,CC1=C(C2=C(CCC(O2)(C)COC3=CC=C(C=C3)CC4C(=O)NC(=O)S4)C(=C1O)C)C,1,,C[C@H](C1=CC=CC=C1C(F)(F)F)OC2=C(SC(=C2)N3C=NC4=C3C=C(C=C4)OC5CCN(CC5)C)C(=O)N,1,,,,,CCCCO[Al](OCCCC)OCCCC,0,,,,,,
,,,,,,CN1[C@@H]2CC[C@H]1CC(C2)NC(=O)N3C4=CC=CC=C4NC3=O,0,,CC(=O)N1CCN(CC1)C(=O)CC2=CC=C(C=C2)NC3=NC=C(C(=N3)NC4=CC=C(C=C4)C(=O)NC5=CC=CC=C5Cl)F,1,,,,,C1=CC=C(C=C1)C(C(=O)C2=CC=CC=C2)O,0,,,,,,
,,,,,,C#CCN1C(=O)COC2=CC(=C(C=C21)N3C(=O)C4=C(C3=O)CCCC4)F,1,,C1=CC=C(C=C1)COC(=O)NCC2=CC=CC=C2C3=CC=CC=C3C(=O)NCCC4=CC=CC=N4,1,,,,,CC1OC(OC(O1)C)C,0,,,,,,
,,,,,,CC(=C)C(=O)OCCOCCOCCOCCOC(=O)C(=C)C,1,,CC(=O)N1CCN(CC1)C2CCC(CC2)N3C4=NC=NC(=C4C(=N3)C5=CC(=C(C=C5)NC(=O)C6=CC7=CC=CC=C7N6C)OC)N,1,,,,,O.O.O.O.O.O.Cl[Dy](Cl)Cl,0,,,,,,
,,,,,,C[C@@H]1[C@@H]2[C@H](C(=O)N2C(=C1S[C@H]3C[C@H](NC3)CNS(=O)(=O)N)C(=O)O)[C@@H](C)O,1,,CCOC(=O)N1CCC(CC1)NCCNC(=O)C2=CC=CC=C2C,0,,,,,C1CN(CCC12C(=O)NCN2C3=CC=CC=C3)CCCC(=O)C4=CC=C(C=C4)F,1,,,,,,
,,,,,,C1=CC=C2C=C(C=CC2=C1)S(=O)(=O)[O-].[Na+],0,,CC1=C(SC(=C1Br)C(=C)F)CNCCCNC2=CC(=O)C3=CC=CC=C3N2,1,,,,,C(C(CCl)OP(=O)(OC(CCl)CCl)OC(CCl)CCl)Cl,1,,,,,,
,,,,,,CSCCC=O,1,,CC1=C(C=C(C=C1)C(=O)NC2=CC(=CC=C2)S(=O)(=O)NC3=NC4=CC=CC=C4N=C3NC5=CC(=CC(=C5)OC)OC)OC,1,,,,,CN(C)NC(=O)CCC(=O)O,0,,,,,,
,,,,,,CC(=O)NC1=C(C(=C(C(=C1I)C(=O)[O-])I)C(=O)NC)I.[Na+],0,,CN=C(NS(=O)(=O)C1=CC=C(C=C1)Cl)N2C[C@@H](C(=N2)C3=CC=C(C=C3)Cl)C4=CC=CC=C4,0,,,,,CC[C@H]1C(=O)N(CC(=O)N([C@H](C(=O)N[C@H](C(=O)N([C@H](C(=O)N[C@H](C(=O)N[C@@H](C(=O)N([C@H](C(=O)N([C@H](C(=O)N([C@H](C(=O)N([C@H](C(=O)N1)[C@@H]([C@H](C)C/C=C/C)O)C)C(C)C)C)CC(C)C)C)CC(C)C)C)C)C)CC(C)C)C)C(C)C)CC(C)C)C)C,1,,,,,,
,,,,,,CC(C)(C)CC(C)(C)C1=CC=C(C=C1)O,1,,COC1=CC(=CC(=C1OC)OC)C2=C(C=CC(=N2)N[C@@H](CC3=CC=CC=C3)CO)C(=O)NCCOC4=CC=CC=C4,1,,,,,CCCCCC(=O)OCCCCC,0,,,,,,
,,,,,,CCCCOCCOCCOCC1=CC2=C(C=C1CCC)OCO2,1,,CC1=C(C(=C(C2=C1N=C(O2)C)OCCC(C)C3=CC=C(C=C3)F)OCCN4CCCCC4)C(=O)C,1,,,,,CCCCCCCCCCCCCCCS(=O)(=O)OC1=CC=CC=C1,0,,,,,,
,,,,,,CC1=CC=C(C=C1)OC(=O)C2=CC=CC=C2O,1,,CC1=CC(=C2C=C(C(=NC2=C1)NCCNC(=O)C3=CC(=CC=C3)OC)C#N)C,1,,,,,C1=CC=C(C=C1)CCO,0,,,,,,
,,,,,,CC(=C)[C@H]1CC2=C(O1)C=CC3=C2O[C@@H]4COC5=CC(=C(C=C5[C@@H]4C3=O)OC)OC,1,,C[C@H]1C[C@@H]2[C@@H]([C@H](OC2=O)C)[C@H]([C@@H]1C)/C=C/C3=NC=C(C=C3)C4=CC=CC=C4C#N,0,,,,,[CH-]1C=CC=C1.[CH-]1C=CC=C1.[Cr+2],0,,,,,,
,,,,,,C1=CC(=C(C=C1Cl)O)Cl,0,,CC1=C(C(=NO1)C2=C(C=CC=C2Cl)Cl)CC(=O)NCC3=CN=C(C=C3)OCC(F)(F)F,1,,,,,C1=CC=C(C=C1)P(=O)(O)O,0,,,,,,
,,,,,,CN(C)CC/C=C/1\C2=CC=CC=C2COC3=CC=CC=C31.Cl,0,,CC1=C(C=C(C=C1)[C@H](CC2CC2)N(CC#C)C3=NC(=C(S3)C)C4=C(C=C(C(=C4)C)OC)Cl)F,0,,,,,C1[C@@H]([C@H]([C@@H]([C@H]([C@@H]1N)O[C@@H]2[C@@H]([C@H]([C@@H]([C@H](O2)CO)O)N)O)O)O[C@@H]3[C@@H]([C@H]([C@@H]([C@H](O3)CN)O)O)N)N.OS(=O)(=O)O,0,,,,,,
,,,,,,C[C@@H]1CC[C@H](C2=C(C[C@H]([C@H]12)O)C)/C=C(\C)/C(=O)O,0,,CCNC(=O)N1CCCN(CC1)C2=C(C=C(C=C2)C(=O)NCCC3=C(C=C(C=C3)Cl)Cl)NC(=O)C4=CC(=CC=C4)Cl,1,,,,,C1C[C@H]2C(=O)N[C@@H](CSSCCC(=O)N[C@H](C(=O)NCC(=O)N[C@H](C(=O)N[C@H](C(=O)N2C1)CC3=CNC4=CC=CC=C43)CC(=O)O)CCCCN=C(N)N)C(=O)N,0,,,,,,
,,,,,,CC1=C(C=C(C=C1)N)OC,1,,C1CN(CCC1NC2=NN=C(C=C2)C(F)(F)F)CC3=CC(=C(C=C3)F)F,0,,,,,C[C@]12CC[C@H]3[C@H]([C@@H]1CCC2=O)CCC4=C3C=CC(=C4)O,1,,,,,,
,,,,,,C1=CC(=CC=C1[N+](=O)[O-])[N+](=O)[O-],1,,CC(C)(C)NS(=O)(=O)C1=CC=C(C=C1)C2=CC3=C(C=C2)NN=C3N,1,,,,,CC(C)CCCC(C)NCCC(C)C,0,,,,,,
,,,,,,CC1=CC=C(C=C1)S(=O)(=O)OC,0,,CC1=C(CN(CC1)C2=NC=CS2)C3=CC=C(C=C3)NC(=O)C4=C(C=CC=C4F)F,1,,,,,CCOP(=O)(OCC)OC1=NC(=NC(=C1)C)C(C)C,0,,,,,,
,,,,,,CCCCN(CCCC)CC(C1=CC(=CC\2=C1C3=C(/C2=C/C4=CC=C(C=C4)Cl)C=C(C=C3)Cl)Cl)O,1,,C1C[C@H](N[C@H]1C2=CC=C(C=C2)OCC3=CC=CC=C3F)C(=O)N,0,,,,,C1=CC=C(C=C1)CC2=CC=C(C=C2)O,1,,,,,,
,,,,,,CC(CC1=CC2=C(C=C1)OCO2)C=O,1,,CC1=C(C=CC(=C1)F)[C@H]2C[C@H](CCN2C(=O)N(C)[C@H](C)C3=CC(=CC(=C3)C(F)(F)F)C(F)(F)F)N4CCN(CC4)C(=O)C,1,,,,,C1CN(CCN1)CCN,0,,,,,,
,,,,,,CCCCCCCCCCCCCCCC,1,,COC1=CC=CC=C1N2CCN(CC2)C3=NC=NC4=NNC(=C43)Br,1,,,,,C1CN(CC1C2=CC=CC=C2)CCC(=O)C3=CC4=C(C=C3)OCCO4,1,,,,,,
,,,,,,CC1=C(C2=C(N1C(=O)C3=CC=C(C=C3)Cl)C=CC(=C2)OC)CC(=O)O,1,,CC(C)(C)NC1=NC2=CC(=C(C=C2N=C1S(=O)(=O)C)Cl)Cl,1,,,,,CCCCCCCCN1C=C[N+](=C1)C.[Cl-],1,,,,,,
,,,,,,C1=C(C(=CC(=C1Cl)Cl)Cl)Cl,0,,CCOC(=O)[C@H](CCC1=CC=CC=C1)CC2(CCCC2)C(=O)N[C@H]3CCC4=CC=CC=C4N(C3=O)CC(=O)O,1,,,,,C[N+]1([C@@H]2CC[C@H]1CC(C2)OC(=O)C(CO)C3=CC=CC=C3)C.[N+](=O)([O-])[O-],0,,,,,,
,,,,,,CC1=C(C(=CC=C1)C)NC(=O)C2=CC=CC=C2C(=O)O,0,,CC1=CC=C(C=C1)CN2C(=CC(=N2)C(=O)N[C@H]3[C@]4(CC[C@H](C4)C3(C)C)C)C5=CC(=C(C=C5)Cl)C,1,,,,,C1=CC2=C3C(=C1)C=CC3=CC=C2,1,,,,,,
,,,,,,CC(C)(C1=CC=CC=C1)C2=CC(=C(C(=C2)N3N=C4C=CC=CC4=N3)O)C(C)(C)C5=CC=CC=C5,0,,COC1=CC(=CC(=C1OC)OC)C(=O)NC(=S)NC2=CC=CC(=C2)NC(=O)C3=CC=CC=C3,1,,,,,C1=CC=C(C=C1)S(=O)(=O)OC2=CC=C(C=C2)Cl,1,,,,,,
,,,,,,C(CO)CS,0,,CC1=NC2=C(C=CC=C2N=C1C3=CC=C(C=C3)C4=CC(=CC=C4)S(=O)(=O)C)C(F)(F)F,0,,,,,C[Si](C1=CC=CC=C1)(C2=CC=CC=C2)Cl,1,,,,,,
,,,,,,CC(C)OC(=O)CC1=CC=CC=C1,0,,C1=CC=C(C=C1)CNC2=NC(=NC=C2C(=O)N)NCCC3=CC(=C(C=C3)O)Cl,1,,,,,C1=CC(=NC(=C1Cl)C(=O)O)Cl,0,,,,,,
,,,,,,C1=CN=CC=C1C2=CNC(=O)C(=C2)N,1,,C1CCC2(C1)CC(=O)N(C(=O)[C@H]2O)CCCCN3CCN(CC3)C4=NC=CC=N4,1,,,,,C[C@]12CC[C@H]3[C@H]([C@@H]1CC[C@]2(C#C)O)CCC4=CCCC[C@H]34,1,,,,,,
,,,,,,CC[N+](=O)[O-],0,,C1CNCCN(C1)C(=O)C2=C(C=CC(=C2)CC3=NNC(=O)C4=CC=CC=C43)F,1,,,,,CCN(CC)C(=O)C1=CC(=C(C=C1N(CC)CCN(C)C)N2CCC(CC2)C3=CC=CC=C3)S(=O)(=O)CC4=CC=CC=C4.C(=O)(C(F)(F)F)O,1,,,,,,
,,,,,,C1=C(OC(=C1)[N+](=O)[O-])/C=N/NC(=O)N,0,,CCN(CC1=CN=CC=C1)C(=O)CN(C2=CN=C(C=C2)OC)S(=O)(=O)C3=CC=CC=C3C,1,,,,,C1=C(C=C(C(=C1I)O)I)I,1,,,,,,
,,,,,,CCOP(=S)(OCC)SCCl,1,,C1=CC=C2C(=C1)C=C(C=N2)OC3=C(C=C(C=C3Cl)NS(=O)(=O)C4=C(C=C(C=C4)Cl)Cl)Cl,1,,,,,CC1COC2=CC=CC=C2N1C(=O)C(Cl)Cl,1,,,,,,
,,,,,,COC1=CC=C(C=C1)C(=O)OC,0,,C1CC1C2=C(C=NN2C3=CC=CC4=C3C=CC=N4)C(=O)N=C(N)N,0,,,,,CC1=C(C(=O)C(=C(C1=O)C)CCCCC#CCCCC#CCO)C,1,,,,,,
,,,,,,C1CCN(CC1)C(=S)SSSSSSC(=S)N2CCCCC2,1,,CC(C)N1C2=CC=CC=C2C=C(C1=O)C(=O)NC3CC4CCC(C3)N4C[C@H](CN(C)S(=O)(=O)C)O,0,,,,,CCN(CC)CCOC1=CC=CC=C1C(=O)CCC2=CC=CC=C2,1,,,,,,
,,,,,,CCCN[C@H]1CCC2=C(C1)SC(=N2)N.O.Cl.Cl,0,,C1=COC(=C1)C2=CC(=NO2)C(=O)NCCCN3C=CN=C3,1,,,,,C1=CC=C(C=C1)N2C(=O)C(=C(C=N2)N)Cl,0,,,,,,
,,,,,,[B-](F)(F)(F)F.CCCCN1C=C[N+](=C1)C,0,,CCCCC1=CC=C(C=C1)C(=O)NC2=CC(=NN2C3=CC=C(C=C3)Cl)C4=CC=C(C=C4)Cl,0,,,,,C1CC(=O)NC(=O)C1N2CC3=C(C2=O)C=CC=C3N,0,,,,,,
,,,,,,C1=CC=C(C(=C1)[N+](=O)[O-])[N+](=O)[O-],1,,C1CN(CCN1CCCC(C#N)(C2=CC=CC=C2)C3=CC=CC=C3)/N=C/C4=CN=CC=C4,1,,,,,CCC(=O)OCC,0,,,,,,
,,,,,,COC1=C(C=C(C(=C1)O)C(=O)C2=CC=CC=C2)S(=O)(=O)O,0,,COC1=CC=CC(=C1)C2=CC(=NC(=N2)N)NCC3=CC4=C(C=C3)OCO4,1,,,,,CC(C)CCCCCCOC(=O)CCCCC(=O)OCCCCCCC(C)C,0,,,,,,
,,,,,,C1=CC2=C(C(=C(C=C2I)I)O)N=C1,0,,CC1=CC2=C(C=C1C)OC=C(C2=O)CN(C)CCN(C)CC3=CN(C4=CC=CC=C43)C5=CC=CC(=C5)C(F)(F)F,1,,,,,C[C@@H]1CC[C@H]2[C@H](C(=O)O[C@H]3[C@@]24[C@H]1CC[C@](O3)(OO4)C)C,0,,,,,,
,,,,,,CCCOC1=C(C(=C(S1)C(=O)N2CCC(CC2)C3=C(C=CC(=C3)CN)F)C)Br.Cl,1,,CC1=C(C=CC(=C1)C(=O)N2CCCCC3=CC=CC=C32)CNC(=O)N4CCC[C@H]4C(=O)N(C)C,1,,,,,CCN(CC)CC(=O)NC1=C(C=C(C=C1C)C)C.Cl,1,,,,,,
,,,,,,CCC(CC)NC1=C(C=C(C(=C1[N+](=O)[O-])C)C)[N+](=O)[O-],1,,CCN(CC)CCCS(=O)(=O)N[C@H](CCC1=CC=CC=C1)C2=NC(=NO2)CC3=CC=C(C=C3)Br,1,,,,,CCCCOC(=O)C1=CC=C(C=C1)O,1,,,,,,
,,,,,,CC1CN1P(=O)(N2CC2C)N3CC3C,0,,CN(CC1=CC=C(C=C1)C(=O)O)C2=C(N=C(C=C2)OCC3=C(ON=C3C4=C(C=CC=C4Cl)Cl)C5CC5)C(F)(F)F,1,,,,,C1=CC=C(C(=C1)C(=O)N)Cl,0,,,,,,
,,,,,,C1=C(OC(=C1)C(=O)NCC(=O)O)CO,0,,C=CCCN1CCC2(CC1)CN(C3=C2C=C(C=C3)Cl)C(=O)C4=C(C=CC=C4F)F,1,,,,,C1C2=CC=CC=C2C3=C1C=C(C=C3)O,1,,,,,,
,,,,,,C1=CC=C(C=C1)[Sn](C2=CC=CC=C2)(C3=CC=CC=C3)F,1,,COC1=CC=C(C=C1)C(=O)NC2=NC=C(S2)C3=CC=C(C=C3)C(=O)O,0,,,,,CCCC[Sn](CCCC)(CCCC)Cl,1,,,,,,
,,,,,,CC(=O)C(C(=O)N(C)C)Cl,0,,CCC1=C2C(=NN1CCOC)C(=O)NC(=N2)C3=C(N=CC(=C3)S(=O)(=O)N4CCN(CC4)CC)OCC,1,,,,,CCCCOC(CC)O,0,,,,,,
,,,,,,C[C@]12CC[C@H]3[C@H]([C@@H]1CC[C@]2(C)O)CC[C@@H]4[C@@]3(CC5=NON=C5C4)C,1,,CC1=C(N2C=CC=CC2=C1OC)C(=O)C3=CC(=C(C=C3)N)C(=O)[O-],0,,,,,C1(=C(C(=C(C(=C1F)F)Br)F)F)F,0,,,,,,
,,,,,,C=COCC1CCC(CC1)COC=C,0,,CC1=NC(=CC=C1)C2=C(N=C(N2)CC3=CC(=CC=C3)C(=O)N)C4=CC5=NC=CN=C5C=C4,1,,,,,CC(C)(C)CC(C)(C)C1=CC(=C(C=C1)O)N2N=C3C=CC=CC3=N2,1,,,,,,
,,,,,,CCOC(=S)[S-].[Na+],1,,CC1=NOC(=O)C2=C1C=C(C=C2)NC(=O)C(CC(C)(C)C3=CC=CC4=C3OCC4)(C(F)(F)F)O,1,,,,,CCN(CC)CCOC(=O)C1(CCCCC1)C2CCCCC2,1,,,,,,
,,,,,,CCOC(=O)CCl,0,,COC1=CC=C(C=C1)CC(=O)NCC2=CC=CC=C2C3=CC=CC=C3C(=O)NCCC4=CN=CC=C4,1,,,,,CCOCCN1C(=NC2=CC=CC=C12)N3CCN(CCC3)C.C(=C/C(=O)O)\C(=O)O.C(=C/C(=O)O)\C(=O)O,0,,,,,,
,,,,,,CC(C)(C)C(=O)C1C(=O)C2=CC=CC=C2C1=O,1,,COC1=CC=C(C=C1)C2=C(N(C(=N2)C3=CC(=CC(=C3)C(F)(F)F)C(F)(F)F)CC4=CC=C(C=C4)C(=O)N)C5=CC=C(C=C5)OC,1,,,,,CC1(CCCC(N1C)(C)C)C.[C@H]([C@@H](C(=O)O)O)(C(=O)O)O,0,,,,,,
,,,,,,CC1=C(C(C(=C(N1)C)C(=O)OC(C)C)C2=CC=CC3=NON=C32)C(=O)OC,1,,CC1=C(C=CC(=C1)OC)N2C(=O)C3=C(C(=O)N2)NC4=C(C3=O)C=CC(=C4)Cl,0,,,,,CN1CCCN=C1/C=C/C2=CC=CS2.[C@@H]([C@H](C(=O)O)O)(C(=O)O)O,0,,,,,,
,,,,,,CCCC[N+]1(CCCCC1)C.[I-],0,,C1CCCN(CC1)S(=O)(=O)C2=CC=CC(=C2)C(=O)NC3=CC(=CC=C3)[N+](=O)[O-],1,,,,,CC(=O)O[C@H]1[C@H]([C@@H]2[C@]([C@H](CCC2(C)C)O)([C@@]3([C@@]1(O[C@@](CC3=O)(C)C=C)C)O)C)O,1,,,,,,
,,,,,,CC(C)(C)NCC(C1=CC(=C(C(=C1)Cl)N)Cl)O,0,,C1=COC(=C1)C2=NN3C(=N2)C4=C(N=C3N)N(N=C4)CCCC5=CC=C(C=C5)O,1,,,,,C1=CC(=CC=C1OC2=CC=C(C=C2)Br)Br,0,,,,,,
,,,,,,CCCCCCCC(=O)OC,0,,CC(C1=CC2=C(C=C1)C=C(C=C2)OC)C(=O)OC3=CC=C(C=C3)C(=S)N,1,,,,,CC(C)(C)NC1=NC(=NC(=N1)NC2CC2)SC,1,,,,,,
,,,,,,C1C(O1)CBr,0,,C1COC[C@@H]1OC2=CC=CC3=C2C(=NO3)OCC4CCN(CC4)CC5(CCOCC5)O,0,,,,,CS(=O)(=O)OCCCCOS(=O)(=O)C,0,,,,,,
,,,,,,C[C@@H]1CCC[C@@H](N1)C.Cl,0,,CCOC(=O)C1=CC=C(C=C1)N(C)C2=CSC(=N2)C3=CC=CC=C3,1,,,,,CCCC[N+]1=CC=CC=C1C.C(F)(F)(F)S(=O)(=O)[O-],0,,,,,,
,,,,,,CN1C(=O)C2=CC=CC=C2C1=O,1,,CC(=C)[C@H]1CCC(=CC1)COC(=O)NC(=O)C2=C3N=NN(C(=O)N3C=N2)C,1,,,,,CCCCCCCCN1C=C[N+](=C1)C.C(F)(F)(F)S(=O)(=O)[O-],1,,,,,,
,,,,,,CCCCC(CC)COC(=O)CS,1,,C1CCN(C1)CC2=CC=C(C=C2)OCCCCN(CCC3=CC=CC=C3)CC4=CC=C(C=C4)C5=NN(N=N5)CC(=O)O,1,,,,,CC(=O)CCC1=CC=C(C=C1)OC,0,,,,,,
,,,,,,CCOCC(=O)O,0,,CC1=CC(=C(C(=C1)C)S(=O)(=O)N(CC2=CC=C(C=C2)C3=CC(=CC=C3)S(=O)(=O)C)CC4=CC=C(O4)C(F)(F)F)C,1,,,,,CC1=CC=C(C=C1)C2=C(N3C=C(C=CC3=N2)C)CC(=O)N(C)C,1,,,,,,
,,,,,,CC(=O)C1=CC=C(C=C1)C2=CC=C(C=C2)C(=O)NCCCCN3CCN(CC3)C4=CC=CC=C4OC,0,,CC(C)OC(=O)N1CCC(CC1)OC2=NC=NC3=C2C=NN3C4=C(C=C(C=C4)S(=O)(=O)C)F,0,,,,,C(/C=C/C(=O)O)N,0,,,,,,
,,,,,,CC(C)(C)C1=CC=C(C=C1)OC(=O)C2=CC=CC=C2O,1,,COCC1=C(C=CC2=C1CC[C@H]2C3=NC=CN3)Cl,1,,,,,CCCCC1C(=O)N(N(C1=O)C2=CC=CC=C2)C3=CC=CC=C3,1,,,,,,
,,,,,,CC1(C(=O)N(C(=O)O1)C2=CC(=CC(=C2)Cl)Cl)C=C,0,,C1CN(CCN1C2=CC=CC=C2F)C(=O)C3=CC(=C(C=C3)Cl)[N+](=O)[O-],0,,,,,C1CCSC1,0,,,,,,
,,,,,,C1=CC=C(C=C1)/C=C/S(=O)(=O)[N-]C(=O)C2=C(C=C(C=C2)F)Cl.[Na+],1,,CC(C)(C(=O)O)OC1=CC=C(C=C1)C2=NC3=C(S2)C=CC(=C3)Cl,0,,,,,C1=C(C=C(C(=C1SC2=C(C(=CC(=C2)Cl)Cl)O)O)Cl)Cl,1,,,,,,
,,,,,,CC(C)(C)C(=O)CCl,0,,CCCC(=O)C1CCN(CC1)C2=NC=NC3=C2CN(CC3)C(=O)C4=CC=C(C=C4)C5=CC=CC=C5,1,,,,,CC(=CCNC1=C2C(=NC=N1)N(C=N2)[C@H]3[C@@H]([C@@H]([C@H](O3)CO)O)O)C,1,,,,,,
,,,,,,C[C@]12CC[C@H]3C(=CCC4=C3C=CC(=C4)O)[C@@H]1CCC2=O,1,,C1=CC(=C(C=C1NC2=NC(=CS2)C3=C(C=C(C=C3)O)O)C(F)(F)F)C#N,1,,,,,CC1=CC(=CC=C1)Cl,0,,,,,,
,,,,,,CC(C)C1=CC2=C(C=C1)SC3=CC=CC=C3C2=O,1,,CS(=O)(=O)N(CC(=O)NCC1CC1)C2=C(C=CC(=C2)C(F)(F)F)Cl,1,,,,,C1=CC=C(C=C1)N=NC2=C(C=CC3=CC(=CC(=C32)S(=O)(=O)[O-])S(=O)(=O)[O-])O.[Na+].[Na+],0,,,,,,
,,,,,,CN1C(=O)CN=C(C2=C1C=CC(=C2)Cl)C3=CC=CC=C3,1,,CC1=CC=C(C=C1)S(=O)(=O)N2C=CC(=N2)C3=C(ON=C3C4=CC=C(C=C4)Cl)C,1,,,,,C1=CC(=C(C=C1NC(=O)C2=C(C(=CC(=C2)Cl)Cl)O)Cl)Cl,1,,,,,,
,,,,,,C1=CC2=C(C(=C(C=C2Cl)Cl)O)N=C1,0,,C1CN(CCN1C2=C3C=CC(=CC3=NC=C2)Cl)C(=O)C4=CC=C(C=C4)Cl,0,,,,,C1=CC(=CC=C1[N+](=O)[O-])OC2=C(C=C(C=C2)Cl)Cl,1,,,,,,
,,,,,,C1CN(CCN1CCCC(=O)NC2C3=CC=CC=C3CSC4=CC=CC=C24)C5=CC=C(C=C5)F,1,,C1CCC(CC1)C(=O)NC2=NN=C(O2)C3=CC4=C(C=C3)OCCO4,0,,,,,CCOC(=O)NC1=CC(=CC=C1)OC(=O)NC2=CC=CC=C2,1,,,,,,
,,,,,,CC/C=C\CCOC(=O)C,0,,C1=CC(=CC=C1C#N)C2=CC=C(C=C2)NC(=O)NC3=CC=C(C=C3)C4=C5C(=NC=C4)N=CN5,1,,,,,CCCCOC(=O)C1=CC=C(C=C1)N,1,,,,,,
,,,,,,CC1=C(C=CC(=C1)C2=CC(=C(C=C2)N)C)N.Cl.Cl,1,,CCOC(=O)C1(CCN(CC1)CC2=CC(=C(C=C2)O)Cl)CCOC3=CC=CC=C3,1,,,,,CC1(C(=O)NC(=O)N1)C,0,,,,,,
,,,,,,CC(=O)O[Sn](C1=CC=CC=C1)(C2=CC=CC=C2)C3=CC=CC=C3,1,,CN1C2=C(C=C(C=C2)[N+](=O)[O-])C(=C1CO)C3=CC=CC=C3,1,,,,,C1=CC(=CC=C1C2=C(C(=O)C3=C(C=C(C=C3O2)O)O)O)O,1,,,,,,
,,,,,,C1=CC=C(C=C1)C(C(=O)C2=CC=CC=C2)O,0,,CCOC1=C(C(=CC(=C1)CNC2CCCC2)Cl)OCC3=CC=C(C=C3)Cl,1,,,,,C1=CC=C(C=C1)C(C2=CC=CC=C2)(C3=CC=CC=C3)Cl,1,,,,,,
,,,,,,C1=CC(=CC=C1C[C@@H](C(=O)O)N)O,0,,CC(C)(C)C1=CC=C(C=C1)C(=O)NC2=CC(=C(C=C2C(=O)O)Br)Cl,1,,,,,CCCCC/C=C\C/C=C\C/C=C\C/C=C\CCCC(=O)NCC(=O)O,0,,,,,,
,,,,,,CCOC(=O)CC(C(=O)OCC)SP(=O)(OC)OC,1,,CCN1CCC[C@@H]1CNC(=O)C2=CC3=C(C=C2)SC4=C(C=CC=C4C(=O)N3)C,0,,,,,CC1=C(N(C2=C1C=C(C=C2)C(=O)OCCN(C)C)CC3=CC=CC=C3)C,1,,,,,,
,,,,,,CC1CC(C2=C(C1(C)C)C=C(C(=C2)C(=O)C)C)(C)C,1,,CC1=C2C(=C(C=C1)OC)N=C(S2)NC(=O)C3=CC=NC=C3,1,,,,,C1=CC=C(C=C1)CC(=O)C2=CC=CC=C2,1,,,,,,
,,,,,,CC(CS(=O)(=O)C1=CC=C(C=C1)F)(C(=O)NC2=CC(=C(C=C2)C#N)C(F)(F)F)O,1,,CCN1CCC[C@@H]1CNC(=O)C2=CC3=C(C=C2)S/C(=C\C4=CC=CC=C4F)/C(=O)N3,0,,,,,C1=CC=C2C(=C1)C=CC(=O)O2,0,,,,,,
,,,,,,CC1=C(C=CC=C1NC2=C(C=CC=N2)C(=O)O)C(F)(F)F.CNC[C@@H]([C@H]([C@H]([C@@H](CO)O)O)O)O,1,,C[C@H](C(=O)NC1CCCC1)N(C2CCCCC2)C(=O)CN3N=C(N=N3)C4=CC5=C(C=C4)OCO5,1,,,,,C1=CC=C(C=C1)P(=O)(CC(=O)NN)C2=CC=CC=C2,0,,,,,,
,,,,,,CN1C(=O)CCC(=N1)C(=O)N,0,,C1CCN(C(C1)CC2=CC=CC=C2)C(=O)N3C=C(N=N3)C4=CC=C(C=C4)C5=CC(=CC=C5)C(=O)O,1,,,,,COC(=O)NC1=NC2=C(N1)C=C(C=C2)S(=O)C3=CC=CC=C3,1,,,,,,
,,,,,,CCOC(=O)C1=NN(C(=O)C1)C2=CC=CC=C2,1,,COC1=CC=C(C=C1)C2=CC=C(C=C2)C3=CN(N=N3)C(=O)N4CCCCC4C5=CC=CC=C5,0,,,,,C[C@H](CC1=CC=CC=C1)N(C)CC#C.Cl,0,,,,,,
,,,,,,CC(CC1=CC=CC=C1)NCCCCl,0,,CC1(CC2=C([C@H](C3=C(NN=C3N2)C(F)(F)F)C4=CC=CC=C4OC)C(=O)C1)C,1,,,,,CC(C(=O)O)OC1=C(C=CC(=C1)Cl)Cl,0,,,,,,
,,,,,,C(C(Cl)(Cl)Cl)(O)O,0,,CC1=NN(C(=C1)NC(=O)NC2=CC(=C(C=C2)F)F)C3=CC=CC=C3,1,,,,,C1=CC(=CC=C1C(C2=CC=C(C=C2)Cl)C(Cl)Cl)Cl,1,,,,,,
,,,,,,C1=CC=C(C(=C1)C#N)C#N,0,,C[C@@H](CN1CCC2(CC1)C(=O)NCN2C3=CC(=CC=C3)F)NC(=O)C4=CC=C(C=C4)Br,1,,,,,COC1=CC=C(C=C1)N=[N+](C2=CC=C(C=C2)OC)[O-],1,,,,,,
,,,,,,CN(C)C1=CC2=C(C=C1)N=C3C=CC(=[N+](C)C)C=C3S2.O.O.O.[Cl-],1,,C1CC1C(=O)NC2=CC=C(C=C2)N(CC3=CSC=C3)C(=O)CN4C5=CC=CC=C5N=N4,1,,,,,CO/C=C(\C1=CC=CC=C1COC2=CC=CC(=N2)C(F)(F)F)/C(=O)OC,1,,,,,,
,,,,,,CCCCC/C=C/C=C/C=O,1,,COC1=CC=CC(=C1)C2=NN(C3=CC=CC=C32)CC(=O)OC,1,,,,,CC1=CC(=CC(=C1OCCCC2=CC(=NO2)C)C)C3=NOC(=N3)C(F)(F)F,1,,,,,,
,,,,,,CC(C)CC1=C(C(=NC(=C1C(=O)OC)C(F)F)C(F)(F)F)C2=NCCS2,1,,CC1=CC(=C(C=C1)N2CCN(CC2)S(=O)(=O)N3CCCCC3)C,0,,,,,CCOC1=C(C=CC(=C1)C(C)(C)C)C2COC(=N2)C3=C(C=CC=C3F)F,1,,,,,,
,,,,,,C[C@@H]1CCN([C@H](C1)C(=O)O)C(=O)[C@H](CCCN=C(N)N)NS(=O)(=O)C2=CC=CC3=C2NC[C@@H](C3)C,0,,CC(C)C1=NOC(=C1)CNC(=O)C2=CC(=C(C=C2)OC)OC3CCN(CC3)C,0,,,,,CC/C=C\C/C=C\C/C=C\CCCCCCCC(=O)OC,1,,,,,,
,,,,,,C1C[C@@H](OC1)N2C=C(C(=O)NC2=O)F,0,,CCOC(=O)C1(CCN(CC1)CC2=CC=C(C=C2)NC(=O)C)CCC3=CC=CC=C3,1,,,,,CCOC(=O)C(=C)C#N,0,,,,,,
,,,,,,CC(C)(C1=CC=C(C=C1)OCC2CO2)C3=CC=C(C=C3)OCC4CO4,1,,CCOC1=C(C=C(C=C1)CCNC(=O)C2=CC3=C(N2C)C=C(S3)Cl)OCC,1,,,,,CC(=O)OCC1=CC=CC=C1,0,,,,,,
,,,,,,C1=CC=C(C(=C1)N)[N+](=O)[O-],0,,COCC(=O)N1CCC2=C1C=CC(=C2)C3=CSC(=N3)NC(=O)C4=CC(=CC(=C4)OC)OC,1,,,,,[O-]Cl(=O)=O.[Na+],0,,,,,,
,,,,,,CC1(CC(CC(C1)(C)CN)N)C,0,,CCOC1=CC=C(C=C1)C2=CC(=C(S2)C(=O)O)NC(=O)C3=C(C=CC=C3F)F,1,,,,,CC(C)C(CCCN(C)CCC1=CC(=C(C=C1)OC)OC)(C#N)C2=CC(=C(C=C2)OC)OC,1,,,,,,
,,,,,,CCCOCC(=NC1=C(C=C(C=C1)Cl)C(F)(F)F)N2C=CN=C2,1,,COC1=CC=C(C=C1)SC2=C(C=C(C=C2)NC(=O)C3=CC=CC=C3Cl)C#N,1,,,,,C(C(=O)[O-])S.[NH4+],1,,,,,,
,,,,,,C1=CC=C(C=C1)CCCOC(=O)/C=C/C2=CC=CC=C2,1,,CCCN1C(=C(C=N1)CN2CCCC(C2)C(=O)C3=CC(=CC=C3)OC(C)C)C,1,,,,,CC1=CC(=CC=C1)OC(=O)C,0,,,,,,
,,,,,,[Cu+].[I-],1,,CCCOC1=CC=C(C=C1)C2=NC3=CC=CC=C3C(=N2)OC,0,,,,,CCC1(C(=O)NC(=NC1=O)[O-])C2=CC=CC=C2.[Na+],1,,,,,,
,,,,,,CC/C=C\CC/C=C/C(OCC)OCC,1,,CC1=CC=C(C=C1)S(=O)(=O)NCC2=CC=C(C=C2)C(=O)NCCN(CC3=CC=CC=C3)C(C)C,1,,,,,C1=CC(=C(C=C1Cl)CC2=C(C=CC(=C2)Cl)O)O,1,,,,,,
,,,,,,CC1=CC(=C(C=C1NC(=O)C2=C(C(=CC(=C2)I)I)O)Cl)C(C#N)C3=CC=C(C=C3)Cl,1,,C1CCC(CC1)NC(=O)C2(CCCCC2)N(CC3=CC=CS3)C(=O)C4=CC=CC=N4,1,,,,,C1=CC=C2C(=C1)C=C(C3=CC=CC=C23)C#N,1,,,,,,
,,,,,,C1CN(CCC1(C2=CC=C(C=C2)F)O)[C@@H]3COC4=C([C@@H]3O)C=CC(=C4)O,1,,CC1=CC(=C(C=C1)C)NC(=O)[C@@H]2CCCN2S(=O)(=O)C3=CC=CC4=C3N=CC=C4,1,,,,,C1=CC=C(C=C1)[Bi](C2=CC=CC=C2)(C3=CC=CC=C3)(Cl)Cl,1,,,,,,
,,,,,,CC(C1=CC=CC=C1)(C2=CC=CC=N2)OCCN(C)C.C(CC(=O)O)C(=O)O,0,,C1CC[C@@H]([C@H](C1)NS(=O)(=O)C2=CC=C(C=C2)Cl)N3CCOCC3,1,,,,,CCOP(=S)(OCC)SCSP(=S)(OCC)OCC,1,,,,,,
,,,,,,CCOC(=O)C(=C)C#N,0,,CC1=CSC(=N1)NC(=O)C2=CC=C(O2)COC3=CC(=CC=C3)Cl,1,,,,,COCC(=O)O,0,,,,,,
,,,,,,C1C=CC[C@H]2[C@@H]1C(=O)NC2=O,0,,C1CCN2C(=NC3=C2N=CN=C3N4CCC[C@H](C4)C(=O)NCC5CCN(CC5)CC6=CC(=CC=C6)Cl)C1,1,,,,,C/C(=C\C(=O)O)/C1=C(C=C(C=C1)OC)OC,0,,,,,,
,,,,,,COC1=CC=CC=C1OC,0,,C1CC2=C(C1)C=C(C=C2)NC(=O)CSC3=NC4=CC=CC=C4C(=O)N3C5=CC=CC=C5,1,,,,,COC1=C(C=CC(=C1)C2=CC(=C(C=C2)N)OC)N.Cl.Cl,1,,,,,,
,,,,,,COC(=O)CCCCC(=O)O,0,,C1C2C1CN(C2)C(=O)C3=NC=C(C=C3)C#CC4=CC(=CC=C4)F,0,,,,,CC1=C(C(CCC1)(C)C)/C=C/C(=C/C=C/C(=C/C=O)/C)/C,1,,,,,,
,,,,,,C1CN(CCC1(C2=CC(=CC=C2)C(F)(F)F)O)CCCC(=O)C3=CC=C(C=C3)F.Cl,0,,CC(C)C1=CC=C(C=C1)CN2C3=CC=CC=C3C(=O)N(C2=O)CC4=CC=C(C=C4)C(=O)NCCCOC,1,,,,,CC1C(C(CC(O1)OC2C[C@@](CC3=C2C(=C4C(=C3O)C(=O)C5=C(C4=O)C(=CC=C5)OC)O)(C(=O)CO)O)N6CCOC(C6)OC)O,0,,,,,,
,,,,,,CC1=CC(=CC(=C1)N)C,1,,CN1C2=C(C=C3C=CC(=CC3=N2)OC)C(=N1)NC(=O)C4=CC=CO4,1,,,,,CCCCCCCCCC/C=C/C#N,0,,,,,,
,,,,,,CN1[C@@H]2CC[C@H]1CC(C2)O,0,,CC1=CC(=CC=C1)C(=O)NC2=CC(=CC=C2)NC(=O)C3=CC=CC=C3OC,1,,,,,C1=CC=C(C=C1)/C=C/C2=CC=CC=C2,0,,,,,,
,,,,,,CO[Si](C)(C)OC,0,,C1[C@@H]2C=C[C@H]1[C@@H]3[C@H]2C(=O)N(C3=O)C4=C(C=C(C=C4)NC(=O)C5=CC=CC=N5)Cl,1,,,,,CCCCOP(=O)(OCCCC)OCCCC,1,,,,,,
,,,,,,CCN(CC)CCCl.Cl,0,,CC1=CC(=CC(=C1)N2C(=O)C(=C(C=N2)Cl)OC3=CC=C(C=C3)OC)C,1,,,,,C1CCN(CC1)CCOC2=CC=C(C=C2)C(=O)C3=C(SC4=C3C=CC(=C4)O)C5=CC=C(C=C5)O.Cl,1,,,,,,
,,,,,,CCCCCCCCCCC1=CC=CC=C1,0,,COC1=CC=C(C=C1)N2CCN(CC2)C(=O)C3=CC4=C(S3)C5=CC=CC=C5S(=O)(=O)C4,1,,,,,C1=COC(=C1)CS,0,,,,,,
,,,,,,CCCCC1=CC=C(C=C1)N,1,,C1C[C@H](C2=C(C1)N(N=C2)C3=C(C=C(C=C3)F)F)NC(=O)C4=CC=CC=N4,0,,,,,CN1CCN([C@H](C1)C2=CC=C(C=C2)F)CC3=CC(=CO3)C4=CC5=C(C=C4)NC(=O)O5.O.Cl,1,,,,,,
,,,,,,CN1C(=S)CN=C(C2=C1C=CC(=C2)Cl)C3=CC=CC=C3,1,,CC(C)(C)CCN1C[C@@H]2[C@H](C1)C2CNC(=O)C3=CC(=CC(=C3)Cl)Cl,0,,,,,CC(COC1=CC=C(C=C1)OC2=CC=CC=C2)OC3=CC=CC=N3,1,,,,,,
,,,,,,C1=C(C(=O)NC(=C1Cl)Cl)Cl,1,,CC1CC(CN(C1)C(=O)C[C@@H](C2=CC3=C(C=C2)OCO3)C4=C(C=C(C=C4OC)OC)O)C,1,,,,,COC1=CC=CC(=C1O)O,1,,,,,,
,,,,,,CC1=CC(=C(C=C1)C(C)C)OC,0,,CC(C)(C)C1=CC=C(C=C1)N([C@H](C2=CN=CC=C2)C(=O)NC(C)(C)C)C(=O)C3=CC=CO3,1,,,,,C[C@]12CCC(=O)C=C1CC[C@@H]3[C@@]2([C@H](C[C@]4([C@H]3C[C@@H]5[C@]4(OC(O5)(C)C)C(=O)CCl)C)O)F,1,,,,,,
,,,,,,C1=CC(=C(C2=NC=C(C=C21)Cl)C(=O)O)Cl,1,,CN1C2=C(C3=C1C(=O)N(N=C3)CC4=CC(=CC=C4)OC)SC(=C2)S(=O)C,1,,,,,CC1=CC(=O)N(N1C)C2=CC=CC=C2,0,,,,,,
,,,,,,CCC(O)OCC(C)OC(CC)O,0,,CC1=CC=C(C=C1)C2(CC2)C(=O)N3CCC(CC3)N4C(=O)OC(=N4)C5=CC=CC=C5,1,,,,,CC(C(=O)OC)O,0,,,,,,
,,,,,,COP(=S)(OC)OC1=CC=C(C=C1)[N+](=O)[O-],1,,CC(=O)C1=CC=C(C=C1)NC(=O)CNC(=O)C2=CC(=NC3=C2C=C(C=C3)OC)C4=CC(=C(C(=C4)OC)OC)OC,1,,,,,CN(C)C(=O)NC1(CCN(CC1)CC[C@]2(CN(CCO2)C(=O)C3=CC=CC=C3)C4=CC(=C(C=C4)F)F)C5=CC=CC=C5.Cl,1,,,,,,
,,,,,,COC1=C2C(=CC3=C1OC=C3)C=CC(=O)O2,1,,C1COCCN1C2=NC(=C3C(=N2)N(C=N3)C4=CSC=C4)NCC5=NC6=C(N5)C=CC=C6[N+](=O)[O-],1,,,,,CC(C)NC1=NC(=NC(=N1)Cl)NC(C)C,1,,,,,,
,,,,,,CC(C)N=C=NC(C)C,0,,CC1=CC(=C(C=C1)C)NC(=O)CNS(=O)(=O)C2=CC3=C(C=C2)NC(=O)O3,1,,,,,CC(C)(C)C1=CC(=C(C=C1)O)C(C)(C)C,0,,,,,,
,,,,,,CCCCCCCCCCCCCCCCC,0,,CC1=NC2=CC=CC=C2C(=C1)N3CCN(CC3)C(=O)OC4=NC=C(C=C4)C5=CC=CC=C5,1,,,,,CN1CCCCC1CCN2C3=CC=CC=C3SC4=C2C=C(C=C4)SC.Cl,1,,,,,,
,,,,,,CC(=CCC/C(=C\COC(=O)C)/C)C,0,,CC[C@@H](C1=CC=CC=C1)C(=O)NC2=CC=CC=C2N3CCCC3,1,,,,,CC(=O)OC(C1=CC=C(O1)[N+](=O)[O-])OC(=O)C,1,,,,,,
,,,,,,[Cl-].[Cl-].[Cl-].[Fe+3],0,,CC1=C2C(=C(SC2=NC(=C1Cl)C)C(=O)NCC3=CC=NC=C3)N,1,,,,,C[C@]12C[C@@H]([C@H]3[C@H]([C@@H]1CC[C@@]2(C(=O)COC(=O)CC(C)(C)C)O)CCC4=CC(=O)C=C[C@]34C)O,1,,,,,,
,,,,,,C1=CC=C(C=C1)C2=C(C=C(C=C2)O)Cl,1,,COC(=O)C1=C(N=CC(=C1)Br)N2CCC(C(C2)O)NC3CCCCC3,0,,,,,C(CNCCN)N,0,,,,,,
,,,,,,CC1(CC(CC(N1)(C)C)O)C,0,,C1CC(C1)NC(=O)CC2=CC=C(C=C2)C3=CC=CC=C3,0,,,,,CCOC(=O)N,0,,,,,,
,,,,,,COP(=O)(OC)OC(C(Cl)(Cl)Br)Br,1,,CC1=C(C=CC(=C1)C(=N)N)C2=CC=C(C=C2)C(=O)NC3=CC(=C(C=C3)OC)N4CCN(CC4)C,0,,,,,C[C@H](CCC(=O)O)[C@H]1CC[C@@H]2[C@@]1(CC[C@H]3[C@H]2CC[C@H]4[C@@]3(CC[C@H](C4)O)C)C,1,,,,,,
,,,,,,C1=CC=C2C(=C1)C(=O)N(C2=O)SC(Cl)(Cl)Cl,1,,CCNC(=O)C1CC(C1)(C2=CC(=C(C=C2)CN3CCCC3)F)F,0,,,,,CC1CN(CCN1)C2=C(C=C3C(=C2OC)N(C=C(C3=O)C(=O)O)C4CC4)F,0,,,,,,
,,,,,,CN(C)C1=CC=C(C=C1)N=NS(=O)(=O)[O-].[Na+],1,,CC1=NN(C(=C1)C(=O)NC2=C(C=CC(=C2)NC3=CC4=C(C=C3)C(=NN4)/C=C/C5=CC=CC=N5)F)C,1,,,,,C(CNC(=S)[S-])NC(=S)[S-].C(CNC(=S)[S-])NC(=S)[S-].[Mn+2].[Zn+2],1,,,,,,
,,,,,,CC(C)OC(=O)/C=C(\C)/C=C/CC(C)CCCC(C)(C)OC,1,,CC1=C(C=CC(=C1)C(=O)NC2=CC=C(C=C2)S(=O)(=O)NC3=NC4=CC=CC=C4N=C3NC5=CC(=CC(=C5)OC)OC)OC,1,,,,,[B-](F)(F)(F)F.CCN1C=C[N+](=C1)C,0,,,,,,
,,,,,,COC1=C(C=C(C=C1)C=O)OC,0,,CC1=CC=C(C=C1)N2C(=CC(=N2)C(C)(C)C)NC(=O)NC3=NNC(=C3)COC4=CN=CC=C4,1,,,,,COC(C1=CC=CC=C1)(C(=O)C2=CC=CC=C2)OC,1,,,,,,
,,,,,,CCOC1=CC(=C(C=C1C(=O)CCC(=O)O)OCC)OCC,0,,C[C@H](CN(C)C)OC1=NC(=CN=C1C#N)NC2=NC=C3C(=C2)C=CC=C3Cl,1,,,,,C1=CC=C(C=C1)CCC2=CC=CC=C2,0,,,,,,
,,,,,,C([C@@H]([C@@H]1C(=C(C(=O)O1)[O-])O)O)O.C([C@@H]([C@@H]1C(=C(C(=O)O1)[O-])O)O)O.O.O.[Ca+2],0,,CC1=NN(C(=N1)C2=CN3CCOC4=C(C3=N2)C=CC(=C4)C5=CN(N=C5)C(C)(C)C(=O)N)C(C)C,1,,,,,CCCCCCCCCCCO,0,,,,,,
,,,,,,CN(C1CCCCC1)S(=O)(=O)C2=CC=CC=C2N,1,,CC(C)[C@](C)([C@@H]1CN(CCN1)C2=C(C=C(C(=N2)C3=C4C=CC=NC4=NN3)F)Cl)O,1,,,,,CN1C(=O)C2=C(C1=O)C=C(C=C2)[N+](=O)[O-],0,,,,,,
,,,,,,CCN(CC)C(=S)SSC(=S)N(CC)CC,1,,CN(C(CN1CCCC1)C2=CC=CC=C2)C(=O)CC3=CC=CC=C3,1,,,,,CC1=C(C=CN=C1CS(=O)C2=NC3=CC=CC=C3N2)OCC(F)(F)F,1,,,,,,
,,,,,,C=CCNCC=C,0,,CC(=O)N[C@H](CC1=CNC2=CC=CC=C21)C(=O)OCC3=CC(=CC(=C3)C(F)(F)F)C(F)(F)F,1,,,,,C[C@H](/C=C/[C@H](C)C(C)C)[C@H]1CC[C@@H]\2[C@@]1(CCC/C2=C\C=C\3/C[C@H](CCC3=C)O)C,1,,,,,,
,,,,,,C1=CSC(=C1)C(=O)NC2=NC=C(S2)[N+](=O)[O-],1,,CCCN(CCC)CCC1=CC(=C(C=C1)OC)OCCC2=CC=CC=C2,1,,,,,CC(C)C1=CC2=C(C=C1)N=CC=C2,0,,,,,,
,,,,,,CCCCCCCC(=O)N(C)C,0,,CCOC1=C(C(=CC(=N1)NC(=O)CC2=C(C=CC(=C2)OC)OC)N)C#N,1,,,,,CCC1=CC(=C(C(=C1)C(C)(C)C)O)C(C)(C)C,1,,,,,,
,,,,,,CN1[C@@H]2CC[C@H]1CC(C2)OC(=O)C(C3=CC=CC=C3)O.Br,0,,CCN(CCNC(=O)NC1=CC=CC=C1Br)C2=CC=CC(=C2)C,1,,,,,CC(C)C1=CC=C(C=C1)OP(=O)(OC2=CC=C(C=C2)C(C)C)OC3=CC=C(C=C3)C(C)C,1,,,,,,
,,,,,,C(CNCCN)N,0,,CN(CCOC)CC1=CC2=C(C=C1)N=C3N2C=C(S3)C(=O)N(C)C4CCCCC4,0,,,,,CC(C)C(C1=CC=C(C=C1)OC(F)(F)F)(C2=CN=CN=C2)O,1,,,,,,
,,,,,,CC(=C)C(=O)OCC(COC1=CC=C(C=C1)C(C)(C)C2=CC=C(C=C2)OCC(COC(=O)C(=C)C)O)O,1,,C1C[C@@H](N(C1)CC2=CC=CC=C2)C(=O)NCCCN3CCC4(CC3)C5=CC=CC=C5CO4,1,,,,,C[C@]12CC[C@H]3[C@H]([C@@H]1CC[C@@H]2O)[C@@H](CC4=C3C=CC(=C4)O)CCCCCCCCCS(=O)CCCC(C(F)(F)F)(F)F,1,,,,,,
,,,,,,CC1(CCC(C1(CN2C=NC=N2)O)CC3=CC=C(C=C3)Cl)C,1,,C1CC2=C(C=CS2)C(=C1)C3=CN=CN3,1,,,,,CCCCCCCCCCCCCCCC(=O)OCC,0,,,,,,
,,,,,,C1=C(C=C(C=C1[N+](=O)[O-])[N+](=O)[O-])C(=O)N,0,,COC1=C(C=C(C=C1)[C@H](CC2=CC=NC=C2)C3=CC=CC=C3)OC4CCCC4,1,,,,,CC(C)C(=O)NC1=CC(=C(C=C1)[N+](=O)[O-])C(F)(F)F,1,,,,,,
,,,,,,CCCCCCCCOC(=O)C=C,0,,CCN1C2=NC=NC(=C2N=C1OCC)N,0,,,,,C1=CC2=C(C(=C(C=C2Br)Br)O)N=C1,1,,,,,,
,,,,,,COC1=CC=C(C=C1)N.Cl,1,,CC(=O)SCC(=O)C1=CN=C(C=C1)NS(=O)(=O)C2=CC=C(C=C2)OCCCN(C)C,0,,,,,CCCC[N+]1=CC=C(C=C1)C.F[P-](F)(F)(F)(F)F,1,,,,,,
,,,,,,CCC(C1=CC=CC=C1)C(=O)OCCOCCN(CC)CC.C(C(=O)O)C(CC(=O)O)(C(=O)O)O,0,,C1CCC(CC1)(C2=CC=CC=C2)NCCCCCN,0,,,,,CC1=C(C=CC(=C1)OP(=S)(OC)OC)SC,1,,,,,,
,,,,,,CC1=CC(=C(C=C1)C)OCCCC(C)(C)C(=O)O,1,,CCC1=C(C2=C(N1)C=CC(=C2)OC)CCN(C)C,0,,,,,C(CN)N.I.I,0,,,,,,
,,,,,,CCCCCCCCCC(=O)O[C@H]1CC[C@@H]2[C@@]1(CC[C@H]3[C@H]2CCC4=CC(=O)CC[C@H]34)C,1,,CC(C)(C(=O)N1CCN(CC1)C2=CC(=C(C=C2)C(F)(F)F)C3=C(C(=O)NC3=O)C4=CNC5=CC=CC=C54)O,1,,,,,CC(C)(C1=CC=CC=C1)C2=CC=C(C=C2)O,1,,,,,,
,,,,,,C1=CC=C(C=C1)CCCC2=CC=NC=C2,1,,CCC1=NC(=C(S1)C2=C(N=CC=C2)NC(=O)C3=CC=CC=C3)C4=CC=CC(=C4)C,1,,,,,C=O,0,,,,,,
,,,,,,CCCCCCC1=C(C=C(C=C1)O)O,1,,C1=CC(=C(C=C1C(=O)NC2=CN=C(N=C2)Cl)F)F,0,,,,,[Li+].[Li+].[O-]S(=O)(=O)[O-],0,,,,,,
,,,,,,CN1CCC[C@@H]1C2=CN=CC=C2,0,,CC(C)C1=CC=CC=C1OC(=O)NCCC2=CC3=CC=CC=C3C=C2,1,,,,,CCCCC[C@@H](/C=C/[C@H]1[C@@H](CC(=O)[C@@H]1C/C=C\CCCC(=O)O)O)O,0,,,,,,
,,,,,,C1=CC=C2C=C(C=CC2=C1)N,1,,CCNC(=O)OC1CCN(CC1)C2=NN=CC3=CC(=C(C=C32)OC)OC,1,,,,,CC1(C(=O)N(C(=O)O1)NC2=CC=CC=C2)C3=CC=C(C=C3)OC4=CC=CC=C4,1,,,,,,
,,,,,,C(C(=O)[O-])(Cl)Cl.[Na+],0,,CCOC1=CC=CC(=C1)NC(=O)C2=CC(=C(C=C2)N3CCCC3)C(F)(F)F,1,,,,,CCC(C)C(=O)O,0,,,,,,
,,,,,,C1=CC(=CC=C1C2=CSC(=N2)NN)[N+](=O)[O-],1,,CC(C)C1=C(C(=O)N(N1C)C2=CC=CC=C2)NC(=O)NC3=CC=C(C=C3)Cl,0,,,,,CC(=O)C1=C2CCC(C2=CC(=C1)C(C)(C)C)(C)C,0,,,,,,
,,,,,,COC1=C(C=CC(=C1)/C=C/2\CCC/C(=C/C3=CC(=C(C=C3)O)OC)/C2=O)O,1,,CCOC(=O)C1=C(OC2=C(C1C(C#N)C(=O)OCC)C=C(C=C2)Cl)N,1,,,,,C1=CC=C2C(=C1)C(=O)OC2(C3=CC=C(C=C3)O)C4=CC=C(C=C4)O,1,,,,,,
,,,,,,CC1COC(O1)(CN2C=NC=N2)C3=C(C=C(C=C3)OC4=CC=C(C=C4)Cl)Cl,1,,CC1=CN=C(C(=C1OC)C)CN2C=C(C3=C2N=C(N=C3Cl)N)C#CCC(C)(C)O,1,,,,,CN1C2=C(C(=O)N(C1=O)C)N(C=N2)CC(CO)O,0,,,,,,
,,,,,,C1=CC(=CC(=C1)[N+](=O)[O-])C=O,0,,CC1=CSC(=N1)N(C2CC2)C(=O)CSC3=NN=C(C=C3)C4=CC=CC=C4,1,,,,,C1=CC=C(C=C1)N=NC2=C(C=CC3=CC(=CC(=C32)S(=O)(=O)[O-])S(=O)(=O)[O-])O.[Na+].[Na+],0,,,,,,
,,,,,,CC1=CC(=CC(=C1)OCC2CNC(=O)O2)C,0,,CN(C1=CC=C(C=C1)NC(=O)NC2=CC=CC=C2)S(=O)(=O)C3=CN(N=C3)C4=CC=C(C=C4)F,1,,,,,[Cl-].[Cl-].[Ca+2],0,,,,,,
,,,,,,CCOC(=O)N,0,,C[C@]1(C(=O)N(C(=O)N1C)C2=CC(=CC(=C2)Cl)Cl)CC3=CC=C(C=C3)Br,1,,,,,COC1=CC=C(C=C1)C(=O)/C(=C\C(=O)[O-])/Br.[Na+],1,,,,,,
,,,,,,CC(=O)NO,0,,C1CC(CCC1CC(=O)O)C2=CC=C(C=C2)NC(=O)C3=NN=C(O3)NC4=CC(=C(C=C4)F)F,0,,,,,CC1=C(C=CC(=C1)C2=CC(=C(C=C2)N)C)N.Cl.Cl,1,,,,,,
,,,,,,C[C@@H]1CC[C@H](C(=O)C1)C(C)C,0,,C1=CC=C(C(=C1)N=C2NC(=O)/C(=C/C3=CC=C(C=C3)C(=O)O)/S2)F,0,,,,,C1[C@@H]2[C@@H]3[C@H]([C@H]1[C@H]4[C@@H]2O4)[C@@]5(C(=C([C@]3(C5(Cl)Cl)Cl)Cl)Cl)Cl,1,,,,,,
,,,,,,C1CN(CCN1CCCCN2C(=O)C3=CC=CC=C3S2(=O)=O)C4=NC=CC=N4,1,,CC1=CC2=C(C=C1)C(C3=C(C=C2)C=C(C=C3)C)C4=CN(C(=O)NC4=S)CC5=CC=C(O5)C(=O)NC6=NNN=N6,1,,,,,CC(C)(C)NCC(C1=CC(=CC(=C1)OC(=O)N(C)C)OC(=O)N(C)C)O.Cl,0,,,,,,
,,,,,,CC(C)C=O,0,,CC(C)S(=O)(=O)N[C@H]1CCOC[C@@H]1C2=CC=C(C=C2)C3=CC=C(S3)C#N,0,,,,,CCCCCCCCS(=O)(=O)[O-].[Na+],0,,,,,,
,,,,,,CC(C)CO,0,,CCCC1=C(C(=O)N(C(=C1)C)C)CN(C)C(=O)C2=C3C=NN(C3=CC(=C2)C4=CN=C(C=C4)N5CCN(CC5)C(C)C)C(C)C,1,,,,,CCCCC=C,0,,,,,,
,,,,,,CCCCCCCCCCCCCCCC[N+](C)(C)C.[Br-],0,,CC1=C(C(=NO1)C)C2=CC(=CC(=C2)O)C(C3=CC=CC=C3)O,1,,,,,CC(C)C[C@@H](C(=O)[C@]1(CO1)C)NC(=O)[C@H](CC2=CC=CC=C2)NC(=O)[C@H](CC(C)C)NC(=O)[C@H](CCC3=CC=CC=C3)NC(=O)CN4CCOCC4,1,,,,,,
,,,,,,C1=CC=C2C(=C1)C(=O)OC23C4=CC(=C(C(=C4OC5=C(C(=C(C=C35)Br)O)Br)Br)O)Br,1,,C1=CC2=NSN=C2C(=C1)S(=O)(=O)NC3=C(SC=C3)C(=O)N[C@@H](CCCN=C(N)N)C(=O)O,0,,,,,CCN(CC)C1=CC2=C(C=C1)C(=C3C=CC(=[N+](CC)CC)C=C3O2)C4=C(C=C(C=C4)S(=O)(=O)[O-])S(=O)(=O)[O-].[Na+],0,,,,,,
,,,,,,CC(C)(C)C1=C(C=CC(=C1)OC)O,1,,C[C@H](C1=CC=CC=C1)NC2=NC=NC3=C2C=C(N3)C4=CC=C(C=C4)O,1,,,,,CCC1=C(C(=CC=C1)CC)N,0,,,,,,
,,,,,,C(CN)N.[Cl-].[Cl-].[Pt+2],1,,CC[C@H](CNC1=NC(=NC=C1)C2=C(C=CC(=C2)C3=CN(N=C3)C)O)N,1,,,,,CCOP(=S)(OCC)O/N=C(\C#N)/C1=CC=CC=C1,1,,,,,,
,,,,,,C1=CC(=CC=C1C(=O)C2=CC=C(C=C2)Cl)O,1,,CC1=C(N=NN1C2=C(N=CC=C2)F)C3=CCN(CC3)C(=O)N(C)C(C)C,0,,,,,C1=CC(=CC(=C1)Cl)CCl,0,,,,,,
,,,,,,C1=CC2=C(C=C1[N+](=O)[O-])C(=O)NNC2=O,0,,C1CN[C@@H]1COC2=CN=CC=C2,0,,,,,CCC(C)CC(=O)CC,0,,,,,,
,,,,,,CCOC1=C(C=CC(=C1)C=O)O,0,,CC1=C(C=CC(=C1)F)C2=C3C=CC(=O)N(C3=NC(=N2)NCCN=C(N)NC#N)C4=C(C=CC=C4F)F,1,,,,,CCCCC/C=C\C=C\C(=O)OCC,1,,,,,,
,,,,,,CCCCC=C,0,,CN(C)CC1CCOC1(C2=CC=CC=C2)C3=CC=CC=C3,1,,,,,CC(=C)C1CCC(CC1)(C)O,0,,,,,,
,,,,,,CCCN(CCC)C1=C(C=C(C(=C1[N+](=O)[O-])N)C(F)(F)F)[N+](=O)[O-],1,,CC1=CC(=CC(=C1)C2=C(C3=CC(=C(C=C3N=C2)Cl)C4=CC(=CC=C4)O)OCCCN)C,1,,,,,C1=CC=C(C=C1)N=NC2=C(C=CC3=CC=CC=C32)O,1,,,,,,
,,,,,,CC(C)(C1=CC=CC=C1)C2=CC(=C(C=C2)O)C(C)(C)C3=CC=CC=C3,1,,C1=CC=C(C=C1)C2=C(C3=C(C(=NNC3=O)[O-])C(=N2)Cl)N.[Na+],0,,,,,CC1(SC(SC(S1)(C)C)(C)C)C,0,,,,,,
,,,,,,CCCCC(CC)COC(=O)C1=CC=CC=C1C(=O)O,1,,C1CN(CCC1C(=O)N2CCOCC2)C3=CC=C(C=C3)NC(=O)C4=CN=C(N=C4)OC5=CC=CC=C5,0,,,,,COC1=CC=C(C=C1)C(C2CC2)(C3=CN=CN=C3)O,0,,,,,,
,,,,,,CC1=CC[C@@H](CC1)C(=C)C,0,,C1=CC(=CC(=C1)C2=NC(=NO2)C3=CN=CC=C3)C#N,1,,,,,C1=C(C(=C(C(=C1Cl)Cl)Cl)O)Cl,1,,,,,,
,,,,,,CC1=C(C(=NC(=N1)N)N)C2=CC(=C(C=C2)Cl)Cl,0,,CC1=CC(=C(C=C1)C)N2C=NC3=C2C=CC(=C3)C(=O)NCC4=CC=CC=C4Cl,1,,,,,CCCCCCCCCCN1C=C[N+](=C1)C.C(F)(F)(F)S(=O)(=O)[O-],1,,,,,,
,,,,,,C1CN(CCN1CC2=CC3=C(C=C2)OCO3)C(=O)COC4=CC=C(C=C4)Cl.Cl,1,,COC1=CC(=C(C=C1CCNCC2=CC=CC=C2O)OC)C#N,0,,,,,CCC(C)C(=O)OC,0,,,,,,
,,,,,,CN(C)CCCCCCN(C)C,0,,CC1=C(C2=CC=CC=C2O1)CNC(=O)NCC3=CC=CS3,1,,,,,CCNC1=NC(=NC(=N1)Cl)NC(C)(C)C,1,,,,,,
,,,,,,CC1(C2CCC1(C(=O)C2=O)C)C,0,,C1CN(CCN1C2=NC=CC(=N2)C3=CC(=C(C=C3)F)F)C(=O)NC4=NN=CC=C4,0,,,,,C1=CC(=C(C=C1C2=C(C(=O)C3=C(C=C(C=C3O2)O)O)O)O)O,1,,,,,,
,,,,,,C(C(CS)O)O,0,,CC1=CC2=C(C=C1)N=C(S2)NC(=O)CSC3=NC4=C(C(=O)N3C5=CC=CC=C5OC)SCC4,1,,,,,CCC(C)(CC)C1=NOC(=C1)NC(=O)C2=C(C=CC=C2OC)OC,1,,,,,,
,,,,,,CCCC(C)CC,0,,CC1=CC(=C(C(=C1)C)NS(=O)(=O)C2=CC=C(C=C2)OC)C,1,,,,,CCC(C)(C)C1=CC=C(C=C1)O,0,,,,,,
,,,,,,CC1=CCC(=C(C)C)CC1,1,,CCC1=C(C(=NN1C2=CC=CC=C2C3=CC(=CC=C3)OCC(=O)O)C4=CC=CC=C4)C5=CC=CC=C5,1,,,,,CC(=O)NC1=CC=CC=C1,0,,,,,,
,,,,,,C1COCCN1,0,,CC1=NOC(=C1)C(=O)NC2=CC=CC(=C2)C(=O)NC3=CC=CC(=C3)C(F)(F)F,1,,,,,C[Sn](Cl)(Cl)Cl,0,,,,,,
,,,,,,CC1=CCC(CC1)C(C)(C)O,0,,C1=C(C2=C(N=CN=C2N1[C@H]3[C@H]([C@H]([C@H](O3)CO)O)O)N)C#N,0,,,,,C1=CC=C(C=C1)CCOC(=O)C2=CC=CC=C2,0,,,,,,
,,,,,,CCOCCN1C(=NC2=CC=CC=C12)N3CCN(CCC3)C.C(=C/C(=O)O)\C(=O)O.C(=C/C(=O)O)\C(=O)O,0,,C1CCC(CC1)C(=O)NC2=C(N=C(S2)NC3=CC=CC=C3)C(=O)N,1,,,,,CCOC(=O)CCC(=O)OCC,0,,,,,,
,,,,,,CN1CCC(=C2C3=CC=CC=C3C=CC4=CC=CC=C42)CC1,0,,C1CC(CN(C1)C(=O)C2=CC=CC(=C2)C3=CC=CO3)C(=O)NC4=CC=C(C=C4)Cl,1,,,,,CCCCCCOC1=C(C(=C(C(=C1)C)O)C)C,1,,,,,,
,,,,,,C1=CC=C2C=C(C=CC2=C1)OC(=O)C3=CC=CC=C3N,1,,CCN(CC1=CC=CC=C1)C(=O)CN2C3=NC(=NC=C3N(C2=O)C)C4=CC=CC=C4,1,,,,,C[C@@H]1[C@@H]2[C@H](C(=O)N2C(=C1S[C@H]3C[C@H](NC3)C(=O)N(C)C)C(=O)O)[C@@H](C)O,0,,,,,,
,,,,,,C1CN(/C(=N/[N+](=O)[O-])/N1)CC2=CN=C(C=C2)Cl,0,,CCOC1=C(C=C(C=C1)C(C2=C(C3=C(C=CC(=N3)C)C=C2)O)NC4=CC=CC=N4)C,0,,,,,C(/C=C/CCl)Cl,0,,,,,,
,,,,,,CCCC[P+](CCCC)(CCCC)CCCC.[Br-],0,,C1COCCC1(CNC(=O)C2=C(N=CC=C2)SC3=CC=CC=C3)N4CCN(CC4)C5=CC=CC=C5,1,,,,,C[NH+](C)CCC(C1=CC=C(C=C1)Cl)C2=CC=CC=N2.C(=C\C(=O)[O-])\C(=O)O,1,,,,,,
,,,,,,C1COC2=C([C@]13C(=O)NC(=O)N3)C=C(C=C2)F,0,,C1=C(C=C(C=C1C(F)(F)F)NC(=O)C2=CN=C(N=C2C(F)(F)F)Cl)C(F)(F)F,1,,,,,C1=CN=CC=C1CCCC2=CC=NC=C2,1,,,,,,
,,,,,,CCN(CCN)C1=CC=CC(=C1)C,1,,CCCCC1=CC=C(C=C1)NS(=O)(=O)C2=CC=C(C=C2)F,1,,,,,CC1=CC2=C3C(=C1)C(=N[C@H](C(=O)N3CC2)NC(=O)C4=CC=NC=C4)C5=CC=CC=C5,1,,,,,,
,,,,,,C1=CC=C2C(=C1)C(=O)C(=C(C2=O)Cl)Cl,1,,C1=CC(=C(C(=C1)F)C2=NC(=C(N2)C3=CC=NC=C3)C4=CC=C(C=C4)F)F,1,,,,,CCCCCC(=O)OCCC1=CC=CC=C1,0,,,,,,
,,,,,,CCOC1=C(C=C(C=C1)/C=C/C)O,1,,CC1=CC2=C(C=C1)N=C(S2)NC(=O)CSC3=NC4=C(C(=O)N3C5=CC=C(C=C5)F)SCC4,1,,,,,CC(COC1=CC=CC=C1)N(CCCl)CC2=CC=CC=C2.Cl,1,,,,,,
,,,,,,CCOCOCC,0,,COC1=CC(=CC(=C1)C2=NC3=NNC(=C3C=C2)C4=CC=C(C=C4)F)OC,1,,,,,C1=CC=C(C=C1)[Sn](C2=CC=CC=C2)(C3=CC=CC=C3)Cl,1,,,,,,
,,,,,,C1=CC=C2C(=C1)C=CC3=CC=CC=C3N2C(=O)N,0,,CN(C)C1=CC(=CC=C1)OC2=CN=C(N=C2)NC3=CC(=CC=C3)O,1,,,,,CC(=CC(=O)C)C,0,,,,,,
,,,,,,CCOC(=O)C1=CN2C(=CC(=N2)OP(=S)(OCC)OCC)N=C1C,1,,CCCCNC1=NC(=C2C(=N1)N(C(=O)N2)CC3=CN=C(C=C3)OCCN(C)C)N,1,,,,,CC1=CC=CO1,0,,,,,,
,,,,,,CCCC[N+]1=CC=CC(=C1)C.F[P-](F)(F)(F)(F)F,0,,CCN1C(CC(CC1(C)C)OC2=CN=C(C=C2)C(=O)NC3=CC=C(C=C3)NC(=O)NC4=NOC(=C4)C(C)(C)C)(C)C,0,,,,,CC(=C)C(=O)OCC(COC1=CC=C(C=C1)C(C)(C)C2=CC=C(C=C2)OCC(COC(=O)C(=C)C)O)O,1,,,,,,
,,,,,,C1[C@H]([C@H](OC2=CC(=CC(=C21)O)O)C3=CC(=C(C=C3)O)O)O,0,,COC1=NC=C2C=C(C(=O)NC2=N1)C(=O)NC3=C(C=CC(=C3)C(=O)NCC4=CC(=CC=C4)Cl)Cl,1,,,,,C(CCCCCCBr)CCCCCO,0,,,,,,
,,,,,,CCN1C=C[N+](=C1C)C.C(F)(F)(F)S(=O)(=O)[N-]S(=O)(=O)C(F)(F)F,1,,CCOC(=O)CNC(=O)C(C1=CC=CS1)N(C2=C(C=C(C=C2)OC)OC)C(=O)C#C,1,,,,,CCOP(=S)(OCC)SCS(=O)(=O)C(C)(C)C,1,,,,,,
,,,,,,CC1=CC(=C2C=C(C=CC2=N1)NC(=O)NC3=CC4=C(C=C(N=C4C=C3)C)N)N.Cl.Cl,1,,CC(C)S(=O)(=O)C1=CC=CC=C1NC2=CC(=NC3=C2C=CN3)NC4=C(C=C(C=C4)N5CCC(CC5)O)OC,1,,,,,CO[Si](C)(C1=CC=CC=C1)OC,1,,,,,,
,,,,,,[CH-]1C=CC=C1.[CH-]1C=CC=C1.[Fe+2],0,,CC[C@@H](C1=CC(=C(C=C1)F)F)N2C(=C(NC2=S)C3=CC=NO3)C(=O)OC,1,,,,,CN(C)P(=O)(N(C)C)N(C)C,0,,,,,,
,,,,,,C1=CC=C(C=C1)C2=CC=C(C=C2)C(C3=CC=CC=C3)N4C=CN=C4,1,,C1=CC=C(C(=C1)CNCC2=CC=C(C=C2)C3=C4C=CNC4=NC=C3)F,1,,,,,CCCCN1C=C[N+](=C1)C.Cl[Fe-](Cl)(Cl)Cl,1,,,,,,
,,,,,,C1C(O1)COC2=CC=CC=C2,0,,CC[C@@H](C)[C@@H](C(=O)N1CC2=CC=CC=C2C1)N,1,,,,,CC1=NC(=NC(=N1)OC)N,0,,,,,,
,,,,,,CC1=C(C(=CC=C1)C)N(C(=O)COC)N2CCOC2=O,0,,C1=CC(=CN=C1)CNC2=NC=C3C(=C2)C(=C(C=N3)C#N)NC4=CC(=C(C=C4)F)Cl,1,,,,,C#CCN1C(=O)COC2=CC(=C(C=C21)N3C(=O)C4=C(C3=O)CCCC4)F,1,,,,,,
,,,,,,C1COCCN1CCNC(=O)C2=CC=C(C=C2)Cl,0,,CN1C(=C(C2=C1N=CC=C2)/C=C/C(=O)N3CCC4=CC(=C(C=C4C3)OC)OC)C5=CC=CC=C5,1,,,,,CCCCC(CN1C=NC=N1)(C#N)C2=CC=C(C=C2)Cl,1,,,,,,
,,,,,,CC1=CC(=CC=C1)NC2=C(C=NC=C2)S(=O)(=O)NC(=O)NC(C)C,1,,C1=CC=NC(=C1)CNC(=O)NC2=NN=C(O2)C3=CC=CO3,0,,,,,CC(C)OC(=O)C(C)(C)OC1=CC=C(C=C1)C(=O)C2=CC=C(C=C2)Cl,1,,,,,,
,,,,,,C1CC1(C(CC2=CC=CC=C2Cl)(CN3C(=S)N=CN3)O)Cl,1,,CC1=CC(=CC(=C1)NC(=O)[C@@H]2CCCN2S(=O)(=O)C3=CC=C(C=C3)OC)C,1,,,,,C1=CC(=CC=C1CC2=CC=C(C=C2)N=C=O)N=C=O,0,,,,,,
,,,,,,C1=CC=C(C=C1)OCCOC2=CC=CC=C2,1,,COC1=CC2=C(C=C1)NC3=C2C=CN=C3C4=CC=CC5=CC=CC=C54,1,,,,,C(CS)N.Cl,0,,,,,,
,,,,,,C1=CC(=CC(=C1)CN)CN,1,,CC(C)N1C2=NC=NC(=C2C(=N1)C#CC3=CC=CC=C3)N,1,,,,,CCN1CCCC1=O,0,,,,,,
,,,,,,CC(C)(C1=CC=CC=C1)C2=CC=CC=C2,0,,C1CCC2(CC1)CC(=NO2)C3=NC4=C(C=C(C=C4N3)C5=CC=CC=C5C(F)(F)F)C(F)(F)F,0,,,,,C1=CC=C(C=C1)OC2=CC=CC(=C2)CO,1,,,,,,
,,,,,,CC1=CC=C(C=C1)C2=C(N=C(N2S(=O)(=O)N(C)C)C#N)Cl,1,,CNC1=C(C=C(C=C1)[N+](=O)[O-])N2C=C(N=C2)C3=CC=C(C=C3)C(F)(F)F,0,,,,,CC1=CC(=C(C=C1C)Cl)O,0,,,,,,
,,,,,,C[C@H](CC1=CC(=C(C=C1OC)Br)OC)N.Cl,0,,C1=CC=C(C=C1)SC2=NC3=C(C=C(C=C3)Cl)N4C2=NN=C4C(F)(F)F,0,,,,,CC(C)S,0,,,,,,
,,,,,,CCCCCCCCCCCC[N+](C)(C)C.[Br-],0,,CC1=CC(=NC(=N1)SCC(=O)NC2=NC=C(S2)CC3=CC=CC4=CC=CC=C43)C,1,,,,,CCCCCCOC1=CC=CC=C1C(=O)N,1,,,,,,
,,,,,,CC(C)COC(=O)C1=CC=CC=C1C(=O)OCC(C)C,1,,CNC1=NC(=C(C=C1)[N+](=O)[O-])NC2=CC3=C(C=C2)NN=C3,1,,,,,C[C@H]1/C=C/C=C\C=C\C=C\C=C\C=C\C=C\[C@@H](C[C@H]2[C@@H]([C@H](C[C@](O2)(C[C@H](C[C@H]([C@@H](CC[C@H](C[C@H](CC(=O)O[C@H]([C@@H]([C@@H]1O)C)C)O)O)O)O)O)O)O)C(=O)O)O[C@H]3[C@H]([C@H]([C@@H]([C@H](O3)C)O)N)O,1,,,,,,
,,,,,,CNC[C@@H](C1=CC(=CC=C1)O)O.Cl,0,,C1=CC2=C(C\3=C1NC(=O)/C3=C\C4=CN=CN4)SC=N2,1,,,,,C(#N)C1=C(C(=C(C(=N1)Cl)Cl)Cl)Cl,1,,,,,,
,,,,,,C1=CC2=C(C(=C1)O)N=CC=C2,1,,COC1=CC=C(C=C1)N2C(=O)C3=C(N=C2SCC#N)SC4=C3CCCC4,0,,,,,CN1C2=CC=CC=C2C(=O)N(C3=CC=CC=C31)CCN(C)C.Cl,1,,,,,,
,,,,,,C1=CC(=CC=C1C(C2=CC=C(C=C2)O)(C(F)(F)F)C(F)(F)F)O,1,,CC1=NN(C(=C1C2=CC=CC3=C2N(C(=C3CCCOC4=CC=CC5=CC=CC=C54)C(=O)O)CCN6CCOCC6)COC7=CC=C(C=C7)N8CCN(CC8)S(=O)(=O)N(C)C)C,1,,,,,C1CCC(=NO)C1,0,,,,,,
,,,,,,CN(C)CCC1=CNC2=C1C(=CC=C2)O,1,,CNC(=O)NC1=CC(=C(C=C1)OC)NC(=O)NC(=O)C2=CC(=C(C=C2Cl)F)F,0,,,,,CC(CCOC(=O)C(=C)C)OC(=O)C(=C)C,0,,,,,,
,,,,,,C1=CC=C(C(=C1)C(=O)N)O,0,,C1=CC(=CC(=C1)O)C2C3=C(C=CC=C3F)NC(=S)N2,1,,,,,CCCCCCC(C)NC1=CC=C(C=C1)NC2=CC=CC=C2,1,,,,,,
,,,,,,CC1=CC2=C(C=C1)OC(=O)C=C2,0,,C1CNC(=O)C2=NC3=CC=CC=C3C2=C1C4=C(N=C(N4)N)O,0,,,,,CN1C(C(N(C1=O)C)O)O,0,,,,,,
,,,,,,CCCCCCCCCC1=CC=C(C=C1)O,1,,C1=CC=C(C(=C1)C(=O)NC2=CC=C(C=C2)Cl)NCC3=CC=NC=C3,1,,,,,CCCC(C)C(=O)O,0,,,,,,
,,,,,,CC(C)(C1=CC=C(C=C1)O)C2=CC=C(C=C2)O,1,,CCC(C)(C)C1CCC2=C(C1)SC(=C2C#N)NC(=O)C3=CC=C(C=C3)Br,0,,,,,C1=CC=C2C(=C1)C=CC3=CC4=CC=CC=C4C=C32,1,,,,,,
,,,,,,C1=CC(=CC(=C1)C(=O)O)C(=O)O,0,,C1=CC=C2C(=C1)N/C(=C(\C#N)/C3=NC(=NC=C3)NCCC4=CN=CC=C4)/S2,1,,,,,CC1=C(SC(=N1)C)C(=O)C,0,,,,,,
,,,,,,C1=CC=C(C=C1)C2=CC=CC=C2,0,,CC(C)C1=CC=C(C=C1)N(CC2=CC=C(C=C2)N(C)C)C(=O)C3CCCC4=C3C=C(C=C4)OC,1,,,,,CC1=C(C=C(C=C1)N)OC,1,,,,,,
,,,,,,CC(C)(C)C1=CC(=C(C=C1)O)C(C)(C)C,1,,CC1=C(C=CC(=C1)CNC(=O)C2=CC(=NC=N2)C(=O)NCC3=CC(=C(C=C3)F)C)F,1,,,,,CC(C)C(C(C)(C)CO)O,0,,,,,,
,,,,,,C1=CC(=CC=C1C(=C(Cl)Cl)C2=CC=C(C=C2)O)O,1,,CC1=CC(=NN1)NC2=NC(=NC3=CC=CC=C32)C4=CC=CC=C4,1,,,,,C(COCCOCCOCCO)O,0,,,,,,
,,,,,,C1CN(CC2=C1SC=C2)CC3=CC=CC=C3Cl,1,,C1=CC(=C(C(=C1)F)NC(=S)N2C(=NC(=N2)N)NC3=CC=C(C=C3)S(=O)(=O)N)F,1,,,,,C1=CC(=CC=C1C(=O)O)[Hg]Cl,1,,,,,,
,,,,,,CCCC[Sn](CCCC)(CCCC)OC(=O)C(=C)C,1,,C1CCN(C1)CCOC2=CC=C(C=C2)NC3=NC=C(S3)C4=CC=CC=C4,1,,,,,CCCCCCCCCOC(=O)C1=CC=CC=C1C(=O)OCCCCCCCCC,1,,,,,,
,,,,,,CC(C)(C)C1=NN=C(NC1=O)SC,1,,CN1CCN(CC1)C(=O)C2=C(C=C(C=C2)NC3=NC=CC(=N3)C4=CC=CS4)Cl,1,,,,,CC1([C@@H]([C@@H]1C(=O)OCC2=COC(=C2)CC3=CC=CC=C3)/C=C/4\CCSC4=O)C,1,,,,,,
,,,,,,CN(C)C1=CC=C(C=C1)SC#N,1,,COC(=O)N1CCC(CC1)N2C3=C(C=N2)C(=NC(=N3)C4=CC=C(C=C4)NC(=O)NC5CC5)N6CCOCC6,0,,,,,COCCC1=CC=C(C=C1)OCC2CO2,0,,,,,,
,,,,,,C1C(COCO1)(CO)CO,0,,COC(=O)N1CCC(CC1)N2C3=C(C=N2)C(=NC(=N3)C4=CC=C(C=C4)NC(=O)NC5=CC=C(C=C5)CO)N6CCOCC6,0,,,,,CC(C)(C)C1=CC=C(C=C1)OC2CCCCC2OS(=O)OCC#C,1,,,,,,
,,,,,,CCCCCCCC/C=C\CCCCCCCCOCCO,1,,CC(C)[C@@H](CS(=O)(=O)C(C)C)N1[C@@H]([C@H](C[C@](C1=O)(C)CC(=O)O)C2=CC(=CC=C2)Cl)C3=CC=C(C=C3)Cl,1,,,,,CCCCCCCCCCCCCCCCCCOS(=O)(=O)[O-].[Na+],0,,,,,,
,,,,,,C1C2C(COS(=O)O1)C3(C(=C(C2(C3(Cl)Cl)Cl)Cl)Cl)Cl,1,,CN(C)CCN(C)C1=CC(=C(C=C1NC(=O)C=C)NC2=NC=CC(=N2)C3=CNC4=CC=CC=C43)OC,1,,,,,CCCCNC1=CC=C(C=C1)C(=O)OCC[NH+](CC)CC.[Cl-],1,,,,,,
,,,,,,CC(C)N(CCO)C(C)C,0,,CN(C)C/C=C/C(=O)NC1=C(C=C2C(=C1)C(=NC=N2)NC3=CC(=C(C=C3)F)Cl)OC4CCOC4,0,,,,,C1=CC=C(C(=C1)C(C2=CC=C(C=C2)F)(C3=CN=CN=C3)O)Cl,1,,,,,,
,,,,,,CCN(CC)CCO,0,,CN1C2=C(C=C(C=C2)Cl)C(=NC(C1=O)CC3=CC4=CC=CC=C4C=C3)C5=CC=C(C=C5)O,1,,,,,CC1=CC(=CC=C1)NC(=O)OC2=CC=CC(=C2)NC(=O)OC,1,,,,,,
,,,,,,C1=CC(=CC=C1C(C2=CC=C(C=C2)Cl)C(Cl)(Cl)Cl)Cl,1,,CCC(C1=NC2=C(C(=CC=C2)F)C(=O)N1C3=CC=CC=C3)NC4=NC=NC5=C4NC=N5,1,,,,,CC(C)(C#N)N=NC(C)(C)C#N,0,,,,,,
,,,,,,C(=O)O[Al](OC=O)OC=O,0,,COC1=C(C=CC2=C1CC[C@H](CC2)N3CCOCC3)NC4=NC=C(C(=N4)N[C@@H]5[C@@H]6C[C@H]([C@@H]5C(=O)N)C=C6)Cl,1,,,,,CC(C)(C)C1=CC(=O)C=C(C1=O)C(C)(C)C,0,,,,,,
,,,,,,C1C(O1)C2=CC=CC=C2,1,,CNC(=O)C1=CC=CC=C1NC2=NC(=NC=C2Cl)NC3=C(C4=C(CC(CCC4)N5CCN(CC5)CCO)C=C3)OC,1,,,,,COC1=CC=C(C=C1)COC=O,0,,,,,,
,,,,,,CCN(CC)C1=CC=CC(=C1)C,0,,CC(C)(C)CNCCN1C2=C(C(=NC=C2)N)N=C1SC3=CC4=C(C=C3N(C)C)OCO4,1,,,,,CC1=CC(=O)C2=C(C3=C4C5=C2C1=C(C=C5C(C(=C4C(=O)C=C3O)O)(C)C)O)O,1,,,,,,
,,,,,,C1=CC=C(C=C1)CCOC(=O)C2=CC=CC=C2,1,,CCC1=C2N=C(C=C(N2N=C1)NCC3=C[N+](=CC=C3)[O-])N4CCCCC4CCO,1,,,,,CCCCCCCCC1=CC=C(C=C1)O,1,,,,,,
,,,,,,C12=C(C(=C(C(=C1Br)Br)Br)Br)C(=O)OC2=O,0,,CC1CC(C2=C1C(=NC=N2)N3CCN(CC3)C(=O)C(CNC(C)C)C4=CC=C(C=C4)Cl)O,1,,,,,CCCC1=C(C=CC(=C1O)C(=O)C)OCCCCC2=NNN=N2,1,,,,,,
,,,,,,C1CCN(CC1)CC2=CC(=CC=C2)OCCCNC3=NC4=CC=CC=C4S3.C(=C\C(=O)O)\C(=O)O.C(=C\C(=O)O)\C(=O)O,0,,CC1(CCCN1)C2=NC3=C(C=CC=C3N2)C(=O)N,0,,,,,COC1=CC=C(C=C1)CCN2CCC(CC2)NC3=NC4=CC=CC=C4N3CC5=CC=C(C=C5)F,1,,,,,,
,,,,,,C1C(O1)COC2=CC=C(C=C2)C(C3=CC=C(C=C3)OCC4CO4)C5=CC=C(C=C5)OCC6CO6,1,,C1=CC(=C(C=C1I)F)NC2=C(C=CN=C2)C(=O)NCC(CO)O,1,,,,,CCNC1=NC(=NC(=N1)Cl)NC(C)C,1,,,,,,
,,,,,,CCOC(=O)C1=NN(C(C1)(C)C(=O)OCC)C2=C(C=C(C=C2)Cl)Cl,1,,CCC(C)N1C=C(C2=C(C=C(C=C21)C3=CN=C(C=C3)N4CCNCC4)C(=O)NCC5=C(C=C(NC5=O)C)C)C,1,,,,,C1=CC=C(C=C1)N=[N+](C2=CC=CC=C2)[O-],1,,,,,,
,,,,,,C1=CC=C(C(=C1)C(=O)N)O,0,,CC1CCC(CN1C2=NC(=NC(=C2)C3=CC4=C(C=C3)C(=NN4)N)NC)C(=O)NC5CCCCC5,1,,,,,C1=CC=C2C(=C1)C=C3C=CC=CC3=C2C#N,1,,,,,,
,,,,,,CC(C)(C)NCC(C1=CC=CC=C1Cl)O.Cl,0,,CCN1C2=C(C(=NC=C2OCC3CCCNC3)C#CC(C)(C)O)N=C1C4=NON=C4N,0,,,,,C1=CC=C2C(=C1)N=C(S2)SCSC#N,1,,,,,,
,,,,,,CCCN1CN(C=C1)C.Br,0,,C1CCC(C1)C(CC#N)N2C=C(C=N2)C3=C4C=CNC4=NC=N3,1,,,,,C1=CC=C(C(=C1)C(=O)NCC(=O)O)I,0,,,,,,
,,,,,,CC(C)C1=CC=C(C=C1)OP(=O)(OC2=CC=C(C=C2)C(C)C)OC3=CC=C(C=C3)C(C)C,1,,CC1=CC(=CN=C1)C2=NC=C(C(=C2)C(=O)NCC3=NC(=C(C=C3)OC)OC)C4=NC=CS4,1,,,,,CC1=C(C=CC2=C1OC(=O)C(=C2[O-])NC(=O)C3=CC(=C(C=C3)O)CC=C(C)C)O[C@H]4[C@@H]([C@@H]([C@H](C(O4)(C)C)OC)OC(=O)N)O.[Na+],0,,,,,,
,,,,,,C1=C(C=C(C(=C1I)O)I)C[C@@H](C(=O)O)N,1,,CCNC(=O)C1=NOC(=C1C2=CC=C(C=C2)CN3CCOCC3)C4=CC(=C(C=C4O)O)C(C)C,1,,,,,C(=O)(C(C(C(C(C(C(C(C(C(C(F)(F)F)(F)F)(F)F)(F)F)(F)F)(F)F)(F)F)(F)F)(F)F)(F)F)O,0,,,,,,
,,,,,,CCCCS,0,,CC1CN(CC(O1)C)C2=NC=C(C=C2)NC(=O)C3=CC=CC(=C3C)C4=CC=C(C=C4)OC(F)(F)F,0,,,,,COC1=CC(=CC(=C1OC)OC)C(=S)N2CCOCC2,0,,,,,,
,,,,,,C([C@@H]1[C@@H]([C@@H]([C@H]([C@@H](O1)O[C@H]([C@@H](CO)O)[C@@H]([C@H](CO)O)O)O)O)O)O,0,,C=CC(=O)N1CCCC(C1)N2C3=NC=NC(=C3C(=N2)C4=CC=C(C=C4)OC5=CC=CC=C5)N,0,,,,,COC1=C(C(=NC=C1)CS(=O)C2=NC3=C([N-]2)C=CC(=C3)OC(F)F)OC.[Na+],1,,,,,,
,,,,,,C1=CC=C(C=C1)NC(=O)C2=C(C=CC(=C2)[N+](=O)[O-])Cl,1,,CC1=NC2=C(C(=N1)NC3=NNC4=C3CN(C4(C)C)C(=O)NC(CN(C)C)C5=CC=CC=C5)SC=C2,1,,,,,CC(C)OC(=O)NNC1=C(C=CC(=C1)C2=CC=CC=C2)OC,1,,,,,,
,,,,,,CCC(COC(=O)C=C)(COC(=O)C=C)COC(=O)C=C,1,,CN1C(=C(C=N1)Cl)C2=C(OC(=C2)C(=O)NC(CC3=CC(=C(C=C3)F)F)CN)Cl,1,,,,,CCC(CO)CO,0,,,,,,
,,,,,,CCC(C)(CC)C1=NOC(=C1)NC(=O)C2=C(C=CC=C2OC)OC,1,,CCC1=C(C2=C(N1CC3=CC=CC=C3)C=CC=C2OCC(=O)OC)C(=O)C(=O)N,1,,,,,C1=CC(=CC(=C1)C2=N[N-]C(=N2)C(=O)N)C3=C(C=CC(=C3)F)OCC(C(F)(F)F)(F)F.O.[K+],1,,,,,,
,,,,,,CC1=CC(=C(C=C1N=NC2=C(C3=CC=CC=C3C(=C2)S(=O)(=O)[O-])O)S(=O)(=O)[O-])C.[Na+].[Na+],1,,CC1=C(SC2=C1C(=NC(C3=NN=C(N32)C)CC(=O)NC4=CC=C(C=C4)O)C5=CC=C(C=C5)Cl)C,1,,,,,CCCOC1=C(C=C(C=C1)S(=O)(=O)N2CCN(CC2)CC)C3=NC4=C(N(N=C4C(=O)N3)CC5=CC=CC=N5)CC,1,,,,,,
,,,,,,CC1=NC=C(C(=N1)N)CNC(=O)N(CCCl)N=O,0,,CN1C(=C(C=N1)Cl)C2=C(SC(=C2)C(=O)N[C@@H](CC3=CC(=CC=C3)F)CN)Cl,1,,,,,CCCCOC(=O)[C@@H](C)OC1=CC=C(C=C1)OC2=C(C=C(C=C2)C#N)F,0,,,,,,
,,,,,,CN(C)C(=S)[S-].CN(C)C(=S)[S-].[Zn+2],1,,CC1=CC(=C(C=C1)C)OCCN2C=C(C3=CC=CC=C32)C(=O)O,1,,,,,C[C@]12C[C@@H]([C@]3([C@H]([C@@H]1C[C@@H]4[C@]2(OC(O4)(C)C)C(=O)CO)CCC5=CC(=O)C=C[C@@]53C)F)O,1,,,,,,
,,,,,,C/C=C/C(=O)OCC(C)C,0,,C1=CC=C(C=C1)C2=NN([N+](=N2)C3=CC=C(C=C3)[N+](=O)[O-])C4=CC=C(C=C4)I,1,,,,,CC(C)C1=C(C(=C(N1CC[C@H](C[C@H](CC(=O)[O-])O)O)C2=CC=C(C=C2)F)C3=CC=CC=C3)C(=O)NC4=CC=CC=C4.CC(C)C1=C(C(=C(N1CC[C@H](C[C@H](CC(=O)[O-])O)O)C2=CC=C(C=C2)F)C3=CC=CC=C3)C(=O)NC4=CC=CC=C4.[Ca+2],1,,,,,,
,,,,,,C1=CC(=CC=C1C(=O)O)OCCCOC2=CC=C(C=C2)C(=O)O,0,,C1=CC=C(C=C1)NC2=NC(=NC(=N2)N)COC(=O)C3=CC=C(C=C3)[N+](=O)[O-],1,,,,,C1=CC=C(C=C1)C(C2=CC=CC=C2)(C3=CC=CC=C3Cl)N4C=CN=C4,1,,,,,,
,,,,,,C1=CC=C(C(=C1)C(=O)N)Cl,0,,C1C(N(N=C1C2=CC=CC=C2)C3=CC=C(C=C3)S(=O)(=O)N)C4=CC=CC=C4,1,,,,,C1=CC=C(C=C1)OC2=CC=C(C=C2)Br,1,,,,,,
,,,,,,CC(CCC=C(C)C)CC(=O)OC,0,,C1=CC=C2C(=C1)C(=O)N(C(=N2)CNC(=O)NC3=CC(=C(C=C3)Cl)C(F)(F)F)C4=CC=C(C=C4)F,1,,,,,CC1=CC=C(C=C1)O,0,,,,,,
,,,,,,C[N+](C)(C)CC1CO1.[Cl-],0,,C1[C@@H]([C@H](O[C@H]1N2C=NC3=C2NC=NC[C@H]3O)CO)O,0,,,,,CC(=NC#N)N(C)CC1=CN=C(C=C1)Cl,0,,,,,,
,,,,,,CC1(CCCCC1)C(=O)NC2=C(C(=C(C=C2)O)Cl)Cl,1,,COC1=CC=CC=C1OCCNCC(CCOC2=CC=CC3=C2C4=CC=CC=C4N3)O,1,,,,,C1=COC(=C1)C=O,0,,,,,,
,,,,,,C=CCOC(=O)C1=CC(=C(C=C1)C(=O)OCC=C)C(=O)OCC=C,1,,C1CCN(C1)C(=O)C(CC2=CC(=CC=C2)C(F)(F)F)NS(=O)(=O)C3=CC4=C(CNCC4)C(=C3)F,1,,,,,CCOP(=S)(OCC)OC1=CC=C(C=C1)[N+](=O)[O-],1,,,,,,
,,,,,,CC(C)CCCCCCCOP(=O)(OC1=CC=CC=C1)OC2=CC=CC=C2,1,,C1C[C@@H](OC1)N2C=NC3=C(N=CN=C32)N,0,,,,,CCCC(=O)OCC(COC(=O)CCC)OC(=O)CCC,0,,,,,,
,,,,,,C=CCCCCCCC=C,0,,C1C2CSC(=NC2(CO1)C3=C(C=CC(=C3)NC(=O)C4=NC=C(C=C4)F)F)N,0,,,,,C1=CC=C(C=C1)NN.Cl,1,,,,,,
,,,,,,CCCOC(OCCC)OCCC,0,,CCC(CC)(C1=CC=CC=C1)C(=O)OCCOCCN(CC)CC,1,,,,,CC(C)CCCC(C)N,0,,,,,,
,,,,,,C1=C(C(=NC(=O)N1[C@H]2[C@H]([C@@H]([C@H](O2)CO)O)F)N)I,0,,CC(C)(C)C1=NN(C(=C1)C(=O)NC(CC2=CC(=CC=C2)Cl)C(=O)NCC#N)C,1,,,,,C1CCC(C1)(C(=O)NO)N(CCC(=O)O)S(=O)(=O)C2=CC=C(C=C2)OC3=CC=C(C=C3)F,0,,,,,,
,,,,,,C1=CC(=CC=C1C(=O)CBr)O,0,,CC(C(=O)NC(C1CCCCC1)C(=O)N2CCCC2C(=O)NC3=C(N=NS3)C4=CC=CC=C4)NC,1,,,,,C1=CC(=CC=C1C(=O)C2=C(C(=C(C=C2)O)O)O)O,1,,,,,,
,,,,,,C=CC(=O)OCC(CO)(COC(=O)C=C)COC(=O)C=C,1,,C1CC2=C(CC1N3C(=CNC3=S)CN)C=C(C=C2F)F,1,,,,,CCN(C)N=O,0,,,,,,
,,,,,,CC(C(=O)NCC(=O)O)S,0,,COC(=O)N1CCN([C@H](C1)CN2CCCC2)C(=O)CC3=CC(=C(C=C3)Cl)Cl,1,,,,,C1=CC2=C(C=CC(=C2)SSC3=CC4=C(C=C3)C=C(C=C4)O)C=C1O,1,,,,,,
,,,,,,C1=CC=C(C=C1)C(COC(=O)N)COC(=O)N,0,,CC#CCN1C2=C(N=C1N3CCCC(C3)N)N(C(=O)N(C2=O)CC4=NC5=CC=CC=C5C(=N4)C)C,1,,,,,CN(C)C(=O)NC1=CC=CC=C1,0,,,,,,
,,,,,,C(CC=O)CC=O,0,,CN1CCN(CC1)C2=CC(=C(C=C2)NC3=NC=CC(=N3)C4=CN(C5=C4C=CN=C5)C)OC,1,,,,,CCOC(=O)C1=CC=CC=C1N,0,,,,,,
,,,,,,CN1CN(C(=S)SC1)C,1,,C1COCCN1CC2=CN=C(C=C2)C3=C(NC4=C3C=C(C=C4)C#N)O,1,,,,,C1=CC=C(C=C1)SC2=CC=C(C=C2)COC(CN3C=CN=C3)C4=C(C=C(C=C4)Cl)Cl,1,,,,,,
,,,,,,CCCCC(CC)CCC(CC(C)C)OS(=O)(=O)[O-].[Na+],1,,C1CC2=C(C=CC(=C2)NC3=C(C=C(C=C3)F)F)C(=O)C4=C1C=CC(=C4)OCC(CO)O,1,,,,,CC1=NC2=CC=CC=C2N1CC3=CC=C(C=C3)Cl,1,,,,,,
,,,,,,CC(=O)C=O,0,,CNC1CN(CC1OC)C2=NC3=C(C=C2)C(=O)C(=CN3C4=NC=CS4)C(=O)O,0,,,,,C1=CC=C(C=C1)CN2C3=CC=CC=C3C(=N2)OCC(=O)[O-].[Na+],0,,,,,,
,,,,,,C1=COC(=C1)/C=C/C=O,0,,CC1=CC(=C2C(=C1)C(CCCN2CC3CCC(CC3)C(=O)O)N(CC4=CC(=CC(=C4)C(F)(F)F)C(F)(F)F)C5=NN(N=N5)C)C,1,,,,,CC1=CC2=C(C=CC=N2)C=C1,0,,,,,,
,,,,,,CN1CCN(CC1)CCCN2C3=C(SC4=CC=CC=C24)C=CC(=C3)Cl.C(=C\C(=O)O)\C(=O)O.C(=C\C(=O)O)\C(=O)O,0,,CC1(CCCN1C2=NN3C=CC=C3C(=N2)NC4=NNC(=C4)C5CC5)C(=O)NC6=CN=C(C=C6)F,1,,,,,C[C@]12CC[C@H]3[C@H]([C@@H]1CC[C@H]2O)CCC4=C3C=CC(=C4)O,1,,,,,,
,,,,,,C[C@@H](CN1CC(=O)NC(=O)C1)N2CC(=O)NC(=O)C2,0,,CC1=CC=C(C=C1)C(=O)N(CCCN)C(C2=C(C(=O)C3=C(O2)C=C(C=C3)Cl)CC4=CC=CC=C4)C(C)C,1,,,,,C1=CC=C(C(=C1)N)N.Cl.Cl,1,,,,,,
,,,,,,COC(=O)NC1=NC2=C(N1)C=C(C=C2)SC3=CC=CC=C3,0,,CCCCS(=O)(=O)NC(CC1=CC=C(C=C1)OCCCCC2CCNCC2)C(=O)O,0,,,,,C1=CC=C(C=C1)C2=NC(C(=O)NC3=C2C=C(C=C3)Cl)O,1,,,,,,
,,,,,,CC(C)C1=CC=CC=C1C(C)C,1,,CCOC1=C(C=CC(=C1)CC(=O)NC(CC(C)C)C2=CC=CC=C2N3CCCCC3)C(=O)O,1,,,,,C1=CC(=C(C=C1[As](=O)(O)O)[N+](=O)[O-])O,0,,,,,,
,,,,,,CC1=C(C=CC=C1Cl)Cl,0,,C1CCC2(C1)C(=O)N(C(CN2)C3=CC(=CC(=C3)F)F)CC(=O)NC4=CC5=C(CC6(C5)C7=C(NC6=O)N=CC=C7)C=C4,1,,,,,C1CCN(CC1)CCC(C2CC3CC2C=C3)(C4=CC=CC=C4)O.Cl,1,,,,,,
,,,,,,CC(=C)C(=O)OCC(C)(C)COC(=O)C(=C)C,0,,CC1=C(C=C(C=C1)NC(=O)C2=CC(=C(C=C2)CN3CCC(C3)N(C)C)C(F)(F)F)NC4=NC=C(C=N4)C5=CN=CN=C5,1,,,,,[NH4+].[N+](=O)([O-])[O-],0,,,,,,
,,,,,,C1C(O[C@H](O1)CO)N2C=CC(=NC2=O)N,0,,C1=CC(=CC=C1S(=O)(=O)N(CC2=C(C=C(C=C2)C3=NOC=N3)F)C(CCC(F)(F)F)C(=O)N)Cl,1,,,,,CC(C)(CO)C(C(=O)NCCCO)O,0,,,,,,
,,,,,,CCCC1=NC=C(C(=N1)N)C[N+]2=CC=CC=C2C.Cl.[Cl-],0,,CC(C)(CO)C1=CC2=CC(=C(C=C2N1CC(CO)O)F)NC(=O)C3(CC3)C4=CC5=C(C=C4)OC(O5)(F)F,1,,,,,C1=CC=C(C=C1)[Sn](C2=CC=CC=C2)(C3=CC=CC=C3)F,1,,,,,,
,,,,,,CC(C1=CC=C(C=C1)O)C2=CC=C(C=C2)O,1,,C1CC(CNC1)NC(=O)C2=C(C=C(S2)C3=CC(=CC=C3)F)NC(=O)N,0,,,,,C1CCC(CC1)NSC2=NC3=CC=CC=C3S2,1,,,,,,
,,,,,,C1=CC(=C(C=C1Cl)CC2=C(C=CC(=C2)Cl)O)O,1,,C1CN(C2CN(C(=O)C(N2C1=O)CC3=CC=C(C=C3)O)CC4=CC=CC5=CC=CC=C54)C(=O)NCC6=CC=CC=C6,1,,,,,C1=C(C(=CC(=C1Cl)[N+](=O)[O-])O)N,1,,,,,,
,,,,,,C(=S)(N)NNC(=S)N,1,,CN1C2=C(C(=C(C1=O)F)NC3=C(C=C(C=C3)I)F)C(=O)N(C=N2)CC(CO)O,1,,,,,CN1CCN(CC1)C2=C(C=C3C4=C2OCN(N4C=C(C3=O)C(=O)O)C)F,0,,,,,,
,,,,,,CC1=CC(=C(C=C1)NC=O)C,0,,CC1=CC(=C(C=C1Br)NC(=O)NC2=NC=C(N=C2)C)OCC3CNCCO3,1,,,,,CCOC1=CC=CC(=C1)N2C=C(N=C2C3=CC=C(C=C3)C)C(=O)N4CCN(CC4)C5=CC6=CC=CC=C6C(=C5)C(=O)[O-].[Na+],1,,,,,,
,,,,,,CCCCCCOC(=O)C1=CC=CC=C1O,0,,CCCC(C1=CN=CC=C1)NC2=NC(=NC=C2C)C3=CC(=C(C=C3)NC(=O)NCC)OC,1,,,,,CC/C=C\C/C=C\C/C=C\CCCCCCCC(=O)O,0,,,,,,
,,,,,,CO/N=C(/C1=CSC(=N1)NC(=O)CCl)\C(=O)O,0,,CC1=CC(=NN1)NC2=NC(=NC=C2Cl)NC(C)C3=NC=C(C=N3)F,1,,,,,C1=CC(=C(C=C1Cl)Cl)C(=O)CCl,1,,,,,,
,,,,,,C1=CC(=CC=C1OCCO)OCCO,0,,CC1=C2C(CCOC2=CC=C1)NC3=CC(=CN4C3=NC(=C4)C)C(=O)N(C)CCO,1,,,,,CCNC(=O)N(CCCN(C)C)C(=O)[C@@H]1C[C@H]2[C@@H](CC3=CNC4=CC=CC2=C34)N(C1)CC=C,1,,,,,,
,,,,,,C1=CC=C(C(=C1)C(C2=CC=C(C=C2)Cl)C(Cl)Cl)Cl,1,,CCOC(=O)C(CCC1=CC=CC=C1)NC2CCCN3CCCC(N3C2=O)C(=O)O,0,,,,,CC1=CC(=NC(=N1)NS(=O)(=O)C2=CC=C(C=C2)N)C,0,,,,,,
,,,,,,CCCCCC[C@H](C/C=C\CCCCCCCC(=O)OC)O,1,,CN1C(=O)C=C(N(C1=O)CC2=CC=CC=C2C#N)N3CCCC(C3)N,0,,,,,CCOCCOCCOCC,0,,,,,,
,,,,,,COC1=C(C=CC(=C1)C2=CC(=C(C=C2)N)OC)N,1,,CC1CCN(CCN1C(=O)C2=C(C=CC(=C2)C)N3N=CC=N3)C4=NC5=C(O4)C=CC(=C5)Cl,1,,,,,CCC(=O)O[C@@]1([C@H](C[C@@H]2[C@@]1(C[C@@H](C3([C@H]2CCC4=CC(=O)C=C[C@@]43C)F)O)C)C)C(=O)COC,1,,,,,,
,,,,,,CC1=CC(=NC=C1)N,0,,CC1=C(C(=NO1)C)C2=C(C=C3C(=C2)N=CC4=C3N(C(=O)N4)C(C)C5=CC=CC=N5)OC,1,,,,,C1=CC(=CC=C1/C=C/C2=CC(=CC(=C2)O)O)O,1,,,,,,
,,,,,,CN1[C@@H]2CC[C@@H]1CC(C2)OC(=O)C(CO)C3=CC=CC=C3.CN1[C@@H]2CC[C@@H]1CC(C2)OC(=O)C(CO)C3=CC=CC=C3.O.OS(=O)(=O)O,0,,C1CC(CCC1CC(=O)O)C2=CC=C(C=C2)N3CCOC4=NC=NC(=C4C3=O)N,0,,,,,CC1=CC=CC2=CC=CC=C12,0,,,,,,
,,,,,,C[C@@H]1CC[C@@]2([C@H]([C@H]3[C@@H](O2)[C@H]([C@@H]4[C@@]3(CC[C@H]5[C@H]4CC[C@@H]6[C@@]5(C[C@H]([C@@H](C6)O[C@H]7[C@@H]([C@H]([C@H]([C@H](O7)CO)O[C@H]8[C@@H]([C@H]([C@@H]([C@H](O8)CO)O)O[C@H]9[C@@H]([C@H]([C@@H](CO9)O)O)O)O[C@H]2[C@@H]([C@H]([C@@H]([C@H](O2)CO)O)O[C@H]2[C@@H]([C@H]([C@@H]([C@H](O2)CO)O)O)O)O)O)O)O)C)C)O)C)OC1,0,,CC(C1=CC=CC=C1)NC(=O)CCC2=NC3=CC=CC=C3C(=O)N2,1,,,,,CC#C[C@@]1(CC[C@@H]2[C@@]1(C[C@@H](C3=C4CCC(=O)C=C4CC[C@@H]23)C5=CC=C(C=C5)N(C)C)C)O,1,,,,,,
,,,,,,COC1=CC(=CC(=C1O)C(=O)NCCO)CC=C,0,,C1C=CC2C1C(NC3=C2C=C(C=C3F)F)C4=CN=CC=C4,1,,,,,COCCl,0,,,,,,
,,,,,,C1=CC(=C(C=C1O)O)C2=C(C(=O)C3=C(C=C(C=C3O2)O)O)O.O.O,1,,CC1COC(=N1)NC2=CC3=C(C=C2)N=CN=C3NC4=CC(=C(C=C4)OCC5=NC=CS5)Cl,1,,,,,C1=CC=C(C=C1)C(=O)C2=C(C=C(C=C2)O)O,1,,,,,,
,,,,,,C1=CC(=C(C=C1Br)F)CBr,0,,CC(C)OC1=C(C=C(C=C1)C(=O)NC(CC2=CC=C(C=C2)C3=CN4C=CC=C(C4=N3)C(C)O)CNC(=O)CN(C)C)Cl,1,,,,,CCOC(=O)CC(=O)C1=CC(=C(N=C1Cl)Cl)F,0,,,,,,
,,,,,,CS(=O)(=O)C1=CC=C(C=C1)Cl,0,,CC(C1=C(C=NC=C1Cl)Cl)OC2=CC3=C(C=C2)NN=C3/C=C/C4=CN(N=C4)CCO,1,,,,,C[C@H](C1=CC(=CC(=C1)C(F)(F)F)C(F)(F)F)O[C@@H]2[C@@H](N(CCO2)CC3=NNC(=O)N3)C4=CC=C(C=C4)F,1,,,,,,
,,,,,,C1=CC(=C(C(=C1)Cl)CC(=O)N=C(N)N)Cl.Cl,0,,C1CN(CC1NC(=O)NC2=CC=CC=C2Br)C3=NC=C(C=C3)C(F)(F)F,1,,,,,CCOC1=C(C=CC(=C1)OC2=C(C=C(C=C2)C(F)(F)F)Cl)[N+](=O)[O-],1,,,,,,
,,,,,,C1CCCC1,0,,CC(CC1=CC2=C(C(=C1)C(=O)N)N(CC2)CCCO)NCCOC3=CC=CC=C3OCC(F)(F)F,1,,,,,CCC(C(C(CC(C(C(C)Cl)Cl)Cl)Cl)Cl)Cl,1,,,,,,
,,,,,,C(CO)N1C(=O)N(C(=O)N(C1=O)CCO)CCO,0,,COC(=O)C1=CC2=C(C=C1)C3=C(N2)N=CN=C3NCCCN4CCCCC4,0,,,,,C(CO)CCl,0,,,,,,
,,,,,,CCCCOCCCC,0,,CC1=C2C(=NC(=N1)NC3=CN(N=C3)C4CCNCC4)N(C5=CC6=CC=CC=C6C=C5C(=O)N2C)C,1,,,,,CC1=CC=C(C=C1)S(=O)(=O)N,0,,,,,,
,,,,,,C1=CC=C(C(=C1)C=O)O,0,,CC(=O)NCC(=O)N1C2CCC1C3=C2C=CC(=C3)NC4=NC=C(C(=N4)NC5CCC5)C(F)(F)F,1,,,,,CCC1=NC(=C2C=C(C(=CC2=C1)OC)OC)CC3=CC=CC=C3,1,,,,,,
,,,,,,C1=CC(=CC(=C1)C2=C(C=CC(=C2)CCCCCCC3=CC(=C(C=C3)O[C@@H]4[C@H]([C@H]([C@@H]([C@H](O4)CO)O)O)O)C5=CC=CC(=C5)CC(=O)O)O[C@@H]6[C@H]([C@H]([C@@H]([C@H](O6)CO)O)O)O)CC(=O)O,0,,CC1=CC=C(C=C1)C2=C(C=NN2C)C3=NN(C4=C3C(=NC=N4)N5CCC(C5)N6CCCCC6)C,1,,,,,CC1=CC=C(C=C1)N(C)C,1,,,,,,
,,,,,,C1=CC2=C(C=CC(=C2)S(=O)(=O)O)C=C1N,1,,CCC[C@@H](C(=O)O)N[C@@H](C)C(=O)N1[C@H]2CCCC[C@H]2C[C@H]1C(=O)O,0,,,,,C1CCCN(CC1)N=O,0,,,,,,
,,,,,,CC1=CC(=C(C(=C1Cl)C)Cl)O,0,,CN(C)C(=O)C(C(CC1=CC=CC=C1)NC(=O)C2=CC3=C(N2)C=CC(=C3)Cl)O,1,,,,,C1=CC(=C(C(=C1)Cl)C(=O)Cl)Cl,0,,,,,,
,,,,,,CC(=O)CCl,0,,CC1CN(CC(N1)C)C2=CC=C(C=C2)C(=O)NC3=NNC(=C3)CCC4=CC(=CC(=C4)OC)OC,1,,,,,C1=CC(=C(C=C1Cl)Cl)[N+](=O)[O-],0,,,,,,
,,,,,,C1=CC=C2C(=C1)C(=O)NS2,1,,CC1=CC(=CC(=C1C2=CC=CC(=C2)COC3=CC4=C(C=C3)C(CO4)CC(=O)O)C)OCCCS(=O)(=O)C,1,,,,,C1=CC=C(C(=C1)C(=O)O)O,0,,,,,,
,,,,,,CC(C)NC[C@H](COC1=CC=CC2=CC=CC=C21)O,0,,CC(C)(C(=O)NCC(C(F)(F)F)(F)F)C(=O)NC1C2=CC=CC=C2C3=CC=CC=C3NC1=O,1,,,,,CC1=CC(=C(C=C1)N=NC2=C(C=CC3=CC=CC=C32)O)C,1,,,,,,
,,,,,,C[C@]12CC[C@H]3[C@H]([C@@H]1C[C@H]([C@@H]2O)O)CCC4=C3C=CC(=C4)O,0,,C1C(COC2=NC(=CN21)[N+](=O)[O-])OCC3=CC=C(C=C3)OC(F)(F)F,1,,,,,C1=CC2=C3C(=C1)C(=O)NC(=O)C3=CC=C2,1,,,,,,
,,,,,,CC1=C2C=CC=NC2=C(C=C1)O,0,,CC(C(=O)NC1C2=CC=CC=C2C3=CC=CC=C3N(C1=O)C)NC(=O)CC4=CC(=CC(=C4)F)F,1,,,,,C1=CC(=C(C(=C1)Cl)CN2C=NC3=C(N=CN=C32)N)F,1,,,,,,
,,,,,,C1CCN(CC1)C=O,0,,CC1=CC=C(C=C1)C(=O)N(CCCN)C(C2=NC3=C(C=CC(=C3)Cl)C(=O)N2CC4=CC=CC=C4)C(C)C,1,,,,,CC(=O)OC[C@@H]1[C@H]([C@@H]([C@H]([C@H](O1)O[C@]2([C@H]([C@@H]([C@H](O2)COC(=O)C)OC(=O)C)OC(=O)C)COC(=O)C)OC(=O)C)OC(=O)C)OC(=O)C,0,,,,,,
,,,,,,C1=CC(=CC=C1C(=O)N[C@@H](CCC(=O)O)C(=O)O)NCC2=CN=C3C(=N2)C(=O)NC(=N3)N,0,,CN1CCN(CC1)C2=CC=C(C=C2)C(=O)NC3=NNC4=C3CN(C4)C(=O)C(C5=CC=CC=C5)OC,0,,,,,CCN1C=C(C(=O)C2=C1N=C(C=C2)C)C(=O)O,0,,,,,,
,,,,,,CC1=CC=CC=C1N=NC2=CC(=C(C=C2)N)C,1,,CC1C(OC(=O)N1CC2=C(C=CC(=C2)C(F)(F)F)C3=CC(=C(C=C3OC)F)C(C)C)C4=CC(=CC(=C4)C(F)(F)F)C(F)(F)F,0,,,,,C(=O)(C(=O)O)O,0,,,,,,
,,,,,,COS(=O)(=O)C(F)(F)F,0,,CCC1CC(C2=C(N1C(=O)OCC)C=CC(=C2)C(F)(F)F)N(CC3=CC(=CC(=C3)C(F)(F)F)C(F)(F)F)C(=O)OC,1,,,,,CC(=O)[C@H]1[C@@H](C[C@@H]2[C@@]1(CC[C@H]3[C@H]2CC=C4[C@@]3(CC[C@@H](C4)O)C)C)C#N,1,,,,,,
,,,,,,CCCCCCOC(=O)CCCCC(=O)OCCCCCC,1,,C1CN(CCC1CC(=O)N2CCC(CC2)C3C4=C(CCC5=C3N=CC(=C5)Br)C=C(C=C4Br)Cl)C(=O)N,1,,,,,CC1=C(N=CN1)C2=CC=C(C=C2)Cl,1,,,,,,
,,,,,,CCCCCCCCOCCC#N,0,,C1CC(C(C1)C(=O)O)C(=O)C2=CC=C(C=C2)C3=CC=C(C=C3)NC(=O)NC4=CC=CC=C4,0,,,,,CC(CO)OCC(C)OCC(C)OC,0,,,,,,
,,,,,,CC1=CC(=CC=C1)O,0,,CCNC(=O)NC1=CC=C(C=C1)C2=NC3=C(CCN(C3)C4COC4)C(=N2)N5CCOCC5C,0,,,,,CCOC(=O)C(C)OC(=O)C1=C(C=CC(=C1)OC2=C(C=C(C=C2)C(F)(F)F)Cl)[N+](=O)[O-],1,,,,,,
,,,,,,C1=CC2=C(C=C1O)OC3=C2C(=O)OC4=C3C=CC(=C4)O,1,,C1CN(CCC1(C(=O)NC(CCO)C2=CC=C(C=C2)Cl)N)C3=NC=NC4=C3C=CN4,1,,,,,C1=CC=C(C=C1)[Sn](C2=CC=CC=C2)C3=CC=CC=C3.O,1,,,,,,
,,,,,,C1=CN(C(=N1)[N+](=O)[O-])CO[C@@H](CO)[C@@H](CO)O,0,,CC(C1=CC=C(C=C1)C(=O)NCCC(=O)O)N2C(=CC(=N2)C3=CC(=CC(=C3)Cl)Cl)C4=CC5=C(C=C4)C=C(C=C5)OC,1,,,,,CC(C)NC(C)C,0,,,,,,
,,,,,,C=CC1=CC=CC(=C1)CCl,0,,C1CC[C@H]([C@@H](C1)N)NC2=NC=C(C(=N2)NC3=CC(=CC=C3)N4N=CC=N4)C(=O)N,1,,,,,CC(C)(C)C(CCC1=CC=C(C=C1)Cl)(CN2C=NC=N2)O,1,,,,,,
,,,,,,C1=NC2=C(N1)C(=S)N=C(N2)N,1,,CCOC1=C(C=CC(=C1)C(C)(C)C)C2=NC(C(N2C(=O)N3CCN(CC3)CCCS(=O)(=O)C)(C)C4=CC=C(C=C4)Cl)(C)C5=CC=C(C=C5)Cl,1,,,,,CC(C)(C)OC(=O)C=C,0,,,,,,
,,,,,,C1=C(C=C(C(=C1Br)O)Br)Br,0,,CC(C)C(C(=O)NC(C)C(=O)NC1C2=CC=CC=C2CCN(C1=O)C)O,0,,,,,CCOC(=O)[C@H](CCC1=CC=CC=C1)N[C@@H](C)C(=O)N2CC3=CC=CC=C3C[C@H]2C(=O)O.Cl,1,,,,,,
,,,,,,CC1=C[C@@H]2[C@H](CC[C@]3([C@H]2CC[C@@]3(C(=O)C)OC(=O)C)C)[C@@]4(C1=CC(=O)CC4)C,1,,CC1=CC2=C(N1)C=CC(=C2F)OC3=NC=NN4C3=C(C(=C4)OCC(C)O)C,1,,,,,CCOC(=O)N(C)C(=O)CSP(=S)(OCC)OCC,1,,,,,,
,,,,,,CC1(C(C1(C)C)C(=O)OC(C#N)C2=CC(=CC=C2)OC3=CC=CC=C3)C,1,,CCCSC1=NC(=C2C(=N1)N(N=N2)C3CC(C(C3O)O)OCCO)NC4CC4C5=CC(=C(C=C5)F)F,1,,,,,COC1=C2CCCCC(C2=NC=C1)S(=O)C3=NC4=CC=CC=C4N3,1,,,,,,
,,,,,,CC(C)C1=NC(=CS1)CN(C)C(=O)N[C@@H](C(C)C)C(=O)N[C@@H](CC2=CC=CC=C2)C[C@@H]([C@H](CC3=CC=CC=C3)NC(=O)OCC4=CN=CS4)O,1,,C1CCC(CC1)C2CC2(C3=CC=C(C=C3)S(=O)(=O)C4CC4)C(=O)NC5=NC=C(S5)SCCN6CCCC6,1,,,,,CCC(=O)N(C1CCN(CC1)C(C)CC2=CC=CS2)C3=CC=CC=C3.Cl,1,,,,,,
,,,,,,CC1=C(C(=O)C(=C(C1=O)OC)OC)CCCCCCCCCCO,1,,CC1=CC(=CC(=C1)OCC2=CC=C(C=C2)CN3CCCC3CO)CS(=O)(=O)C4=CC=CC=C4,1,,,,,CC1NC2=CC(=C(C=C2C(=O)N1C3=CC=CC=C3C)S(=O)(=O)N)Cl,1,,,,,,
,,,,,,C[C@@]12[C@H](C=C[C@@]3([C@@H]1[C@@H]([C@]45[C@H]3CC[C@](C4)(C(=C)C5)O)C(=O)O)OC2=O)O,0,,C1CC(CCC1NC(=O)COC2=CC=C(C=C2)Cl)NC(=O)COC3=CC=C(C=C3)Cl,0,,,,,CC(=C)C(=O)OCCNC(C)(C)C,0,,,,,,
,,,,,,CCN(CC)CCOC(=O)C(C)(C1=CC=CC=C1)C2=CC=CC=C2,1,,C1C(CN1C2=C(C=C3C(=C2Cl)N(C=C(C3=O)C(=O)O)C4=C(C=C(C(=N4)N)F)F)F)O,0,,,,,CCCCCCCCCCCCCCCCN1C=C[N+](=C1)C.F[P-](F)(F)(F)(F)F,0,,,,,,
,,,,,,C1=CC(=CC=C1N)Cl.Cl,1,,CCCCCN1C=C(C2=CC=CC=C21)C(=O)C3C(C3(C)C)(C)C,1,,,,,C1CCC(C1)N(CC2=CC=C(C=C2)Cl)C(=O)NC3=CC=CC=C3,1,,,,,,
,,,,,,C(=O)(N)N,0,,C[C@H](C1=CC(=CC(=C1)C(F)(F)F)C(F)(F)F)O[C@@H]2[C@@H](N(CCO2)CC3=NN(C(=O)N3)P(=O)(O)O)C4=CC=C(C=C4)F,1,,,,,CC(COP(=O)(OCC(C)Cl)OCC(C)Cl)Cl,1,,,,,,
,,,,,,CCCCC1=NC2(CCCC2)C(=O)N1CC3=CC=C(C=C3)C4=CC=CC=C4C5=NNN=N5,1,,CCOC(=O)[C@H](CC1=CC=C(C=C1)C2=CC(=NC(=N2)N)O[C@H](C3=C(C=C(C=C3)Cl)N4C=CC(=N4)C)C(F)(F)F)N,1,,,,,CCC(C)(C)C,0,,,,,,
,,,,,,C1=CC=C(C=C1)/C=C/C#N,0,,C1C(=O)NC2=C(C=C(C=C2)Br)C(=N1)C3=CC=CC=C3Cl,0,,,,,CC(COC)N,0,,,,,,
,,,,,,COC1=CC(=C(C=C1)OC)C(CNC(=O)CN)O.Cl,0,,CC(C)[C@@H](C(=O)N)NC(=O)C1=NN(C2=CC=CC=C21)CC3=CC=C(C=C3)F,1,,,,,C1=CC(=CC=C1[N+](=O)[O-])O,0,,,,,,
,,,,,,C1=CC=C2C(=C1)N=CC(=N2)NS(=O)(=O)C3=CC=C(C=C3)N,1,,C1CN(CCN1)C2=NC3=C(C=CC(=C3)Cl)NC4=CC=CC=C42,1,,,,,C1=CC=C(C=C1)C(=O)C2=CC(=CC=C2)O,1,,,,,,
,,,,,,C1=CC(=CC(=C1)C(=O)NN)C(=O)NN,1,,C1COCCC1CNC2=CC(=CC3=C2NC(=C3)C4=CC=CC=C4)CN5CCS(=O)(=O)CC5,1,,,,,CCCCCCC1=CC=C(C=C1)N,1,,,,,,
,,,,,,C1=CC2=C(C=C(C=C2C=C1N)S(=O)(=O)O)O,1,,CC(C)N(CCCNC(=O)NC1=CC=C(C=C1)C(C)(C)C)CC2C(C(C(O2)N3C(=CC4=C(N=CN=C43)N)Br)O)O,1,,,,,[Cu+].[I-],0,,,,,,
,,,,,,CC(C)CC(=O)OC(C)(CCC=C(C)C)C=C,1,,CC(C)(C)CC(=O)N(CC1=CC(=CC=C1)OC)C2CC(N(C2)CC3=CC4=C(C=C3)OCO4)C(=O)N5CCNCC5,1,,,,,CCCCNC(=O)OCC#CI,1,,,,,,
,,,,,,C(CSSCCC(=O)O)C(=O)O,0,,CN1CCN(CC1)CCCOC2=CC3=NC(=CC(=C3C=C2OC)NC4=CC(=C(C=C4Cl)Cl)OC)C#N,0,,,,,CN(C)C1=CC=C(C=C1)N=O,1,,,,,,
,,,,,,CCCCC(CC)COC(=O)/C=C/C1=CC=C(C=C1)OC,1,,CC1=C(C2=C(N1C(=O)C3=CC=C(C=C3)OC)C=CC(=C2)OC(F)(F)F)CC4=CC(=CC=C4)O[C@@H](C)C(=O)O,1,,,,,CC(=O)CC(C)(C)C1CCCCC1,0,,,,,,
,,,,,,C1CC2=CC=CC=C2NC3=CC=CC=C31,1,,C1CCC(=CC1)CCNC(=O)CCC2=NN=C3N2C4=CC=CC=C4C(=O)N3CC5=CC=C(C=C5)Cl,1,,,,,CCCC(CCC)C(=O)[O-].[Na+],0,,,,,,
,,,,,,CCCCCCCCN1C(=O)C(=C(S1)Cl)Cl,1,,C1CC(CCC1CNS(=O)(=O)C2=CC=CC3=NSN=C32)C(=O)NCCCC4=CC=CC=C4,1,,,,,C1CCCCCC(=O)CCCCC1,0,,,,,,
,,,,,,CCCC1O[C@@H]2C[C@H]3[C@@H]4CCC5=CC(=O)C=C[C@@]5([C@H]4[C@H](C[C@@]3([C@@]2(O1)C(=O)CO)C)O)C,1,,C1CN(CCC2=CC=CC=C21)C3=NC(=NC(=C3)NCCC(=O)[O-])C4=CC=CC=N4.[Na+],0,,,,,CCCCOCCOCCSC#N,1,,,,,,
,,,,,,CCCCCCCCCCOS(=O)(=O)[O-].[Na+],1,,CC(C)(C)C1=CC=C(C=C1)C(=O)NCCC(=O)N2CCN(CC2)CC3=CC=C(C=C3)OC,1,,,,,C1CC=COC1,0,,,,,,
,,,,,,OS(=O)(=O)[O-].[Na+],0,,CC(C)C(CO)NC1=NC(=C2C(=N1)N(C=N2)C(C)C)NC3=CC(=CC(=C3)N)Cl,1,,,,,CC[N+]1=CC=CC=C1.[Br-],1,,,,,,
,,,,,,C1=CC(=C(C(=C1)Cl)SC(CCC2=CC=C(C=C2)Cl)CN3C=CN=C3)Cl.[N+](=O)(O)[O-],1,,C1=CC=C(C(=C1)C(=O)NC2=CC=CC(=C2)C(F)(F)F)NCC3=CC=NC=C3,1,,,,,CCCOC(=O)C1=CC=C(C=C1)N,0,,,,,,
,,,,,,CN1[C@@H]2CC(C[C@H]1[C@H]3[C@@H]2O3)OC(=O)[C@H](CO)C4=CC=CC=C4.Br,0,,C1=CC=C2C(=C1)C(=CN2)CC(C(=O)NC(CCC(=O)O)C(=O)O)N,0,,,,,C1[C@H]([C@H](C2=C(O1)C=CC(=C2)OCC3=NC4=C(S3)C=CC(=C4)F)O)CC5=CC(=CC=C5)C(=O)O,0,,,,,,
,,,,,,CCN(CC)C1=CC=CC=C1,1,,CC1CCCCN1S(=O)(=O)C2=CC=C(C=C2)N3CCCC3=O,0,,,,,C[C@]12CC[C@H]3[C@H]([C@@H]1CC[C@]2(C#C)O)CCC4=CC(=O)CC[C@H]34,1,,,,,,
,,,,,,CC1=CC=CC=C1C(=O)N2CC/C(=N\OS(=O)(=O)[O-])/C3=C2C=C(C=C3)Cl.[K+],1,,C1CN(CC2=CC=CC=C21)S(=O)(=O)C3=CC=CC(=C3)C(=O)O,0,,,,,CC1=C(C=C(C=C1)N2C(=O)C(=C(N2)C)N=NC3=CC=CC(=C3O)C4=CC(=CC=C4)C(=O)O)C,0,,,,,,
,,,,,,CC(CN1C2=CC=CC=C2CCC3=CC=CC=C31)CN(C)C.C(=C\C(=O)O)\C(=O)O,0,,C1CN(CCN1C2=CC=C(C=C2)Cl)C(=O)N3CCOCC3,0,,,,,CC1=C(C=C(C=C1)[N+](=O)[O-])N,0,,,,,,
,,,,,,C1CSSC1CCCCC(=O)O,0,,CCCCCCOC(=O)/N=C(/C1=CC=C(C=C1)NCC2=NC3=C(N2C)C=CC(=C3)C(=O)N(CCC(=O)OCC)C4=CC=CC=N4)\N,1,,,,,C1CN2CCC1N(CC2)C(=O)OC3=CC=C(C=C3)Br,0,,,,,,
,,,,,,CC(=O)OC1=CC=C(C=C1)C(C2=CC=C(C=C2)OC(=O)C)C3=CC=CC=N3,1,,CCC1=C(C(=CC=C1)CC)NC(=O)C2=NN(C3=C2CCC4=CN=C(N=C43)NC5=C(C=C(C=C5)C(=O)NC6CCN(CC6)C)OC(F)(F)F)C,1,,,,,C/C=C(\C)/C(=O)OCCC(C)CCC=C(C)C,0,,,,,,
,,,,,,C(C(F)(F)F)(Cl)Br,0,,CC(C)OC1=C(C=C2CC(=O)N([C@H](C2=C1)C3=CC=C(C=C3)Cl)C4=CC=C(C=C4)N(C)CC5CCC(CC5)N6CCN(C(=O)C6)C)OC,1,,,,,C1=CC=C(C=C1)NC2=CC=CC3=CC=CC=C32,1,,,,,,
,,,,,,COC(=O)C1=CC=CC=C1,0,,CCN1CCN(CC1)CC2=C(C=C(C=C2)NC(=O)C3=CC(=C(C=C3)C)NC(=O)C4=CN=CC(=C4)C5=CC=CS5)C(F)(F)F,1,,,,,CN(C)N=NC1=CC=CC=C1,0,,,,,,
,,,,,,CN1C(=CC(=[N+]1C)C2=CC=CC=C2)C3=CC=CC=C3.COS(=O)(=O)[O-],1,,CCOC1=NC2=CC=CC(=C2N1CC3=CC=C(C=C3)C4=CC=CC=C4C5=NOC(=N5)[O-])C(=O)OCC6=C(OC(=O)O6)C,1,,,,,C1=CC(=C(C(=C1)Cl)SC(CCC2=CC=C(C=C2)Cl)CN3C=CN=C3)Cl.[N+](=O)(O)[O-],1,,,,,,
,,,,,,CCC(=O)NC1=CC=C(C=C1)O,0,,CC1=C(C=CC=C1NC(=O)C2=CC3=C(S2)CCCC3)C4=CN(C(=O)C(=N4)NC5=CC=C(C=C5)C6C(=O)N(CCN6C)C)C,1,,,,,CCNCCO,0,,,,,,
,,,,,,CC1=CC(=C(C=C1)NC(=O)CC(=O)C)C,1,,CC(C)(C)C1=CC(=CC(=C1)[C@H](CC(=O)O)NC(=O)CNC(=O)C2=CC(=CC(=C2)O)NC3=NCC(CN3)O)Br,1,,,,,CC1COC(=O)O1,0,,,,,,
,,,,,,CN(CCCNC(=O)C1CCCO1)C2=NC3=CC(=C(C=C3C(=N2)N)OC)OC.Cl,0,,C1CC1(C(=O)NC2=CC=C(C=C2)OC3=C4C=C(NC4=NC=C3)C(=O)NCCN5CCOCC5)C(=O)NC6=CC=C(C=C6)F,1,,,,,CC(C)C1=CC=C(C=C1)CO,0,,,,,,
,,,,,,CC1=NC(=CN1C2=CC=C(C=C2)[N+](=O)[O-])[N+](=O)[O-],0,,CC1=CC=CC=C1C2=CC(=NC=C2N(C)C(=O)C(C)(C)C3=CC(=CC(=C3)C(F)(F)F)C(F)(F)F)N4CCN(CC4)C,1,,,,,CCC(=O)O[C@@]1([C@H](C[C@@H]2[C@@]1(C[C@@H]([C@]3([C@H]2CCC4=CC(=O)C=C[C@@]43C)F)O)C)C)C(=O)CCl,1,,,,,,
,,,,,,C1=CC=C(C=C1)C(=O)CC(=O)C2=CC=CC=C2,1,,CCN1CCN(CC1)CC2=C(C=C(C=C2)NC(=O)C3=CC(=C(C=C3)C)/C=C/C4=CN=C5C(=C4OC)C=CN5)C(F)(F)F,1,,,,,CCC1=CC(=C(N=C1)C(=O)O)C(=O)O,0,,,,,,
,,,,,,CCN1C=C(C(=O)C2=CN=C(N=C21)N3CCNCC3)C(=O)O,0,,C1CN(C[C@H]1NC2CCC(CC2)(C3=NC=C(C=C3)C4=NC=CC=N4)O)C(=O)CNC(=O)C5=CC(=CC=C5)C(F)(F)F,0,,,,,CC(C)CCOC(=O)/C=C/C1=CC=CC=C1,0,,,,,,
,,,,,,CCCCCCCCCCCC[N+](C)(C)CCCS(=O)(=O)[O-],0,,CCN(CC)C(=O)C(C1=CC=CC=C1)N2CCN(CC2)C3=C(C=C(C=C3)NC(=O)C4=CC=CC=C4C5=CN=CC=C5)F,1,,,,,C/C=C/C1=CC=C(C=C1)OC,0,,,,,,
,,,,,,C[C@@H]1CC(=O)C=C([C@]12C(=O)C3=C(O2)C(=C(C=C3OC)OC)Cl)OC,0,,C1CC(CCC1CC(=O)O)C2=CC=C(C=C2)C3=CN4C=C(N=C4C=C3)C(=O)NCC5=CC=C(C=C5)OC(F)(F)F,0,,,,,COS(=O)(=O)C,0,,,,,,
,,,,,,C1=CC=C2C(=C1)C(=O)C3=C(C=C(C(=C3C2=O)N)S(=O)(=O)O)Br,1,,CC1=C(C=CC=C1Cl)S(=O)(=O)NC2=NC(=NC3=C2CN(CC3)CC4=CC=CC=C4)NCCC5=CC=CC=C5,1,,,,,CC1=CC(=CC(=C1N)C)C2=CC(=C(C(=C2)C)N)C,1,,,,,,
,,,,,,C1=CC(=CC(=C1)NC(=O)C(=O)O)C2=NNN=N2,0,,COCCN1CCN(CC1)CC2=CC=C(C=C2)C3=NNC4=C3C(=O)C5=C4C=CC=C5NC(=O)NN6CCOCC6,1,,,,,C=CCBr,0,,,,,,
,,,,,,CC(=C)C(=O)[O-].[Na+],0,,CC1=C(C=C(C=C1)C(=O)NC2=CC(=CC(=C2)C(F)(F)F)N3C=C(N=C3)C)NC4=NC=CC(=N4)C5=NC=CN=C5,1,,,,,C(CCBr)CBr,0,,,,,,
,,,,,,C=CC(=O)OCCCCCCOC(=O)C=C,1,,CCS(=O)(=O)N1CCC(CC1)[C@@H](C)N2C(=C(C3=CC=CC=C32)C(=O)NCC4=C(C=C(NC4=O)C)OC)C,1,,,,,CC1=C(C(=NO1)C2=CC=CC=C2)C3=CC=C(C=C3)S(=O)(=O)N,1,,,,,,
,,,,,,CC[Hg]N1C(=O)C2C(C1=O)C3(C(=C(C2(C3(Cl)Cl)Cl)Cl)Cl)Cl,1,,CC1=CSC2=C1N=CN=C2N[C@@H](C)CN3CCN(CC3)S(=O)(=O)C4=CC(=C(C=C4)Cl)Cl,1,,,,,C1=CC=C(C=C1)N(C2=CC=CC=C2)N=O,0,,,,,,
,,,,,,CCOC(=O)C(C)(C)C,0,,CCOCC1=CC(=C(C(=C1)OC)C2=CC=C(C=C2)C[C@@H](C(=O)O)NC(=O)C3=C(C=CC=C3F)F)OC,0,,,,,C1CCNC2=C(C1)C=CC(=C2)C(=O)CCC3CCN(CC3)CC4=CC=CC=C4.C(=C/C(=O)O)\C(=O)O,1,,,,,,
,,,,,,CC1=NC2=CC=CC=C2N1C3CC4CCC(C3)N4CCC5(CCN(CC5)C(=O)C6=CC(=C(C=C6Cl)F)S(=O)(=O)NC)C7=CC(=CC=C7)F,1,,CC1=CC=CC=C1C(C(=O)NC2CCCCC2)N(C3=CC(=CC=C3)F)C(=O)CN4C=NC5=CC=CC=C54,1,,,,,CCCCS(=O)(=O)N[C@@H](CC1=CC=C(C=C1)OCCCCC2CCNCC2)C(=O)O.O.Cl,0,,,,,,
,,,,,,CCCCOC(=O)C(=C)C,0,,COC1=C(C=CC(=C1)N2CCOCC2)NC3=NC=C(C(=N3)NC4=CC=CC=C4NS(=O)(=O)C)F,1,,,,,CCC(COC(=O)C=C)(COC(=O)C=C)COC(=O)C=C,0,,,,,,
,,,,,,CCOC(=O)O[C@@]1(CC[C@@H]2[C@@]1(C[C@@H]([C@H]3[C@H]2CCC4=CC(=O)C=C[C@]34C)O)C)C(=O)OCCl,0,,C1CN(CCC1C2(CCC(=O)NC2=O)C3=CC=CC=C3)CC4=CC=C(C=C4)I,0,,,,,CN1CCN(CC1)CC(=O)N2C3=CC=CC=C3C(=O)NC4=C2N=CC=C4,0,,,,,,
,,,,,,CC1=CC(=C(C=C1)O)N2N=C3C=CC=CC3=N2,1,,CN1C(=C(C=N1)Cl)C2=C(SC(=C2)C(=O)N[C@@H](CC3=CC(=C(C=C3)F)F)CN)Cl,1,,,,,C1=CC=C2C=C(C=CC2=C1)S(=O)(=O)O,0,,,,,,
,,,,,,CCCC[N+](C)(CCCC)CCCC.[Cl-],0,,C[C@H](C(=O)N[C@H]1C2=CC=CC=C2C3=CC=CC=C3N(C1=O)C)NC(=O)[C@@H](C4=CC(=CC(=C4)F)F)O,1,,,,,CC(=O)CC(C1=CC=CC=C1)C2=C(C3=CC=CC=C3OC2=O)O,1,,,,,,
,,,,,,CC(C)(CC(=O)OC)C=C,1,,CCCCNC1=NC=C2C(=CN(C2=N1)C3CCC(CC3)O)C4=CC=C(C=C4)CN5CCN(CC5)C,1,,,,,CCOP(OCC)OCC,0,,,,,,
,,,,,,C1=CC(=C(C=C1Cl)Cl)C(CN2C=CN=C2)OCC3=C(SC=C3)Cl,1,,COC1=C(C(=CC=C1)OC)C2=CC=C(C=C2)C[C@@H](C(=O)O)NC(=O)C3=C(C=CC=C3Cl)Cl,0,,,,,C1=NC2=C(N1COC(CO)CO)N=C(NC2=O)N,0,,,,,,
,,,,,,C[C@]12CC[C@H]3[C@H]([C@@H]1CC[C@H]2O)CCC4=C3C=CC(=C4)O,1,,CCOC(=O)C1=C(N=C(C(=C1)C#N)N2CCC(CC2)C(=O)NS(=O)(=O)CC3=CC=CC=C3)C,1,,,,,CC1=C(N(C2=C1C=C(C=C2)O)CC3=CC=C(C=C3)OCCN4CCCCCC4)C5=CC=C(C=C5)O.CC(=O)O,1,,,,,,
,,,,,,CC1=C(C(=CC=C1)C)OCC(=O)N[C@@H](CC2=CC=CC=C2)[C@H](C[C@H](CC3=CC=CC=C3)NC(=O)[C@H](C(C)C)N4CCCNC4=O)O,1,,CC(C)(C)C1=CC(=C(C=C1)OC)CN[C@@H]2[C@@H](N3CCC2CC3)C(C4=CC=CC=C4)C5=CC=CC=C5,1,,,,,C1=CC(=CC=C1CC2=CC=C(C=C2)N)N,1,,,,,,
,,,,,,C1=CC=C(C=C1)C2=CC(=CC=C2)C3=CC=CC=C3,1,,CC1=C(C=CC(=C1)N(C)C)C2=NC3=C(N2)C=C(C=C3)C4=NC5=C(N4)C=C(C=C5)N6CCN(CC6)C,0,,,,,CC(=O)[C@H]1CC[C@@H]2[C@@]1(CC[C@H]3[C@H]2CCC4=CC(=O)CC[C@]34C)C,1,,,,,,
,,,,,,CC(CO)OCC(C)OCC(C)OC,1,,C1COCCC1OC2=C(C=C(C=C2)C3=NC(=NC=C3)NC4=CC=C(C=C4)N5CCOCC5)C#N,1,,,,,C1=CC=C(C=C1)[Hg]C2=CC=CC=C2,1,,,,,,
,,,,,,CCCOC1=CC2=C(C=C1)[C@H]3CC[C@]4([C@H]([C@@H]3CC2)CCC4OC)C,1,,COC1=C(C=C(C(=C1)Cl)C2=C(C=CC(=C2)Cl)Cl)C(=O)N3CCN(CC3)C(=O)C=C,1,,,,,CCCCC(CC)COC(=O)C(=C(C1=CC=CC=C1)C2=CC=CC=C2)C#N,1,,,,,,
,,,,,,CC(C)(CO)[C@H](C(=O)NCCC(=O)[O-])O.[Na+],0,,COC1=C(C=C(C(=C1)Cl)C2=CC=CC=C2Cl)NCC(=O)N3CCN(CC3)C(=O)C=C,1,,,,,C(CCC(=O)N)CC(=O)N,0,,,,,,
,,,,,,CC1CC(CCC1N)CC2CCC(C(C2)C)N,0,,CC(C)N1C=C(C=N1)NC(=O)CC2=CC=C(C=C2)OC3=NC=NC4=CC(=C(C=C43)OC)OC,1,,,,,CC1=CC(=CC=C1)OP(=O)(OC2=CC=CC(=C2)C)OC3=CC=CC(=C3)C,1,,,,,,
,,,,,,CN1[C@@H]2CC(C[C@H]1[C@H]3[C@@H]2O3)OC(=O)[C@H](CO)C4=CC=CC=C4.Br,0,,C[C@@H]1CCO[C@@H]2N1C(=O)C3=C(C(=O)C(=CN3C2)C(=O)NCC4=C(C=C(C=C4)F)F)[O-],0,,,,,C=CCOCC(CS(=O)(=O)[O-])O.[Na+],0,,,,,,
,,,,,,CC(=O)OCC1=CC=C(C=C1)OC,0,,C[C@@H](CNS(=O)(=O)C(C)C)C1=CC=C(C=C1)C2=CC=C(C=C2)CCNS(=O)(=O)C,0,,,,,C1=CC2=C(C=C1Cl)N(C(=O)N(C2=O)CC3=C(C=C(C=C3)Br)F)CC(=O)O,1,,,,,,
,,,,,,CCCCOCCOCCOCCCC,0,,CNC(=O)C1=CC=CC=C1NC2=NC(=NC=C2Cl)NC3=CC=C(C=C3)N4CCNCC4,1,,,,,C=CC(=O)OCCCCCCOC(=O)C=C,0,,,,,,
,,,,,,CCOP(=O)(SC1=CC=CC=C1)SC2=CC=CC=C2,1,,CC1=CC(=C(C(=O)N1)CNC(=O)C2=C(N(C3=CC=CC=C32)[C@H](C)C4CCOCC4)C)OC,1,,,,,CCCCCCCCCCCCCC(=O)OC(C)C,0,,,,,,
,,,,,,COCCOCCOCCOCCOC,0,,C[C@@H](C1=NC(=CS1)C2=CC=C(C=C2)C#N)[C@](CN3C=NC=N3)(C4=C(C=CC(=C4)F)F)O,1,,,,,CC(=O)NC1(CCN(CC1)CC[C@]2(CN(C(=O)CO2)C3=CC=CC=C3)C4=CC(=C(C=C4)Cl)Cl)C5=CC(=CC=C5)F.C(CC(=O)O)C(=O)O,1,,,,,,
,,,,,,C1=CC=C2C(=C1)C(=O)OC23C4=CC(=C(C(=C4OC5=C(C(=C(C=C35)I)[O-])I)I)[O-])I.[Na+].[Na+],1,,C1[C@@H](COC2=NC(=CN21)[N+](=O)[O-])OCC3=CN=C(C=C3)C4=CC=C(C=C4)OC(F)(F)F,0,,,,,CCCC1=NC(=C2N1N=C(NC2=O)C3=C(C=CC(=C3)S(=O)(=O)N4CCN(CC4)CC)OCC)C.C(C(=O)O)C(CC(=O)O)(C(=O)O)O,1,,,,,,
,,,,,,CC(CC1=CC=CC=C1)N(C)CC2=CC=CO2,0,,C1C[C@H](CNC1)C2=CC(=NC3=C2COC(=O)N3)C4=C(C=CC=C4OCC5CC5)O,0,,,,,CCCCCCCCCCCCCC[P+](CCCCCC)(CCCCCC)CCCCCC.C(F)(F)(F)S(=O)(=O)[N-]S(=O)(=O)C(F)(F)F,1,,,,,,
,,,,,,CC(=CC(C)(C)C)C,0,,CCOC(=O)C1=C(N=C(S1)NC(=O)[C@H](C(C)C)N2C(=O)C3=CC=CC=C3NC2=O)C,1,,,,,C1CC1(C(CC2=CC=CC=C2Cl)(CN3C(=S)N=CN3)O)Cl,1,,,,,,
,,,,,,CCC1=CC(=C(C=C1)O)OC,0,,COC1=CN(N=C(C1=O)C2=CC=NN2C3=CC=CC=C3)C4=C(C=C(C=C4)N5C=CC=N5)F,1,,,,,CCN(CC)C1=CC=CC=C1,0,,,,,,
,,,,,,CC(CC1=CC2=C(C=C1)OCO2)NO.Cl,1,,CC(C)COC1=CC=C(C=C1)CNC(=O)N(CC2=CC=C(C=C2)F)C3CCN(CC3)C,1,,,,,COC(=O)NC1=NC2=C(N1)C=C(C=C2)C(=O)C3=CC=CC=C3,1,,,,,,
,,,,,,CCCCCCCCCCCCOS(=O)(=O)[O-].[Na+],0,,C1CN(CCC1(CN2C=NC3=C(C2=O)C=CC(=C3)Cl)O)C(=O)CCC4=CC=CC=C4,1,,,,,CS(=O)(=O)O.C1CCC2(C1)CC(=O)N(C(=O)C2)CCNCC3COC4=CC=CC=C4O3,1,,,,,,
,,,,,,CC1=CC(=CC(=C1)OC(=O)NC)C(C)C,0,,COC1=C(SC=C1)CNCC[C@]2(CCOC3(C2)CCCC3)C4=CC=CC=N4,0,,,,,CC12CC1(C(=O)N(C2=O)C3=CC(=CC(=C3)Cl)Cl)C,1,,,,,,
,,,,,,C1CN(CC=C1C2=CC=CC=C2)CCCCC3=CNC4=C3C=C(C=C4)O,1,,C=CC(=O)N1CC(C1)N2CCN(CC2)C(=O)CNC3=C(C=C(C(=C3)C4CC4)Cl)O,1,,,,,CC(=C)CCl,0,,,,,,
,,,,,,CCCCCCC(C)NC1=CC=C(C=C1)NC2=CC=CC=C2,1,,C1=CC(=CC=C1NC(=O)C2=C(C=NC=C2)F)N3C(=CC(=N3)C(F)(F)F)C(F)(F)F,1,,,,,CN1C(=O)C=CS1,1,,,,,,
,,,,,,CC(=O)NP(=O)(OC)SC,0,,CC[C@H](C1=CC=C(O1)C)NC2=C(C(=O)C2=O)NC3=CC=CC(=C3O)C(=O)N(C)C,1,,,,,CC1=C(C=CC(=C1)Cl)N=CN(C)C.Cl,0,,,,,,
,,,,,,CC1=CC(=NC(=N1)C)NS(=O)(=O)C2=CC=C(C=C2)N,0,,CCC1=NN(C(=C1Cl)C(=O)NCC2=CC=C(C=C2)OC3=CC=C(C=C3)C)C,1,,,,,CCC(=O)N(C1CCN(CC1)C(C)CC2=CC=CC=C2)C3=CC=CC=C3.Cl,0,,,,,,
,,,,,,C1=CC=C(C=C1)CSCC2=NS(=O)(=O)C3=CC(=C(C=C3N2)Cl)S(=O)(=O)N,1,,CC1(CC(CC(N1)(C)C)NC(=O)C(=O)NC2=CC=C(C=C2)Br)C,0,,,,,CCOC(=O)C(=C(C1=CC=CC=C1)C2=CC=CC=C2)C#N,1,,,,,,
,,,,,,C1=CC(=CC=C1C(=N)N)OCCCCCOC2=CC=C(C=C2)C(=N)N.C(CS(=O)(=O)O)O.C(CS(=O)(=O)O)O,0,,CCCCCN1C=C(C2=CC=CC=C21)C(=O)OC3=CC=CC4=C3N=CC=C4,1,,,,,CCCCCCCCCCCCCCC=C,0,,,,,,
,,,,,,C1(=C(SSC1=O)Cl)Cl,1,,C[C@H]([C@](CN1C=NC=N1)(C2=C(C=C(C=C2)F)F)O)N3CCC(=C)CC3,1,,,,,CC(C)(CO)COC(=O)C(C)(C)CO,0,,,,,,
,,,,,,CCC1=CC(=C(C(=C1)C(C)(C)C)O)CC2=C(C(=CC(=C2)CC)C(C)(C)C)O,1,,CCOC1=CC2=C(C=C1)N=C(N2)SCCN3CCOCC3,1,,,,,C(=O)N,0,,,,,,
,,,,,,C1=CC=C(C=C1)NC2=CC=C(C=C2)[N+](=O)[O-],1,,CC1=C(N=C(N1C2=CC=C(C=C2)F)C)C#CC3=CC(=NC=C3)Cl,1,,,,,C[N+]1(CC(CC(=C(C2=CC=CS2)C3=CC=CS3)C1)OC)C.[Br-],0,,,,,,
,,,,,,CC(C)N1C(=O)C2=CC=CC=C2NS1(=O)=O,1,,C1COCCN1C2=NC=NC3=C2C(=CN3)C4=CC=CC(=C4)C#N,1,,,,,COC1=C(C=C(C=C1)CC2=NC=CC3=CC(=C(C=C32)OC)OC)OC.Cl,1,,,,,,
,,,,,,CCCCC(CC)CN,0,,C1CNCCC1OC2=CC3=C(C=C2)C(=O)NC=C3,0,,,,,C1NC2=CC(=C(C=C2S(=O)(=O)N1)S(=O)(=O)N)Cl,0,,,,,,
,,,,,,C1CN(CCC1(C2=CC=C(C=C2)Cl)O)CCCC(=O)C3=CC=C(C=C3)F,0,,CC1=CC=C(C=C1)C(=O)NC2=NOC3=CC=CC=C32,1,,,,,CCCCCCCCCCCCN1C=C[N+](=C1)C.F[P-](F)(F)(F)(F)F,1,,,,,,
,,,,,,C1=CC(=CC(=C1)Cl)[N+](=O)[O-],0,,CC1=C(C=CO1)C(=O)N2C=CN=C2,1,,,,,CN1C=NC(=C1SC2=NC=NC3=C2NC=N3)[N+](=O)[O-],0,,,,,,
,,,,,,CC1=C(C=CC(=C1)Cl)OC,1,,CC1=C(C(=CC=C1)C)OCC2=CC(=NO2)C(=O)N3CCC(CC3)C4=CC=NC=C4,1,,,,,CC1=NC=C(N1CCO)[N+](=O)[O-],0,,,,,,
,,,,,,C1=CC=C(C=C1)C2=CC=C(C=C2)N,1,,C[C@H]1CC[C@H](N(C1)C(=O)C2=C(C(=CC=C2)F)OC)CNC3=NC=C(C=C3)Br,1,,,,,C1[C@H]([C@@H]2[C@H](O1)[C@H](CO2)O)O,0,,,,,,
,,,,,,C1=CC=C(C(=C1)C(=O)OCC(CO)O)NC2=C3C=CC=C(C3=NC=C2)C(F)(F)F,1,,CC(C)(C)C1=NN2C(=CC(=NC2=C1)C(=O)N(CCN(C)C)CC3=CC=CC=C3)C4=CC=C(C=C4)F,1,,,,,C1=CC(=C(C=C1Cl)Cl)CC(=O)O,0,,,,,,
,,,,,,C1=CC(=CC(=C1)NC(=O)C2=C(C(=CC(=C2)Br)Br)O)C(F)(F)F,1,,C1CN(CCN1)C2=CC(=CC=C2)OC3=C(C=C(S3)S(=O)(=O)NCC4=CC=CC5=CC=CC=C54)Cl,1,,,,,C1=CC(=CC=C1NC(=O)C2=C(C(=CC(=C2)Br)Br)O)Br,1,,,,,,
,,,,,,CC(=O)OCC1=C(N2[C@@H]([C@@H](C2=O)NC(=O)CSC3=CC=NC=C3)SC1)C(=O)[O-].[Na+],1,,CC1=CC(=C(N1CC2=CC=CC=C2)C)C(=O)CN3C=C(C=CC3=O)C#N,1,,,,,CN1CCC(=C2C3=C(CCC4=CC=CC=C42)SC=C3)CC1,1,,,,,,
,,,,,,CC1=CN=C(C(=N1)C)C,0,,C1C2=C(CN1C(=O)C3=CC(=C(C=C3)OC(F)F)C#CC4=CC=CC=N4)N=CC=C2,1,,,,,CCCCCOC(=O)C1=CC=CC=C1C(=O)OCCCCC,0,,,,,,
,,,,,,CC(=O)C1=CC=CC=C1[N+](=O)[O-],0,,COC1=CC(=CC2=CC=CC=C21)NC3=C(C=C(C=C3)[N+](=O)[O-])C(=O)O,1,,,,,CCCCCCCCCCCCCCN1C=C[N+](=C1)C.[Cl-],1,,,,,,
,,,,,,CC(=O)C1=CC=C(C=C1)OC(=O)C,0,,CC1=CC(=NC=C1)NC(=O)C(C)C2=CC(=CC=C2)C(=O)C3=CC=CC=C3,1,,,,,C1=CC(=C(C=C1N)[N+](=O)[O-])NCCO,0,,,,,,
,,,,,,C/C=C/1\C(=O)C[C@@H]2[C@@]1(CC[C@H]3[C@H]2CCC4=CC(=O)CC[C@]34C)C,1,,C1=CC=C2C(=C1)C(=CN2)CCNCC(CN3C4=CC=CC=C4C5=CC=CC=C53)O,1,,,,,C(=O)C=O,0,,,,,,
,,,,,,C1=CC(=CC=C1C#N)O,0,,C1CCN(CC1)C2=C(C=C(C=C2)F)NC(=S)C3=CC=NC=C3,1,,,,,CCCCCCCCCCCC(=O)O[Sn](CCCC)(CCCC)OC(=O)CCCCCCCCCCC,0,,,,,,
,,,,,,CN(C)C(=S)[S-].CN(C)C(=S)[S-].CN(C)C(=S)[S-].[Fe+3],1,,CC1=C(C=C(C=C1)C(=O)N2CCN(CC2)C3=CC=C(C=C3)[N+](=O)[O-])Cl,0,,,,,CCN(CCN)C1=CC=CC(=C1)C,1,,,,,,
,,,,,,C1=CC(=CC=C1[C@@H](C(=O)O)N)O,0,,C1=CC=C2C(=C1)C(=C(NS2(=O)=O)C(=O)NC3=CC=C(C=C3)C4=CC(=C(C=C4)Cl)Cl)O,1,,,,,CC[C@@]12CCCN3[C@@H]1C4=C(CC3)C5=CC=CC=C5N4[C@](C2)(C(=O)OC)O,1,,,,,,
,,,,,,CCCCCCCCCCCCN(CCCCCCCCCCCC)CCCCCCCCCCCC,0,,CC1=CC=C(S1)S(=O)(=O)NC2=CC=CC=C2N3CCCCC3,1,,,,,CCCC[N+]1=CC=CC=C1.[Br-],0,,,,,,
,,,,,,CCC/C=C(/CC)\C=O,1,,CC(C)(C)C1=CC=C(C=C1)CN2C=NC3=C2C(=O)N(C(=O)N3C)C,1,,,,,COC(=O)C1=CC=C(C=C1)CBr,1,,,,,,
,,,,,,CCN.[N+](=O)(O)[O-],0,,COC1=CC=CC=C1N2CCN(CC2)CCCCNC(=O)C3=CC=C(C=C3)C4=CSC=N4,1,,,,,C1C=CC=[C-]1.[CH-]1C=CC=C1.Cl[Zr+2]Cl,0,,,,,,
,,,,,,C1=C(OC(=C1)C=O)CO,0,,C[C@@H](C1=CC=CC=C1)N(C2=CC=CC3=C2C=CC=N3)C(=NC#N)N,1,,,,,CC1=CC(=C(C=C1)OP(=S)(NC(C)C)OC)[N+](=O)[O-],1,,,,,,
,,,,,,C1=CC=C(C=C1)NC2=CC=C(C=C2)[N+](=O)[O-],1,,CN1C2CCC1CC(C2)OC(=O)N3CC4=CC=CC=C4NC3=O,0,,,,,B(O)(O)O,0,,,,,,
,,,,,,C1=CC=C(C(=C1)C(=O)O)N,0,,CCOC(=O)N1CCC(CC1)N2CCC[C@H](C2)NC(=O)C3=CC=CC=C3C,0,,,,,CCCN(CCC)S(=O)(=O)C1=CC=C(C=C1)C(=O)O,0,,,,,,
,,,,,,COC1=CC(=CC(=C1OC)OC)C(=O)N2CCCCCCC2,0,,CC1=C(C=C(C=C1)F)S(=O)(=O)N[C@@H]2CCN(C2)CC3=CC=C(C=C3)OC(C)C,1,,,,,CC1=C(C(=CC=C1)C)N,0,,,,,,
,,,,,,C1=CC=C(C(=C1)C(=O)O)C(=O)O,0,,CS(=O)(=O)C1=CC=CC=C1N2CCN(CC2)C3=NC4=C(CSCC4)C(=O)N3,1,,,,,C1=CC=C2C(=C1)C=CC=C2Cl,0,,,,,,
,,,,,,C[C@]12CCCC([C@@H]1CC[C@@]([C@@H]2CC[C@](C)(C=C)O)(C)O)(C)C,1,,CCC(C)C(C(=O)NCCN1CCOCC1)N,0,,,,,CO[Si](CCC1CCC2C(C1)O2)(OC)OC,0,,,,,,
,,,,,,C(C(CO)O)O,0,,C1=CC=C(C=C1)C[C@@H](C(=O)O)OC2=CC=C(C=C2)C3=CC=CC=C3,0,,,,,CC1=C(C(=CC=C1)C)OCC(=O)N[C@@H](CC2=CC=CC=C2)[C@H](C[C@H](CC3=CC=CC=C3)NC(=O)[C@H](C(C)C)N4CCCNC4=O)O,1,,,,,,
,,,,,,CC1=C(C=CC=C1O)C(=O)N[C@@H](CSC2=CC=CC=C2)[C@@H](CN3C[C@H]4CCCC[C@H]4C[C@H]3C(=O)NC(C)(C)C)O.CS(=O)(=O)O.O,1,,CC(C)S(=O)(=O)C1=CC=CC=C1NC2=NC(=NC3=C2NC=N3)NC4=C(C=C(C=C4)N5CCC(CC5)O)OC,1,,,,,C(CBr)CBr,0,,,,,,
,,,,,,CC1=CC[C@H](CC1)C(C)(C)O,0,,CCOC(=O)C1=C(N(N=C1)C2=CC=CC=C2)NC(=O)C3=NN4C(=CC(=NC4=C3)C5=CC=CO5)C(F)(F)Cl,1,,,,,CC1=C(C(C(=C(N1)COC(=O)N)C(=O)OC(C)C)C2=C(C(=CC=C2)Cl)Cl)C(=O)OC,1,,,,,,
,,,,,,C1=CC2=C(C(=C1)N)C(=O)NNC2=O,0,,CC(=O)NCCCCN1C2=C(C3=CC=CC=C31)C(=O)NCC2,0,,,,,COC(=O)CCCC(=O)OC,0,,,,,,
,,,,,,CC1C(=O)CCO1,0,,C1CCC(CC1)C2=CC=C(C=C2)CN(C3=CC(=C(C=C3)O)C(=O)O)C(=O)C4=CC=C(C=C4)OC5=CC=CC=C5,1,,,,,CC(C)(C(=O)NC1=CC(=C(C=C1)[N+](=O)[O-])C(F)(F)F)O,1,,,,,,
,,,,,,CCCN1CCC[C@H]2[C@H]1CC3=C(C2)NN=C3.Cl,0,,CC(C)(C)NCCCNC(=O)C1=CC(=CC=C1)Br,0,,,,,COP(=S)(C1=CC=CC=C1)OC2=CC(=C(C=C2Cl)Br)Cl,1,,,,,,
,,,,,,C[C@]12CC[C@H]3[C@H]([C@@H]1CCC2=O)CC=C4[C@@]3(CC[C@@H](C4)O)C,1,,C1=CC=C(C(=C1)C2=NNC(=C2)C3=CC=CC=C3F)O,0,,,,,C(C(C(=O)[O-])O)C(=O)[O-].[Na+].[Na+],0,,,,,,
,,,,,,C[C@@H]1C[C@H]2[C@@H]3CCC4=CC(=O)C=C[C@@]4([C@]3([C@H](C[C@@]2([C@H]1C(=O)CO)C)O)F)C,1,,COC1=C(C=C2C(=C1)C(=NC=N2)NC3=CC(=CC=C3)I)OC,1,,,,,C1=CC=C(C=C1)CNN.Cl.Cl,1,,,,,,
,,,,,,CCCOC(=O)C1=CN=C(C=C1)C(=O)OCCC,1,,COC1=CC(=C(C=C1NC(=O)C2=NOC(=C2)C3CC3)OC)Cl,1,,,,,C(=S)(N)NC(=S)N,0,,,,,,
,,,,,,C1=CC(=CC=C1S(=O)(=O)O)Cl,0,,COC1=CC(=C(C=C1)OC)C2=CC=C(C=C2)NC(=O)C3=C(C=NC=C3)F,1,,,,,C[C@@H]1CC(=O)C=C([C@]12C(=O)C3=C(O2)C(=C(C=C3OC)OC)Cl)OC,1,,,,,,
,,,,,,CCCC1=NN(C2=C1N=C(NC2=O)C3=C(C=CC(=C3)S(=O)(=O)N4CCN(CC4)C)OCC)C.C(C(=O)O)C(CC(=O)O)(C(=O)O)O,1,,CCCC1=C2C(C(=C(OC2=NN1)N)C#N)C3=C(C(=CC(=C3)Cl)Cl)O,1,,,,,C(CBr)Cl,0,,,,,,
,,,,,,C1=C(C=C(C(=C1Br)O)Br)C#N,1,,CC1=NN(C(=C1)C2=CN=C(C3=C2SC=C3C4=CC5=C(C=C4)SC=N5)N)C,1,,,,,C1=CC(=CC=C1C(C2=CC=C(C=C2)Cl)(C(Cl)(Cl)Cl)O)Cl,1,,,,,,
,,,,,,CC(C)CCO,0,,C1=CC(=C(C(=C1)F)C(=O)NC2=NN(C=C2)CC3=C(C=C(C=C3)O)C(F)(F)F)F,1,,,,,C1=CC(=CC=C1C(C2=CC=C(C=C2)O)(C(F)(F)F)C(F)(F)F)O,1,,,,,,
,,,,,,CC(=CC(=O)C)C,0,,CC1=CC(=CC=C1)OCC(=O)N2CCN(CC2)C(=O)C3=C(C(=CC=C3)OC)OC,1,,,,,B(OC(C)C)(OC(C)C)OC(C)C,0,,,,,,
,,,,,,C1=CC2=C(C=CC(=C2[O-])[N+]#N)C(=C1)S(=O)(=O)[O-].[Na+],1,,COC1=C(C=C2C(=C1)C(=NC=N2)N3CCC(C3)OC4=NC5=CC=CC=C5N=C4)OC,1,,,,,C1=CC2=C(C=C1[N+](=O)[O-])C=NN2,0,,,,,,
,,,,,,CC(C)(C1=CC=CC=C1)C2=CC=C(C=C2)NC3=CC=C(C=C3)C(C)(C)C4=CC=CC=C4,1,,CCOC(=O)C1=CC=CC(=C1)CNC2=CC=C(C=C2)N(C)C(=O)NC3=CC=CC=C3,1,,,,,C(CCl)OCOCCCl,0,,,,,,
,,,,,,C1=CC=C2C(=C1)OC3=CC=CC=C3O2,0,,CCCCC(=O)N1C(C2=C(CCCC2=O)NC3=CC=CC=C31)C4=CC=CC=C4Cl,1,,,,,C1=CC(=CC=C1N)OC2=CC=C(C=C2)N,1,,,,,,
,,,,,,CC1=C2C(=NN1)NC3=C(C=C(C=C3)[N+](=O)[O-])C(=N2)C4=CC=CC=C4Cl,1,,CC1=C(C(C2=C(N1)CCCC2=O)C3=CC=CO3)C(=O)NC4=C(C=CC(=C4)Cl)Cl,1,,,,,CCCCCCCCC,0,,,,,,
,,,,,,C1C2=CC=CC=C2C3=C1C=C(C=C3)N,1,,CC(C)(C)C1=CC=C(C=C1)CNC(=S)NCC2=CC(=C(C=C2)NS(=O)(=O)C)F,1,,,,,CC(C)N(CCO)C(C)C,0,,,,,,
,,,,,,CC1=C(C=CC(=C1)C2=CC(=C(C=C2)N)C)N,1,,CCCC1(C(=O)N(C(=O)N1)CC(=O)N(C)CC2=C(C=CC=C2Cl)F)C3=CC=CC=C3,1,,,,,CN1CCN(CC1)CCCN2C3=C(SC4=CC=CC=C24)C=CC(=C3)Cl.C(=C\C(=O)O)\C(=O)O.C(=C\C(=O)O)\C(=O)O,1,,,,,,
,,,,,,CC(=CC(=O)C=C(C)C)C,0,,CC1=CC=C(C=C1)[C@@H]2CC=C([C@@H](N2S(=O)(=O)C3=CC=C(C=C3)C)C4=CC=C(C=C4)C(C)(C)C)C(=O)O,1,,,,,CCCCC(CC)C=O,0,,,,,,
,,,,,,CCCCCC(=O)O,0,,COC1=CC2=C(C=CN=C2C=C1)C(=O)CC[C@@H]3CCN(C[C@@H]3C(=O)O)CC#CC4=C(C(=CC(=C4)F)F)F,1,,,,,COC1=C(C=CC(=C1)C2=NNC(=O)C=C2)OC(F)F,1,,,,,,
,,,,,,C(COCCO)O,0,,CCCCNC1=NC=C2C(=NN(C2=N1)C3CCC(CC3)O)C4=CC=C(C=C4)S(=O)(=O)N5CCOCC5,1,,,,,CCCC1=NN(C2=C1N=C(NC2=O)C3=C(C=CC(=C3)S(=O)(=O)N4CCN(CC4)C)OCC)C.C(C(=O)O)C(CC(=O)O)(C(=O)O)O,1,,,,,,
,,,,,,CCCCCOC(=O)COC1=C(C=C(C(=C1)N2C(=O)C3=C(C2=O)CCCC3)F)Cl,1,,CC1=NC(=NC(=N1)N)C2=C(N=CC(=C2)[C@H](C)N3CCN(CC3)S(=O)(=O)C)NC4=CC(=C(N=C4)OC)F,1,,,,,CC(C)(C#N)O,0,,,,,,
,,,,,,C(#N)C(Br)Br,0,,CC(C)(C[C@H](C(=O)NC1(CC1)C#N)N[C@@H](C2=CC=C(C=C2)C3=CC=C(C=C3)S(=O)(=O)C)C(F)(F)F)F,1,,,,,C1CCC(=O)OCC1,0,,,,,,
,,,,,,CCC1=CC(=C(C(=C1O)C(=O)NC[C@@H]2CCCN2CC)OC)Cl.Cl,0,,C[C@@H](C1=CC=CC=C1C(F)(F)F)OC2=C(SC(=C2)N3C=NC4=C3C=C(C=C4)CN5CCN(CC5)C)C(=O)N,1,,,,,CN/C(=C\[N+](=O)[O-])/NCCSCC1=CSC(=N1)CN(C)C,0,,,,,,
,,,,,,C[C@@H]([C@@H](C1=CC=CC=C1)O)NC.Cl,0,,C[C@H]1CN(CC[C@@]1(C)C2=CC(=CC=C2)O)CC[C@@H](C3CCCCC3)O,0,,,,,C1=CC(=CC(=C1)[N+](=O)[O-])C(=O)Cl,0,,,,,,
,,,,,,C1(C(C(C(C(C1Cl)Cl)Cl)Cl)Cl)Cl,1,,CC1=CC(=CC=C1)/C=N/NC2=NC3=CC(=NN3C(=C2)N4CCOCC4)C5=CC=NC=C5,1,,,,,CCCCCCCCCCN1C=C[N+](=C1C)CCCCCCCCCC.[Cl-],1,,,,,,
,,,,,,C1=CC(=CC=C1N)OC2=CC=C(C=C2)N,1,,COC1=CC=CC(=C1)NC[C@H](CN2C3=C(C=C(C=C3)Br)C4=C2C=CC(=C4)Br)O,1,,,,,CCN(CC)CCOC1=CC=C(C=C1)/C(=C(/C2=CC=CC=C2)\Cl)/C3=CC=CC=C3,1,,,,,,
,,,,,,C1=CC(=CC=C1C=O)C(=O)O,0,,C1=CC(=CC=C1C2=CN3C(=NN=C3C(F)(F)F)C=C2)OC(F)(F)F,0,,,,,CCCCCCCCCCCCCC(=O)OC(C)C,0,,,,,,
,,,,,,C1=CC=C(C=C1)COC(=O)C2=CC=CC=C2,1,,CN(CCC1=CC=C(C=C1)NC2=NC=C(S2)C3=CN=CC=C3)CC4=CC=CC=C4,1,,,,,C1CCN(CC1)CCOC2=CC=C(C=C2)C(=O)C3=C(SC4=C3C=CC(=C4)O)C5=CC=C(C=C5)O.Cl,1,,,,,,
,,,,,,[C-]#N.[C-]#N.[K+].[Ag+],1,,COC1=CC(=C(C=C1C(=O)NC[C@@H]2CCN3[C@H]2CCC3)Cl)N,1,,,,,CCN(CC)C(=O)SCC,0,,,,,,
,,,,,,CN(CCCN1CCC2=CC(=C(C=C2CC1=O)OC)OC)CCC3=CC(=C(C=C3)OC)OC.Cl,0,,CCCCNC1=CC(=C(C=C1)C2=NC=C(C=C2)CN3CCOCC3)NC4CCC(CC4)O,0,,,,,CCC(O)OC(CC)O,0,,,,,,
,,,,,,CCCCCCCCCC1=CC=C(C=C1)OCCOCCO,1,,CC1=CC=CC=C1CN2CCN3C2=NC4=C(C3=O)CN(CC4)CC5=CC=CC=C5,0,,,,,C(=O)(C(C(C(C(C(C(C(F)(F)F)(F)F)(F)F)(F)F)(F)F)(F)F)(F)F)O,0,,,,,,
,,,,,,C1CN(CCC12C(=O)NCN2C3=CC=CC=C3)CCCOC4=CC=C(C=C4)F,0,,CC1C2=CC=CC=C2CCN1C3=NC(=NC(=C3C)C)NC4=CC=C(C=C4)F,0,,,,,C=CCCCCCCCCC(=O)O,0,,,,,,
,,,,,,C1=CC(=C(C=C1Br)Br)OC2=CC(=C(C=C2Br)Br)Br,1,,CN([C@H](CN1CC[C@@H](C1)O)C2=CC=CC=C2)C(=O)C(C3=CC=CC=C3)C4=CC=CC=C4,1,,,,,C[C@]12C=CC3=C4CCC(=O)C=C4CC[C@H]3[C@@H]1CC[C@@H]2O,1,,,,,,
,,,,,,C1=CC(=CC(=C1)C(F)(F)F)C(=O)O,1,,CC(C1=CC=CC=C1)(C(CC2=CC=C(C=C2)Cl)N3C=NC=N3)O,1,,,,,CC[NH+]=C1C=CC(=C(C2=CC=C(C=C2)N(CC)CC)C3=CC=C(C=C3)N(CC)CC)C4=CC=CC=C14.[Cl-],1,,,,,,
,,,,,,CCOP(=S)(OCC)SC(CCl)N1C(=O)C2=CC=CC=C2C1=O,1,,C1CN=C(N1)COC2=CC(=C(C=C2)Cl)Cl,0,,,,,C(C(Cl)Cl)Cl,0,,,,,,
,,,,,,CCCCOCCOCCOC(=O)CCCCC(=O)OCCOCCOCCCC,1,,C1CCN(CC1)C(=S)C2=CC=C(O2)C3=CC(=C(C=C3)Cl)Cl,1,,,,,CCO[Si](CC(C)C)(OCC)OCC,1,,,,,,
,,,,,,C(=N)(N)S(=O)O,0,,CCC1(CC2C3=CC(=C(C=C3CCN2CC1CC(C)C)OC)OC)O,0,,,,,C1=CC(=CC=C1C2=COC3=C(C2=O)C=CC(=C3)O)O,1,,,,,,
,,,,,,CCN(CC)C1=CC(=C(C=C1)C(=O)C2=CC=CC=C2C(=O)O)O,1,,CC1=CC2=C(C=C1)N([C@H]3[C@@H]2CN(CC3)C)C(=O)CSC4=NN=NN4C5=CC=C(C=C5)Cl,1,,,,,CN1C2=C(C(=O)N(C1=O)C)NC(=N2)Br,0,,,,,,
,,,,,,COC(=O)N,0,,C1CCN[C@H](C1)[C@@H]2COC(O2)(C3=CC=CC=C3)C4=CC=CC=C4,1,,,,,CCCCCCC1=C(C=C(C=C1)O)O,0,,,,,,
,,,,,,C1=CC=C(C=C1)CNC(=O)CCNNC(=O)C2=CC=NC=C2,1,,CC(=C)CN1C(=O)C2=C(N=C1SCC(=O)C3=CC=CS3)SC4=C2CCCC4,1,,,,,CC1=C(C(=CC=C1)C(C)(C)C)O,1,,,,,,
,,,,,,CC1(C(C1(C)C)C(=O)OC(C#N)C2=CC(=CC=C2)OC3=CC=CC=C3)C,1,,CC1=C2C(=CC=C1)C(C(=O)N2)(C3=CC=C(C=C3)O)C4=CC=C(C=C4)O,1,,,,,CC1=CC(=CC2=C1NC(=O)CC2(C)C)CCN3CCN(CC3)C4=NSC5=CC=CC=C54.CS(=O)(=O)O,1,,,,,,
,,,,,,CCCCCCCC[N+](C)(CCCCCCCC)CCCCCCCC.[Cl-],1,,C1=CC2=NC(=CN2C3=C1C(=CC(=N3)C(F)(F)F)C(F)(F)F)C4=NN=CO4,0,,,,,CN1C(=O)C=CS1.Cl,1,,,,,,
,,,,,,C1=C2C(=C(C(=C1Br)O)Br)OC3=C(C(=C(C=C3C24C5=C(C(=C(C(=C5Cl)Cl)Cl)Cl)C(=O)O4)Br)O)Br,1,,C1CN(CCN1CCC2=NNN=N2)C3=CC=CC=C3,0,,,,,CCCCN(CC)C1=C(C=C(C=C1[N+](=O)[O-])C(F)(F)F)[N+](=O)[O-],1,,,,,,
,,,,,,CC1=C(C(CCC1)(C)C)/C=C/C(=C/C=C/C(=C/COC(=O)C)/C)/C,1,,COC1=CC=C(C=C1)N2C(=O)C3=C(N2)C4=CC=CC=C4N=C3,1,,,,,C1CCC(=O)NCC1,0,,,,,,
,,,,,,C(Cl)(Cl)(Br)Br,0,,CC1(CC(=O)N(C(=O)C1)CCCCN2CCN(CC2)C3=NC=CC=N3)C,0,,,,,CCO[C@H]1[C@@H]([C@H]([C@H](O1)C(COCC2=CC=CC=C2)OCC3=CC=CC=C3)OCC4=CC=CC=C4)O,1,,,,,,
,,,,,,CC1=NC=C2N1C3=C(C=C(C=C3)Cl)C(=NC2)C4=CC=CC=C4F.Cl,1,,C[C@@](COC1=CC=C(C=C1)C#N)(C(=O)NC2=CC(=C(C=C2)C#N)C(F)(F)F)O,1,,,,,C1=CC(=C(C=C1Cl)N)Cl,0,,,,,,
,,,,,,C1=CC(=CC=C1N)S(=O)(=O)NC2=NC=CS2,0,,CCOC(=O)CSC1=NC2=C(C(=O)N1CCCN3CCCC3)SC4=CC=CC=C42,1,,,,,CCC1(C(=O)NCNC1=O)C2=CC=CC=C2,0,,,,,,
,,,,,,C[C@@]1(C(=O)N(C(=N1)SC)NC2=CC=CC=C2)C3=CC=CC=C3,1,,CCC1=CC=C(C=C1)C2=NC(=C(O2)C)CSCC(=O)NCCC3=CC=CC=C3,1,,,,,CCCCC1=C(C2=C(O1)C=CC(=C2)NS(=O)(=O)C)C(=O)C3=CC=C(C=C3)OCCCN(CCCC)CCCC,1,,,,,,
,,,,,,CC1=CC(=CC=C1)N(C)C(=S)OC2=CC3=C(C=C2)C4CCC3C4,1,,CC(C)[C@@H](C1=C(C=C(C=C1)C(F)(F)F)CN(CC2=CC(=CC(=C2)C(F)(F)F)C(F)(F)F)C3=NN(N=N3)C)N4CCC(CC4)C(=O)O,1,,,,,CCC1=C(C(=CC=C1)CC)N(COC)C(=O)CCl,1,,,,,,
,,,,,,CC(=CCC/C(=C/CC/C(=C/CC/C(=C/CCC(=O)C)/C)/C)/C)C,1,,CC(C)[C@@](C1=CC2=CC(=C(C=C2C=C1)OC(F)F)OC(F)F)(C3=NNN=C3)O,1,,,,,C1=CC=C(C(=C1)C(=O)N)O,0,,,,,,
,,,,,,CC(CCC1=CC=CC=C1)NC(C)C(C2=CC=C(C=C2)O)O,0,,C1CN(CCN1C(C2=CC=CC=C2)C3=CC=CC=C3)C(=O)COCC(=O)NC4=C(C=C(C=C4)Cl)C(=O)O,1,,,,,CC(=O)C1=CC=CN1,0,,,,,,
,,,,,,CC(C)N(CCC1=CNC2=C1C=C(C=C2)OC)C(C)C.Cl,0,,C1CC1NC(=O)NC2=C(NN=C2)C3=NC4=C(N3)C=C(C=C4)CN5CCOCC5,0,,,,,CCOP(=O)(C(=O)N)[O-].[NH4+],0,,,,,,
,,,,,,CC1=CC=CC=C1C(C2=CC=CC=C2)OCCN(C)C.Cl,0,,CC1CN(CC(O1)C)CC(=O)NC2=CC3=C(C=C2)SC4=C(C3)C=CC=C4C5=CC(=O)C=C(O5)N6CCOCC6,1,,,,,CCC(C1=CC=CC=C1)C(=O)NC(=O)NC(=O)C,0,,,,,,
,,,,,,OP(=O)([O-])OP(=O)(O)[O-].[Na+].[Na+],0,,CN1C2=CN=C3C=CC(=CC3=C2N(C1=O)C4=CC(=C(C=C4)N5CCNCC5)C(F)(F)F)C6=CN=C(C=C6)OC,1,,,,,C1=CC(=CC=C1N)OC2=CC=C(C=C2)Cl,1,,,,,,
,,,,,,C1=CC(=O)C=CC1=O,0,,CNC(=O)C1=CC=CC2=C1C=CC(=C2)OC3=C4C=C(C(=CC4=NC=C3)OCC5(CC5)N)OC,1,,,,,C(CO)C(C(C(C(C(C(C(C(F)(F)F)(F)F)(F)F)(F)F)(F)F)(F)F)(F)F)(F)F,0,,,,,,
,,,,,,COC1=C(C=C(C=C1)[N+](=O)[O-])N,1,,C1=CC=C2C(=C1)C(=CC=N2)CNC3=C(SC=C3)C(=O)NC4=CC=C(C=C4)OC(F)(F)F,1,,,,,CCCCOCCOP(=O)(OCCOCCCC)OCCOCCCC,1,,,,,,
,,,,,,C1=CC(=CC=C1C(=O)O)[Hg]Cl,1,,C1=CC(=CC=C1C2=COC3=C(C2=O)C=CC(=C3)O)O,1,,,,,CN1CCC[C@H]1C2=CN=CC=C2,0,,,,,,
,,,,,,C1=CC(=C(C=C1Cl)Cl)OCC(=O)[O-].[Na+],1,,CC(C)(C)C1=NN(C(=C1)NC(=O)NC2=C(C=C(C=C2)OC3=CC(=NC=C3)C(=O)NC)F)C4=CC5=C(C=C4)N=CC=C5,1,,,,,CCCN(CCOC1=C(C=C(C=C1Cl)Cl)Cl)C(=O)N2C=CN=C2,1,,,,,,
,,,,,,CCC(C1=CC=CC=C1)C(=O)OCCN2CCOC(C2C)C3=CC=CC=C3,1,,COC1=C(C(=C(C=C1)F)F)C(=O)C2=CN=C(N=C2N)NC3CCN(CC3)S(=O)(=O)C,0,,,,,C1=CC=C2C(=C1)C=CC=C2N=C=S,1,,,,,,
,,,,,,C1=CC(=C(C=C1Cl)O)OC2=C(C=C(C=C2)Cl)Cl,1,,CCOC1=NC2=CC=CC(=C2N1CC3=CC=C(C=C3)C4=CC=CC=C4C5=NNN=N5)C(=O)OC(C)OC(=O)OC6CCCCC6,1,,,,,CC1=CC2=C(C(=C(C=C2)Cl)C(=O)O)N=C1,0,,,,,,
,,,,,,C1=CC(=C(C=C1C2=CC(=C(C=C2)N)Cl)Cl)N.Cl.Cl,1,,CC1=C(C=C(C=C1)C2=NN=C(C3=CC=CC=C32)NC4=CC=CC=C4)S(=O)(=O)NCC5=NC6=CC=CC=C6N5,1,,,,,CCCCCCCCCCCCCCCCCC#N,0,,,,,,
,,,,,,C1=CC=C2C(=C1)C(=O)C3=C(C2=O)C(=C(C=C3Br)Br)N,0,,CC1=C(C=C(C=C1)C2=NN=C(C3=CC=CC=C32)NC4=CC=C(C=C4)Br)S(=O)(=O)NCC5=NC6=CC=CC=C6N5,1,,,,,CN1CCCC1=O,0,,,,,,
,,,,,,C1=CC(=CC=C1C(=N)N)OCCCOC2=CC=C(C=C2)C(=N)N,0,,C1CC(CCC1CC(=O)O)C2=CC=C(C=C2)C3=NC=C(C=C3)NC4=CN=C(C=C4)C(F)(F)F,0,,,,,CCNS(=O)(=O)C1=CC=C(C=C1)C,0,,,,,,
,,,,,,C1=CC(=C(C=C1N)Cl)N.OS(=O)(=O)O,1,,CC(C)(C)C[C@H]1[C@]([C@H]([C@@H](N1)C(=O)NC2=C(C=C(C=C2)C(=O)O)OC)C3=C(C(=CC=C3)Cl)F)(C#N)C4=C(C=C(C=C4)Cl)F,1,,,,,CCCC(C1=CC(=C(C=C1C)O)C(C)(C)C)C2=CC(=C(C=C2C)O)C(C)(C)C,1,,,,,,
,,,,,,CC1C(=C(C(=O)O1)O)C,0,,CC(=O)N1[C@@H](CC2=CC=CC=C21)COC3=CC4=C(C=C3)N(C(=C4SC(C)(C)C)CC(C)(C)C(=O)O)CC5=CC=C(C=C5)C6=NC=C(C=N6)OC,1,,,,,C1=C(C=C(C(=C1Cl)Cl)Cl)O,1,,,,,,
,,,,,,C(=C(Cl)Cl)Cl,0,,COC1=CC=CC(=C1)N2C(=CC(=N2)C(=O)O)C3=CC(=C(C=C3)C4CCCCC4)Cl,1,,,,,C1CN(CCN1CC2=CC3=C(C=C2)OCO3)C4=NC=CC=N4,0,,,,,,
,,,,,,C[C@@H]1C2=C(CN1)C=C(C=C2)C3=C(C4=C(C=C3)C(=O)C(=CN4C5CC5)C(=O)O)OC(F)F.CS(=O)(=O)O.O,0,,C1CNC[C@H]([C@@H]1C2=CC=C(C=C2)F)COC3=CC4=C(C=C3)OCO4,1,,,,,CCO,0,,,,,,
,,,,,,CC(C(C)(C)C)N=C(NC#N)NC1=CC=NC=C1.O,1,,C1CC2=CC=CC=C2[C@H]1NC3=C4C=CN(C4=NC=N3)[C@@H]5C[C@H]([C@H](C5)O)COS(=O)(=O)N,0,,,,,COC1=CC(=C(C=C1C=O)OC)OC,0,,,,,,
,,,,,,CC(C)(CCC1=CC=CC=C1)O,0,,COC1=C(C=CC2=C3NCCN3C(=NC(=O)C4=CN=C(N=C4)N)N=C21)OCCCN5CCOCC5,0,,,,,CC1=NC=C(C(=C1O)CO)CO.Cl,0,,,,,,
,,,,,,CCCCN1C[C@@H]([C@H]([C@@H]([C@H]1CO)O)O)O,0,,CC1=C(C(C(=C(N1)C)C(=O)OC)C2=CC(=CC=C2)NC(=O)NCCCN3CCC(CC3)C4=CC(=CC=C4)OC)C(=O)OC.CC(C(=O)O)O,1,,,,,CC(C)(C)C(C)([C@H]1C[C@@]23CC[C@@]1([C@H]4[C@@]25CCN([C@@H]3CC6=C5C(=C(C=C6)O)O4)CC7CC7)OC)O.Cl,1,,,,,,
,,,,,,C[C@@H]1CCC[C@@H](N1CC2=CC=C(C=C2)C[C@H](C(=O)N(C)C(C)C)NC(=O)C[C@H](C3=CC4=C(C=C3)OCO4)NS(=O)(=O)C5=CC6=C(C=C5)C=C(C=C6)OC)C.Cl,1,,CC1=C2C(=NC(=N1)N)C[C@@H](NC2=O)C3=C(C=C(C=C3)F)C4=NC(=CC=C4)OC,1,,,,,CCCCCC(=O)O,0,,,,,,
,,,,,,CCOC(=O)C1=CC=CC=C1O,0,,CC(=O)C1=CN=C2C=CC(=NC2=C1NC3CCC(CC3)CN(C)C)C4=CC(=C(C(=C4)Cl)O)Cl,0,,,,,C=CC(=O)OCC(COC(=O)C=C)(COC(=O)C=C)COC(=O)C=C,1,,,,,,
,,,,,,C1=CC=C(C=C1)CCC2=CC=CC=C2,0,,CCC(C)NC1=C(C=C(C(=C1)C(=O)NC2CC3CCC(C2)N3C4=NC=C(C=C4)C(=O)C5CC5)C)C(=O)N,1,,,,,CC1=CC(=C(C=C1)C)OCCCC(C)(C)C(=O)O,0,,,,,,
,,,,,,CC1=C(C2=CC=CC=C2C=C1)C,1,,C[C@H]1CC[C@]2(C[C@@H]3C[C@H](O2)C/C=C(/[C@H]([C@H](/C=C/C=C/4\CO[C@H]5[C@@]4([C@@H](C=C(C5)C)C(=O)O3)O)C)O[C@@H]6C[C@@H]([C@@H]([C@@H](O6)C)O)OC)\C)O[C@@H]1C7CCCCC7,1,,,,,CCCCCC(=O)CC,0,,,,,,
,,,,,,CCOC(=O)C1(CCN(CC1)CCC(C#N)(C2=CC=CC=C2)C3=CC=CC=C3)C4=CC=CC=C4.Cl,1,,CCCCC(=O)O,0,,,,,CCCCC(CC)COC(=O)C1=CC=C(C=C1)C(=O)OCC(CC)CCCC,0,,,,,,
,,,,,,C(=O)(N)NO,0,,CC[C@@H]1[C@H](/C=C(/C=C/C(=O)[C@@H](C[C@@H]([C@@H]([C@H]([C@@H](CC(=O)O1)O)C)O[C@H]2[C@@H]([C@H]([C@@H]([C@H](O2)C)O)N(C)C)O)CCN3C[C@@H](C[C@@H](C3)C)C)C)\C)CO[C@H]4[C@@H]([C@@H]([C@@H]([C@H](O4)C)O)OC)OC,0,,,,,CC(C)(Cl)Cl,0,,,,,,
,,,,,,C1=CC2=C(C(=C1)OCC(COC3=CC=CC4=C3C(=O)C=C(O4)C(=O)[O-])O)C(=O)C=C(O2)C(=O)[O-].[Na+].[Na+],0,,CC(=O)NC[C@H]1CN(C(=O)O1)C2=CC(=C(C=C2)N3CCOCC3)F,0,,,,,C1COCCN1SSN2CCOCC2,1,,,,,,
,,,,,,CCCSP(=O)(OCC)OC1=C(C=C(C=C1)Br)Cl,1,,CC1(C(=[N+](C2=C1C3=CC=CC=C3C=C2)CCCCS(=O)(=O)[O-])/C=C/C=C/C=C/C=C/4\C(C5=C(N4CCCCS(=O)(=O)[O-])C=CC6=CC=CC=C65)(C)C)C,1,,,,,C1=CC(=O)C=CC1=O,0,,,,,,
,,,,,,COC1=C(C=C(C=C1)S(=O)(=O)N)C(=O)OC,0,,CCCC1O[C@@H]2C[C@H]3[C@@H]4CCC5=CC(=O)C=C[C@@]5([C@H]4[C@H](C[C@@]3([C@@]2(O1)C(=O)CO)C)O)C,1,,,,,C[Si](C)(C)N[Si](C)(C)C,0,,,,,,
,,,,,,COC1=CC(=C(C=C1N)OC)S(=O)(=O)NC2=CC=CC=C2,1,,CN[C@@H]1CCC2=C(C1)C3=C(N2)C=CC(=C3)C(=O)N,0,,,,,CC1=C[C@@H]2[C@H](CC[C@]3([C@H]2CC(=C)[C@@]3(C(=O)C)OC(=O)C)C)[C@@]4(C1=CC(=O)CC4)C,1,,,,,,
,,,,,,CC1=C(C=C(C=C1)C(C)C2=CC(=C(C=C2)C)C)C,1,,CN1C=NC=C1[C@@](C2=CC=C(C=C2)Cl)(C3=CC4=C(C=C3)N(C(=O)C=C4C5=CC(=CC=C5)Cl)C)N,1,,,,,C[C@]12CCCC([C@@H]3[C@H]1CC[C@@H]3C2=C)(C)C,0,,,,,,
,,,,,,C1=C(C=C(C(=C1Cl)N)Cl)[N+](=O)[O-],0,,C[C@@H]1[C@H]([C@H](C[C@@H](O1)O[C@@H]2[C@H](O[C@H](C[C@@H]2O)O[C@@H]3[C@H](O[C@H](C[C@@H]3O)O[C@H]4CC[C@]5([C@@H](C4)CC[C@@H]6[C@@H]5C[C@H]([C@]7([C@@]6(CC[C@@H]7C8=CC(=O)OC8)O)C)O)C)C)C)O)O,0,,,,,CCCC1O[C@@H]2C[C@H]3[C@@H]4CCC5=CC(=O)C=C[C@@]5([C@H]4[C@H](C[C@@]3([C@@]2(O1)C(=O)CO)C)O)C,1,,,,,,
,,,,,,C1CCC(=O)C(C1)Cl,0,,C#CCC(CC1=CN=C2C(=N1)C(=NC(=N2)N)N)C3=CC=C(C=C3)C(=O)N[C@@H](CCC(=O)O)C(=O)O,0,,,,,COC1=C(C=CC(=C1)CC=C)O,0,,,,,,
,,,,,,C[C@H]1[C@@H]([C@H]([C@H]([C@@H](O1)O[C@H]2CC[C@@]3([C@H]4CC[C@@]5([C@H](CC[C@@]5([C@@H]4CCC3=C2)O)C6=COC(=O)C=C6)C)C)O)O)O,0,,CCCCCCCC(=O)O,0,,,,,CN1C=NC2=C1C(=O)NC(=O)N2C,0,,,,,,
,,,,,,CCC1CO1,0,,CC[C@@H]1[C@@]([C@@H]([C@H](C(=O)[C@@H](C[C@@]([C@@H]([C@H]([C@@H]([C@H](C(=O)O1)C)O[C@H]2C[C@@]([C@H]([C@@H](O2)C)O)(C)OC)C)O[C@H]3[C@@H]([C@H](C[C@H](O3)C)N(C)C)O)(C)OC)C)C)O)(C)O,1,,,,,CC(C)(C)NCC(C1=CC(=C(C=C1)O)CO)O,0,,,,,,
,,,,,,CN(C)CCCN(C)CCCN(C)C,0,,CCCCCCCCCCCCCCCC(=O)OC[C@H]([C@@H](C1=CC=C(C=C1)[N+](=O)[O-])O)NC(=O)C(Cl)Cl,1,,,,,CC(COC1=CC=CC=C1)NC(C)C(C2=CC=C(C=C2)O)O.Cl,1,,,,,,
,,,,,,C1=CC=C(C=C1)N=NC2=C(N=C(C=C2)N)N.Cl,1,,C(COCCOCCO)O,0,,,,,CS(=O)(=O)C1=CC=C(C=C1)C2=CN3C=CC=CC3=N2,1,,,,,,
,,,,,,CC(C)CCCCCCC1=CC=C(C=C1)O,1,,CC(C)[N+]1([C@@H]2CC[C@H]1CC(C2)OC(=O)C(CO)C3=CC=CC=C3)C,0,,,,,C1=CC(=CC=C1C(=O)C2=C(C=C(C=C2)O)O)O,1,,,,,,
,,,,,,C(CCl)C(=O)O,0,,C=CC1=C(N2[C@@H]([C@@H](C2=O)NC(=O)/C(=N\OCC(=O)O)/C3=CSC(=N3)N)SC1)C(=O)O,0,,,,,CCC1(CC2=CC=CC=C2O1)C3=NCCN3,0,,,,,,
,,,,,,COC1=CC=C(C=C1)CO,0,,C[C@]12CC[C@H]3[C@H]([C@@H]1CC[C@@H]2O)CCC4=C3C=CC(=C4)OC(=O)C5=CC=CC=C5,0,,,,,C1=C(C=C(C(=C1I)O)I)C#N,1,,,,,,
,,,,,,CC1=C(C(=C(C=C1/C(=C/2\C=C(C(=O)C(=C2C)Br)Br)/C3=CC=CC=C3S(=O)(=O)[O-])Br)O)Br.[Na+],1,,CC[C@@H]1[C@H](/C=C(/C=C/C(=O)[C@@H](C[C@@H]([C@@H]([C@H]([C@@H](CC(=O)O1)O)C)O[C@H]2[C@@H]([C@H]([C@@H]([C@H](O2)C)O[C@H]3C[C@@]([C@H]([C@@H](O3)C)O)(C)O)N(C)C)O)CC=O)C)\C)CO[C@H]4[C@@H]([C@@H]([C@@H]([C@H](O4)C)O)OC)OC,0,,,,,C1=CC(=CC(=C1)S(=O)(=O)NCCNS(=O)(=O)C2=CC=CC(=C2)[N+](=O)[O-])[N+](=O)[O-],1,,,,,,
,,,,,,CC1=CCC(C=C1)C(C)C,1,,CCC(C1=CC=CC=C1)O,0,,,,,CC(=O)C(Cl)(Cl)Cl,1,,,,,,
,,,,,,COC(=O)N/N=C/C1=[N+](C2=CC=CC=C2[N+](=C1)[O-])[O-],0,,C/C=C/C=C/C(=O)O,0,,,,,CCCCCCCCN1C=C[N+](=C1)C.F[P-](F)(F)(F)(F)F,1,,,,,,
,,,,,,C1CN(CCN1CC2=CC3=C(C=C2)OCO3)C4=NC=CC=N4,1,,C[C@@H]1C[C@H]2[C@@H]3C[C@@H](C4=CC(=O)C=C[C@@]4([C@]3([C@H](C[C@@]2([C@]1(C(=O)COC(=O)C(C)(C)C)O)C)O)F)C)F,1,,,,,CCCC[N+](C)(CCCC)CCCC.[Cl-],0,,,,,,
,,,,,,CC(C)(C(=O)O)OC1=CC=C(C=C1)CCNC(=O)C2=CC=C(C=C2)Cl,1,,CC1=CC=C(C=C1)/C=C\2/C3CCC(C2=O)(C3(C)C)C,1,,,,,C1C2=CC=CC=C2N(C1=O)C3=C(C=CC=C3Cl)Cl,1,,,,,,
,,,,,,C(S(=O)(=O)C(Cl)(Cl)Cl)(Cl)(Cl)Cl,1,,OP(=O)(O)OP(=O)(O)O,0,,,,,CCOCCOC(=O)C,0,,,,,,
,,,,,,C1=CC(=CC(=C1)N2C(=O)C=CC2=O)N3C(=O)C=CC3=O,1,,CCN(CC)CC#CCOC(=O)C(C1CCCCC1)(C2=CC=CC=C2)O,1,,,,,C1[C@H](S/C(=C(\C#N)/N2C=CN=C2)/S1)C3=C(C=C(C=C3)Cl)Cl,1,,,,,,
,,,,,,C1=CC(=CC=C1C(Cl)(Cl)Cl)Cl,0,,C1=CC(=CC=C1C(C#N)C2=C(C=C(C=C2Cl)N3C(=O)NC(=O)C=N3)Cl)Cl,1,,,,,CCC1=CC=CC(=C1N(C(C)COC)C(=O)CCl)C,1,,,,,,
,,,,,,CCOC1=CC=C(C=C1)NC(=O)N,0,,CC(=O)OCC(=O)[C@@]12[C@@H](C[C@@H]3[C@@]1(C[C@@H]([C@]4([C@H]3CCC5=CC(=O)C=C[C@@]54C)F)O)C)OC6(O2)CCCC6,0,,,,,CC(C)OCCO,0,,,,,,
,,,,,,CC1=C(C2=C(N1C(=O)C3=CC=C(C=C3)Cl)C=CC(=C2)OC)CC(=O)OC/C=C(\C)/CC/C=C(\C)/CCC=C(C)C,1,,CCCOC(=O)C1=CC=C(C=C1)O,0,,,,,[NH4+].[NH4+].[O-]S(=O)(=O)OOS(=O)(=O)[O-],0,,,,,,
,,,,,,CCC(COC(=O)C=C)(COC(=O)C=C)COC(=O)C=C,1,,CCN(CC)CC1=CC=C(C=C1)C(=O)N(CCC2=CC=CC=C2OC)[C@@H]3CCNC3,0,,,,,C[C@@H]1OC[C@@H]2[C@@H](O1)[C@@H]([C@H]([C@@H](O2)O[C@H]3[C@H]4COC(=O)[C@@H]4[C@@H](C5=CC6=C(C=C35)OCO6)C7=CC(=C(C(=C7)OC)O)OC)O)O,1,,,,,,
,,,,,,CN1C2=C(C(=O)N(C1=O)C)N(C=N2)CC3OCCO3,0,,C1=CC=C(C(=C1)C2=NC(=C(N2)C3=CC=NC=C3)C4=CC=C(C=C4)F)F,1,,,,,C1=C2C(C(=O)N(C2=CC(=C1F)Cl)C(=O)N)C(=O)C3=CC(=CS3)Cl,1,,,,,,
,,,,,,C1=CC=C(C=C1)P(Cl)Cl,0,,CC(C)NC[C@@H](COC1=CC=CC2=CC=CC=C21)O,0,,,,,CCC(C)C1=C(C(=CC(=C1)[N+](=O)[O-])[N+](=O)[O-])OC(=O)OC(C)C,1,,,,,,
,,,,,,CC(=O)NC1=NN=C(S1)S(=O)(=O)N,0,,C1=CC(=CC(=C1)C(F)(F)F)CNC2=NC3=C(C(=N2)NCC4=CC=C(C=C4)[N+](=O)[O-])NC=N3,1,,,,,[B-](F)(F)(F)F.[Na+],0,,,,,,
,,,,,,CC(C)NC(=O)N1CC(=O)N(C1=O)C2=CC(=CC(=C2)Cl)Cl,1,,C1COC(=O)N1/N=C/C2=CC=C(O2)[N+](=O)[O-],1,,,,,CCOC(=O)C1=CC=CC=C1S(=O)(=O)NC(=O)NC2=NC(=CC(=N2)Cl)OC,0,,,,,,
,,,,,,C(CC(=O)O)C(C(=O)O)N.O,0,,C=CS(=O)(=O)[O-],0,,,,,CC1=C(C(=CC=C1)N)N,1,,,,,,
,,,,,,C1=CC=C2C(=C1)C(=C3C=CC=CC3=N2)N.O.Cl,0,,C1CC1NS(=O)(=O)C2=CC(=C(C=C2)C3=CSC=C3)NC(=O)NC4=CC=CC(=C4)C(F)(F)F,1,,,,,CC(C)NC1=NC(=NC(=N1)SC)NC(C)C,1,,,,,,
,,,,,,CC1=CC=CC=C1C(=O)NC2=CC(=C(C=C2)C(=O)N3CCCC(C4=C3C=CC(=C4)Cl)O)C,1,,C1=CC2=C(C=CN=C2)C(=C1)S(=O)(=O)NCCNC/C=C/C3=CC=C(C=C3)Br,1,,,,,CCOC(=O)C1=C(SC2=C1CCN(C2)CC3=CC=CC=C3)N,0,,,,,,
,,,,,,CC(=O)CC(=O)N(C)C,0,,C1=CC=C2C(=C1)C(=NS2(=O)=O)NC3=CC(=CC=C3)NC(=O)CCl,1,,,,,CC1=CC=CC=C1NC(=O)CC(=O)C,0,,,,,,
,,,,,,COC(=O)C1=CC=C(C=C1)C(=O)OC,0,,C=CC(=O)NC1=CC2=C(C=C1)N=CN=C2NC3=CC(=CC=C3)Br,1,,,,,C1C2C(COS(=O)O1)C3(C(=C(C2(C3(Cl)Cl)Cl)Cl)Cl)Cl,1,,,,,,
,,,,,,CCCC[N+]1(CCCC1)C.[Cl-],0,,C[C@H](C1=CC(=C(C=C1)C2=CC=CC=C2)F)C(=O)O,0,,,,,CCC(C)N1C(=O)N(C=N1)C2=CC=C(C=C2)N3CCN(CC3)C4=CC=C(C=C4)OC[C@H]5CO[C@](O5)(CN6C=NC=N6)C7=C(C=C(C=C7)Cl)Cl,1,,,,,,
,,,,,,CC1(OC[C@H](O1)COC(=O)CCC2=CC=C(C=C2)OC[C@H](CNCCNC(=O)N3CCOCC3)O)C.Cl,0,,C[C@@H](C1=NC=NC=C1F)[C@](CN2C=NC=N2)(C3=C(C=C(C=C3)F)F)O,1,,,,,CCCCC/C=C/C=C/C=C,0,,,,,,
,,,,,,CC1=NC(=NC(=N1)OC)N,0,,C[C@@H](CN1CCC(CC1)N2C3=C(C=C(C=C3)Br)NC2=O)NC(=O)[C@@H]4C[C@H]4C5=CC=CC=C5,0,,,,,C1[C@@H]2C=C[C@@H]1[C@H]3[C@@H]2[C@]4(C(=C([C@@]3(C4(Cl)Cl)Cl)Cl)Cl)Cl,0,,,,,,
,,,,,,CC[C@H](CO)N,0,,C[C@H](C1=CC=CC2=CC=CC=C21)NCCCC3=CC(=CC=C3)C(F)(F)F,1,,,,,CCCCC1(C(=O)N(N(C1=O)C2=CC=CC=C2)C3=CC=CC=C3)COC(=O)CCC(=O)O,0,,,,,,
,,,,,,CC/C(=C(/CC)\C1=CC=C(C=C1)O)/C2=CC=C(C=C2)O,1,,C[C@@H]1[C@@H]2[C@H](C(=O)N2C(=C1S[C@H]3C[C@H](NC3)C(=O)N(C)C)C(=O)O)[C@@H](C)O,0,,,,,CC1=C(C(=CC=C1)Cl)NC(=O)C2=CN=C(S2)NC3=CC(=NC(=N3)C)N4CCN(CC4)CCO,1,,,,,,
,,,,,,C1=CC=C(C=C1)C(=O)OCCCCCOC(=O)C2=CC=CC=C2,1,,C[C@H](C1=C(C=CC(=C1Cl)F)Cl)OC2=C(N=CC(=C2)C3=CN(N=C3)C4CCNCC4)N,1,,,,,CC1=CC(=CN=C1)C,0,,,,,,
,,,,,,C1=CSC=C1,0,,C[C@@H]1C[C@@H](CN(C1)CCCNC(=O)C2CCN(CC2)CC3=COC(=N3)C4=CC(=C(C=C4)F)C)C,1,,,,,CC1CCC(C(C1)OC(=O)C2=CC=CC=C2N)C(C)C,1,,,,,,
,,,,,,COC(=O)CCC(=O)OC,0,,C[C@@H]1CC[C@H]2[C@H]([C@H](O[C@H]3[C@@]24[C@H]1CC[C@@](O3)(OO4)C)OC(=O)CCC(=O)O)C,0,,,,,C[C@@H]1C/C=C/C=C/[C@@H]([C@@H](C[C@@H]([C@@H]([C@H]([C@@H](CC(=O)O1)OC(=O)C)OC)O[C@H]2[C@@H]([C@H]([C@@H]([C@H](O2)C)O[C@H]3C[C@@]([C@H]([C@@H](O3)C)O)(C)O)N(C)C)O)CC=O)C)O[C@@H]4CC[C@@H]([C@H](O4)C)N(C)C,1,,,,,,
,,,,,,CC[N+]1(CCCCC1)CCOC(=O)C(C2=CC=CC=C2)(C3=CC=CC=C3)O.[Br-],0,,C[C@@H]1CC2=CC3=C(C=C2C(=NN1C(=O)C)C4=CC=C(C=C4)N)OCO3,1,,,,,CN(C)C1=CC=C(C=C1)C(=C2C=CC(=[N+](C)C)C=C2)C3=CC=C(C=C3)N(C)C.[Cl-],1,,,,,,
,,,,,,CC(C)CCCCCOC(=O)C=C,0,,C[C@@H]1CCN(C[C@@H]1N(C)C2=NC=NC3=C2C=CN3)C(=O)N4CCCC4,1,,,,,CC12CC3CC(C1)(CC(C3)(C2)N)C,0,,,,,,
,,,,,,C1=CC=C(C=C1)NN=NC2=CC=CC=C2,1,,C[C@@H]1CCNC(=O)C2=CC3=C(N12)C=C(C=C3)C(=O)NC4=NC5=CC=CC=C5N4CCCN(C)C,0,,,,,C1=CN=C(C=N1)CCS,0,,,,,,
,,,,,,CCCCOCCOCCSC#N,0,,C[C@@H]1CN(CCN1C(=O)COC2=C(C=C(C=C2)Cl)NC(=O)N)CC3=CC=C(C=C3)F,0,,,,,COC1CCC=CO1,0,,,,,,
,,,,,,CC1([C@@H](N2[C@H](S1)[C@@H](C2=O)NC(=O)C3=C(C=CC=C3OC)OC)C(=O)[O-])C.O.[Na+],0,,C[C@]12CCC(=O)C=C1[C@@H]3C[C@@H]3[C@@H]4[C@@H]2CC[C@]5([C@H]4[C@@H]6C[C@@H]6[C@@]57CCC(=O)O7)C,0,,,,,CC(=O)CCC(=O)C,0,,,,,,
,,,,,,COC1=C(C=CC(=C1)C=O)O,0,,CC1(CC(C1)C2=NC(=C3N2C=CN=C3N)C4=CC5=C(C=C4)C=CC(=N5)C6=CC=CC=C6)O,0,,,,,CCC(C)(C)C1=CC(=C(C=C1O)C(C)(C)CC)O,1,,,,,,
,,,,,,CC(=O)NC1CCSC1=O,0,,CC1(CC(C1)C2=NC(=C3N2C=CN=C3N)C4=CC5=C(C=C4)C=CC(=N5)C6=CC=CC=C6)O,0,,,,,CCOC(=O)CC#N,0,,,,,,
,,,,,,C(CO)CCl,0,,C[C@]12C[C@@H]([C@H]3[C@H]([C@@H]1CC[C@@]2(C(=O)COC(=O)CCC(=O)[O-])O)CCC4=CC(=O)C=C[C@]34C)O,0,,,,,CC(C)C1=CC2=CC[C@@H]3[C@@]([C@H]2CC1)(CCC[C@@]3(C)C(=O)[O-])C.[Na+],1,,,,,,
,,,,,,C1=CC=C(C(=C1)C(=O)O)NC2=CC=CC(=C2)C(F)(F)F,1,,C[C@]12CC[C@H]3[C@H]([C@@H]1CCC2=O)CCC4=C3C=CC(=C4)O,0,,,,,C1COC2(N1CC(=O)NC3=C2C=C(C=C3)Cl)C4=CC=CC=C4Cl,1,,,,,,
,,,,,,CCCCCCCCCCCCCCCC[N+]1=CC=CC=C1.[Br-],1,,C[C@H](CCC(=O)O)[C@H]1CC[C@@H]2[C@@]1(CC[C@H]3[C@H]2[C@H](C[C@H]4[C@@]3(CC[C@H](C4)O)C)O)C,0,,,,,CC(=CCC/C(=C/C=N/O)/C)C,1,,,,,,
,,,,,,OS(=O)[O-].[Na+],0,,C[C@H](CCCC(C)(C)O)[C@H]1CC[C@@H]2[C@@]1(CC[C@H]3[C@H]2CC=C4[C@@]3(CC[C@@H](C4)O)C)C,0,,,,,CCC(=O)O[C@H]1CC[C@@H]2[C@@]1(CC[C@H]3[C@H]2CCC4=CC(=O)CC[C@]34C)C,1,,,,,,
,,,,,,CCCC(=O)C1=CC(=C(C=C1O)O)O,1,,CC1=CC2=C(N1)C=CC(=C2F)OC3=NC=NN4C3=C(C(=C4)OC[C@@H](C)OC(=O)[C@H](C)N)C,1,,,,,CC[C@H]1CN2CCC3=CC(=C(C=C3[C@@H]2C[C@@H]1C[C@@H]4C5=CC(=C(C=C5CCN4)OC)OC)OC)OC.Cl.Cl,1,,,,,,
,,,,,,C(=O)(C(=O)O)O,0,,CC1=CC(=NN1)NC2=C(C=C(C(=N2)N[C@@H](C)C3=CC=C(C=C3)F)C#N)F,1,,,,,CC(C)CC(C)CC(C)/C=C(\C)/C1CC(=O)OC1=O,0,,,,,,
,,,,,,C1CN(CCN1)C2=NC3=CC=CC=C3OC4=C2C=C(C=C4)Cl,0,,C[C@@H](C1=NC2=C(C=C(C=C2)F)C(=O)N1C3=CC=CC=C3)NC4=NC=NC5=C4NC=N5,1,,,,,C[C@]12CC[C@H]3[C@H]([C@@H]1CC[C@]2(C#C)O)CCC4=C3C=CC(=C4)O,1,,,,,,
,,,,,,C1=CC(=C(C=C1Cl)N)N,1,,CC1=C(SC2=C1N=C(N=C2N3CCOCC3)C4=CN=C(N=C4)N)CN5CCN(CC5)C(=O)[C@H](C)O,0,,,,,C=CCN1C(=O)N(C(=O)N(C1=O)CC=C)CC=C,0,,,,,,
,,,,,,CN(CCCl)CCCl.Cl,0,,CC1=C(SC2=C1N=C(N=C2N3CCOCC3)C4=CN=C(N=C4)N)CN5CCN(CC5)C(=O)[C@H](C)O,0,,,,,CC(C[N+](C)(C)C)OC(=O)N.[Cl-],0,,,,,,
,,,,,,CC1=CC(=CC=C1)NC2=CC=CC=C2,1,,C[C@@H](C1=CC(=CC(=C1)C(F)(F)F)C(F)(F)F)O[C@@H]2[C@@H](N(CCO2)CC3=NNC(=O)N3)C4=CC=C(C=C4)F,1,,,,,CCC1=CC(=C(C(=C1O)C(=O)NC[C@@H]2CCCN2CC)OC)Cl.Cl,1,,,,,,
,,,,,,CC(=O)OC(C1=CC=CC=C1)C(=O)C2=CC=CC=C2,1,,C[C@H]1CN(CC[C@@]1(C)C2=CC(=CC=C2)O)C[C@H](CC3=CC=CC=C3)C(=O)NCC(=O)O,0,,,,,C1=CC(=CC=C1C2=CC=C(C=C2)N)N,1,,,,,,
,,,,,,C1CCN(C1)CC2=NC3=CC=CC=C3N2CC4=CC=C(C=C4)Cl.Cl,1,,CC1=CC=C(C=C1)C(=O)C2=CC=C(N2C)CC(=O)O,0,,,,,C[C@]12CC[C@H]3[C@H]([C@@H]1CC[C@]2(C)O)CC[C@@H]4[C@@]3(C/C(=C/O)/C(=O)C4)C,1,,,,,,
,,,,,,CCCCCCCCCCCCCC[P+](CCCCCC)(CCCCCC)CCCCCC.C(=[N-])=NC#N,1,,CN1C=C(C2=CC=CC=C21)/C=C\3/C4=C(C=CC=N4)NC3=O,1,,,,,CN1CCN(CC1)C2=CC=CC=C2/C=C\3/C(=O)N(CCS3)C4=CC(=C(C=C4)Cl)Cl,1,,,,,,
,,,,,,C1=C(C=C(C=C1Br)Br)Br,0,,CN1C=C(C=N1)C2=CC3=C(C=CC4=C(C3=O)C=C(C=C4)CS(=O)(=O)NCC5=CC=CC=N5)N=C2,1,,,,,C1=CC(=CC=C1C(=O)O)S(=O)(=O)N,0,,,,,,
,,,,,,C[C@]12CC[C@H]3[C@H]([C@@H]1CC[C@@H]2C(=O)CO)CCC4=CC(=O)CC[C@]34C,1,,CN1C=C(C=N1)C2=NN3C(=NC=C3CC4=CC5=C(C=C4)N=CC=C5)C=C2,1,,,,,CC1(CC(CC(C1)(C)CN=C=O)N=C=O)C,0,,,,,,
,,,,,,CC(C)CCCCCOC(=O)CS,1,,CC1=NC(=CC=C1)CC(=O)N2CCC3=C2C=CC(=C3F)C4=CN(C5=NC=NC(=C45)N)C,1,,,,,CN(C)C(=O)NC1=CC=CC(=C1)C(F)(F)F,0,,,,,,
,,,,,,C1=CC=C2C(=C1)C=CC=C2CC(=O)[O-].[K+],0,,CN1C=C(C(=N1)C2=CC=C(C=C2)OCC3=NC4=CC=CC=C4C=C3)C5=CC=NC=C5,1,,,,,C[C@H]1C[C@H]2[C@@H]3CC[C@@]([C@]3(C[C@@H]([C@@]2([C@@]4(C1=CC(=O)C=C4)C)F)O)C)(C(=O)C)O,1,,,,,,
,,,,,,C1=CC(=C(C=C1Cl)Cl)C(CN2C=NC=N2)COC(C(F)F)(F)F,1,,CN1C=C(N=C1C2CCN(CC2)C3=NC=NC4=C3C=NN4)C5=CC(=C(C=C5)F)C(F)(F)F,1,,,,,CC(CO)C1=CC=CC=C1,0,,,,,,
,,,,,,CCCSP(=S)(OCC)OC1=CC=C(C=C1)SC,1,,CC1=C(C(N=C(N1)NC2=NC3=CC=CC=C3O2)C4=CC=CC=C4Cl)C(=O)NCC5=CN=CN5C,1,,,,,CC1(C(C1C(=O)OCC2=CC(=CC=C2)OC3=CC=CC=C3)C=C(Cl)Cl)C,1,,,,,,
,,,,,,C[N+]1=CC=CC(=C1)OC(=O)N(C)C.[Br-],0,,CN1C=NC2=C1C(=O)N(C(=O)N2C)C,0,,,,,CCN(CC)CCOC(=O)C1=CC=C(C=C1)N.Cl,0,,,,,,
,,,,,,C1=CC(=CC=C1C=O)F,0,,CN1C2=C(C3=C1C(=O)N(N=C3)CC4=CC(=CC=C4)N)SC(=C2)S(=O)C,1,,,,,C1=CC=C2C(=C1)C(=O)N(N=N2)CCl,1,,,,,,
,,,,,,CC(=O)OC1=CC2=C(C=C1)[C@H]3CC[C@]4([C@H]([C@@H]3CC2)CC[C@@H]4O)C,0,,CC1=CC2=C(C=C1)SCC3=C2N(N=C3C(=O)N4CCN(CC4)C5=C(C=CC(=C5)C)C)C,1,,,,,CC1=C(C=CC=C1N)C(F)(F)F,0,,,,,,
,,,,,,CC1C(O1)C2CCC3(C(C2)O3)C,0,,CC1=NN(C2=C1C(C(=C(O2)N)C#N)C3=CC=C(C=C3)C(F)(F)F)C,1,,,,,CCCCCCNC(=O)N1C=C(C(=O)NC1=O)F,1,,,,,,
,,,,,,CCOC1=C(C=CC(=C1)C(C)(C)C)C2COC(=N2)C3=C(C=CC=C3F)F,1,,CN1C(=C(C=N1)Cl)C2=C(OC(=C2)C(=O)NC(CC3=CC(=C(C=C3)F)F)CN)Cl,1,,,,,CC(C)(C1=CC=C(C=C1)OC2=CC=C(C=C2)N)C3=CC=C(C=C3)OC4=CC=C(C=C4)N,1,,,,,,
,,,,,,CC1=C(C=C(C=C1)N=C=O)N=C=O,1,,CS(=O)(=O)C1=CC=CC(=C1)CNC2=NC(=NC=C2C(F)(F)F)NC3=CC4=C(C=C3)NC(=O)CC4,1,,,,,CCCCCCCCCCCCC,0,,,,,,
,,,,,,C1CN2CC3=CCO[C@H]4CC(=O)N5[C@H]6[C@H]4[C@H]3C[C@H]2[C@@]61C7=CC=CC=C75.C1CN2CC3=CCO[C@H]4CC(=O)N5[C@H]6[C@H]4[C@H]3C[C@H]2[C@@]61C7=CC=CC=C75.OS(=O)(=O)O,0,,CS(=O)(=O)N1CCC(CC1)NC(=O)C2=C(C=NN2)NC(=O)C3=C(C=CC=C3Cl)Cl,0,,,,,CC1([C@H]([C@H]1C(=O)O[C@H](C#N)C2=CC(=CC=C2)OC3=CC=CC=C3)/C=C(/C(F)(F)F)\Cl)C,1,,,,,,
,,,,,,C1CN2C(=O)[C@@H](N=C(C3=CC=CC1=C32)C4=CC=CC=C4F)NC(=O)C5=CC6=CC=CC=C6N5,1,,C[S+](=O)(NC1=CC=C(C=C1)C2=CC3=C(C=C2)N=C(N3)C4=CC=C(C=C4)OC(F)(F)F)[O-],0,,,,,CSC1=CC=C(C=C1)Cl,0,,,,,,
,,,,,,CC1=C(C=CC(=C1)CC2=CC(=C(C=C2)N)C)N,1,,C[S+](=O)(NC1=CC=C(C=C1)C2=CC3=C(C=C2)N=C(N3)C4=CC(=CC=C4)OC(F)(F)F)[O-],0,,,,,CC(=O)[C@]1(CC[C@@H]2[C@@]1(CC[C@H]3[C@H]2C=C(C4=CC(=O)CC[C@]34C)Cl)C)OC(=O)C,1,,,,,,
,,,,,,COC1=C(C=C(C=C1)S(=O)(=O)N2[C@@H]([C@@](C3=C2C=CC(=C3)Cl)(C4=CC=CC=C4Cl)O)C(=O)N5CCC[C@@H]5C(=O)N)OC,1,,C1CNCCC1[C@@H](COC2=CC=C(C=C2)C3=NC4=CC=CC=C4N3CC5=CC=CC=C5)N6C7=CC=CC=C7N=C6C8=CC=CC=C8,1,,,,,CCOC1=NC=C(C(=O)N1)F,0,,,,,,
,,,,,,CC(=O)C(=O)OC,0,,C1CNCCC1C2=CC(=NN2)C3=CC=NC=C3,0,,,,,[As]#[In],0,,,,,,
,,,,,,CC(C)(CCC(=O)O)C(=O)O,0,,C1CC1C2=CC(=NN2)NC3=NC(=NC=C3)NC4=CC5=C(C=C4)N=CN5,1,,,,,C1=CC=C(C=C1)C2=CC=C(C=C2)N.Cl,1,,,,,,
,,,,,,COC(=O)C1CC(=O)C(CC1=O)C(=O)OC,0,,C1CCN(CC1)CCOC2=CC=CC(=C2)C3=NNC4=C3C=C(C=C4)C5=NC=NN5,1,,,,,CCOC1=NN=C(C=C1)NS(=O)(=O)C2=CC=C(C=C2)N,0,,,,,,
,,,,,,CCC1(CC2=CC=CC=C2C1)C3=CN=CN3,1,,C1CN(CCN1)C2=CC=C(C=C2)C3=CN4C(=C(C=N4)C5=CC=NC6=CC=CC=C56)N=C3,0,,,,,C1CN(CCN1)N=O,0,,,,,,
,,,,,,C1=C(N=C(S1)N=C(N)N)CSCC/C(=N/S(=O)(=O)N)/N,0,,C1CSC2=N[C@H](CN21)C3=CC=CC=C3,0,,,,,CCC(C)C1N=C(C(S1)C)C,1,,,,,,
,,,,,,C1=CC=C2C(=C1)C(=CN2)CC(=O)O,1,,CC#C[C@@H](CC(=O)[O-])C1=CC=C(C=C1)OCC2=CC(=CC=C2)C3=CC=C(C=C3)C(F)(F)F,0,,,,,COC(=O)NC1=NC2=C(N1)C=C(C=C2)SC3=CC=CC=C3,1,,,,,,
,,,,,,CC(C)C1=C(C(=C(C(=N1)C(C)C)COC)C2=CC=C(C=C2)F)/C=C/[C@H](C[C@H](CC(=O)[O-])O)O.[Na+],1,,CC1=CC[C@@H](CC1)C(=C)C,0,,,,,CC(C)OC(=O)/C=C(\C)/C=C/CC(C)CCCC(C)(C)OC,1,,,,,,
,,,,,,C(=O)(C(=O)[O-])[O-].[Ca+2],0,,CC(=O)N1CCN(CC1)C2=CC=C(C=C2)OC[C@H]3CO[C@](O3)(CN4C=CN=C4)C5=C(C=C(C=C5)Cl)Cl,1,,,,,C1=CC2=C(C3=C(C=CC=N3)C=C2)N=C1,1,,,,,,
,,,,,,CC(C)OC1=CC=C(C=C1)NC(=O)N2CCN(CC2)C3=NC=NC4=CC(=C(C=C43)OC)OCCCN5CCCCC5,0,,CC(=O)N1CCN(CC1)CCOC2=CC=C(C=C2)C3CCN(CC3)C4=NN5C(=NN=C5C(F)(F)F)CC4,0,,,,,C1=CC=C(C=C1)C(=O)NS(=O)(=O)C2=CC=C(C=C2)N,0,,,,,,
,,,,,,CC(C)CCCCCOC(=O)CCCCC(=O)OCCCCCC(C)C,1,,CC(=O)NC1=CC=C(C=C1)OC[C@@](C)(C(=O)NC2=CC(=C(C=C2)[N+](=O)[O-])C(F)(F)F)O,1,,,,,CC(=CCC/C(=C/CC/C(=C/C(=O)OCC(=O)[C@]1(CC[C@@H]2[C@@]1(C[C@@H]([C@H]3[C@H]2CCC4=CC(=O)C=C[C@]34C)O)C)O)/C)/C)C,1,,,,,,
,,,,,,CCOC(=O)CCN(C(C)C)SN(C)C(=O)OC1=CC=CC2=C1OC(C2)(C)C,1,,CC(=O)O[C@H]1[C@H]([C@@H]2[C@]([C@H](CCC2(C)C)O)([C@@]3([C@@]1(O[C@@](CC3=O)(C)C=C)C)O)C)O,1,,,,,CC(C)[C@@H](C1=CC=C(C=C1)OC(F)F)C(=O)OC(C#N)C2=CC(=CC=C2)OC3=CC=CC=C3,1,,,,,,
,,,,,,CCN1CCC[C@H]1CNC(=O)C2=C(C=CC(=C2)S(=O)(=O)N)OC,0,,CC(=O)O[C@H]1C[C@@H]2CC[C@@H]3[C@@H]([C@]2(C[C@@H]1[N+]4(CCCCC4)C)C)CC[C@]5([C@H]3C[C@@H]([C@@H]5OC(=O)C)[N+]6(CCCCC6)C)C,0,,,,,CC1=CC=CC=C1CCl,0,,,,,,
,,,,,,C1=CC=C(C=C1)OCCO,0,,CC(=O)OC1=CC2=C(S1)CCN(C2)C(C3=CC=CC=C3F)C(=O)C4CC4,1,,,,,C1=CC=C(C=C1)C2=CC=C(C=C2)O,1,,,,,,
,,,,,,C1CN(CCC1N2C3=C(C=C(C=C3)Cl)NC2=O)CCCN4C5=CC=CC=C5NC4=O,0,,CC(=O)S[C@@H]1CC2=CC(=O)CC[C@@]2([C@@H]3C1[C@@H]4CC[C@]5([C@]4(CC3)C)CCC(=O)O5)C,0,,,,,CCN(CC)C(=O)C(C)OC1=CC=CC2=CC=CC=C21,1,,,,,,
,,,,,,C1=CC(=CC(=C1)Cl)C(C2=CC3=C(C=C2)N=CN3)N4C=CN=C4.Cl,1,,CC(C)(C)C1=CC=C(C=C1)S(=O)(=O)C2=CN=C(NC2=O)SCC(=O)NC3=CC(=C(C=C3)F)Cl,1,,,,,CC/C(=C(/C1=CC=C(C=C1)O)\C2=CC=C(C=C2)OCCN(C)C)/C3=CC=CC=C3,1,,,,,,
,,,,,,CC1=C2C(=CS1)C(=O)NC3=CC=CC=C3N2C(=O)CN4CCN(CC4)C,0,,CC(C)(C)C1=CC=C(C=C1)C2=C(C(=O)NC(=N2)SCC(=O)NC3=CC=C(C=C3)Cl)C#N,1,,,,,C1=CC=C2C(=C1)NC(=N2)C3=CSC=N3,1,,,,,,
,,,,,,CC[Hg]SC1=CC=CC=C1C(=O)[O-].[Na+],1,,CC(C)(C)C1=CC=C(C=C1)C2=NC3=CC(=O)NN3C(=N2)SCCCOC4=CC=CC=C4,1,,,,,C1=CN=CC(=C1N)N,0,,,,,,
,,,,,,CCOC(=O)N,0,,CC(C)(C)NC(=O)[C@@H]1C[C@@H]2CCCC[C@@H]2CN1CC([C@H](CC3=CC=CC=C3)NC(=O)[C@@H](CC(=O)N)NC(=O)C4=NC5=CC=CC=C5C=C4)O,1,,,,,CCOP(=S)(OCC)OC1=CC(=C(C=C1Cl)Br)Cl,1,,,,,,
,,,,,,CC1=CC2=C(C=C1)OC(=O)C=C2,0,,CC(C)(C)NC(=O)[C@@H]1CN(CCN1C[C@H](C[C@@H](CC2=CC=CC=C2)C(=O)N[C@@H]3[C@@H](CC4=CC=CC=C34)O)O)CC5=CN=CC=C5,1,,,,,C1=C(C=C(C(=C1Br)O)Br)Br,0,,,,,,
,,,,,,C1[C@H]2[C@@H]([C@@H](S1)CCCCC(=O)O)NC(=O)N2,0,,CC(C)(C)NC(=O)NC1=CC=CC(=C1)NC2=NC=C(C(=N2)NC(C)(C)CO)F,1,,,,,CCOC(C1=CC=CC=C1)(C2=CC=CC=C2)C(=O)OCCN(C)C,1,,,,,,
,,,,,,CCC1(C(=O)NCNC1=O)C2=CC=CC=C2,0,,CC(C)(C)NCC1=CC(=C2CCCCC2=C1O)NC3=C4C=CC(=CC4=NC=C3)Cl,0,,,,,CCCCCCCCCCCC[N+](C)(C)CC(=O)[O-],0,,,,,,
,,,,,,CC1=C(C(=CC=C1)C)C,0,,CC(C)(CC1=CC2=CC=CC=C2C=C1)NC[C@H](COC3=C(C(=CC=C3)Cl)C#N)O,1,,,,,C=CCOC1=NC(=NC(=N1)OCC=C)OCC=C,1,,,,,,
,,,,,,CCC(OCCCOC)OC(=O)C,0,,CC(C)(CC1=CC=CC=C1)N,0,,,,,CC(=O)NC1=CC=C(C=C1)C(=O)O,0,,,,,,
,,,,,,C(CCCC(=O)O)CCC(=O)O,0,,CC(C)(C(=O)O)OC1=CC=C(C=C1)Cl,0,,,,,CC1=CC(=O)NC(=S)N1,0,,,,,,
,,,,,,CCCN(CCC)N=O,0,,CC(C)(C(=O)O)OCC1=NN(C2=CC=CC=C21)CC3=CC=CC=C3,0,,,,,CCC(=O)/C=C/C1C(=CCCC1(C)C)C,1,,,,,,
,,,,,,CC(C)CC(=O)C,0,,CC(C)N1C=NC2=C(N=C(N=C21)C3=CSC4=CC=CC=C43)NCCC5=CC=C(C=C5)O,1,,,,,CCCCC1CCC(CC1)O,0,,,,,,
,,,,,,CCC1=NC=CC(=C1)C(=S)N,0,,CC(C)N1C2=NC=NC(=C2C(=N1)C3=CC4=C(N3)C=CC(=C4)O)N,1,,,,,CC([N+](=O)[O-])(Cl)Cl,0,,,,,,
,,,,,,C[C@]12CCCC([C@@H]3[C@H]1CC[C@@H]3C2=C)(C)C,0,,CC(C)S(=O)(=O)C1=CC2=C(C=CN=C2C=C1)NC3=CC4=C(C=C3)SC=N4,1,,,,,C1C[C@@H](CN(C1)CCC2=CC3=C(C=C2)OCO3)OC(C4=CC=CC=C4)C5=CC=CC=C5.C(=C/C(=O)O)\C(=O)O,1,,,,,,
,,,,,,CC[C@H](C)[C@@H](C(=O)O)N,0,,C[C@@H](CNS(=O)(=O)C(C)C)C1=CC=C(C=C1)NC(=O)C2=CC(=CC(=C2)F)F,1,,,,,C1(=C(C(=C(C(=C1Cl)Cl)Cl)Cl)Cl)O,1,,,,,,
,,,,,,[NH2-].[NH2-].Cl[Pt+2]Cl,1,,CC(C)S(=O)(=O)NCC(C)C1=CC=C(C=C1)C2=CC=C(C=C2)C#N,0,,,,,CC(C)OC(=O)COC1=C(C=C(C=C1)Cl)Cl,0,,,,,,
,,,,,,CC1=C(C=CC(=C1)Cl)N.Cl,1,,CC(C)C[C@H]1C(=O)N2CCC[C@H]2[C@]3(N1C(=O)[C@](O3)(C(C)C)NC(=O)[C@H]4CN([C@@H]5CC6=C(NC7=CC=CC(=C67)C5=C4)Br)C)O,1,,,,,CC(C)(C)NSC1=NC2=CC=CC=C2S1,1,,,,,,
,,,,,,C1(C(C(C(C(C1O)O)O)O)O)O,0,,CC(C)C1=CC(=O)C(=CC=C1)O,0,,,,,CC(=C)C(=O)OCCC[Si](Cl)(Cl)Cl,0,,,,,,
,,,,,,CCCC1=CC=CC=C1,0,,CC(C)C1=CC(=C(C=C1O)O)C(=O)N2CC3=C(C2)C=C(C=C3)CN4CCN(CC4)C,1,,,,,C[C@@H]1[C@H](C[C@@H]([C@H](O1)OC2[C@@H]([C@H](C([C@@H]([C@@H]2O)O)O)O)O)N)N=C(C(=O)O)N.Cl,0,,,,,,
,,,,,,CCOC(=O)/C=C(\C)/C=C/C=C(\C)/C=C/C1=C(C(=C(C=C1C)OC)C)C,1,,CC(C)C1=CC=C(C=C1)NC(=O)C(C2=CC=CC=C2)N(C)C(=O)CC3=CNC4=CC=CC=C43,1,,,,,CCCCC(=O)O[C@@]1([C@H](C[C@@H]2[C@@]1(C[C@@H]([C@]3([C@H]2CCC4=CC(=O)C=C[C@@]43C)F)O)C)C)C(=O)CO,1,,,,,,
,,,,,,O=[Mo](=O)=O,0,,CC(C)C1=NOC(=N1)N2CCC(CC2)COC3=CN=C(C=C3)C4=CC=C(C=C4)S(=O)(=O)C,0,,,,,CCC(C)C1=CC=C(C=C1)O,0,,,,,,
,,,,,,CN1C(=C(C2=CC=CC=C2S1(=O)=O)O)C(=O)NC3=CC=CC=N3,1,,CC(C)CC(=O)NC1=NNC2=C1CN(C2(C)C)C(=O)C3CCN(CC3)C,0,,,,,CCCCCCCCN1C(=O)C(=C(S1)Cl)Cl,1,,,,,,
,,,,,,CC(C(=O)O)OC1=C(C=C(C=C1)Cl)Cl,1,,CC(C)CCN1C(=NC2=C1C(=O)N(C(=O)N2C)C)CN3CCN(CC3)C(=O)C(C)C,0,,,,,C(COC(=O)Cl)OC(=O)Cl,0,,,,,,
,,,,,,CC(C)(CO)[N+](=O)[O-],0,,CC(C)CC1(C(=O)NC(=O)NC1=O)CC=C,0,,,,,CCCCCCCCCCN1C=C[N+](=C1)C.[Cl-],1,,,,,,
,,,,,,CCC1=CC=CC(=C1N(C(C)COC)C(=O)CCl)C,1,,CC(C)CCCC(C)C1CCC\2C1(CCC/C2=C\C=C\3/C[C@H](CCC3=C)O)C,1,,,,,CC(C)(C(=O)OCC=C)OC(=O)C1=C(C=CC(=C1)N2C(=O)C=C(N(C2=O)C)C(F)(F)F)Cl,1,,,,,,
,,,,,,C1=CC=C(C=C1)NC2=CC=C(C=C2)N,1,,CC1C(=N)N(C2=CN=C(N=C2N1CCC(C)C)NC3=CC(=C(C(=C3)F)O)F)C,1,,,,,CC1CC2=CC=CC=C2N1NC(=O)C3=CC(=C(C=C3)Cl)S(=O)(=O)N,1,,,,,,
,,,,,,CC(C)OC(=O)C(=C)C,0,,CC(C)N(C[C@@H]1[C@H]([C@H]([C@@H](O1)N2C=NC3=C(N=CN=C32)N)O)O)C4CC(C4)CCC5=NC6=C(N5)C=C(C=C6)C(C)(C)C,1,,,,,CCCCCOC(=O)C1=CC=C(C=C1)O,1,,,,,,
,,,,,,CCOS(=O)(=O)OCC,0,,CC(C)N(C[C@@H]1[C@H]([C@H]([C@@H](O1)N2C=NC3=C(N=CN=C32)N)O)O)C4CC(C4)CCC5=NC6=C(N5)C=C(C=C6)C(C)(C)C,1,,,,,C[N+](C)(C)CC(=O)[O-],0,,,,,,
,,,,,,C1=CC(=CN=C1)CN,0,,CC(C)N(C[C@@H]1[C@H]([C@H]([C@@H](O1)N2C=NC3=C(N=CN=C32)N)O)O)C4CC(C4)CCC5=NC6=C(N5)C=C(C=C6)C(C)(C)C,1,,,,,CC[N+]1=CC=CC=C1.F[P-](F)(F)(F)(F)F,0,,,,,,
,,,,,,C1CNCCN1.Cl.Cl,0,,CC1=CC(=C(C=C1)O)[C@H](CCN(C(C)C)C(C)C)C2=CC=CC=C2,1,,,,,C1=CC(=C(C=C1[N+](=O)[O-])Cl)Cl,0,,,,,,
,,,,,,COC(=O)CC#N,0,,CC(C)N(CCCNC(=O)NC1=CC=C(C=C1)C(C)(C)C)C[C@@H]2[C@H]([C@H]([C@@H](O2)N3C=CC4=C(N=CN=C43)N)O)O,1,,,,,CCCC[Sn](Cl)(Cl)Cl,0,,,,,,
,,,,,,CCCCOC(=O)C1=CC=C(C=C1)N,1,,CC(C)NC(=O)COC1=CC=CC(=C1)C2=NC3=CC=CC=C3C(=N2)NC4=CC5=C(C=C4)NN=C5,1,,,,,COC1=CC(=C(C=C1)N)OC.Cl,0,,,,,,
,,,,,,C(=O)(N)NC(=O)N,0,,CC(C)NCC(COC1=CC=CC=C1CC=C)O,0,,,,,CC(O)(P(=O)(O)[O-])P(=O)(O)[O-].[Na+].[Na+],0,,,,,,
,,,,,,CCCCC1=CC2=C(C=CC=C2S(=O)(=O)[O-])C=C1.[Na+],1,,C[C@@H](C1=CC=CN2C1=NC(=C2)C3=CC=C(C=C3)C[C@@H](CNC(=O)CN(C)C)NC(=O)C4=CC(=C(C=C4)OC(C)C)Cl)O,1,,,,,CCCCCC/C=C/CCCCCCCC(=O)O,0,,,,,,
,,,,,,C1=CC=C2C(=C1)C(=NN2CC3=C(C=C(C=C3)Cl)Cl)C(=O)O,0,,CC(CCC(=O)O)C1CC[C@@H]2C1([C@H](C[C@H]3C2[C@@H](C[C@H]4C3(CC[C@H](C4)O)C)O)O)C,0,,,,,C=CC1=CC=NC=C1,0,,,,,,
,,,,,,C1=CC=C2C(=C1)C(=O)NC2=O,0,,CC1=C(C(=CC=C1)C)OCC(C)N,0,,,,,C[C@]12CC[C@H]3[C@H]([C@@H]1CC[C@@H]2OC(=O)CCC4CCCC4)CCC5=C3C=CC(=C5)O,1,,,,,,
,,,,,,C[C@@]1(CO[C@@H]([C@@H]([C@H]1NC)O)O[C@H]2[C@@H](C[C@@H]([C@H]([C@H]2O)O[C@@H]3[C@@H](CC=C(O3)CN)N)N)N)O,0,,CC(C#CC1=CC2=C(CCN2C3=NC(=NC=C3Cl)N)C=C1)(C4=NC=CS4)O,1,,,,,CCCSC1=CC2=C(C=C1)N=C(N2)NC(=O)OC,1,,,,,,
,,,,,,C1=C(OC(=C1)[N+](=O)[O-])/C=N\O,0,,CC1=C(C(N=C(N1)NC2=NC3=CC=CC=C3O2)C4=CC=CC=C4Cl)C(=O)NC5=CC=C(C=C5)CN,1,,,,,CC1=CC=C(C=C1)N,1,,,,,,
,,,,,,CC1=CC=C(C=C1)S(=O)(=O)O.O,0,,CC1=C(C(N=C(N1)NC2=NC3=CC=CC=C3O2)C4=CC=CC=C4Cl)C(=O)NC5=CC=CC(=C5)C(=O)N,1,,,,,C1=CC=C(C=C1)C(F)(F)F,0,,,,,,
,,,,,,CCCCCCOC(=O)C1=CC=C(C=C1)O,1,,CC1=C(C(N=C(N1)NC2=NC3=CC=CC=C3O2)C4=CC=CC=C4Cl)C(=O)NC5=CC=CC(=C5)C6=CNN=C6,1,,,,,C1CCCN(CCC1)N=O,0,,,,,,
,,,,,,CCCCCCCOC(=O)C1=CC=C(C=C1)O,1,,CC1=C(C(N=C(N1)NC2=NC3=CC=CC=C3O2)C4=CC=CC=C4Cl)C(=O)NC5=CC=CC(=C5)C6=CC=NN6,1,,,,,C1=CC(=CC=C1C(=O)OCC(CO)O)N,0,,,,,,
,,,,,,CC(C)(C)C(=O)NCCCC(=O)O,0,,CC1=C(C(N=C(N1)NC2=NC3=CC=CC=C3O2)C4=CC=CC=C4Cl)C(=O)NC5=CC=CC(=C5)C6=NNN=N6,1,,,,,CC1(C(C1(C)C)C(=O)OC(C#N)C2=CC(=CC=C2)OC3=CC=CC=C3)C,1,,,,,,
,,,,,,C1=CC=C(C=C1)CN(CC2=CC=CC=C2)CC3=CC=CC=C3,1,,CC1=C(C(N=C(N1)NC2=NC3=CC=CC=C3O2)C4=CC=CC=C4Cl)C(=O)NC5=CC=CC(=C5)CN,1,,,,,[NH4+].NS(=O)(=O)[O-],0,,,,,,
,,,,,,CCOC(=O)NC1=CC2=C(C=C1)SC3=CC=CC=C3N2C(=O)CCN4CCOCC4.Cl,1,,CC1=C(C(N=C(N1)NC2=NC3=CC=CC=C3O2)C4=CC=CC=C4Cl)C(=O)NC5=NN=C(S5)C(F)(F)F,1,,,,,C1=CC(=CC=C1C(=O)N[C@@H](CCC(=O)O)C(=O)O)NCC2=CN=C3C(=N2)C(=O)NC(=N3)N,0,,,,,,
,,,,,,CC(C)(C)C1=CC(=CC(=C1O)C(C)(C)C)OC,1,,CC1=C(C(=O)C=C2C1=CC=C3[C@]2(CC[C@@]4([C@@]3(CC[C@@]5([C@H]4C[C@](CC5)(C)C(=O)O)C)C)C)C)O,1,,,,,C1=CC=C(C=C1)CCNN.OS(=O)(=O)O,1,,,,,,
,,,,,,C1=CC=C(C=C1)C2=CC=CC=C2F,0,,CC1=CC(=NS(=O)(=O)O1)[O-],0,,,,,CC(C)CC(=O)OCC=C,0,,,,,,
,,,,,,CCC(C1=CC=CC=C1)C(=O)NC(=O)NC(=O)C,0,,CC1=CC=CN2C1=NC(=CC2=O)CSC3=NN=C(S3)NC(=O)COC4=CC=CC=C4,1,,,,,C1(=O)N(C(=O)N(C(=O)N1Cl)Cl)Cl,0,,,,,,
,,,,,,C1CN=C(N1)NC2=C(C=CC3=NSN=C32)Cl,0,,CC[C@](C)(C(=O)NCC(F)(F)F)NC1=NC(=NC=C1)C2=CNC3=C2C=CC=N3,1,,,,,CCN(CC)CCOC(=O)C(C1CCCCC1)C2=CC=CC=C2.Cl,1,,,,,,
,,,,,,CCCCOC(=O)COC(=O)C1=CC=CC=C1C(=O)OCCCC,1,,CC[C@@H]([C@H](C)O)N1C(=O)N(C=N1)C2=CC=C(C=C2)N3CCN(CC3)C4=CC=C(C=C4)OC[C@H]5C[C@](OC5)(CN6C=NC=N6)C7=C(C=C(C=C7)F)F,1,,,,,C1=CC(=CC=C1OS(=O)(=O)C2=CC=C(C=C2)Cl)Cl,1,,,,,,
,,,,,,C1CC2=C(C[C@@H]1NS(=O)(=O)C3=CC=C(C=C3)F)C4=CC=CC=C4N2CCC(=O)O,1,,CC[C@H](CO)NC1=NC2=C(C(=C1)NCC3=CC=C(C=C3)C4=CC=CC=N4)N=CN2C(C)C,1,,,,,CC(COC)O,0,,,,,,
,,,,,,C1COCCN1CCCNC(=O)C2=CC=C(C=C2)Cl,0,,CC[C@@H]1C(=O)N(C2=CN=C(N=C2N1C(C)C)NC3=C(C=C(C=C3)C(=O)NC4CCC(CC4)N5CCN(CC5)CC6CC6)OC)C,0,,,,,C1=NC(=NC(=O)N1[C@H]2[C@@H]([C@@H]([C@H](O2)CO)O)O)N,1,,,,,,
,,,,,,CC1(CCC=C2[C@@]13CC[C@@H](C3)C2(C)C)C,1,,CC[C@@H]1C(=O)N(C2=CN=C(N=C2N1C(C)C)NC3=C(C=C(C=C3)C(=O)NC4CCC(CC4)N5CCN(CC5)CC6CC6)OC)C,0,,,,,C1CNCC2=CC=CC=C21,0,,,,,,
,,,,,,CC1COC2=C3N1C=C(C(=O)C3=CC(=C2N4CCN(CC4)C)F)C(=O)O,0,,CCN1C=C(C(=N1)C)C2=NOC(C2)C(=O)NC3=C(N(N(C3=O)C4=CC=CC=C4)C)C,1,,,,,CCCCCCCOC(=O)C1=CC=C(C=C1)O,1,,,,,,
,,,,,,CC(=C)C(=O)OCCC[Si](Cl)(Cl)Cl,1,,CCN1C=C(C(=N1)C2=CC=C(C=C2)NC(=O)N(C)C)C3=C4C=C(NC4=NC=C3)C5=CC=CC(=C5)CN(C)C,1,,,,,C1=C(C(=C(C(=C1Cl)Cl)CC2=C(C(=CC(=C2Cl)Cl)Cl)O)O)Cl,1,,,,,,
,,,,,,CC1=C(C(=NO1)C2=CC=CC=C2)C(=O)Cl,0,,CCN1C2=C(C=C(C=C2)NC3=NC(=NC=C3)NCCCN4CCOCC4)C5=CC=CC=C51,0,,,,,C=CCN1C2=C(N=C(NC2=O)N)N(C1=O)[C@H]3[C@@H]([C@@H]([C@H](O3)CO)O)O,0,,,,,,
,,,,,,CC(C)(C1=COC(=C1)S(=O)(=O)NC(=O)NC2=C3CCCC3=CC4=C2CCC4)O,1,,CC1(CC2=C(C(NC(=S)N2)C3=CC(=CC=C3)O)C(=O)C1)C,1,,,,,CCCOC(=O)C1=CC=CC=C1C(=O)OCCC,0,,,,,,
,,,,,,C1CCC2(CC1)N(CCO2)C(=O)C(Cl)Cl,1,,CC1(CC2=C(C(=O)C1)C(=NN2C3=CC(=C(C=C3)C(=O)N)NC4CCC(CC4)OC(=O)CN)C(F)(F)F)C,1,,,,,COC1=CC2=CC=CC=C2C=C1,0,,,,,,
,,,,,,C1CCN(CC1)CC2=CC(=NC=C2)OC/C=C\CNC3=C(C(=O)C3=O)N,0,,CC1(CCN(CC1)C2=C3C=C(C=CC3=NC=C2C(=O)N4CCN(CC4)C(=O)C5CC5)Cl)C#N,1,,,,,C1=CC=C(C=C1)CC(=O)O,0,,,,,,
,,,,,,C1=CC=C(C=C1)C=O,0,,CC1(CCN(CC1)C2=C(C=NC3=CC(=C(C=C32)F)F)C(=O)N4CCC(CC4)C(=O)C5CC5)C#N,1,,,,,CCCCCCCCCOCC1CO1,1,,,,,,
,,,,,,C1=CC=C(C=C1)CCCC(=O)[O-].[Na+],0,,CC1(CCN(CC1)C2=C3C=C(C=C(C3=NC=C2C(=O)N4CCC(CC4)C(=O)C5CC5)F)F)C#N,1,,,,,CC1=C(C=CC(=C1)Cl)N.Cl,0,,,,,,
,,,,,,CCC(=O)O[C@@]1([C@H](C[C@@H]2[C@@]1(C[C@@H]([C@]3([C@H]2CCC4=CC(=O)C=C[C@@]43C)F)O)C)C)C(=O)CCl,1,,CC1(CCN(CC1)C2=C3C=C(C=CC3=NC=C2C(=O)N4CCC(CC4)C(=O)C5CC5)F)C#N,1,,,,,C1=COC=C1,0,,,,,,
,,,,,,C[C@]12CC[C@H](C[C@@H]1CC[C@@H]3[C@@H]2CC[C@]4([C@H]3CCC4=O)C)O,1,,CC1(CCN(CC1)C2=C3C=C(C=CC3=NC=C2C(=O)N4CCN(CC4)S(=O)(=O)C)F)C#N,0,,,,,CC(=O)CC(=O)N(C)C,0,,,,,,
,,,,,,C[C@]12C[C@@H]([C@H]3[C@H]([C@@H]1CC[C@@]2(C(=O)CO)O)CCC4=CC(=O)C=C[C@]34C)O,1,,CC1=C(C(=NO1)C(=O)N2CCN(CC2)C(C3=CC=C(C=C3)Cl)C4=CC=C(C=C4)Cl)[N+](=O)[O-],0,,,,,CC(=CCC1C(=O)N(N(C1=O)C2=CC=CC=C2)C3=CC=CC=C3)C,1,,,,,,
,,,,,,C1=CC=C(C=C1)[Hg]C2=CC=CC=C2,1,,CC1=C(C(=CC=C1)OCCCSC2=NC(=NC3=CC(=O)NN32)C4=CC=C(C=C4)C(C)(C)C)C,1,,,,,C1=C(C(=CC(=C1Cl)N)Cl)C2=CC(=C(C=C2Cl)N)Cl,1,,,,,,
,,,,,,CC/C=C\CCCCCCCCCCOC(=O)C,0,,CC1=C(SC2=C1C(=N[C@H](C3=NN=C(N32)C)CC(=O)OC(C)(C)C)C4=CC=C(C=C4)Cl)C,1,,,,,CC(C)NC1=NC(=NC(=N1)SC)N=[N+]=[N-],1,,,,,,
,,,,,,CCCCOCCOCCOCCO,0,,CC1=C(C=CC(=C1)OCC2=NN=C(N2C3=CN=CC=C3)SC4CCCC4)C5=CC=C(C=C5)S(=O)(=O)C,1,,,,,CC1(CCC(=O)[C@H]2[C@@]13CC[C@H](C3)C2(C)C)C,1,,,,,,
,,,,,,CC(C)NCC(C1=CC2=CC=CC=C2C=C1)O,0,,CC1=CC=CC=C1[C@@H](C(=O)NC2CCCCC2)N(C3=CC(=CC=C3)F)C(=O)CN4C=CN=C4C,1,,,,,C(CCCN=C=O)CCN=C=O,0,,,,,,
,,,,,,COC1=CC=C(C=C1)C(C2=CC=C(C=C2)OC)C(Cl)(Cl)Cl,1,,CC1=CC=CC=C1N2C(=O)C=CC(=N2)C3=C4NC[C@H](CN4N=C3C5=CC=C(C=C5)F)CO,1,,,,,CC(C)(C)C(CCC1=CC=C(C=C1)Cl)(CN2C=NC=N2)O,1,,,,,,
,,,,,,CC(C)COCNC(=O)C=C,0,,CC1=C2C(=CC=C1)N=C(N(C2=O)C3=CC=CC=C3C)CN4C5=NC=NC(=C5C=N4)N,1,,,,,CC1=NC=C(C(=C1O)C=O)COP(=O)(O)O.O,0,,,,,,
,,,,,,CC1=C(C(C(=C(N1)C)C(=O)OCCN(C)CC2=CC=CC=C2)C3=CC(=CC=C3)[N+](=O)[O-])C(=O)OC.Cl,1,,CC1=C2C(=CC=C1)N=C(N(C2=O)C3=CC=CC=C3C)CN4C5=NC=NC(=C5C(=N4)C6=CC(=CC=C6)O)N,1,,,,,C1=CC2=C(C(=C1)O)N=CC=C2.C1=CC2=C(C(=C1)O)N=CC=C2.OS(=O)(=O)O,1,,,,,,
,,,,,,C([C@H]([C@@H]1C(=C(C(=O)O1)O)O)O)O,0,,CC1=CC2=C(C=C1CC(=O)C3=C(C=CS3)S(=O)(=O)[N-]C4=C(C(=NO4)C)Cl)OCO2,1,,,,,C1=CC=C(C=C1)C2=CC=C(C=C2)O,1,,,,,,
,,,,,,CC(C)OC(=O)C1=CC(=CC(=C1)[N+](=O)[O-])C(=O)OC(C)C,1,,CC1=C(C=C(C=C1)NC2=NC3=NON=C3N=C2NC4=CC=CC(=C4)C(F)(F)F)Cl,0,,,,,CC1CC(=O)CC(C1)(C)C,0,,,,,,
,,,,,,C(=O)(N)N.OO,0,,CC1=C(C=CC=C1Cl)NC(=O)CN2C=C(C3=CC=CC=C32)C(=O)C4CCCCC4,1,,,,,C/C(=C(\C1=C(C=C(C=C1)Cl)Cl)/OCCOC2=CC=C(C=C2)Cl)/N3C=CN=C3,1,,,,,,
,,,,,,CNC.Cl,0,,CC1=C(C2=C(C=C1)N=C(NC2=O)N)SC3=CC=NC=C3,1,,,,,CC1CC2=CC=CC=C2N1NC(=O)C3=CC(=C(C=C3)Cl)S(=O)(=O)N,1,,,,,,
,,,,,,COC1=CC=C(C=C1)/C=C/C2=CC(=CC(=O)O2)OC,0,,CC1=CN2C(=NC(=C2NC3=CC=CC=C3C)C4=CC=CC=N4)C=C1,1,,,,,CCCCCC1=CC=C(C=C1)O,1,,,,,,
,,,,,,CC/C(=C(\C1=CC=CC=C1)/C2=CC=C(C=C2)OCCN(C)C)/C3=CC=CC=C3,0,,CC1=CC(=CC2=C1N=C(N2)C3=C(C=CNC3=O)NC[C@H](C4=CC(=CC=C4)Cl)O)N5CCOCC5,1,,,,,CCC(CC)CO,0,,,,,,
,,,,,,C1=C(C(=O)NC(=O)N1)F,0,,CC1=CC(=CC2=C1N=C(N=N2)NC3=CC=C(C=C3)OCCN4CCCC4)C5=C(C=CC(=C5)OC(=O)C6=CC=CC=C6)Cl,1,,,,,CCCCOC(=O)CCC(=O)C,0,,,,,,
,,,,,,C1=C(N=C(S1)N)CC(=O)O,0,,CC1=CC(=CC(=C1)NC(=O)CC2=CC=C(C=C2)OC(C)(C)C(=O)[O-])C,0,,,,,CCC(C)C1=CC=CC=C1,0,,,,,,
,,,,,,C1=CC=C(C=C1)C2(C(=O)NC(=O)N2)C3=CC=CC=C3,1,,CC1=CC(=CC=C1)OC2=CNC(=O)N=C2,0,,,,,C(C[C@@H](C(=O)O)N)CN=C(N)N,0,,,,,,
,,,,,,CCOC(=O)CC(C(=O)OCC)SP(=S)(OC)OC,1,,CC1=C(C=CC(=C1)OCCCSC2=NC(=NC3=CC(=O)NN32)C4=CC=C(C=C4)C(C)(C)C)Cl,1,,,,,C1=CC=C2C=NC=CC2=C1,0,,,,,,
,,,,,,C(CNC(=S)[S-])NC(=S)[S-].C(CNC(=S)[S-])NC(=S)[S-].[Mn+2].[Zn+2],1,,CC1=C(C=CC(=C1)N2CCOCC2)NC3=NC4=C(C(=N3)NC5CCCCC5)NC=N4,1,,,,,CC[C@@]12CCCN3[C@@H]1C4=C(CC3)C5=CC=CC=C5N4C(=O)C2,1,,,,,,
,,,,,,C1[C@@H]([C@H]([C@@H](C([C@@H]1N)O)O[C@H]2[C@@H]([C@@H]([C@H](O2)CO)O)O)O[C@@H]3[C@@H]([C@H]([C@@H]([C@H](O3)CN)O)O)N)N.OS(=O)(=O)O,0,,CC1=CC=C(C=C1)N2C(=C3C(=NN=C(C3=N2)N4CCCC(C4)C(=O)NCC5=CC=CC=C5C)C)C,1,,,,,COC1=C(C=C2C(=C1)CCC2=O)OC,0,,,,,,
,,,,,,CCC(C)(C#N)N=NC(C)(CC)C#N,0,,CC1=CC=C(C=C1)S(=O)(=O)CC2=C(OC(=N2)C3=CC=C(C=C3)C(=O)NCC4=CN=CC=C4)C,1,,,,,CC1CC(CC(N1C)(C)C)OC(=O)C(C2=CC=CC=C2)O.Cl,0,,,,,,
,,,,,,C1=CC=C(C=C1)NNC(=O)N,1,,CC1=CC=C(C=C1)S(=O)(=O)N[C@@H]2CCCC[C@H]2O,0,,,,,C=CCOC(CN1C=CN=C1)C2=C(C=C(C=C2)Cl)Cl.OS(=O)(=O)O,1,,,,,,
,,,,,,C[C@]12CC[C@H]3[C@H]([C@@H]1CC[C@@H]2OC(=O)CCC4=CC=CC=C4)CCC5=CC(=O)CC[C@H]35,1,,CC1=CC=C(C=C1)[S+](=O)(NC2(CCCCC2)C3=CC=CC=C3)[O-],1,,,,,CO[C@@]1([C@@H]2N(C1=O)C(=C(CS2)COC(=O)N)C(=O)O)NC(=O)CC3=CC=CS3,0,,,,,,
,,,,,,C1=CC(=CC=C1Br)Br,0,,CC1=CC=C(C=C1)S(=O)(=O)NC2=NN3C(C=C(NC3=N2)C4=CC=CC=C4)C5=CC=C(C=C5)Cl,1,,,,,C1(=O)C2(C3(C4(C1(C5(C2(C3(C(C45Cl)(Cl)Cl)Cl)Cl)Cl)Cl)Cl)Cl)Cl,1,,,,,,
,,,,,,C1=CC(=C(C=C1[N+](=O)[O-])[N+](=O)[O-])O,1,,CC1=CC=C(C=C1)S(=O)(=O)NC2=NN3C(C=C(NC3=N2)C4=CC=CC=C4)C5=CC=C(C=C5)F,1,,,,,CC(C)(C)C1=CC(=CC(=C1O)C(C)(C)C)C=O,0,,,,,,
,,,,,,COC1=C(C=CC(=C1)C2=NNC(=O)C=C2)OC(F)F,0,,CC1=CC=C(C=C1)[S+](=O)(NC2CC(CC(C2)(C)C)(C)C)[O-],1,,,,,C1=CC=C(C=C1)C(Cl)(Cl)Cl,0,,,,,,
,,,,,,C1=CC=C(C=C1)[C@H](C(=O)O)O,0,,CC1=CC=C(C=C1)[S+](=O)(NC2CCC(CC2)(C)C)[O-],1,,,,,C1=CC=C(C(=C1)C2=NC(=NO2)C3=CC=NC=C3)Cl,1,,,,,,
,,,,,,CCCC1=CC(=C(C=C1)OCC(=O)N2CCN(CC2)C(=O)COC3=C(C=C(C=C3)CCC)OC)OC,1,,CC1=CC=C(C=C1)S(=O)(=O)NC2CCC(CC2)C(C)(C)C,1,,,,,CC(=CCl)C,0,,,,,,
,,,,,,CC1=NC2=CC=CC=C2N1CC3=CC=C(C=C3)Cl,1,,CC1=CC=C(C=C1)C(=O)C2=CN(C3=C(C2=O)C=CC(=N3)C)CC(=O)NC4=CC5=C(C=C4)OCCO5,1,,,,,C1=CC=C(C=C1)CCCC2=CC=CC=N2,1,,,,,,
,,,,,,C[C@H]1[C@H](NC(=O)N1C)C2=CC=CC=C2,0,,CC1=C(C=C(C=C1)N2C(=O)C(=C(N2)C)N=NC3=CC=CC(=C3O)C4=CC(=CC=C4)C(=O)O)C,1,,,,,CCOC(=O)/C=C/C(=O)O,0,,,,,,
,,,,,,CC(=O)NC1=CC=C(C=C1)OCCOCCOC2=CC=C(C=C2)NC(=O)C,1,,CC1=CC(=C(C=C1)NC(=O)CN2C3=CC=CC=C3C(=O)N(C2=O)CCC(=O)N4CCC5=CC=CC=C5C4)C,1,,,,,CCCCCCCCCCCCCC[N+]1=CC=CC=C1.[Br-],1,,,,,,
,,,,,,CC(C)CC(C)(C#CC(C)(CC(C)C)O)O,1,,CC1=CC2=C(C=C1)N=C3[C@@](C2=O)(CCN3C4=CC=CC=C4)O,1,,,,,C1=CC=C(C=C1)/C=C/C#N,0,,,,,,
,,,,,,CC(=O)[O-].[Tl+],0,,CC1=CC(=CC=C1)/C=N/NC2=CC(=NC(=N2)OCCC3=CC=CC=N3)N4CCOCC4,1,,,,,CC1(C(=C)[C@@]2(C([C@]1(C(C2(Cl)Cl)(Cl)Cl)Cl)Cl)Cl)C,1,,,,,,
,,,,,,CCN(C1=CC=CC=C1C)C(=O)/C=C/C,1,,CC1=CC=CC=C1C(=O)NC2=CC(=C(C=C2)C(=O)N3CCC[C@H](C4=C3C=CC(=C4)Cl)O)C,1,,,,,CN1CCC(CC1)OC(C2=CC=CC=C2)C3=CC=CC=C3.Cl,1,,,,,,
,,,,,,CCOP(=S)(C1=CC=CC=C1)OC2=CC=C(C=C2)[N+](=O)[O-],1,,CC1=CC=CC=C1CN2C(=O)C3=C(CCN(C3)CC4=CC=CC=C4)N5C2=NCC5,1,,,,,C1CC(=O)OC1,0,,,,,,
,,,,,,CC1(CC(CC(N1)(C)C)N)C,0,,CC1=CC2=C(C=C1C)N(C(=N2)NCCCO)CC(=O)C3=CC(=C(C(=C3)C(C)(C)C)O)C(C)(C)C,1,,,,,CCCCC(CC)COP(=O)(OCC(CC)CCCC)OCC(CC)CCCC,1,,,,,,
,,,,,,C1=CC=NC(=C1)NS(=O)(=O)C2=CC=C(C=C2)N,0,,CC1=CN=C(N=C1C2=CNC(=C2)C(=O)N[C@H](CO)C3=CC(=CC=C3)Cl)NC4=C(C=C(C=C4)F)Cl,1,,,,,C1=CC=C(C(=C1)N)Cl,0,,,,,,
,,,,,,C1CCC2(C1)CC(=O)N(C(=O)C2)CCCCN3CCN(CC3)C4=NC=CC=N4,0,,CC1=C2C=CC3=C(C2=CC=C1)C(=O)C(=O)C4=C3OC=C4C,1,,,,,C1C[C@@H](O[C@@H]1CO)N2C=NC3=C2N=CNC3=O,0,,,,,,
,,,,,,CC[C@H](C)C(=O)O[C@H]1C[C@H](C=C2[C@H]1[C@H]([C@H](C=C2)C)CC[C@@H]3C[C@H](CC(=O)O3)O)C,1,,CC1=NN2C(=N1)C3=CC=CC=C3N=C2NNC(=O)CCC(=O)N4CCN(CC4)C5=CC=C(C=C5)F,1,,,,,CCOC1=CC=C(C=C1)NC(=O)CC(C)O,0,,,,,,
,,,,,,CCCCCCCCCCCCCCCCCCOCCO,0,,CC1=NC(=CC=C1)C2=C(N=C(N2)CNC3=CC=CC=C3F)C4=CN5C(=NC=N5)C=C4,1,,,,,CC(=CCC/C(=C\COC(=O)C)/C)C,0,,,,,,
,,,,,,CC#C[C@@]1(CC[C@@H]2[C@@]1(C[C@@H](C3=C4CCC(=O)C=C4CC[C@@H]23)C5=CC=C(C=C5)N(C)C)C)O,1,,CC1=C(C=C(C=N1)Cl)NCC2=CC=C(S2)C(=O)N[C@@H](CC3CCCC3)C(=O)NC4CC4,1,,,,,C1=CC=C2C(=C1)C(=O)C3=C(C2=O)C=C(C=C3)N,1,,,,,,
,,,,,,C(CS(=O)(=O)O)N,0,,CC1=NC2=C(N1)CCN(C3=CC=CC=C32)C(=O)C4=CC=C(C=C4)NC(=O)C5=CC=CC=C5C6=CC=CC=C6,1,,,,,CCCC1C(=CC(=CN1C2=CC=CC=C2)CC)CC,1,,,,,,
,,,,,,COC(=O)C1=C(C=CC(=C1)OC2=C(C=C(C=C2)Cl)Cl)[N+](=O)[O-],1,,CC1=NN=C(S1)NS(=O)(=O)C2=CC=C(C=C2)N,0,,,,,CN1CCC(CC1)NC(=O)C2=CC(=C(C=C2)NC3=NC=C4C(=N3)N(CC(C(=O)N4C)(F)F)C5CCCC5)OC,1,,,,,,
,,,,,,CC1=NN(C(=C1/C=N/OCC2=CC=C(C=C2)C(=O)OC(C)(C)C)OC3=CC=CC=C3)C,1,,CC1CCCCC1N(CC2=CC=CC=C2)[S+](=O)(C3=CC=C(C=C3)[S+](=O)(N(C)C)[O-])[O-],1,,,,,CC(C)(C)C1=CC(=C(C=C1)O)C(C)(C)C,0,,,,,,
,,,,,,C1=CC=C(C=C1)C(=O)[O-].[Na+],0,,CCC(/C=C/[C@@H](C)[C@H]1CCC2[C@@]1(CCC3C2CC=C4[C@@]3(CC[C@@H](C4)O)C)C)C(C)C,0,,,,,CC1=CNC(=S)NC1=O,0,,,,,,
,,,,,,C1C2=CC=CC=C2C3=CC=CC=C31,1,,CCC(=O)N1CCN(CC1)C2=C(C=C(C=C2)N3C(=O)C=CC4=CN=C5C=CC(=CC5=C43)C6=CC7=CC=CC=C7N=C6)C(F)(F)F,1,,,,,CCOC1=C(C2=CC=CC=C2C=C1)C(=O)N[C@H]3[C@@H]4N(C3=O)[C@H](C(S4)(C)C)C(=O)[O-].O.[Na+],0,,,,,,
,,,,,,CN1CCC(=C2C3=C(CCC4=CC=CC=C42)SC=C3)CC1,0,,CCC(C)(C#C)O,0,,,,,COC1=C(C=C(C=C1)/C(=C/C(=O)N2CCOCC2)/C3=CC=C(C=C3)Cl)OC,1,,,,,,
,,,,,,COC1=C(C=CC(=C1)Cl)OC2=C(C=C(C=C2)Cl)Cl,1,,CC[C@H](C)[C@H]1C(=O)N[C@@H](C(=O)N[C@H](C(=O)N[C@@H](C(=O)N[C@H](C(=O)NCCCC[C@@H](C(=O)N[C@@H](C(=O)N1)CCCN)NC(=O)[C@H]([C@@H](C)CC)NC(=O)[C@@H](CCC(=O)O)NC(=O)[C@H](CC(C)C)NC(=O)C2CSC(=N2)C(C(C)CC)N)CC(=O)N)CC(=O)O)CC3=CN=CN3)CC4=CC=CC=C4,0,,,,,CC1(C2=C(C=CC(=C2)Br)NC(=O)O1)C,1,,,,,,
,,,,,,CC(=O)/C=C/C1=CC=CO1,0,,CCC(CC)C(C1=CC=C(C=C1)NC2=NC3=CC=CC=C3S2)N4C=NC=N4,1,,,,,CC1=CC=CC=C1[N+](=O)[O-],0,,,,,,
,,,,,,CCCCCCCCCCCCCCCC[N+]1=CC=CC=C1.[Br-],1,,CCC(CC1=CNC2=CC=CC=C21)N,1,,,,,CC1=C(C=C(C=C1)N=C=O)N=C=O,0,,,,,,
,,,,,,C1=CC=C2C(=C1)C3=C4C2=CC=CC4=C(C=C3)N,1,,CCC(C(C1=CC(=C(C=C1)O)O)O)NC(C)C,1,,,,,COC(=O)C(C1=CC=CC=C1Cl)N2CCC3=C(C2)C=CS3.OS(=O)(=O)O,1,,,,,,
,,,,,,C[N+](C)(C)CC(CCl)O.[Cl-],0,,CCC1=C(C2=C(N1CC3=CC=CC=C3)C=CC=C2OCC(=O)O)C(=O)C(=O)N,0,,,,,C(CN(CC(=O)O)CC(=O)O)CN(CC(=O)O)CC(=O)O,0,,,,,,
,,,,,,C1=CC=C2C(=C1)N=CC=N2,0,,CCC1=C(C(=CC=C1)CC)N2C(=C(C=C(C2=O)C3=NC(=CS3)C4=CC=C(C=C4)Cl)C(=O)N5CCNCC5)CC(C)C,1,,,,,C1=CC=C(C=C1)/C=C/[N+](=O)[O-],1,,,,,,
,,,,,,C1=CC(=CC(=C1)O)O,0,,CCC1=CC=C(C=C1)CNC(=O)C2CCCN(C2)C3=NN=C(C4=C(N(N=C43)C5=CC=C(C=C5)OC)C)C,1,,,,,C1=CC(=CC=C1C2=CC(=O)C3=C(C=C(C=C3O2)O)O)O,1,,,,,,
,,,,,,C1(=C(C(=C(C(=C1Cl)Cl)Cl)Cl)Cl)O,1,,CCC1=CC=C(C=C1)OCCN2C3=CC=CC=C3N=C2C4CC(=O)N(C4)CC5=CC=C(C=C5)F,1,,,,,CS(=O)(=O)C1=C(C=C(C=C1)[C@@H](CC2CCCC2)C(=O)NC3=NC=CN=C3)Cl,1,,,,,,
,,,,,,CCCCCCCC(=O)OC,0,,CCC1=CC2=C(C(=C1O)CN3CCCCC3)OC=C(C2=O)C4=NC5=CC=CC=C5S4,1,,,,,CCOC(=O)CCC1=CC=CC=C1,0,,,,,,
,,,,,,CC1=CC(=C(C=C1C2=CC(=C(C=C2C)OI)C(C)C)C(C)C)OI,1,,CCCC(=O)NC1=CC(=CC=C1)NC(=O)C2=CC=CC=C2Br,1,,,,,C1=CC(=CC=C1N)N,1,,,,,,
,,,,,,CC(C)(C1=CC=C(C=C1)CNC(=O)C2=C(N=CC=C2)OC3=CC=C(C=C3)F)O,1,,CCCC(C)C1(C(=O)NC(=O)NC1=O)CC,0,,,,,C1=CC(=CC=C1OC2=C(C=C(C=C2)NC(=O)C3=C(C(=CC(=C3)I)I)O)Cl)Cl,1,,,,,,
,,,,,,CC1=NC(=CC(=N1)OC)NS(=O)(=O)C2=CC=C(C=C2)N,0,,CCCC(=O)O,0,,,,,C1=CC=C(C=C1)CCOC(=O)C2=CC=CC=C2N,1,,,,,,
,,,,,,CC(C)(CC1=CC=CC=C1)N(C)C(=O)CN(CCO)CC(=O)N(C)C(C)(C)CC2=CC=CC=C2,1,,CCCCC(=O)O[C@H]1CC[C@@H]2[C@@]1(CC[C@H]3[C@H]2CCC4=C3C=CC(=C4)O)C,1,,,,,,,,,,,,
,,,,,,CCCCCCCCCCCCC1=CC=CC=C1,0,,CCCCC[C@@H](CC[C@H]1[C@@H](C[C@H]2[C@@H]1CC3=C(C2)C(=CC=C3)OCC(=O)O)O)O,0,,,,,,,,,,,,
,,,,,,C1CN(CCC12C(=O)NCN2C3=CC=CC=C3)CCCC(=O)C4=CC=C(C=C4)F,0,,CCCCCC/C=C\CCCCCCCC1=C(C(=CC=C1)O)C(=O)O,1,,,,,,,,,,,,
,,,,,,C1=CC=C(C=C1)NC2=CC=CC3=CC=CC=C32,1,,CCCCCCCCCCCCCCCC(=O)OC[C@@H]([C@@H]1C(C(=O)C(=O)O1)O)O,1,,,,,,,,,,,,
,,,,,,C1=CC=C(C=C1)S(=O)(=O)OC2=CC=C(C=C2)Cl,1,,CCCCCCCCN[C@H](C)[C@H](C1=CC=C(C=C1)SC(C)C)O,0,,,,,,,,,,,,
,,,,,,C1CN(CCN1C(C(Cl)(Cl)Cl)NC=O)C(C(Cl)(Cl)Cl)NC=O,1,,CCCCCCN1C2=CC=CC=C2C(=C(C1=O)C(=O)NC3=CC=C(C=C3)C(=O)OCCC)O,0,,,,,,,,,,,,
,,,,,,CN(C)CCCN1C2=CC=CC=C2SC3=C1C=C(C=C3)Cl,0,,CCCCCOC(=O)NC1=NC(=O)N(C=C1F)[C@H]2[C@@H]([C@@H]([C@H](O2)C)O)O,0,,,,,,,,,,,,
,,,,,,C1=CC=C2C(=C1)C=C(C3=CC=CC=C23)C#N,1,,CCCCNC(=O)NS(=O)(=O)C1=CC=C(C=C1)C,0,,,,,,,,,,,,
,,,,,,CC(=O)C1=CC=C(C=C1)O,0,,CCCCNC1=NC=C(C(=N1)NC2CCC(CC2)O)C3=NC=C(C=C3)CN4CCOCC4,0,,,,,,,,,,,,
,,,,,,CC1(C2CCC(C2)C1(C)NC)C,0,,CCCCNC1=NC=C(C(=N1)NC2CCC(CC2)O)C(=O)NCC3=CC=C(C=C3)N4C=CN=C4,1,,,,,,,,,,,,
,,,,,,C1CCN(CC1)CCOC2=CC=C(C=C2)C(=O)C3=C(SC4=C3C=CC(=C4)O)C5=CC=C(C=C5)O.Cl,1,,CCCCOC1=CC=C(C=C1)C(=O)NC2=C(C=C(C=C2)F)F,0,,,,,,,,,,,,
,,,,,,CC1=C(SC=N1)CCCl,0,,CCCN1CCN(CC1)C2=CC=C(C=C2)C(=O)NC3(CCCCC3)C(=O)NCC#N,0,,,,,,,,,,,,
,,,,,,CC(C)NCC(C1=CC(=C(C=C1)O)O)O.Cl,1,,CCCNC(=O)NC1=C(C=C(C=C1)OC2=NC=NC3=CC(=C(C=C32)OC)OC)Cl,0,,,,,,,,,,,,
,,,,,,CCN(CC)CCOC(=O)C=C,0,,CCCNC1=NN2C(=NC=C2C3=CC4=C(C=C3)NN=C4)C=C1,0,,,,,,,,,,,,
,,,,,,C1=CNC(=S)NC1=O,1,,CCCOC1=C(C=C(C=C1)C(=O)OCCN(CC)CC)N,0,,,,,,,,,,,,
,,,,,,CC(CCO)OC,0,,CCN(CC)CC1=C(C=CC(=C1)NC2=C3C=CC(=CC3=NC=C2)Cl)O,0,,,,,,,,,,,,
,,,,,,CCCCCCCCCCCBr,0,,CCN(CC)CCCC(C)NC1=NC(=CC(=N1)NC2=CC3=C(C=C(N=C3C=C2)C)N)C,0,,,,,,,,,,,,
,,,,,,CCOC(=O)C,0,,CCN(CC)CCOC(=O)C(CC1CCCO1)CC2=CC=CC3=CC=CC=C32,1,,,,,,,,,,,,
,,,,,,CCCCN=C(N)N=C(N)N,0,,CCN1C(=C(C(=O)C2=C1N=C(C=C2)C#C[C@](C)(COC)O)C(=O)NC)N,0,,,,,,,,,,,,
,,,,,,CN(C)CCCN1C2=CC=CC=C2SC3=C1C=C(C=C3)C(F)(F)F.Cl,0,,CCN1C2=NC(=NC=C2C=C(C1=O)C3=C(C=C(C=C3)C4=CN=CS4)Cl)NC5=CC=C(C=C5)N6CCN(CC6)C,1,,,,,,,,,,,,
,,,,,,CC1=C(C=CN=C1CS(=O)C2=NC3=CC=CC=C3[N-]2)OCCCOC.[Na+],1,,CCN1CCC(CC1)N2C=C(N=N2)CNC3=CC4=C(C(=CN=C4C(=C3)Cl)C#N)NC5=CC(=C(C=C5)F)Cl,1,,,,,,,,,,,,
,,,,,,CCCCC(CC)COC(=O)CCCCC(=O)OCC(CC)CCCC,1,,CCN1CCN(CC1)C(=O)CC2=CC=C(C=C2)NC3=NC=C(C(=N3)NC4=CC=C(C=C4)C(=O)NC5=CC=CC=C5Cl)F,1,,,,,,,,,,,,
,,,,,,CC1=C(SC=N1)CCO,0,,CCN1CCN(CC1)CC2=C(C=C(C=C2)NC(=O)C3=CC(=C(C=C3)C)OC4=C5C=CNC5=NC=C4)C(F)(F)F,1,,,,,,,,,,,,
,,,,,,C(CO)N1C(=O)N(C(=O)N(C1=O)CCO)CCO,0,,CCNC(=O)N1CCN(CC1)C(=O)C2=CN=C3C=C(C=CC3=C2N4CCC(CC4)(C)C#N)OC,1,,,,,,,,,,,,
,,,,,,C1CN(CCN1CCC2=CC(=O)N(C3=C2C=CC(=C3)F)CC(=O)N)C4=NC=CC5=C4C=CS5,1,,CCNC(=O)NC1=NC=C(S1)C2=CC(=NC(=N2)C3=NC=CN=C3)C4=C(C=C(C=C4C)OC)C,1,,,,,,,,,,,,
,,,,,,CNC(=O)CSP(=S)(OC)OC,1,,CCNCC1=NC2=C(N1CC(C)(C)O)C3=CC=CC=C3N=C2N,0,,,,,,,,,,,,
,,,,,,CCCN(CCCl)C1=C(C=C(C=C1[N+](=O)[O-])C(F)(F)F)[N+](=O)[O-],1,,CCO[C@H]1[C@H](CC(=O)O1)NC(=O)[C@@H]2CCCN2C(=O)[C@H](C(C)(C)C)NC(=O)C3=CC(=C(C=C3)N)Cl,1,,,,,,,,,,,,
,,,,,,C1=CC(=NC(=C1Cl)C(=O)O)Cl,0,,CCOC(=O)/C=C/[C@H](C[C@@H]1CCNC1=O)NC(=O)[C@H](CC2=CC=C(C=C2)F)CC(=O)[C@H](C(C)C)NC(=O)C3=NOC(=C3)C,1,,,,,,,,,,,,
,,,,,,C1=CC=C2C(=C1)C(=O)N(N=N2)CCl,1,,CCOC(=O)C1=C(OC2=C(C1C(C#N)C(=O)OCC)C=C(C=C2)Br)N,1,,,,,,,,,,,,
,,,,,,CC1=CC=CC=C1OP(=O)(OC2=CC=CC=C2C)OC3=CC=CC=C3C,1,,CCOC(=O)C1=C(SC2=C1CCN(C2)C(C)C)NC(=O)C3=CC=C(C=C3)S(=O)(=O)N(C)C4CCCCC4,1,,,,,,,,,,,,
,,,,,,CC1=CC=CC=C1S(=O)(=O)N,0,,CCOC(=O)C1=C2CN(C(=O)C3=C(N2C=N1)C=CC(=C3)F)C,0,,,,,,,,,,,,
,,,,,,CCCC(=O)OCCC(C)C,0,,CCOC(=O)C1=CC=C(C=C1)NC2=NC3=NON=C3N=C2NC4=CC=CC(=C4C)C,0,,,,,,,,,,,,
,,,,,,CC1=C(C(=NO1)C2=CC=CC=C2)C3=CC=C(C=C3)S(=O)(=O)N,1,,CCOC(=O)C1=CSC(=N1)N2C(=C(C(=N2)C3=CC(=C(C=C3)F)F)CC4=CC=C(C=C4)S(=O)(=O)N)N,0,,,,,,,,,,,,
,,,,,,C[C@H]1C[C@H]2[C@@H]3CC[C@@H]([C@]3(C[C@@H]([C@@H]2[C@@]4(C1=CC(=O)CC4)C)O)C)C(=O)C,1,,CC[C@@H]1C[C@@H](C2=C(N1C(=O)OCC)C=CC(=C2)C(F)(F)F)N(CC3=CC(=CC(=C3)C(F)(F)F)C(F)(F)F)C(=O)OC,1,,,,,,,,,,,,
,,,,,,C1=CC=C(C=C1)P(C2=CC=CC=C2)C3=CC=CC=C3,1,,CCOC(=O)N1CCC2=C(C1)SC3=C2C(=O)N(C(=O)N3CC(=O)NC4=CC=CC(=C4)C)CC5=CC=CC=C5,1,,,,,,,,,,,,
,,,,,,C1=CC2=C(C(=C1)Cl)N=C(S2)N,0,,CCOC(C1=CC=CC=C1)(C2=CC=CC=C2)C(=O)N(C)CCN(C)CCC3=CC=CC=C3,1,,,,,,,,,,,,
,,,,,,CCCC[Sn](CCCC)(OC(=O)C)OC(=O)C,0,,CCOC1=CC=CC=C1NC(=O)CN2C3=CC=CC=C3C(=O)N(C2=O)CCC(=O)NCC4=CC5=C(C=C4)OCO5,1,,,,,,,,,,,,
,,,,,,CC(C)(C)C1=CC=C(C=C1)OC2CCCCC2O,1,,CCOC1=CC=C(C=C1)C(C2=CC(=C3C=CC=NC3=C2O)Cl)NC(=O)C4=CC(=C(C(=C4)OC)OC)OC,0,,,,,,,,,,,,
,,,,,,CC(COC1=CC=CC=C1)N(CCCl)CC2=CC=CC=C2.Cl,1,,CCOCC1=NC2=C(N1CC(C)(C)O)C3=CC=CC=C3N=C2N,0,,,,,,,,,,,,
,,,,,,B(OCC)(OCC)OCC,0,,C1CNCCC1C2=CN3C(=NC=C3C(=O)NC4=CC=CC=C4Cl)C=C2,0,,,,,,,,,,,,
,,,,,,C(COCCOCCN)N,0,,C1CN2CCC1[C@@H](C2)NC3=C(C(=O)NC4=C3C=C(C=C4)Cl)C5=NC6=CC=CC=C6N5,0,,,,,,,,,,,,
,,,,,,C1=CC=C(C(=C1)C(C2=CC=C(C=C2)Cl)C(Cl)Cl)Cl,1,,C1=CC(=C(C=C1Cl)Cl)COC(CN2C=CN=C2)C3=C(C=C(C=C3)Cl)Cl,1,,,,,,,,,,,,
,,,,,,CC(=C)C(=O)OCCOCCOCCOC(=O)C(=C)C,1,,C1=CC=C(C=C1)CCNC(=O)CC2C(=O)N3C(=N2)C4=CC=CC=C4N=C3SCC5=CC=C(C=C5)Cl,1,,,,,,,,,,,,
,,,,,,CC(C)(C)CC(C)(C)C1=CC(=C(C=C1)O)N2N=C3C=CC=CC3=N2,1,,C1C[C@H](NC1)C2=NC3=C(C(=O)N2)OC4=C3C=C(C=C4)Cl,0,,,,,,,,,,,,
,,,,,,CCCCC(CC)COC(=O)/C=C/C1=CC=C(C=C1)OC,1,,C1OC2=C(O1)C=C(C=C2)CNC(=O)CCCCCN3C(=O)C4=C(C=CS4)N(C3=O)CC(=O)NC5=CC(=CC=C5)Cl,1,,,,,,,,,,,,
,,,,,,CCN(CC)CCNC(=O)C1=C(C=CC(=C1)S(=O)(=O)C)OC.Cl,0,,C1CN(CCN1CCCCNC(=O)C2=CC3=CC=CC=C3S2)C4=C(C(=CC=C4)Cl)Cl,1,,,,,,,,,,,,
,,,,,,C1=CC(=C(C=C1F)F)C(CN2C=NC=N2)(CN3C=NC=N3)O,1,,CN(C)C1(CCC2(CC1)C3=C(CCO2)C4=C(N3)C=CC(=C4)F)C5=CC=CC=C5,0,,,,,,,,,,,,
,,,,,,CC(C)C(CC(C)N(C)C)(C#N)C1=CC=CC=C1,0,,CN(C)[C@H]1[C@@H]2[C@H]([C@@H]3C(=C)C4=C(C=CC(=C4C(=C3C(=O)[C@]2(C(=C(C1=O)C(=O)N)O)O)O)O)Cl)O.C1=CC(=C(C=C1S(=O)(=O)O)C(=O)O)O,0,,,,,,,,,,,,
,,,,,,CC1=C(C2=C(N1C(=O)C3=CC=C(C=C3)Cl)C=CC(=C2)OC)CC(=O)O,1,,C[C@@]1(C2C[C@H]3[C@@H](C(=O)C(C(=O)[C@]3(C(=O)C2C(=O)C4=C(C=CC(=C41)Cl)O)O)C(=O)N)N(C)C)O,0,,,,,,,,,,,,
,,,,,,C1=CC(=CC=C1N)S(=O)(=O)C2=CC=C(C=C2)N,0,,CC1=C(C=C(C=C1)NC(=O)C2=CC(=C(C=C2)CN3CC[C@@H](C3)N(C)C)C(F)(F)F)NC4=NC=CC(=N4)C5=CN=CN=C5,1,,,,,,,,,,,,
,,,,,,C1CC(C1)(C2=CC=C(C=C2)C3=C(C=C4C(=N3)C=CN5C4=NNC5=O)C6=CC=CC=C6)N,0,,CN(C)S(=O)(=O)N1C=C(C2=CC=CC=C21)/C=C(/C(=O)NCCCN3C=CN=C3)\NC(=O)C4=CC=CC=C4,1,,,,,,,,,,,,
,,,,,,CCOC(=O)N1CCC(=O)CC1,0,,CN(C)S(=O)(=O)C1=CC=C(C=C1)S(=O)(=O)N(C[C@@H]2CCCO2)CC3=CC=CC=C3Cl,1,,,,,,,,,,,,
,,,,,,C1=CC(=C(C=C1F)F)C(CN2C=NC=N2)(CN3C=NC=N3)O,1,,CN(C)[S+](=O)(C1=CC=C(C=C1)[S+](=O)(N(CC2=CC=CC=C2)CC3=CC=CC=N3)[O-])[O-],0,,,,,,,,,,,,
,,,,,,CN(C)C1=CC=C(C=C1)CC2=CC=C(C=C2)N(C)C,1,,CN(C)[S+](=O)(C1=CC=C(C=C1)[S+](=O)(N(CC2=CC=CC=C2Cl)CC3=CC=CS3)[O-])[O-],1,,,,,,,,,,,,
,,,,,,C[C@]12CC[C@H]3[C@H]([C@@H]1CC[C@@H]2O)CCC4=C3C=CC(=C4)O,0,,CC1=C(C(=CC=C1)N2CCN(CC2)C(=O)C3=C(C=CC(=C3)S(=O)(=O)N(C)C)N4CCCC4)C,1,,,,,,,,,,,,
,,,,,,C1=CC(=CC=C1SC2=CC(=C(C=C2Cl)Cl)Cl)Cl,0,,CN(C)C(=O)C(CCN1CCC(CC1)(C2=CC=C(C=C2)Cl)O)(C3=CC=CC=C3)C4=CC=CC=C4,0,,,,,,,,,,,,
,,,,,,CCOCC(=O)O,0,,CN(C)C(=O)NC1CCC(CC1)CCN2CCN(CC2)C3=C(C(=CC=C3)Cl)Cl,0,,,,,,,,,,,,
,,,,,,C1=CC(=CC=C1OC2=C(C=C(C=N2)Cl)Cl)OC3=C(C=C(C=N3)Cl)Cl,0,,CN1C(=O)C=C2C(=C1C3=CC(=CC=C3)N(C)C)C(=O)N(N2)C4=CC=CC=C4Cl,1,,,,,,,,,,,,
,,,,,,C1=CC=C2C=C3C4=CC=CC=C4C5=CC=CC=C5C3=CC2=C1,0,,CC1=C(C=C(C=C1)NC(=O)C2=CC(=CC=C2)N(C)C)NC(=O)C3=CC=C(C=C3)O,1,,,,,,,,,,,,
,,,,,,CC1([C@@H](N2[C@H](S1)[C@@H](C2=O)N=CN3CCCCCC3)C(=O)O)C,0,,CN(C)C1=NC(=NC2=CC=CC=C21)NC3CCC(CC3)NC(=O)C4=CC(=C(C=C4)F)F,0,,,,,,,,,,,,
,,,,,,[B-](F)(F)(F)F.[Na+],0,,CN(C)C1CCN(CC1)C(=O)C2=CC=C(C=C2)NC(=O)NC3=CC=C(C=C3)C4=NC(=NC(=N4)N5CCOCC5)N6CCOCC6,0,,,,,,,,,,,,
,,,,,,CC[C@H](C)COC(=O)/C=C/C1=CC=C(C=C1)N=CC2=CC=C(C=C2)OC,1,,CN(C)CCC[C@@]1(C2=C(CO1)C=C(C=C2)C#N)C3=CC=C(C=C3)F,0,,,,,,,,,,,,
,,,,,,C1=CC2=C(C=CC(=C2)SSC3=CC4=C(C=C3)C=C(C=C4)O)C=C1O,1,,CN1C=C(C=N1)C2=CC3=C(C=CC4=C(C3=O)C=C(C=C4)NS(=O)(=O)N(C)C[C@@H]5COCCO5)N=C2,1,,,,,,,,,,,,
,,,,,,COC1=CC=CC=C1N2CCN(CC2)CC(COC3=CC=CC4=CC=CC=C43)O,0,,CN(CC[C@H](C1=CC=C(C=C1)F)OC2=CC=C(C=C2)C3=CC=CC=C3)CC(=O)O,0,,,,,,,,,,,,
,,,,,,CCCCCCCCCCCC[N+](C)(C)CCOC1=CC=CC=C1.[Br-],1,,CC1=NC2=C(C=C(C=C2)CN(C)C3=CC=C(S3)C(=O)N[C@@H](CCC(=O)O)C(=O)O)C(=O)N1,0,,,,,,,,,,,,
,,,,,,C1=CC=C(C=C1)C2=CC(=O)C3=C(C=C(C=C3O2)O)O,1,,C[C@@H](C(=O)N[C@@H](C1CCCCC1)C(=O)N2CCC[C@H]2C3=NC(=CS3)C(=O)C4=CC=C(C=C4)F)NC,1,,,,,,,,,,,,
,,,,,,C1=C(C=C(C(=C1I)OC2=CC(=C(C(=C2)I)O)I)I)C[C@@H](C(=O)O)N,1,,C[C@H]([C@@H]1CC[C@H]([C@H](O1)O[C@@H]2[C@H](C[C@H]([C@@H]([C@H]2O)O[C@@H]3[C@@H]([C@H]([C@@](CO3)(C)O)NC)O)N)N)N)NC,0,,,,,,,,,,,,
,,,,,,C1=CC(=CN=C1)CNC(=O)NC2=CC=C(C=C2)[N+](=O)[O-],1,,CN1C(=O)C(=C(N=C1NC[C@H](CC2=CC=CC=C2)N)C3=CC=NC=C3)C4=CC5=CC=CC=C5C=C4,1,,,,,,,,,,,,
,,,,,,CCC(C)SP(=O)(N1CCSC1=O)OCC,1,,CN1C(=C(C2=CC=CC=C2S1(=O)=O)O)C(=O)NC3=CC=CC=N3,0,,,,,,,,,,,,
,,,,,,C1CCC(CC1)O,0,,CC1=CN=C(S1)NC(=O)C2=C(C3=CC=CC=C3S(=O)(=O)N2C)O,1,,,,,,,,,,,,
,,,,,,C1=CC=C2C(=C1)NC=N2,0,,CC1=C(C=C(C=C1)NC(=O)C2=CC(=CC=C2)C(C)(C)C#N)NC3=CC4=C(C=C3)N=CN(C4=O)C,1,,,,,,,,,,,,
,,,,,,CC(C)N1C2=NC=NC(=C2C(=N1)C3=CC4=C(N3)C=CC(=C4)O)N,1,,CN1C2=NC=NC3=C2C(=CN3[C@H]4[C@@H]([C@@H]([C@H](O4)COP(=O)(O)O)O)O)C(=N1)N,0,,,,,,,,,,,,
,,,,,,CCCCCCCCCCCCN1CCCC1=O,1,,CN1C2=C(C(=O)N(C1=O)C)N(C(=N2)CN3CCN(CC3)C(=O)C4CC4)CC5=CC=CC=C5Cl,0,,,,,,,,,,,,
,,,,,,CCCCC(CC)COC(=O)C1=CC(=C(C=C1)C(=O)OCC(CC)CCCC)C(=O)OCC(CC)CCCC,0,,CN1C2=C(C(=O)N(C1=O)C)N(C(=N2)CN3CCN(CC3)C(=O)C4CC4)CC5=CC(=CC=C5)F,0,,,,,,,,,,,,
,,,,,,C(C(C(=O)O)S(=O)(=O)O)C(=O)O,0,,CC(C)(C)CCN1C2=C(N=C1OC3CCN(CC3)C(=O)C4CC4)N(C(=O)N(C2=O)C)C,0,,,,,,,,,,,,
,,,,,,CC(C)N(C1=CC=C(C=C1)F)C(=O)COC2=NN=C(S2)C(F)(F)F,1,,CN1C2=C(C=C(C=C2)NC(=O)C3=CC=CC=C3)C(=O)N4C1=CC(=N4)C(=O)O,0,,,,,,,,,,,,
,,,,,,C/C=C/C(=O)OC1=C(C=C(C=C1[N+](=O)[O-])[N+](=O)[O-])CCCCCC(C)C,1,,CC1=CN=C(C=N1)CNC(=O)C2=C3N(C4=CC=CC=C4S3)C5=C(C2=O)C=CC(=N5)N6CCCN(CC6)C,0,,,,,,,,,,,,
,,,,,,CC(C1=CC=C(C=C1)O)C2=CC=C(C=C2)O,1,,CN1CCN(CC1)S(=O)(=O)C2=CC=C(C=C2)C3=CN=C(C(=N3)C(=O)NC4=CN=CC=C4)N,1,,,,,,,,,,,,
,,,,,,C=CC(=O)OCCN1C(=O)N(C(=O)N(C1=O)CCOC(=O)C=C)CCOC(=O)C=C,1,,CC1=CN=C(N=C1NC2=CC(=CC=C2)S(=O)(=O)NC(C)(C)C)NC3=CC=C(C=C3)N4CCN(CC4)C,1,,,,,,,,,,,,
,,,,,,C(#N)[S-].[Na+],0,,CC1=C(C=C(C=C1)NC(=O)C2=CC=C(C=C2)CN3CCN(CC3)C)NC4=NC=CC(=N4)C5=CN=CC=C5,1,,,,,,,,,,,,
,,,,,,CCNC(=O)[C@@H]1CCCN1C(=O)[C@H](CCCN=C(N)N)NC(=O)[C@H](CC(C)C)NC(=O)CNC(=O)[C@H](CC2=CC=C(C=C2)O)NC(=O)[C@H](CO)NC(=O)[C@H](CC3=CNC4=CC=CC=C43)NC(=O)[C@H](CC5=CN=CN5)NC(=O)[C@@H]6CCC(=O)N6,0,,CC1=CC(=O)N(N1C)C2=CC=CC=C2,0,,,,,,,,,,,,
,,,,,,CN1C(=CC(=O)N(C1=O)C)NCCCN2CCN(CC2)C3=CC=CC=C3OC.Cl,0,,CNC(=O)C1=C(C=C(C=C1)C2=NN3C(=CN=C3N=C2)CC4=CC5=C(C=C4)N=CC=C5)F,1,,,,,,,,,,,,
,,,,,,CCCCC[C@@H](/C=C/[C@H]1[C@@H](CC(=O)[C@@H]1C/C=C\CCCC(=O)O)O)O,0,,CNC(=O)C1=NC=CC(=C1)OC2=CC3=C(C=C2)N=C(S3)N[C@@H]4CCCC[C@H]4O,0,,,,,,,,,,,,
,,,,,,CC(C)(C)C(CCC1=CC=C(C=C1)Cl)(CN2C=NC=N2)O,1,,CC1=NC(=NC(=N1)N[C@H]2CCC[C@H](C2)C(=O)NCC3=C(C=C(C=C3)C#N)C(F)(F)F)NC,1,,,,,,,,,,,,
,,,,,,[Cl-].[Cl-].[Pd+2],1,,CNC1=NC(=NC=C1C(F)(F)F)NC2=C(N(N=C2)[C@H]3CCN(C[C@@H]3F)C4COC4)Cl,0,,,,,,,,,,,,
,,,,,,CC(C)(C1=CC(=C(C=C1)O)C2=CC=CC=C2)C3=CC(=C(C=C3)O)C4=CC=CC=C4,1,,CC1=C(C=C(C=C1)CNC)NC(=O)C2=CC=C(C=C2)NC3=NC4=CC=CC=C4C(=N3)C5=CC=CC=C5,1,,,,,,,,,,,,
,,,,,,C1COCCN1SC2=NC3=CC=CC=C3S2,1,,CNCCC=C1C2=CC=CC=C2CCC3=CC=CC=C31,1,,,,,,,,,,,,
,,,,,,CCC(=O)/C=C/C1=CC=C(C=C1)OC,1,,CC(C)[C@@]1(CC[C@H](C1)N[C@H]2CCOC[C@H]2OC)C(=O)N3CCC4=C(C3)C=C(C=N4)C(F)(F)F,0,,,,,,,,,,,,
,,,,,,CCCCCCCCCCC,1,,COS(=O)(=O)N[C@H]1C[C@H]([C@@H]([C@@H]1O)O)NC2=CC=NC3=CC(=NN23)C4=CC(=CC=C4)SC(F)(F)F,1,,,,,,,,,,,,
,,,,,,CC(C)Br,1,,C[N+]1(CCCC1)CC2=C(N3[C@@H]([C@@H](C3=O)NC(=O)/C(=N\OC)/C4=CSC(=N4)N)SC2)C(=O)O,0,,,,,,,,,,,,
,,,,,,C1CSSC1CCCCC(=O)N,0,,CN1CCN(CC1)CC(=O)N(C)C2=CC=C(C=C2)N=C(C3=CC=CC=C3)C4=C(NC5=C4C=CC(=C5)C(=O)OC)O,0,,,,,,,,,,,,
,,,,,,CCNC1=CC2=C(C=C1C)C(=C3C=C(C(=[NH+]CC)C=C3O2)C)C4=CC=CC=C4C(=O)OCC.[Cl-],1,,CC1=C(C(N=C(N1)NC2=NC3=CC=CC=C3O2)C4=CC=CC=C4Cl)C(=O)NC5=CC=C(C=C5)CC(=O)OC,1,,,,,,,,,,,,
,,,,,,C1COC(C(O1)O)O,0,,CC1=C(C2=CC3=NC(=CC4=C(C(=C(N4)C=C5[C@@]6([C@@H](C(=CC=C6C(=N5)C=C1N2)C(=O)OC)C(=O)OC)C)C)CCC(=O)OC)C(=C3C)CCC(=O)O)C=C,1,,,,,,,,,,,,
,,,,,,CCCCCC(C)N.CCCCCC(C)N.OS(=O)(=O)O,0,,CN(C1=C(N=C(N=C1N)C2=NN(C3=C2C=CC=N3)CC4=CC=CC=C4F)N)C(=O)OC,0,,,,,,,,,,,,
,,,,,,CN(CCCl)CCCl.Cl,0,,CC1=NC=C(C=C1)NC(=O)NC2=CC=CC(=C2F)CN3CCN(CC3)C(=O)OC,0,,,,,,,,,,,,
,,,,,,CC1=CC=CC=C1N.Cl,1,,CC1=NC=C(S1)C(=O)N[C@@H](COC)C(=O)N[C@@H](COC)C(=O)N[C@@H](CC2=CC=CC=C2)C(=O)[C@]3(CO3)C,1,,,,,,,,,,,,
,,,,,,C1=C(C=C(C(=C1I)O)I)I,1,,CC1=CC(=C(C=C1)C(=O)N2CCC3=C(C(=CC(=O)N3CC2)OC)C(=O)NCC4=CC5=C(C=C4)OCO5)C,1,,,,,,,,,,,,
,,,,,,CN(C)C(=S)[S-].CN(C)C(=S)[S-].[Cu+2],1,,COC1=C(C=C(C=C1)Cl)C(=O)NCCC2=CC=C(C=C2)S(=O)(=O)NC(=O)NC3CCCCC3,1,,,,,,,,,,,,
,,,,,,CCOC1C(C2=C(O1)C=CC(=C2)OS(=O)(=O)C)(C)C,1,,COC1=C(C=C(C=C1)CCNC(=O)CSC2=NC3=CC=CC=C3C4=NC(C(=O)N42)CCC(=O)NCC5=CC=CC=C5OC)OC,1,,,,,,,,,,,,
,,,,,,COC1=CC(=C(C=C1)OC)N=NC2=C(C=CC3=CC=CC=C32)O,1,,COC1=C(C=C2C(=C1)N=CN=C2NC3=CC(=C(C=C3)F)Cl)NC(=O)/C=C/CN4CCCCC4,1,,,,,,,,,,,,
,,,,,,CC1=CC(=C(C=C1)S(=O)(=O)[O-])C.[Na+],0,,CC(C)(C)C1=CC=C(C=C1)C2=C(C(=O)NC(=N2)SCC(=O)NC3=CC=CC=C3OC)C#N,1,,,,,,,,,,,,
,,,,,,C1CCC2=C(C1)C(=C3CCCC3=N2)N.O.Cl,0,,COC1=CC=CC=C1NC(=O)CSC2=C(N=C(O2)C3=CC=CS3)S(=O)(=O)C4=CC=C(C=C4)Br,1,,,,,,,,,,,,
,,,,,,CCCCOC(=O)[C@@H](C)OC1=CC=C(C=C1)OC2=C(C=C(C=C2)C#N)F,1,,COC1=C(C=CC(=C1)NC2CN(C2)CCF)NC3=NC=C(C(=N3)NC4=CC(=CC=C4)NC(=O)C=C)C(F)(F)F,1,,,,,,,,,,,,
,,,,,,CC(C)C(=O)OC/C=C/C1=CC=CC=C1,1,,CN1C=C(C2=CC=CC=C21)C3=NC(=NC=C3)NC4=C(C=C(C(=C4)NC(=O)C=C)N(C)CCN(C)C)OC,1,,,,,,,,,,,,
,,,,,,CCCCN(CCCC)CCCOC(=O)C1=CC=C(C=C1)N,0,,CC1=C(C=C(C=N1)C2=CC=C(C=C2)N3CCNCC3)C4=CC(=C(C(=C4)OC)OC)OC,0,,,,,,,,,,,,
,,,,,,CCCCCCN1C(=O)C2=C(N=CN2C)N(C1=O)C,0,,CC1(C(=O)N(C2=C(O1)C=CC(=N2)NC3=NC(=NC=C3F)NC4=CC(=C(C(=C4)OC)OC)OC)COP(=O)(O)O)C,0,,,,,,,,,,,,
,,,,,,CC(C)CC(C)(C)C,1,,CC(C)C(CCCN(C)CCC1=CC(=C(C=C1)OC)OC)(C#N)C2=CC(=C(C=C2)OC)OC,1,,,,,,,,,,,,
,,,,,,C1=CC=C(C=C1)CCNC2=CC=CC=C2C(=O)O,1,,CC1=CC=C(C=C1)[S+](=O)(N(CC2=CC(=C(C=C2)OC)OC)C3CCCCC3)[O-],1,,,,,,,,,,,,
,,,,,,C1=CC(=CC=C1O)S(=O)(=O)[O-].[Na+],0,,CC1=CC(=NO1)NC(=O)NC2=C(C=C(C=C2)OC3=C4C=C(C(=CC4=NC=C3)OC)OC)Cl,1,,,,,,,,,,,,
,,,,,,C1=CC=C2C(=C1)C(=NN=C2NN)NN,1,,COC1=C(C=C2C(=C1)N=CN=C2NC3=CC=CC(=C3)C#C)OCCCCCCC(=O)NO,1,,,,,,,,,,,,
,,,,,,CC1(C(=O)N(C(=O)O1)NC2=CC=CC=C2)C3=CC=C(C=C3)OC4=CC=CC=C4,1,,COC1=CC=CC2=C1N=C(N=C2NCC3=CC=CC=C3)N4C5=CC=CC=C5N=C4N,1,,,,,,,,,,,,
,,,,,,C1=CC(=CC=C1C(=N)N)OCCCCCOC2=CC=C(C=C2)C(=N)N.C(CS(=O)(=O)O)O.C(CS(=O)(=O)O)O,0,,CC1=CC(=C(C=C1Cl)OC)NC(=O)CSC2=NC=C(C(=O)N2)S(=O)(=O)C3=CC=C(C=C3)C(C)(C)C,1,,,,,,,,,,,,
,,,,,,C1=CC=C(C=C1)[C@H](CNCCOC2=CC=C(C=C2)CC(=O)O)O.Cl,0,,CC1=CC=C(C=C1)N2C(=C3C(=NN(C(=O)C3=N2)CC(=O)NCCC4=C(C=C(C=C4)OC)OC)C)C,1,,,,,,,,,,,,
,,,,,,CCCCOC(=O)C1=CC=C(C=C1)N,1,,COC1=CC(=C(C=C1)OC)C2C(=C(OC3=NNC(=C23)C4=CC5=CC=CC=C5C=C4)N)C#N,1,,,,,,,,,,,,
,,,,,,CC1CCC2=C3N1C=C(C(=O)C3=CC(=C2)F)C(=O)O,0,,CC1=CC(=CC(=C1OCCO)C)C2=NC3=C(C(=CC(=C3)OC)OC)C(=O)N2,1,,,,,,,,,,,,
,,,,,,C1CCN(CC1)C(=S)SSC(=S)N2CCCCC2,1,,COC1=CC=CC=C1CC2=NC3=CC=CC=C3N=C2SCC(=O)NC4=CC(=CC(=C4)OC)OC,1,,,,,,,,,,,,
,,,,,,CCCCCCCCCCCCN.Cl,1,,COC1=C(C=CC(=C1)CN(CCN)C(=O)C2=CC=CS2)OCC3=CC=CC=C3,1,,,,,,,,,,,,
,,,,,,CCCC[Sn](CCCC)(CCCC)Cl,1,,CN(C)C1=NC=NC2=C1N=CN2[C@H]3[C@@H]([C@@H]([C@H](O3)CO)NC(=O)[C@H](CC4=CC=C(C=C4)OC)N)O,1,,,,,,,,,,,,
,,,,,,C1CC1CONC(=O)C2=C(C(=C(C=C2)F)F)NC3=C(C=C(C=C3)I)Cl,1,,CC(=O)O[C@@H]1[C@@H](SC2=CC=CC=C2N(C1=O)CCN(C)C)C3=CC=C(C=C3)OC,1,,,,,,,,,,,,
,,,,,,CC(COC(=O)C(=C)C)O,0,,COC1=CC=C(C=C1)N2C3=C(CCN(C3=O)C4=CC=C(C=C4)N5CCCCC5=O)C(=N2)C(=O)N,0,,,,,,,,,,,,
,,,,,,CCCCCCCCCCCC(=O)C,0,,CC1=CC=C(C=C1)CNC(=O)C2CCCN(C2)C3=NN=C(C4=C(N(N=C43)C5=CC=C(C=C5)OC)C)C,1,,,,,,,,,,,,
,,,,,,CN(C)C,0,,CC1=CC=CC=C1CNC(=O)C2CCCN(C2)C3=NN=C(C4=C(N(N=C43)C5=CC=C(C=C5)OC)C)C,1,,,,,,,,,,,,
,,,,,,CC(=C)C#N,0,,COC1=CC=C(C=C1)S(=O)(=O)NC2=C(N=CC=C2)NC3=CC=C(C=C3)O,1,,,,,,,,,,,,
,,,,,,CC(C)(C1=CC(=C(C(=C1)Br)O)Br)C2=CC(=C(C(=C2)Br)O)Br,1,,CC1=C(C(=O)NN1)C(C2=CC(=C(C=C2)OC(=O)C3=CC=C(C=C3)OC)OC)C4=C(NNC4=O)C,0,,,,,,,,,,,,
,,,,,,C1=CC(=CC=C1CC2=CC=C(C=C2)N)N,1,,COC1=CC=C(C=C1)C2=CN3C(=C(C=N3)C4=C5C=CC=NC5=CC=C4)N=C2,1,,,,,,,,,,,,
,,,,,,CCCCCCCCCCCCCCCCCCCl,0,,COC1=C(C=C(C=C1)S(=O)(=O)NC2=NC(=CS2)C3=CC(=CC=C3)[N+](=O)[O-])OC,1,,,,,,,,,,,,
,,,,,,C(=C/C(=O)O)\C(=O)O,0,,COC1=C(C=C(C=C1)C2(CCC(CC2)C(=O)O)C#N)OC3CCCC3,0,,,,,,,,,,,,
,,,,,,C1=CC=C(C(=C1)C(=O)O)OP(=O)(O)O,0,,COC1=NC=C(C=C1)C2(CCC(CC2)N3CC[C@H](C3)NC(=O)CNC(=O)C4=CC(=CC=C4)C(F)(F)F)O,1,,,,,,,,,,,,
,,,,,,CC(COCCO)OCCO,0,,CC1=C2C=C(C(=O)N(C2=NC(=N1)N)C3CCC(CC3)OCCO)C4=CN=C(C=C4)OC,0,,,,,,,,,,,,
,,,,,,CCN(CC)C(=O)C1=CC=CC(=C1)C,0,,COC1=CC=C(C=C1)CC(=O)NCC(C2=CC=CS2)S(=O)(=O)C3=CC=C(C=C3)Cl,1,,,,,,,,,,,,
,,,,,,C1=CC=C(C(=C1)C2=NN=C(N=N2)C3=CC=CC=C3Cl)Cl,0,,COC1=C(C=C(C=C1)CCC(=O)NC2=NC3=C(S2)C=C(C=C3)Cl)OC,1,,,,,,,,,,,,
,,,,,,C1=CC(=CC=C1C2=CSC(=N2)NN)N,1,,CN1CCC(CC1)COC2=C(C=C3C(=C2)N=CN=C3NC4=C(C=CC(=C4)OC)Cl)OC,0,,,,,,,,,,,,
,,,,,,CC1=CC=C(C=C1)NC(=O)N,0,,COC1=C(C=C(C=C1)CN(C2CCCCC2)[S+](=O)(C)[O-])OC,1,,,,,,,,,,,,
,,,,,,CC(C)(C1=NC2=NC=C(N2N=C1)C3=CC(=C(C=C3)F)C4=C(C=CC=C4F)C#N)O,1,,CN(C)CCN(CC1=CC=C(C=C1)OC)C2=CC=CC=N2,0,,,,,,,,,,,,
,,,,,,C1=CC=C2C=C(C=CC2=C1)O,0,,CC1=C(C=C(C=C1)NC(=O)CSC2=NC3=CC=CC=C3N2CC(=O)NCC4=CC=C(C=C4)OC)C,1,,,,,,,,,,,,
,,,,,,CCCCNS(=O)(=O)C1=CC=CC=C1,1,,COC1=CC=C(C=C1)CNC(=O)NC2=NC=C(S2)[N+](=O)[O-],1,,,,,,,,,,,,
,,,,,,CCC(=O)C1=C(C=C(C=C1O)O)O,1,,CC(C)N1C=NC2=C(N=C(N=C21)N(CCO)CCO)NCC3=CC=C(C=C3)OC,1,,,,,,,,,,,,
,,,,,,C[C@H]1C[C@H](CC(C1)(C)C)O,0,,CC1=C(C(=CC=C1)C)OC(=O)N(C2=C(C=C(C=C2)OC)OC)C3=NC(=NC=C3)NC4=CC=C(C=C4)N5CCN(CC5)C,1,,,,,,,,,,,,
,,,,,,CC(C)CCCCCOC(=O)C1=CC=CC=C1C(=O)OCCCCCC(C)C,1,,COC1=NN=C(C=C1)NS(=O)(=O)C2=CC=C(C=C2)N,0,,,,,,,,,,,,
,,,,,,CCOC(=O)C1=CN=CC=C1,0,,CC1=CC=CC=C1CSC2=NN3C(C(=C(NC3=N2)C)C(=O)NC4=CC=C(C=C4)OC)C5=CC(=C(C(=C5)OC)O)OC,1,,,,,,,,,,,,
,,,,,,CC(C)[C@@H](C(=O)OCCOCN1C=NC2=C1N=C(NC2=O)N)N.Cl,0,,COC1=C(C=C(C=C1)NC(=O)C2=CN=CN2)S(=O)(=O)NC3=CC=C(C=C3)Br,1,,,,,,,,,,,,
,,,,,,CN(C)C1=CC=C(C=C1)C2(C3=C(C=C(C=C3)N(C)C)C(=O)O2)C4=CC=C(C=C4)N(C)C,1,,COC1=CC(=C(C=C1)NC(=O)CSC2=C(N=C(O2)C3=CC=CS3)S(=O)(=O)C4=CC=C(C=C4)Br)OC,1,,,,,,,,,,,,
,,,,,,C1CN(C(=O)N1)CCN,0,,CC1=C(C=C(C=C1)C2=NN=C(C3=CC=CC=C32)NC4=CC=C(C=C4)OC)S(=O)(=O)NCC5=NC6=CC=CC=C6N5,1,,,,,,,,,,,,
,,,,,,C1=CC=C(C=C1)C(CC2=CC(=C(C(=C2)I)O)I)C(=O)O,1,,C[C@]12CC[C@H]3[C@H]([C@@H]1CC[C@]2(C#C)O)CCC4=C3C=CC(=C4)OC,1,,,,,,,,,,,,
,,,,,,COP(=S)(OC)SCN1C(=O)C2=CC=CC=C2C1=O,1,,CC1=CN=C(C(=C1OC)C)CS(=O)C2=NC3=C(N2)C=CC(=N3)OC,1,,,,,,,,,,,,
,,,,,,CCCCC(CC)C=O,0,,COC1=CC2=C(C=C1)C=C(C=C2)OCC3(CN(C3)C(=O)C4=CC=C(C=C4)F)C(=O)O,0,,,,,,,,,,,,
,,,,,,C[C@H]1C[C@@H](C(=O)[C@@H](C1)[C@@H](CC2CC(=O)NC(=O)C2)O)C,0,,CC1=CC(=CC2=C(C(=CN=C12)C(=O)N)NC3=CC(=CC=C3)OC)S(=O)(=O)C4=CC=CC(=C4)C(=O)N(C)C,1,,,,,,,,,,,,
,,,,,,CN1CCC[C@H]1C2=CN=CC=C2,0,,COC1=CC=CC=C1OCCN2CC(OCC2=O)COC3=CC=CC4=C3C5=CC=CC=C5N4,1,,,,,,,,,,,,
,,,,,,C=C(CCl)Cl,0,,COC1=CC=CC2=C1NC(=C2)C3=C4C(=NC=NN4C(=N3)C5CCC(CC5)C(=O)O)N,0,,,,,,,,,,,,
,,,,,,C1=CC(=CC=C1CC2=CC=C(C=C2)N=C=O)N=C=O,1,,COC1=C(C(=NC=C1)CS(=O)C2=NC3=C(N2)C=C(C=C3)OC(F)F)OC,1,,,,,,,,,,,,
,,,,,,C1CN(CCN1CCCN2C3=CC=CC4=C3C(=CC=C4)S2(=O)=O)C5=CC=C(C=C5)F,0,,CN1C[C@H]2CC(C[C@H]2C1)COC3=C(C=C4C(=C3)N=CN=C4NC5=C(C(=C(C=C5)Cl)Cl)F)OC,0,,,,,,,,,,,,
,,,,,,CC(=O)CC(=O)NC1=CC=C(C=C1)OC,0,,COC1=C(C=C2C(=C1)N=CN=C2NC3=C(C(=C(C=C3)Cl)Cl)F)OC4CCN(CC4)C(=O)C=C,1,,,,,,,,,,,,
,,,,,,CCCN(CC1CC1)C2=C(C=C(C=C2[N+](=O)[O-])C(F)(F)F)[N+](=O)[O-],1,,COC1=C(C=C2CN(CCC2=C1)CCC3=CC=C(C=C3)NC(=O)C4=CC(=C(C=C4NC(=O)C5=CC6=CC=CC=C6N=C5)OC)OC)OC,0,,,,,,,,,,,,
,,,,,,C1=CC=C(C=C1)COC(=O)N[C@@H](CC(=O)O)C(=O)O,0,,CC(C)(C1=CC(=NO1)NC(=O)NC2=CC(=CC=C2)OC3=NC=NC4=CC(=C(C=C43)OC)OC)C(F)(F)F,1,,,,,,,,,,,,
,,,,,,CCCCC(=O)O[C@@]1([C@H](C[C@@H]2[C@@]1(C[C@@H]([C@]3([C@H]2CCC4=CC(=O)C=C[C@@]43C)F)O)C)C)C(=O)CO,1,,COC1=NC(=NC2=C1N=CN2[C@H]3[C@H]([C@@H]([C@H](O3)CO)O)O)N,0,,,,,,,,,,,,
,,,,,,CC(CC=O)C1=CC=CC=C1,1,,COC1CCN(CC1)C(=O)C2=C(C=CC(=C2)CC3=NNC(=O)C4=CC=CC=C43)F,1,,,,,,,,,,,,
,,,,,,CCCN(CCC)C1=C(C=C(C=C1[N+](=O)[O-])S(=O)(=O)N)[N+](=O)[O-],1,,COCCOC1=CC=C(C=C1)N2CCN(CC2)CCN3C4=C(C=N3)C5=NC(=NN5C(=N4)N)C6=CC=CO6,0,,,,,,,,,,,,
,,,,,,CC(C)CC(C)N,0,,COCCOC1=CC=C(C=C1)NC2=NC=C(C(=N2)NC3=CC(=CC=C3)NC(=O)C=C)F,1,,,,,,,,,,,,
,,,,,,CCCCC/C=C\C/C=C\C/C=C\C/C=C\CCCC(=O)NCC(=O)O,1,,COCCOC1=NC(=C2C(=N1)N(C(=O)N2)CC3=CC=C(C=C3)C(=O)O)N,0,,,,,,,,,,,,
,,,,,,CC1(C(=O)N(C(=O)N1)C2=CC(=C(C=C2)[N+](=O)[O-])C(F)(F)F)C,1,,CN1C2=NC(=NC=C2C=C(C1=O)C3=C(C=CC=C3Cl)Cl)NC4=CC(=CC=C4)SC,0,,,,,,,,,,,,
,,,,,,CC(C1CC1)C(CN2C=NC=N2)(C3=CC=C(C=C3)Cl)O,1,,C1=CC=C2C=C(C=CC2=C1)CCCCC(=O)C(F)(F)F,0,,,,,,,,,,,,
,,,,,,C[C@@]1([C@H]2C[C@H]3[C@@H](C(=O)C(=C([C@]3(C(=O)C2=C(C4=C1C=CC=C4O)O)O)O)C(=O)N)N(C)C)O,1,,C1CCC2=C(C1)C(=C(S2)NC(=O)C(F)(F)F)C(=O)NC3=CC(=CC=C3)Cl,1,,,,,,,,,,,,
,,,,,,CC1(CC(=O)CC(N1[O])(C)C)C,0,,C1CN([C@@H](C[C@H]1NC(=O)C2=CC=NC3=CC=CC=C23)CC4=CC=C(C=C4)Cl)C(=O)C5=CC(=CC(=C5)C(F)(F)F)C(F)(F)F,1,,,,,,,,,,,,
,,,,,,CC1CC(=O)NN=C1C2=CC=C(C=C2)NC(=NC)NC#N,0,,C1CN(CC2=C1C=C(C=C2)NC(=O)C3=CC=CC=C3C4=CC=C(C=C4)C(F)(F)F)CC5=NC=NN5,1,,,,,,,,,,,,
,,,,,,CCCCCCOC(=O)CCCCC,0,,C1CC1C(=O)NC2=NC=C(S2)C3=CC(=NN3C4=C(C=CC=C4Cl)Cl)C(F)F,1,,,,,,,,,,,,
,,,,,,CCOP(=S)(OCC)SCS(=O)(=O)C(C)(C)C,1,,C1OC2=C(O1)C=C(C=C2)NC(=O)CSC3=C(NC(=N3)C4=CC=C(C=C4)F)C5=CC=C(C=C5)F,1,,,,,,,,,,,,
,,,,,,CC1=CC(=CC=C1)O,0,,C1=CC(=CC=C1CNC2=NC=NC3=C2C=C(C=C3)F)F,1,,,,,,,,,,,,
,,,,,,C1=CC2=C3C(=C1)C=CC4=CC=CC(=C43)C=C2,1,,C1=CC=C(C=C1)COC2=C(C=C(C=C2)C3=CC(=NC=C3)F)C(=O)NC4=CN=CC=C4,1,,,,,,,,,,,,
,,,,,,CCCCOC(=O)[C@@H](C)OC1=CC=C(C=C1)OC2=NC=C(C=C2)C(F)(F)F,1,,C1=CC=C2C(=C1)C=CC=C2NC3=NN=C(S3)C4=CC=NC=C4,0,,,,,,,,,,,,
,,,,,,C1CCCN(CC1)CC2=CC=C(S2)C3=NC(=NO3)CCN4C(=O)C5=CC=CC=C5C4=O.C(=C/C(=O)O)\C(=O)O,1,,C1CCN(C[C@@H](C1)N)C2=C(C=C3C(=C2Cl)N(C=C(C3=O)C(=O)O)C4CC4)F,0,,,,,,,,,,,,
,,,,,,COC(=O)OC,0,,C1CC1C2=C(C(=NN2C3=NC(=CS3)C(=O)O)C4=CC=CC(=C4)C5=CC=CC=C5)CC6=CC=C(C=C6)S(=O)(=O)N,1,,,,,,,,,,,,
,,,,,,C[C@H](CCC(=O)[O-])[C@H]1CC[C@@H]2[C@@]1([C@H](C[C@H]3[C@H]2[C@@H](C[C@H]4[C@@]3(CC[C@H](C4)O)C)O)O)C.[Na+],0,,C1CC1CC2=C(C(=NN2C3=NC(=CS3)C(=O)O)C4=CC=CC(=C4)C5=CC=CC=C5)CC6=CC=C(C=C6)S(=O)(=O)N,1,,,,,,,,,,,,
,,,,,,CC(CC1=CC(=C(C=C1)O)O)C(C)CC2=CC(=C(C=C2)O)O,1,,C1CC2=CC=CC=C2[C@H]1NC3=C4C=CN(C4=NC=N3)[C@@H]5C[C@H]([C@H](C5)O)COS(=O)(=O)N,0,,,,,,,,,,,,
,,,,,,C/C(=N\NC(=O)NC1=CC(=CC(=C1)F)F)/C2=C(C=CC=N2)C(=O)[O-].[Na+],1,,C1=CC=C(C(=C1)/C(=C(\N)/SC2=CC=C(C=C2)N)/C#N)C(F)(F)F,1,,,,,,,,,,,,
,,,,,,COC(=O)C1=CC=C(C=C1)O,0,,C1CCN(C1)CCCCNC(=O)NC2=C(C(=NS2)OCC3=C(C=C(C=C3F)Br)F)C(=O)N,1,,,,,,,,,,,,
,,,,,,C1=C(C(=CC(=C1Cl)Cl)Cl)OCC(=O)O,1,,C1=CC=C(C(=C1)C(=O)N)NC2=NC(=NC=C2)NC3=CC(=CC=C3)O,1,,,,,,,,,,,,
,,,,,,C1=CC(=C(C(=C1C(=O)C2=CC(=C(C(=C2)O)O)O)O)O)O,0,,C1=CC=C2C(=C1)C=CC3=CC=CC=C3N2C(=O)N,0,,,,,,,,,,,,
,,,,,,CC(=CC1C(C1(C)C)C(=O)OCC2=CC(=CC=C2)OC3=CC=CC=C3)C,1,,C1CC(CNC1)NC(=O)C2=C(C=C(S2)C3=CC(=CC=C3)F)NC(=O)N,0,,,,,,,,,,,,
,,,,,,C1CCCCCC(CCCCC1)O,0,,C1=CN(C(=O)N=C1N)C2[C@H]([C@@H]([C@H](O2)CO)O)O,0,,,,,,,,,,,,
,,,,,,CCCCOCCOC(=O)C,0,,C1[C@H](O[C@H](S1)CO)N2C=C(C(=NC2=O)N)F,0,,,,,,,,,,,,
,,,,,,CC1=NC(=NC(=N1)OC)NC(=O)[N-]S(=O)(=O)C2=C(C=CC(=C2)I)C(=O)OC.[Na+],1,,C1=CC(=CC=C1C2=CNC=C(C2=O)C(=O)NC3=CC(=C(C=C3)OC4=C(C(=NC=C4)N)Cl)F)F,1,,,,,,,,,,,,
,,,,,,C(C(=O)N)I,1,,C1=CN=C(N=C1)NS(=O)(=O)C2=CC=C(C=C2)N,0,,,,,,,,,,,,
,,,,,,CCCC(C1=CC=CC=C1)(C2=CC=CC=C2)C(=O)OCCN(CC)CC.Cl,1,,C=CC1=C(N2[C@@H]([C@@H](C2=O)NC(=O)/C(=N\O)/C3=CSC(=N3)N)SC1)C(=O)O,0,,,,,,,,,,,,
,,,,,,CN1CCOCC1,0,,C1CCN(C1)[C@H]2CCC3=C(CC2)C=C(C=C3)NC4=NN(C(=N4)N)C5=NN=C6C(=C5)CCCC7=CC=CC=C76,0,,,,,,,,,,,,
,,,,,,C1=CC=NC(=C1)NS(=O)(=O)C2=CC=C(C=C2)N=NC3=CC(=C(C=C3)O)C(=O)O,1,,C1=CC=C(C=C1)NC2=NC=NC(=N2)N,0,,,,,,,,,,,,
,,,,,,C1=CC2=C(C=C1S(=O)(=O)O)C(=C(C=C2[N+](=O)[O-])[N+](=O)[O-])O,1,,C1=NC2=C(N=C(N=C2N1[C@H]3[C@H]([C@@H]([C@H](O3)CO)O)F)Cl)N,0,,,,,,,,,,,,
,,,,,,COC1=C(C=CC(=C1)[C@@H]2[C@H](OC3=C(O2)C=C(C=C3)[C@@H]4[C@H](C(=O)C5=C(C=C(C=C5O4)O)O)O)CO)O,1,,C1=CC(=CC=C1COC[C@@H]2[C@H]([C@H]([C@@H](O2)N3C4=NC=NC(=C4N=C3NCC5=CC(=C(C=C5)Cl)Cl)N)O)O)C#N,1,,,,,,,,,,,,
,,,,,,CCOP(=S)(OCC)SCSCC,1,,C1=C(SC=C1Br)COC2=NC(=NC3=C2NC=N3)N,1,,,,,,,,,,,,
,,,,,,CCCCCOC(=O)C1=CC=CC=C1C(=O)OCCCCC,1,,C1=CC(=CC=C1C(=O)N[C@@H](CCC(=O)O)C(=O)O)NCC2=CN=C3C(=N2)C(=NC(=N3)N)N,0,,,,,,,,,,,,
,,,,,,C1=CC(=CC(=C1)[N+](=O)[O-])C(=O)N,0,,C1CN(CCC1CN)C2=NC=CC(=N2)C3=CC4=CC=CC=C4C=C3,1,,,,,,,,,,,,
,,,,,,CC(CCC=C(C)C)CC(=O)O,1,,C(CC(O)(P(=O)(O)O)P(=O)(O)[O-])CN,0,,,,,,,,,,,,
,,,,,,CC1([C@@H](N2[C@H](S1)[C@@H](C2=O)NC(=O)CC3=CC=CC=C3)C(=O)O)C.CC1([C@@H](N2[C@H](S1)[C@@H](C2=O)NC(=O)CC3=CC=CC=C3)C(=O)O)C.C1=CC=C(C=C1)CNCCNCC2=CC=CC=C2,0,,C1C[C@@H](C2=C(C1)C=CC=N2)N(CCCCN)CC3=NC4=CC=CC=C4N3,1,,,,,,,,,,,,
,,,,,,C1=CC(=CC=C1CCO[C@H]2[C@@H]([C@H]([C@@H]([C@H](O2)CO)O)O)O)O,0,,C1CN(CCN1CCOCCOCCOCCOCCN)C(C2=CC=C(C=C2)Cl)C3=CC=C(C=C3)Cl,1,,,,,,,,,,,,
,,,,,,CCN(CC)CCOC(=O)C(C1CCCCC1)C2=CC=CC=C2.Cl,0,,O=[As]O[As]=O,0,,,,,,,,,,,,
,,,,,,C1CC(=O)N(C1)CC(=O)N,0,,C1CN(C[C@@H]1C(=O)NC2=CC3=C(C=C2)NN=C3C4=CC=NC=C4)CC(=O)N5CCN(CC5)C6=CC=C(C=C6)C7=NC=CC=N7,1,,,,,,,,,,,,
,,,,,,CCCCCCCC[N+](CCCCCCCC)(CCCCCCCC)CCCCCCCC.[Br-],1,,C1CN(C[C@@H]1C(=O)NC2=CC3=C(C=C2)NN=C3C4=CC=NC=C4)CC(=O)N5CCN(CC5)C6=CC=C(C=C6)C7=NC=CC=N7,1,,,,,,,,,,,,
,,,,,,C1[C@@H]([C@H](O[C@H]1N2C=C(C(=O)NC2=O)Br)CO)O,0,,C1CCN(C1)C(=O)CNC(=O)NC2=CC3=C(C=C2)C=NC=C3,1,,,,,,,,,,,,
,,,,,,CCCC(=O)Cl,0,,C1CN(CCC1CCCCNC(=O)/C=C/C2=CN=CC=C2)C(=O)C3=CC=CC=C3,0,,,,,,,,,,,,
,,,,,,CCCCCCCCCCCCCCCCBr,0,,C1CC(C1)C(=O)NCCCNC2=NC(=NC=C2C3CC3)NC4=CC=CC(=C4)CN5CCOCC5,1,,,,,,,,,,,,
,,,,,,C1C(O1)CN(CC2CO2)C3=CC=C(C=C3)CC4=CC=C(C=C4)N(CC5CO5)CC6CO6,1,,C1CNCCC2=C1C(=O)N(O2)CC3=CC=CC=C3,1,,,,,,,,,,,,
,,,,,,CC(CCC1=CC=CC=C1)CCO,1,,C1CN(C[C@@H]1CC2=NNC(=O)N2C3=CC=C(C=C3)C4=CC5=C(C=C4)OC=C5)C(=O)C6CC6,1,,,,,,,,,,,,
,,,,,,CC(C)C1(C(=O)NC(=N1)C2=NC3=CC=CC=C3C=C2C(=O)O)C,0,,C1=CC=C(C=C1)C2(C(=O)NC(=N2)[O-])C3=CC=CC=C3,0,,,,,,,,,,,,
,,,,,,C1=CC(=CC=C1C(CC(=O)O)CN)Cl,0,,C1[C@@H](NCC2=CC=CC=C21)C(=O)O,0,,,,,,,,,,,,
,,,,,,C(C(COP(=O)([O-])[O-])O)O.[K+].[K+],0,,C1CN(C[C@H]1OCC2=CC=CC=N2)C3=C(C=C(C=C3)C(F)(F)F)C(=O)O,0,,,,,,,,,,,,
,,,,,,C[C@@H]1CC(=O)NN=C1C2=CC=C(C=C2)NN=C(C#N)C#N,1,,C1C2=CC=CC=C2OC3=C1C(=NC(=N3)C4=CC=C(C=C4)F)SCC(=O)NC5=CC=CC(=C5)C(=O)O,0,,,,,,,,,,,,
,,,,,,C1(=C(C1(Cl)Cl)Cl)Cl,0,,C1=CC(=CC(=C1)Cl)NC2=NC3=C(C=CC(=C3)C(=O)O)C4=C2C=CN=C4,1,,,,,,,,,,,,
,,,,,,CC(=O)NC1=CC=C(C=C1)C(=O)O,0,,C1CC(CCC1CCC(=O)O)(C2=C(C=CC(=C2)F)F)S(=O)(=O)C3=CC=C(C=C3)Cl,1,,,,,,,,,,,,
,,,,,,CN1C=C(C(=O)C(=C1)C2=CC(=CC=C2)C(F)(F)F)C3=CC=CC=C3,1,,C1=CSC(=C1)S(=O)(=O)NC2=CC=C(C=C2)C(C(F)(F)F)(C(F)(F)F)O,1,,,,,,,,,,,,
,,,,,,CN1CCN(CC1)C(C2=CC=CC=C2)C3=CC=CC=C3.Cl.Cl,0,,C1CN(CCC1CC2=CC=C(C=C2)F)CC(C3=CC=C(C=C3)Cl)O,0,,,,,,,,,,,,
,,,,,,CC1=C(C(C(=C(N1)C)C(=O)OCCCN2CCC(CC2)(C3=CC=CC=C3)C4=CC=CC=C4)C5=CC(=CC=C5)[N+](=O)[O-])C(=O)OC.Cl,1,,C([C@H](C([C@H](CO)O)O)O)O,0,,,,,,,,,,,,
,,,,,,CCN(C(C)C)C(=O)C1=CC(=CC(=C1)C)OC[C@H](C)NC2=CC=NC=C2.CC1=CC=C(C=C1)S(=O)(=O)O,1,,C1C[C@@H](C[C@H](C1)NC(=O)C2CCN(CC2)C3=NC4=C(O3)C=C(C(=C4)Cl)C5=CC=C(C=C5)Cl)CO,0,,,,,,,,,,,,
,,,,,,C[C@H]1C[C@H]2[C@@H]3CC[C@@]([C@]3(C[C@@H]([C@@]2([C@@]4(C1=CC(=O)C=C4)C)F)O)C)(C(=O)C)O,1,,C1=CC=C(C=C1)C(C#N)O[C@H]2[C@@H]([C@H]([C@@H]([C@H](O2)CO[C@H]3[C@@H]([C@H]([C@@H]([C@H](O3)CO)O)O)O)O)O)O,0,,,,,,,,,,,,
,,,,,,CCCCCCCCCCCCS,0,,C1=CC(=O)OC2=CC(=C(C=C21)O[C@H]3[C@@H]([C@H]([C@@H]([C@H](O3)CO)O)O)O)O,0,,,,,,,,,,,,
,,,,,,C1=CC(=CC=C1C(C2=CC=C(C=C2)O)(C(F)(F)F)C(F)(F)F)O,1,,C1=CC2=C(C(=C1)O[C@H]3[C@@H]([C@H]([C@@H]([C@H](O3)CO)O)O)O)C(=C4C(=CC(=CC4=C2C5=C6C=C(C=C(C6=C(C7=C5C=CC=C7O[C@H]8[C@@H]([C@H]([C@@H]([C@H](O8)CO)O)O)O)O)O)C(=O)O)C(=O)O)O)O,1,,,,,,,,,,,,
,,,,,,CC1(CC2=C(O1)C(=CC=C2)O)C,0,,C([C@@H]1[C@@H]2[C@@H]([C@H]([C@H](O1)O[C@@H]3[C@H](O[C@@H]([C@@H]([C@H]3O)O)O[C@@H]4[C@H](O[C@@H]([C@@H]([C@H]4O)O)O[C@@H]5[C@H](O[C@@H]([C@H]([C@H]5O)O)O[C@@H]6[C@H](O[C@@H]([C@@H]([C@H]6O)O)O[C@@H]7[C@H](O[C@H](O2)[C@@H]([C@H]7O)O)CO)CO)CO)CO)CO)O)O)O,0,,,,,,,,,,,,
,,,,,,C=CCOC(CN1C=CN=C1)C2=C(C=C(C=C2)Cl)Cl.OS(=O)(=O)O,1,,C1=CN(C(=O)NC1=O)[C@H]2[C@@H]([C@@H]([C@H](O2)CO)O)O,0,,,,,,,,,,,,
,,,,,,CC1=CC(=O)/C(=C(/C)\[O-])/C(=O)O1.[Na+],1,,C1=CC=C(C=C1)OC2=CC=C(C=C2)CNC(=O)C3=NC(=NO3)C4=CC(=C(C(=C4)Br)O)Br,1,,,,,,,,,,,,
,,,,,,C[C@]12CC[C@H]3[C@H]([C@@H]1CC[C@@H]2OC(=O)CCC4CCCC4)CCC5=C3C=CC(=C5)O,1,,C1=CC2=C(C=C(C(=C2N=C1)O)N=NC3=CC4=C(C=C3)C=C(C=C4)S(=O)(=O)O)S(=O)(=O)O,0,,,,,,,,,,,,
,,,,,,CCCC[P+](CCCC)(CCCC)CCCC.[Cl-],0,,C1CN(CCN1C2=CC(=CC=C2)Cl)C(C3=CC=CC=C3)C4=C(N5C(=NC(=N5)C6=CC=CO6)S4)O,1,,,,,,,,,,,,
,,,,,,CCCCCCOC(=O)C(C)C,0,,C1=CC2=C(C(=C(C=C2I)I)O)N=C1,0,,,,,,,,,,,,
,,,,,,CC(=C)C(=O)O,0,,C=CC1=C2C(=CC(=C1)O)N=C(O2)C3=CC(=C(C=C3)O)F,1,,,,,,,,,,,,
,,,,,,CCOC(=O)C(=C)C,0,,C1=CC(=CC(=C1)O)CNC(=O)NC2=NC(=CS2)C3=CC=NC=C3,1,,,,,,,,,,,,
,,,,,,CC1=CC(=C(C=C1Cl)C(C)C)O,1,,C1CC(CCC1(C2=CC=C(C=C2)O)C3=CC=CC=C3F)(F)F,1,,,,,,,,,,,,
,,,,,,CC1=CC(=C(C=C1)N=NC2=C(C(=CC3=CC=CC=C32)C(=O)O)[O-])S(=O)(=O)[O-].[Ca+2],1,,C1=CNC(=S)NC1=O,0,,,,,,,,,,,,
,,,,,,CCC1NC2=CC(=C(C=C2S(=O)(=O)N1)S(=O)(=O)N)Cl,0,,C1CN(CCN1CCOCCOCCOCCOCCO)C(C2=CC=C(C=C2)Cl)C3=CC=C(C=C3)Cl,1,,,,,,,,,,,,
,,,,,,CCC(CO)(CO)[N+](=O)[O-],0,,C1=CC=C(C=C1)NS(=O)(=O)C2=CC=CC(=C2)/C=C/C(=O)NO,1,,,,,,,,,,,,
,,,,,,CCCC(CC)CCCCCCCN,1,,C1[C@@H]([C@H](O[C@H]1N2C=NC3=C(N=C(N=C32)Cl)N)CO)O,0,,,,,,,,,,,,
,,,,,,COC1=CC(=C(C=C1)C(=O)C2=CC=CC=C2)O,1,,CC1=[N+](C2=CC=CC=C2C(=C1)N)CCCCCCCCCC[N+]3=C(C=C(C4=CC=CC=C43)N)C.[Cl-].[Cl-],1,,,,,,,,,,,,
,,,,,,C1=CC=C(C=C1)NC(=O)N,0,,CC(C)CN(C[C@H]([C@H](CC1=CC=CC=C1)NC(=O)O[C@H]2CO[C@@H]3[C@H]2CCO3)O)S(=O)(=O)C4=CC=C(C=C4)N,1,,,,,,,,,,,,
,,,,,,C1=CC(=C(C=C1N)[N+](=O)[O-])NCCO,1,,C1=CC=C(C=C1)CCCCOC2=CC=C(C=C2)C(=O)NC3=CC=CC4=C3OC(=CC4=O)C5=NNN=N5,1,,,,,,,,,,,,
,,,,,,CCOP(=S)(OCC)SCSP(=S)(OCC)OCC,1,,CC(C)(C(=O)O)OC1=CC=C(C=C1)C2CC2(Cl)Cl,0,,,,,,,,,,,,
,,,,,,CC(=O)CCC1=CC=C(C=C1)OC,0,,C1=CC(=C(C2=C1C=CC(=O)O2)O)O,0,,,,,,,,,,,,
,,,,,,C[C@H]1[C@H]2CC[C@@H]3[C@@]2(CC[C@H]4[C@H]3CC=C5[C@@]4(CC[C@@H](C5)N(C)C)C)CN1C,0,,C1CN(CCC1(C2=CC(=CC=C2)C(F)(F)F)O)CCCC(=O)C3=CC=C(C=C3)F,0,,,,,,,,,,,,
,,,,,,C(CO)O,0,,CCCCCCCC/C=C\CCCCCCCC(=O)NCC1=CC(=C(C=C1)O)OC,1,,,,,,,,,,,,
,,,,,,CC(=O)NC1=CC=C(C=C1)S(=O)(=O)N,0,,C=CCN1CCC23[C@@H]4C(=O)CC[C@]2(C1CC5=C3C(=C(C=C5)O)O4)O,0,,,,,,,,,,,,
,,,,,,CCCC1=C2C(=CC3=C1OC(=CC3=O)C(=O)O)C(=O)C=C(N2CC)C(=O)O,0,,CCCNC(C)C(=O)NC1=CC=CC=C1C,0,,,,,,,,,,,,
,,,,,,C1CCC(CC1)NC2CCCCC2,0,,CCN(CC1=CC=NC=C1)C(=O)C(CO)C2=CC=CC=C2,1,,,,,,,,,,,,
,,,,,,CC1=CC=C(C=C1)N2C(=CC(=N2)C(C)(C)C)NC(=O)NC3=CC=C(C4=CC=CC=C43)OCCN5CCOCC5,1,,C1=CC=C(C=C1)CN=C(N)NC(=O)C2=C(N=C(C(=N2)Cl)N)N,0,,,,,,,,,,,,
,,,,,,CC(C)(C1=CC=CC=C1CC[C@H](C2=CC=CC(=C2)/C=C/C3=NC4=C(C=CC(=C4)Cl)C=C3)SCC5(CC5)CC(=O)[O-])O.[Na+],0,,,,,,,,,,,,,,,
,,,,,,C[C@]12C=CC3=C4CCC(=O)C=C4CC[C@H]3[C@@H]1CC[C@]2(CC=C)O,1,,,,,,,,,,,,,,,
,,,,,,CCN(CC)CCOC1=CC=C(C=C1)/C(=C(/C2=CC=CC=C2)\Cl)/C3=CC=CC=C3.C(C(=O)O)C(CC(=O)O)(C(=O)O)O,1,,,,,,,,,,,,,,,
,,,,,,CC(C)(C)C(/C=C/C1=CC2=C(C=C1)OCO2)O,1,,,,,,,,,,,,,,,
,,,,,,CCC(=O)N([C@H]1CCN(C[C@H]1C)CCC2=CC=CC=C2)C3=CC=CC=C3.Cl,1,,,,,,,,,,,,,,,
,,,,,,CCOC(=O)OCC/C(=C(\C)/N(CC1=CN=C(N=C1N)C)C=O)/SC(=O)OCC.Cl,0,,,,,,,,,,,,,,,
,,,,,,CCCCCCC1=C(C=C(C=C1)O)O,1,,,,,,,,,,,,,,,
,,,,,,C1=CC(=CC(=C1)[N+](=O)[O-])C(=O)[O-].[Na+],0,,,,,,,,,,,,,,,
,,,,,,CC(C1=CC(=CC=C1)C(=O)C2=CC=CC=C2)C(=O)O,1,,,,,,,,,,,,,,,
,,,,,,[NH4+].[NH4+].Cl[Pt-2](Cl)(Cl)Cl,1,,,,,,,,,,,,,,,
,,,,,,[C@@H]([C@H](C(=O)O)O)(C(=O)O)O,0,,,,,,,,,,,,,,,
,,,,,,CN(C)C/C=C(/C1=CC=C(C=C1)Br)\C2=CN=CC=C2.O.Cl.Cl,0,,,,,,,,,,,,,,,
,,,,,,CCC(C)(C)C1=CC(=C(C=C1)O)C(C)(C)CC,1,,,,,,,,,,,,,,,
,,,,,,CC(C)NCC(COC1=CC=C(C=C1)NC(=O)C)O,0,,,,,,,,,,,,,,,
,,,,,,C=O,0,,,,,,,,,,,,,,,
,,,,,,CCCCN(CC)C1=C(C=C(C=C1[N+](=O)[O-])C(F)(F)F)[N+](=O)[O-],1,,,,,,,,,,,,,,,
,,,,,,CC1=C(C(C(=C(N1)C)C(=O)OC(C)C)C2=CC(=CC=C2)[N+](=O)[O-])C(=O)OCCOC,1,,,,,,,,,,,,,,,
,,,,,,CCOCCC(=O)OCC,0,,,,,,,,,,,,,,,
,,,,,,CC1(CN(NC1=O)C2=CC=CC=C2)CO,1,,,,,,,,,,,,,,,
,,,,,,CC(C)C1=CC=C(C=C1)OP(=O)(OC2=CC=C(C=C2)C(C)C)OC3=CC=C(C=C3)C(C)C,1,,,,,,,,,,,,,,,
,,,,,,C1=CC=C(C=C1)COC(=O)Cl,0,,,,,,,,,,,,,,,
,,,,,,CCC(C)(CCC(C)C)C(=O)O[Sn](C)(C)OC(=O)C(C)(CC)CCC(C)C,1,,,,,,,,,,,,,,,
,,,,,,C1CCC(CC1)C2=C(C=CC(=C2)C3(CCCCC3)C4=CC(=C(C=C4)O)C5CCCCC5)O,1,,,,,,,,,,,,,,,
,,,,,,CC1=CC=C(C=C1)OC,0,,,,,,,,,,,,,,,
,,,,,,CC1=C(N=C(O1)C2=CC=CC=C2)CCOC3=CC=CC4=C3C=CN4CCC(=O)O,1,,,,,,,,,,,,,,,
,,,,,,CCCCCCCCCCCCCCCS(=O)(=O)OC1=CC=CC=C1,1,,,,,,,,,,,,,,,
,,,,,,CCCCC1=C(C2=C(O1)C=CC(=C2)NS(=O)(=O)C)C(=O)C3=CC=C(C=C3)OCCCN(CCCC)CCCC,1,,,,,,,,,,,,,,,
,,,,,,CC(COC)O,0,,,,,,,,,,,,,,,
,,,,,,CC(C)COC(=O)C1=CC=C(C=C1)O,1,,,,,,,,,,,,,,,
,,,,,,CC1=C(C=CC(=C1)NC2=CC=C(C=C2)O)N,1,,,,,,,,,,,,,,,
,,,,,,CC(=O)C(Cl)(Cl)Cl,1,,,,,,,,,,,,,,,
,,,,,,C1=CC(=C(C=C1[N+](=O)[O-])[N+](=O)[O-])SC#N,1,,,,,,,,,,,,,,,
,,,,,,C1=CC=C2C=NC=CC2=C1,0,,,,,,,,,,,,,,,
,,,,,,C1=CC=NC(=C1)C(=O)O,0,,,,,,,,,,,,,,,
,,,,,,CCCCCCCCCCCCN1C=C[N+](=C1)C.[I-],0,,,,,,,,,,,,,,,
,,,,,,CC1=CC(=CC=C1)NC(=O)C,0,,,,,,,,,,,,,,,
,,,,,,CC1(C(=O)N(C(=O)O1)C)C,0,,,,,,,,,,,,,,,
,,,,,,CC(=O)OCCN(CCOC(=O)C)C1=CC=C(C=C1)N=NC2=C(C=C(C=C2)[N+](=O)[O-])C#N,1,,,,,,,,,,,,,,,
,,,,,,C1=CC=C2C(=C1)C=CC=C2O,1,,,,,,,,,,,,,,,
,,,,,,CCOC(=O)Cl,0,,,,,,,,,,,,,,,
,,,,,,CC(C)CC(=O)OCC1=CC=CC=C1,0,,,,,,,,,,,,,,,
,,,,,,CN(C(=O)CCC1=NN(C(=C1)C2=CC=C(C=C2)Cl)C3=CC=C(C=C3)OC)O,1,,,,,,,,,,,,,,,
,,,,,,CCC(C)Br,0,,,,,,,,,,,,,,,
,,,,,,CCC1=CN=C(C=C1)CCOC2=CC=C(C=C2)CC3C(=O)NC(=O)S3.Cl,1,,,,,,,,,,,,,,,
,,,,,,CC1=C(N2[C@@H]([C@@H](C2=O)NC(=O)[C@@H](C3=CC=CC=C3)N)SC1)C(=O)O,0,,,,,,,,,,,,,,,
,,,,,,CCCCCCCCCCO,0,,,,,,,,,,,,,,,
,,,,,,C1=CC=C2C(=C1)C=C(C(=N2)C(=O)O)C(=O)O,0,,,,,,,,,,,,,,,
,,,,,,CC(CCC(=O)O)(C#N)N=NC(C)(CCC(=O)O)C#N,0,,,,,,,,,,,,,,,
,,,,,,C(C(=O)[O-])F.[Na+],0,,,,,,,,,,,,,,,
,,,,,,C1=CC(=C(C=C1S(=O)(=O)O)N)O,0,,,,,,,,,,,,,,,
,,,,,,C(Br)Br,0,,,,,,,,,,,,,,,
,,,,,,CC(C)OC1=CC=CC=C1OC(=O)NC,0,,,,,,,,,,,,,,,
,,,,,,CCCCCC[N+](=O)[O-],0,,,,,,,,,,,,,,,
,,,,,,CCOC(=O)C1=CC=CC=C1C(=C2C=C(C(=O)C(=C2)Br)Br)C3=CC(=C(C(=C3)Br)O)Br,1,,,,,,,,,,,,,,,
,,,,,,C1=CC(=O)NC1=O,0,,,,,,,,,,,,,,,
,,,,,,CCCCN(CCCC)C(=S)[S-].CCCCN(CCCC)C(=S)[S-].[Zn+2],1,,,,,,,,,,,,,,,
,,,,,,CC1=CC=C(C=C1)S,1,,,,,,,,,,,,,,,
,,,,,,C1=CC=C2C(=C1)C=CC=C2NC(=O)C3=CC=CC=C3C(=O)O,1,,,,,,,,,,,,,,,
,,,,,,CCC(C)(C)C(=O)O[C@H]1C[C@H](C=C2[C@H]1[C@H]([C@H](C=C2)C)CC[C@@H]3C[C@H](CC(=O)O3)O)C,1,,,,,,,,,,,,,,,
,,,,,,CCOP(=O)(Cl)Cl,0,,,,,,,,,,,,,,,
,,,,,,CCCCCCCCCCC(CCCCCCCC)CO,0,,,,,,,,,,,,,,,
,,,,,,CCCCC(CC)COC(=O)C=C,0,,,,,,,,,,,,,,,
,,,,,,CC(C)CCC(=O)CCC(C)C,0,,,,,,,,,,,,,,,
,,,,,,C1C2C3=CC=CC=C3CC4=CC=CC=C4N2C(=N1)N.Cl,0,,,,,,,,,,,,,,,
,,,,,,CCCCCCCCCCC=C,0,,,,,,,,,,,,,,,
,,,,,,CCNS(=O)(=O)C1=CC=C(C=C1)C,0,,,,,,,,,,,,,,,
,,,,,,CCOC(=O)C1=CC(=CC=C1)N.CS(=O)(=O)O,0,,,,,,,,,,,,,,,
,,,,,,CCC=O,0,,,,,,,,,,,,,,,
,,,,,,CC1=CC(=O)[N-]S(=O)(=O)O1.[K+],0,,,,,,,,,,,,,,,
,,,,,,CC(=O)NC1=CC2=C(C=C1)C3=CC=CC=C3C2,1,,,,,,,,,,,,,,,
,,,,,,CC(CCl)OP(=O)(OC(C)CCl)OC(C)CCl,1,,,,,,,,,,,,,,,
,,,,,,CC[N+]1=CC=CC=C1.[Br-],1,,,,,,,,,,,,,,,
,,,,,,CNCCCCOC1=CC=CC=C1CC2=CC=CC=C2,0,,,,,,,,,,,,,,,
,,,,,,CCCCC(CC)COC(=O)CC(C(=O)OCC(CC)CCCC)S(=O)(=O)[O-].[Na+],1,,,,,,,,,,,,,,,
,,,,,,CC(C)CCCC(C)C/C=C/C(=C/C(=O)OCC#C)/C,1,,,,,,,,,,,,,,,
,,,,,,CCOC(=O)C(C(=O)C)Cl,0,,,,,,,,,,,,,,,
,,,,,,CCCCCCOC(=O)C(C)CC,0,,,,,,,,,,,,,,,
,,,,,,CCC(=O)O[C@@H]1C[C@H]2[C@@H]3CCC4=C([C@H]3CC[C@@]2([C@H]1OC(=O)CC)C)C=CC(=C4)OC(=O)CC,1,,,,,,,,,,,,,,,
,,,,,,CCCCCCBr,0,,,,,,,,,,,,,,,
,,,,,,CC[C@H]1C(=O)N(CC(=O)N([C@H](C(=O)N[C@H](C(=O)N([C@H](C(=O)N[C@H](C(=O)N[C@@H](C(=O)N([C@H](C(=O)N([C@H](C(=O)N([C@H](C(=O)N([C@H](C(=O)N1)[C@@H]([C@H](C)C/C=C/C)O)C)C(C)C)C)CC(C)C)C)CC(C)C)C)C)C)CC(C)C)C)C(C)C)CC(C)C)C)C,0,,,,,,,,,,,,,,,
,,,,,,CCC/C(=C\1/C(=O)CC(C(=C1[O-])C(=O)OC)(C)C)/NOCC=C.[Na+],1,,,,,,,,,,,,,,,
,,,,,,CCCCCCCCCCCCC1=CC=CC=C1O,1,,,,,,,,,,,,,,,
,,,,,,C1=CC(=CC=C1Cl)Cl,0,,,,,,,,,,,,,,,
,,,,,,CC1=C(C=CC(=C1)Cl)N,1,,,,,,,,,,,,,,,
,,,,,,C(CN(CC(=O)O)CC(=O)O)N(CCN(CC(=O)O)CC(=O)O)CC(=O)O,0,,,,,,,,,,,,,,,
,,,,,,CCCC[N+](CCCC)(CCCC)CCCC.[Br-],0,,,,,,,,,,,,,,,
,,,,,,COC(=O)[C@H](CC1=CC=CC=C1)NC(=O)[C@H](CC(=O)O)N,0,,,,,,,,,,,,,,,
,,,,,,C1=CC=C(C=C1)C2=CC=C(C=C2)Cl,0,,,,,,,,,,,,,,,
,,,,,,C1COCCN1CCCN,0,,,,,,,,,,,,,,,
,,,,,,COP(=S)(OC)OC1=C(C=C(C=C1)[N+](=O)[O-])Cl,1,,,,,,,,,,,,,,,
,,,,,,C1(C(=O)NC(=N1)O[Al])NC(=O)N.O.O,0,,,,,,,,,,,,,,,
,,,,,,C1=CC(=C(C=C1Cl)O)OC2=C(C=C(C=C2)Cl)Cl,1,,,,,,,,,,,,,,,
,,,,,,CN(CCCN1C2=CC=CC=C2CCC3=CC=CC=C31)CC(=O)C4=CC=C(C=C4)Cl.Cl,1,,,,,,,,,,,,,,,
,,,,,,C1=C(C=C(C(=C1Br)O)Br)Br,1,,,,,,,,,,,,,,,
,,,,,,CN(C)C1=CC=C(C=C1)N=NC2=CC=CC=C2C(=O)O,1,,,,,,,,,,,,,,,
,,,,,,CC(=O)C1=CC=C(C=C1)C(=O)C,0,,,,,,,,,,,,,,,
,,,,,,CC(COCC(C)O)O,0,,,,,,,,,,,,,,,
,,,,,,CC(=O)O[Si](C=C)(OC(=O)C)OC(=O)C,0,,,,,,,,,,,,,,,
,,,,,,CCCCOCCOCCO,0,,,,,,,,,,,,,,,
,,,,,,CCCCCCCCN1C=C[N+](=C1)C.C(F)(F)(F)S(=O)(=O)[N-]S(=O)(=O)C(F)(F)F,1,,,,,,,,,,,,,,,
,,,,,,C1=CC(=CC=C1NC(=O)CC[C@@H](C(=O)O)N)[N+](=O)[O-].Cl,0,,,,,,,,,,,,,,,
,,,,,,CC[N+]1=CC=CC=C1.[I-],0,,,,,,,,,,,,,,,
,,,,,,CC1=CC=C(C=C1)N.Cl,1,,,,,,,,,,,,,,,
,,,,,,CCO[Si](OCC)(OCC)OCC,0,,,,,,,,,,,,,,,
,,,,,,C1CCN(CC1)C2(CCN(CC2)CCCC(=O)C3=CC=C(C=C3)F)C(=O)N.Cl.Cl,0,,,,,,,,,,,,,,,
,,,,,,CC1=C(C=C(C=C1)N=C=O)N=C=O,1,,,,,,,,,,,,,,,
,,,,,,CC1=C(C=CO1)S,1,,,,,,,,,,,,,,,
,,,,,,C1=CC=C(C=C1)S(=O)(=O)OC2=C(C=C(C=C2)Cl)Cl,1,,,,,,,,,,,,,,,
,,,,,,[B-](F)(F)(F)F.CCCC[N+]1=CC=C(C=C1)C,0,,,,,,,,,,,,,,,
,,,,,,C[C@@H]1CC(=O)C=C2[C@]1(C[C@@H](CC2)C(=C)C)C,1,,,,,,,,,,,,,,,
,,,,,,CC(=C)[C@H]1CC2=C(O1)C=CC3=C2O[C@@H]4COC5=CC(=C(C=C5[C@@H]4C3=O)OC)OC,1,,,,,,,,,,,,,,,
,,,,,,C1=CC=C2C(=C1)C=CC(=O)O2,0,,,,,,,,,,,,,,,
,,,,,,CC1=C(C=C(C=C1[N+](=O)[O-])[N+](=O)[O-])C(=O)N,0,,,,,,,,,,,,,,,
,,,,,,C1=CC=C(C(=C1)[N+](=O)[O-])Cl,0,,,,,,,,,,,,,,,
,,,,,,COP(=S)(OC)OC1=CC=C(C=C1)[N+](=O)[O-],1,,,,,,,,,,,,,,,
,,,,,,CCCCOP(=O)(OCCCC)OCCCC,1,,,,,,,,,,,,,,,
,,,,,,CC(=O)N1C[C@@H](C[C@H]1C(=O)O)O,0,,,,,,,,,,,,,,,
,,,,,,CN(C)CCC1=CNC2=C1C=C(C=C2)O,1,,,,,,,,,,,,,,,
,,,,,,CCOC(=O)N1CCC(CC1)NC2=C(C=C(C=C2)Cl)N,1,,,,,,,,,,,,,,,
,,,,,,CC([N+](=O)[O-])(Cl)Cl,0,,,,,,,,,,,,,,,
,,,,,,CCN1C=C[N+](=C1)C.[N+](=O)([O-])[O-],0,,,,,,,,,,,,,,,
,,,,,,C(=C\C(=O)O)\C(=O)O,0,,,,,,,,,,,,,,,
,,,,,,C[C@]12CC[C@H]3[C@H]([C@@H]1CC[C@@H]2OC(=O)CCC4=CC=CO4)CCC5=CC(=O)CC[C@H]35,1,,,,,,,,,,,,,,,
,,,,,,CC(C)OP(=S)(OC(C)C)SCCNS(=O)(=O)C1=CC=CC=C1,1,,,,,,,,,,,,,,,
,,,,,,CC(C)(C)C1=CC(=CC(=C1O)C(C)(C)C)CO,1,,,,,,,,,,,,,,,
,,,,,,CC1CCC2(O1)C(=CCCC2(C)C)C,1,,,,,,,,,,,,,,,
,,,,,,C=CCC1=C(C=CC(=C1)S(=O)(=O)C2=CC(=C(C=C2)O)CC=C)O,1,,,,,,,,,,,,,,,
,,,,,,C1=CC(=CC=C1C(=O)O)NN,1,,,,,,,,,,,,,,,
,,,,,,C=COCCCl,0,,,,,,,,,,,,,,,
,,,,,,CC/C=C\CCOC(C)OCC,0,,,,,,,,,,,,,,,
,,,,,,C(C(CCl)Cl)Cl,0,,,,,,,,,,,,,,,
,,,,,,CC1=C(N=C(C(=N1)C)C)C,0,,,,,,,,,,,,,,,
,,,,,,CC(C)(C)C1=CC(=C(C=C1)O)C(C)(C)C,1,,,,,,,,,,,,,,,
,,,,,,C1=CC=C(C=C1)OC(=O)C2=C(C=C(C=C2)N)O,1,,,,,,,,,,,,,,,
,,,,,,CCCCC(CN1C=NC=N1)(C2=C(C=C(C=C2)Cl)Cl)O,1,,,,,,,,,,,,,,,
,,,,,,CCCCCCCCCCC=CC1CC(=O)OC1=O,1,,,,,,,,,,,,,,,
,,,,,,CC(C)CCCCOC(=O)C1=CC=CC=C1C(=O)OCCCCC(C)C,1,,,,,,,,,,,,,,,
,,,,,,CC1=CC=C(O1)C(=O)O,0,,,,,,,,,,,,,,,
,,,,,,CCOP(=S)(OCC)S,1,,,,,,,,,,,,,,,
,,,,,,CC1=C(N=C(O1)C2=CC=CC=C2)CCC(=O)C3=CC=C(C=C3)CC4C(=O)NC(=O)S4,1,,,,,,,,,,,,,,,
,,,,,,C1=CC=C(C=C1)C(C#N)C2=CC=CC=C2,1,,,,,,,,,,,,,,,
,,,,,,COC1=CC2=C(C=C1)N=C(S2)N,1,,,,,,,,,,,,,,,
,,,,,,CC(C)C(=O)C,0,,,,,,,,,,,,,,,
,,,,,,C1=C(C=C(C(=C1N)O)Cl)[N+](=O)[O-],1,,,,,,,,,,,,,,,
,,,,,,CCCCCC1=CC=C(C=C1)O,1,,,,,,,,,,,,,,,
,,,,,,CCCCN(CC)C(=O)SCCC,0,,,,,,,,,,,,,,,
,,,,,,CCC(C)C1=C(C(=CC=C1)C(C)CC)O,1,,,,,,,,,,,,,,,
,,,,,,CCCC(=O)C1=CC=CC=C1,0,,,,,,,,,,,,,,,
,,,,,,CC(=O)OCC(=O)[C@H]1CC[C@@H]2[C@@]1(CC[C@H]3[C@H]2CCC4=CC(=O)CC[C@]34C)C,1,,,,,,,,,,,,,,,
,,,,,,CN([C@H]1CC[C@@]2(CCCO2)C[C@@H]1N3CCCC3)C(=O)CC4=C5C=COC5=CC=C4,1,,,,,,,,,,,,,,,
,,,,,,CCCCCCCCCCCCOS(=O)(=O)[O-].[Na+],1,,,,,,,,,,,,,,,
,,,,,,CCOC1=C(C=C(C=C1)/C=C/C)O,1,,,,,,,,,,,,,,,
,,,,,,CNCCO,0,,,,,,,,,,,,,,,
,,,,,,CC1=CC(=C(C=C1)Cl)OCC(CNC(C)(C)C)O,0,,,,,,,,,,,,,,,
,,,,,,CC1=CC=C(C=C1)C(=O)C2=CC=CC=C2,1,,,,,,,,,,,,,,,
,,,,,,CC1=CCC(CC1O)C(=C)C,0,,,,,,,,,,,,,,,
,,,,,,C1=NN(C(=O)N=C1N)[C@H]2[C@@H]([C@@H]([C@H](O2)CO)O)O,0,,,,,,,,,,,,,,,
,,,,,,C1=CC=C(C(=C1)C(=O)O)O.C(CO)N(CCO)CCO,0,,,,,,,,,,,,,,,
,,,,,,COC1=CC=CC=C1C(=O)OC,0,,,,,,,,,,,,,,,
,,,,,,CC(=CCCC(C)(C=C)OC(=O)C1=CC=CC=C1)C,1,,,,,,,,,,,,,,,
,,,,,,C[C@]12C=CC3=C4CCC(=O)C=C4CC[C@H]3[C@@H]1CC[C@@H]2O,1,,,,,,,,,,,,,,,
,,,,,,COC1=CC(=C(C=C1)C(=O)C2=CC=CC=C2O)O,1,,,,,,,,,,,,,,,
,,,,,,C1NC2=C(C=C(C(=C2)C(F)(F)F)S(=O)(=O)N)S(=O)(=O)N1,0,,,,,,,,,,,,,,,
,,,,,,C1=CC(=C(C(=C1C(=O)C2=CC(=C(C(=C2)O)O)O)O)O)O,1,,,,,,,,,,,,,,,
,,,,,,CCN1C=C[N+](=C1)C.CCOP(=O)([O-])OCC,1,,,,,,,,,,,,,,,
,,,,,,C1=CC2=C(C=CC=C2S(=O)(=O)[O-])C(=C1)S(=O)(=O)[O-].O.[Na+].[Na+],1,,,,,,,,,,,,,,,
,,,,,,C1=CC2=NNN=C2C=C1Cl,0,,,,,,,,,,,,,,,
,,,,,,C#CC1=CC=C(C=C1)C2=CC=CC=C2F,1,,,,,,,,,,,,,,,
,,,,,,C1CCN(CC1)CCOC2=CC=C(C=C2)C(=O)C3=C(SC4=C3C=CC(=C4)O)C5=CC=C(C=C5)O,1,,,,,,,,,,,,,,,
,,,,,,CCCCCCCCC1=CC=C(C=C1)O,1,,,,,,,,,,,,,,,
,,,,,,C1CCC(CC1)C2CCCCC2,0,,,,,,,,,,,,,,,
,,,,,,C1CCN(CC1)CCC2OC(=O)C(O2)(C3=CC=CC=C3)C4=CC=CC=C4.Cl,1,,,,,,,,,,,,,,,
,,,,,,CCCCCCCCCC#N,0,,,,,,,,,,,,,,,
,,,,,,C1=CC=C(C=C1)CCOC(=O)/C=C/C2=CC=CC=C2,1,,,,,,,,,,,,,,,
,,,,,,C1=CC(=C(C=C1[N+](=O)[O-])[N+](=O)[O-])O,1,,,,,,,,,,,,,,,
,,,,,,CC1(SC(SC(S1)(C)C)(C)C)C,0,,,,,,,,,,,,,,,
,,,,,,C/C=C/C=C/C=O,0,,,,,,,,,,,,,,,
,,,,,,CCCCCCCC/C=C\CCCCCCCC(=O)N,0,,,,,,,,,,,,,,,
,,,,,,CC1=C(C(C(=C(N1)C)C(=O)OC)C2=CC=CC=C2[N+](=O)[O-])C(=O)OC,1,,,,,,,,,,,,,,,
,,,,,,CCOP(=S)(OCC)SCS(=O)(=O)CC,1,,,,,,,,,,,,,,,
,,,,,,C[C@@]1([C@H]2[C@@H]([C@H]3[C@@H](C(=O)C(=C([C@]3(C(=O)C2=C(C4=C1C=CC=C4O)O)O)O)C(=O)N)N(C)C)O)O.Cl,1,,,,,,,,,,,,,,,
,,,,,,CC[C@]12C=CC3=C4CCC(=O)C=C4CC[C@H]3[C@@H]1CC[C@]2(C#C)O,1,,,,,,,,,,,,,,,
,,,,,,C[Si](O[Si](C)(C)C)O[Si](C)(C)C,0,,,,,,,,,,,,,,,
,,,,,,C1=CNC(=S)N=C1,1,,,,,,,,,,,,,,,
,,,,,,C1CN(CCN1CCO)CCS(=O)(=O)[O-].[Na+],0,,,,,,,,,,,,,,,
,,,,,,C[C@@H]1C[C@H]2[C@@H]3CCC4=CC(=O)C=C[C@@]4([C@H]3[C@H](C[C@@]2([C@@]1(C)C(=O)OC)C)O)C,1,,,,,,,,,,,,,,,
,,,,,,C[NH+](C)CCC(C1=CC=C(C=C1)Cl)C2=CC=CC=N2.C(=C\C(=O)[O-])\C(=O)O,0,,,,,,,,,,,,,,,
,,,,,,C1CC(CC=C1)C=O,0,,,,,,,,,,,,,,,
,,,,,,CCCCCCCCCCCC(=O)N(C)CC(=O)O,1,,,,,,,,,,,,,,,
,,,,,,CCC(C)C1=NC=CN=C1OC,0,,,,,,,,,,,,,,,
,,,,,,C(C(CBr)Br)OP(=O)(OCC(CBr)Br)OCC(CBr)Br,1,,,,,,,,,,,,,,,
,,,,,,COC(=O)CSC1=C(C=C(C(=C1)N=C2N3CCCCN3C(=O)S2)F)Cl,1,,,,,,,,,,,,,,,
,,,,,,CCCCOCCOC(=O)COC1=NC(=C(C=C1Cl)Cl)Cl,0,,,,,,,,,,,,,,,
,,,,,,C(CS)C(=O)O,0,,,,,,,,,,,,,,,
,,,,,,CC(=O)O[C@H](CC(=O)[O-])C[N+](C)(C)C.Cl,0,,,,,,,,,,,,,,,
,,,,,,COCCCCCCCCOCCC[Si](C)(O[Si](C)(C)C)O[Si](C)(C)C,1,,,,,,,,,,,,,,,
,,,,,,C1CCC(=O)CC1,0,,,,,,,,,,,,,,,
,,,,,,C1[C@@H]([C@H](C(=O)O1)CC2=CC(=CC=C2)O)CC3=CC(=CC=C3)O,1,,,,,,,,,,,,,,,
,,,,,,C1=CC=C2C(=C1)C(=O)N(C2=O)CO,0,,,,,,,,,,,,,,,
,,,,,,CCCCCCCC/C=C\CCCCCCCC(=O)NCC1=CC(=C(C=C1)O)OC,1,,,,,,,,,,,,,,,
,,,,,,CCC(COC(=O)C(=C)C)(COC(=O)C(=C)C)COC(=O)C(=C)C,1,,,,,,,,,,,,,,,
,,,,,,C1CN(CCN1)C(C2=CC=C(C=C2)F)C3=CC=C(C=C3)F,0,,,,,,,,,,,,,,,
,,,,,,C/C=C/C1=CC(=C(C=C1)OC)OC,1,,,,,,,,,,,,,,,
,,,,,,CC1(C2=CC=CN2C3=CC=CC=C3CO1)CN4CCC(CC4)N5C6=CC=CC=C6NC5=O,1,,,,,,,,,,,,,,,
,,,,,,CCCCCCCCC,0,,,,,,,,,,,,,,,
,,,,,,CCCCCCCCCCCCOC(=O)C(=C)C,0,,,,,,,,,,,,,,,
,,,,,,C1=CC=C(C=C1)N=NC2=CC=C(C=C2)N,1,,,,,,,,,,,,,,,
,,,,,,C1CCN(CC1)C(=O)/C=C/C=C/C2=CC3=C(C=C2)OCO3,1,,,,,,,,,,,,,,,
,,,,,,CCOP(=O)(NC(C)C)OC1=CC(=C(C=C1)SC)C,1,,,,,,,,,,,,,,,
,,,,,,CC1([C@@H]([C@@H]1C(=O)O[C@@H](C#N)C2=CC(=CC=C2)OC3=CC=CC=C3)C=C(Cl)Cl)C,1,,,,,,,,,,,,,,,
,,,,,,CN\1CC(=O)N/C1=N/C(=O)NC2=CC(=CC=C2)Cl,0,,,,,,,,,,,,,,,
,,,,,,C1=CC(=CC=C1C(C2=CC=C(C=C2)Cl)(C(Cl)(Cl)Cl)O)Cl,1,,,,,,,,,,,,,,,
,,,,,,CC(=O)C1=CC=CC=N1,0,,,,,,,,,,,,,,,
,,,,,,C1=CC=C(C(=C1)C(=O)C2=C(C=CC(=C2)Cl)N)F,1,,,,,,,,,,,,,,,
,,,,,,C[C@H]1C[C@@H](C(=O)[C@@H](C1)[C@@H](CC2CC(=O)NC(=O)C2)O)C,0,,,,,,,,,,,,,,,
,,,,,,CC1=CC(=CC(=C1)OP(=O)(OC2=CC(=CC(=C2)C)C)OC3=CC(=CC(=C3)C)C)C,1,,,,,,,,,,,,,,,
,,,,,,C1CCN[C@@H](C1)[C@H](C2=CC=CC=C2)NC(=O)C3=C(C(=CC=C3)C(F)(F)F)Cl,1,,,,,,,,,,,,,,,
,,,,,,CC1=C(C=CC(=C1)OP(=S)(OC)OC)SC,1,,,,,,,,,,,,,,,
,,,,,,CC/C(=N\OC/C=C/Cl)/C1=C(CC(CC1=O)CC(C)SCC)O,1,,,,,,,,,,,,,,,
,,,,,,C1=CC=C(C=C1)CCN=C=S,1,,,,,,,,,,,,,,,
,,,,,,C1=CC(=CC=C1C2=CC=C(C=C2)N)N,1,,,,,,,,,,,,,,,
,,,,,,CN(CCOC1=CC=C(C=C1)CC2C(=O)NC(=O)S2)C3=CC=CC=N3.C(=C\C(=O)O)\C(=O)O,1,,,,,,,,,,,,,,,
,,,,,,CNC(=O)CSP(=S)(OC)OC,1,,,,,,,,,,,,,,,
,,,,,,CCCCOCCOCCOCCOCCO,0,,,,,,,,,,,,,,,
,,,,,,CN(C)CC[C@@H](C1=CC=C(C=C1)Cl)C2=CC=CC=N2.Cl,0,,,,,,,,,,,,,,,
,,,,,,C[C@H]1[C@@H](SC(=O)N1C(=O)NC2CCCCC2)C3=CC=C(C=C3)Cl,1,,,,,,,,,,,,,,,
,,,,,,CC1(O[C@@H]2CO[C@@]3([C@H]([C@@H]2O1)OC(O3)(C)C)COS(=O)(=O)N)C,0,,,,,,,,,,,,,,,
,,,,,,CC(C)(C1=CC=CC=C1)OOC(C)(C)C2=CC=CC=C2,1,,,,,,,,,,,,,,,
,,,,,,CCCC[N+]1=CC=CC(=C1)C.[I-],0,,,,,,,,,,,,,,,
,,,,,,CN(C)N=O,0,,,,,,,,,,,,,,,
,,,,,,C(C(=O)N)F,0,,,,,,,,,,,,,,,
,,,,,,CC1=CC(=C(C=C1)[N+](=O)[O-])[N+](=O)[O-],0,,,,,,,,,,,,,,,
,,,,,,C1=CC=C(C=C1)NC(=O)CS,1,,,,,,,,,,,,,,,
,,,,,,C1[C@H]([C@H](OC2=CC(=CC(=C21)O)O)C3=CC(=C(C(=C3)O)O)O)OC(=O)C4=CC(=C(C(=C4)O)O)O,1,,,,,,,,,,,,,,,
,,,,,,CC1CC2=C(CC1(C)C(=O)C)C(CCC2)(C)C,0,,,,,,,,,,,,,,,
,,,,,,C1=CC=C(C=C1)C(=O)C2=C(C(=C(C=C2)O)O)O,1,,,,,,,,,,,,,,,
,,,,,,CC(=O)C(=O)O,0,,,,,,,,,,,,,,,
,,,,,,CC(CC(C1=CC=CC=C1)(C2=CC=CC=C2)C(=O)N)N(C)C.OS(=O)(=O)O,0,,,,,,,,,,,,,,,
,,,,,,CC1=C(C=CN=C1CS(=O)C2=NC3=CC=CC=C3N2)OCC(F)(F)F,1,,,,,,,,,,,,,,,
,,,,,,C1=CC(=CC=C1C(C2=CC=C(C=C2)O)C(Cl)(Cl)Cl)O,1,,,,,,,,,,,,,,,
,,,,,,CN(C)CC/C=C\1/C2=CC=CC=C2COC3=C1C=C(C=C3)CC(=O)O.Cl,0,,,,,,,,,,,,,,,
,,,,,,CC(C)COP(=O)(OCC(C)C)OCC(C)C,0,,,,,,,,,,,,,,,
,,,,,,CC1=C(C(=CC=C1)C)N(C(C)C(=O)OC)C(=O)COC,0,,,,,,,,,,,,,,,
,,,,,,C1CN(CCC12CNC(=O)O2)CCC3=CC=CC=C3.Cl,0,,,,,,,,,,,,,,,
,,,,,,CC1=CC(=NC(=N1)NS(=O)(=O)C2=CC=C(C=C2)N)C,0,,,,,,,,,,,,,,,
,,,,,,C1OC2=C(O1)C=C(C=C2)O,1,,,,,,,,,,,,,,,
,,,,,,CC1=CC(=CC=C1)OP(=O)(OC2=CC=CC(=C2)C)OC3=CC=CC(=C3)C,1,,,,,,,,,,,,,,,
,,,,,,CC1=C(C(=CC=C1)CC2=CN=CN2)C.Cl,1,,,,,,,,,,,,,,,
,,,,,,C1=C(N=CS1)C#N,0,,,,,,,,,,,,,,,
,,,,,,C1=CC(=CC=C1[N+](=O)[O-])O,0,,,,,,,,,,,,,,,
,,,,,,CC[Ge](CC)(CC)Cl,0,,,,,,,,,,,,,,,
,,,,,,CC(C[N+](C)(C)C)OC(=O)N.[Cl-],0,,,,,,,,,,,,,,,
,,,,,,CCCCOC(=O)C1=CC=CC=C1C(=O)OCC2=CC=CC=C2,1,,,,,,,,,,,,,,,
,,,,,,CC[N+]1(CCCC1)C.[Br-],0,,,,,,,,,,,,,,,
,,,,,,CC(=O)NC1=C2C(=CC(=C1)S(=O)(=O)[O-])C=C(C(=C2O)N=NC3=CC=CC=C3OC)S(=O)(=O)[O-].[Na+].[Na+],1,,,,,,,,,,,,,,,
,,,,,,C/C(=N\NC(=O)NC1=CC(=CC(=C1)F)F)/C2=C(C=CC=N2)C(=O)O,1,,,,,,,,,,,,,,,
,,,,,,C1=CC(=C(C=C1[N+](=O)[O-])[N+](=O)[O-])O/N=C/C2=CC(=C(C(=C2)Br)O)Br,1,,,,,,,,,,,,,,,
,,,,,,CC1(CCC(C2=C1C=CC(=C2)C(=O)NC3=CC=C(C=C3)C(=O)O)(C)C)C,1,,,,,,,,,,,,,,,
,,,,,,CC(=C)[C@H]1CCC(=CC1)C=O,1,,,,,,,,,,,,,,,
,,,,,,CC1=CC(=C2C(=C1)C=C(N2CC(=O)O)C(=O)NC3=NC(=C(S3)CCC4CCCCC4)C5=CC(=C(C=C5OC)Cl)OC)C.C(=O)(C(F)(F)F)O,1,,,,,,,,,,,,,,,
,,,,,,CC#C[C@@]1(CC[C@@H]2[C@@]1(CC[C@H]3[C@H]2C[C@@H](C4=CC(=O)CC[C@]34C)C)C)O,1,,,,,,,,,,,,,,,
,,,,,,C1=CC=C2C(=C1)C3=CC=CC4=C3C5=C(C=CC=C25)C=C4,0,,,,,,,,,,,,,,,
,,,,,,CCCCCCCCCOS(=O)(=O)[O-].[Na+],1,,,,,,,,,,,,,,,
,,,,,,CC=C(Cl)Cl,0,,,,,,,,,,,,,,,
,,,,,,COC1=C(C2=C(CC3C4=CC5=C(C=C4CCN3C2)OCO5)C=C1)OC,1,,,,,,,,,,,,,,,
,,,,,,CCOC1=NC(=CC2=NC(=NN21)S(=O)(=O)NC3=C(C=CC=C3Cl)Cl)F,1,,,,,,,,,,,,,,,
,,,,,,CCCCOC(=O)CC(CC(=O)OCCCC)(C(=O)OCCCC)OC(=O)C,1,,,,,,,,,,,,,,,
,,,,,,CCCC[N+]1(CCCC1)C.F[P-](F)(F)(F)(F)F,0,,,,,,,,,,,,,,,
,,,,,,CCCN(CCC)C1=C(C=C(C=C1[N+](=O)[O-])S(=O)(=O)C)[N+](=O)[O-],1,,,,,,,,,,,,,,,
,,,,,,CN1CCC(=C2C3=C(C(=O)CC4=CC=CC=C42)SC=C3)CC1,0,,,,,,,,,,,,,,,
,,,,,,CC(C)(CO)N,0,,,,,,,,,,,,,,,
,,,,,,C1=CC=C(C(=C1)C(C2=CC=C(C=C2)Cl)C(Cl)(Cl)Cl)Cl,1,,,,,,,,,,,,,,,
,,,,,,C1=NC(=C2C(=N1)N(C=N2)[C@H]3[C@@H]([C@@H]([C@H](O3)COP(=O)(O)O)O)O)N,0,,,,,,,,,,,,,,,
,,,,,,CC1=CC(=C(C=C1)C)[N+](=O)[O-],0,,,,,,,,,,,,,,,
,,,,,,CC1=C(C(=CC=C1)C)NC(=O)CN2CCCC2=O,0,,,,,,,,,,,,,,,
,,,,,,CC(C)(C#N)N,0,,,,,,,,,,,,,,,
,,,,,,CCCCNC(=S)NCCCC,1,,,,,,,,,,,,,,,
,,,,,,CN(C)CCN(CC1=CC=CC=C1)C2=CC=CC=N2.C(C(=O)O)C(CC(=O)O)(C(=O)O)O,0,,,,,,,,,,,,,,,
,,,,,,CC1=CC=C(C=C1)C(C)NC(=O)[C@H](C(C)C)NC(=O)OC(C)C,1,,,,,,,,,,,,,,,
,,,,,,C1=CC(=CC=C1C(=O)C(=O)C2=CC=C(C=C2)Br)Br,0,,,,,,,,,,,,,,,
,,,,,,C1=CC=C(C=C1)C(Cl)Cl,0,,,,,,,,,,,,,,,
,,,,,,COC1=C2C=CC(=O)OC2=CC3=C1C=CO3,1,,,,,,,,,,,,,,,
,,,,,,C1=CN(C(=O)N=C1N)[C@H]2[C@H]([C@@H]([C@H](O2)CO)O)O,0,,,,,,,,,,,,,,,
,,,,,,C1CN(P(=O)(OC1)NCCCl)CCCl,0,,,,,,,,,,,,,,,
,,,,,,C1=CC(=C(C=C1Br)Br)Br,0,,,,,,,,,,,,,,,
,,,,,,CC(CCCC(C)(C)O)C=C,0,,,,,,,,,,,,,,,
,,,,,,CN(C)C1=NC(=NC(=N1)N(C)C)N(C)C,0,,,,,,,,,,,,,,,
,,,,,,CCOC(=O)NC(C)(C)CC1=CC=C(C=C1)Cl,1,,,,,,,,,,,,,,,
,,,,,,C1=C(C(=NC(=C1Cl)Cl)OCC(=O)O)Cl,1,,,,,,,,,,,,,,,
,,,,,,C1=CC=C(C=C1)COC(=O)C2=CC=C(C=C2)O,1,,,,,,,,,,,,,,,
,,,,,,CC(C)CON=O,0,,,,,,,,,,,,,,,
,,,,,,CCC(=O)C1=CC=C(C=C1)O,0,,,,,,,,,,,,,,,
,,,,,,C(#N)C1=C(C(=C(C(=C1Cl)Cl)Cl)C#N)Cl,1,,,,,,,,,,,,,,,
,,,,,,C1=CC(=C(C=C1C=C(C#N)C#N)O)O,1,,,,,,,,,,,,,,,
,,,,,,C1CN(CCC1C=C(C2=CC=CC=C2)C3=CC=CC=C3)C(=O)CCCCCCCCC4=CN=CC=C4,1,,,,,,,,,,,,,,,
,,,,,,CCCC(C)C=O,0,,,,,,,,,,,,,,,
,,,,,,CC1=CC=C(C=C1)S(=O)(=O)NC(=O)NN2CCCCCC2,1,,,,,,,,,,,,,,,
,,,,,,CC1=C(C(=O)N(N1C)C2=CC=CC=C2)N,0,,,,,,,,,,,,,,,
,,,,,,CCOC1=NN=C(C=C1)NS(=O)(=O)C2=CC=C(C=C2)N,0,,,,,,,,,,,,,,,
,,,,,,C[C@@H]1CN(CC[C@@]1(C2=CC=CC=C2)C(=O)O)C3CCC(CC3)(C#N)C4=CC=C(C=C4)F.Cl,0,,,,,,,,,,,,,,,
,,,,,,C1=CC(=C(C(=C1)F)CN2C=C(N=N2)C(=O)N)F,0,,,,,,,,,,,,,,,
,,,,,,CN([C@H]1CC[C@@]2(CCCO2)C[C@@H]1N3CCCC3)C(=O)CC4=CC=CC=C4,0,,,,,,,,,,,,,,,
,,,,,,C/C(=C/CCl)/Cl,0,,,,,,,,,,,,,,,
,,,,,,CN1CN(CN(C1)C)C,0,,,,,,,,,,,,,,,
,,,,,,COC1=CC(=C(C=C1Cl)OC)Cl,1,,,,,,,,,,,,,,,
,,,,,,CN(C)CC(C1=CC=C(C=C1)OC)C2(CCCCC2)O,0,,,,,,,,,,,,,,,
,,,,,,C1COCCN1CCOC(=O)C2=C(N=CC=C2)NC3=CC=CC(=C3)C(F)(F)F,1,,,,,,,,,,,,,,,
,,,,,,CC1(C(=O)NC(=O)O1)C,0,,,,,,,,,,,,,,,
,,,,,,CC(=O)[C@]1(CC[C@@H]2[C@@]1(CC[C@H]3[C@H]2C=C(C4=CC(=O)CC[C@]34C)Cl)C)OC(=O)C,1,,,,,,,,,,,,,,,
,,,,,,CC/C=C\CCOC(=O)/C(=C/C)/C,0,,,,,,,,,,,,,,,
,,,,,,CCN(CC)C1=NC(=CC(=N1)OP(=S)(OCC)OCC)C,1,,,,,,,,,,,,,,,
,,,,,,CNC(=O)O/N=C(/C(=O)N(C)C)\SC,0,,,,,,,,,,,,,,,
,,,,,,CC(=CCCC(C)(C=C)OC(=O)/C=C/C1=CC=CC=C1)C,1,,,,,,,,,,,,,,,
,,,,,,C1=CC(=C(C=C1NC(=O)C2=C(C(=CC(=C2)Cl)Cl)O)Cl)Cl,1,,,,,,,,,,,,,,,
,,,,,,C(#N)[N-]C#N.[Na+],0,,,,,,,,,,,,,,,
,,,,,,C1COCCN1CCN,0,,,,,,,,,,,,,,,
,,,,,,CN(C)CCC1=CNC2=C1C(=CC=C2)OP(=O)(O)O,0,,,,,,,,,,,,,,,
,,,,,,C1CCC(CC1)SN2C(=O)C3=CC=CC=C3C2=O,1,,,,,,,,,,,,,,,
,,,,,,C1COCCC1(C(=O)NO)NS(=O)(=O)C2=CC=C(C=C2)OC3=CC=C(C=C3)F,1,,,,,,,,,,,,,,,
,,,,,,C1CC1(C(CC2=CC=CC=C2Cl)(CN3C=NC=N3)O)Cl,1,,,,,,,,,,,,,,,
,,,,,,CC1=CN=C(S1)NC(=O)C2=C(C3=CC=CC=C3S(=O)(=O)N2C)O,1,,,,,,,,,,,,,,,
,,,,,,CCOC(C1=CC=CC=C1)(C2=CC=CC=C2)C(=O)OCCN(C)C,1,,,,,,,,,,,,,,,
,,,,,,C1=CC=C(C=C1)COC(=O)/C=C/C2=CC=CC=C2,1,,,,,,,,,,,,,,,
,,,,,,CC(C)C1=CC=C(C=C1)C#N,0,,,,,,,,,,,,,,,
,,,,,,C1=CC(=CC=C1C[C@@H](C(=O)O)N)N(CCCl)CCCl,1,,,,,,,,,,,,,,,
,,,,,,CC1CC(CC(C1)(C)C)OC(=O)C(=C)C,0,,,,,,,,,,,,,,,
,,,,,,COC1=C(C=C(C=C1)Cl)C(=O)OC,0,,,,,,,,,,,,,,,
,,,,,,CC1=CC2=C(C=C1)NC3C2CN(CC3)C,0,,,,,,,,,,,,,,,
,,,,,,CC(C)(C)C1=CC(=C(C(=C1)C(C)(C)C)O)C(C)(C)C,1,,,,,,,,,,,,,,,
,,,,,,CN(C)CCC#N,0,,,,,,,,,,,,,,,
,,,,,,CC1=C(C(CC=C1)(C)C)C=O,0,,,,,,,,,,,,,,,
,,,,,,CCCCC(CC)COC(=O)C1=C(C(=C(C(=C1Br)Br)Br)Br)C(=O)OCC(CC)CCCC,0,,,,,,,,,,,,,,,
,,,,,,C1C(C(CS1(=O)=O)(Cl)Cl)(Cl)Cl,1,,,,,,,,,,,,,,,
,,,,,,CC(C)N(C1=CC=CC=C1)C(C)C,0,,,,,,,,,,,,,,,
,,,,,,CC(=CCC/C(=C/CO)/C)C,1,,,,,,,,,,,,,,,
,,,,,,CCCCCCCCCCCC(=O)OC,0,,,,,,,,,,,,,,,
,,,,,,C=CCS(=O)(=O)[O-].[Na+],0,,,,,,,,,,,,,,,
,,,,,,C1=CC=C(C=C1)NN,1,,,,,,,,,,,,,,,
,,,,,,CNC(=S)N(C)C,0,,,,,,,,,,,,,,,
,,,,,,C1=CC(=CC=C1C(Cl)(Cl)Cl)C(Cl)(Cl)Cl,1,,,,,,,,,,,,,,,
,,,,,,CCNC1=NC(=NC(=N1)SC)NCC,0,,,,,,,,,,,,,,,
,,,,,,CC(C)CC(=O)CC(C)C,0,,,,,,,,,,,,,,,
,,,,,,C=CCOCC(CO)O,0,,,,,,,,,,,,,,,
,,,,,,CC1=CC(=C(C(=C1)C(C)(C)C)O)C(C)(C)C,0,,,,,,,,,,,,,,,
,,,,,,COCCOCCOCCO,0,,,,,,,,,,,,,,,
,,,,,,CNC(=S)NN,1,,,,,,,,,,,,,,,
,,,,,,CC1=C(C(CCC1)(C)C)/C=C/C(=C/C=C/C(=C/C(=O)O)/C)/C,1,,,,,,,,,,,,,,,
,,,,,,CN(C)[C@@H](CCOC1=CC=CC2=CC=CC=C21)C3=CC=CC=C3,1,,,,,,,,,,,,,,,
,,,,,,CC(C)C1=C(N(N(C1=O)C2=CC=CC=C2)C)CN(C)C(C)CC3=CC=CC=C3,1,,,,,,,,,,,,,,,
,,,,,,CC(CN(CC(C)O)CC(C)O)O,0,,,,,,,,,,,,,,,
,,,,,,CC1=C(C(=O)C(=C(C1=O)C)C(CCCCCC(=O)O)C2=CC=CC=C2)C,1,,,,,,,,,,,,,,,
,,,,,,CC1=CC(=CC(=C1O)[N+](=O)[O-])[N+](=O)[O-],1,,,,,,,,,,,,,,,
,,,,,,CCN(CC)C(=O)/C(=C(\C)/OP(=O)(OC)OC)/Cl,0,,,,,,,,,,,,,,,
,,,,,,C([C@@H]1[C@@H]([C@@H]([C@H]([C@@H](O1)O[C@@H]2[C@H](O[C@H]([C@@H]([C@H]2O)O)O)CO)O)O)O)O,0,,,,,,,,,,,,,,,
,,,,,,COC1=CC(=CC(=C1OC)OC)[C@H]2[C@@H]3[C@H](COC3=O)[C@H](C4=CC5=C(C=C24)OCO5)O,1,,,,,,,,,,,,,,,
,,,,,,CC(C)C(C(C)(C)CO)O,1,,,,,,,,,,,,,,,
,,,,,,CC1=C(C2=CC=CC=C2N1CCC(=O)O)CN3C=CN=C3,1,,,,,,,,,,,,,,,
,,,,,,CC(=O)O[C@H]1C[C@@H]2CC[C@@H]3[C@@H]([C@]2(C[C@@H]1N4CCCCC4)C)CC[C@]5([C@H]3C[C@@H]([C@@H]5OC(=O)C)[N+]6(CCCCC6)C)C.[Br-],0,,,,,,,,,,,,,,,
,,,,,,CC1C(C2=C(C1(C)C)C(=O)CCC2)(C)C,0,,,,,,,,,,,,,,,
,,,,,,CC1=CCC2C(C1)C2(C)C,1,,,,,,,,,,,,,,,
,,,,,,C(CC(CBr)(C#N)Br)C#N,1,,,,,,,,,,,,,,,
,,,,,,CCCC(=O)O,0,,,,,,,,,,,,,,,
,,,,,,CC1(C(=O)N(C(=O)N1)C2=CC(=C(C=C2)[N+](=O)[O-])C(F)(F)F)C,1,,,,,,,,,,,,,,,
,,,,,,CC1=C(SC=C1)/C=C/C2=NCCCN2C.[C@@H]([C@@H](C(=O)O)O)(C(=O)O)O,0,,,,,,,,,,,,,,,
,,,,,,C1=CC=C(C=C1)COC(=O)/C=C/C2=CC=CC=C2,1,,,,,,,,,,,,,,,
,,,,,,C1=CC=C(C=C1)NC2=CC=C(C=C2)N=O,1,,,,,,,,,,,,,,,
,,,,,,C1=CC(=C(C(=C1)Cl)O)Cl,0,,,,,,,,,,,,,,,
,,,,,,CCCCCCCCCCCCCCCO,1,,,,,,,,,,,,,,,
,,,,,,CC1=CCC(CC1)(C(C)C)O,0,,,,,,,,,,,,,,,
,,,,,,C([C@@H]1[C@H]([C@@H]([C@H](C(O1)O)N)O)O)O.Cl,0,,,,,,,,,,,,,,,
,,,,,,C1=C(C(=C(C(=C1Cl)Cl)CC2=C(C(=CC(=C2Cl)Cl)Cl)O)O)Cl,1,,,,,,,,,,,,,,,
,,,,,,CC1=NN(C(=O)C1N=NC2=CC=CC=C2)C3=C(C=CC(=C3)S(=O)(=O)[O-])Cl.[Na+],0,,,,,,,,,,,,,,,
,,,,,,CC(C)(C)NC[C@@H](COC1=NSN=C1N2CCOCC2)O.C(=C\C(=O)O)\C(=O)O,0,,,,,,,,,,,,,,,
,,,,,,C1=CC(=C(C=C1O)C=O)Br,1,,,,,,,,,,,,,,,
,,,,,,CC1C2=NN=C(N2C3=C(C=C(S3)CCC4=CC=C(C=C4)CC(C)C)C(=N1)C5=CC=CC=C5Cl)C,1,,,,,,,,,,,,,,,
,,,,,,CC1(C(C(C1O)(C)C)O)C,0,,,,,,,,,,,,,,,
,,,,,,C[N+](C)(C)CC1=CC=CC=C1.[OH-],1,,,,,,,,,,,,,,,
,,,,,,CC#CC1=NC(=NC(=C1)C)NC2=CC=CC=C2,1,,,,,,,,,,,,,,,
,,,,,,C1C2C(COS(=O)(=O)O1)C3(C(=C(C2(C3(Cl)Cl)Cl)Cl)Cl)Cl,1,,,,,,,,,,,,,,,
,,,,,,C1=CC=C(C=C1)[Hg]Cl,1,,,,,,,,,,,,,,,
,,,,,,C1=CC=C(C=C1)CC#N,0,,,,,,,,,,,,,,,
,,,,,,CC1=C(C(=CC=C1)C)NC(=O)C(C)N.Cl,0,,,,,,,,,,,,,,,
,,,,,,C1=CC(C2C1C3(C(=C(C2(C3(Cl)Cl)Cl)Cl)Cl)Cl)Cl,1,,,,,,,,,,,,,,,
,,,,,,[Li+].C(C(C(C(C(F)(F)S(=O)(=O)[O-])(F)F)(F)F)(F)F)(C(C(C(F)(F)F)(F)F)(F)F)(F)F,1,,,,,,,,,,,,,,,
,,,,,,CC1(C(=O)C(C1=O)(C)C)C,0,,,,,,,,,,,,,,,
,,,,,,CC(C)OP(=O)(CP(=O)(OC(C)C)OC(C)C)OC(C)C,0,,,,,,,,,,,,,,,
,,,,,,CC1=C(C(=O)N(N1C)C2=CC=CC=C2)NC(=O)C3=CN=CC=C3,0,,,,,,,,,,,,,,,
,,,,,,C1=C(C=C(C(=C1O)O)O)C(=O)OC2=CC(=CC(=C2O)O)C(=O)OC[C@@H]3[C@H]([C@@H]([C@H]([C@@H](O3)OC(=O)C4=CC(=C(C(=C4)OC(=O)C5=CC(=C(C(=C5)O)O)O)O)O)OC(=O)C6=CC(=C(C(=C6)OC(=O)C7=CC(=C(C(=C7)O)O)O)O)O)OC(=O)C8=CC(=C(C(=C8)OC(=O)C9=CC(=C(C(=C9)O)O)O)O)O)OC(=O)C1=CC(=C(C(=C1)OC(=O)C1=CC(=C(C(=C1)O)O)O)O)O,1,,,,,,,,,,,,,,,
,,,,,,C1=CC(=S)N(C=C1)[O-].[Na+],1,,,,,,,,,,,,,,,
,,,,,,C1=CC=C(C=C1)C(=O)C2=CC(=CC=C2)O,0,,,,,,,,,,,,,,,
,,,,,,CCCCCCCCCCCCOS(=O)(=O)O.CC[C@@H]1[C@@]([C@@H]([C@H](C(=O)[C@@H](C[C@@]([C@@H]([C@H]([C@@H]([C@H](C(=O)O1)C)O[C@H]2C[C@@]([C@H]([C@@H](O2)C)O)(C)OC)C)O[C@H]3[C@@H]([C@H](C[C@H](O3)C)N(C)C)OC(=O)CC)(C)O)C)C)O)(C)O,1,,,,,,,,,,,,,,,
,,,,,,CC1=CC(=C(C=C1)N)S(=O)(=O)O,1,,,,,,,,,,,,,,,
,,,,,,CCOP(=S)(OCC)OC1=CC=C(C=C1)S(=O)C,1,,,,,,,,,,,,,,,
,,,,,,CCC(C)(C)C1=CC=C(C=C1)O,1,,,,,,,,,,,,,,,
,,,,,,CC(C)(C)CC(C)(C)C1=CC=CC=C1O,1,,,,,,,,,,,,,,,
,,,,,,C1=CC(=C(C=C1Cl)CC2=C(C=CC(=C2)Cl)O)O,1,,,,,,,,,,,,,,,
,,,,,,C(C(OC(F)F)(F)F)(F)Cl,0,,,,,,,,,,,,,,,
,,,,,,CCOC(=O)N(C)N=O,0,,,,,,,,,,,,,,,
,,,,,,CC(C)(C)C1CCCCC1O,0,,,,,,,,,,,,,,,
,,,,,,CS(=O)(=O)C1=C(C(=C(C=C1)C(=O)C2C(=O)CCCC2=O)Cl)COCC(F)(F)F,1,,,,,,,,,,,,,,,
,,,,,,CC(C)C[C@@H](C(=O)N[C@@H](CCCN=C(N)N)C(=O)N1CCC[C@H]1C(=O)NCC(=O)N)NC(=O)CNC(=O)[C@H](CC2=CC=C(C=C2)O)NC(=O)[C@H](CO)NC(=O)[C@H](CC3=CNC4=CC=CC=C43)NC(=O)[C@H](CC5=CN=CN5)NC(=O)[C@@H]6CCC(=O)N6.Cl,0,,,,,,,,,,,,,,,
,,,,,,C1=CC(=CC=C1OC2=CC=C(C=C2)Br)Br,1,,,,,,,,,,,,,,,
,,,,,,CCCCCCCCCCCCSC,0,,,,,,,,,,,,,,,
,,,,,,C1C[C@@H](O[C@@H]1CO)N2C=NC3=C2N=CNC3=O,0,,,,,,,,,,,,,,,
,,,,,,C1=CC=C(C=C1)OC2=NC=CC(=N2)C3=C(N=CN3C(CO)CO)C4=CC=C(C=C4)F,1,,,,,,,,,,,,,,,
,,,,,,C1CC2C(C1)C3CC2CC3=O,0,,,,,,,,,,,,,,,
,,,,,,CC1([C@@H](N2[C@H](S1)[C@@H](C2=O)NC(=O)[C@@H](C3=CC=CC=C3)N)C(=O)O)C,0,,,,,,,,,,,,,,,
,,,,,,C1C(O1)COCCOCC2CO2,0,,,,,,,,,,,,,,,
,,,,,,CC(C)CN1C=NC2=C1C3=CC=CC=C3N=C2N,0,,,,,,,,,,,,,,,
,,,,,,C1=CC=C2C(=C1)C3=CC=CC=C3C2(C4=CC=C(C=C4)O)C5=CC=C(C=C5)O,1,,,,,,,,,,,,,,,
,,,,,,C1CC1C#C[C@]2(C3=C(C=CC(=C3)Cl)NC(=O)O2)C(F)(F)F,1,,,,,,,,,,,,,,,
,,,,,,CN1CC[C@]23[C@@H]4[C@H]1CC5=C2C(=C(C=C5)O)O[C@H]3[C@H](C=C4)O.CN1CC[C@]23[C@@H]4[C@H]1CC5=C2C(=C(C=C5)O)O[C@H]3[C@H](C=C4)O.O.O.O.O.O.OS(=O)(=O)O,0,,,,,,,,,,,,,,,
,,,,,,C1=CC=C2C(=C1)C(OS2(=O)=O)(C3=CC=C(C=C3)O)C4=CC=C(C=C4)O,1,,,,,,,,,,,,,,,
,,,,,,C1=CC=C2C=C(C=CC2=C1)S(=O)(=O)O,0,,,,,,,,,,,,,,,
,,,,,,C1=CC=C(C=C1)C2=NC3=CC=CC=C3C(=C2)C(=O)O,1,,,,,,,,,,,,,,,
,,,,,,CCNCC(=C)C,0,,,,,,,,,,,,,,,
,,,,,,C1=C(C=NC(=C1Cl)NC2=C(C=C(C(=C2[N+](=O)[O-])Cl)C(F)(F)F)[N+](=O)[O-])C(F)(F)F,1,,,,,,,,,,,,,,,
,,,,,,C/C=C\C/C=C/CCCCCCCCOC(=O)C,1,,,,,,,,,,,,,,,
,,,,,,C1=CC(=CC=C1N)O,1,,,,,,,,,,,,,,,
,,,,,,C1=CC=C(C=C1)CCOC(=O)C2=CC=CC=C2N,1,,,,,,,,,,,,,,,
,,,,,,CC(C)(C)C1=CC(=C(C=C1)O)O,1,,,,,,,,,,,,,,,
,,,,,,CC1=CC=CC=C1OCC(CO)O,0,,,,,,,,,,,,,,,
,,,,,,CC(C)CP(=S)(CC(C)C)[S-].[Na+],1,,,,,,,,,,,,,,,
,,,,,,C([C@@H]1[C@@H]2[C@@H]([C@H]([C@H](O1)O[C@@H]3[C@H](O[C@@H]([C@@H]([C@H]3O)O)O[C@@H]4[C@H](O[C@@H]([C@@H]([C@H]4O)O)O[C@@H]5[C@H](O[C@@H]([C@@H]([C@H]5O)O)O[C@@H]6[C@H](O[C@@H]([C@@H]([C@H]6O)O)O[C@@H]7[C@H](O[C@@H]([C@@H]([C@H]7O)O)O[C@@H]8[C@H](O[C@@H]([C@@H]([C@H]8O)O)O[C@@H]9[C@H](O[C@H](O2)[C@@H]([C@H]9O)O)CO)CO)CO)CO)CO)CO)CO)O)O)O,0,,,,,,,,,,,,,,,
,,,,,,CC1=C(N=CN1)C2=CC=C(C=C2)Cl,1,,,,,,,,,,,,,,,
,,,,,,C1=CC(=CC=C1N)Cl,1,,,,,,,,,,,,,,,
,,,,,,[NH4+].[NH4+].[O-]S(=O)(=O)OOS(=O)(=O)[O-],0,,,,,,,,,,,,,,,
,,,,,,CCOC(/C=C(\C)/CCC=C(C)C)OCC,0,,,,,,,,,,,,,,,
,,,,,,COC(=O)C1=CC(=CC(=C1)S(=O)(=O)[O-])C(=O)OC.[Na+],0,,,,,,,,,,,,,,,
,,,,,,C1=CC=C(C=C1)NN.Cl,1,,,,,,,,,,,,,,,
,,,,,,COC1=CC(=O)O[C@H](C1)/C=C/C2=CC=CC=C2,1,,,,,,,,,,,,,,,
,,,,,,CC1=CC(=NO1)NS(=O)(=O)C2=CC=C(C=C2)N,0,,,,,,,,,,,,,,,
,,,,,,CC(=O)OC1CCCCC1C(C)(C)C,0,,,,,,,,,,,,,,,
,,,,,,CNC(=O)OC1=CC=CC2=CC=CC=C21,0,,,,,,,,,,,,,,,
,,,,,,C=CCCC(=O)O,0,,,,,,,,,,,,,,,
,,,,,,C1[C@@H]2[C@H](COS(=O)O1)[C@@]3(C(=C([C@]2(C3(Cl)Cl)Cl)Cl)Cl)Cl,1,,,,,,,,,,,,,,,
,,,,,,C/C=C/C=C/C(=O)O,1,,,,,,,,,,,,,,,
,,,,,,CC1=CC(=C(C=C1)N=CN(C)C=NC2=C(C=C(C=C2)C)C)C,0,,,,,,,,,,,,,,,
,,,,,,C1CCC2C(C1)O2,0,,,,,,,,,,,,,,,
,,,,,,CC1=CC(=CC=C1)C,0,,,,,,,,,,,,,,,
,,,,,,C1=CC=C(C=C1)OC(=O)C2=CC=C(C=C2)O,1,,,,,,,,,,,,,,,
,,,,,,CCN(C(=O)N)N=O,0,,,,,,,,,,,,,,,
,,,,,,CC1=CC(=CC(=C1OC2=C3CCCC3=C(C=C2)O)C)NC(=O)C(=O)O,1,,,,,,,,,,,,,,,
,,,,,,CCCC(=O)OCC1=CC=CC=C1,0,,,,,,,,,,,,,,,
,,,,,,CCN(CCO)CCO,0,,,,,,,,,,,,,,,
,,,,,,CC1=NN(C(=O)C1)C2=CC=CC=C2,1,,,,,,,,,,,,,,,
,,,,,,CCO[Si](C=C)(OCC)OCC,0,,,,,,,,,,,,,,,
,,,,,,C[N+](C)(CC=C)CC=C.[Cl-],0,,,,,,,,,,,,,,,
,,,,,,CC1=CC=C(C=C1)C(=O)OC,0,,,,,,,,,,,,,,,
,,,,,,CC(=CCC=C(C)C=C)C,1,,,,,,,,,,,,,,,
,,,,,,CC(C)S,0,,,,,,,,,,,,,,,
,,,,,,CC1=C(C(C(=C(N1)C)C(=O)OCC(C)C)C2=CC=CC=C2[N+](=O)[O-])C(=O)OC,1,,,,,,,,,,,,,,,
,,,,,,CC1=CC=CC=C1N=NC2=CC(=C(C=C2)N)C,1,,,,,,,,,,,,,,,
,,,,,,C([C@H]([C@H]([C@@H]([C@H](CO)O)O)O)O)O,0,,,,,,,,,,,,,,,
,,,,,,COC1=CC=C(C=C1)CO,0,,,,,,,,,,,,,,,
,,,,,,C(C(=O)[O-])S.[NH4+],0,,,,,,,,,,,,,,,
,,,,,,CC(C)C1(C(=O)NC(=N1)C2=NC3=CC=CC=C3C=C2C(=O)O)C,0,,,,,,,,,,,,,,,
,,,,,,CC1=C(C(C(=C(N1)C)C(=O)OC(C)(C)CN(C)CCC(C2=CC=CC=C2)C3=CC=CC=C3)C4=CC(=CC=C4)[N+](=O)[O-])C(=O)OC.Cl,1,,,,,,,,,,,,,,,
,,,,,,C1=CC=C(C(=C1)C2=NC(=NO2)C3=CC=NC=C3)Cl,1,,,,,,,,,,,,,,,
,,,,,,C1=CC=C2C=C3C=C(C=CC3=CC2=C1)N,1,,,,,,,,,,,,,,,
,,,,,,[Cl-].[Cl-].[Hg+2],1,,,,,,,,,,,,,,,
,,,,,,CCOC1=CC=C(C=C1)[N+](=O)[O-],1,,,,,,,,,,,,,,,
,,,,,,C1CCN[C@H](C1)[C@H](C2=CC(=NC3=C2C=CC=C3C(F)(F)F)C(F)(F)F)O.Cl,0,,,,,,,,,,,,,,,
,,,,,,C(C(=O)O)(Br)Br,0,,,,,,,,,,,,,,,
,,,,,,CC(=O)NC1=CC=CC=C1,0,,,,,,,,,,,,,,,
,,,,,,CC(=CCC/C(=C/CC/C(=C/C(=O)OCC(=O)[C@]1(CC[C@@H]2[C@@]1(C[C@@H]([C@H]3[C@H]2CCC4=CC(=O)C=C[C@]34C)O)C)O)/C)/C)C,1,,,,,,,,,,,,,,,
,,,,,,CCCN(CCC)C1=C(C=C(C=C1[N+](=O)[O-])C(C)C)[N+](=O)[O-],1,,,,,,,,,,,,,,,
,,,,,,CC[C@H]1CN2CCC3=CC(=C(C=C3[C@@H]2C[C@@H]1C[C@@H]4C5=CC(=C(C=C5CCN4)OC)OC)OC)OC,0,,,,,,,,,,,,,,,
,,,,,,C1=CC2=C(C=C1C(=O)C3=CC4=C(C=C3)C(=O)OC4=O)C(=O)OC2=O,0,,,,,,,,,,,,,,,
,,,,,,CC1=CC(=O)N(N1C)C2=CC=CC=C2,0,,,,,,,,,,,,,,,
,,,,,,CN1CCCN(CC1)C(C2=CC=CC=C2)C3=CC=C(C=C3)Cl,0,,,,,,,,,,,,,,,
,,,,,,C1=CC(=CC(=C1)[N+](=O)[O-])C(=O)O,0,,,,,,,,,,,,,,,
,,,,,,C1=CC=C(C=C1)S(=O)(=O)OC2=C(C=C(C=C2)Cl)Cl,1,,,,,,,,,,,,,,,
,,,,,,CCCCNC1=C2C(=C(C=C1)NCCCC)C(=O)C3=CC=CC=C3C2=O,0,,,,,,,,,,,,,,,
,,,,,,CC(C)OC(=O)C1=CC=CC=C1OP(=S)(N)OC,1,,,,,,,,,,,,,,,
,,,,,,CN1CCC(CC1)NC(=O)C2=CC(=C(C=C2)NC3=NC=C4C(=N3)N(CC(C(=O)N4C)(F)F)C5CCCC5)OC,1,,,,,,,,,,,,,,,
,,,,,,CC1=CC=C(C=C1)S(=O)(=O)NC(=O)NC2CCCCCCC2,1,,,,,,,,,,,,,,,
,,,,,,C1=CC(=CC(=C1)Br)C=O,1,,,,,,,,,,,,,,,
,,,,,,CCC1(CCCCN(C1)C)C2=CC(=CC=C2)O.Cl,0,,,,,,,,,,,,,,,
,,,,,,C(C(=O)O)(Cl)Cl,0,,,,,,,,,,,,,,,
,,,,,,C1=CSC(=C1)CNC2=CC(=C(C=C2C3=NNN=N3)S(=O)(=O)N)Cl,1,,,,,,,,,,,,,,,
,,,,,,CCOCCOCC,0,,,,,,,,,,,,,,,
,,,,,,CC[N+]1=CC=CC=C1.F[P-](F)(F)(F)(F)F,0,,,,,,,,,,,,,,,
,,,,,,CC(C)[C@@H](CC1=CC(=C(C=C1)OC)OCCCOC)C[C@@H]([C@H](C[C@@H](C(C)C)C(=O)NCC(C)(C)C(=O)N)O)N.Cl,0,,,,,,,,,,,,,,,
,,,,,,CCCC(CCC)C(=O)[O-].[Na+],0,,,,,,,,,,,,,,,
,,,,,,CCC1=C(C(=CC=C1)CC)N(COC)C(=O)CCl,1,,,,,,,,,,,,,,,
,,,,,,CC[N+](CC)(CC)CC1=CC=CC=C1.[Cl-],0,,,,,,,,,,,,,,,
,,,,,,CCCCC(CC)COCC1CO1,0,,,,,,,,,,,,,,,
,,,,,,C1=CN(C(=O)N=C1N)[C@H]2C([C@@H]([C@H](O2)CO)O)(F)F.Cl,0,,,,,,,,,,,,,,,
,,,,,,CNCCCC1C2=CC=CC=C2C=CC3=CC=CC=C13.Cl,0,,,,,,,,,,,,,,,
,,,,,,CCCCOC(=O)COC(=O)C1=CC=CC=C1C(=O)OCCCC,1,,,,,,,,,,,,,,,
,,,,,,CCCC(=O)NC1=CC(=C(C=C1)OCC(CNC(C)C)O)C(=O)C.Cl,0,,,,,,,,,,,,,,,
,,,,,,CC/C=C(/C1=CSC(=N1)N)\C(=O)N[C@H]2[C@@H]3N(C2=O)C(=C(CS3)COC(=O)N)C(=O)OCOC(=O)C(C)(C)C.Cl,1,,,,,,,,,,,,,,,
,,,,,,C=CCOC1=C(C=C(C=C1Br)Br)Br,1,,,,,,,,,,,,,,,
,,,,,,C1=CC=C(C=C1)COC2=CC=C(C=C2)O,1,,,,,,,,,,,,,,,
,,,,,,C1=CC=C(C=C1)S(=O)(=O)C2=CC=C(C=C2)Cl,0,,,,,,,,,,,,,,,
,,,,,,CNC(=O)C1=CC=CC=C1SC2=CC3=C(C=C2)C(=NN3)/C=C/C4=CC=CC=N4,1,,,,,,,,,,,,,,,
,,,,,,CC(C)NC1=NC(=NC(=N1)OC)NC(C)C,0,,,,,,,,,,,,,,,
,,,,,,CC1=CC(=C(C(=C1)C)C(=O)P(=O)(C2=CC=CC=C2)C(=O)C3=C(C=C(C=C3C)C)C)C,1,,,,,,,,,,,,,,,
,,,,,,C1=CC(=CC=C1N=NC2=CC(=C(C=C2)O)C(=O)O)[N+](=O)[O-],1,,,,,,,,,,,,,,,
,,,,,,C1=CC=C(C=C1)C(=O)O[C@H]([C@H](C(=O)O)OC(=O)C2=CC=CC=C2)C(=O)O,0,,,,,,,,,,,,,,,
,,,,,,CCC1=CC=CC=C1O,1,,,,,,,,,,,,,,,
,,,,,,COCCOCCOCCO,0,,,,,,,,,,,,,,,
,,,,,,CP(=O)([O-])OCCC[Si](O)(O)O.[Na+],0,,,,,,,,,,,,,,,
,,,,,,C=CCN1CC[C@]23[C@@H]4C(=O)CC[C@]2([C@H]1CC5=C3C(=C(C=C5)O)O4)O,0,,,,,,,,,,,,,,,
,,,,,,CN(C)C1=CC2=C(C=C1)N=C3C=CC(=[N+](C)C)C=C3S2.[Cl-],1,,,,,,,,,,,,,,,
,,,,,,C1=NC2=C(C(=O)N1)N=CN2[C@H]3[C@@H]([C@@H]([C@H](O3)CO)O)O,0,,,,,,,,,,,,,,,
,,,,,,CC(=CCC/C(=C/C#N)/C)C,0,,,,,,,,,,,,,,,
,,,,,,C1=CC=C(C=C1)OP(=O)(OC2=CC=CC=C2)Cl,1,,,,,,,,,,,,,,,
,,,,,,C1=CSC(=N1)N,0,,,,,,,,,,,,,,,
,,,,,,C1=CC(=CC=C1NC(=O)C2=C(C(=CC(=C2)Br)Br)O)Br,1,,,,,,,,,,,,,,,
,,,,,,CC(C)C1=CC2=CC[C@@H]3[C@@]([C@H]2CC1)(CCC[C@@]3(C)C(=O)OC)C,1,,,,,,,,,,,,,,,
,,,,,,CCNS(=O)(=O)C(C(C(C(C(C(C(C(F)(F)F)(F)F)(F)F)(F)F)(F)F)(F)F)(F)F)(F)F,1,,,,,,,,,,,,,,,
,,,,,,CCN1CCC2=C(CC1)OC(=N2)N.Cl.Cl,0,,,,,,,,,,,,,,,
,,,,,,C1CCN(CC1)CCOC(C2=CC=CC=C2)C3=CC=C(C=C3)Cl.Cl,0,,,,,,,,,,,,,,,
,,,,,,CCN(CC)CC(=O)OC1=CC=C(C=C1)NC(=O)C,0,,,,,,,,,,,,,,,
,,,,,,CCOP(=S)(OCC)SCCS(=O)(=O)CC,1,,,,,,,,,,,,,,,
,,,,,,C[Si](C)(C)O[Si](C)(C)O[Si](C)(C)C,0,,,,,,,,,,,,,,,
,,,,,,C1=CC=C2C=C(C(=CC2=C1)C(=O)O)O,1,,,,,,,,,,,,,,,
,,,,,,CCCC[N+](C)(C)C.C(F)(F)(F)S(=O)(=O)[N-]S(=O)(=O)C(F)(F)F,1,,,,,,,,,,,,,,,
,,,,,,CC1=CC(=C(C=C1)C)O,0,,,,,,,,,,,,,,,
,,,,,,CC1=C(C(CCC1)(C)C)/C=C/C(=C/C=C/C(=C/COC(=O)C)/C)/C,1,,,,,,,,,,,,,,,
,,,,,,C1(=O)C2(C3(C4(C1(C5(C2(C3(C(C45Cl)(Cl)Cl)Cl)Cl)Cl)Cl)Cl)Cl)Cl,1,,,,,,,,,,,,,,,
,,,,,,C1CC(CCC1C(=O)O)C(=O)O,0,,,,,,,,,,,,,,,
,,,,,,CN1CCN([C@H](C1)C2=CC=C(C=C2)F)CC3=CC(=CO3)C4=CC5=C(C=C4)NC(=O)O5.O.Cl,0,,,,,,,,,,,,,,,
,,,,,,CCCCC(CN1C=NC=N1)(C#N)C2=CC=C(C=C2)Cl,1,,,,,,,,,,,,,,,
,,,,,,CC(C)(CCO)OC,0,,,,,,,,,,,,,,,
,,,,,,CC(=O)O[C@H]1C[C@@H]2CC[C@]1(C2(C)C)C,0,,,,,,,,,,,,,,,
,,,,,,CCCCCCCCCCN1C=C[N+](=C1C)CCCCCCCCCC.[Cl-],1,,,,,,,,,,,,,,,
,,,,,,CN=C=O,0,,,,,,,,,,,,,,,
,,,,,,C[C@]12CC(=O)[C@H]3[C@H]([C@@H]1CC[C@@]2(C(=O)CO)O)CCC4=CC(=O)C=C[C@]34C,0,,,,,,,,,,,,,,,
,,,,,,CC1=CC=C(C=C1)CCl,0,,,,,,,,,,,,,,,
,,,,,,CC/C(=C(\C1=CC=C(C=C1)O)/C2=CC=C(C=C2)OCCN(C)C)/C3=CC=CC=C3,1,,,,,,,,,,,,,,,
,,,,,,C1C(O1)COC2=CC=C(C=C2)CC3=CC=C(C=C3)OCC4CO4,1,,,,,,,,,,,,,,,
,,,,,,CC1=CC(=C(C(=C1)C)C(=O)O)C,0,,,,,,,,,,,,,,,
,,,,,,CN(C)C1=CC=C(C=C1)C(=O)C2=CC=C(C=C2)N(C)C,1,,,,,,,,,,,,,,,
,,,,,,CC(=O)NC1=CC2=C(C=C1)C3=C(C2)C=C(C=C3)NC(=O)C,0,,,,,,,,,,,,,,,
,,,,,,CCN(CC)C1=CC2=C(C=C1)C(=CC(=O)O2)C,0,,,,,,,,,,,,,,,
,,,,,,CC1=CC=C(C=C1)C(C)(C)C,0,,,,,,,,,,,,,,,
,,,,,,CC(C)(C1=CC=C(C=C1)OCC2CO2)C3=CC=C(C=C3)OCC4CO4,1,,,,,,,,,,,,,,,
,,,,,,C1CN(CCN1)C2=NC3=CC=CC=C3C=C2.C(=C\C(=O)O)\C(=O)O,0,,,,,,,,,,,,,,,
,,,,,,C1=CC=C(C=C1)NC2=CC3=CC=CC=C3C=C2,1,,,,,,,,,,,,,,,
,,,,,,C1=CC(=CC=C1N)Br,1,,,,,,,,,,,,,,,
,,,,,,C1=CC(=C(C(=C1)Cl)CCl)F,0,,,,,,,,,,,,,,,
,,,,,,C[C@H](CCCC(C)C)[C@H]1CC[C@@H]\2[C@@]1(CCC/C2=C\C=C\3/C[C@H](CCC3=C)O)C,1,,,,,,,,,,,,,,,
,,,,,,CCCCCCCCCCCC[N+](C)(C)CC1=CC=CC=C1.[Cl-],1,,,,,,,,,,,,,,,
,,,,,,C1=CC=C(C=C1)OC2=CC=CC(=C2)C=O,1,,,,,,,,,,,,,,,
,,,,,,C1=CC(=CC(=C1)O)O,0,,,,,,,,,,,,,,,
,,,,,,C1=CC=C2C(=C1)C3=CC=CC=C3C2=O,1,,,,,,,,,,,,,,,
,,,,,,C1[C@H](C2=C(O1)C=C(C=C2)OCC3=CC=CC=C3)N(C(=O)N)O,1,,,,,,,,,,,,,,,
,,,,,,CC(C)CC(C)CC(=O)CC(C)C,0,,,,,,,,,,,,,,,
,,,,,,CC(=CCOC(=O)C)C,0,,,,,,,,,,,,,,,
,,,,,,CC1=CC2=C(C=C1C(F)(F)F)N(CC2)C(=O)NC3=CN=C(C=C3)OC4=C(N=CC=C4)C.Cl,1,,,,,,,,,,,,,,,
,,,,,,CCCCCCC(C)(C)S,0,,,,,,,,,,,,,,,
,,,,,,C[C@@H]1CN(C[C@@H](N1)C)C2=C(C3=C(C(=C2F)F)C(=O)C(=CN3C4CC4)C(=O)O)F,0,,,,,,,,,,,,,,,
,,,,,,CC1CN(NC1=O)C2=CC=CC=C2,1,,,,,,,,,,,,,,,
,,,,,,CCOC(=O)CC(C(=O)C)C(=O)C,0,,,,,,,,,,,,,,,
,,,,,,CC1CCC2CC1C2(C)C,0,,,,,,,,,,,,,,,
,,,,,,C1CC(C(C(C1)(COC(=O)C2=CN=CC=C2)COC(=O)C3=CN=CC=C3)O)(COC(=O)C4=CN=CC=C4)COC(=O)C5=CN=CC=C5,1,,,,,,,,,,,,,,,
,,,,,,C(CNC(=S)[S-])NC(=S)[S-].[Mn+2],1,,,,,,,,,,,,,,,
,,,,,,CN1C=NC2=C1C=C(C(=C2F)NC3=C(C=C(C=C3)Br)Cl)C(=O)NOCCO,1,,,,,,,,,,,,,,,
,,,,,,COP(=O)(OC)OC(C(Cl)(Cl)Br)Br,1,,,,,,,,,,,,,,,
,,,,,,C1=CC=C(C=C1)[As]=O,0,,,,,,,,,,,,,,,
,,,,,,C1=CC=C2C(=C1)C(=CN2)CC(=O)O,0,,,,,,,,,,,,,,,
,,,,,,CCSC(=O)Cl,0,,,,,,,,,,,,,,,
,,,,,,CN(C)C1=CC=C(C=C1)CCO,1,,,,,,,,,,,,,,,
,,,,,,C1=CC(=C(C=C1N=C=O)Cl)Cl,1,,,,,,,,,,,,,,,
,,,,,,CCCCN(CCCC)C(=S)SSC(=S)N(CCCC)CCCC,1,,,,,,,,,,,,,,,
,,,,,,CC(COC1=CC=CC=C1)NC(C)C(C2=CC=C(C=C2)O)O.Cl,1,,,,,,,,,,,,,,,
,,,,,,CC1=CC2=C(C(=C1)O)C(=O)C3=C(C2=O)C=CC=C3O,0,,,,,,,,,,,,,,,
,,,,,,CC1=CC(=CC(=C1O)C(C)(C)C)CCC(=O)OCCOCCOCCOC(=O)CCC2=CC(=C(C(=C2)C)O)C(C)(C)C,1,,,,,,,,,,,,,,,
,,,,,,CC\1=C(C2=C(/C1=C\C3=CC=C(C=C3)SC)C=CC(=C2)F)CC(=O)O,1,,,,,,,,,,,,,,,
,,,,,,C[C@]12CC[C@H]3[C@H]([C@@H]1CC[C@]2(C#C)O)CCC4=C3C=CC(=C4)OC5CCCC5,1,,,,,,,,,,,,,,,
,,,,,,CCCCCCCC/C=C\CCCCCCCC(=O)OC,0,,,,,,,,,,,,,,,
,,,,,,CCCCCCCCCC(=O)C,0,,,,,,,,,,,,,,,
,,,,,,C[C@@H]1CC2=C(CCC(=O)C2)[C@@H]3[C@@H]1[C@@H]4CC[C@]([C@]4(CC3)C)(C#C)O,1,,,,,,,,,,,,,,,
,,,,,,C1=CC=C(C=C1)C(=O)CCl,1,,,,,,,,,,,,,,,
,,,,,,CC1=C(C2=CC=CC=C2C(=C1)O)O,1,,,,,,,,,,,,,,,
,,,,,,CO[C@H]1[C@@H](C[C@@H]2CN3CCC4=C([C@H]3C[C@@H]2[C@@H]1C(=O)OC)NC5=C4C=CC(=C5)OC)OC(=O)C6=CC(=C(C(=C6)OC)OC)OC,1,,,,,,,,,,,,,,,
,,,,,,C(COCCOCCC#N)C#N,0,,,,,,,,,,,,,,,
,,,,,,CCOC(=S)SSC(=S)OCC,1,,,,,,,,,,,,,,,
,,,,,,C1C=CCC2C1C(=O)N(C2=O)SC(C(Cl)Cl)(Cl)Cl,1,,,,,,,,,,,,,,,
,,,,,,C1C(=O)CC2=CC=CC=C21,1,,,,,,,,,,,,,,,
,,,,,,COC1=CC(=C(C=C1)C(=O)C2=C(C=C(C=C2)OC)O)O,1,,,,,,,,,,,,,,,
,,,,,,CC(C)COC=C,0,,,,,,,,,,,,,,,
,,,,,,CCCCC(CC)COC(=O)COC1=CC(=C(C=C1Cl)Cl)Cl,1,,,,,,,,,,,,,,,
,,,,,,CCCC[N+]1=CC=CC=C1.C(F)(F)(F)S(=O)(=O)[O-],0,,,,,,,,,,,,,,,
,,,,,,CCCCCCCCCCCCCCCCCCN1C=C[N+](=C1)C.F[P-](F)(F)(F)(F)F,1,,,,,,,,,,,,,,,
,,,,,,C1CC2=C(C=CC=C2O)C(=O)C1,0,,,,,,,,,,,,,,,
,,,,,,CCOP(=S)(OCC)O/N=C(\C#N)/C1=CC=CC=C1,1,,,,,,,,,,,,,,,
,,,,,,CC1=C(C(=CC=C1)N)N,1,,,,,,,,,,,,,,,
,,,,,,CCC[N+]1(CCCCC1)C.C(F)(F)(F)S(=O)(=O)[N-]S(=O)(=O)C(F)(F)F,1,,,,,,,,,,,,,,,
,,,,,,CC1=C(C=CN=C1CS(=O)C2=NC3=CC=CC=C3N2)OCC(F)(F)F,1,,,,,,,,,,,,,,,
,,,,,,CCN(CC)C(=S)[S-].O.O.O.[Na+],1,,,,,,,,,,,,,,,
,,,,,,CC(=O)OC1=CC=C(C=C1)C2(C3=CC=CC=C3NC2=O)C4=CC=C(C=C4)OC(=O)C,1,,,,,,,,,,,,,,,
,,,,,,CCC(C)NC(=O)N,0,,,,,,,,,,,,,,,
,,,,,,CC1=CSC(=C1N([C@@H](C)COC)C(=O)CCl)C,0,,,,,,,,,,,,,,,
,,,,,,CN[C@H]1CC[C@H](C2=C1C=C(C=C2)S(=O)(=O)N)C3=CC(=C(C=C3)Cl)Cl,1,,,,,,,,,,,,,,,
,,,,,,CS(=O)(=O)C1=CC=C(C=C1)[C@H]([C@@H](CO)NC(=O)C(Cl)Cl)O,0,,,,,,,,,,,,,,,
,,,,,,[B-](F)(F)(F)F.CCCC[N+]1=CC=CC=C1C,0,,,,,,,,,,,,,,,
,,,,,,CC(C)(C)N(C(=O)C1=CC=CC=C1)NC(=O)C2=CC=C(C=C2)Cl,1,,,,,,,,,,,,,,,
,,,,,,CC1=CC=C(C=C1)OP(=O)(OC2=CC=C(C=C2)C)OC3=CC=C(C=C3)C,1,,,,,,,,,,,,,,,
,,,,,,CC(C)OC(=O)C(C)(C)OC1=CC=C(C=C1)C(=O)C2=CC=C(C=C2)Cl,1,,,,,,,,,,,,,,,
,,,,,,CCCCCCCCC,0,,,,,,,,,,,,,,,
,,,,,,C1=CC=C(C=C1)P(C2=CC=CC=C2)C3=CC=CC=C3,1,,,,,,,,,,,,,,,
,,,,,,CCCN([C@@H]1CCC2=C(C1)C=C(C=C2)OC)C3CCN(CC3)C(=O)C4CCNCC4,0,,,,,,,,,,,,,,,
,,,,,,COC1=CC2=C(C=C1)N=C(S2)NC(=O)NC3=CC=CC=C3,1,,,,,,,,,,,,,,,
,,,,,,C1=CC=C2C(=C1)C(=CN2)CC(=O)C(=O)O,1,,,,,,,,,,,,,,,
,,,,,,CN(C)CCOC1=CC=C(C=C1)/C(=C(/CCCl)\C2=CC=CC=C2)/C3=CC=CC=C3.C(C(=O)O)C(CC(=O)O)(C(=O)O)O,1,,,,,,,,,,,,,,,
,,,,,,C(C(=O)[O-])Cl.[Na+],0,,,,,,,,,,,,,,,
,,,,,,CCCCCCCCN1C(=O)C=CS1,1,,,,,,,,,,,,,,,
,,,,,,C(C(=O)C(Cl)Cl)Cl,1,,,,,,,,,,,,,,,
,,,,,,CCOP(=S)(OCC)SCSC(C)(C)C,1,,,,,,,,,,,,,,,
,,,,,,CC1=CC(=C(C(=C1)C)O)C,1,,,,,,,,,,,,,,,
,,,,,,C1=CC=C2C(=C1)NC=N2,0,,,,,,,,,,,,,,,
,,,,,,CC(C(=O)O)OC1=CC(=C(C=C1Cl)Cl)Cl,1,,,,,,,,,,,,,,,
,,,,,,C1=CC(=C(C=C1C[C@@H](C(=O)O)N)I)OC2=CC(=C(C(=C2)I)O)I,1,,,,,,,,,,,,,,,
,,,,,,C1=CC(=C(C=C1Cl)N)O,1,,,,,,,,,,,,,,,
,,,,,,CCCCCCC(CCCCCCCCCCC(=O)O)O,0,,,,,,,,,,,,,,,
,,,,,,CC(C)COC(=O)C1=CC=CC=C1O,0,,,,,,,,,,,,,,,
,,,,,,CC(C)(C)C(/C(=C\C1=C(C=C(C=C1)Cl)Cl)/N2C=NC=N2)O,1,,,,,,,,,,,,,,,
,,,,,,CCCCCCCCCCCCOCCO,1,,,,,,,,,,,,,,,
,,,,,,CC(=O)C1=NC=CS1,1,,,,,,,,,,,,,,,
,,,,,,C1=CC(=CC=C1/C=C/C2=CC(=CC(=C2)O)O)O,1,,,,,,,,,,,,,,,
,,,,,,CCCCCCOC1=C(C(=C(C(=C1)C)O)C)C,1,,,,,,,,,,,,,,,
,,,,,,C1=CC=C(C=C1)S,1,,,,,,,,,,,,,,,
,,,,,,CC(CCO)O,0,,,,,,,,,,,,,,,
,,,,,,C(C(F)(Cl)Cl)(F)(Cl)Cl,0,,,,,,,,,,,,,,,
,,,,,,CC(C(C)S)S,0,,,,,,,,,,,,,,,
,,,,,,CCCCCCCCCCCCCCCCCC(=O)OCCCCCCCCCCCCCC(C)C,0,,,,,,,,,,,,,,,
,,,,,,C(C(C(C(C(F)(F)S(=O)(=O)N)(F)F)(F)F)(F)F)(C(C(C(F)(F)F)(F)F)(F)F)(F)F,1,,,,,,,,,,,,,,,
,,,,,,C(CCCCl)CCCl,0,,,,,,,,,,,,,,,
,,,,,,C1=CC=C(C=C1)C(=O)C2=C(C(=C(C=C2)O)O)O,1,,,,,,,,,,,,,,,
,,,,,,CCCC(CCC)C(=O)O,1,,,,,,,,,,,,,,,
,,,,,,CN1CCCN=C1/C=C/C2=CC=CS2.[C@@H]([C@H](C(=O)O)O)(C(=O)O)O,0,,,,,,,,,,,,,,,
,,,,,,CCOC1=NC2=CC=CC(=C2N1CC3=CC=C(C=C3)C4=CC=CC=C4C5=NNN=N5)C(=O)O,1,,,,,,,,,,,,,,,
,,,,,,CCCCCCCCS(=O)C(C)CC1=CC2=C(C=C1)OCO2,1,,,,,,,,,,,,,,,
,,,,,,CN(C)C(=O)[C@@H]1C[C@H](CN1[C@]2(C3=C(C=CC(=C3)Cl)N(C2=O)S(=O)(=O)C4=C(C=C(C=C4)OC)OC)C5=CC=CC=C5OC)O,1,,,,,,,,,,,,,,,
,,,,,,C1=C(C=C(C(=C1Cl)N)Cl)[N+](=O)[O-],0,,,,,,,,,,,,,,,
,,,,,,CN1C(=NN=N1)SCC2=C(N3[C@@H]([C@@](C3=O)(NC(=O)C(C4=CC=C(C=C4)O)C(=O)[O-])OC)OC2)C(=O)[O-].[Na+].[Na+],0,,,,,,,,,,,,,,,
,,,,,,C1CCN(CC1)CC(COC(=O)NC2=CC=CC=C2)OC(=O)NC3=CC=CC=C3.Cl,1,,,,,,,,,,,,,,,
,,,,,,C/C=C(\C)/C=O,0,,,,,,,,,,,,,,,
,,,,,,CC(C)(C)CC(C)(C)C1=CC=C(C=C1)OCCOCC[N+](C)(C)CC2=CC=CC=C2.[Cl-],0,,,,,,,,,,,,,,,
,,,,,,CC1C=C[C-]=C1.[C-]#[O+].[C-]#[O+].[C-]#[O+].[Mn],0,,,,,,,,,,,,,,,
,,,,,,COP(=O)(OC)OC1=CC=C(C=C1)[N+](=O)[O-],0,,,,,,,,,,,,,,,
,,,,,,CC(C)(C)CC(C)(C)C1=CC=C(C=C1)OCCOCC[N+](C)(C)CC2=CC=CC=C2.[Cl-],1,,,,,,,,,,,,,,,
,,,,,,OP(=O)(O)O,0,,,,,,,,,,,,,,,
,,,,,,CC1=CC(=C(C(=C1)C)C)C,0,,,,,,,,,,,,,,,
,,,,,,CCCCCCCC,0,,,,,,,,,,,,,,,
,,,,,,C1=CC(=CC=C1C(C2=CC=C(C=C2)Cl)C(Cl)Cl)Cl,1,,,,,,,,,,,,,,,
,,,,,,CC(C)(C)C1=CC=C(C=C1)OCC2CO2,1,,,,,,,,,,,,,,,
,,,,,,C1CC2CC(CC1N2C3=NC=CC=N3)NCC(=O)N4CC(C[C@H]4C#N)(F)F,1,,,,,,,,,,,,,,,
,,,,,,C[N+](C)(C)CCCCCC[N+](C)(C)C.[Cl-].[Cl-],0,,,,,,,,,,,,,,,
,,,,,,CCOP(=S)(OC1=CN=C(N=C1)C(C)(C)C)OC(C)C,1,,,,,,,,,,,,,,,
,,,,,,COCCl,0,,,,,,,,,,,,,,,
,,,,,,CC1=C2C(=CC=C1)SC(=N2)N,0,,,,,,,,,,,,,,,
,,,,,,CC1=C(C2=C(C=C1)C(=O)C3=CC=CC=C3C2=O)N,1,,,,,,,,,,,,,,,
,,,,,,CCOC(=O)NCCOC1=CC=C(C=C1)OC2=CC=CC=C2,1,,,,,,,,,,,,,,,
,,,,,,CC(C)CCOCC1=CC=CC=C1,0,,,,,,,,,,,,,,,
,,,,,,C1=CC(=CC=C1CCC(=O)C2=C(C=C(C=C2O)O)O)O,1,,,,,,,,,,,,,,,
,,,,,,C1CC(CCC1CO)CO,0,,,,,,,,,,,,,,,
,,,,,,CC1=C(C(=O)OC2=C1C=CC(=C2)O)Cl,0,,,,,,,,,,,,,,,
,,,,,,C[C@]12CCC(=O)C=C1[C@H](C[C@@H]3[C@@H]2[C@H](C[C@]4([C@H]3C[C@@H]5[C@]4(OC(O5)(C)C)C(=O)CO)C)O)F,0,,,,,,,,,,,,,,,
,,,,,,C1=CC=C2C(=C1)C(=O)OC2(C3=CC=C(C=C3)O)C4=CC=C(C=C4)O,1,,,,,,,,,,,,,,,
,,,,,,CC1([C@@H](N2[C@H](S1(=O)=O)CC2=O)C(=O)O)C,0,,,,,,,,,,,,,,,
,,,,,,COC1=CC=C(C=C1)C2=CC(=S)SS2,1,,,,,,,,,,,,,,,
,,,,,,CCN(CC)C1=CC2=C(C=C1)C(=C3C=CC(=[N+](CC)CC)C=C3O2)C4=CC=CC=C4C(=O)O.[Cl-],1,,,,,,,,,,,,,,,
,,,,,,COC(=O)NC1=NC2=C(N1)C=C(C=C2)S(=O)C3=CC=CC=C3,0,,,,,,,,,,,,,,,
,,,,,,CCCCCCC1CCCC(=O)O1,1,,,,,,,,,,,,,,,
,,,,,,CCOC(=O)C1=CC=C(C=C1)C2CCC(CC2)NC[C@@H](COC3=CC(=C(C=C3)O)NS(=O)(=O)C)O.Cl,1,,,,,,,,,,,,,,,
,,,,,,CC[C@]12CC[C@H]3[C@H]([C@@H]1CC[C@]2(C#C)OC(=O)C)CCC4=C/C(=N/O)/CC[C@H]34,1,,,,,,,,,,,,,,,
,,,,,,CC1=CC(=NC(=N1)NC2=CC=CC=C2)C3CC3,1,,,,,,,,,,,,,,,
,,,,,,C[C@]12CCC(=O)C=C1CC[C@@H]3[C@@H]2C(=O)C[C@]4([C@H]3CC[C@@]4(C(=O)CO)O)C,0,,,,,,,,,,,,,,,
,,,,,,COC1=C(C=CC(=C1)C2=CC(=C(C=C2)N)OC)N,1,,,,,,,,,,,,,,,
,,,,,,C(CS)C(=O)OCC(COC(=O)CCS)(COC(=O)CCS)COC(=O)CCS,1,,,,,,,,,,,,,,,
,,,,,,C[C@@]1([C@H]2[C@@H]([C@H]3[C@@H](C(=O)C(=C([C@]3(C(=O)C2=C(C4=C1C=CC=C4O)O)O)O)C(=O)N)N(C)C)O)O.O.O,1,,,,,,,,,,,,,,,
,,,,,,CC(C)OC(=O)C(C1=CC=C(C=C1)Cl)(C2=CC=C(C=C2)Cl)O,1,,,,,,,,,,,,,,,
,,,,,,CCCCCCCC(=O)OCC(CO)O,0,,,,,,,,,,,,,,,
,,,,,,COC(=O)C(C1=CC=CC=C1Cl)N2CCC3=C(C2)C=CS3.OS(=O)(=O)O,1,,,,,,,,,,,,,,,
,,,,,,CC1=C(C=C(C=C1)O)C,0,,,,,,,,,,,,,,,
,,,,,,C1=CC(=C(C=C1C2=CC(=C(C=C2)N)Cl)Cl)N,1,,,,,,,,,,,,,,,
,,,,,,CCOC1=CC2=C(C=C1)NC(C=C2C)(C)C,1,,,,,,,,,,,,,,,
,,,,,,C/C(=C\C1=CC=C(C=C1)C(=O)O)/C2=CC3=C(C=C2)C(CCC3(C)C)(C)C,0,,,,,,,,,,,,,,,
,,,,,,CCCCCON=O,0,,,,,,,,,,,,,,,
,,,,,,CCC1=C2C(=CC=C1)C3=C(N2)C(OCC3)(CC)CC(=O)O,1,,,,,,,,,,,,,,,
,,,,,,C1=CC(=CC=C1C(=O)O)N,0,,,,,,,,,,,,,,,
,,,,,,C1=CC(=C(C(=C1)Cl)Cl)[N+](=O)[O-],0,,,,,,,,,,,,,,,
,,,,,,C[Si](O[Si](C)(C)C)O[Si](C)(C)C,0,,,,,,,,,,,,,,,
,,,,,,CC12CC3CC(C1)(CC(C3)(C2)N)C,0,,,,,,,,,,,,,,,
,,,,,,CCCC[Sn](CCCC)(Cl)Cl,1,,,,,,,,,,,,,,,
,,,,,,CCCC(=O)OC,0,,,,,,,,,,,,,,,
,,,,,,CCN(CC)C(=S)[S-].CCN(CC)C(=S)[S-].[Zn+2],1,,,,,,,,,,,,,,,
,,,,,,C[C@]12CCC(=O)C=C1CC[C@@H]3[C@@H]2CC[C@]4([C@H]3CC[C@]4(C)O)C,1,,,,,,,,,,,,,,,
,,,,,,CC(=O)NCCC1=CNC2=C1C=C(C=C2)OC,1,,,,,,,,,,,,,,,
,,,,,,CC(=CCCC(=O)C)C,0,,,,,,,,,,,,,,,
,,,,,,C1=C(C=C(C(=C1Cl)Cl)Cl)Cl,0,,,,,,,,,,,,,,,
,,,,,,CCOC1=CC=CC(=C1)N2C=C(N=C2C3=CC=C(C=C3)C)C(=O)N4CCN(CC4)C5=CC6=CC=CC=C6C(=C5)C(=O)[O-].[Na+],1,,,,,,,,,,,,,,,
,,,,,,CCCCC1=NC(=C(N1CC2=CC=C(C=C2)C3=CC=CC=C3C4=NNN=N4)CO)Cl,1,,,,,,,,,,,,,,,
,,,,,,C1=CC=C(C=C1)NC2=CC=CC=C2,1,,,,,,,,,,,,,,,
,,,,,,C1=CC=C(C=C1)COC2=CC=C(C=C2)S(=O)(=O)C3=CC=CC=C3O,1,,,,,,,,,,,,,,,
,,,,,,C1CC(C2=C(C3=CC=CC=C3N=C2C1)N)O.C(=C\C(=O)O)\C(=O)O,0,,,,,,,,,,,,,,,
,,,,,,COP(=O)(C)OC,0,,,,,,,,,,,,,,,
,,,,,,CCCCOCNC(=O)C=C,0,,,,,,,,,,,,,,,
,,,,,,C1(=C(N=C(C(=N1)Cl)N)N)C(=O)N=C(N)N,0,,,,,,,,,,,,,,,
,,,,,,CN(C)C1=CC(=CC=C1)O,1,,,,,,,,,,,,,,,
,,,,,,CC(=O)O.C1C[C@H](N(C1)C(=O)[C@@H]2CSSCCC(=O)N[C@H](C(=O)N[C@H](C(=O)N[C@H](C(=O)N[C@H](C(=O)N2)CC(=O)N)CCC(=O)N)CC3=CC=CC=C3)CC4=CC=C(C=C4)O)C(=O)N[C@@H](CCCN=C(N)N)C(=O)NCC(=O)N,0,,,,,,,,,,,,,,,
,,,,,,CC1=C(OC(=C1C(=O)NC2=CC=CC=C2)C)C,1,,,,,,,,,,,,,,,
,,,,,,CCCCCCCCCCCCN1CCOCC1,0,,,,,,,,,,,,,,,
,,,,,,CC1=C(C(C(=C(N1)C)C(=O)OCC(=O)C)C2=CC=CC=C2[N+](=O)[O-])C(=O)OC,1,,,,,,,,,,,,,,,
,,,,,,CC1=CC(=C(C=C1Cl)C)Cl,0,,,,,,,,,,,,,,,
,,,,,,CC(=O)N1CCN(CC1)C2=CC=C(C=C2)OC[C@H]3CO[C@](O3)(CN4C=CN=C4)C5=C(C=C(C=C5)Cl)Cl,1,,,,,,,,,,,,,,,
,,,,,,C(=S)(NN)NN,1,,,,,,,,,,,,,,,
,,,,,,CC(C)CC(C)O,0,,,,,,,,,,,,,,,
,,,,,,CC(=O)O[C@@H]1CC2CCC1(C2(C)C)C,0,,,,,,,,,,,,,,,
,,,,,,CCCOC(=O)C1=CN=CN1C(C)C2=CC=CC=C2,1,,,,,,,,,,,,,,,
,,,,,,C1=CC=C2C(=C1)NC(=N2)CCC(=O)O,0,,,,,,,,,,,,,,,
,,,,,,CCCN1C=C[N+](=C1C)C.[I-],0,,,,,,,,,,,,,,,
,,,,,,CC(C1=CC=C(C=C1)Cl)(C2=CC=C(C=C2)Cl)O,1,,,,,,,,,,,,,,,
,,,,,,CC1=C(C(=CC=C1)O)C,0,,,,,,,,,,,,,,,
,,,,,,CCCOC(=O)C1=CC=CC=C1C(=O)OCCC,1,,,,,,,,,,,,,,,
,,,,,,C1=CC=C(C=C1)OCCO,0,,,,,,,,,,,,,,,
,,,,,,CCNCC,0,,,,,,,,,,,,,,,
,,,,,,C1=CC2=C(C(=C1)OCC(COC3=CC=CC4=C3C(=O)C=C(O4)C(=O)[O-])O)C(=O)C=C(O2)C(=O)[O-].[Na+].[Na+],0,,,,,,,,,,,,,,,
,,,,,,N(=O)[O-].[K+],0,,,,,,,,,,,,,,,
,,,,,,CN1C=NC2=C1C(=O)N(C(=O)N2C)C.C(C(=O)O)C(CC(=O)O)(C(=O)O)O,0,,,,,,,,,,,,,,,
,,,,,,CC(C)CC1=CC=C(C=C1)C(C)C(=O)O,1,,,,,,,,,,,,,,,
,,,,,,CC1=C(C(CCC1)(C)C)/C=C/C(=C/C=C/C(=C/C=O)/C)/C,1,,,,,,,,,,,,,,,
,,,,,,C1=CC=C(C(=C1)C(C2=CC=C(C=C2)F)(C3=CN=CN=C3)O)Cl,1,,,,,,,,,,,,,,,
,,,,,,CCCCCCCCCCCCN1C=C[N+](=C1)C.C(F)(F)(F)S(=O)(=O)[N-]S(=O)(=O)C(F)(F)F,1,,,,,,,,,,,,,,,
,,,,,,CCCCCCCCCCCCCC(=O)OC(C)C,0,,,,,,,,,,,,,,,
,,,,,,CC1=C[C@@H]2[C@H](CC[C@]3([C@H]2CC(=C)[C@@]3(C(=O)C)OC(=O)C)C)[C@@]4(C1=CC(=O)CC4)C,1,,,,,,,,,,,,,,,
,,,,,,CC1=CC=C(C=C1)C2=CC(=NN2C3=CC=C(C=C3)S(=O)(=O)N)C(F)(F)F,1,,,,,,,,,,,,,,,
,,,,,,CC1=CC(=C(C=C1)NC2=C(C=CC=C2Cl)F)CC(=O)O,1,,,,,,,,,,,,,,,
,,,,,,CCOC(=O)[C@H](CCC1=CC=CC=C1)N[C@@H](C)C(=O)N2CC3=CC(=C(C=C3C[C@H]2C(=O)O)OC)OC.Cl,1,,,,,,,,,,,,,,,
,,,,,,C1=CC2=NNN=C2C=C1,0,,,,,,,,,,,,,,,
,,,,,,CC(CCl)OC(C)CCl,0,,,,,,,,,,,,,,,
,,,,,,C1=CC=C(C=C1)[Bi](C2=CC=CC=C2)(C3=CC=CC=C3)(Cl)Cl,1,,,,,,,,,,,,,,,
,,,,,,CC1([C@H]([C@H]1C(=O)O[C@H](C#N)C2=CC(=CC=C2)OC3=CC=CC=C3)/C=C(/C(F)(F)F)\Cl)C,1,,,,,,,,,,,,,,,
,,,,,,C[C@]12CCC(=O)C[C@@H]1CC[C@@H]3[C@@H]2CC[C@]4([C@H]3CC[C@@H]4O)C,1,,,,,,,,,,,,,,,
,,,,,,CC1=CC(=O)OC2=C1C=CC(=C2)N(C)C,1,,,,,,,,,,,,,,,
,,,,,,C1CC2=CC=CC=C2C(=O)C1,0,,,,,,,,,,,,,,,
,,,,,,C1=CC=C2C(=C1)C(C(=O)N2)(C3=CC=C(C=C3)O)C4=CC=C(C=C4)O,1,,,,,,,,,,,,,,,
,,,,,,C1=CC=C2C(=C1)C=CC=C2CC(=O)O,0,,,,,,,,,,,,,,,
,,,,,,CC1=C(C(CCC1)(C)C)/C=C/C(=C/C=C/C(=C/COC(=O)C)/C)/C,1,,,,,,,,,,,,,,,
,,,,,,CC(=C)CC(C)(C)C,0,,,,,,,,,,,,,,,
,,,,,,CC1=C(C=C(C=C1)NC(=O)C)Cl,0,,,,,,,,,,,,,,,
,,,,,,CN(C)CCN(CC1=CC=C(C=C1)OC)C2=NC=CC=N2.Cl,0,,,,,,,,,,,,,,,
,,,,,,C1=CC=C(C=C1)C2=C(C2=O)C3=CC=CC=C3,1,,,,,,,,,,,,,,,
,,,,,,CC(C)(C#N)C1=CC(=CC(=C1)CN2C=NC=N2)C(C)(C)C#N,1,,,,,,,,,,,,,,,
,,,,,,CN(C)C1=CC=C(C=C1)C(=C2C=CC(=[N+](C)C)C=C2)C3=CC=CC=C3.C(=O)(C(=O)[O-])O,1,,,,,,,,,,,,,,,
,,,,,,CC1=CC=C(C=C1)S(=O)(=O)N=C=O,0,,,,,,,,,,,,,,,
,,,,,,C1=CC=C(C=C1)C(=O)NN,1,,,,,,,,,,,,,,,
,,,,,,C1=CC=C2C(=C1)C(=O)C3=C(C=C(C(=C3C2=O)N)S(=O)(=O)[O-])Br.[Na+],1,,,,,,,,,,,,,,,
,,,,,,CC1=CC(=NC(=N1)O[C@H](C(=O)O)C(C2=CC=CC=C2)(C3=CC=CC=C3)OC)C,0,,,,,,,,,,,,,,,
,,,,,,CCCOCC(C)OCC(C)O,0,,,,,,,,,,,,,,,
,,,,,,CC1=C(C(C(=C(N1)C)C(=O)OC)C2=CC=CC=C2[N+](=O)[O-])C(=O)OC,1,,,,,,,,,,,,,,,
,,,,,,CC1=CC(=C(C=C1)N)[N+](=O)[O-],0,,,,,,,,,,,,,,,
,,,,,,C1CC2=CC=CC=C2NC3=CC=CC=C31,1,,,,,,,,,,,,,,,
,,,,,,CCO[Si](CCC1CCC2C(C1)O2)(OCC)OCC,0,,,,,,,,,,,,,,,
,,,,,,CC(=O)OC1=CC=CC=C1C(=O)NC2=NC=C(S2)[N+](=O)[O-],1,,,,,,,,,,,,,,,
,,,,,,C1=CC(=CC=C1C(C2=CC=C(C=C2)Cl)C(Cl)Cl)Cl,1,,,,,,,,,,,,,,,
,,,,,,CC[C@@H]([C@H](C)O)N1C(=O)N(C=N1)C2=CC=C(C=C2)N3CCN(CC3)C4=CC=C(C=C4)OC[C@H]5C[C@](OC5)(CN6C=NC=N6)C7=C(C=C(C=C7)F)F,1,,,,,,,,,,,,,,,
,,,,,,CCCCCCN1C=C[N+](=C1)C.C(F)(F)(F)S(=O)(=O)[N-]S(=O)(=O)C(F)(F)F,1,,,,,,,,,,,,,,,
,,,,,,CC1=CC(=CC=C1)N.Cl,1,,,,,,,,,,,,,,,
,,,,,,C1=CC(=NC(=C1)Cl)C(Cl)(Cl)Cl,0,,,,,,,,,,,,,,,
,,,,,,CC(C=C)C#N,0,,,,,,,,,,,,,,,
,,,,,,C1=C(C=C(C(=C1N)O)S(=O)(=O)O)Cl,1,,,,,,,,,,,,,,,
,,,,,,CCCCC(CC)CO[N+](=O)[O-],0,,,,,,,,,,,,,,,
,,,,,,CC1=CC=CC=C1N,1,,,,,,,,,,,,,,,
,,,,,,C(C#N)C(=O)NN,0,,,,,,,,,,,,,,,
,,,,,,C/C(=C\C(=[OH+])C)/[O-].C/C(=C\C(=[OH+])C)/[O-].C/C(=C/C(=[OH+])C)/[O-].[Fe],0,,,,,,,,,,,,,,,
,,,,,,CCC1=NC(=C2C=C(C(=CC2=C1)OC)OC)CC3=CC=CC=C3,1,,,,,,,,,,,,,,,
,,,,,,CS(=O)(=O)NC(=O)C1=C(C=CC(=C1)OC2=C(C=C(C=C2)C(F)(F)F)Cl)[N+](=O)[O-],1,,,,,,,,,,,,,,,
,,,,,,C1CNP(=O)(OC1)N(CCCl)CCCl.O,0,,,,,,,,,,,,,,,
,,,,,,CCOC(=O)NC(C(Cl)(Cl)Cl)O,0,,,,,,,,,,,,,,,
,,,,,,C[N+]1=CN(C=C1)CC=C.[Cl-],0,,,,,,,,,,,,,,,
,,,,,,CC/C(=C(\C1=CC=CC=C1)/C2=CC=C(C=C2)OCCN(C)C)/C3=CC=CC=C3,1,,,,,,,,,,,,,,,
,,,,,,C1CC(=O)N(C1=O)Cl,0,,,,,,,,,,,,,,,
,,,,,,CCN(CC)C(=O)C(C)OC1=CC=CC2=CC=CC=C21,1,,,,,,,,,,,,,,,
,,,,,,C1=CC=C(C=C1)NC(=NC2=CC=CC=C2)N,1,,,,,,,,,,,,,,,
,,,,,,C1=CC(=CC=C1C(=O)C2=CC=C(C=C2)O)O,0,,,,,,,,,,,,,,,
,,,,,,C(=O)(N)/N=N/C(=O)N,1,,,,,,,,,,,,,,,
,,,,,,CNC(=O)C1=CN(N=C1)C2=NC(=C3C(=N2)N(C=N3)[C@H]4[C@@H]([C@@H]([C@H](O4)CO)O)O)N,0,,,,,,,,,,,,,,,
,,,,,,CC(C)NC(=O)C=C,0,,,,,,,,,,,,,,,
,,,,,,CO[Si](C)(C1=CC=CC=C1)OC,1,,,,,,,,,,,,,,,
,,,,,,CC(=O)NC1=CC=C(C=C1)/C=N/NC(=S)N,0,,,,,,,,,,,,,,,
,,,,,,CC1=C(C(=C(C(=C1F)F)COC(=O)C2C(C2(C)C)/C=C(/C(F)(F)F)\Cl)F)F,1,,,,,,,,,,,,,,,
,,,,,,CCCCOC(=O)CC#N,1,,,,,,,,,,,,,,,
,,,,,,C1=CC=NC(=C1)Br,0,,,,,,,,,,,,,,,
,,,,,,CCN(CC1=CC(=CC=C1)S(=O)(=O)[O-])C2=CC=C(C=C2)C(=C3C=CC(=[N+](CC)CC4=CC(=CC=C4)S(=O)(=O)[O-])C=C3)C5=CC=CC=C5S(=O)(=O)[O-].[Na+].[Na+],1,,,,,,,,,,,,,,,
,,,,,,C1=CC=C2C(=C1)C(=O)OC2(C3=CC=C(C=C3)O)C4=CC=C(C=C4)O,1,,,,,,,,,,,,,,,
,,,,,,CCOC(=O)[C@@H](C)OC1=CC=C(C=C1)OC2=NC3=C(O2)C=C(C=C3)Cl,1,,,,,,,,,,,,,,,
,,,,,,C1=CC(=C(C=C1C2=CC(=C(C=C2)N)Cl)Cl)N.Cl.Cl,1,,,,,,,,,,,,,,,
,,,,,,C1=CC(=C(C=C1S(=O)(=O)O)N)S(=O)(=O)O,0,,,,,,,,,,,,,,,
,,,,,,C[C@H]1[C@@H]([C@H]([C@H]([C@@H](O1)OC[C@@H]2[C@H]([C@@H]([C@H]([C@@H](O2)OC3=C(OC4=CC(=CC(=C4C3=O)O)O)C5=CC(=C(C=C5)O)O)O)O)O)O)O)O,0,,,,,,,,,,,,,,,
,,,,,,C(CI)C(C(C(C(F)(F)F)(F)F)(F)F)(F)F,0,,,,,,,,,,,,,,,
,,,,,,C1=CC=C(C=C1)OCC(=O)O,0,,,,,,,,,,,,,,,
,,,,,,C(CCl)OCCCl,0,,,,,,,,,,,,,,,
,,,,,,CC1=CC(=C(C=C1)C)OCCCC(C)(C)C(=O)O,1,,,,,,,,,,,,,,,
,,,,,,CCOC(=O)C1=C(NC(=C(C1C2=C(C(=CC=C2)Cl)Cl)C(=O)OC)C)C,1,,,,,,,,,,,,,,,
,,,,,,CCCCNC(=O)NS(=O)(=O)C1=CC=C(C=C1)N,0,,,,,,,,,,,,,,,
,,,,,,C[C@@]12CCN([C@@H]1N(C3=C2C=C(C=C3)OC(=O)NC)C)C,1,,,,,,,,,,,,,,,
,,,,,,CCCCCCCCCCCC(=O)OCC(CO)O,1,,,,,,,,,,,,,,,
,,,,,,COC1=CC(=C(C=C1)N)OC,1,,,,,,,,,,,,,,,
,,,,,,CC1=CN=C(S1)NC(=O)C2=C(C3=CC=CC=C3S(=O)(=O)N2C)O,1,,,,,,,,,,,,,,,
,,,,,,CN(C)C(=O)C1=CC=CC=C1NS(=O)(=O)NC(=O)NC2=NC(=CC(=N2)OC)OC,1,,,,,,,,,,,,,,,
,,,,,,C[N+](C)(C)CCOC(=O)CCC(=O)OCC[N+](C)(C)C.[Cl-].[Cl-],0,,,,,,,,,,,,,,,
,,,,,,[NH4+].NS(=O)(=O)[O-],0,,,,,,,,,,,,,,,
,,,,,,CC1=NC=C(C(=C1O)CO)CO.Cl,0,,,,,,,,,,,,,,,
,,,,,,C1=CC=C(C=C1)C(=O)O,0,,,,,,,,,,,,,,,
,,,,,,COS(=O)(=O)OC,0,,,,,,,,,,,,,,,
,,,,,,CN(CCCC(C1=CN=CC=C1)O)N=O,0,,,,,,,,,,,,,,,
,,,,,,CCOC(=O)C=C,0,,,,,,,,,,,,,,,
,,,,,,CC1=C(C(=C(C=C1)Cl)NC2=CC=CC=C2C(=O)[O-])Cl.[Na+],1,,,,,,,,,,,,,,,
,,,,,,C1CC1N2CCC(CC2)NC(=O)C3=NC4=C(N3CC5=NOC(=C5)C6=CC=C(S6)Cl)C=CC(=C4)C(=O)[O-].[Na+],0,,,,,,,,,,,,,,,
,,,,,,CC(C)(CCCC1=CCC(CC1)C=O)O,1,,,,,,,,,,,,,,,
,,,,,,C1=CC(=CC=C1C2=CC=C(C=C2)N)N,1,,,,,,,,,,,,,,,
,,,,,,CCN(CC)C(=O)NC1=CC(=C(C=C1)OCC(CNC(C)(C)C)O)C(=O)C.Cl,0,,,,,,,,,,,,,,,
,,,,,,CCN(CC)CCOC1=CC=C(C=C1)CC2=CC=CC=C2,0,,,,,,,,,,,,,,,
,,,,,,CCCCCCCCCOCC1CO1,1,,,,,,,,,,,,,,,
,,,,,,CC(=O)NS(=O)(=O)C1=CC=C(C=C1)N,0,,,,,,,,,,,,,,,
,,,,,,[C-]#N.[Cu+],0,,,,,,,,,,,,,,,
,,,,,,C=CCO,0,,,,,,,,,,,,,,,
,,,,,,C/C(=C\C(=O)O)/C1=C(C=C(C=C1)OC)OC,0,,,,,,,,,,,,,,,
,,,,,,C1=CC=C(C=C1)CCOC(=O)CC2=CC=CC=C2,1,,,,,,,,,,,,,,,
,,,,,,COC1=C(C=C(C=C1)C(=O)NC2=CC=CC=C2)[N+](=O)[O-],1,,,,,,,,,,,,,,,
,,,,,,C1=CC=C(C=C1)S(=O)(=O)C2=CC=CC=C2N,0,,,,,,,,,,,,,,,
,,,,,,CNC(=O)OC1=CC=CC2=CC=CC=C21,1,,,,,,,,,,,,,,,
,,,,,,C1=CC(=CC=C1C(C2=CC=C(C=C2)Cl)C(Cl)(Cl)Cl)Cl,1,,,,,,,,,,,,,,,
,,,,,,C1=CC=C2C=NN=CC2=C1,0,,,,,,,,,,,,,,,
,,,,,,COC1=CC=C(C=C1)O,0,,,,,,,,,,,,,,,
,,,,,,C1=CC=C(C=C1)C(C2=CC=CC=C2)C(=O)C3C(=O)C4=CC=CC=C4C3=O,1,,,,,,,,,,,,,,,
,,,,,,CC1=C(C2=CC=CC=C2N1CCN3CCOCC3)C(=O)C4=CC=C(C=C4)OC,1,,,,,,,,,,,,,,,
,,,,,,CC[C@H](C)[C@@H]1[C@H](C=C[C@@]2(O1)C[C@@H]3C[C@H](O2)C/C=C(/[C@H]([C@H](/C=C/C=C/4\CO[C@H]5[C@@]4([C@@H](C=C([C@H]5O)C)C(=O)O3)O)C)O[C@H]6C[C@@H]([C@H]([C@@H](O6)C)O[C@H]7C[C@@H]([C@H]([C@@H](O7)C)O)OC)OC)\C)C,1,,,,,,,,,,,,,,,
,,,,,,CC(C)(C)C1=CC(=CC(=C1O)C(C)(C)C)CN(C)C,1,,,,,,,,,,,,,,,
,,,,,,CCCC[N+]1(CCCC1)C.C(F)(F)(F)S(=O)(=O)[N-]S(=O)(=O)C(F)(F)F,1,,,,,,,,,,,,,,,
,,,,,,C1CN(P(=O)(OC1)NCCCl)CCCl,0,,,,,,,,,,,,,,,
,,,,,,C(C(=O)O)F,0,,,,,,,,,,,,,,,
,,,,,,CC(C)CC1=NN=C(S1)NS(=O)(=O)C2=CC=C(C=C2)OC,1,,,,,,,,,,,,,,,
,,,,,,CC1=CC=C(C=C1)S(=O)(=O)[N-]Cl.O.O.O.[Na+],1,,,,,,,,,,,,,,,
,,,,,,C1=CC=C(C=C1)C(C2=CC=CC=C2)(C3=CC=CC=C3Cl)N4C=CN=C4,1,,,,,,,,,,,,,,,
,,,,,,CC1=CC[C@@H](C=C1)C(C)C,1,,,,,,,,,,,,,,,
,,,,,,CCC1=CC(=CC=C1)O,0,,,,,,,,,,,,,,,
,,,,,,CCCCCCCCCCCCCC[P+](CCCC)(CCCC)CCCC.CCCCCCCCCCCCC1=CC=CC=C1S(=O)(=O)[O-],1,,,,,,,,,,,,,,,
,,,,,,C([C@@H]([C@@H]1C(=C(C(=O)O1)O)O)O)O,0,,,,,,,,,,,,,,,
,,,,,,CCOC(=O)CC(=O)CCl,0,,,,,,,,,,,,,,,
,,,,,,CCC(=O)OCC,0,,,,,,,,,,,,,,,
,,,,,,C1=CC=C(C=C1)C2=NC3=C(N2)C=C(C=C3)S(=O)(=O)O,1,,,,,,,,,,,,,,,
,,,,,,CCC(C)(C)C(=O)OC1=C(C(=O)OC12CCCCC2)C3=C(C=C(C=C3)Cl)Cl,1,,,,,,,,,,,,,,,
,,,,,,CCCCCCCCCCCCCC[P+](CCCCCC)(CCCCCC)CCCCCC.[Br-],1,,,,,,,,,,,,,,,
,,,,,,CO[C@H]1[C@@H](C[C@@H]2CN3CCC4=C([C@H]3C[C@@H]2[C@@H]1C(=O)OC)NC5=C4C=CC(=C5)OC)OC(=O)C6=CC(=C(C(=C6)OC)OC)OC,1,,,,,,,,,,,,,,,
,,,,,,C1=CC=C(C=C1)C2=CC=CC=C2C3=CC=CC=C3,1,,,,,,,,,,,,,,,
,,,,,,C[C@]12CC[C@H]3[C@H]([C@@H]1CC[C@]2(C#C)O)CCC4=C3C=CC(=C4)OC,1,,,,,,,,,,,,,,,
,,,,,,[O-]Cl(=O)=O.[Na+],0,,,,,,,,,,,,,,,
,,,,,,[B-](F)(F)(F)F.CC[N+]1=CC=CC=C1,0,,,,,,,,,,,,,,,
,,,,,,CC(=CC1C(C1(C)C)C(=O)OCC2=COC(=C2)CC3=CC=CC=C3)C,1,,,,,,,,,,,,,,,
,,,,,,CCCCCCCCCCCC(=O)O[Sn](CCCC)(CCCC)OC(=O)CCCCCCCCCCC,0,,,,,,,,,,,,,,,
,,,,,,CC(C)NCC(COC1=CC=CC=C1OCC=C)O.Cl,0,,,,,,,,,,,,,,,
,,,,,,C(Br)(Br)Br,0,,,,,,,,,,,,,,,
,,,,,,CC1(C(C1C(=O)OC(C#N)C2=CC(=CC=C2)OC3=CC=CC=C3)C=C(Cl)Cl)C,1,,,,,,,,,,,,,,,
,,,,,,CCN(CC)C1=CC=C(C=C1)N,1,,,,,,,,,,,,,,,
,,,,,,CC(C)N(C(C)C)C(=O)SCC(=C(Cl)Cl)Cl,1,,,,,,,,,,,,,,,
,,,,,,C1=CC(=C(C=C1C2=CC(=C(C=C2)N)N)N)N.Cl.Cl.Cl.Cl,1,,,,,,,,,,,,,,,
,,,,,,CCCCCCOC(=O)NC(=N)C1=CC=C(C=C1)NCC2=NC3=C(N2C)C=CC(=C3)C(=O)N(CCC(=O)OCC)C4=CC=CC=N4,1,,,,,,,,,,,,,,,
,,,,,,CCOC(=O)CCCCCCCCC(=O)OCC,1,,,,,,,,,,,,,,,
,,,,,,C1=CC=C(C=C1)CCCC2=CC=CC=N2,1,,,,,,,,,,,,,,,
,,,,,,CC(C)NC1=CC=C(C=C1)NC2=CC=CC=C2,1,,,,,,,,,,,,,,,
,,,,,,CC1(CC(CC(N1[O])(C)C)O)C,0,,,,,,,,,,,,,,,
,,,,,,C1=CC=C(C=C1)SC2=CC=C(C=C2)COC(CN3C=CN=C3)C4=C(C=C(C=C4)Cl)Cl,1,,,,,,,,,,,,,,,
,,,,,,CC1=C[C@@H]2[C@H](CC[C@]3([C@H]2CC[C@@]3(C(=O)C)OC(=O)C)C)[C@@]4(C1=CC(=O)CC4)C,1,,,,,,,,,,,,,,,
,,,,,,C1CC2=C(C=C3C=CC4=C5C3=C2C=CC5=CC=C4)C(=O)C1,1,,,,,,,,,,,,,,,
,,,,,,CC(=C)C(=O)OC,0,,,,,,,,,,,,,,,
,,,,,,CCC(C1=CC=CC=C1)C(=O)NC(=O)N,0,,,,,,,,,,,,,,,
,,,,,,CCCCCNCCCCC,0,,,,,,,,,,,,,,,
,,,,,,CC(C)C(CCCN(C)CCC1=CC(=C(C=C1)OC)OC)(C#N)C2=CC(=C(C(=C2)OC)OC)OC.Cl,0,,,,,,,,,,,,,,,
,,,,,,CN(C)P(=O)(N(C)C)N(C)C,0,,,,,,,,,,,,,,,
,,,,,,C1=CC(=CC=C1C(F)(F)F)Cl,0,,,,,,,,,,,,,,,
,,,,,,COC1=C(C=C(C=C1)CC2=CN=C(N=C2N)N)OC,0,,,,,,,,,,,,,,,
,,,,,,CCN1C(C2=CC=CC=C2C1=O)NC3=CC=C(C=C3)OCCN4CCCCC4,0,,,,,,,,,,,,,,,
,,,,,,CC1=C(N=CN1)CSCCNC(=NC)NC#N,1,,,,,,,,,,,,,,,
,,,,,,CCCCC(CC)COC(=O)CCCCC(=O)OCC1=CC=CC=C1,1,,,,,,,,,,,,,,,
,,,,,,CCN1CCCC(C1)OC(=O)C(C2=CC=CC=C2)C3=CC=CC=C3.Cl,0,,,,,,,,,,,,,,,
,,,,,,C=CCCC=C,0,,,,,,,,,,,,,,,
,,,,,,CN(C)C=O,0,,,,,,,,,,,,,,,
,,,,,,CC(=O)/C=C/C1=CC2=C(C=C1)OCO2,1,,,,,,,,,,,,,,,
,,,,,,CC(CCC1=CC=CC=C1)NCC(C2=CC(=C(C=C2)O)C(=O)N)O.Cl,0,,,,,,,,,,,,,,,
,,,,,,CCCCCC1=CC(=CC(=C1)O)O,1,,,,,,,,,,,,,,,
,,,,,,CCCCCCCCCCCCCCCCN1C=C[N+](=C1)C.[Cl-],1,,,,,,,,,,,,,,,
,,,,,,CC(=O)C1=CC=CC=C1,0,,,,,,,,,,,,,,,
,,,,,,C1=CC=C(C=C1)OC(=O)C2=CC(=CC=C2)C(=O)OC3=CC=CC=C3,1,,,,,,,,,,,,,,,
,,,,,,C1=CC=C2C(=C1)C(=O)OC23C4=CC(=C(C(=C4OC5=C(C(=C(C=C35)Br)[O-])Br)Br)[O-])Br.[Na+].[Na+],1,,,,,,,,,,,,,,,
,,,,,,C(C(CCl)OP(=O)(OC(CCl)CCl)OC(CCl)CCl)Cl,1,,,,,,,,,,,,,,,
,,,,,,CC1=CC(=C(C=C1S(=O)(=O)[O-])OC)N=NC2=C(C=CC3=C2C=CC(=C3)S(=O)(=O)[O-])O.[Na+].[Na+],1,,,,,,,,,,,,,,,
,,,,,,COC(=O)NC1=NC2=CC=CC=C2N1,1,,,,,,,,,,,,,,,
,,,,,,CC(C)C(=O)O,0,,,,,,,,,,,,,,,
,,,,,,CC1=C(OC(=N1)C2=CC=C(C=C2)Cl)COC(C)(C)C(=O)O,0,,,,,,,,,,,,,,,
,,,,,,C(NC(=O)N(CO)C1C(=O)N(C(=O)N1CO)CO)O,0,,,,,,,,,,,,,,,
,,,,,,CC(C)OP(=O)(C)OC(C)C,1,,,,,,,,,,,,,,,
,,,,,,CCC1=NC=CC(=C1)C(=S)N,0,,,,,,,,,,,,,,,
,,,,,,CCOC(=O)CCCCCCCCC=C,0,,,,,,,,,,,,,,,
,,,,,,CC(C)(C)C1=CC=C(C=C1)C(=O)CCCN2CCC(CC2)OC(C3=CC=CC=C3)C4=CC=CC=C4,1,,,,,,,,,,,,,,,
,,,,,,C[NH+](C)CCC(C1=CC=CC=C1)C2=CC=CC=[NH+]2.C(=C\C(=O)[O-])\C(=O)[O-],0,,,,,,,,,,,,,,,
,,,,,,C1=CC=C(C=C1)OC2=CC=CC(=C2)CO,1,,,,,,,,,,,,,,,
,,,,,,CCC[C@@H]1C[C@H](N(C1)C)C(=O)N[C@@H]([C@@H]2[C@@H]([C@@H]([C@H]([C@H](O2)SC)O)O)O)[C@@H](C)O.Cl,0,,,,,,,,,,,,,,,
,,,,,,C1=CC=C2C(=C1)C=CC=C2NCCN.Cl.Cl,1,,,,,,,,,,,,,,,
,,,,,,CCC1=CC=CC(=C1N(COCC)C(=O)CCl)C,1,,,,,,,,,,,,,,,
,,,,,,C1=CC(=C(C=C1N)[N+](=O)[O-])N,1,,,,,,,,,,,,,,,
,,,,,,CC(C)C1=CC(=CC=C1)C(C)C,0,,,,,,,,,,,,,,,
,,,,,,C1CN(CCC1N)C2=NC(=CC=C2)Cl.Cl,0,,,,,,,,,,,,,,,
,,,,,,C1=CC(=CC=C1C#N)C(=O)O,0,,,,,,,,,,,,,,,
,,,,,,CCCCCCCC(=O)OCC(COC(=O)CCCCCCC)OC(=O)CCCCCCC,0,,,,,,,,,,,,,,,
,,,,,,CC(=O)OCCOC(=O)C,0,,,,,,,,,,,,,,,
,,,,,,CC1=NN(C(=O)C1)C2=CC=CC=C2,1,,,,,,,,,,,,,,,
,,,,,,CCCCN1C=C[N+](=C1C)C.[I-],0,,,,,,,,,,,,,,,
,,,,,,CC(C)CC(=O)O,0,,,,,,,,,,,,,,,
,,,,,,C(=O)C(Br)(Br)Br,1,,,,,,,,,,,,,,,
,,,,,,C1CCC(=O)C1,0,,,,,,,,,,,,,,,
,,,,,,CC(C)(C)C1=CC(=CC(=C1O)C(C)(C)C)/C=C\2/C(=O)NC(=N)S2.CS(=O)(=O)O,1,,,,,,,,,,,,,,,
,,,,,,C1CC(=O)NC(=O)C1N2C(=O)C3=CC=CC=C3C2=O,0,,,,,,,,,,,,,,,
,,,,,,CC(=O)C1=CC=C(C=C1)OCC(=O)N2CCCCC2,0,,,,,,,,,,,,,,,
,,,,,,C([C@@H]1[C@@H]2[C@@H]([C@H]([C@H](O1)O[C@@H]3[C@H](O[C@@H]([C@@H]([C@H]3O)O)O[C@@H]4[C@H](O[C@@H]([C@@H]([C@H]4O)O)O[C@@H]5[C@H](O[C@@H]([C@@H]([C@H]5O)O)O[C@@H]6[C@H](O[C@@H]([C@@H]([C@H]6O)O)O[C@@H]7[C@H](O[C@H](O2)[C@@H]([C@H]7O)O)CO)CO)CO)CO)CO)O)O)O,1,,,,,,,,,,,,,,,
,,,,,,COC(=O)C1=CC(=CC=C1)C(=O)OC,0,,,,,,,,,,,,,,,
,,,,,,CCSC(=O)N(CC(C)C)CC(C)C,0,,,,,,,,,,,,,,,
,,,,,,CN1CCC[C@@H]1CC2=CNC3=C2C=C(C=C3)CCS(=O)(=O)C4=CC=CC=C4,1,,,,,,,,,,,,,,,
,,,,,,CCOC1=C(C=CC(=C1)OC2=C(C=C(C=C2)C(F)(F)F)Cl)[N+](=O)[O-],1,,,,,,,,,,,,,,,
,,,,,,C(=O)(N)NNC(=O)N,1,,,,,,,,,,,,,,,
,,,,,,CC(C)C[C@@H](C(=O)O)NC(=O)OCC1C2=CC=CC=C2C3=CC=CC=C13,1,,,,,,,,,,,,,,,
,,,,,,C(CCCO)CCO,1,,,,,,,,,,,,,,,
,,,,,,C1=CC=C2C(=C1)C=CC(=O)O2,0,,,,,,,,,,,,,,,
,,,,,,CC1([C@H]([C@H]1C(=O)O[C@H](C#N)C2=CC(=CC=C2)OC3=CC=CC=C3)C=C(Br)Br)C,1,,,,,,,,,,,,,,,
,,,,,,CC(COC(=O)C=C)O,0,,,,,,,,,,,,,,,
,,,,,,C1=CC=C(C=C1)N=NC2=C(C=CC3=CC(=CC(=C32)S(=O)(=O)[O-])S(=O)(=O)[O-])O.[Na+].[Na+],0,,,,,,,,,,,,,,,
,,,,,,C(C(Br)(Br)Br)(Br)Br,1,,,,,,,,,,,,,,,
,,,,,,CC1=CC[C@@H](CC1)[C@@](C)(CCC=C(C)C)O,1,,,,,,,,,,,,,,,
,,,,,,CC1=CC(=CC(=C1N)C)C2=CC(=C(C(=C2)C)N)C,1,,,,,,,,,,,,,,,
,,,,,,CC(=O)[C@]1(CC[C@@H]2[C@@]1(CC[C@H]3[C@H]2C=C(C4=CC(=O)CC[C@]34C)Cl)C)OC(=O)C,1,,,,,,,,,,,,,,,
,,,,,,C1=CC=C(C=C1)OC(=O)C2=CC=CC=C2C(=O)OC3=CC=CC=C3,1,,,,,,,,,,,,,,,
,,,,,,C(C(=O)N)Cl,0,,,,,,,,,,,,,,,
,,,,,,C1=CC=C2C(=C1)C(OS2(=O)=O)(C3=CC=C(C=C3)O)C4=CC=C(C=C4)O,1,,,,,,,,,,,,,,,
,,,,,,CCC/C=N/O,0,,,,,,,,,,,,,,,
,,,,,,CCCCCCCCCCCCCC[P+](CCCCCC)(CCCCCC)CCCCCC.[Cl-],1,,,,,,,,,,,,,,,
,,,,,,C1=CC=C(C=C1)C2=NC3=CC=CC=C3N2,1,,,,,,,,,,,,,,,
,,,,,,C1=CC(=C(C=C1Cl)C2=NC(=NC(=N2)N)N)Cl.C(=C\C(=O)O)\C(=O)O,0,,,,,,,,,,,,,,,
,,,,,,CN1C[C@@H]2C[C@H]1CN2C3=C(C=C4C(=C3)N(C=C(C4=O)C(=O)O)C5CC5)F,0,,,,,,,,,,,,,,,
,,,,,,CCN(CC)C(=S)SSC(=S)N(CC)CC,1,,,,,,,,,,,,,,,
,,,,,,CC1=CC=CC=C1OCC2CO2,0,,,,,,,,,,,,,,,
,,,,,,C(CSCCS)S,0,,,,,,,,,,,,,,,
,,,,,,C1CCC(=O)C1,0,,,,,,,,,,,,,,,
,,,,,,CCC(CC(C(C(C(C(C)Cl)Cl)Cl)Cl)Cl)Cl,1,,,,,,,,,,,,,,,
,,,,,,CCC1=NC=CN=C1C,0,,,,,,,,,,,,,,,
,,,,,,C(CBr)Br,0,,,,,,,,,,,,,,,
,,,,,,CCOC(=O)[C@H](CCC1=CC=CC=C1)N[C@@H](C)C(=O)N2CCC[C@H]2C(=O)O,0,,,,,,,,,,,,,,,
,,,,,,CCCCC(CC)C(=O)Cl,0,,,,,,,,,,,,,,,
,,,,,,CC1=CC(=C(C=C1)O)N,1,,,,,,,,,,,,,,,
,,,,,,CC(C)N(CC1=CC=CC=C1)C(=O)C(C)(C)C,1,,,,,,,,,,,,,,,
,,,,,,CCOC(=O)CC1(OCC(O1)C)C,0,,,,,,,,,,,,,,,
,,,,,,CC(COCC(C)OC(=O)C1=CC=CC=C1)OC(=O)C2=CC=CC=C2,1,,,,,,,,,,,,,,,
,,,,,,C1=CC(=C(C=C1N)C(=O)O)O,1,,,,,,,,,,,,,,,
,,,,,,CCCCCCOC(=O)C1=CC=C(C=C1)O,1,,,,,,,,,,,,,,,
,,,,,,CC1=CC2C3CC(C2C1)C=C3C,0,,,,,,,,,,,,,,,
,,,,,,CN(C)CCCN(C)C,0,,,,,,,,,,,,,,,
,,,,,,CC1CCCC1,1,,,,,,,,,,,,,,,
,,,,,,CCCCCCCCCCCOC(=O)C1=CC=CC=C1C(=O)OCCCCCCCCCCC,0,,,,,,,,,,,,,,,
,,,,,,CC(=C[C@@H]1[C@H](C1(C)C)C(=O)OCC2=COC(=C2)CC3=CC=CC=C3)C,1,,,,,,,,,,,,,,,
,,,,,,CC/C=C\C/C=C\C/C=C\CCCCCCCC(=O)O,1,,,,,,,,,,,,,,,
,,,,,,CCOC(=O)COC1=CC2=C(CCC(C2)NCC(C3=CC(=CC=C3)Cl)O)C=C1.Cl,1,,,,,,,,,,,,,,,
,,,,,,CCN(CC)C(=S)[S-].O.O.O.[Na+],1,,,,,,,,,,,,,,,
,,,,,,CCCCCC/C=C/C=O,1,,,,,,,,,,,,,,,
,,,,,,C1C2=CC=CC=C2N(C3=CC=CC=C3C1=O)C(=O)N,0,,,,,,,,,,,,,,,
,,,,,,B(C1=CC=CC=C1)(C2=CC=CC=C2)C3=CC=CC=C3,1,,,,,,,,,,,,,,,
,,,,,,CCC(=O)[O-].CCC(=O)[O-].[Ca+2],0,,,,,,,,,,,,,,,
,,,,,,C1CCCN(CCC1)CCN=C(N)N.OS(=O)(=O)O.OS(=O)(=O)O,0,,,,,,,,,,,,,,,
,,,,,,CN1CCC2=C3[C@H]1CC4=C(C3=CC=C2)C(=C(C=C4)O)O.CN1CCC2=C3[C@H]1CC4=C(C3=CC=C2)C(=C(C=C4)O)O.O.Cl.Cl,1,,,,,,,,,,,,,,,
,,,,,,CCCCC1=C(C2=CC=CC=C2O1)C(=O)C3=CC(=C(C(=C3)I)OCCN(CC)CC)I.Cl,1,,,,,,,,,,,,,,,
,,,,,,CCO[Si](CCCCl)(OCC)OCC,1,,,,,,,,,,,,,,,
,,,,,,[N-]=[N+]=[N-].[Na+],1,,,,,,,,,,,,,,,
,,,,,,C1=CC2=C(C=CC=C2O)C(=C1)O,1,,,,,,,,,,,,,,,
,,,,,,COC1=CC(=C(C=C1N)OC)Cl,1,,,,,,,,,,,,,,,
,,,,,,C1CCC(CC1)(C2=CC=CC=C2)N.Cl,0,,,,,,,,,,,,,,,
,,,,,,CN1C(=S)N=NN1,1,,,,,,,,,,,,,,,
,,,,,,C1=CC(=O)OC1=O,0,,,,,,,,,,,,,,,
,,,,,,CCCCCCCCCC[N+](C)(C)[O-],0,,,,,,,,,,,,,,,
,,,,,,CC(C)C[C@H](C(=O)O)N,0,,,,,,,,,,,,,,,
,,,,,,CCCC1=CC(=C(C=C1)O)OC,0,,,,,,,,,,,,,,,
,,,,,,CC(C)C1=CC=C(C=C1)C=O,0,,,,,,,,,,,,,,,
,,,,,,C1=CC=C(C=C1)[Bi](C2=CC=CC=C2)C3=CC=CC=C3,1,,,,,,,,,,,,,,,
,,,,,,C1=CC(=C(C=C1C2=C(C(=O)C3=C(C=C(C=C3O2)O)O)O)O)O,1,,,,,,,,,,,,,,,
,,,,,,CN[C@H]1CC[C@H](C2=CC=CC=C12)C3=CC(=C(C=C3)Cl)Cl.Cl,1,,,,,,,,,,,,,,,
,,,,,,C1(=C(C(=NC(=C1Cl)Cl)C(=O)O)Cl)N,1,,,,,,,,,,,,,,,
,,,,,,CC1(C(=O)N(C(=O)N1Cl)Cl)C,0,,,,,,,,,,,,,,,
,,,,,,C[C@H]1/C=C\C=C(/C(=O)NC2=C(C(=C3C(=C2O)C(=C(C4=C3C(=O)[C@](O4)(OC=C[C@@H]([C@H]([C@H]([C@@H]([C@@H]([C@@H]([C@H]1O)C)O)C)OC(=O)C)C)OC)C)C)O)O)/C=N/N5CCN(CC5)C)\C,1,,,,,,,,,,,,,,,
,,,,,,C1C[C@@H](OC1)N2C=C(C(=O)NC2=O)F,0,,,,,,,,,,,,,,,
,,,,,,C1CNP(=O)(OC1)N(CCCl)CCCl.O,0,,,,,,,,,,,,,,,
,,,,,,CC1=CC(=C(C=C1Cl)S(=O)(=O)O)N,1,,,,,,,,,,,,,,,
,,,,,,CCCCCCCCCC(CC)C1=CC=C(C=C1)S(=O)(=O)[O-].[Na+],1,,,,,,,,,,,,,,,
,,,,,,C1C(=NC(=O)N1/N=C/C2=CC=C(O2)C3=CC=C(C=C3)[N+](=O)[O-])[O-].[Na+],0,,,,,,,,,,,,,,,
,,,,,,C/C=C/C1=CC=C(C=C1)OC,1,,,,,,,,,,,,,,,
,,,,,,C1=CC=C(C=C1)C(CCC2=CC=C(C=C2)Cl)(CN3C=NC=N3)C#N,1,,,,,,,,,,,,,,,
,,,,,,CCN(C1=CC=CC=C1)C(=O)N(CC)C2=CC=CC=C2,1,,,,,,,,,,,,,,,
,,,,,,CC(C)OC(=O)COC1=C(C=C(C=C1)Cl)Cl,1,,,,,,,,,,,,,,,
,,,,,,C1=CC=C2C(=C1)C=CC=C2N=C=S,1,,,,,,,,,,,,,,,
,,,,,,C#CC1(CCCCC1)O,0,,,,,,,,,,,,,,,
,,,,,,CN(C[C@@H](CC[N+]12CCC(CC1)(CC2)C3CCCCC3)C4=CC(=C(C=C4)Cl)Cl)C(=O)C5=CC(=CC(=C5)C(F)(F)F)C(F)(F)F.CS(=O)(=O)[O-],1,,,,,,,,,,,,,,,
,,,,,,C1=CC(=C(C=C1Cl)[N+](=O)[O-])Cl,0,,,,,,,,,,,,,,,
,,,,,,COC1=C(C=C(C=C1)N)N.O.OS(=O)(=O)O,1,,,,,,,,,,,,,,,
,,,,,,C1CC(=O)OC1,0,,,,,,,,,,,,,,,
,,,,,,CC[N+](CC)(CC1=CC=CC=C1)CC(=O)NC2=C(C=CC=C2C)C.C1=CC=C2C(=C1)C(=NS2(=O)=O)[O-],0,,,,,,,,,,,,,,,
,,,,,,C1=CC=C(C=C1)C2=CSC(=N2)NN,1,,,,,,,,,,,,,,,
,,,,,,C1=CC(=C(C=C1Cl)Cl)OCC(=O)[O-].[Na+],1,,,,,,,,,,,,,,,
,,,,,,C1C2C(C(C1Cl)Cl)C3(C(=C(C2(C3(Cl)Cl)Cl)Cl)Cl)Cl,1,,,,,,,,,,,,,,,
,,,,,,CCCCOCC(C)O,0,,,,,,,,,,,,,,,
,,,,,,C1C2=CC=CC=C2N(C1=O)C3=C(C=CC=C3Cl)Cl,1,,,,,,,,,,,,,,,
,,,,,,C1=CC(=CC=C1N)N,1,,,,,,,,,,,,,,,
,,,,,,C(CCCC(=O)O)CCCC(=O)O,0,,,,,,,,,,,,,,,
,,,,,,CCOP(=S)(OCC)SCCSCC,1,,,,,,,,,,,,,,,
,,,,,,CCOC(=O)CC(CC(=O)OCC)(C(=O)OCC)O,1,,,,,,,,,,,,,,,
,,,,,,CN=C(NCCSCC1=CSC(=N1)N=C(N)N)NC#N,0,,,,,,,,,,,,,,,
,,,,,,CC(C)(C)OC(=O)C1=C2[C@@H]3CCCN3C(=O)C4=C(N2C=N1)C=CC=C4Br,1,,,,,,,,,,,,,,,
,,,,,,CCOP(=S)(OCC)SCSC1=CC=C(C=C1)Cl,1,,,,,,,,,,,,,,,
,,,,,,CCCCC(CC)COP(=O)(O)OCC(CC)CCCC,1,,,,,,,,,,,,,,,
,,,,,,C1=CC=C2C(=C1)N=C(N2CC3=CC=C(C=C3)F)N,0,,,,,,,,,,,,,,,
,,,,,,CCCCN(CCCC)SN(C)C(=O)OC1=CC=CC2=C1OC(C2)(C)C,1,,,,,,,,,,,,,,,
,,,,,,C1C(O1)CO,0,,,,,,,,,,,,,,,
,,,,,,C1CC(C1)C(=O)C2=CC=CC=C2,0,,,,,,,,,,,,,,,
,,,,,,CC(C)CC(=O)OCC=C,0,,,,,,,,,,,,,,,
,,,,,,CC(=C)O[Si](C=C)(OC(=C)C)OC(=C)C,0,,,,,,,,,,,,,,,
,,,,,,C1=CC=C(C=C1)OP(=O)(O)OC2=CC=CC=C2,1,,,,,,,,,,,,,,,
,,,,,,C1=CC(=CC=C1CO)[N+](=O)[O-],0,,,,,,,,,,,,,,,
,,,,,,CC(=CCNC1=C2C(=NC=N1)N(C=N2)[C@H]3[C@@H]([C@@H]([C@H](O3)CO)O)O)C,0,,,,,,,,,,,,,,,
,,,,,,C(=O)(C(=O)O)O,0,,,,,,,,,,,,,,,
,,,,,,CN(CC#C)CC1=CC=CC=C1.Cl,0,,,,,,,,,,,,,,,
,,,,,,CN1[C@@H]2CC(C[C@H]1[C@H]3[C@@H]2O3)OC(=O)[C@H](CO)C4=CC=CC=C4.Cl,0,,,,,,,,,,,,,,,
,,,,,,CCC1=NN(C2=C1C=CC(=C2)C3(CCC(CC3)C(=O)O)C#N)C4CCCCC4,1,,,,,,,,,,,,,,,
,,,,,,C1=CC=C2C(=C1)C(C(=O)N2)(C3=CC=C(C=C3)O)C4=CC=C(C=C4)O,1,,,,,,,,,,,,,,,
,,,,,,CC1=C(C=C(C=C1)NC2=NC=CC(=N2)N(C)C3=CC4=NN(C(=C4C=C3)C)C)S(=O)(=O)N,1,,,,,,,,,,,,,,,
,,,,,,CC(C[N+](C)(C)C)OC(=O)C.[Cl-],0,,,,,,,,,,,,,,,
,,,,,,C#CCO,0,,,,,,,,,,,,,,,
,,,,,,C1=CC=C(C(=C1)C(=O)OCCOCCO)NC2=CC=CC(=C2)C(F)(F)F,1,,,,,,,,,,,,,,,
,,,,,,C1=CC(=C(C=C1[N+](=O)[O-])S(=O)(=O)[O-])/C=C/C2=C(C=C(C=C2)[N+](=O)[O-])S(=O)(=O)[O-].[Na+].[Na+],1,,,,,,,,,,,,,,,
,,,,,,CC1(CC(=O)N(C1=O)C)C2=CC=CC=C2,0,,,,,,,,,,,,,,,
,,,,,,C1CN(CCN1CCO)CCO,0,,,,,,,,,,,,,,,
,,,,,,CN(CCCOC1=C(C=C(C=C1)Cl)Cl)CC#C.Cl,1,,,,,,,,,,,,,,,
,,,,,,C1=CC(=CC=C1O)O[C@H]2[C@@H]([C@H]([C@@H]([C@H](O2)CO)O)O)O,0,,,,,,,,,,,,,,,
,,,,,,C1CCCCCCCC(=O)OCCCCCCC1,0,,,,,,,,,,,,,,,
,,,,,,CC(C)OC=O,0,,,,,,,,,,,,,,,
,,,,,,CC1=CC2=C(S1)NC3=CC=CC=C3N=C2N4CCN(CC4)C,0,,,,,,,,,,,,,,,
,,,,,,CC1=CC(=CC(=C1N(C)C)C)OC(=O)NC,0,,,,,,,,,,,,,,,
,,,,,,CCOC(=O)C1=CC=CC=C1N,0,,,,,,,,,,,,,,,
,,,,,,CS(=O)(=O)NC(=O)C1=C(C=CC(=C1)OC2=C(C=C(C=C2)C(F)(F)F)Cl)[N+](=O)[O-],1,,,,,,,,,,,,,,,
,,,,,,CCCCCCOC(=O)C1=CC=CC=C1,0,,,,,,,,,,,,,,,
,,,,,,CC1=CC=C(C=C1)C2OC[C@H]3[C@@H](O2)[C@H](OC(O3)C4=CC=C(C=C4)C)[C@@H](CO)O,0,,,,,,,,,,,,,,,
,,,,,,CCC(C)C(=O)OCCC1=CC=CC=C1,0,,,,,,,,,,,,,,,
,,,,,,CC1COC(=O)O1,0,,,,,,,,,,,,,,,
,,,,,,C1=CC=C2C(=C1)C=CC=C2NCCN.Cl.Cl,1,,,,,,,,,,,,,,,
,,,,,,C1=CC(=C(C(=C1)Cl)C=O)Cl,0,,,,,,,,,,,,,,,
,,,,,,CCOC1=CC=CC=C1N,1,,,,,,,,,,,,,,,
,,,,,,CCCCCCCCCCOC(=O)C=C,0,,,,,,,,,,,,,,,
,,,,,,CC1=CC(=CC=C1)[N+](=O)[O-],0,,,,,,,,,,,,,,,
,,,,,,C1=CC=C(C=C1)C2(C(=O)[N-]C(=O)N2)C3=CC=CC=C3.[Na+],1,,,,,,,,,,,,,,,
,,,,,,CCOC1=C(C2=CC=CC=C2C=C1)C(=O)N[C@H]3[C@@H]4N(C3=O)[C@H](C(S4)(C)C)C(=O)[O-].O.[Na+],0,,,,,,,,,,,,,,,
,,,,,,CC(=C)CS(=O)(=O)[O-].[Na+],0,,,,,,,,,,,,,,,
,,,,,,C1=CC=C(C=C1)CN,0,,,,,,,,,,,,,,,
,,,,,,C1=CC(=CC(=C1)OC2=CC=C(C=C2)N)OC3=CC=C(C=C3)N,1,,,,,,,,,,,,,,,
,,,,,,CC1=CC(=O)N(C(=C1)C2CCCCC2)O.C(CO)N,0,,,,,,,,,,,,,,,
,,,,,,CC1=C(C(=NO1)C2=C(C=CC=C2Cl)Cl)C(=O)Cl,1,,,,,,,,,,,,,,,
,,,,,,C1=CC=C(C=C1)C(=O)C2=CC=CC=C2,1,,,,,,,,,,,,,,,
,,,,,,CCOC(=O)C(=C(C1=CC=CC=C1)C2=CC=CC=C2)C#N,1,,,,,,,,,,,,,,,
,,,,,,CC1=C(C(=CC=C1)N)N,1,,,,,,,,,,,,,,,
,,,,,,C(CSCSCCO)O,0,,,,,,,,,,,,,,,
,,,,,,C1C[N+]2=CC=CC=C2C3=CC=CC=[N+]31.O.[Br-].[Br-],0,,,,,,,,,,,,,,,
,,,,,,C1(=NC(=S)NN1)N,1,,,,,,,,,,,,,,,
,,,,,,[Li+].[Li+].[O-]S(=O)(=O)[O-],0,,,,,,,,,,,,,,,
,,,,,,C1CN(CCN1C(=O)CCBr)C(=O)CCBr,0,,,,,,,,,,,,,,,
,,,,,,COC1=C(C(=C(C=C1)CCN(CCC2=C(C(=C(C=C2)OC)OC)OC)C(=O)C(C3=CC=CC=C3)C4=NCCC5=CC(=C(C=C54)OC)OC)OC)OC.Cl,1,,,,,,,,,,,,,,,
,,,,,,CC[Hg]SC1=CC=CC=C1C(=O)[O-].[Na+],1,,,,,,,,,,,,,,,
,,,,,,C(C(=O)O)C(CC(=O)O)(C(=O)O)O,0,,,,,,,,,,,,,,,
,,,,,,CC(=O)O[Hg]C1=CC=CC=C1,1,,,,,,,,,,,,,,,
,,,,,,CN1CC[C@]23[C@@H]4[C@H]1CC5=C2C(=C(C=C5)OC)O[C@H]3[C@H](C=C4)O.Cl,0,,,,,,,,,,,,,,,
,,,,,,CC(=O)CC(C1=CC=CC=C1)C2=C(C3=CC=CC=C3OC2=O)O,1,,,,,,,,,,,,,,,
,,,,,,C1CC2=C(C=CC(=C2)F)O[C@H]1[C@H](CNC[C@@H]([C@@H]3CCC4=C(O3)C=CC(=C4)F)O)O.Cl,0,,,,,,,,,,,,,,,
,,,,,,C1CCNC(C1)CCO,0,,,,,,,,,,,,,,,
,,,,,,C1=CC=C2C(=C1)C=NNC2=O,0,,,,,,,,,,,,,,,
,,,,,,CC[N+](CC)(CC1=CC=CC=C1)CC(=O)NC2=C(C=CC=C2C)C.C1=CC=C(C=C1)C(=O)[O-],0,,,,,,,,,,,,,,,
,,,,,,C1=CC(=C(C=C1C(F)(F)F)Cl)OC2=CC(=C(C=C2)[N+](=O)[O-])C(=O)[O-].[Na+],1,,,,,,,,,,,,,,,
,,,,,,CCCCCCC(C)O,0,,,,,,,,,,,,,,,
,,,,,,CC(=C)[C@H]1CC2=C(O1)C=CC3=C2O[C@@H]4COC5=CC(=C(C=C5[C@@H]4C3=O)OC)OC,1,,,,,,,,,,,,,,,
,,,,,,C(CCl)C#N,0,,,,,,,,,,,,,,,
,,,,,,CCCC1C(=CC(=CN1C2=CC=CC=C2)CC)CC,1,,,,,,,,,,,,,,,
,,,,,,COC1=CC(=C(C=C1)N)OC.Cl,1,,,,,,,,,,,,,,,
,,,,,,CCCCCCCCCCCCCCCC(=O)OC/C=C(\C)/C=C/C=C(\C)/C=C/C1=C(CCCC1(C)C)C,1,,,,,,,,,,,,,,,
,,,,,,CCN(CCN)C1=CC=CC(=C1)C,1,,,,,,,,,,,,,,,
,,,,,,CC1=CC=C(C=C1)N(CC2=NCCN2)C3=CC(=CC=C3)O,0,,,,,,,,,,,,,,,
,,,,,,CC1=CC(=C(C(=C1)Cl)OP(=S)(OC)OC)Cl,1,,,,,,,,,,,,,,,
,,,,,,CN(C)CCN1CCOCC1,0,,,,,,,,,,,,,,,
,,,,,,C[C@H]1[C@@H]([C@H]([C@H]([C@@H](O1)O[C@@H]2[C@H]([C@@H]([C@H](O[C@H]2OC3=CC(=C(C(=C3)O)C(=O)CCC4=CC(=C(C=C4)OC)O)O)CO)O)O)O)O)O,1,,,,,,,,,,,,,,,
,,,,,,C(#N)C1=C(C(=C(C(=C1Cl)Cl)Cl)C#N)Cl,1,,,,,,,,,,,,,,,
,,,,,,CCCC(C)C1=CC=CC=C1O,1,,,,,,,,,,,,,,,
,,,,,,CCCN(CCOC1=C(C=C(C=C1Cl)Cl)Cl)C(=O)N2C=CN=C2,1,,,,,,,,,,,,,,,
,,,,,,CCOC(=O)C(=C(C1=CC=CC=C1)C2=CC=CC=C2)C#N,1,,,,,,,,,,,,,,,
,,,,,,C[C@@H]1[C@@H](C(=O)N[C@@H](C(=O)N2CCC[C@H]2C(=O)N(CC(=O)N([C@H](C(=O)O1)C(C)C)C)C)C(C)C)NC(=O)C3=C4C(=C(C=C3)C)OC5=C(C(=O)C(=C(C5=N4)C(=O)N[C@H]6[C@H](OC(=O)[C@@H](N(C(=O)CN(C(=O)[C@@H]7CCCN7C(=O)[C@H](NC6=O)C(C)C)C)C)C(C)C)C)N)C,0,,,,,,,,,,,,,,,
,,,,,,CCCC(C(CC)CO)O,0,,,,,,,,,,,,,,,
,,,,,,C(CN(CC(=O)O)CC(=O)O)CN(CC(=O)O)CC(=O)O,0,,,,,,,,,,,,,,,
,,,,,,C1=CC(=CC=C1NC(=O)NC2=CC(=C(C=C2)Cl)Cl)Cl,1,,,,,,,,,,,,,,,
,,,,,,CC(C)CCCCCCCOC(=O)C=C,0,,,,,,,,,,,,,,,
,,,,,,CCCCNC1=C2C=NN(C2=NC(=C1C(=O)OCC)C)CC.Cl,1,,,,,,,,,,,,,,,
,,,,,,C1=CC=C(C=C1)NC(=O)CCl,0,,,,,,,,,,,,,,,
,,,,,,C1=NN=CN1N,1,,,,,,,,,,,,,,,
,,,,,,C1=NNC2=C1C(=O)NC=N2,0,,,,,,,,,,,,,,,
,,,,,,CC1=NN(C(=O)C1N=NC2=CC=C(C=C2)S(=O)(=O)[O-])C3=CC(=C(C=C3Cl)S(=O)(=O)[O-])Cl.[Na+].[Na+],0,,,,,,,,,,,,,,,
,,,,,,CCCCCCCCOC1=CC=CC=C1C(=O)NC2=CC=C(C=C2)C(=O)OCC[N+](C)(CC)CC.[Br-],1,,,,,,,,,,,,,,,
,,,,,,C1=CC(=CC(=C1)N=C=O)C(F)(F)F,0,,,,,,,,,,,,,,,
,,,,,,C1COCCN1CCOCCN2CCOCC2,0,,,,,,,,,,,,,,,
,,,,,,CCCCCCCCCCCCOCC1CO1,0,,,,,,,,,,,,,,,
,,,,,,CC1=C(C=CC2=C1OC(=O)C(=C2[O-])NC(=O)C3=CC(=C(C=C3)O)CC=C(C)C)O[C@H]4[C@@H]([C@@H]([C@H](C(O4)(C)C)OC)OC(=O)N)O.[Na+],1,,,,,,,,,,,,,,,
,,,,,,C1=CC(=CC(=C1)Cl)N,1,,,,,,,,,,,,,,,
,,,,,,CCCCC1=NC2=C(C=C1)[C@@H]([C@H]([C@@H]2C3=C(C=C(C=C3)OC)C[C@H](C)C(=O)[O-])C(=O)[O-])C4=CC5=C(C=C4)OCO5.[Na+].[Na+],1,,,,,,,,,,,,,,,
,,,,,,CCN(CC)CCOC(=O)C1(CCCCC1)C2CCCCC2,0,,,,,,,,,,,,,,,
,,,,,,CC1=CN=C(S1)NC(=O)C2=C(C3=CC=CC=C3S(=O)(=O)N2C)O,1,,,,,,,,,,,,,,,
,,,,,,CC(=C)C(=O)OCC1CO1,0,,,,,,,,,,,,,,,
,,,,,,C[C@]12CC[C@H]3[C@H]([C@@H]1CC[C@@H]2C(=O)NC(C)(C)C)CC[C@@H]4[C@@]3(C=CC(=O)N4)C,1,,,,,,,,,,,,,,,
,,,,,,CCN(CC)C(=O)C1=CC=C(C=C1)[C@H](C2=CC(=CC=C2)OC)N3C[C@H](N(C[C@@H]3C)CC=C)C,0,,,,,,,,,,,,,,,
,,,,,,C[C@]12CC[C@H]3[C@H]([C@@H]1CC[C@@H]2O)[C@@H](CC4=C3C=CC(=C4)O)CCCCCCCCCS(=O)CCCC(C(F)(F)F)(F)F,1,,,,,,,,,,,,,,,
,,,,,,C[C@@H](C(=O)N1CCC[C@H]1C(=O)O)N[C@@H](CCC2=CC=CC=C2)C(=O)O,0,,,,,,,,,,,,,,,
,,,,,,CC1CC(=O)O1,0,,,,,,,,,,,,,,,
,,,,,,C1=CC=C(C=C1)C(=O)OCC(COC(=O)C2=CC=CC=C2)(COC(=O)C3=CC=CC=C3)COC(=O)C4=CC=CC=C4,1,,,,,,,,,,,,,,,
,,,,,,CCN(CC)C1=CC2=C(C=C1)C(=C3C=CC(=[N+](CC)CC)C=C3O2)C4=C(C=C(C=C4)S(=O)(=O)[O-])S(=O)(=O)[O-].[Na+],1,,,,,,,,,,,,,,,
,,,,,,C1=CC2=C3C(=C(C=C2S(=O)(=O)[O-])S(=O)(=O)[O-])C=CC4=C(C=C(C1=C43)S(=O)(=O)[O-])S(=O)(=O)[O-].[Na+].[Na+].[Na+].[Na+],0,,,,,,,,,,,,,,,
,,,,,,C1=CN=C(C=N1)C(=O)N,0,,,,,,,,,,,,,,,
,,,,,,CNCCC(C1=CC=CC=C1)OC2=CC=C(C=C2)C(F)(F)F.Cl,1,,,,,,,,,,,,,,,
,,,,,,CC(=CCC/C(=C/CO)/C)C,0,,,,,,,,,,,,,,,
,,,,,,C1C(CC2=CC=CC=C2C1C3=C(SC4=CC=CC=C4C3=O)O)C5=CC=C(C=C5)C6=CC=C(C=C6)Br,1,,,,,,,,,,,,,,,
,,,,,,CC(=O)OC,0,,,,,,,,,,,,,,,
,,,,,,C1=CC(=CC=C1N)OC2=CC=C(C=C2)Cl,1,,,,,,,,,,,,,,,
,,,,,,C1=CC=C(C=C1)OC(=O)C2=C(C3=CC=CC=C3C=C2)O,1,,,,,,,,,,,,,,,
,,,,,,CN1CCN(CC1)C(=O)O[C@H]2C3=NC=CN=C3C(=O)N2C4=NC=C(C=C4)Cl,0,,,,,,,,,,,,,,,
,,,,,,C1=CC=C2C(=C1)C(=O)NS2(=O)=O,0,,,,,,,,,,,,,,,
,,,,,,CC(=CCOC(=O)C1=CC=CC=C1)C,0,,,,,,,,,,,,,,,
,,,,,,C1=CC(=CC(=C1)C(F)(F)F)CC#N,0,,,,,,,,,,,,,,,
,,,,,,CC1=CCC(CC1)C(C)(C)OC(=O)C,1,,,,,,,,,,,,,,,
,,,,,,CC1=CC=CC=C1N=O,0,,,,,,,,,,,,,,,
,,,,,,C1(=C(C(=C(C(=C1Br)Br)Br)Br)Br)O,1,,,,,,,,,,,,,,,
,,,,,,CC1=C(SC(=N1)C)C(=O)C,0,,,,,,,,,,,,,,,
,,,,,,C[C@]12C[C@@H]([C@H]3[C@H]([C@@H]1CC[C@@]2(C(=O)COC(=O)CC(C)(C)C)O)CCC4=CC(=O)C=C[C@]34C)O,1,,,,,,,,,,,,,,,
,,,,,,CC(C)C/C=C(\C=O)/C1=CC=CC=C1,1,,,,,,,,,,,,,,,
,,,,,,CCCCCCCCCCCCCC[P+](CCCCCC)(CCCCCC)CCCCCC.C(F)(F)(F)S(=O)(=O)[N-]S(=O)(=O)C(F)(F)F,1,,,,,,,,,,,,,,,
,,,,,,C[C@]12CC[C@H]3[C@H]([C@@H]1CCC2=O)CCC4=C3C=CC(=C4)O,1,,,,,,,,,,,,,,,
,,,,,,C1=CC=C2C(=C1)C=C(C=C2[N+](=O)[O-])[N+](=O)[O-],0,,,,,,,,,,,,,,,
,,,,,,C1=CC=C(C=C1)N=NC2=C(C=CC3=CC=CC=C32)O,1,,,,,,,,,,,,,,,
,,,,,,[C@H]12[C@H]([C@H]3[C@@H]([C@@H]1Cl)O3)C4(C(=C([C@]2(C4(Cl)Cl)Cl)Cl)Cl)Cl,1,,,,,,,,,,,,,,,
,,,,,,C1=CC(=CC=C1C2=CC(=O)C3=C(C=C(C=C3O2)O)O)O,1,,,,,,,,,,,,,,,
,,,,,,C1=CC=C(C=C1)NN=NC2=CC=CC=C2,1,,,,,,,,,,,,,,,
,,,,,,CC1=C(C(CCC1)(C)C)/C=C/C(=C/C=C/C(=C/C(=O)NC2=CC=C(C=C2)O)/C)/C,1,,,,,,,,,,,,,,,
,,,,,,CCCCC(CC)COC(=O)CCCCCCCC(=O)OCC(CC)CCCC,0,,,,,,,,,,,,,,,
,,,,,,C1CCC(CC1)N=C=NC2CCCCC2,0,,,,,,,,,,,,,,,
,,,,,,C[C@]12CC[C@](C[C@H]1C3=CC(=O)[C@@H]4[C@]5(CC[C@@H](C([C@@H]5CC[C@]4([C@@]3(CC2)C)C)(C)C)O[C@@H]6[C@@H]([C@H]([C@@H]([C@H](O6)C(=O)O)O)O)O[C@H]7[C@@H]([C@H]([C@@H]([C@H](O7)C(=O)O)O)O)O)C)(C)C(=O)O,0,,,,,,,,,,,,,,,
,,,,,,C1=CC(=CC=C1CSC(CN2C=CN=C2)C3=C(C=C(C=C3)Cl)Cl)Cl.[N+](=O)(O)[O-],1,,,,,,,,,,,,,,,
,,,,,,C[C@]12CC[C@H]3[C@H]([C@@H]1CC[C@]2(C)O)CC[C@@H]4[C@@]3(CC5=C(C4)NN=C5)C,1,,,,,,,,,,,,,,,
,,,,,,C1=CC(=CC=C1[N+](=O)[O-])OC2=C(C=C(C=C2)C(F)(F)F)[N+](=O)[O-],1,,,,,,,,,,,,,,,
,,,,,,CN(C)CC1=CC(=C(C(=C1)CN(C)C)O)CN(C)C,0,,,,,,,,,,,,,,,
,,,,,,C1=CC=C2C(=C1)C(=O)NC=N2,0,,,,,,,,,,,,,,,
,,,,,,CN(C)C(=O)NC1=CC=CC(=C1)C(F)(F)F,0,,,,,,,,,,,,,,,
,,,,,,C1=CC=C(C(=C1)C(=O)C2=CC=CC=C2O)O,1,,,,,,,,,,,,,,,
,,,,,,CCCCCCCCCCCCCCCC[N+](C)(C)CCN(CC1=CC=C(C=C1)OC)C2=NC=CC=N2.[Br-],1,,,,,,,,,,,,,,,
,,,,,,[O-]Cl(=O)(=O)=O.[K+],0,,,,,,,,,,,,,,,
,,,,,,C1=CC=C(C=C1)C(C#N)C2=CC=CC=C2,1,,,,,,,,,,,,,,,
,,,,,,CC1=C(C(=CC=C1)C)N(C(C)C(=O)OC)C(=O)C2=CC=CO2,1,,,,,,,,,,,,,,,
,,,,,,CC1=CN=C(C(=C1OC)C)CS(=O)C2=NC3=C(N2)C=C(C=C3)OC,1,,,,,,,,,,,,,,,
,,,,,,C1(=C(C(=C(C(=C1Cl)Cl)Cl)Cl)Cl)N,0,,,,,,,,,,,,,,,
,,,,,,O.O.O.O.O.O.[O-]S(=O)(=O)[O-].[Ni+2],0,,,,,,,,,,,,,,,
,,,,,,C(=N)(N)N[N+](=O)[O-],0,,,,,,,,,,,,,,,
,,,,,,CCCCCCCCCCCCCC(=O)OC,0,,,,,,,,,,,,,,,
,,,,,,CCCCCCCCC1CO1,0,,,,,,,,,,,,,,,
,,,,,,CC(C)(C1=CC(=C(C(=C1)Br)OCC=C)Br)C2=CC(=C(C(=C2)Br)OCC=C)Br,0,,,,,,,,,,,,,,,
,,,,,,C1=CC=C(C=C1)C2=C(C(=O)NC(=N2)N)Br,0,,,,,,,,,,,,,,,
,,,,,,CCCCC(CC)COC(=O)C(=C(C1=CC=CC=C1)C2=CC=CC=C2)C#N,1,,,,,,,,,,,,,,,
,,,,,,CC(C)O,0,,,,,,,,,,,,,,,
,,,,,,C1=CC=C(C=C1)C2=CC(=O)C3=C(O2)C=CC4=CC=CC=C43,1,,,,,,,,,,,,,,,
,,,,,,CC1=CNC2=CC=CC=C12,0,,,,,,,,,,,,,,,
,,,,,,CCCC1=NC=C(S1)C(=O)O,0,,,,,,,,,,,,,,,
,,,,,,C1=CC=C2C=C(C=CC2=C1)Cl,0,,,,,,,,,,,,,,,
,,,,,,C1=CC=C(C=C1)C2=CC(=O)C3=CC=CC=C3O2,1,,,,,,,,,,,,,,,
,,,,,,C1=CC=C(C=C1)/C=C/[N+](=O)[O-],1,,,,,,,,,,,,,,,
,,,,,,CCC(C)(C1=CC=C(C=C1)O)C2=CC=C(C=C2)O,1,,,,,,,,,,,,,,,
,,,,,,CCCCCCCCCCCCCCCBr,0,,,,,,,,,,,,,,,
,,,,,,C1=C(C=C(C(=C1SC2=C(C(=CC(=C2)Cl)Cl)O)O)Cl)Cl,1,,,,,,,,,,,,,,,
,,,,,,CC1=CC2=C(C=C1N)SC3=CC(=[N+](C)C)C=CC3=N2.[Cl-],1,,,,,,,,,,,,,,,
,,,,,,CN(C)/N=N/C1=C(NC=N1)C(=O)N,0,,,,,,,,,,,,,,,
,,,,,,C1=CC(=C(C=C1C=O)[N+](=O)[O-])Cl,1,,,,,,,,,,,,,,,
,,,,,,CC1=CC=C(C=C1)S(=O)(=O)NC(=O)NN2CC3CCCC3C2,0,,,,,,,,,,,,,,,
,,,,,,C1=CC=C(C(=C1)C(=C(Cl)Cl)C2=CC=C(C=C2)Cl)Cl,1,,,,,,,,,,,,,,,
,,,,,,CCCCCCCCOC(=O)C1=CC=CC=C1C(=O)OCCCCCCCC,1,,,,,,,,,,,,,,,
,,,,,,CN1CCC=C(C1)C(=O)OC,0,,,,,,,,,,,,,,,
,,,,,,COC1CN(CCC1NC(=O)C2=CC(=C(C=C2OC)N)Cl)CCCOC3=CC=C(C=C3)F,0,,,,,,,,,,,,,,,
,,,,,,CCCN(CCC)C(=O)SCCC,0,,,,,,,,,,,,,,,
,,,,,,C1=C(C(=CC(=C1Cl)Cl)Cl)S(=O)(=O)O,1,,,,,,,,,,,,,,,
,,,,,,C1=CC=C(C=C1)CC2=C(C=CC(=C2)Cl)O,1,,,,,,,,,,,,,,,
,,,,,,C1CC2C(C1)C3CC2CC3(C4=CC=C(C=C4)O)C5=CC=C(C=C5)O,1,,,,,,,,,,,,,,,
,,,,,,C=CC(=O)[O-].C=CC(=O)[O-].[Zn+2],1,,,,,,,,,,,,,,,
,,,,,,C1=CC=C(C=C1)NC2=CC3=CC=CC=C3C=C2,1,,,,,,,,,,,,,,,
,,,,,,C[NH+](C)CCC(C1=CC=CC=C1)C2=CC=CC=[NH+]2.C(=C\C(=O)[O-])\C(=O)[O-],0,,,,,,,,,,,,,,,
,,,,,,CN1CC2=C(C=CC(=C2)C(=O)N3CCC(CC3)C4CCNCC4)N[C@@H](C1=O)CC(=O)O,0,,,,,,,,,,,,,,,
,,,,,,C1=CC=C(C=C1)C(=O)OC(=O)C2=CC=CC=C2,0,,,,,,,,,,,,,,,
,,,,,,CC[N+](CC)(CC)CC.[Cl-],0,,,,,,,,,,,,,,,
,,,,,,CC1=C(C=CC(=C1)OC)N,1,,,,,,,,,,,,,,,
,,,,,,CCCCN1C=C[N+](=C1)C.[I-],0,,,,,,,,,,,,,,,
,,,,,,CCCCCCCOC(=O)C1=CC=CC=C1C(=O)OCCCCCCC,1,,,,,,,,,,,,,,,
,,,,,,CCCCCCCCCCCCCC=O,0,,,,,,,,,,,,,,,
,,,,,,C1CN(CCC12C(=O)NCN2C3=CC=CC=C3)CCCC(C4=CC=C(C=C4)F)C5=CC=C(C=C5)F,1,,,,,,,,,,,,,,,
,,,,,,CC(C)(C1=CC(=CC=C1)C(C)(C)N=C=O)N=C=O,0,,,,,,,,,,,,,,,
,,,,,,C1=CC2=C(C=CC=C2N)C(=C1)N,1,,,,,,,,,,,,,,,
,,,,,,C1=CC(=C2C(=C1NCCNCCO)C(=O)C3=C(C=CC(=C3C2=O)O)O)NCCNCCO.Cl.Cl,0,,,,,,,,,,,,,,,
,,,,,,CN1C=NC2=C1C(=O)NC(=O)N2C,0,,,,,,,,,,,,,,,
,,,,,,CC1=C(C2=C(C=C1)C(=O)C3=CC=CC=C3C2=O)N,1,,,,,,,,,,,,,,,
,,,,,,CCCCCCCCCCCCCC[N+](C)(C)C.[Br-],0,,,,,,,,,,,,,,,
,,,,,,CCC(=O)N(C1CCN(CC1)C(C)CC2=CC=CS2)C3=CC=CC=C3.Cl,0,,,,,,,,,,,,,,,
,,,,,,[B-](F)(F)(F)F.CCCCCCN1C=C[N+](=C1)C,0,,,,,,,,,,,,,,,
,,,,,,CCC(C)(CCC(C)C)C(=O)OC=C,0,,,,,,,,,,,,,,,
,,,,,,CC(C)C#N,0,,,,,,,,,,,,,,,
,,,,,,CC(C)(C)C1=CC(=C(C=C1O)C(C)(C)C)O,1,,,,,,,,,,,,,,,
,,,,,,C1=CC=C(C=C1)CNCC2=CC=CC=C2,1,,,,,,,,,,,,,,,
,,,,,,C1=CC(=CN=C1)C(=O)NCCO[N+](=O)[O-],0,,,,,,,,,,,,,,,
,,,,,,C(=O)/C(=C(\C(=O)O)/Cl)/Cl,0,,,,,,,,,,,,,,,
,,,,,,C1=CC=C(C=C1)C(C#N)O,0,,,,,,,,,,,,,,,
,,,,,,C=CCCCCCCCCC(=O)O,1,,,,,,,,,,,,,,,
,,,,,,CCCCCCCCCCO[C@H]1[C@@H]([C@H]([C@@H]([C@H](O1)CO)O)O)O,0,,,,,,,,,,,,,,,
,,,,,,CC1=CC(=NO1)NS(=O)(=O)C2=CC=C(C=C2)NC(=O)C,0,,,,,,,,,,,,,,,
,,,,,,CCOC1=CC=C(C=C1)C(C)(C)COCC2=CC(=CC=C2)OC3=CC=CC=C3,1,,,,,,,,,,,,,,,
,,,,,,CN(C)C1=CC=CC=C1,0,,,,,,,,,,,,,,,
,,,,,,CC(C)C1CCC(CC1)C(=O)N[C@H](CC2=CC=CC=C2)C(=O)O,1,,,,,,,,,,,,,,,
,,,,,,C1=CC=C(C=C1)COP(=O)(O)OCC2=CC=CC=C2,1,,,,,,,,,,,,,,,
,,,,,,C1=CC(=C(C=C1[N+](=O)[O-])C#N)N,0,,,,,,,,,,,,,,,
,,,,,,CC(=O)C1=CN=CC=C1,0,,,,,,,,,,,,,,,
,,,,,,CN(C)C1=CC(=CC=C1)O,1,,,,,,,,,,,,,,,
,,,,,,C[N+]12CCC(CC1)C(C2)OC(=O)C(C3=CC=CC=C3)(C4=CC=CC=C4)O.[Br-],0,,,,,,,,,,,,,,,
,,,,,,CCCCC(=O)OCC(=O)[C@H]1[C@@H](C[C@@H]2[C@@]1(C[C@@H]([C@]3([C@H]2C[C@@H](C4=CC(=O)C=C[C@@]43C)F)F)O)C)C,1,,,,,,,,,,,,,,,
,,,,,,O.O.Cl[In](Cl)Cl,0,,,,,,,,,,,,,,,
,,,,,,CC1=C(C=CC(=C1)Cl)OC(C)C(=O)O,1,,,,,,,,,,,,,,,
,,,,,,CCOP(=S)(OCC)OC1=NC2=CC=CC=C2N=C1,1,,,,,,,,,,,,,,,
,,,,,,CCCCOC(=O)C(C)OC(=O)CCC,0,,,,,,,,,,,,,,,
,,,,,,CC(C)(C1=CC=CC=C1)C2=CC=C(C=C2)O,1,,,,,,,,,,,,,,,
,,,,,,CC(C)(C)CCCCCCOC(=O)C1=CC=CC=C1C(=O)OCCCCCCC(C)(C)C,0,,,,,,,,,,,,,,,
,,,,,,CC1=NN=C(S1)NS(=O)(=O)C2=CC=C(C=C2)N,1,,,,,,,,,,,,,,,
,,,,,,CC1=CC=C(C=C1)C(=O)C2=CC(=C(C(=C2)O)O)[N+](=O)[O-],1,,,,,,,,,,,,,,,
,,,,,,C1=CC2=C(C=CC(=C2)S(=O)(=O)[O-])C=C1O.[K+],0,,,,,,,,,,,,,,,
,,,,,,CN1C=NC2=C1C(=O)N(C(=O)N2)C,0,,,,,,,,,,,,,,,
,,,,,,C1=C(SC(=N1)N)[N+](=O)[O-],1,,,,,,,,,,,,,,,
,,,,,,CC1=CC2=C(C=C1)NCCC2,1,,,,,,,,,,,,,,,
,,,,,,CC(C)(C#N)N=NC(C)(C)C#N,0,,,,,,,,,,,,,,,
,,,,,,C1=CC(=CC=C1N)[As](=O)(O)O,0,,,,,,,,,,,,,,,
,,,,,,C1CC2CN(CCN2C1)CCC(=O)N3C4=CC=CC=C4SC5=C3C=C(C=C5)Cl,0,,,,,,,,,,,,,,,
,,,,,,C1C(O1)COC2=CC=C(C=C2)C(C3=CC=C(C=C3)OCC4CO4)C(C5=CC=C(C=C5)OCC6CO6)C7=CC=C(C=C7)OCC8CO8,1,,,,,,,,,,,,,,,
,,,,,,COC(=O)C1=C(C=CC(=C1)Cl)[N+](=O)[O-],0,,,,,,,,,,,,,,,
,,,,,,[B-](F)(F)(F)F.CC[N+]1(CCCC1)C,0,,,,,,,,,,,,,,,
,,,,,,C([N+](=O)[O-])(Br)Br,0,,,,,,,,,,,,,,,
,,,,,,CCN(CC)CCOC(=O)C1(CCCC1)C2=CC=CC=C2.CCN(CC)CCOC(=O)C1(CCCC1)C2=CC=CC=C2.C(CS(=O)(=O)O)S(=O)(=O)O,0,,,,,,,,,,,,,,,
,,,,,,CC(C)(C)OCC1CO1,0,,,,,,,,,,,,,,,
,,,,,,CC(=C)C(=O)OCCNC(C)(C)C,0,,,,,,,,,,,,,,,
,,,,,,C1=CC=C(C=C1)C(=O)C2=C(C=CC(=C2)Cl)O,1,,,,,,,,,,,,,,,
,,,,,,CN(C)C1=CC=C(C=C1)C(=C2C=CC(=[N+](C)C)C=C2)C3=CC=CC=C3.CN(C)C1=CC=C(C=C1)C(=C2C=CC(=[N+](C)C)C=C2)C3=CC=CC=C3.C(=O)(C(=O)O)O.C(=O)(C(=O)[O-])O.C(=O)(C(=O)[O-])O,1,,,,,,,,,,,,,,,
,,,,,,C1=CC=C(C(=C1)C(F)(F)F)Cl,0,,,,,,,,,,,,,,,
,,,,,,CCN(CC)C1=CC=C(C=C1)N=NC2=CC=CC=C2,1,,,,,,,,,,,,,,,
,,,,,,CC1CCN(CC1)CCCC(=O)C2=CC=C(C=C2)F,0,,,,,,,,,,,,,,,
,,,,,,CCC(COCCOC(=O)C=C)(COCCOC(=O)C=C)COCCOC(=O)C=C,1,,,,,,,,,,,,,,,
,,,,,,CC1=C(C=CC(=C1)O)Cl,0,,,,,,,,,,,,,,,
,,,,,,CCCCNS(=O)(=O)C1=CC=C(C=C1)C,1,,,,,,,,,,,,,,,
,,,,,,C(C(Cl)(Cl)Cl)(Cl)Cl,0,,,,,,,,,,,,,,,
,,,,,,C[C@H]1C[C@H]2[C@@H]3CCC4=CC(=O)C=C[C@@]4([C@]3([C@H](C[C@@]2([C@]1(C(=O)CO)O)C)O)F)C,0,,,,,,,,,,,,,,,
,,,,,,CC(C)C1N(CCO1)CCOC(=O)NCCCCCCNC(=O)OCCN2CCOC2C(C)C,0,,,,,,,,,,,,,,,
,,,,,,CCN(CC)CCNC(=O)C1=CC(=C(C=C1OC)N)Cl,0,,,,,,,,,,,,,,,
,,,,,,C1=CC(=C(C=C1C(F)(F)F)[N+](=O)[O-])Cl,0,,,,,,,,,,,,,,,
,,,,,,CN(C)C(=S)SSC(=S)N(C)C,1,,,,,,,,,,,,,,,
,,,,,,C(CCBr)CCBr,0,,,,,,,,,,,,,,,
,,,,,,C1=C(C(=C(C(=C1Cl)Cl)Cl)O)Cl,1,,,,,,,,,,,,,,,
,,,,,,C1CCCN(CC1)N=O,0,,,,,,,,,,,,,,,
,,,,,,CNCCCC12CCC(C3=CC=CC=C31)C4=CC=CC=C24.Cl,1,,,,,,,,,,,,,,,
,,,,,,CN(C)[C@H]1[C@@H]2C[C@@H]3CC4=C(C=CC(=C4C(=C3C(=O)[C@@]2(C(=C(C1=O)C(=O)N)O)O)O)O)N(C)C.Cl,0,,,,,,,,,,,,,,,
,,,,,,CCC(C)N1C(=O)N(C=N1)C2=CC=C(C=C2)N3CCN(CC3)C4=CC=C(C=C4)OC[C@H]5CO[C@](O5)(CN6C=NC=N6)C7=C(C=C(C=C7)Cl)Cl,1,,,,,,,,,,,,,,,
,,,,,,[Be+2].O.O.O.O.[O-]S(=O)(=O)[O-],0,,,,,,,,,,,,,,,
,,,,,,CC1=C[C@@H]2[C@H](CC[C@]3([C@H]2CC(=C)[C@@]3(C(=O)C)OC(=O)C)C)[C@@]4(C1=CC(=O)CC4)C,1,,,,,,,,,,,,,,,
,,,,,,CC1=CC=C(C=C1)[N+](=O)[O-],0,,,,,,,,,,,,,,,
,,,,,,CC1=C(C(=CC=C1)C(=O)O)O,0,,,,,,,,,,,,,,,
,,,,,,CCCCCCCCC/C=C/CC1CC(=O)OC1=O,1,,,,,,,,,,,,,,,
,,,,,,CC(C)CC(C)(C#C)O,0,,,,,,,,,,,,,,,
,,,,,,C1CCN(CC1)CC2=CC(=NC=C2)OC/C=C\CNC(=O)CS(=O)CC3=CC=CO3,0,,,,,,,,,,,,,,,
,,,,,,[I-].[I-].[Hg+2],1,,,,,,,,,,,,,,,
,,,,,,C1C2CC3CC1CC(C2)(C3)N,0,,,,,,,,,,,,,,,
,,,,,,C1=CC=C2C(=C1)C=CC=C2N,1,,,,,,,,,,,,,,,
,,,,,,C1=CC=C(C=C1)C2=CC=CC=C2O,1,,,,,,,,,,,,,,,
,,,,,,C1=CC(=NC(=C1)Cl)Cl,0,,,,,,,,,,,,,,,
,,,,,,C1COCCN1SSN2CCOCC2,1,,,,,,,,,,,,,,,
,,,,,,CN(CCC1=CC=C(C=C1)NS(=O)(=O)C)CCOC2=CC=C(C=C2)NS(=O)(=O)C,0,,,,,,,,,,,,,,,
,,,,,,C=CCO,0,,,,,,,,,,,,,,,
,,,,,,COP(=O)(O)OP(=O)(O)OC,0,,,,,,,,,,,,,,,
,,,,,,CCN1C=C(C(=O)C2=CC(=C(C=C21)N3CCNCC3)F)C(=O)O,0,,,,,,,,,,,,,,,
,,,,,,CN(C)CCOC(=O)COC1=CC=C(C=C1)Cl.Cl,0,,,,,,,,,,,,,,,
,,,,,,C1COCCN1CCCS(=O)(=O)O,0,,,,,,,,,,,,,,,
,,,,,,CC1=CC=CC=C1CCl,0,,,,,,,,,,,,,,,
,,,,,,C1=CC=C(C=C1)OC(=O)CCCCCCCCC#CI,1,,,,,,,,,,,,,,,
,,,,,,CC(C)(C)C1=NN=C(N(C1=O)N)SC,0,,,,,,,,,,,,,,,
,,,,,,C=CC(=O)OCC(CO)(COC(=O)C=C)COC(=O)C=C,1,,,,,,,,,,,,,,,
,,,,,,CC1=C(C2=C(N1CC(=O)O)C=C(C=C2)OC)C(=O)C3=CC=C(C=C3)Cl,1,,,,,,,,,,,,,,,
,,,,,,C1CC(=O)N(C1)CCO,0,,,,,,,,,,,,,,,
,,,,,,CCOCCOC(=O)/C=C/C1=CC=C(C=C1)OC,1,,,,,,,,,,,,,,,
,,,,,,CC/C=C\C#N,0,,,,,,,,,,,,,,,
,,,,,,CCOC(=O)CCC(=O)OCC,1,,,,,,,,,,,,,,,
,,,,,,CC(=O)CC(=O)C1=CC=CC=C1,1,,,,,,,,,,,,,,,
,,,,,,C1=CN=CC=C1C(=O)NN,1,,,,,,,,,,,,,,,
,,,,,,CCC(=O)O[C@H]1CC[C@@H]2[C@@]1(CC[C@H]3[C@H]2CCC4=CC(=O)CC[C@]34C)C,1,,,,,,,,,,,,,,,
,,,,,,CCOC(=O)C1=CC=C(C=C1)O,0,,,,,,,,,,,,,,,
,,,,,,C1=CC(=CC=C1COC(CN2C=CN=C2)C3=C(C=C(C=C3)Cl)Cl)Cl.[N+](=O)(O)[O-],1,,,,,,,,,,,,,,,
,,,,,,COC1=CC=CC=C1NC(=O)C2=CC3=CC=CC=C3C=C2O,1,,,,,,,,,,,,,,,
,,,,,,C1=CC=C2C(=C1)C(=NC2=N)N,0,,,,,,,,,,,,,,,
,,,,,,COC1=CC(=O)OC(=C1)/C=C/C2=CC=CC=C2,1,,,,,,,,,,,,,,,
,,,,,,CCCCCCCCSCCO,1,,,,,,,,,,,,,,,
,,,,,,II,1,,,,,,,,,,,,,,,
,,,,,,COC1=C2C(=CC3=C1OC=C3)C=CC(=O)O2,1,,,,,,,,,,,,,,,
,,,,,,CCCC[N+]1=CC=C(C=C1)C.[Cl-],1,,,,,,,,,,,,,,,
,,,,,,C1(=C(N=C(C(=N1)Cl)N)N)C(=O)N=C(N)N.Cl,0,,,,,,,,,,,,,,,
,,,,,,CCCC[N+]1(CCCCC1)C.[Br-],0,,,,,,,,,,,,,,,
,,,,,,CCCCCC/C=C/CCCCCCCC(=O)O,0,,,,,,,,,,,,,,,
,,,,,,CCNC1=NC(=NC(=N1)N)Cl,0,,,,,,,,,,,,,,,
,,,,,,CCOC(=O)C(C)OC1=CC=C(C=C1)OC2=NC3=C(O2)C=C(C=C3)Cl,1,,,,,,,,,,,,,,,
,,,,,,C[C@]12CC[C@H]3[C@H]([C@@H]1CCC2=O)CC=C4[C@@]3(CC[C@@H](C4)O)C,1,,,,,,,,,,,,,,,
,,,,,,CC1=CC2=C(N1)C=CC=C2OCC(CNC(C)(C)C)OC(=O)C3=CC=CC=C3,1,,,,,,,,,,,,,,,
,,,,,,CCCCOC(=O)CC(CC(=O)OCCCC)(C(=O)OCCCC)OC(=O)C,1,,,,,,,,,,,,,,,
,,,,,,C1=C(C=C(C(=C1[N+](=O)[O-])Cl)[N+](=O)[O-])C(F)(F)F,1,,,,,,,,,,,,,,,
,,,,,,CC(C)(C)OO,0,,,,,,,,,,,,,,,
,,,,,,CCCSP(=S)(OCC)OC1=C(C=C(C=C1)Cl)Cl,1,,,,,,,,,,,,,,,
,,,,,,CCOC(=O)C(C1=CC=CC=C1)O,0,,,,,,,,,,,,,,,
,,,,,,CCCCN1C=C[N+](=C1C)C.C(F)(F)(F)S(=O)(=O)[N-]S(=O)(=O)C(F)(F)F,1,,,,,,,,,,,,,,,
,,,,,,CC(C)COC(=O)COC1=CC(=C(C=C1Cl)Cl)Cl,1,,,,,,,,,,,,,,,
,,,,,,CC(C)OC(=S)[S-].[Na+],1,,,,,,,,,,,,,,,
,,,,,,CC(=C)C(=O)OCC1CO1,0,,,,,,,,,,,,,,,
,,,,,,CC(C)[C@H](C1=CC=C(C=C1)Cl)C(=O)O[C@@H](C#N)C2=CC(=CC=C2)OC3=CC=CC=C3,1,,,,,,,,,,,,,,,
,,,,,,C1=CC=C(C=C1)OCCOC2=CC=CC=C2,1,,,,,,,,,,,,,,,
,,,,,,CC/C(=C(/C1=CC=C(C=C1)O)\C2=CC=C(C=C2)OCCN(C)C)/C3=CC=CC=C3,1,,,,,,,,,,,,,,,
,,,,,,CCCC(C)C1(C(=O)NC(=NC1=O)[S-])CC.[Na+],1,,,,,,,,,,,,,,,
,,,,,,CC(C)(C)C1CCC(=O)CC1,0,,,,,,,,,,,,,,,
,,,,,,CC1=CC(=CC=C1)C=C,0,,,,,,,,,,,,,,,
,,,,,,C1=CC=C(C=C1)N2C=C(C(=N2)C3=CC=C(C=C3)Cl)CC(=O)O,1,,,,,,,,,,,,,,,
,,,,,,CCC(COC(=O)C1=CC(=C(C(=C1)OC)OC)OC)(C2=CC=CC=C2)N(C)C.C(=C\C(=O)O)\C(=O)O,1,,,,,,,,,,,,,,,
,,,,,,CCCCC(CC)COC(=O)C=C,0,,,,,,,,,,,,,,,
,,,,,,C1CCC(CC1)OC(=O)CC(C(=O)OC2CCCCC2)S(=O)(=O)[O-].[Na+],1,,,,,,,,,,,,,,,
,,,,,,CCOC(=O)[C@H](CCC1=CC=CC=C1)N[C@@H](C)C(=O)N(CC(=O)O)C2CC3=CC=CC=C3C2.Cl,1,,,,,,,,,,,,,,,
,,,,,,CC(=O)CC(=O)OC(C)(C)C,0,,,,,,,,,,,,,,,
,,,,,,CNC(=O)CN(CCN(CCN(CC(=O)NC)CC(=O)[O-])CC(=O)[O-])CC(=O)[O-].O.[Gd+3],0,,,,,,,,,,,,,,,
,,,,,,CCO[Si](CCCSSSSCCC[Si](OCC)(OCC)OCC)(OCC)OCC,1,,,,,,,,,,,,,,,
,,,,,,CCCCOC(CC)O,0,,,,,,,,,,,,,,,
,,,,,,CCCCOC(=O)C1=CC=C(C=C1)O,1,,,,,,,,,,,,,,,
,,,,,,C1=CC=C(C=C1)CNC(=O)CCCl,0,,,,,,,,,,,,,,,
,,,,,,C1=CC2=C3C(=CC=C4C3=C1C(=O)OC4=O)C(=O)OC2=O,0,,,,,,,,,,,,,,,
,,,,,,CC(C)(C)CC(C)(C)C1=CC(=C(C=C1)O)CC2=C(C=C(C=C2)Cl)Cl,1,,,,,,,,,,,,,,,
,,,,,,CC1=C(C=C(C=C1)N=C=O)N=C=O,1,,,,,,,,,,,,,,,
,,,,,,C1=CC(=C[N+](=C1)[O-])CO,0,,,,,,,,,,,,,,,
,,,,,,C[C@]12CC[C@H]3[C@H]([C@@H]1CC[C@@H]2O)CCC4=C3C=CC(=C4)OC(=O)N(CCCl)CCCl,0,,,,,,,,,,,,,,,
,,,,,,C1=CC(=C(C=C1[N+](=O)[O-])N)O,1,,,,,,,,,,,,,,,
,,,,,,CCOC(=O)[C@H](CCC1=CC=CC=C1)N[C@H]2CCC3=CC=CC=C3N(C2=O)CC(=O)O.Cl,1,,,,,,,,,,,,,,,
,,,,,,CC1=CC=C(C=C1)S(=O)(=O)NC(=O)NN2CCCCCC2,1,,,,,,,,,,,,,,,
,,,,,,C1=CC(=C(C=C1C=O)Cl)Cl,0,,,,,,,,,,,,,,,
,,,,,,CCCCC(CC)COC(=O)CCCCCCCCC(=O)OCC(CC)CCCC,0,,,,,,,,,,,,,,,
,,,,,,C1=CC=C(C=C1)C(=O)C2=C(C=CC(=C2)Cl)N,1,,,,,,,,,,,,,,,
,,,,,,CCCOC(=O)C1=C(C(=C(C(=C1Cl)Cl)Cl)Cl)C(=O)OCCC,1,,,,,,,,,,,,,,,
,,,,,,CC(C)(C#CC(C)(C)O)O,0,,,,,,,,,,,,,,,
,,,,,,CCCCCCOC(=O)C1=CC=CC=C1C(=O)OCCCCCC,1,,,,,,,,,,,,,,,
,,,,,,C[C@]12CCC(=O)C=C1CC[C@@H]3[C@@H]2[C@H](C[C@]4([C@H]3CC[C@@H]4C(=O)CO)C)O,1,,,,,,,,,,,,,,,
,,,,,,CCCCCCCC/C=C\CCCCCCCC(=O)N(C)CC(=O)O,1,,,,,,,,,,,,,,,
,,,,,,CC(=O)C1=CC2=C(C=C1)OC([C@@H]([C@H]2NC(=O)C3=CC=C(C=C3)F)O)(C)C,1,,,,,,,,,,,,,,,
,,,,,,CCN[C@H]1C[C@@H](S(=O)(=O)C2=C1C=C(S2)S(=O)(=O)N)C.Cl,0,,,,,,,,,,,,,,,
,,,,,,CC(C)(C)C1CCC(CC1)CC2=C(C3=CC=CC=C3C(=O)C2=O)O,1,,,,,,,,,,,,,,,
,,,,,,C(C(F)(F)F)(Cl)Br,0,,,,,,,,,,,,,,,
,,,,,,CC1=C(C(C(=C(N1)COC(=O)N)C(=O)OC(C)C)C2=C(C(=CC=C2)Cl)Cl)C(=O)OC,1,,,,,,,,,,,,,,,
,,,,,,CCCCCCCCOC(=O)C1=CC=C(C=C1)O,1,,,,,,,,,,,,,,,
,,,,,,C[N+](=CCl)C.[Cl-],0,,,,,,,,,,,,,,,
,,,,,,CCOC(=O)/C=C/C(=O)O,0,,,,,,,,,,,,,,,
,,,,,,CCCCCCOC1=CC=C(C=C1)O,1,,,,,,,,,,,,,,,
,,,,,,C(C(CO)(CBr)CBr)O,0,,,,,,,,,,,,,,,
,,,,,,C1=CC=C(C=C1)C(=O)NC2=CC3=CC(=C(C(=C3C=C2)O)N=NC4=CC=C(C=C4)N=NC5=CC=C(C=C5)S(=O)(=O)[O-])S(=O)(=O)[O-].[Na+].[Na+],1,,,,,,,,,,,,,,,
,,,,,,CCC(CC1=CC=CC=C1)(C(=O)C2=CC=C(C=C2)N3CCOCC3)N(C)C,1,,,,,,,,,,,,,,,
,,,,,,C1=CC(=C(C=C1O)O)C(=O)O,0,,,,,,,,,,,,,,,
,,,,,,CCO[C@@H]1[C@@H]([C@@H]2CC[C@H]([C@H]3[C@]24[C@H](O1)OC(CC3)(OO4)C)C)C,1,,,,,,,,,,,,,,,
,,,,,,CCOP(=S)(OCC)OC1=NC(=NC(=C1)C)C(C)C,1,,,,,,,,,,,,,,,
,,,,,,C(CNC(=S)[S-])NC(=S)[S-].[Na+].[Na+],1,,,,,,,,,,,,,,,
,,,,,,C1=C(C=C(C(=C1Cl)N2C(=C(C(=N2)C#N)S(=O)C(F)(F)F)N)Cl)C(F)(F)F,1,,,,,,,,,,,,,,,
,,,,,,CN(C)CCN1C(=NN=N1)SCC2=C(N3[C@@H]([C@@H](C3=O)NC(=O)CC4=CSC(=N4)N)SC2)C(=O)O.Cl,0,,,,,,,,,,,,,,,
,,,,,,CCCCCCCCCCCCOCCOS(=O)(=O)[O-].[Na+],1,,,,,,,,,,,,,,,
,,,,,,CCC(C)(CC)C1=NOC(=C1)NC(=O)C2=C(C=CC=C2OC)OC,1,,,,,,,,,,,,,,,
,,,,,,CCC1=CN=C(C=C1)CCOC2=CC=C(C=C2)CC3C(=O)NC(=O)S3.Cl,1,,,,,,,,,,,,,,,
,,,,,,CC1=CC=CC2=CC=CC=C12,0,,,,,,,,,,,,,,,
,,,,,,C1=C(C(=C(C(=C1I)NC(=O)CCOCCOCCOCCOCCC(=O)NC2=C(C=C(C(=C2I)C(=O)O)I)I)I)C(=O)O)I,0,,,,,,,,,,,,,,,
,,,,,,CCC/C(=N\OCC)/C1=C(CC(CC1=O)CC(C)SCC)O,1,,,,,,,,,,,,,,,
,,,,,,CN1CCN(CC1)C2=CC=CC=C2/C=C\3/C(=O)N(CCS3)C4=CC(=C(C=C4)Cl)Cl,1,,,,,,,,,,,,,,,
,,,,,,CCCCC(CC)CO,0,,,,,,,,,,,,,,,
,,,,,,C1=CC=C(C=C1)[Sb](C2=CC=CC=C2)C3=CC=CC=C3,1,,,,,,,,,,,,,,,
,,,,,,CC1=C(C(C(=C(N1)N)C(=O)OC2CN(C2)C(C3=CC=CC=C3)C4=CC=CC=C4)C5=CC(=CC=C5)[N+](=O)[O-])C(=O)OC(C)C,1,,,,,,,,,,,,,,,
,,,,,,C1=CC=C2C=C(C=CC2=C1)NC3=CC=C(C=C3)NC4=CC5=CC=CC=C5C=C4,0,,,,,,,,,,,,,,,
,,,,,,CC(=O)OC[C@@H]1[C@H]([C@H]([C@@H](O1)N2C(=O)NC(=O)C=N2)OC(=O)C)OC(=O)C,0,,,,,,,,,,,,,,,
,,,,,,C1=CC=C2C(=C1)C(OC2=O)OC(=O)C3=C(N=CC=C3)NC4=CC=CC(=C4)C(F)(F)F,1,,,,,,,,,,,,,,,
,,,,,,CCCCC(CC)COC(=O)C,0,,,,,,,,,,,,,,,
,,,,,,C1=CC=C2C(=C1)C(=O)OC23C4=C(C=C(C=C4)O)OC5=C3C=CC(=C5)O,1,,,,,,,,,,,,,,,
,,,,,,COC1=CC=CC=C1/C=C/C=O,0,,,,,,,,,,,,,,,
,,,,,,C12=C(NC(=O)NC1=O)[N-]C(=O)N2.[Na+],0,,,,,,,,,,,,,,,
,,,,,,CC(C)(C1=CC=CC=C1)C2=CC=C(C=C2)NC3=CC=C(C=C3)C(C)(C)C4=CC=CC=C4,1,,,,,,,,,,,,,,,
,,,,,,C1CC(=O)NC1,0,,,,,,,,,,,,,,,
,,,,,,CC(C)(CC1=CC=CC=C1)NC.CC(C)(CC1=CC=CC=C1)NC.OS(=O)(=O)O,0,,,,,,,,,,,,,,,
,,,,,,CCCCCCOC(=O)C(=C)C,0,,,,,,,,,,,,,,,
,,,,,,CCCCCCCCCCCCCCCCN1C=C[N+](=C1)C.C(F)(F)(F)S(=O)(=O)[N-]S(=O)(=O)C(F)(F)F,1,,,,,,,,,,,,,,,
,,,,,,C1=CC=C2C(=C1)C(=O)C3=C(C=CC(=C3C2=O)N)N,1,,,,,,,,,,,,,,,
,,,,,,CC1CCC(C(=O)C1)C(C)(C)S,1,,,,,,,,,,,,,,,
,,,,,,CC1=CC(=C(C=C1O)C)C2(C3=CC=CC=C3S(=O)(=O)O2)C4=C(C=C(C(=C4)C)O)C,1,,,,,,,,,,,,,,,
,,,,,,CC1=CC(=CC(=C1N)C)C2=CC(=C(C(=C2)C)N)C,1,,,,,,,,,,,,,,,
,,,,,,COC1=NC=CN=C1NS(=O)(=O)C2=CC=C(C=C2)N,0,,,,,,,,,,,,,,,
,,,,,,CC(CCC=C(C)C)CCO,0,,,,,,,,,,,,,,,
,,,,,,CC(C)C1=C(C(=CC=C1)C(C)C)O,1,,,,,,,,,,,,,,,
,,,,,,CNS(=O)(=O)CC1=CC2=C(C=C1)NC=C2CCN(C)C,0,,,,,,,,,,,,,,,
,,,,,,CCCCN(CC)C(=O)SCCC,0,,,,,,,,,,,,,,,
,,,,,,CC(C)(C1=CC(=C(C(=C1)Cl)O)Cl)C2=CC(=C(C(=C2)Cl)O)Cl,1,,,,,,,,,,,,,,,
,,,,,,C1=CC=C(C=C1)NC2=CC=CC3=CC=CC=C32,1,,,,,,,,,,,,,,,
,,,,,,CC(=O)N[C@@H](CCC(=O)O)C(=O)O,0,,,,,,,,,,,,,,,
,,,,,,C1=CC=C(C(=C1)C2C(O2)(CN3C=NC=N3)C4=CC=C(C=C4)F)Cl,1,,,,,,,,,,,,,,,
,,,,,,CCC(COC(=O)C(=C)C)(COC(=O)C(=C)C)COC(=O)C(=C)C,1,,,,,,,,,,,,,,,
,,,,,,CC1=CC=CC2=NNN=C12,0,,,,,,,,,,,,,,,
,,,,,,C1=CC=C(C=C1)OC2=CC=C(C=C2)Cl,0,,,,,,,,,,,,,,,
,,,,,,CCCO,0,,,,,,,,,,,,,,,
,,,,,,C1=CC(=CC=C1C[C@@H](C(=O)O)N)N(CCCl)CCCl,1,,,,,,,,,,,,,,,
,,,,,,CC(=O)OCC(COC(=O)C)OC(=O)C,0,,,,,,,,,,,,,,,
,,,,,,F[Si-2](F)(F)(F)(F)F.[Na+].[Na+],0,,,,,,,,,,,,,,,
,,,,,,CCCCCCOC1=CC=C(C=C1)N,1,,,,,,,,,,,,,,,
,,,,,,C1(=NC(=NC(=N1)N)N)N,0,,,,,,,,,,,,,,,
,,,,,,CCCCOC(=O)C1=CC=CC=C1,0,,,,,,,,,,,,,,,
,,,,,,CCN1C=C[N+](=C1)C.C(F)(F)(F)S(=O)(=O)[N-]S(=O)(=O)C(F)(F)F,1,,,,,,,,,,,,,,,
,,,,,,CCCCCCCCCCCC[N+](C)(C)C.[Cl-],0,,,,,,,,,,,,,,,
,,,,,,CC1=C(NC(=O)N1)C(=O)C2=CC=C(C=C2)SC,0,,,,,,,,,,,,,,,
,,,,,,C[C@]12CC[C@H]3[C@H]([C@@H]1CCC2=O)CC=C4[C@@]3(CC[C@@H](C4)O)C,1,,,,,,,,,,,,,,,
,,,,,,C1=CC(=CC=C1C2=CC(=O)C3=C(C=C(C=C3O2)O)O)O,1,,,,,,,,,,,,,,,
,,,,,,C1=CN=CC=C1C2=CC=NC=C2,1,,,,,,,,,,,,,,,
,,,,,,C1=CC(=CC=C1NC(=O)N)[As](=O)(O)O,0,,,,,,,,,,,,,,,
,,,,,,CS(=O)(=O)C1=CC=C(C=C1)Cl,0,,,,,,,,,,,,,,,
,,,,,,C=C1C(C2(C(C(C1(C2(Cl)Cl)Cl)Cl)Cl)Cl)(CCl)CCl,1,,,,,,,,,,,,,,,
,,,,,,C1=CC=C(C(=C1)C(=O)O)O.C1=CC2=C(C(=C1)O)N=CC=C2,0,,,,,,,,,,,,,,,
,,,,,,CN(C)C.Cl,0,,,,,,,,,,,,,,,
,,,,,,C1COC(=O)N1/N=C/C2=CC=C(O2)[N+](=O)[O-],0,,,,,,,,,,,,,,,
,,,,,,CC1=C2C(=CC(=C1C(=O)O)O)C(=O)C3=C(C2=O)C(=C(C(=C3O)O)[C@H]4[C@@H]([C@H]([C@@H]([C@H](O4)CO)O)O)O)O,1,,,,,,,,,,,,,,,
,,,,,,C1CC1C(=O)NC2=CC(=C(C=C2)Cl)Cl,1,,,,,,,,,,,,,,,
,,,,,,CCOC1=CC=C(C=C1)N=NC2=CC(=C(C=C2)/C=C/C3=C(C=C(C=C3)N=NC4=CC=C(C=C4)OCC)S(=O)(=O)[O-])S(=O)(=O)[O-].[Na+].[Na+],0,,,,,,,,,,,,,,,
,,,,,,C[C@H]1C[C@H]2[C@@H]3CCC4=CC(=O)C=C[C@@]4([C@]3([C@H](C[C@@]2([C@]1(C(=O)CO)O)C)O)Cl)C,1,,,,,,,,,,,,,,,
,,,,,,CCCCCCCCCC[N+](C)(CCCCCCCCCC)CCC[Si](OC)(OC)OC.[Cl-],1,,,,,,,,,,,,,,,
,,,,,,C1=CC(=CC=C1C(=C(Cl)Cl)C2=CC=C(C=C2)Cl)Cl,1,,,,,,,,,,,,,,,
,,,,,,CCCCCCCCCCCCC1=CC=CC=C1,0,,,,,,,,,,,,,,,
,,,,,,CC(C)(C)NC1=NC(=NC(=N1)NC2CC2)SC,1,,,,,,,,,,,,,,,
,,,,,,CC(C)[C@H](C1=CC=C(C=C1)Cl)C(=O)O[C@@H](C#N)C2=CC(=CC=C2)OC3=CC=CC=C3,1,,,,,,,,,,,,,,,
