Chem ID,SMILES,CAS,CID,InChIKey,logBCF
1,CCN(CC)c1ccc2c(-c3ccccc3C(=O)O)c3ccc(N(CC)CC)cc3[o+]c2c1,64381-98-2,6695,CVAVMIODJQHEEH-UHFFFAOYSA-O,-0.7
2,O=C(O)c1ccc(Cl)c(Cl)c1,51-44-5,5817,VPHHJAOJUJHJKD-UHFFFAOYSA-N,0.35
3,Brc1cc(Br)c(-c2c(Br)cc(Br)cc2Br)c(Br)c1,59261-08-4,93322,LNFYSRMCCKKDEH-UHFFFAOYSA-N,4.27
4,CC(C)Oc1cccc(NC(=O)c2ccccc2C(F)(F)F)c1,66332-96-5,47898,PTCGDEVVHUXTMP-UHFFFAOYSA-N,1.5
5,C1=CCCC=CCCC=CCC1,4904-61-4,12668,ZOLLIQAKMYWTBR-UHFFFAOYSA-N,3.82
6,CCOP(=S)(OCC)SCCSCC,298-04-4,3118,DOFZAZXDOSGAJZ-UHFFFAOYSA-N,2.45
7,COC(C)(C)C,1634-04-4,15413,BZLVMXJERCGZMT-UHFFFAOYSA-N,0.18
8,CCC(C)n1c(=O)[nH]c(C)c(Br)c1=O,314-40-9,9411,CTSLUCNDVMMDHG-UHFFFAOYSA-N,0.87
9,CC(C)=C1C=C2CCC3C(C)(C(=O)O)CCCC3(C)C2CC1,NA,10117,KGMSWPSAVZAMKR-UHFFFAOYSA-N,2.14
10,COC(=O)C1(Cl)C(Cl)CCC2(C)c3ccc(C(C)C)cc3CCC21,NA,78299005,FZRDVVUUKRKZMM-UHFFFAOYSA-N,2.07
11,C=CC1(C)C=C2CCC3C(C)(C(=O)O)CCCC3(C)C2CC1,19889-23-7,10116,MHVJRKBZMUDEEV-UHFFFAOYSA-N,1.9
12,C=CC1(C)CCC2C(=CCC3C(C)(C(=O)O)CCCC23C)C1,NA,267302,MXYATHGRPJZBNA-UHFFFAOYSA-N,1.61
13,CC(C)C1=CC2=C(CC1)C1(C)CCCC(C)(C(=O)O)C1CC2,66104-41-4,16040,MLBYBBUZURKHAW-UHFFFAOYSA-N,1.4
14,O=P(OCC(CCl)(CBr)CBr)(OC(CCl)CCl)OC(CCl)CCl,66108-37-0,47815,XPNOZWKYSGBXLU-UHFFFAOYSA-N,3.14
15,CC1(C)C(C=C(Cl)Cl)C1C(=O)OC(C#N)c1cccc(Oc2ccccc2)c1,52315-07-8,2912,KAATUXNTWXVJKI-UHFFFAOYSA-N,1.71
16,c1csc(-c2cccs2)c1,492-97-7,68120,OHZAHWOAMVVGEL-UHFFFAOYSA-N,3.55
17,c1ccncc1,110-86-1,1049,JUJWROOIHBZHMG-UHFFFAOYSA-N,1.94
18,CCOC(=O)C(SP(=S)(OC)OC)c1ccccc1,2597/3/7,17435,XAMUDJHXFNRLCY-UHFFFAOYSA-N,1.74
19,COP(=S)(OC)Oc1ccc(C#N)cc1,2636-26-2,17522,SCKHCCSZFPSHGR-UHFFFAOYSA-N,1.31
20,COc1c(Br)cc(Br)cc1Br,607-99-8,11839,YXTRCOAFNXQTKL-UHFFFAOYSA-N,2.6
21,CCCCCCCCCCCCCOP(Oc1ccccc1)Oc1ccccc1,60628-17-3,108980,OGVJEUDMQQIAPV-UHFFFAOYSA-N,1.92
22,CCCC(Cl)CCC(Cl)CC(Cl)C(Cl)CCC(Cl)CCC(Cl)C(Cl)CC(C)Cl,61788-76-9,22833341,GHPXWFDSOBCWEE-UHFFFAOYSA-N,2
23,CCOP(=S)(NC(C)CC)Oc1cc(C)ccc1[N+](=O)[O-],36335-67-8,37419,OEYOMNZEMCPTKN-UHFFFAOYSA-N,2.24
24,BrC1CC(Br)CC(Br)CC(Br)CC(Br)CC(Br)C1,1093632-34-8,33121,LEOCKULGXOQRTQ-UHFFFAOYSA-N,2.67
25,O=[N+]([O-])c1ccc(Cl)c(S(=O)(=O)O)c1,96-73-1,7310,GNTARUIZNIWBCN-UHFFFAOYSA-N,0.6
26,CCOP(=S)(S)OCC,298-06-6,9274,IRDLUHRVLVEUHA-UHFFFAOYSA-N,0.56
27,ClC1=C(Cl)C2(Cl)C3C4OC4C(Cl)C3C1(Cl)C2(Cl)Cl,1024-57-3,13930,ZXFXBSWRVIQKOD-UHFFFAOYSA-N,4.04
28,c1ccc2c(c1)ccc1nc3c(ccc4ccccc43)cc12,226-36-8,9183,JNCSIWAONQTVCF-UHFFFAOYSA-N,2.17
29,COP(=S)(Oc1cc(Cl)c(Br)cc1Cl)c1ccccc1,21609-90-5,30709,CVRALZAYCYJELZ-UHFFFAOYSA-N,3.46
30,Cc1ccccc1OP(=O)(Oc1ccccc1C)Oc1ccccc1C,78-30-8,6527,YSMRWXYRXBRSND-UHFFFAOYSA-N,2.56
31,OCCOCCOCCO,112-27-6,8172,ZIBGPFATKBEMQZ-UHFFFAOYSA-N,3.23
32,COP(=S)(OC)Oc1cc(Cl)c(Br)cc1Cl,2104-96-3,16422,NYQDCVLCJXRDSK-UHFFFAOYSA-N,3.22
33,FC(F)(F)c1ccc(Cl)c(Cl)c1,328-84-7,9481,XILPLWOGHPSJBK-UHFFFAOYSA-N,3.13
34,Clc1ccc(C(c2ccccc2Cl)C(Cl)(Cl)Cl)cc1,789-02-6,13089,CVUGPAFCQJIYDT-UHFFFAOYSA-N,2.95
35,O=[N+]([O-])c1cc(Cl)cc(Cl)c1,618-62-2,12064,RNABGKOKSBUFHW-UHFFFAOYSA-N,2.23
36,COP(=S)(OC)Oc1c(Cl)cccc1C#N,114012-04-3,138395744,HEECRIMHIIDORS-UHFFFAOYSA-N,1.01
37,Oc1cc(Cl)c(Cl)c(Cl)c1Cl,4901-51-3,21013,RULKYXXCCZZKDZ-UHFFFAOYSA-N,0.54
38,O=[N+]([O-])c1cccc(Cl)c1,121-73-3,8489,KMAQZIILEGKYQZ-UHFFFAOYSA-N,1.89
39,C=CC=O,107-02-8,7847,HGINCPLSRVDWNT-UHFFFAOYSA-N,2.54
40,CCOC(=O)c1ccccc1C(=O)OCC,84-66-2,6781,FLKPEMZONWLCSK-UHFFFAOYSA-N,2.07
41,COC(=O)c1ccccc1C(=O)OC,131-11-3,8554,NIQCNGHVCWTJSM-UHFFFAOYSA-N,1.76
42,ClCCCl,107-06-2,11,WSLDOOZREJYCGB-UHFFFAOYSA-N,0.3
43,O=S(=O)(O)c1ccccc1C=Cc1ccc(-c2ccc(C=Cc3ccccc3S(=O)(=O)O)cc2)cc1,38775-22-3,33787,SQAKQVFOMMLRPR-UHFFFAOYSA-N,0.41
44,ClC1C(Cl)C(Cl)C(Cl)C(Cl)C1Cl,608-73-1,727,JLYXXMFPNIAWKQ-UHFFFAOYSA-N,2.88
45,Brc1c(Br)c(Br)c(Br)c(Br)c1Br,87-82-1,6905,CAYGQBVSOZLICD-UHFFFAOYSA-N,3.25
46,Clc1c(Cl)c(Cl)c2c(Cl)c(Cl)c(Cl)c(Cl)c2c1Cl,2234-13-1,16692,RTNLUFLDZOAXIC-UHFFFAOYSA-N,2.65
47,O=C(O)C(F)(F)C(F)(F)C(F)(F)C(F)(F)C(F)(F)C(F)(F)C(F)(F)C(F)(F)C(F)(F)C(F)(F)C(F)(F)C(F)(F)C(F)(F)F,376-06-7,67822,RUDINRUXCKIXAJ-UHFFFAOYSA-N,4.15
48,Nc1ccccc1N,95-54-5,7243,GEYOCULIXLDCMW-UHFFFAOYSA-N,0.68
49,c1ccc(OP(Oc2ccccc2)Oc2ccccc2)cc1,101-02-0,7540,HVLLSGMXQDNUAL-UHFFFAOYSA-N,2.39
50,Cc1c([N+](=O)[O-])cccc1[N+](=O)[O-],606-20-2,11813,XTRDKALNCIHHNI-UHFFFAOYSA-N,1.34
51,O=[N+]([O-])c1cccc([N+](=O)[O-])c1,99-65-0,7452,WDCYWAQPCXBPJA-UHFFFAOYSA-N,0.77
52,O=[N+]([O-])c1ccc([N+](=O)[O-])cc1,100-25-4,7492,FYFDQJRXFWGIBS-UHFFFAOYSA-N,-0.4
53,Clc1ccc2ccccc2c1,91-58-7,7056,CGYGETOMCSJHJU-UHFFFAOYSA-N,3.63
54,CCCCCCCCCCCCCCCC[n+]1ccccc1,7773-52-6,2683,NEUSVAOJNUQRTM-UHFFFAOYSA-N,2.18
55,C=C(CC(C)(C)c1ccc(O)cc1)c1ccc(O)cc1,13464-24-9,83494,MZLYLGGRVAFGBY-UHFFFAOYSA-N,1.59
56,Clc1ccccc1-c1ccccc1,2051-60-7,249266,LAXBNTIAOJWAOP-UHFFFAOYSA-N,5.19
57,CC(Br)(CBr)COc1c(Br)cc(Br)cc1Br,36065-30-2,118274,WNMLTOIDDCEBNY-UHFFFAOYSA-N,4.31
58,CC(C)(C)c1cc(C(C)(C)C)c(O)c(C(C)(C)C)c1,732-26-3,12902,PFEFOYRSMXVNEL-UHFFFAOYSA-N,4.19
59,Clc1ccccc1-c1c(Cl)c(Cl)c(Cl)c(Cl)c1Cl,41411-61-4,91635,RUEIBQJFGMERJD-UHFFFAOYSA-N,3.92
60,CCc1cc(C(C)(C)C)c(O)c(C(C)(C)C)c1,4130-42-1,20087,BVUXDWXKPROUDO-UHFFFAOYSA-N,3.59
61,Brc1cc(Br)c(Br)c(Oc2ccc(Br)c(Br)c2Br)c1,446254-88-2,22833472,YURCHLXPAGSJHU-UHFFFAOYSA-N,3.12
62,ClC1C(Br)C(Br)C(Br)C(Br)C1Br,87-84-3,6907,UZOSVZSBPTTWIG-UHFFFAOYSA-N,2.49
63,CC(C)(c1cc(Br)c(O)c(Br)c1)c1cc(Br)c(O)c(Br)c1,79-94-7,6618,VEORPZCZECFIRK-UHFFFAOYSA-N,2.5
64,CCCCCCCCCc1ccccc1O,136-83-4,67296,SNQQPOLDUKLAAF-UHFFFAOYSA-N,1.97
65,CC=C1CC2C=CC1C2,16219-75-3,27756,OJOWICOBYCXEKR-UHFFFAOYSA-N,2.26
66,Oc1c(Cl)cc(Cl)c(Cl)c1Cc1c(O)c(Cl)cc(Cl)c1Cl,70-30-4,3598,ACGUYXCXAPNIKK-UHFFFAOYSA-N,2.12
67,O=[N+]([O-])c1ccc(Cl)cc1C(F)(F)F,118-83-2,67052,CFPIGEXZPWTNOR-UHFFFAOYSA-N,2.08
68,Cc1ccc(S(=O)(=O)Oc2ccc(N=Nc3ccc(-c4ccc(NN=C5C(=O)C=Cc6cc(S(=O)(=O)O)cc(S(=O)(=O)O)c65)c(C)c4)cc3C)cc2)cc1,25317-45-7,22961,SIGHAVOYMKYMPO-UHFFFAOYSA-N,1.88
69,CN(C)c1ccc([C+](c2ccccc2)c2ccc(N(C)C)cc2)cc1,10309-95-2,11295,VFCNQNZNPKRXIT-UHFFFAOYSA-N,1.88
70,Cc1ccc(N)cc1N,95-80-7,7261,VOZKAJLKRJDJLL-UHFFFAOYSA-N,1.39
71,N#CCCN(CCC#N)c1ccc(N=Nc2c(Cl)cc([N+](=O)[O-])cc2Cl)cc1,67923-43-7,106138,MUERWWKQVXXPML-UHFFFAOYSA-N,1.55
72,Nc1cccc(O)c1,591-27-5,11568,CWLKGDAVCFYWJK-UHFFFAOYSA-N,1.22
73,O=[N+]([O-])c1cc(S(=O)(=O)Nc2ccccc2)ccc1Nc1ccccc1,5124-25-4,21201,BBFRYSKTTHYWQZ-UHFFFAOYSA-N,1.55
74,CCOc1ccc(NC(C)=O)cc1,62-44-2,4754,CPJSUEIXXCENMM-UHFFFAOYSA-N,1.15
75,Cc1cc(-c2ccc(N=Nc3c(S(=O)(=O)O)cc4cc(S(=O)(=O)O)c(N=Nc5ccccc5)c(O)c4c3N)c(C)c2)ccc1N=Nc1ccc(N)cc1N,56532-27-5,135853617,BKYPURRMPMHCEO-UHFFFAOYSA-N,1.34
76,Oc1c(Cl)cccc1Cl,87-65-0,6899,HOLHYSJJBXSLMV-UHFFFAOYSA-N,1.24
77,Clc1ccccn1,109-09-1,7977,OKDGRDCXVWSXDC-UHFFFAOYSA-N,1.03
78,BrC(Br)c1ccccc1OCC1CO1,30171-80-3,3035339,RUBIQRSGTVJYHR-UHFFFAOYSA-N,0.94
79,Cc1ccccc1N=Nc1ccc(NN=C2C(=O)C=Cc3ccccc32)c(C)c1,85-83-6,62330,RCTGMCJBQGBLKT-UHFFFAOYSA-N,0.9
80,CCCCCCCCc1ccccc1Nc1ccccc1CCCCCCCC,52033-45-1,13685878,FOUNRKRNEDRUPL-UHFFFAOYSA-N,1.13
81,Cc1ccc(O)c([N+](=O)[O-])c1,119-33-5,8391,SYDNSSSQVSOXTN-UHFFFAOYSA-N,1.12
82,O=C1c2c(O)ccc(Nc3ccccc3)c2C(=O)c2c([N+](=O)[O-])ccc(O)c21,20241-76-3,5462989,DYALWCKAJBVSBZ-UHFFFAOYSA-N,1.64
83,S=c1[nH]c2ccccc2s1,149-30-4,697993,YXIWHUQXZSMYRE-UHFFFAOYSA-N,0.65
84,Nc1c(S(=O)(=O)O)cc(S(=O)(=O)O)c2cccc(O)c12,82-47-3,65740,ZFRBZRZEKIOGQI-UHFFFAOYSA-N,1.06
85,O=C(O)c1cccc([N+](=O)[O-])c1,121-92-6,8497,AFPHTEQTJZKQAQ-UHFFFAOYSA-N,0.69
86,Nc1ccc2ccccc2c1S(=O)(=O)O,81-16-3,6670,GWIAAIUASRVOIA-UHFFFAOYSA-N,0.62
87,CCCCCCCCCCSSCCCCCCCCCC,10496-18-1,139170,IDJPKRIELSFBPE-UHFFFAOYSA-N,1.15
88,Cc1ccsc1,616-44-4,12024,QENGPZGAWFQWCZ-UHFFFAOYSA-N,0.67
89,NCc1cccc(CN)c1,1477-55-0,15133,FDLQZKYLHJJBHD-UHFFFAOYSA-N,0.1
90,CCN(CC)C(=O)c1cccc(C)c1,134-62-3,4284,MMOXZBCLCQITDF-UHFFFAOYSA-N,0.34
91,CC1CCC(C(=O)O)C(C(=O)O)C1,57567-84-7,93719,YWVFNWVZBAWOOY-UHFFFAOYSA-N,0.38
92,O=C(O)C1CCCCC1C(=O)O,1687-30-5,15522,QSAWQNUELGIYBC-UHFFFAOYSA-N,0.44
93,O=[N+]([O-])c1cccc(S(=O)(=O)O)c1,98-47-5,7387,ONMOULMPIIOVTQ-UHFFFAOYSA-N,0.58
94,c1cc[n+]2c(c1)-c1cccc[n+]1CC2,2764-72-9,6795,SYJFEGQWDCRVNX-UHFFFAOYSA-N,0.46
95,O=S(=O)(O)c1ccc(O)c2ccccc12,84-87-7,6791,HGWQOFDAUWCQDA-UHFFFAOYSA-N,0.76
96,Nc1c(N=Nc2ccc(S(=O)(=O)CCOS(=O)(=O)O)cc2)c(S(=O)(=O)O)cc2cc(S(=O)(=O)O)c(N=Nc3ccc(S(=O)(=O)CCOS(=O)(=O)O)cc3)c(O)c12,NA,135442968,OTKRGWXWWWNPKU-UHFFFAOYSA-N,0.34
97,O=C(O)c1ccccc1Cl,118-91-2,8374,IKCLCGXPQILATA-UHFFFAOYSA-N,0.59
98,Nc1ccc(S(=O)(=O)O)c2ccccc12,84-86-6,6790,NRZRRZAVMCAKEP-UHFFFAOYSA-N,0.84
99,CC1CCCC(C)N1,504-03-0,68843,SDGKUVSVPIIUCF-UHFFFAOYSA-N,0.26
100,CN(C)P(=O)(N(C)C)N(C)C,680-31-9,12679,GNOIPBMMFNIUFM-UHFFFAOYSA-N,-0.3
101,OCCN(CCO)CCO,102-71-6,7618,GSEJCLTVZPLZKY-UHFFFAOYSA-N,0.16
102,O=C(O)c1cccc([N+](=O)[O-])c1C(=O)O,603-11-2,69043,KFIRODWJCYBBHY-UHFFFAOYSA-N,0.29
103,Cc1ccc(N)c(S(=O)(=O)O)c1,88-44-8,6934,LTPSRQRIPCVMKQ-UHFFFAOYSA-N,0.19
104,Nc1nc(N)nc(N)n1,108-78-1,7955,JDSHMPZPIAZGSV-UHFFFAOYSA-N,0.22
105,C[n+]1ccc(-c2cc[n+](C)cc2)cc1,4685-14-7,15939,INFDPOAKFNIJBF-UHFFFAOYSA-N,-0.12
106,N#CNC(=N)N,461-58-5,10005,QGBSISYHAICWAH-UHFFFAOYSA-N,0.02
107,NC(=O)c1c(Cl)c(Cl)c(Cl)c(Cl)c1C(=O)O,56113-42-9,273072,VLHPTNVVTJTDHN-UHFFFAOYSA-N,0.38
108,CC1CC(C)C(=O)C(C(O)CC2CC(=O)NC(=O)C2)C1,6746-42-5,2900,YPHMISFOHDHNIV-UHFFFAOYSA-N,0.45
109,O=C(O)c1[nH]n(-c2ccc(S(=O)(=O)O)cc2)c(=O)c1N=Nc1ccc(S(=O)(=O)O)cc1,34175-08-1,16014,SXSWSYRFTJDJTA-UHFFFAOYSA-N,-0.29
110,O=C(O)C1C(C(=O)O)C2(Cl)C(Cl)=C(Cl)C1(Cl)C2(Cl)Cl,115-28-6,8266,DJKGDNKYTKCJKD-UHFFFAOYSA-N,-0.08
111,Nc1cccnc1,462-08-8,10009,CUYKNJBYIJFRCU-UHFFFAOYSA-N,-0.16
112,C[N+](C)(C)Cc1ccccc1,14800-24-9,5964,YOUGRGFIHBUKRS-UHFFFAOYSA-N,-0.41
113,NC(N)=S,62-56-6,2723790,UMGDCJDMYOKAJW-UHFFFAOYSA-N,-0.16
114,O=C(O)C(O)(c1ccccc1)c1ccccc1,76-93-7,6463,UKXSKSHDVLQNKG-UHFFFAOYSA-N,-0.14
115,Nc1ccc2c(O)cc(S(=O)(=O)O)cc2c1,1987/2/5,6868,KYARBIJYVGJZLB-UHFFFAOYSA-N,0.21
116,O=C(O)C1CC=CCC1C(=O)O,88-98-2,16823,ILUAAIDVFMVTAU-UHFFFAOYSA-N,-0.01
117,O=c1n(CCO)c(=O)n(CCO)c(=O)n1CCO,839-90-7,13286,BPXVHIRIPLPOPT-UHFFFAOYSA-N,-0.21
118,O=c1[nH]c(=O)[nH]c(=O)[nH]1,108-80-5,7956,ZFSLODLOARCGLH-UHFFFAOYSA-N,-0.83
119,Nc1c(Cl)cc(-c2cc(Cl)c(N)c(S(=O)(=O)O)c2)cc1S(=O)(=O)O,123251-96-7,57483459,PEIQLVWMYVLUAU-UHFFFAOYSA-N,-0.34
120,O=S(=O)(O)c1cc(S(=O)(=O)O)c2cc(O)ccc2c1,118-32-1,67041,DOBIZWYVJFIYOV-UHFFFAOYSA-N,-0.17
121,CC(O)CN(CC(C)O)CC(C)O,122-20-3,24730,SLINHMUFWFWBMU-UHFFFAOYSA-N,-0.7
122,Clc1ccc(Oc2ccccc2)c(Cl)c1,51892-26-3,92339,KXIPYLZZJZMMPD-UHFFFAOYSA-N,3.97
123,ClC1=C(Cl)C2(Cl)C(Cl)CC1(Cl)C2(Cl)Cl,2440-02-0,98482,FCMVPUGRXPEIQX-UHFFFAOYSA-N,4.05
124,ClC1=C(Cl)C2(Cl)CC1(Cl)C(Cl)=C2Cl,28680-44-6,3036943,ZKRSTHSWOFIHMZ-UHFFFAOYSA-N,3.81
125,CCc1nn(C)c(C(=O)NCc2ccc(C(C)(C)C)cc2)c1Cl,119168-77-3,86354,ZZYSLNWGKKDOML-UHFFFAOYSA-N,1.13
126,CCCN(CCC)C(=O)SCC,759-94-4,12968,GUVLYNGULCJVDO-UHFFFAOYSA-N,1.78
127,CCCCCCCCSCc1cc(C)c(O)c(CSCCCCCCCC)c1,110553-27-0,113646,GAODDBNJCKQQDY-UHFFFAOYSA-N,1.7
128,COC(F)(C(F)(F)C(F)(F)F)C(F)(C(F)(F)F)C(F)(F)F,132182-92-4,14689855,QKAGYSDHEJITFV-UHFFFAOYSA-N,3.41
129,CCC(F)(F)C(F)(F)C(F)(F)C(F)(F)C(F)(F)C(F)(F)F,80793-17-5,2776163,SKRWRXWNQFQGRU-UHFFFAOYSA-N,3.41
130,CC(C)(C)c1ccc(OP(=O)(Oc2ccccc2)Oc2ccccc2)cc1,981-40-8,70425,ULGAVXUJJBOWOD-UHFFFAOYSA-N,3.21
131,CC(OC(F)(F)C(F)C(F)(F)F)C(F)(F)C(F)C(F)(F)F,870778-34-0,71405907,TZMQCOROQZMJIS-UHFFFAOYSA-N,3.13
132,C=C(C)C1CC2C=CC1C2,13234-21-4,524207,DMGCMUYMJFRQSK-UHFFFAOYSA-N,2.98
133,C=CC1CCC(C2CCC(CCC)CC2)CC1,116020-44-1,12097469,KHDBEDDPFRHGCN-UHFFFAOYSA-N,2.89
134,O=C(OC1CCCCC1)c1ccccc1O,25485-88-5,101330,NUQDJSMHGCTKNL-UHFFFAOYSA-N,2.88
135,CCCC1CCC(c2ccc(I)cc2)CC1,111158-11-3,14250878,QBYHVVBZXPJPKK-UHFFFAOYSA-N,2.83
136,O=P(Oc1ccccc1)(Oc1ccccc1)Oc1ccccc1-c1ccccc1,132-29-6,67234,QARIOUOTENZTDH-UHFFFAOYSA-N,2.82
137,CCOCOC1CCCCCCCCCCC1,58567-11-6,94111,VQNUNMBDOKEZHS-UHFFFAOYSA-N,2.74
138,CCOc1ccc(Br)c(F)c1F,156573-09-0,26985491,OJZVBJOHBGYINN-UHFFFAOYSA-N,2.69
139,Cc1cc(-c2cc(C)c(O)c(C)c2C)c(C)c(C)c1O,19956-76-4,688288,IOJCFCLZQBXCIQ-UHFFFAOYSA-N,2.65
140,C=CC(F)(F)C(F)(F)C(F)(F)C(F)(F)C(F)(F)C(F)(F)F,25291-17-2,91384,FYQFWFHDPNXORA-UHFFFAOYSA-N,2.58
141,Cn1cc(C(O)=Nc2cccc3c2C2CCC3C2=C(Cl)Cl)c(C(F)F)n1,1072957-71-1,53491464,CCCGEKHKTPTUHJ-UHFFFAOYSA-N,2.52
142,Cc1ccccc1Oc1ccccc1C,4731-34-4,78462,CYXMOAZSOPXQOD-UHFFFAOYSA-N,2.52
143,N#CC(=C1CCCCC1)c1ccccc1,10461-98-0,66327,ZHOOOLQOWQVYOE-UHFFFAOYSA-N,2.5
144,O=C1C(c2ccc3cc(S(=O)(=O)O)cc(N4C(=O)c5c(Cl)c(Cl)c(Cl)c(Cl)c5C4=O)c3n2)=C(O)c2c(Cl)c(Cl)c(Cl)c(Cl)c21,NA,136622495,CROVGQLQGQTLEN-UHFFFAOYSA-N,2.48
145,CCOC(=O)C(C)OC(=O)c1cc(Oc2ccc(C(F)(F)F)cc2Cl)ccc1[N+](=O)[O-],77501-63-4,62276,CONWAEURSVPLRM-UHFFFAOYSA-N,2.48
146,O=[N+]([O-])c1cc(C(F)(F)F)c(Cl)c([N+](=O)[O-])c1Cl,29091-09-6,94398,DPQYRXNRGNLPFC-UHFFFAOYSA-N,2.46
147,CCN(CC)C(=S)SSC(=S)N(CC)CC,97-77-8,3117,AUZONCFQVSMFAP-UHFFFAOYSA-N,2.35
148,c1ccc2c(OCC3CO3)c3ccccc3c(OCC3CO3)c2c1,NA,15390088,HQTGKBNXVCVDOY-UHFFFAOYSA-N,2.29
149,CC(=O)OC1CCCCC1C(C)(C)C,88-41-5,62334,FINOAUDUYKVGDS-UHFFFAOYSA-N,2.28
150,CC(S)CC(=O)OCC(COC(=O)CC(C)S)(COC(=O)CC(C)S)COC(=O)CC(C)S,31775-89-0,54576326,VTLHIRNKQSFSJS-UHFFFAOYSA-N,2.23
151,FC(F)(F)c1ccc(Cl)cc1,98-56-6,7394,QULYNCCPRWKEMF-UHFFFAOYSA-N,2.21
152,CCCc1ccc(C2OC(C(O)CO)C3OC(c4ccc(CCC)cc4)OC(CCC)C3O2)cc1,882073-43-0,58995446,PIYNPBVOTLQBTC-UHFFFAOYSA-N,2.18
153,CC=CC(=O)C1C(C)C=CCC1(C)C,57378-68-4,42296,XEJGJTYRUWUFFD-UHFFFAOYSA-N,2.14
154,CC(C)C1CCC(C)(c2ccc(O)cc2)CC1c1ccc(O)cc1,163748-41-2,11244239,IFXCFXBIEFACDX-UHFFFAOYSA-N,2.12
155,C=CC1CCC(C2CCC(c3ccc(C)cc3)CC2)CC1,155041-85-3,20580010,BCUMFFLWJNKNOU-UHFFFAOYSA-N,2.08
156,CCCCCC1CCC(c2ccc(OCC)c(F)c2F)CC1,124729-02-8,17884194,RFVOKVIZOOXEPB-UHFFFAOYSA-N,2.07
157,CC1C(C)(C)C2=C(C(=O)CCC2)C1(C)C,33704-61-9,92292,MIZGSAALSYARKU-UHFFFAOYSA-N,2.02
158,CCCCCCCCCC[n+]1cccc(COCCCCOCc2ccc[n+](CCCCCCCCCC)c2)c1,NA,11714622,HWJUQYXDQBOQHL-UHFFFAOYSA-N,2
159,CC1COC(Cn2cncn2)(c2ccc(Oc3ccc(Cl)cc3)cc2Cl)O1,119446-68-3,86173,BQYJATMQXGBDHF-UHFFFAOYSA-N,2.15
160,Cc1ccc(N(SC(F)(Cl)Cl)S(=O)(=O)N(C)C)cc1,731-27-1,12898,HYVWIQDYBVKITD-UHFFFAOYSA-N,1.91
161,CCCc1ccc(-c2ccc(-c3ccc(CC)cc3)cc2F)cc1,95759-44-7,1715558,MBGFTFFIFLHYQU-UHFFFAOYSA-N,1.93
162,O=C(c1ccccc1)c1cc(Cl)ccc1Cl,16611-67-9,458188,FAVKIHMGRWRACA-UHFFFAOYSA-N,1.89
163,O=S(=O)(c1ccc(Cl)cc1)c1ccc(Cl)cc1,1980/7/9,6625,GPAPPPVRLPGFEQ-UHFFFAOYSA-N,1.89
164,CCCC1CCC(c2ccc(OCC)c(F)c2F)CC1,174350-05-1,19103501,BOAHGIPRRKDVQY-UHFFFAOYSA-N,1.87
165,C=C(Cl)C(=O)OCCC(F)(F)C(F)(F)C(F)(F)C(F)(F)F,701909-41-3,59297309,CVMPVWSYSNATQO-UHFFFAOYSA-N,1.87
166,C1CC[N+]2(C1)CCCC2,176-49-8,410366,NZSICTQUKULOSA-UHFFFAOYSA-N,1.85
167,CCCc1ccc(-c2cc(F)c(C(F)(F)Oc3cc(F)c(F)c(F)c3)c(F)c2)cc1,303186-20-1,20654145,YJUHXJQZJUQYJJ-UHFFFAOYSA-N,1.81
168,CCCCC(CC)CN(CC(CC)CCCC)C(=O)C(C)NC(=O)Nc1cccc(-c2nn3nc(C(C)(C)C)c(Cl)c3[nH]2)c1,NA,101559405,LSVSWZLLNABDHI-UHFFFAOYSA-N,1.81
169,CCCCN(CCCC)c1ccc([N+](=C2C=CC(=[N+](c3ccc(N(CCCC)CCCC)cc3)c3ccc(N(CCCC)CCCC)cc3)C=C2)c2ccc(N(CCCC)CCCC)cc2)cc1,NA,165322,PJAISPWWYPSXQO-UHFFFAOYSA-N,1.8
170,CC(C)CC(C)c1sccc1N,NA,15390172,HEIXUXGCYZHZDM-UHFFFAOYSA-N,1.78
171,CCCCC(CC)C(=O)OCCOc1ccc(-c2nc(-c3ccccc3)nc(-c3ccccc3)n2)c(O)c1,371146-04-2,135753979,VVBVFVRWEMORTQ-UHFFFAOYSA-N,1.77
172,CC(C)(C)c1ccc(O)c([N+](=O)[O-])c1,3279-07-0,18661,IHGNADPMUSNTJW-UHFFFAOYSA-N,1.76
173,CCCCC(CC)COC(=O)CCc1cc(C(C)(C)C)c(O)c(C(C)(C)C)c1,144429-84-5,11486113,YSLFJMFSTOJEDL-UHFFFAOYSA-N,1.76
174,OCCC(F)(F)C(F)(F)C(F)(F)C(F)(F)C(F)(F)C(F)(F)F,647-42-7,69537,GRJRKPMIRMSBNK-UHFFFAOYSA-N,1.76
175,O=C(O)C1CC2CC1C1C3C=CC(C3)C21,46382-54-1,23377190,KFWJXQDORLWKBB-UHFFFAOYSA-N,1.72
176,C=CC(=O)OCCC(F)(F)C(F)(F)C(F)(F)C(F)(F)F,52591-27-2,104247,GYUPEJSTJSFVRR-UHFFFAOYSA-N,1.72
177,CCn1cc[n+](C)c1C,131097-15-9,2734166,IRGDPGYNHSIIJJ-UHFFFAOYSA-N,1.71
178,FP1(F)=NP(F)(F)=NP(F)(Oc2ccccc2)=N1,33027-68-8,23419251,XNZZEQCBAGUFMT-UHFFFAOYSA-N,1.71
179,CC12CCC3c4ccc(O)cc4CCC3C1CCC2O,3736-22-9,450,VOXZDWNPVJITMN-UHFFFAOYSA-N,1.36
180,CC(C)(c1cc(Br)c(OCC(Br)CBr)c(Br)c1)c1cc(Br)c(OCC(Br)CBr)c(Br)c1,21850-44-2,62753,LXIZRZRTWSDLKK-UHFFFAOYSA-N,1.72
181,Oc1ccc(-c2ccccc2)cc1,92-69-3,7103,YXVFYQXJAXKLAK-UHFFFAOYSA-N,1.65
182,c1ccc(OP2(Oc3ccccc3)=NP(Oc3ccccc3)(Oc3ccccc3)=NP(Oc3ccccc3)(Oc3ccccc3)=N2)cc1,1184-10-7,136917,RNFJDJUURJAICM-UHFFFAOYSA-N,1.64
183,CCCCC(O)(Cn1cncn1)c1ccc(Cl)cc1Cl,79983-71-4,66461,STMIIPIFODONDC-UHFFFAOYSA-N,1.61
184,CC(=O)Oc1ccc(C(C)(C)CC(C)(C)C)cc1C1C(=O)Oc2ccc(C(C)(C)CC(C)(C)C)cc21,216698-07-6,154218,UHPDROGOQWZCNC-UHFFFAOYSA-N,1.59
185,Cc1cc(N=Nc2c(S(=O)(=O)O)cc3c(S(=O)(=O)O)c(N=Nc4c(Nc5ccccc5)ccc5c(O)c(N=Nc6ccc7c(O)c(N=Nc8ccccc8S(=O)(=O)O)c(S(=O)(=O)O)cc7c6)c(S(=O)(=O)O)cc45)ccc3c2O)c(OCCCS(=O)(=O)O)cc1N=Nc1cc(S(=O)(=O)O)cc2cc(S(=O)(=O)O)cc(O)c12,NA,87208925,BZJIYHZVKQHBLK-UHFFFAOYSA-N,1.59
186,OCCC(F)(F)C(F)(F)C(F)(F)C(F)(F)F,2043-47-2,74883,JCMNMOBHVPONLD-UHFFFAOYSA-N,1.57
187,CCCCCCCCCCCCSCCC(=O)Oc1cc(C)c(Sc2cc(C(C)(C)C)c(O)cc2C)cc1C(C)(C)C,69075-62-3,16205215,JGLKESSHJGLOFL-UHFFFAOYSA-N,1.49
188,COC(F)(F)C(F)(F)C(F)(F)F,375-03-1,2774943,NOPJRYAFUXTDLX-UHFFFAOYSA-N,1.46
189,[N-]=[N+]=C(S(=O)(=O)C1CCCC2(C1)OCCO2)S(=O)(=O)C1CCCC2(C1)OCCO2,250736-57-3,15476502,WUZKEXNSQZQFQJ-UHFFFAOYSA-N,1.43
190,O=P(O)(O)c1ccccc1,1571-33-1,15295,QLZHNIAADXEJJP-UHFFFAOYSA-N,1.42
191,CC1CCCCC1NC(=O)CC(CC(=O)NC1CCCCC1C)C(=O)NC1CCCCC1C,160535-46-6,66687139,NWDVCUXGELFJOC-UHFFFAOYSA-N,1.41
192,CCCCc1ccc(-c2ccc(-c3cc(F)c(C(F)(F)Oc4cc(F)c(F)c(F)c4)c(F)c3)c(F)c2)cc1,914087-74-4,58051774,QUJIDNSQCMTYNG-UHFFFAOYSA-N,1.41
193,CC(C)(O)C(=O)c1ccc(Cc2ccc(C(=O)C(C)(C)O)cc2)cc1,474510-57-1,22019754,PCKZAVNWRLEHIP-UHFFFAOYSA-N,1.3
194,CCC(COCC(F)(F)C(F)(F)F)OC(=O)CC(C(=O)OC(CC)COCC(F)(F)C(F)(F)F)C(C(=O)OC(CC)COCC(F)(F)C(F)(F)F)S(=O)(=O)O,1472795-86-0,139596968,WWJLFXJBYQZNEB-UHFFFAOYSA-N,1.29
195,CCCC1CCC(C2CCC(C(F)(F)Oc3cc(F)c(F)c(F)c3)CC2)CC1,208338-50-5,11350229,QCRXXWNFJYKLHB-UHFFFAOYSA-N,1.28
196,Cc1c(C#N)c(Nc2ccc(S(=O)(=O)O)cc2)nc(Nc2ccc(S(=O)(=O)O)cc2)c1N=Nc1nc(-c2ccc3ccccc3c2)c(N=Nc2cc(S(=O)(=O)O)c3cc(S(=O)(=O)O)cc(S(=O)(=O)O)c3c2)s1,NA,89026535,QJHGKHAGCXCHFA-UHFFFAOYSA-N,1.28
197,CCOC(=O)C(=Cc1ccc(C=C(C(=O)OCC)C(=O)OCC)cc1)C(=O)OCC,6337-43-5,95823,YUOKTNQLLUHUEK-UHFFFAOYSA-N,1.28
198,Cc1ccc(C2OC3COC(c4ccc(C)c(C)c4)OC3C(C(O)CO)O2)cc1C,NA,11502517,YWEWWNPYDDHZDI-UHFFFAOYSA-N,1.23
199,CSc1c(C)cc(O)cc1C,7379-51-3,81853,JGFZITGNFAVSKU-UHFFFAOYSA-N,1.16
200,CCCCOCCCN1C(C(C(=O)Nc2cc(C(C)(C)C)ccc2SCC(CC)CCCC)N2C(=O)OC(C)(C)C2=O)=Nc2ccccc2S1(=O)=O,727678-39-9,20778516,SSRJGKMKYHSHRV-UHFFFAOYSA-N,1.11
201,C=C(C)C(=O)OCCC(F)(F)C(F)(F)C(F)(F)C(F)(F)C(F)(F)C(F)(F)F,2144-53-8,75066,CDXFIRXEAJABAZ-UHFFFAOYSA-N,1.08
202,O=C1C2C3C=CC(C3)C2C(=O)N1c1ccccc1,26234-46-8,300678,GAONUEUNHBLHPP-UHFFFAOYSA-N,1.08
203,O=C(O)CC(F)(F)C(F)(F)C(F)(F)C(F)(F)C(F)(F)C(F)(F)F,53826-12-3,11783764,LRWIIEJPCFNNCZ-UHFFFAOYSA-N,1.08
204,CCCCCCC(CCCC)COCC(C[N+]1=Cc2ccccc2CC1)OS(=O)(=O)O,858036-65-4,57501881,TWSZTQGEODTRAU-UHFFFAOYSA-O,1.03
205,O=S(=O)(O)c1cc(Nc2nc(Nc3ccccc3)nc(N3CCOCC3)n2)ccc1C=Cc1ccc(Nc2nc(Nc3ccccc3)nc(N3CCOCC3)n2)cc1S(=O)(=O)O,24231-46-7,27678,YGUMVDWOQQJBGA-UHFFFAOYSA-N,1.01
206,CN1CCOCC1,109-02-4,7972,SJRJJKPEHAURKC-UHFFFAOYSA-N,1
207,COc1ccccc1NC(=O)C(N=Nc1ccc(S(=O)(=O)O)cc1[N+](=O)[O-])C(C)=O,75205-05-9,44147636,FVWKTMVZBQTTKE-UHFFFAOYSA-N,1
208,C[N+]1([O-])CCOCC1,7529-22-8,82029,LFTLOKWAGJYHHR-UHFFFAOYSA-N,1
209,CCS(=O)c1c(C#N)nn(-c2c(Cl)cc(C(F)(F)F)cc2Cl)c1N,181587-01-9,9930667,FNELVJVBIYMIMC-UHFFFAOYSA-N,0.98
210,CCC(C)NC1CCC(CC2CCC(NC(C)CC)CC2)CC1,154279-60-4,21885336,PICLBAFTFYTURY-UHFFFAOYSA-N,0.93
211,O=P(Oc1ccccc1)(Oc1ccccc1)Oc1ccc(-c2ccc(OP(=O)(Oc3ccccc3)Oc3ccccc3)cc2)cc1,17270-01-8,12039854,GXLTXCWSKKOKIR-UHFFFAOYSA-N,0.93
212,C1CN2CCN1CC2,280-57-9,9237,IMNIMPAHZVJRPE-UHFFFAOYSA-N,0.77
213,CCCCCCCCCCCCCCC(C)c1cc(C)cc(C)c1O,134701-20-5,164362,TVWGHFVGFWIHFN-UHFFFAOYSA-N,0.78
214,O=C1CN2CCC1CC2,3731-38-2,19507,ZKMZPXWMMSBLNO-UHFFFAOYSA-N,0.77
215,COC(=O)c1nc[nH]c1C(=O)OC,3304-70-9,76810,CUIWFAXEALIQJS-UHFFFAOYSA-N,0.77
216,O=C(O)C(F)(F)OC(F)(F)C(F)(F)OC(F)(F)C(F)(F)F,80153-82-8,11567168,HDLFODOGTBJVKF-UHFFFAOYSA-N,0.76
217,NNC(=O)NN,497-18-7,73948,XEVRDFDBXJMZFG-UHFFFAOYSA-N,0.65
218,C=CCOC(=O)C(C)(C)OC(=O)c1cc(-n2c(=O)cc(C(F)(F)F)n(C)c2=O)ccc1Cl,134605-64-4,11826859,JEDYYFXHPAIBGR-UHFFFAOYSA-N,0.6
219,CCCCOP(=O)(O)OCCCC,107-66-4,7881,JYFHYPJRHGVZDY-UHFFFAOYSA-N,0.51
220,Cc1cc(Cl)nc(Cl)c1C#N,875-35-4,70131,LSPMHHJCDSFAAY-UHFFFAOYSA-N,0.59
221,CCCCCCCCCCCCCCCCCC(=O)NCCNC(=O)CCCCCCCCCCCCCCCCC,110-30-5,8044,RKISUIUJZGSLEV-UHFFFAOYSA-N,0.42
222,CCc1cccc(C)c1Nc1ccc(Nc2c(C)cccc2CC)c2c1C(=O)c1ccccc1C2=O,41611-76-1,6451771,NPJJGMRERPXCSE-UHFFFAOYSA-N,0.54
223,O=S(=O)(O)c1ccc2c(ccc3nn(-c4ccc(N=Nc5ccc(C=Cc6ccc(-n7nc8cc(S(=O)(=O)O)c9ccccc9c8n7)cc6S(=O)(=O)O)c(S(=O)(=O)O)c5)cc4)nc32)c1,NA,89266467,KAAMFAWTGWTDAU-UHFFFAOYSA-N,0.52
224,CC(=O)C(N=Nc1cc(Cl)c(-c2cc(Cl)c(N=NC(C(C)=O)C(=O)Nc3ccc(C)cc3C)cc2Cl)cc1Cl)C(=O)Nc1ccc(C)cc1C,22094-93-5,89597,GPWXTTPSHZOIKO-UHFFFAOYSA-N,0.49
225,CCOc1ccc(NC(=O)C(N=Nc2ccc(-c3ccc(N=NC(C(C)=O)C(=O)Nc4ccc(OCC)cc4)c(Cl)c3)cc2Cl)C(C)=O)cc1,31775-20-9,169360,LNBRYDZEIVHGHO-UHFFFAOYSA-N,0.49
226,COc1ccccc1NC(=O)C(N=Nc1ccc(-c2ccc(N=NC(C(C)=O)C(=O)Nc3ccccc3OC)c(Cl)c2)cc1Cl)C(C)=O,4531-49-1,91539,VTGOEJALMFECDQ-UHFFFAOYSA-N,0.49
227,CC(=O)C(=NNc1ccc(-c2ccc(NN=C(C(C)=O)C(=O)Nc3ccc(C)cc3C)c(Cl)c2)cc1Cl)C(=O)Nc1ccc(C)cc1C,5102-83-0,5250451,QWYLRRUZRFYUOL-UHFFFAOYSA-N,0.49
228,CC(=O)C(=NNc1ccc(-c2ccc(NN=C(C(C)=O)C(=O)Nc3ccccc3C)c(Cl)c2)cc1Cl)C(=O)Nc1ccccc1C,NA,5250453,VJIBAUHUGUKETQ-UHFFFAOYSA-N,0.41
229,COc1cc(NC(=O)C(N=Nc2ccc(-c3ccc(N=NC(C(C)=O)C(=O)Nc4cc(OC)c(Cl)cc4OC)c(Cl)c3)cc2Cl)C(C)=O)c(OC)cc1Cl,5567-15-7,21733,NKXPXRNUMARIMZ-UHFFFAOYSA-N,0.49
230,CC(=O)C(N=Nc1ccc(-c2ccc(N=NC(C(C)=O)C(=O)Nc3ccc(C)cc3)c(Cl)c2)cc1Cl)C(=O)Nc1ccc(C)cc1,6358-37-8,110824,UCUHCYVCVYRSER-UHFFFAOYSA-N,0.49
231,CC(=O)C(=NNc1ccc(-c2ccc(NN=C(C(C)=O)C(=O)Nc3ccccc3)c(Cl)c2)cc1Cl)C(=O)Nc1ccccc1,NA,22835,WZHUJOMADVNYDA-UHFFFAOYSA-N,0.53
232,COc1ccc(NC(=O)C(N=Nc2ccc(-c3ccc(N=NC(C(C)=O)C(=O)Nc4ccccc4)c(Cl)c3)cc2Cl)C(C)=O)cc1,90268-23-8,91316050,DHHOHVWWZLHYBC-UHFFFAOYSA-N,0.49
233,COc1cc(NC(=O)C(N=Nc2ccc(-c3ccc(N=NC(C(C)=O)C(=O)Nc4ccc(C)cc4C)c(Cl)c3)cc2Cl)C(C)=O)c(OC)cc1Cl,124236-34-6,44153097,CTCGHGAGCLXAHB-UHFFFAOYSA-N,0.49
234,COc1ccc(N=Nc2c(S(=O)(=O)O)cc3c(S(=O)(=O)O)c(N=Nc4c(S(=O)(=O)O)cc5cc(S(=O)(=O)O)c(N=Nc6ccc7c(O)c(N=Nc8ccccc8S(=O)(=O)O)c(S(=O)(=O)O)cc7c6)c(O)c5c4N)ccc3c2O)c(S(=O)(=O)O)c1,NA,136352518,CZEGPGSPGHGUAI-UHFFFAOYSA-N,0.48
235,C1CN(CCOCCN2CCOCC2)CCO1,6425-39-4,80900,ZMSQJSMSLXVTKN-UHFFFAOYSA-N,0.48
236,CC(C)(C)c1nn(-c2nc(O)nc(-n3nc(C(C)(C)C)c(N=Nc4c(C#N)cnn4-c4cc(C(=O)O)cc(C(=O)O)c4)c3N)n2)c(N)c1N=Nc1c(C#N)cnn1-c1cc(C(=O)O)cc(C(=O)O)c1,NA,135932079,SVYPANRYKPVIPV-UHFFFAOYSA-N,0.4
237,CN(C)CCCNC(N)=O,31506-43-1,3084542,IIVBUJGYWCCLNG-UHFFFAOYSA-N,0.36
238,O=C1c2c(Br)c(Br)c(Br)c(Br)c2C(=O)N1CCN1C(=O)c2c(Br)c(Br)c(Br)c(Br)c2C1=O,32588-76-4,36183,DYIZJUDNMOIZQO-UHFFFAOYSA-N,0.26
239,COC(=O)c1ccc(OC(=O)c2cc(OC)c(OC)cc2OC)cc1,NA,3284082,FPCAYXVHJRQMFD-UHFFFAOYSA-N,0.26
240,CC(C)(C)c1cc2c(c(C(C)(C)C)c1)OP(=O)([O-])Oc1c(cc(C(C)(C)C)cc1C(C)(C)C)C2,106396-29-6,29935380,GGQHNQQPLWRNHD-UHFFFAOYSA-M,0.24
241,COC(OC)N(C)C,4637-24-5,78373,ZSXGLVDWWRXATF-UHFFFAOYSA-N,-0.12
242,Nc1nc(N)nc(Nc2nc(N)nc(N)n2)n1,3576-88-3,77125,YZEZMSPGIPTEBA-UHFFFAOYSA-N,-1
243,Clc1ccc(-c2cccc(Cl)c2Cl)c(Cl)c1,36559-22-5,63103,ALFHIHDQSYXSGP-UHFFFAOYSA-N,4.47
244,Brc1cc(Br)cc(-c2cc(Br)cc(Br)c2)c1,16400-50-3,635340,FXJXZYWFJAXIJX-UHFFFAOYSA-N,1.26
245,Clc1cccc(-c2ccc(Cl)c(Cl)c2Cl)c1Cl,52663-62-4,40470,AUGNBQPSMWGAJE-UHFFFAOYSA-N,4.13
246,Cc1ccc(S(=O)(=O)Oc2c(C(=O)c3ccc(Cl)cc3Cl)c(C)nn2C)cc1,58011-68-0,42619,ASRAWSBMDXVNLX-UHFFFAOYSA-N,0.92
247,CCC(C)C1OC2(C=CC1C)CC1CC(CC=C(C)C(OC3CC(OC)C(OC4CC(OC)C(NC)C(C)O4)C(C)O3)C(C)C=CC=C3COC4C(O)C(C)=CC(C(=O)O1)C34O)O2,119791-41-2,53394848,CXEGAUYXQAKHKJ-UHFFFAOYSA-N,1.85
248,CCC(C)C1OC2(CCC1C)CC1CC(CC=C(C)C(OC3CC(OC)C(OC4CC(OC)C(O)C(C)O4)C(C)O3)C(C)C=CC=C3COC4C(O)C(C)=CC(C(=O)O1)C34O)O2,70288-86-7,4330618,AZSNMRSAGSSBNP-UHFFFAOYSA-N,1.75
249,Nc1cc([N+](=O)[O-])cc([N+](=O)[O-])c1O,96-91-3,4921319,QXYMVUZOGFVPGH-UHFFFAOYSA-N,0.32
250,COC(=O)C(C)Oc1ccc(Oc2ncc(C(F)(F)F)cc2Cl)cc1,69806-40-2,50896,MFSWTRQUCLNFOM-UHFFFAOYSA-N,1.23
251,CCCCOCN(C(=O)CCl)c1c(CC)cccc1CC,23184-66-9,31677,HKPHPIREJKHECO-UHFFFAOYSA-N,1.73
252,O=C(NC(=O)c1c(F)cccc1F)Nc1ccc(Cl)cc1,35367-38-5,37123,QQQYTWIFVNKMRW-UHFFFAOYSA-N,2.11
253,CC(C)OP(C)(=O)OC(C)C,1445-75-6,3073,WOAFDHWYKSOANX-UHFFFAOYSA-N,0
254,O=C(NC(=O)c1ccccc1Cl)Nc1ccc(Cl)cc1,57160-47-1,108078,YPSCQJTUAKNUNF-UHFFFAOYSA-N,1.87
255,CCCCCCCCCCC(C)c1ccccc1,2719-61-1,17628,VRPRIAVYSREHAN-UHFFFAOYSA-N,2.25
256,Clc1cc(Cl)cc(-c2cc(Cl)cc(Cl)c2)c1,33284-52-5,36400,UTMWFJSRHLYRPY-UHFFFAOYSA-N,3.94
257,CC(C)c1ccc(-c2ccc(Cl)cc2)cc1,17790-61-3,28773,GCOSAGZKCBKMJV-UHFFFAOYSA-N,3.04
258,CC(C)c1ccc(-c2cc(Cl)cc(Cl)c2)cc1,74338-50-4,173276,AXXUAYWMQQEWQC-UHFFFAOYSA-N,3.04
259,Brc1ccc(-c2cc(Br)cc(Br)c2)cc1,72416-87-6,155722,PMLLBFUHDNYTAP-UHFFFAOYSA-N,1.69
260,Brc1cc(Br)cc(-c2ccccc2)c1,16372-96-6,3014933,HIHYAKDOWUFGBK-UHFFFAOYSA-N,0.81
261,Nc1ccc([N+](=O)[O-])cc1[N+](=O)[O-],1997/2/9,7321,LXQOQPGNCGEELI-UHFFFAOYSA-N,1.11
262,CCN(CC)c1c([N+](=O)[O-])cc(C(F)(F)F)c(N)c1[N+](=O)[O-],29091-05-2,34468,OFDYMSKSGFSLLM-UHFFFAOYSA-N,1.96
263,CCC(C)Nc1c([N+](=O)[O-])cc(C(C)(C)C)cc1[N+](=O)[O-],33629-47-9,36565,SPNQRCTZKIBOAX-UHFFFAOYSA-N,2.44
264,Cc1cc([N+](=O)[O-])c(N(CCCl)CCCl)c([N+](=O)[O-])c1,26389-78-6,33497,XKUWFOYPQIVFMM-UHFFFAOYSA-N,1.62
265,CCCN(CC1CC1)c1c([N+](=O)[O-])cc(C(F)(F)F)cc1[N+](=O)[O-],26399-36-0,33500,ITVQAKZNYJEWKS-UHFFFAOYSA-N,1.59
266,CCCN(CCCl)c1c([N+](=O)[O-])cc(C(F)(F)F)cc1[N+](=O)[O-],33245-39-5,36392,MNFMIVVPXOGUMX-UHFFFAOYSA-N,1.51
267,CCCCCCCCCCCCCCCCOS(=O)(=O)O,143-02-2,8911,LPTIRUACFKQDHZ-UHFFFAOYSA-N,1.86
268,CCCCCCCCCCCCCCOS(=O)(=O)O,4754-44-3,5248,URLJMZWTXZTZRR-UHFFFAOYSA-N,1.04
269,C=C(C)C1Cc2c(ccc3c2OC2COc4cc(OC)c(OC)cc4C2C3=O)O1,NA,5102,JUVIOZPCNVVQFO-UHFFFAOYSA-N,1.41
270,CN(C)C(=S)S,79-45-8,6599,MZGNSEAPZQGJRB-UHFFFAOYSA-N,2.13
271,S=C(S)NCCNC(=S)S,111-54-6,3000605,AWYFNIZYMPNGAI-UHFFFAOYSA-N,1.87
272,Cc1c(COC(=O)C2C(C=C(Cl)C(F)(F)F)C2(C)C)cccc1-c1ccccc1,82657-04-3,54901,OMFRMAHOUUJSGP-UHFFFAOYSA-N,2.75
273,CC1(C)C(C=C(Cl)C(F)(F)F)C1C(=O)OC(C#N)c1cccc(Oc2ccccc2)c1,68085-85-8,443046,ZXQYGBMAQZUVMI-UHFFFAOYSA-N,2.88
274,CC1(C)C(C=C(Cl)Cl)C1C(=O)OCc1cccc(Oc2ccccc2)c1,52645-53-1,40326,RLLPVAHGXHCWKJ-UHFFFAOYSA-N,2.4
275,CCOP(=S)(OCC)SCn1c(=O)oc2cc(Cl)ccc21,2310-17-0,4793,IOUNQDKNJZEDEP-UHFFFAOYSA-N,2.32
276,O=C(O)COc1cc(Cl)c(Cl)cc1Cl,93-76-5,1480,SMYMJHWAQXWPDB-UHFFFAOYSA-N,1.19
277,O=C(O)C1C2CCC(O2)C1C(=O)O,145-73-3,3225,GXEKYRXVRROBEV-UHFFFAOYSA-N,0.53
278,COP(=O)(NC(C)=O)SC,30560-19-1,1982,YASYVMFAVPKPKE-UHFFFAOYSA-N,-1.4
279,Clc1cc(Cl)c(-c2c(Cl)cc(Cl)c(Cl)c2Cl)c(Cl)c1,74472-48-3,92392,OBIUJJSQKPGKME-UHFFFAOYSA-N,4.9
280,Clc1cccc(-c2cc(Cl)cc(Cl)c2)c1,38444-87-0,38037,RIBGNAJQTOXRDK-UHFFFAOYSA-N,4.43
281,Brc1ccc2[nH]ccc2c1,10075-50-0,24905,VXWVFZFZYXOBTA-UHFFFAOYSA-N,1.76
282,CCc1cccc(CC)c1N,579-66-8,11369,FOYHNROGBXVLLX-UHFFFAOYSA-N,2.08
283,COc1ccccc1,100-66-3,7519,RDOXTESZEPMUJZ-UHFFFAOYSA-N,1.34
284,CC(C)=CC1C(C(=O)OCc2cccc(Oc3ccccc3)c2)C1(C)C,26002-80-2,4767,SBNFWQZLDJGRLK-UHFFFAOYSA-N,2.67
285,CC12C=CC3=C4CCC(=O)C=C4CCC3C1CCC2O,NA,4092426,MEHHPFQKXOUFFV-UHFFFAOYSA-N,1.11
286,O=C(c1ccc(O)cc1O)c1ccc(O)cc1O,131-55-5,8571,WXNRYSGJLQFHBR-UHFFFAOYSA-N,-0.23
287,COc1ccc(C(=O)c2ccccc2)c(O)c1,131-57-7,4632,DXGLGDHPHMLXJC-UHFFFAOYSA-N,1.98
288,CC1(C)C(C(=O)OC(C#N)c2cccc(Oc3ccccc3)c2)C1C(Br)C(Br)(Br)Br,66841-25-6,9809914,YWSCPYYRJXKUDB-UHFFFAOYSA-N,2.57
289,CC(C)(C)c1cccc(C(C)(C)C)c1O,128-39-2,31405,DKCPKDPYUFEZCP-UHFFFAOYSA-N,2.82
290,CCOP(=S)(OCC)SCSc1ccc(Cl)cc1,786-19-6,13081,VEDTXTNSFWUXGQ-UHFFFAOYSA-N,2.98
291,CCOP(=S)(OCC)SCSCC,298-02-2,4790,BULVZWIRKLYCBC-UHFFFAOYSA-N,2.44
292,CCCSP(=O)(OCC)SCCC,13194-48-4,3289,VJYFKVYYMZPMAB-UHFFFAOYSA-N,1.17
293,COc1nc(NC(C)C)nc(NC(C)C)n1,1610-18-0,4928,ISEUFVQQFVOBCY-UHFFFAOYSA-N,0.89
294,C#CC(C)N(C(=O)CCl)c1ccccc1,21267-72-1,30559,DGPBHERUGBOSFZ-UHFFFAOYSA-N,1.44
295,CC(C)(C)c1ccc(CSc2cnn(C(C)(C)C)c(=O)c2Cl)cc1,96489-71-3,91754,DWFZBUWUXWZWKD-UHFFFAOYSA-N,2.67
296,CNC(=O)Oc1ccc(N(C)C)c(C)c1,2032-59-9,16247,IMIDOCRTMDIQIJ-UHFFFAOYSA-N,0.44
297,CCCCCCc1ccc(O)cc1,2446-69-7,17132,SZWBRVPZWJYIHI-UHFFFAOYSA-N,2.29
298,c1ccc2cc3cc4ccccc4cc3cc2c1,92-24-0,7080,IFLREYGFSNHWGE-UHFFFAOYSA-N,2.41
299,CC(C)CCCCCCc1ccc(O)cc1,24518-48-7,338733,JSFITYFUKSFPBZ-UHFFFAOYSA-N,2.48
300,CN(C)CCOC(c1ccccc1)c1ccccc1,58-73-1,3100,ZZVUWRFHKOJYTH-UHFFFAOYSA-N,1.57
301,CCCCOCCOC(=O)COc1nc(Cl)c(Cl)cc1Cl,64700-56-7,47455,IVDRCZNHVGQBHZ-UHFFFAOYSA-N,0.72
302,CC(C)(c1ccccc1)c1ccccc1OP(=O)(Oc1ccccc1)Oc1ccccc1,NA,20295726,NSKVIUBXDJHCAL-UHFFFAOYSA-N,3.45
303,CCCCCCC(C)c1ccccc1OP(=O)(Oc1ccccc1)Oc1ccccc1,38638-05-0,73555772,LCFUWZAHJMUCIG-UHFFFAOYSA-N,2.84
304,Cc1cccc(C)c1N,87-62-7,6896,UFFBMTHBGFGIHF-UHFFFAOYSA-N,0.45
305,c1ccc2nc3ccc4ccccc4c3cc2c1,225-11-6,9180,JEGZRTMZYUDVBF-UHFFFAOYSA-N,2.02
306,O=C(O)COc1nc(Cl)c(Cl)cc1Cl,55335-06-3,41428,REEQLXCGVXDJSQ-UHFFFAOYSA-N,-0.44
307,Cc1cc(Br)c(C)cc1Br,1074-24-4,66175,QENIALCDPFDFHX-UHFFFAOYSA-N,3.16
308,Cc1cc(Br)ccc1Br,615-59-8,12006,QKEZTJYRBHOKHH-UHFFFAOYSA-N,2.67
309,CCCCCCCCOC(=O)c1ccccc1C(=O)OCCCCCCCC,117-84-0,8346,MQIUGAXCHLFZKX-UHFFFAOYSA-N,3.32
310,Brc1cc(Br)c(OCCOc2c(Br)cc(Br)cc2Br)c(Br)c1,37853-59-1,37840,YATIGPZCMOYEGE-UHFFFAOYSA-N,1.38
311,C=C1C(CCl)(CCl)C2(Cl)C(Cl)C(Cl)C1(Cl)C2(Cl)Cl,1852481-29-8,5284469,OEJNXTAZZBRGDN-UHFFFAOYSA-N,4
312,O=[N+]([O-])N1CN([N+](=O)[O-])CN([N+](=O)[O-])CN([N+](=O)[O-])C1,2691-41-0,17596,UZGLIIJVICEWHF-UHFFFAOYSA-N,-0.21
313,CCCCSP(=O)(SCCCC)SCCCC,78-48-8,5125,ZOKXUAHZSKEQSS-UHFFFAOYSA-N,3.19
314,CCC(=O)Nc1ccc(Cl)c(Cl)c1,709-98-8,4933,LFULEKSKNZEWOE-UHFFFAOYSA-N,1.92
315,O=C1C2(Cl)C3(Cl)C4(Cl)C(Cl)(Cl)C5(Cl)C3(Cl)C1(Cl)C5(Cl)C24Cl,143-50-0,299,LHHGDZSESBACKH-UHFFFAOYSA-N,3.06
316,CC(C)(C)c1ccc(CCOc2ncnc3ccccc23)cc1,120928-09-8,86356,DMYHGDXADUDKCQ-UHFFFAOYSA-N,2.78
317,CCCCCCCCCCCCCOCCOCCOCCOCCOCCOCCOCCOCCO,NA,15607535,DFVNYTSHNSXEMH-UHFFFAOYSA-N,1.5
318,Brc1cccc(Br)c1-c1c(Br)cccc1Br,97038-96-5,176603,RAIZQBVLCDNAOH-UHFFFAOYSA-N,4.97
319,COP(=S)(OC)Oc1cc(Cl)c(Cl)cc1Cl,299-84-3,9298,JHJOOSLFWRRSGU-UHFFFAOYSA-N,3.21
320,COP(=S)(OC)Oc1ccc([N+](=O)[O-])cc1Cl,2463-84-5,17168,OTKXWJHPGBRXCR-UHFFFAOYSA-N,1.94
321,COP(=S)(OC)Oc1ccccc1,33576-92-0,92291,PZZAINQLAOZPRL-UHFFFAOYSA-N,1.89
322,Clc1cc2c(oc3c(Cl)c(Cl)c(Cl)cc32)c(Cl)c1Cl,60851-34-5,43495,XTAHLACQOVXINQ-UHFFFAOYSA-N,3.98
323,Clc1cc2c(oc3cc(Cl)c(Cl)c(Cl)c32)c(Cl)c1Cl,57117-44-9,42140,JEYJJJXOFWNEHN-UHFFFAOYSA-N,3.94
324,Clc1cc2c(c(Cl)c1Cl)Oc1c(cc(Cl)c(Cl)c1Cl)O2,19408-74-3,29575,LGIRBUBHIWTVCK-UHFFFAOYSA-N,3.92
325,Clc1cc2c(oc3c(Cl)c(Cl)ccc32)c(Cl)c1Cl,57117-43-8,527711,SJFBZRQKGOGHEV-UHFFFAOYSA-N,3.57
326,Clc1ccc2c(oc3c(Cl)c(Cl)c(Cl)c(Cl)c32)c1Cl,79060-60-9,54337,SNWFMKXFMVHBKD-UHFFFAOYSA-N,2.78
327,CCc1cccc(-c2cccc(CC)c2)c1,13049-38-2,119988,RUNQGXYOXGYVOX-UHFFFAOYSA-N,3.76
328,C=Cc1cccc(C=C)c1,108-57-6,7941,PRJNEUBECVAVAG-UHFFFAOYSA-N,2.54
329,C=Cc1ccc(C=C)cc1,105-06-6,66041,WEERVPDNCOGWJF-UHFFFAOYSA-N,2.48
330,Clc1cc(Cl)c2cc(Cl)ccc2c1,55720-37-1,92351,CFEUGIGSIREATC-UHFFFAOYSA-N,4.43
331,CC(C)(c1ccc(OC(F)(F)C(F)F)cc1)c1ccc(OC(F)(F)C(F)F)cc1,1544-19-0,73765,NILNWNGNABYYHH-UHFFFAOYSA-N,4.35
332,CC(C)(C)CC(C)(C)c1ccc(OC(F)(F)C(F)F)cc1,163036-61-1,15514819,AYAUOMXPHJVCLG-UHFFFAOYSA-N,3.92
333,Clc1cc2oc3c(Cl)c(Cl)c(Cl)c(Cl)c3c2cc1Cl,70648-26-9,51130,LVYBAQIVPKCOEE-UHFFFAOYSA-N,3.9
334,Clc1cccc2cccc(Cl)c12,2050-74-0,16311,ADRYPAGQXFMVFP-UHFFFAOYSA-N,3.79
335,CC(C)CC(C)(c1ccc(OC(F)(F)C(F)F)cc1)c1ccc(OC(F)(F)C(F)F)cc1,163036-60-0,10874352,NRYMOKKTMZLWBL-UHFFFAOYSA-N,3.76
336,CC(C)C(C)C(C)(C)c1ccc(OC(F)(F)C(F)F)cc1,NA,85846138,DSOFYEWBNJAGSM-UHFFFAOYSA-N,3.71
337,COc1c(Cl)c(Cl)cc(Cl)c1Cl,6936-40-9,40774,WMMFIDNWZNCBCT-UHFFFAOYSA-N,3.69
338,Clc1cc2oc3cc(Cl)c(Cl)c(Cl)c3c2cc1Cl,57117-41-6,42138,SBMIVUVRFPGOEB-UHFFFAOYSA-N,3.58
339,Cc1ccc2c(ccc3ccccc32)c1,2531-84-2,17321,KANLOADZXMMCQA-UHFFFAOYSA-N,3.48
340,COc1c(Cl)cc(Cl)c(Cl)c1Cl,938-22-7,13647,ITXDBGLYYSJNPK-UHFFFAOYSA-N,3.34
341,Clc1cc2oc3c(Cl)c(Cl)cc(Cl)c3c2c(Cl)c1Cl,92341-06-5,56400,JZVOLXQREJNTTL-UHFFFAOYSA-N,3.2
342,CCCCC(CC)C(c1ccc(OC(F)(F)C(F)F)cc1)c1ccc(OC(F)(F)C(F)F)cc1,NA,86180805,DUSYFKJUPBZJDU-UHFFFAOYSA-N,3.19
343,COc1cc(Cl)c(Cl)c(Cl)c1,54135-82-9,41019,GUCFBWGWRCILHN-UHFFFAOYSA-N,3.09
344,Clc1cc(Cl)c2c(oc3c(Cl)cc(Cl)c(Cl)c32)c1Cl,75627-02-0,53291,FAHIPPHRJJJQOG-UHFFFAOYSA-N,2.96
345,CCCCCCCc1ccc(OC(F)(F)C(F)F)cc1,NA,18964385,QTPMSIMEHIZOSQ-UHFFFAOYSA-N,2.96
346,CCCCCCC(C)(c1ccc(OC(F)(F)C(F)F)cc1)c1ccc(OC(F)(F)C(F)F)cc1,163036-62-2,71350482,KTMXXSYEAKUNCZ-UHFFFAOYSA-N,2.85
347,Clc1cc2oc3c(Cl)c(Cl)ccc3c2cc1Cl,57117-39-2,42136,MJCNKMDTLRSHNK-UHFFFAOYSA-N,2.72
348,Cc1c(Cl)cccc1[N+](=O)[O-],83-42-1,6740,XCSNRORTQRKCHB-UHFFFAOYSA-N,1.99
349,Cc1ccc(Cl)cc1[N+](=O)[O-],89-59-8,6975,SQFLFRQWPBEDHM-UHFFFAOYSA-N,1.92
350,CNC(=O)Oc1cc(C)c(N(C)C)c(C)c1,315-18-4,9414,YNEVBPNZHBAYOA-UHFFFAOYSA-N,1.42
351,CC1CNC(=S)N1,2122-19-2,2777312,NGZJXCFNBVJLQN-UHFFFAOYSA-N,1
352,Cc1c([N+](=O)[O-])cc([N+](=O)[O-])cc1[N+](=O)[O-],118-96-7,8376,SPSSULHKWOKEEL-UHFFFAOYSA-N,0.9
353,CCCCC(CC)COC(=O)CCCCC(=O)OCC(CC)CCCC,103-23-1,7641,SAOKZLXYCUGLFA-UHFFFAOYSA-N,1.43
354,COP(=S)(OC)Oc1cc(Cl)c(I)cc1Cl,18181-70-9,28935,LFVLUOAHQIVABZ-UHFFFAOYSA-N,3.62
355,COP(=S)(OC)Oc1ccc([N+](=O)[O-])cc1,298-00-0,4130,RLBIQVVOMOPOHC-UHFFFAOYSA-N,1.72
356,COP(=S)(OC)Oc1ccc([N+](=O)[O-])c(Cl)c1,500-28-7,10372,NZNRRXXETLSZRO-UHFFFAOYSA-N,1.55
357,CC(C)(C)C(O)(CCc1ccc(Cl)cc1)Cn1cncn1,107534-96-3,86102,PXMNMQRDXWABCY-UHFFFAOYSA-N,1.8
358,CCSC(=O)N1CCCCCC1,2212-67-1,16653,DEDOPGXGGQYYMW-UHFFFAOYSA-N,2.22
359,NC(=O)c1c(Cl)cccc1Cl,2008-58-4,16183,JHSPCUHPSIUQRB-UHFFFAOYSA-N,1.5
360,Clc1cc(Cl)c(-c2cc(Cl)c(Cl)c(Cl)c2Cl)cc1Cl,35065-29-3,37036,WBHQEUPUMONIKF-UHFFFAOYSA-N,6.06
361,Clc1cc(Cl)c(-c2ccc(Cl)c(Cl)c2Cl)cc1Cl,35065-28-2,37035,RPUMZMSNLZHIGZ-UHFFFAOYSA-N,5.73
362,Clc1ccc(-c2cc(Cl)c(Cl)c(Cl)c2Cl)cc1Cl,38380-08-4,38019,LCXMEXLGMKFLQO-UHFFFAOYSA-N,5.88
363,Clc1cc(Cl)c(-c2c(Cl)c(Cl)cc(Cl)c2Cl)c(Cl)c1Cl,40186-71-8,38410,LJQOBQLZTUSEJA-UHFFFAOYSA-N,5.68
364,Clc1ccc(-c2c(Cl)ccc(Cl)c2Cl)cc1Cl,38380-03-9,38015,ARXHIJMGSIYYRZ-UHFFFAOYSA-N,5.13
365,Clc1ccc(-c2ccc(Cl)c(Cl)c2)cc1,38444-90-5,38039,YZANRISAORXTHU-UHFFFAOYSA-N,4.58
366,Clc1ccc(-c2ccccc2Cl)cc1Cl,38444-86-9,38036,RIMXLXBUOQMDHV-UHFFFAOYSA-N,4.5
367,O=C(O)C(F)(F)C(F)(F)C(F)(F)C(F)(F)C(F)(F)C(F)(F)C(F)(F)C(F)(F)C(F)(F)C(F)(F)C(F)(F)C(F)(F)C(F)(F)C(F)(F)C(F)(F)F,67905-19-5,106027,OJMBMWRMTMHMSZ-UHFFFAOYSA-N,3.72
368,CC(C)C(C(=O)OC(C#N)c1cccc(Oc2ccccc2)c1)c1ccc(OC(F)F)cc1,70124-77-5,50980,GBIHOLCMZGAKNG-UHFFFAOYSA-N,3.52
369,CCOc1ccc(C(C)(C)COCc2cccc(Oc3ccccc3)c2)cc1,80844-07-1,71245,YREQHYQNNWYQCJ-UHFFFAOYSA-N,3.6
370,CC(C)=CC1C(C(=O)OCc2coc(Cc3ccccc3)c2)C1(C)C,10453-86-8,5053,VEMKTZHHVJILDY-UHFFFAOYSA-N,3.55
371,CC(=O)c1c(C)c([N+](=O)[O-])c(C(C)(C)C)c([N+](=O)[O-])c1C,81-14-1,6669,WXCMHFPAUCOJIG-UHFFFAOYSA-N,3.09
372,CC1COCc2cc3c(cc21)C(C)(C)C(C)C3(C)C,1222-05-5,91497,ONKNPOPIGWHAQC-UHFFFAOYSA-N,3.02
373,CC(=O)c1cc2c(cc1C)C(C)(C)C(C)CC2(C)C,21145-77-7,89440,DNRJTBAOUJJKDY-UHFFFAOYSA-N,2.78
374,CCOP(=S)(OCC)SCSC(C)(C)C,13071-79-9,25670,XLNZEKHULJKQBA-UHFFFAOYSA-N,2.63
375,O=C(O)C(F)(F)C(F)(F)C(F)(F)C(F)(F)C(F)(F)C(F)(F)C(F)(F)C(F)(F)C(F)(F)C(F)(F)C(F)(F)C(F)(F)C(F)(F)C(F)(F)C(F)(F)C(F)(F)C(F)(F)F,16517-11-6,167547,ZTSDOGSKTICNPQ-UHFFFAOYSA-N,2.65
376,CCOP(=S)(OCC)SCn1nnc2ccccc2c1=O,2642-71-9,17531,RQVGAIADHNPSME-UHFFFAOYSA-N,2.27
377,CCNc1nc(NC(C)(C)C)nc(SC)n1,886-50-0,13450,IROINLKCQGIITA-UHFFFAOYSA-N,1.95
378,CCOP(=S)(CC)Sc1ccccc1,944-22-9,13676,KVGLBTYUCJYMND-UHFFFAOYSA-N,1.89
379,CCOP(=S)(OCC)Oc1ccc(S(C)=O)cc1,115-90-2,8292,XDNBJTQLKCIJBV-UHFFFAOYSA-N,1.68
380,COP(=S)(OC)SCn1nnc2ccccc2c1=O,86-50-0,2268,CJJOSEISRRTUQB-UHFFFAOYSA-N,1.62
381,O=C(O)CNCP(=O)(O)O,1071-83-6,3496,XDDAORKBJWWYJS-UHFFFAOYSA-N,1.4
382,CCNc1nc(NC(C)CC)nc(OC)n1,26259-45-0,33443,ZJMZZNVGNSWOOM-UHFFFAOYSA-N,1.2
383,CSc1nnc(C(C)(C)C)c(=O)n1N,21087-64-9,30479,FOXFZRUHNHCZPX-UHFFFAOYSA-N,1.27
384,COP(=O)(OC)OC(Br)C(Cl)(Cl)Br,300-76-5,4420,BUYMVQAILCEWRR-UHFFFAOYSA-N,0.93
385,Clc1c(Cl)c(Cl)c(-c2ccccc2)c(Cl)c1Cl,18259-05-7,17348,GGMPTLAAIUQMIE-UHFFFAOYSA-N,4.85
386,Clc1cc(Cl)cc(-c2cc(Cl)ccc2Cl)c1,41464-42-0,38878,WBTMFEPLVQOWFI-UHFFFAOYSA-N,4.85
387,Clc1cc(Cl)c(-c2c(Cl)cccc2Cl)c(Cl)c1,56558-16-8,91662,MTCPZNVSDFCBBE-UHFFFAOYSA-N,4.81
388,Clc1cc(Cl)c(-c2ccc(Cl)c(Cl)c2)c(Cl)c1,56558-17-9,63083,OAEQTHQGPZKTQP-UHFFFAOYSA-N,4.81
389,Clc1cc(Cl)c(Cl)c(-c2ccccc2)c1Cl,33284-54-7,36402,BLAYIQLVUNIICD-UHFFFAOYSA-N,4.71
390,Clc1cc(Cl)c(-c2cc(Cl)ccc2Cl)c(Cl)c1,60145-21-3,63086,PQHZWWBJPCNNGI-UHFFFAOYSA-N,4.58
391,Clc1ccc(-c2ccc(Cl)c(Cl)c2)c(Cl)c1,32598-10-0,36185,RKLLTEAEZIJBAU-UHFFFAOYSA-N,4.59
392,Clc1ccc(Cl)c(-c2c(Cl)cccc2Cl)c1,41464-41-9,38877,SFTUSTXGTCCSHX-UHFFFAOYSA-N,4.3
393,Clc1cc(-c2ccccc2)c(Cl)c(Cl)c1Cl,33284-53-6,36401,HLQDGCWIOSOMDP-UHFFFAOYSA-N,4.39
394,Clc1ccc(-c2cc(Cl)c(Cl)cc2Cl)cc1Cl,31508-00-6,35823,IUTPYMGCWINGEY-UHFFFAOYSA-N,4.45
395,Clc1ccc(-c2ccc(Cl)c(Cl)c2Cl)cc1Cl,32598-14-4,36188,WIDHRBRBACOVOY-UHFFFAOYSA-N,4.38
396,CC(C)c1ccc2ccccc2c1,2027-17-0,16238,TVYVQNHYIHAJTD-UHFFFAOYSA-N,3.97
397,Cc1c(Cl)c(Br)c(Br)c(Br)c1Br,39569-21-6,38294,WMXWTOJJASZOCL-UHFFFAOYSA-N,3.98
398,OC(c1ccc(Cl)cc1)(c1ccc(Cl)cc1)c1ccc(Cl)cc1,3010-80-8,76379,BPFKTJMHOWDJKI-UHFFFAOYSA-N,3.95
399,Cc1cc(Cl)c(Cl)cc1Cl,6639-30-1,23128,ZCXHZKNWIYVQNC-UHFFFAOYSA-N,3.71
400,Clc1ccc2oc3ccc(Cl)cc3c2c1,5409-83-6,21510,IVVRJIDVYSPKFZ-UHFFFAOYSA-N,3.66
401,CCCCCCc1ccc(-c2ccc(C#N)cc2)cc1,41122-70-7,38764,VADSDVGLFDVIMG-UHFFFAOYSA-N,3.6
402,CC1CC(C)CC(C)(C)C1,4306-65-4,107263,WOJSMJIXPQLESQ-UHFFFAOYSA-N,3.65
403,c1ccc(-c2cccc3ccccc23)cc1,605-02-7,11795,IYDMICQAKLQHLA-UHFFFAOYSA-N,3.51
404,CC(C)C1CCC(C(C)C)CC1,22907-72-8,140972,GMUJGUXGVJZHSK-UHFFFAOYSA-N,3.25
405,Cc1c(F)c(F)c(COC(=O)C2C(C=C(Cl)C(F)(F)F)C2(C)C)c(F)c1F,79538-32-2,54382,ZFHGXWPMULPQSE-UHFFFAOYSA-N,3.48
406,Clc1cc2ccccc2c2ccccc12,947-72-8,13694,CJWHZQNUDAJJSB-UHFFFAOYSA-N,3.47
407,C=CCCC(CC)CCCC,19780-74-6,550826,FERQWJMFSVKKGT-UHFFFAOYSA-N,3.43
408,Clc1ccc2c(c1)oc1cc(Cl)c(Cl)c(Cl)c12,83704-22-7,55104,MDNZFYGATDCKRB-UHFFFAOYSA-N,3.41
409,C=CCCCCCCCCCC,112-41-4,8183,CRSBERNSMYQZNG-UHFFFAOYSA-N,3.4
410,Nc1ccc(Cc2ccc(N)c(Cl)c2Cl)c(Cl)c1Cl,42240-73-3,148445,PPUHQXZSLCCTAN-UHFFFAOYSA-N,3.36
411,CC(C)CC1CC(C)CCC1C,NA,550310,ZYJPKZNMMTYTPA-UHFFFAOYSA-N,3.37
412,CC1CC(C)CC(C)C1,1839-63-0,35364,ODNRTOSCFYDTKF-UHFFFAOYSA-N,2.41
413,CCCCCCCC(C)C(C)(C)C,62338-09-4,112483,BWEUYKNMLNSHIJ-UHFFFAOYSA-N,3.34
414,Cc1ccc2c(c1)CCCC2(C)C,475-03-6,68057,LTMQZVLXCLQPCT-UHFFFAOYSA-N,3.33
415,Cc1ccc(C)c(Cc2ccccc2)c1,13540-50-6,139495,LJBGURBFHJJQQU-UHFFFAOYSA-N,3.25
416,CCCCCCC(CC)CC,17302-11-3,529886,FKJSIWPQZCKMIL-UHFFFAOYSA-N,3.32
417,CCCCC(C)C(C)C,3074-71-3,26375,WBRFDUJXCLCKPX-UHFFFAOYSA-N,3.32
418,c1ccc(Nc2cccc3ccccc23)cc1,90-30-2,7013,XQVWYOYUZDUNRW-UHFFFAOYSA-N,3.3
419,Clc1cc(Cl)cc(Cl)c1,108-70-3,7950,XKEFYDZQGKAQCN-UHFFFAOYSA-N,3.24
420,CC(C)CC1CCCCC1,1678-98-4,15508,FFROMNOQCNVNIH-UHFFFAOYSA-N,3.3
421,CC(=CC(C)(C)C)CC(C)(C)C,123-48-8,31259,NBUMCEJRJRRLCA-UHFFFAOYSA-N,3.29
422,CC(=CC(C)C)CC(C)C,126690-66-2,44135738,DSBKYWWEBIJMOS-UHFFFAOYSA-N,3.29
423,CCCCCCC1CCCCC1,4292-75-5,20283,QHWAQXOSHHKCFK-UHFFFAOYSA-N,3.29
424,Cc1ccc(N=CN(C)C=Nc2ccc(C)cc2C)c(C)c1,33089-61-1,36324,QXAITBQSYVNQDR-UHFFFAOYSA-N,3.26
425,C=CCCCCCCCC,872-05-9,13381,AFFLGGQVNFXPEV-UHFFFAOYSA-N,3.22
426,c1ccc2c(c1)oc1ccccc12,132-64-9,568,TXCDCPKCNAJMEE-UHFFFAOYSA-N,3.17
427,C=CCCCCCCC,124-11-8,31285,JRZJOMJEPLMPRA-UHFFFAOYSA-N,2.93
428,CCCCC(C)CCCC(C)C,13150-81-7,139395,DHJGXZWEQBKLNV-UHFFFAOYSA-N,3.18
429,Brc1ccc(Br)c(Br)c1Br,22311-25-7,31137,QRFALSDGOMLVIR-UHFFFAOYSA-N,3.18
430,Cc1cccc2c1ccc1ccccc12,832-69-9,13257,DOWJXOHBNXRUOD-UHFFFAOYSA-N,3.18
431,CCCCC(CC)CN1C(=O)C2C(C1=O)C1(C(C)C)C=CC2(C)CC1,13358-11-7,25911,MVKYQJHRHHQPDM-UHFFFAOYSA-N,2.99
432,CC(C)c1cccc(C(C)C)c1,99-62-7,7450,UNEATYXSUBPPKP-UHFFFAOYSA-N,3.15
433,CCCCCCCCC,111-84-2,8141,BKIMMITUMNQMOS-UHFFFAOYSA-N,3.15
434,CC(COc1ccc(Oc2ccccc2)cc1)Oc1ccccn1,95737-68-1,91753,NHDHVHZZCFYRSB-UHFFFAOYSA-N,3.14
435,c1ccc(Nc2ccc(Nc3ccccc3)cc2)cc1,74-31-7,6319,UTGQNNCQYDRXCH-UHFFFAOYSA-N,3.13
436,CC1CCC(C)c2ccccc21,14109-26-3,138145,KNQXALMJMHIHQH-UHFFFAOYSA-N,3.12
437,Clc1cc(Cl)c(Cl)c(Cl)c1,634-90-2,12468,QZYNWJQFTJXIRN-UHFFFAOYSA-N,3.19
438,Clc1cc2c(oc3c(Cl)cccc32)c(Cl)c1Cl,83704-30-7,44101,JNVHSHPAAMRSKK-UHFFFAOYSA-N,3.11
439,c1ccc(-c2ccccc2-c2ccccc2)cc1,84-15-1,6766,OIAQMFOKAXHPNH-UHFFFAOYSA-N,3.22
440,OCc1cc(Cl)cc(Cl)c1Cl,54135-81-8,41018,MKERQGLKSFEKAE-UHFFFAOYSA-N,3.09
441,CC(Cc1ccc(C(C)(C)C)cc1)CN1CC(C)OC(C)C1,67564-91-4,91695,RYAUSSKQMZRMAI-UHFFFAOYSA-N,3.03
442,Clc1ccc2c(c1)oc1c(Cl)cccc12,74918-40-4,53144,DMOBGFAKTSXOHG-UHFFFAOYSA-N,3.01
443,c1ccc(Cc2ccccc2)cc1,101-81-5,7580,CZZYITDELCSZES-UHFFFAOYSA-N,2.99
444,Cc1ccc2cc(C)c(C)cc2c1,829-26-5,13237,UNBZRJCHIWTUHB-UHFFFAOYSA-N,3
445,C=C1C2CCC(C2)C1(C)C,79-92-5,6616,CRPUJAZIXJMDBK-UHFFFAOYSA-N,3
446,CC(C)COc1ccc2ccccc2c1,2173-57-1,16582,XOHIHZHSDMWWMS-UHFFFAOYSA-N,2.88
447,C=C(C)c1ccc(Cl)cc1,1712-70-5,74381,WQDGTJOEMPEHHL-UHFFFAOYSA-N,2.97
448,C1CCC2CCCC2C1,3296-50-2,10325,BNRNAKTVFSZAFA-UHFFFAOYSA-N,2.91
449,Clc1cc2c(cc1Cl)Oc1ccccc1O2,29446-15-9,34586,YCIYTXRUZSDMRZ-UHFFFAOYSA-N,2.88
450,CC1C=CCC(C)(C)C1,933-12-0,79132,CBERVMGFVLWZSU-UHFFFAOYSA-N,2.87
451,Cc1ccc(C)c(C)c1C,488-23-3,10263,UOHMMEJUHBCKEE-UHFFFAOYSA-N,2.82
452,c1ccc2c(c1)ccc1cc3c(ccc4ccccc43)cc12,53-70-3,5889,LHRCREOYAASXPZ-UHFFFAOYSA-N,2.8
453,Brc1cccc(Br)c1,108-36-1,7927,JSRLURSZEMLAFO-UHFFFAOYSA-N,2.73
454,Cc1cccc(C(C)C)c1,535-77-3,10812,XCYJPXQACVEIOS-UHFFFAOYSA-N,2.78
455,COP(=O)(OC)Oc1ccccc1,10113-28-7,82355,XTBBZRRBOAVBRA-UHFFFAOYSA-N,2.76
456,CCc1ccc(CC)cc1,105-05-5,7734,DSNHSQKRULAAEI-UHFFFAOYSA-N,2.69
457,Cc1ccc2ccc3cccc4ccc1c2c34,2381-21-7,16932,KBSPJIWZDWBDGM-UHFFFAOYSA-N,2.73
458,CC(C)CCCCCCCCCCO,85763-57-1,33865,XUJLWPFSUCHPQL-UHFFFAOYSA-N,2.73
459,c1ccc2c(c1)cc1ccc3cccc4ccc2c1c34,50-32-8,2336,FMMWHPNWAFZXNH-UHFFFAOYSA-N,2.67
460,CCOC(=O)C(O)(c1ccc(Cl)cc1)c1ccc(Cl)cc1,510-15-6,10522,RAPBNVDSDCTNRC-UHFFFAOYSA-N,2.53
461,O=C(Cc1ccccc1)N=C(NOCC1CC1)c1c(C(F)(F)F)ccc(F)c1F,180409-60-3,135973506,ACMXQHFNODYQAT-UHFFFAOYSA-N,2.72
462,CCc1cc2ccccc2c2ccccc12,3674-75-7,19352,ZWANHXINCHPSIK-UHFFFAOYSA-N,2.52
463,Cc1cc2ccccc2cc1C,581-40-8,11386,WWGUMAYGTYQSGA-UHFFFAOYSA-N,2.71
464,CCCCC(CC)COP(=O)(Oc1ccccc1)Oc1ccccc1,1241-94-7,14716,CGSLYBDCEGBZCG-UHFFFAOYSA-N,2.62
465,ClCCOC(c1ccccc1)c1ccccc1,32669-06-0,141724,ZNVASENTCOLNJT-UHFFFAOYSA-N,2.59
466,c1ccc2c(c1)Nc1ccccc1S2,92-84-2,7108,WJFKNYWRSNBZNX-UHFFFAOYSA-N,2.62
467,Clc1cccc(-c2cccc(Cl)c2)c1,2050-67-1,16307,KTXUOWUHFLBZPW-UHFFFAOYSA-N,2.63
468,CC(C)CCCCCCCOP(=O)(Oc1ccccc1)Oc1ccccc1,29761-21-5,34697,RYUJRXVZSJCHDZ-UHFFFAOYSA-N,2.61
469,Cc1cc(C2CC2)nc(Nc2ccccc2)n1,121552-61-2,86367,HAORKNGNJCEJBX-UHFFFAOYSA-N,2.59
470,CCCOCC(=Nc1ccc(Cl)cc1C(F)(F)F)n1ccnc1,68694-11-1,91699,HSMVPDGQOIQYSR-UHFFFAOYSA-N,2.59
471,Cc1cc2ccccc2c2ccccc12,883-20-5,13438,DALBHIYZSZZWBS-UHFFFAOYSA-N,2.44
472,CCC(C)c1cccc(C(C)CC)c1O,5510-99-6,21685,FHTGJZOULSYEOB-UHFFFAOYSA-N,2.56
473,Clc1cccc(Cl)c1,541-73-1,10943,ZPQOPVIELGIULI-UHFFFAOYSA-N,2.5
474,c1ccc(COCc2ccccc2)cc1,103-50-4,7657,MHDVGSVTJDSBDK-UHFFFAOYSA-N,2.5
475,CC(C)CCCCCCCO,55505-26-5,32898,PLLBRTOLHQQAQQ-UHFFFAOYSA-N,2.51
476,O=P(Oc1ccccc1)(Oc1ccccc1)Oc1ccccc1,115-86-6,8289,XZZNDPSIHUTMOC-UHFFFAOYSA-N,2.42
477,c1ccc2c(c1)CCCC2,119-64-2,8404,CXWXQJXEFPUFDZ-UHFFFAOYSA-N,2.48
478,CC12CCC(C(=Cc3ccccc3)C1=O)C2(C)C,15087-24-8,27021,OIQXFRANQVWXJF-UHFFFAOYSA-N,2.46
479,O=C1c2ccccc2C(=O)c2c(Cl)cccc21,82-44-0,6709,BOCJQSFSGAZAPQ-UHFFFAOYSA-N,2.31
480,Nc1ccc(Cc2ccc(N)c(Cl)c2)cc1Cl,101-14-4,7543,IBOFVQJTBBUKMU-UHFFFAOYSA-N,2.38
481,c1ccc2c(c1)c1ccccc1c1ccccc21,217-59-4,9170,SLGBZMMZGDRARJ-UHFFFAOYSA-N,2.41
482,Cc1ccc2cc3ccccc3cc2c1,613-12-7,11936,GYMFBYTZOGMSQJ-UHFFFAOYSA-N,2.41
483,c1ccc2nc3ccccc3cc2c1,260-94-6,9215,DZBUGLKDJFMEHC-UHFFFAOYSA-N,2.31
484,c1cc2cccc3c4cccc5cccc(c(c1)c23)c54,198-55-0,9142,CSHWQDPOILHKBI-UHFFFAOYSA-N,2.38
485,CCNc1cccc2ccccc12,118-44-5,67043,KDFFXYVOTKKBDI-UHFFFAOYSA-N,2.36
486,O=C1c2ccccc2C(=O)c2c(O)cccc21,129-43-1,8512,BTLXPCBPYBNQNR-UHFFFAOYSA-N,2.2
487,Nc1cc(Cl)c(Cl)c(Cl)c1,634-91-3,12469,XOGYQVITULCUGU-UHFFFAOYSA-N,2.36
488,ClC1CCCCC1,542-18-7,10952,UNFUYWDGSFDHCW-UHFFFAOYSA-N,1.35
489,O=C1c2ccccc2C(=O)c2cc(Cl)ccc21,131-09-9,8553,FPKCTSIVDAWGFA-UHFFFAOYSA-N,2.32
490,Nc1cc(Cl)c(Cl)cc1Cl,636-30-6,12487,GUMCAKKKNKYFEB-UHFFFAOYSA-N,2.32
491,Cc1cccc(C)c1C,526-73-8,10686,FYGHSUNMUKGBRK-UHFFFAOYSA-N,2.33
492,FC(F)(F)c1cccc(Cl)c1,98-15-7,7374,YTCGOUNVIAWCMG-UHFFFAOYSA-N,2.3
493,COc1cccc2ccccc12,2216-69-5,16668,NQMUGNMMFTYOHK-UHFFFAOYSA-N,2.3
494,Brc1ccc(Br)cc1,106-37-6,7804,SWJPEBQEEAHIGZ-UHFFFAOYSA-N,2.26
495,Nc1ccc(-c2ccc(N)c(Cl)c2)cc1Cl,91-94-1,7070,HUWXDEQWWKGHRV-UHFFFAOYSA-N,2.28
496,COP(=S)(OC)Oc1ccc(SC)c(C)c1,55-38-9,3346,PNVJTZOFSHSLTO-UHFFFAOYSA-N,2.41
497,Cc1ccc(C)c(C)c1,95-63-6,7247,GWHJZXXIDMPWGX-UHFFFAOYSA-N,2.22
498,c1ccc2c(c1)ccc1c3ccccc3ccc21,218-01-9,9171,WDECIBYCCFPHNR-UHFFFAOYSA-N,2.29
499,CCCCOC(=O)c1ccccc1C(=O)OCCCC,84-74-2,3026,DOIRQSBPFJWKBE-UHFFFAOYSA-N,2.25
500,CC(Cc1ccc(C(C)(C)C)cc1)CN1CCCCC1,67306-00-7,91694,MGNFYQILYYYUBS-UHFFFAOYSA-N,2.2
501,CCCCCCCCOc1ccc(C(=O)c2ccccc2)c(O)c1,1843-05-6,15797,QUAMTGJKVDWJEQ-UHFFFAOYSA-N,2.01
502,Oc1ccc(Cl)cc1Cc1cc(Cl)ccc1O,97-23-4,3037,MDNWOSOZYLHTCG-UHFFFAOYSA-N,2.15
503,BrCCCCCCCCCCBr,4101-68-2,221483,GTQHJCOHNAFHRE-UHFFFAOYSA-N,1.97
504,Nc1c(Cl)cc(Cl)cc1Cl,634-93-5,12471,NATVSFWWYVJTAZ-UHFFFAOYSA-N,2.08
505,Nc1cccc2c1C(=O)c1ccccc1C2=O,82-45-1,6710,KHUFHLFHOQVFGB-UHFFFAOYSA-N,2.07
506,CCCC1COC(Cn2cncn2)(c2ccc(Cl)cc2Cl)O1,60207-90-1,43234,STJLVHWMYQXCPB-UHFFFAOYSA-N,1.8
507,CCCCCCCCCCCCc1ccc(S(=O)(=O)O)cc1,121-65-3,8485,KWXICGTUELOLSQ-UHFFFAOYSA-N,1.58
508,O=C1c2ccccc2C(=O)c2ccccc21,84-65-1,6780,RZVHIXYEVGDQDX-UHFFFAOYSA-N,2
509,Nc1c(Oc2ccc(Br)cc2)cc(O)c2c1C(=O)c1ccccc1C2=O,59722-76-8,108817,NXLZYWCPIVGZKC-UHFFFAOYSA-N,2.01
510,C1CCCCC1,110-82-7,8078,XDTMQSROBMDMFD-UHFFFAOYSA-N,1.95
511,CCCC(Cn1cncn1)c1ccc(Cl)cc1Cl,66246-88-6,91693,WKBPZYKAUNRMKP-UHFFFAOYSA-N,1.97
512,C=C(C)c1ccccc1,98-83-9,7407,XYLMUPLGERFSHI-UHFFFAOYSA-N,1.88
513,CSc1nc(NC(C)C)nc(NC(C)C)n1,7287-19-6,4929,AAEVYOVXGOFMJO-UHFFFAOYSA-N,1.93
514,COc1cc(Cl)c(Cl)cc1O,2460-49-3,17160,HAAFFTHBNFBVKY-UHFFFAOYSA-N,1.95
515,Oc1cc(Cl)cc(Cl)c1,591-35-5,11571,VPOMSPZBQMDLTM-UHFFFAOYSA-N,1.95
516,C=Cc1ccncc1,100-43-6,7502,KFDVPJUYSDEJTH-UHFFFAOYSA-N,1.9
517,CCCCOCCCC,142-96-1,8909,DURPTKYDGMDSBL-UHFFFAOYSA-N,1.89
518,Cc1ccccc1Cl,95-49-8,7238,IBSQPLPBRSHTTG-UHFFFAOYSA-N,1.89
519,CCCN(CC)CC1COC2(CCC(C(C)(C)C)CC2)O1,118134-30-8,86160,PUYXTUJWRLOUCW-UHFFFAOYSA-N,1.9
520,CC(C)Oc1cc(-n2nc(C(C)(C)C)oc2=O)c(Cl)cc1Cl,19666-30-9,29732,CHNUNORXWHYHNE-UHFFFAOYSA-N,2.24
521,OC(c1ccccc1)c1ccc(Cl)cc1,119-56-2,8401,AJYOOHCNOXWTKJ-UHFFFAOYSA-N,1.78
522,N#CSCSc1nc2ccccc2s1,21564-17-0,30692,TUBQDCKAWGHZPF-UHFFFAOYSA-N,2.01
523,C=CCOC(Cn1ccnc1)c1ccc(Cl)cc1Cl,35554-44-0,37175,PZBPKYOVPCNPJY-UHFFFAOYSA-N,1.81
524,Oc1ccc(Cl)c(Cl)c1,95-77-2,7258,WDNBURPWRNALGP-UHFFFAOYSA-N,1.8
525,CC(C)(C)c1ccc(O)cc1,98-54-4,7393,QHPQWRBYOIRBIT-UHFFFAOYSA-N,1.78
526,CN(C)C1CSSC1,1631-58-9,15402,DSOOGBGKEWZRIH-UHFFFAOYSA-N,1.74
527,FC(F)(F)c1ccccc1,1998/8/8,7368,GETTZEONDQJALK-UHFFFAOYSA-N,1.68
528,CCCCCCCCCCCCCCCC,544-76-3,11006,DCAYPVUWAIABOU-UHFFFAOYSA-N,1.77
529,ClCC(Cl)(Cl)CCl,13116-53-5,25717,UDPHJTAYHSSOQB-UHFFFAOYSA-N,1.63
530,FC(F)(Cl)C(F)(Cl)Cl,76-13-1,6428,AJDIZQLSFPQPEY-UHFFFAOYSA-N,1.64
531,Cc1cc(-c2ccc(N)c(C)c2)ccc1N,119-93-7,8413,NUIURNJTPRWVAP-UHFFFAOYSA-N,1.61
532,Nc1ccc2c(c1)C(=O)c1ccccc1C2=O,117-79-3,8341,XOGPDSATLSAZEK-UHFFFAOYSA-N,1.64
533,O=C1c2ccccc2C(=O)c2c1ccc1ccccc21,2498-66-0,17253,LHMRXAIRPKSGDE-UHFFFAOYSA-N,1.83
534,CCNc1nc(NC(C)C)nc(SC)n1,834-12-8,13263,RQVYBGPQFYCBGX-UHFFFAOYSA-N,1.46
535,Oc1ccccc1Br,95-56-7,7244,VADKRMSMGWJZCF-UHFFFAOYSA-N,1.53
536,CC1(O)CC2CCC1(C)C2(C)C,2371-42-8,16913,LFYXNXGVLGKVCJ-UHFFFAOYSA-N,1.48
537,O=NN(c1ccccc1)c1ccccc1,86-30-6,6838,UBUCNCOMADRQHX-UHFFFAOYSA-N,1.51
538,N#Cc1cc(I)c(O)c(I)c1,1689-83-4,15530,NRXQIUSYPAHGNM-UHFFFAOYSA-N,1.46
539,CCCCNC(=O)n1c(NC(=O)OC)nc2ccccc21,17804-35-2,28780,RIOXQFHNBCKOKP-UHFFFAOYSA-N,1.43
540,CC(C)(c1ccc(O)cc1)c1ccc(O)cc1,1980/5/7,6623,IISBACLAFKSPIT-UHFFFAOYSA-N,1.42
541,Oc1cccc(Cl)c1Cl,576-24-9,11334,UMPSXRYVXUPCOS-UHFFFAOYSA-N,1.34
542,N#Cc1c(Cl)c(Cl)c(Cl)c(C#N)c1Cl,1897-45-6,15910,CRQQGFGUEAVUIL-UHFFFAOYSA-N,1.71
543,BrC(Br)Br,75-25-2,5558,DIKBFYAXUHHXCS-UHFFFAOYSA-N,1.18
544,CCCCCl,109-69-3,8005,VFWCMGCRMGJXDK-UHFFFAOYSA-N,1.21
545,CCCCN(CCCC)CCCC,102-82-9,7622,IMFACGCPASFAPR-UHFFFAOYSA-N,1.27
546,Cc1ccc(O)c(C)c1,105-67-9,7771,KUFFULVDNCHOFZ-UHFFFAOYSA-N,1.31
547,c1ccc2sc(SSc3nc4ccccc4s3)nc2c1,120-78-5,8447,AFZSMODLJJCVPP-UHFFFAOYSA-N,1.26
548,ClCC(Br)CBr,1996/12/8,7280,WBEJYOJJBDISQU-UHFFFAOYSA-N,1.13
549,S=C(SSSSC(=S)N1CCCCC1)N1CCCCC1,120-54-7,61049,VNDRMZTXEFFQDR-UHFFFAOYSA-N,1.15
550,CCNc1nc(Cl)nc(NCC)n1,122-34-9,5216,ODCWYMIRDDJXKW-UHFFFAOYSA-N,1.06
551,Oc1ccccc1Cl,95-57-8,7245,ISPYQTSUDJAMAB-UHFFFAOYSA-N,1.18
552,Cc1cccc(O)c1,108-39-4,342,RLSSMJSEOOYNOY-UHFFFAOYSA-N,1.07
553,ClC(Cl)(Cl)Cl,56-23-5,5943,VZGDMQKNWNREIO-UHFFFAOYSA-N,0.99
554,Oc1c(Cl)cc(Cl)c2ccccc12,2050-76-2,16313,HVLJEMXDXOTWLV-UHFFFAOYSA-N,1.12
555,Oc1cccc(Br)c1,591-20-8,11563,MNOJRWOWILAHAV-UHFFFAOYSA-N,1.09
556,CC(C)OP(=O)(OC(C)C)SCc1ccccc1,26087-47-8,33294,FCOAHACKGGIURQ-UHFFFAOYSA-N,1.19
557,O=C(O)c1ccccc1,65-85-0,243,WPYMKLBDIGXBTP-UHFFFAOYSA-N,0.97
558,O=C(O)c1ccc(Cl)cc1,1974/11/3,6318,XRHGYUZYPHTUJZ-UHFFFAOYSA-N,1
559,CCNc1ccccc1,103-69-5,7670,OJGMBLNIHDZDGS-UHFFFAOYSA-N,1.03
560,CC(Oc1ccc(Oc2ncc(C(F)(F)F)cc2Cl)cc1)C(=O)O,69806-34-4,50895,GOCUAJYOYBLQRH-UHFFFAOYSA-N,0.94
561,N#Cc1ccc(O)cc1,767-00-0,13019,CVNOWLNNPYYEOH-UHFFFAOYSA-N,0.91
562,CC1CCC(C(C)C)C(O)C1,89-78-1,1254,NOOLISFMXDJSKH-UHFFFAOYSA-N,1.01
563,FC(F)(Cl)Cl,75-71-8,6391,PXBRQCKWGAHEHS-UHFFFAOYSA-N,0.86
564,CCOP(=S)(OCC)Oc1ccc(=O)n(-c2ccccc2)n1,119-12-0,8381,CXJSOEPQXUCJSA-UHFFFAOYSA-N,0.96
565,CC(C)CCCCCCCOC(=O)c1ccccc1C(=O)OCCCCCCCC(C)C,89-16-7,33599,ZVFDTKUVRCTHQE-UHFFFAOYSA-N,0.97
566,CCNc1nc(Cl)nc(NC(C)(C)C)n1,5915-41-3,22206,FZXISNSWEXTPMF-UHFFFAOYSA-N,0.85
567,N#Cc1cc(Br)c(O)c(Br)c1,1689-84-5,15531,UPMXNNIRAGDFEH-UHFFFAOYSA-N,0.98
568,CNc1ccccc1C,611-21-2,69137,GUAWMXYQZKVRCW-UHFFFAOYSA-N,0.84
569,CCCCOC(=O)c1ccccc1C(=O)OCc1ccccc1,85-68-7,2347,IRIAEXORFWYRCZ-UHFFFAOYSA-N,1.16
570,N=C(Nc1ccccc1)Nc1ccccc1,102-06-7,7594,OWRCNXZUPFZXOS-UHFFFAOYSA-N,1.02
571,Cc1cc(=O)n(-c2cc(Cl)c(S(=O)(=O)O)cc2Cl)[nH]1,108469-42-7,1550950,LUZXGSRCYGQGQF-UHFFFAOYSA-N,0.93
572,CC1(C)CCC(=Cc2ccc(Cl)cc2)C1(O)Cn1cncn1,131983-72-7,86233,PPDBOQMNKNNODG-UHFFFAOYSA-N,0.78
573,Cc1[nH]c(=O)n(C(C)(C)C)c(=O)c1Cl,5902-51-2,22188,NBQCNZYJJMBDKY-UHFFFAOYSA-N,0.78
574,BrC(Br)C(Br)Br,79-27-6,6588,QXSZNDIIPUOQMB-UHFFFAOYSA-N,0.76
575,O=C(Nc1ccccc1)c1cc2ccccc2cc1O,92-77-3,66719,JFGQHAHJWJBOPD-UHFFFAOYSA-N,0.73
576,Brc1c(Br)c(Br)c(-c2c(Br)c(Br)c(Br)c(Br)c2Br)c(Br)c1Br,13654-09-6,26164,AQPHBYQUCKHJLT-UHFFFAOYSA-N,0.67
577,CNc1ccccc1,100-61-8,7515,AFBPFSWMIHJQDM-UHFFFAOYSA-N,0.8
578,S=C(NC1CCCCC1)NC1CCCCC1,1212-29-9,727200,KAJICSGLHKRDLN-UHFFFAOYSA-N,0.67
579,CC(N)c1ccccc1,618-36-0,7408,RQEUFEKYXDPUSK-UHFFFAOYSA-N,0.68
580,CCC(C)c1ccc(OCC(O)CO)cc1,NA,76281699,OGAPARIKMOOALS-UHFFFAOYSA-N,0.69
581,CCCCC(CC)COP(=O)(O)OCC(CC)CCCC,298-07-7,9275,SEGLCEQVOFDUPX-UHFFFAOYSA-N,0.62
582,C=CC(Cl)CCl,760-23-6,12971,XVEASTGLHPVZNA-UHFFFAOYSA-N,0.83
583,O=C1CCCCC1C1=CCCCC1,1502-22-3,101175,GVNVAWHJIKLAGL-UHFFFAOYSA-N,0.69
584,CCCCOCCOP(=O)(OCCOCCCC)OCCOCCCC,78-51-3,6540,WTLBZVNBAKMVDP-UHFFFAOYSA-N,0.64
585,CC(Cl)CCl,78-87-5,6564,KNKRKFALVUDBJE-UHFFFAOYSA-N,0.63
586,CCNc1nc(Cl)nc(NC(C)C)n1,1912-24-9,2256,MXWJVTOOROXGIU-UHFFFAOYSA-N,0.64
587,Oc1ccccc1,108-95-2,996,ISWSIDIOOBJBQZ-UHFFFAOYSA-N,0.9
588,CN(C)C(=S)SSC(=S)N(C)C,137-26-8,5455,KUAZQDVKQLNFPE-UHFFFAOYSA-N,0.54
589,C=CCN(CC=C)CC=C,102-70-5,7617,VPYJNCGUESNPMV-UHFFFAOYSA-N,0.56
590,CCOc1ccc(N)cc1,156-43-4,9076,IMPPGHMHELILKG-UHFFFAOYSA-N,0.62
591,CCCCCCCCCCCCCCc1ccc(S(=O)(=O)O)cc1,47377-16-2,34219,IIMOXQJFSQSOMN-UHFFFAOYSA-N,0.52
592,CCCC(=NOCC)C1C(=O)CC(CC(C)SCC)CC1=O,NA,484898,NMHGOXYVOKDNHF-UHFFFAOYSA-N,0.51
593,Cc1ccc(C)c(N)c1,95-78-3,7259,VOWZNBNDMFLQGM-UHFFFAOYSA-N,0.53
594,COP(=S)(OC)Oc1ccc(S(C)(=O)=O)c(C)c1,3761-42-0,19578,ZDHYERRNXRANLI-UHFFFAOYSA-N,0.69
595,CCOCC,60-29-7,3283,RTZKZFJDLAIYFH-UHFFFAOYSA-N,0.61
596,Cc1cc(Cl)ccc1OC(C)C(=O)O,93-65-2,7153,WNTGYJSOUMFZEP-UHFFFAOYSA-N,0.48
597,Cc1ccccc1CN,89-93-0,6993,CJAAPVQEZPAQNI-UHFFFAOYSA-N,0.57
598,OCc1ccc(Cl)c(Cl)c1,1805-32-9,15728,FVJIUQSKXOYFKG-UHFFFAOYSA-N,0.51
599,CCC(C)c1ccccc1OC(=O)NC,3766-81-2,19588,DIRFUJHNVNOBMY-UHFFFAOYSA-N,0.74
600,O=C1C(=C2Nc3ccccc3C2=O)Nc2ccccc21,482-89-3,10215,COHYTHOBJLSHDF-UHFFFAOYSA-N,0.46
601,CCCCC(CC)COC(=O)CC(C(=O)OCC(CC)CCCC)S(=O)(=O)O,10041-19-7,11339,HNSDLXPSAYFUHK-UHFFFAOYSA-N,0.67
602,CC(O)COCC(C)O,110-98-5,8087,AZUXKVXMJOIAOF-UHFFFAOYSA-N,0.48
603,O=C(ON=C1C=CC(=NOC(=O)c2ccccc2)C=C1)c1ccccc1,120-52-5,67122,WMVSVUVZSYRWIY-UHFFFAOYSA-N,0.43
604,O=C(O)C(Br)C(Br)C(=O)O,526-78-3,95324,FJWGRXKOBIVTFA-UHFFFAOYSA-N,0.55
605,CCNc1ccc(C)cc1,622-57-1,61164,AASABFUMCBTXRL-UHFFFAOYSA-N,0.49
606,N#Cc1cccc(C#N)c1,626-17-5,12276,LAQPNDIUHRHNCV-UHFFFAOYSA-N,0.65
607,OCc1c(Cl)cccc1Cl,15258-73-8,27156,WKKHCCZLKYKUDN-UHFFFAOYSA-N,0.51
608,O=S1(=O)CCCC1,126-33-0,31347,HXJUTPCZVOIRIF-UHFFFAOYSA-N,0.61
609,O=P(OCC(Br)CBr)(OCC(Br)CBr)OCC(Br)CBr,126-72-7,31356,PQYJRMFWJJONBO-UHFFFAOYSA-N,0.69
610,CC(C)(C)O,75-65-0,6386,DKGAVHZHDRPRBM-UHFFFAOYSA-N,0.46
611,O=C(O)c1ccc(C(=O)O)nc1,100-26-5,7493,LVPMIMZXDYBCDF-UHFFFAOYSA-N,0.6
612,CN1CCCCC1,626-67-5,12291,PAMIQIKDUOTOBW-UHFFFAOYSA-N,0.62
613,NS(=O)(=O)c1ccccc1,1998/10/2,7370,KHBQMWCZKVMBLN-UHFFFAOYSA-N,0.51
614,CC(Cc1ccc(C(C)(C)C)cc1)C(=O)O,66735-04-4,106694,DWZYELZGJMFEMJ-UHFFFAOYSA-N,0.75
615,O=C(O)c1cc2ccccc2cc1O,92-70-6,7104,ALKYHXVLJMQRLQ-UHFFFAOYSA-N,0.44
616,CCNc1nc(NCC)nc(SC)n1,1014-70-6,13905,MGLWZSOBALDPEK-UHFFFAOYSA-N,0.31
617,Nc1cccc(Cl)c1,108-42-9,7932,PNPCRKVUWYDDST-UHFFFAOYSA-N,0.34
618,Nc1ccccc1,62-53-3,6115,PAYRUJLWNCNPSJ-UHFFFAOYSA-N,0.29
619,CNC(=O)ON=C(SC)C(=O)N(C)C,23135-22-0,31657,KZAUOCCYDRDERY-UHFFFAOYSA-N,0.3
620,CNC(=O)Oc1cc(C)cc(C)c1,2655-14-3,17563,CVQODEWAPZVVBU-UHFFFAOYSA-N,0.34
621,CC(C)(O)C(Cl)(Cl)Cl,57-15-8,5977,OSASVXMJTNOKOY-UHFFFAOYSA-N,0.28
622,O=NN(O)C1CCCCC1,4883-72-1,136088700,LXCJGJYAOVCKLO-UHFFFAOYSA-N,0.56
623,Nc1cccc2c(N)cccc12,2243-62-1,16720,KQSABULTKYLFEV-UHFFFAOYSA-N,0.37
624,OCC(O)c1ccccc1Cl,59365-60-5,101026,YGOPULMDEZVJGI-UHFFFAOYSA-N,0.39
625,C1CNCCN1,110-85-0,4837,GLUUGHFHXGJENI-UHFFFAOYSA-N,0.41
626,CC(C)CN1CCOCC1,10315-98-7,66306,QKVSMSABRNCNRS-UHFFFAOYSA-N,0.22
627,CCN(CC)CC,121-44-8,8471,ZMANZCXQSJIPKH-UHFFFAOYSA-N,0.43
628,CCc1cnc(C2=NC(=O)C(C)(C(C)C)N2)c(C(=O)O)c1,81335-77-5,54740,XVOKUMIPKHGGTN-UHFFFAOYSA-N,0.2
629,COC(=O)c1ccccc1CS(=O)(=O)NC(=O)Nc1nc(OC)cc(OC)n1,83055-99-6,54960,XMQFTWRPUQYINF-UHFFFAOYSA-N,0.2
630,COc1ncc(F)c2nc(S(=O)(=O)Nc3c(F)cccc3F)nn12,145701-23-1,11700495,QZXATCCPQKOEIH-UHFFFAOYSA-N,0.18
631,Nc1ccc2cc(S(=O)(=O)O)cc(O)c2c1,90-51-7,7022,HBZVNWNSRNTWPS-UHFFFAOYSA-N,0.34
632,O=C1CCCCCCCCCCCN1,947-04-6,13690,JHWNWJKBPDFINM-UHFFFAOYSA-N,0.22
633,COP(=S)(OC)Oc1ccc(S(C)=O)c(C)c1,3761-41-9,19577,DLAPIMGBBDILHJ-UHFFFAOYSA-N,0.21
634,NCCNCCO,111-41-1,8112,LHIJANUOQQMGNT-UHFFFAOYSA-N,0.23
635,COc1nc(C)nc(NC(=O)NS(=O)(=O)c2ccccc2OCCCl)n1,82097-50-5,73282,XOPFESVZMSQIKC-UHFFFAOYSA-N,0.11
636,O=C(O)Cc1cccc2ccccc12,86-87-3,6862,PRPINYUDVPFIRX-UHFFFAOYSA-N,0.26
637,CS(C)=O,67-68-5,679,IAZDPXIOMUYVGZ-UHFFFAOYSA-N,0.31
638,CC(C)(C)C(=O)O,75-98-9,6417,IUGYQRQAERSCNH-UHFFFAOYSA-N,0.29
639,COCN(COC)c1nc(N(COC)COC)nc(N(COC)COC)n1,3089-11-0,62479,BNCADMBVWNPPIZ-UHFFFAOYSA-N,0.3
640,C(=NC1CCCCC1)=NC1CCCCC1,538-75-0,10868,QOSSAOTZNIDXMA-UHFFFAOYSA-N,0.09
641,O=P(O)(O)OCC(Cl)(Cl)Cl,306-52-5,5563,YYQRGCZGSFRBAM-UHFFFAOYSA-N,0.08
642,O=C(O)c1c(Cl)ccc(Cl)c1Cl,50-31-7,5759,XZIDTOHMJBOSOX-UHFFFAOYSA-N,0.38
643,O=C(O)c1nc(Cl)ccc1Cl,1702-17-6,15553,HUBANNPOLNYSAD-UHFFFAOYSA-N,0
644,CNC(=O)Oc1cccc(N=CN(C)C)c1,22259-30-9,31099,RMFNNCGOSPBBAD-UHFFFAOYSA-N,0
645,c1ccc2cc(SSc3ccc4ccccc4c3)ccc2c1,5586-15-2,79697,SUPMWVVVBKKGEL-UHFFFAOYSA-N,0.13
646,Nc1nc(N)nc(NC2CC2)n1,66215-27-8,47866,LVQDKIWDGQRHTE-UHFFFAOYSA-N,0
647,Cc1cc(Cl)ccc1OCC(=O)O,94-74-6,7204,WHKUVVPPKQRRBV-UHFFFAOYSA-N,0.14
648,C1COCCN1,110-91-8,8083,YNAVUWVOSKDBBP-UHFFFAOYSA-N,0.18
649,Nc1nnc[nH]1,61-82-5,1639,KLSJWNVTNUYHDU-UHFFFAOYSA-N,-0.02
650,OCC(CO)(CO)CO,115-77-5,8285,WXZMFSXDPGVJKK-UHFFFAOYSA-N,0
651,O=[PH](O)c1ccccc1,1779-48-2,6327116,MLCHBQKMVKNBOV-UHFFFAOYSA-N,0.34
652,C=CCOP(=O)(OCC=C)OCC=C,1623-19-4,15390,XHGIFBQQEGRTPB-UHFFFAOYSA-N,0.08
653,COC(=O)c1sccc1S(=O)(=O)NC(=O)Nc1nc(C)nc(OC)n1,79277-27-3,73674,AHTPATJNIAFOLR-UHFFFAOYSA-N,-0.1
654,O=C(O)c1c(Cl)ccc2cc(Cl)cnc12,84087-01-4,91739,FFSSWMQPCJRCRV-UHFFFAOYSA-N,-0.1
655,COP(=O)(OC)OC=C(Cl)Cl,62-73-7,3039,OEBRKCOSUFCWJD-UHFFFAOYSA-N,-0.23
656,O=C(O)c1ccc(Cl)c2c(Cl)ccc(C(=O)O)c12,7267-11-0,6612226,JSNPDRKCMZWQJV-UHFFFAOYSA-N,0.3
657,O=C(O)c1c(Cl)cccc1Cl,50-30-6,5758,MRUDNSFOFOQZDA-UHFFFAOYSA-N,0.14
658,CNc1ccc(C(=O)O)cc1,10541-83-0,66345,ZVIDMSBTYRSMAR-UHFFFAOYSA-N,0.34
659,CC(=O)CC(=O)Nc1ccc(-c2ccc(NC(=O)CC(C)=O)c(C)c2)cc1C,91-96-3,66686,CRRLDLPBQWRVGN-UHFFFAOYSA-N,-0.06
660,C1COCCO1,123-91-1,31275,RYHBNJHYFVUHQT-UHFFFAOYSA-N,-0.29
661,S=C1NCCN1,96-45-7,2723650,PDQAZBWRQCGBEV-UHFFFAOYSA-N,-0.16
662,O=C(O)C1(C(=O)Nc2ccc(Cl)cc2Cl)CC1,113136-77-9,11097730,GLWWLNJJJCTFMZ-UHFFFAOYSA-N,-0.4
663,O=C(O)COc1ccc(Cl)cc1Cl,94-75-7,1486,OVSKIKFHRZPJSS-UHFFFAOYSA-N,0.06
664,COCc1cnc(C2=NC(=O)C(C)(C(C)C)N2)c(C(=O)O)c1,114311-32-9,86137,NUPJIGQFXCQJBK-UHFFFAOYSA-N,-1
665,Clc1ccc(Cl)c(-c2c(Cl)c(Cl)c(Cl)c(Cl)c2Cl)c1,52712-05-7,40500,PYZHTHZEHQHHEN-UHFFFAOYSA-N,5.71
666,Clc1ccc(-c2c(Cl)c(Cl)c(Cl)c(Cl)c2Cl)c(Cl)c1Cl,52663-78-2,40485,JAHJITLFJSDRCG-UHFFFAOYSA-N,5.73
667,Clc1cc(Cl)c(Cl)c(-c2c(Cl)c(Cl)c(Cl)c(Cl)c2Cl)c1,68194-17-2,50103,PJHBSPRZHUOIAS-UHFFFAOYSA-N,5.71
668,Clc1ccc(Cl)c(-c2cc(Cl)c(Cl)c(Cl)c2Cl)c1,52712-04-6,40234,UCLKLGIYGBLTSM-UHFFFAOYSA-N,5.56
669,Clc1cc(-c2c(Cl)c(Cl)c(Cl)c(Cl)c2Cl)c(Cl)c(Cl)c1Cl,40186-72-9,38411,JFIMDKGRGPNPRQ-UHFFFAOYSA-N,5.5
670,Clc1ccc(Cl)c(-c2c(Cl)ccc(Cl)c2Cl)c1Cl,38411-22-2,38024,FZFUUSROAHKTTF-UHFFFAOYSA-N,5.21
671,Clc1cc(Cl)c(-c2cccc(Cl)c2Cl)cc1Cl,41464-51-1,38881,JTUSORDQZVOEAZ-UHFFFAOYSA-N,5.19
672,Clc1cc(Cl)c(Cl)c(-c2cc(Cl)c(Cl)cc2Cl)c1,51908-16-8,40172,BQHCQAQLTCQFJZ-UHFFFAOYSA-N,5.31
673,Clc1ccc(Cl)c(-c2cc(Cl)cc(Cl)c2Cl)c1,52663-61-3,40469,CRCBRZBVCDKPGA-UHFFFAOYSA-N,5.27
674,Clc1ccc(Cl)c(-c2c(Cl)c(Cl)cc(Cl)c2Cl)c1,52663-63-5,40471,UHCLFIWDCYOTOL-UHFFFAOYSA-N,5.37
675,Clc1ccc(-c2c(Cl)c(Cl)cc(Cl)c2Cl)c(Cl)c1Cl,52663-70-4,40477,CXOYNJAHPUASHN-UHFFFAOYSA-N,5.26
676,Clc1ccc(-c2c(Cl)ccc(Cl)c2Cl)cc1,52663-58-8,63110,FXRXQYZZALWWGA-UHFFFAOYSA-N,5.19
677,Clc1cccc(-c2c(Cl)ccc(Cl)c2Cl)c1Cl,52663-60-2,40468,QVWUJLANSDKRAH-UHFFFAOYSA-N,5.15
678,Clc1cc(Cl)c(-c2c(Cl)ccc(Cl)c2Cl)cc1Cl,38380-04-0,38016,LKHLFUVHHXCNJH-UHFFFAOYSA-N,5.08
679,Clc1ccc(-c2c(Cl)cccc2Cl)cc1,38444-77-8,38031,IHIDFKLAWYPTKB-UHFFFAOYSA-N,5.08
680,Clc1ccc(-c2c(Cl)ccc(Cl)c2Cl)c(Cl)c1Cl,38380-05-1,38017,OKBJVIVEFXPEOU-UHFFFAOYSA-N,4.88
681,Clc1ccc(-c2cc(Cl)c(Cl)cc2Cl)c(Cl)c1,38380-01-7,38013,LMQJBFRGXHMNOX-UHFFFAOYSA-N,4.86
682,Clc1ccc(Cl)c(-c2c(Cl)ccc(Cl)c2Cl)c1,38379-99-6,38012,GXNNLIMMEXHBKV-UHFFFAOYSA-N,4.78
683,Clc1ccc(Cl)c(-c2cccc(Cl)c2Cl)c1,41464-39-5,38875,ALDJIKXAHSDLLB-UHFFFAOYSA-N,4.65
684,Clc1ccc(-c2cc(Cl)c(Cl)cc2Cl)cc1,32690-93-0,36218,TULCXSBAPHCWCF-UHFFFAOYSA-N,4.6
685,Clc1ccc(-c2ccc(Cl)c(Cl)c2Cl)cc1,33025-41-1,36304,XLDBTRJKXLKYTC-UHFFFAOYSA-N,4.58
686,ClC1(Cl)C2(Cl)C3C4(Cl)C1(Cl)C1(Cl)C4(Cl)C(Cl)(Cl)C3(Cl)C21Cl,39801-14-4,91632,KFDNXHKRTQRVGV-UHFFFAOYSA-N,4.55
687,Clc1ccc(C(c2ccc(Cl)cc2)C(Cl)Cl)cc1,72-54-8,6294,AHJKRLASYNVKDZ-UHFFFAOYSA-N,4.48
688,Clc1ccc(-c2cccc(Cl)c2Cl)cc1,38444-85-8,38035,ZMHWQAHZKUPENF-UHFFFAOYSA-N,4.47
689,Clc1ccc(-c2ccccc2Cl)c(Cl)c1,37680-66-3,37804,YKKYCYQDUUXNLN-UHFFFAOYSA-N,4.37
690,Clc1ccc(-c2c(Cl)ccc(Cl)c2Cl)c(Cl)c1,68194-05-8,50099,CXKIGWXPPVZSQK-UHFFFAOYSA-N,4.18
691,Clc1ccc(-c2ccccc2)c(Cl)c1Cl,55702-46-0,41541,IUYHQGMDSZOPDZ-UHFFFAOYSA-N,4.06
692,O=C1C(Cl)=C(Cl)C(=O)c2ccccc21,117-80-6,8342,SVPKNMBRVBMTLB-UHFFFAOYSA-N,4.04
693,COc1c(Cl)c(Cl)c(Cl)c(Cl)c1Cl,1825-21-4,15767,BBABSCYTNHOKOG-UHFFFAOYSA-N,3.93
694,Clc1cc(Cl)c(-c2ccccc2)c(Cl)c1,35693-92-6,37247,MTLMVEWEYZFYTH-UHFFFAOYSA-N,3.93
695,ClC1=C(Cl)C2(Cl)C3CC(Cl)(Cl)CC3C1(Cl)C2(Cl)Cl,5566-34-7,21732,JBZJEPYXXVKOKF-UHFFFAOYSA-N,4.16
696,Clc1cc(Cl)c(-c2ccccc2Cl)c(Cl)c1,62796-65-0,44163,VLLVVZDKBSYMCG-UHFFFAOYSA-N,3.73
697,ClC(Cl)=C(Cl)c1c(Cl)c(Cl)c(Cl)c(Cl)c1Cl,29082-74-4,34466,RUYUCCQRWINUHE-UHFFFAOYSA-N,3.73
698,Clc1c(Cl)c(Cl)c(Cl)c(Cl)c1Cl,118-74-1,8370,CKAPSXZOOQJIBF-UHFFFAOYSA-N,2.88
699,Clc1ccc(-c2cc(Cl)ccc2Cl)cc1,16606-02-3,27960,VAHKBZSAUKPEOV-UHFFFAOYSA-N,4.01
700,Clc1ccc(-c2c(Cl)cc(Cl)cc2Cl)c(Cl)c1,39485-83-1,38277,RKUAZJIXKHPFRK-UHFFFAOYSA-N,3.61
701,ClC1=C(Cl)C2(Cl)C3C4C=CC(C4)C3C1(Cl)C2(Cl)Cl,309-00-2,2087,QBYJBZPUGVGKQQ-UHFFFAOYSA-N,3.76
702,Clc1ccc(-c2ccccc2Cl)cc1,34883-43-7,36982,UFNIBRDIUNVOMX-UHFFFAOYSA-N,3.69
703,BrC1CCC(Br)C(Br)CCC(Br)C(Br)CCC1Br,3194-55-6,18529,DEIGXXQKDWULML-UHFFFAOYSA-N,3.69
704,Clc1cc(Cl)c(Oc2ccccc2)cc1Cl,52322-80-2,40319,UWKZWXCTDPYXHU-UHFFFAOYSA-N,3.51
705,Cc1c(Cl)c(Cl)c(C)c(Cl)c1Cl,877-10-1,13411,CTSQZGJZQUVGBQ-UHFFFAOYSA-N,3.39
706,Cc1c([N+](=O)[O-])c(C)c([N+](=O)[O-])c(C(C)(C)C)c1[N+](=O)[O-],81-15-2,62329,XMWRWTSZNLOZFN-UHFFFAOYSA-N,3.62
707,CC(C)(C)c1cc(-n2nc3ccccc3n2)c(O)c(C(C)(C)C)c1,3846-71-7,77455,LHPPDQUVECZQSW-UHFFFAOYSA-N,3.64
708,ClC(COCC(Cl)C(Cl)(Cl)Cl)C(Cl)(Cl)Cl,127-90-2,518659,LNJXZKBHJZAIKQ-UHFFFAOYSA-N,3.37
709,COc1cc(Oc2ccc(Cl)cc2Cl)ccc1[N+](=O)[O-],32861-85-1,36250,DXXVCXKMSWHGTF-UHFFFAOYSA-N,3.41
710,FC(F)(F)c1ccc(Cl)cc1Cl,320-60-5,9443,KALSHRGEFLVFHE-UHFFFAOYSA-N,3.39
711,Clc1cc(Cl)c(-c2c(Cl)cc(Cl)cc2Cl)c(Cl)c1,33979-03-2,36647,ICOAEPDGFWLUTI-UHFFFAOYSA-N,3.25
712,CC(C)=CC(C)(C)CC(C)(C)C,7756-94-7,170244,DRHABPMHZRIRAH-UHFFFAOYSA-N,3.38
713,COc1cc(Cl)c(Cl)c(Cl)c1Cl,938-86-3,13649,FUUHMSUPRUNWRQ-UHFFFAOYSA-N,3.47
714,CCCCCCOC(=O)c1ccccc1C(=O)OCCCCCC,84-75-3,6786,KCXZNSGUUQJJTR-UHFFFAOYSA-N,3.24
715,Clc1cc2c(c(Cl)c1Cl)Oc1cc(Cl)c(Cl)c(Cl)c1O2,57653-85-7,42540,YCLUIPQDHHPDJJ-UHFFFAOYSA-N,3.58
716,c1ccc2c(c1)sc1ccccc12,132-65-0,3023,IYYZUPMFVPLQIF-UHFFFAOYSA-N,3.18
717,ClC1(Cl)C2(Cl)C3(Cl)C4(Cl)C(Cl)(Cl)C5(Cl)C3(Cl)C1(Cl)C5(Cl)C24Cl,2385-85-5,16945,GVYLCNUFSHDAAW-UHFFFAOYSA-N,3.79
718,CC(C)c1ccc(C(C)C)cc1,100-18-5,7486,SPPWGCYEYAMHDT-UHFFFAOYSA-N,3.25
719,Cc1ccc2cc3c(ccc4ccccc43)c3c2c1CC3,56-49-5,1674,PPQNQXQZIWHJRB-UHFFFAOYSA-N,3.17
720,O=[N+]([O-])c1c(Cl)c(Cl)cc(Cl)c1Cl,117-18-0,8330,XQTLDIFVVHJORV-UHFFFAOYSA-N,3.15
721,c1ccc(-c2ccc(Oc3ccc(-c4ccccc4)cc3)cc2)cc1,58841-70-6,62141,YFIYNWHZXYZPDZ-UHFFFAOYSA-N,3.14
722,Cc1cc(C(C)(C)C)c(O)c(C(C)(C)C)c1,128-37-0,31404,NLZUEZXRPGMBCV-UHFFFAOYSA-N,3.12
723,Brc1ccccc1Br,583-53-9,11414,WQONPSCCEXUXTQ-UHFFFAOYSA-N,3.1
724,Cc1ccc(OP(=O)(Oc2ccc(C)cc2)Oc2ccc(C)cc2)cc1,78-32-0,6529,BOSMZFBHAYFUBJ-UHFFFAOYSA-N,2.79
725,CCCCCCCCCCCCCCCCO,36653-82-4,2682,BXWNKGSJHAJOGX-UHFFFAOYSA-N,3.04
726,CC(C)(C)c1ccccc1OP(=O)(Oc1ccccc1)Oc1ccccc1,83242-23-3,158333,VDIFKDMFGPIVCQ-UHFFFAOYSA-N,3.03
727,CCCSP(=S)(OCC)Oc1ccc(Cl)cc1Cl,34643-46-4,36870,FITIWKDOCAUBQD-UHFFFAOYSA-N,3.11
728,Cc1c2ccccc2c(C)c2c1ccc1ccccc12,57-97-6,6001,ARSRBNBHOADGJU-UHFFFAOYSA-N,2.91
729,C#CC1(O)CCC2C3CCc4cc(O)ccc4C3CCC21C,NA,3285,BFPYWIDHMRZLRN-UHFFFAOYSA-N,2.7
730,c1ccc(-c2ccccc2)cc1,92-52-4,7095,ZUOUZKKEUPVFJK-UHFFFAOYSA-N,2.73
731,CCCCCCCCCCCCCCCC(=O)O,1957/10/3,985,IPCSVZSSVZVIGE-UHFFFAOYSA-N,2.85
732,COc1cc(Cl)c(Cl)cc1Cl,6130-75-2,22503,SXKBHOQOOGRFJF-UHFFFAOYSA-N,2.8
733,CCc1cccc(CC)c1,141-93-5,8864,AFZZYIJIWUTJFO-UHFFFAOYSA-N,2.79
734,Clc1c(Cl)c(Cl)c2c(c1Cl)Oc1c(Cl)c(Cl)c(Cl)c(Cl)c1O2,3268-87-9,18636,FOIBFBMSLDGNHL-UHFFFAOYSA-N,2.92
735,CCCCCCCc1ccc(O)cc1,1987-50-4,16143,KNDDEFBFJLKPFE-UHFFFAOYSA-N,2.75
736,CCOP(=S)(Oc1ccc([N+](=O)[O-])cc1)c1ccccc1,2104-64-5,16421,AIGRXSNSLVJMEA-UHFFFAOYSA-N,2.62
737,CC1C=CC2CC1C2(C)C,5947-71-7,6431006,XJBOZKOSICCONT-UHFFFAOYSA-N,2.61
738,COc1c(Cl)ccc(Cl)c1Cl,50375-10-5,39656,OTFNCXLUCRUNCH-UHFFFAOYSA-N,2.53
739,Cc1ccccc1OP(=O)(Oc1ccccc1)Oc1ccccc1,5254/12/6,520263,XMNDMAQKWSQVOV-UHFFFAOYSA-N,2.52
740,CC(C)c1cccc2ccccc12,6158-45-8,22535,PMPBFICDXLLSRM-UHFFFAOYSA-N,2.71
741,CCc1c(Br)c(Br)c(Br)c(Br)c1Br,85-22-3,6800,FIAXCDIQXHJNIX-UHFFFAOYSA-N,2.42
742,CC(C)NC(=O)N1CC(=O)N(c2cc(Cl)cc(Cl)c2)C1=O,36734-19-7,37517,ONUFESLQCSAYKA-UHFFFAOYSA-N,2.29
743,CCCCCCCCCCCC(=O)O,143-07-7,3893,POULHZVOKOAJMA-UHFFFAOYSA-N,2.41
744,CC(C)c1ccc2c(c1)CCC1C(C)(C(=O)O)CCCC21C,112989-11-4,15618,NFWKVWVWBFBAOV-UHFFFAOYSA-N,2.13
745,Cc1cccc2ccccc12,90-12-0,7002,QPUYECUOLPXSFR-UHFFFAOYSA-N,2.08
746,Cc1cccc(OP(=O)(Oc2cccc(C)c2)Oc2cccc(C)c2)c1,563-04-2,11232,RMLPZKRPSQVRAB-UHFFFAOYSA-N,2.49
747,Nc1ccc(Cl)c(Cl)c1Cl,634-67-3,12464,RRJUYQOFOMFVQS-UHFFFAOYSA-N,2.07
748,CC1CCCCC1,108-87-2,7962,UAEPNZWRGJTJPN-UHFFFAOYSA-N,2.34
749,Oc1cc(Cl)ccc1Oc1ccc(Cl)cc1Cl,3380-34-5,5564,XEFQLINVKFYRCS-UHFFFAOYSA-N,2.03
750,COc1ccc(Cl)c(Cl)c1Cl,54135-80-7,41017,FRQUNVLMWIYOLV-UHFFFAOYSA-N,2.93
751,O=C1C2CC=CCC2C(=O)N1SC(Cl)(Cl)Cl,133-06-2,8606,LDVVMCZRFWMZSG-UHFFFAOYSA-N,2.07
752,CC(C)c1cc2c(cc1Cl)C1(C)CCCC(C)(C(=O)O)C1CC2,NA,14496970,LRHCLIUTYPHWLV-UHFFFAOYSA-N,2.02
753,O=[N+]([O-])c1ccc(Cl)c(Cl)c1Cl,17700-09-3,28697,BGKIECJVXXHLDP-UHFFFAOYSA-N,2.19
754,CC(C)c1ccc([N+](=O)[O-])cc1,1817-47-6,15749,JXMYUMNAEKRMIP-UHFFFAOYSA-N,2.06
755,COc1cc(Cl)c(Cl)c(Cl)c1O,2668-24-8,17577,NIAJPNQTKGWEOI-UHFFFAOYSA-N,2.06
756,CC(=O)c1c(O)cc(C)oc1=O,771-03-9,54678494,PKLPQOJFHFGVBS-UHFFFAOYSA-N,2.12
757,CC(C)C1=CC2=CCC3C(C)(C(=O)O)CCCC3(C)C2CC1,17817-95-7,90895,RSWGJHLUYNHPMX-UHFFFAOYSA-N,1.97
758,CC(C)(C)C(O)C(Cc1ccc(Cl)cc1)n1cncn1,76738-62-0,616765,RMOGWMIKYWRTKW-UHFFFAOYSA-N,1.73
759,Cc1sc(=O)c(-c2ccccc2)c(O)c1C(=O)O,20076-86-2,88360,YCLWJFPEMYQCON-UHFFFAOYSA-N,1.45
760,CCOP(=S)(OCC)Oc1cc(C)nc(C(C)C)n1,333-41-5,3017,FHIVAFMUCKRCQO-UHFFFAOYSA-N,1.85
761,O=[N+]([O-])c1cc(Cl)c(Cl)cc1Cl,89-69-0,6983,IBRBMZRLVYKVRF-UHFFFAOYSA-N,1.81
762,ClC(Cl)C(Cl)(Cl)Cl,1976/1/7,6419,BNIXVQGCZULYKV-UHFFFAOYSA-N,1.81
763,O=C(Nc1ccc(Cl)c(Cl)c1)Nc1cc(Cl)ccc1Oc1ccc(Cl)cc1S(=O)(=O)O,24019-05-4,62506,MKUMTCOTMQPYTQ-UHFFFAOYSA-N,1.95
764,CCC(C)C1OC2(C=CC1C)CC1CC(CC=C(C)C(OC3CC(OC)C(OC4CC(OC)C(O)C(C)O4)C(C)O3)C(C)C=CC=C3COC4C(O)C(C)=CC(C(=O)O1)C34O)O2,NA,2262,RRZXIRBKKLTSOM-UHFFFAOYSA-N,2.43
765,ClC(Cl)=C(Cl)Cl,127-18-4,31373,CYTYCFOTNPOANT-UHFFFAOYSA-N,1.78
766,Oc1ccc(O)cc1,123-31-9,785,QIGBRXMKCJKVMJ-UHFFFAOYSA-N,1.57
767,CC(C)c1ccc2c(c1Cl)CCC1C(C)(C(=O)O)CCCC21C,NA,14496973,OFNBZEHVLIXXFL-UHFFFAOYSA-N,1.57
768,Oc1ccc(Br)cc1,106-41-2,7808,GZFGOTFRPZRKDS-UHFFFAOYSA-N,1.32
769,CC(C)OC(=O)C(C(=O)OC(C)C)=C1SCCS1,50512-35-1,39681,UFHLMYOGRXOCSL-UHFFFAOYSA-N,1.68
770,CN(C)c1ccc(C(=O)c2ccc(N(C)C)cc2)cc1,90-94-8,7031,VVBLNCFGVYUYGU-UHFFFAOYSA-N,1.51
771,CC(C)(c1cc(Br)c(OCCO)c(Br)c1)c1cc(Br)c(OCCO)c(Br)c1,4162-45-2,20113,RVHUMFJSCJBNGS-UHFFFAOYSA-N,1.92
772,Cc1ccccc1[N+](=O)[O-],88-72-2,6944,PLAZTCDQAHEYBI-UHFFFAOYSA-N,1.33
773,CCOP(=O)(Sc1ccccc1)Sc1ccccc1,17109-49-8,28292,AWZOLILCOUMRDG-UHFFFAOYSA-N,1.63
774,CON(C)C(=O)Nc1ccc(Cl)cc1,1746-81-2,15629,LKJPSUCKSLORMF-UHFFFAOYSA-N,1.24
775,O=S1OCC2C(CO1)C1(Cl)C(Cl)=C(Cl)C2(Cl)C1(Cl)Cl,115-29-7,3224,RDYMFSUJUZBWLH-UHFFFAOYSA-N,2.38
776,CCC(C)c1ccc(O)cc1,99-71-8,7453,ZUTYZAFDFLLILI-UHFFFAOYSA-N,1.4
777,c1ccc(-c2cccc(-c3ccccc3)c2)cc1,1992/6/8,7076,YJTKZCDBKVTVBY-UHFFFAOYSA-N,1.33
778,O=c1ccc2ccccc2o1,91-64-5,323,ZYGHJZDHTFUPRJ-UHFFFAOYSA-N,1.31
779,CC(C)(C)c1cc(Cc2cc(C(C)(C)C)c(O)c(C(C)(C)C)c2)cc(C(C)(C)C)c1O,118-82-1,8372,MDWVSAYEQPLWMX-UHFFFAOYSA-N,1.86
780,CC(=O)OCC(=O)C1(O)CCC2C3CCC4=CC(=O)CCC4(C)C3C(=O)CC21C,NA,2863,ITRJWOMZKQRYTA-UHFFFAOYSA-N,1.3
781,OCc1cccc(Cl)c1,873-63-2,70117,ZSRDNPVYGSFUMD-UHFFFAOYSA-N,1.32
782,COP1(=S)OCc2ccccc2O1,3811-49-2,19657,OUNSASXJZHBGAI-UHFFFAOYSA-N,1.47
783,CCCCCCCCCCCCCCCCCCNC(=O)NCCCCCCCCCCCCCCCCCC,4051-66-5,4192831,AOZVWUCYHOWWPH-UHFFFAOYSA-N,1.48
784,O=C(O)c1ccc(Br)cc1,586-76-5,11464,TUXYZHVUPGXXQG-UHFFFAOYSA-N,1.14
785,C=CC#N,107-13-1,7855,NLHHRLWOUZZQLW-UHFFFAOYSA-N,1.32
786,O=[N+]([O-])c1ccc(O)cc1C(F)(F)F,88-30-2,6931,ZEFMBAFMCSYJOO-UHFFFAOYSA-N,1.1
787,O=[N+]([O-])OCC(CO[N+](=O)[O-])O[N+](=O)[O-],55-63-0,4510,SNIOPGDIGTZGOP-UHFFFAOYSA-N,0.97
788,Cc1ccc(O)cc1[N+](=O)[O-],2042-14-0,16271,BQEXDUKMTVYBRK-UHFFFAOYSA-N,1.08
789,Brc1c(Br)c(Br)c(Oc2c(Br)c(Br)c(Br)c(Br)c2Br)c(Br)c1Br,1163-19-5,14410,WHHGLZMJPXIBIX-UHFFFAOYSA-N,1.49
790,O=[N+]([O-])c1ccccc1,98-95-3,7416,LQNUZADURLCDLV-UHFFFAOYSA-N,0.71
791,O=S(=O)(O)c1cc(Nc2nc(Nc3ccccc3)nc(N(CCO)CCO)n2)ccc1C=Cc1ccc(Nc2nc(Nc3ccccc3)nc(N(CCO)CCO)n2)cc1S(=O)(=O)O,4404-43-7,43031,CNGYZEMWVAWWOB-UHFFFAOYSA-N,0.88
792,CC(C)[N+](=O)[O-],79-46-9,398,FGLBSLMDCBOPQK-UHFFFAOYSA-N,0.83
793,O=[N+]([O-])c1ccc(O)c([N+](=O)[O-])c1,51-28-5,1493,UFBJCMHMOXMLKC-UHFFFAOYSA-N,0.55
794,CCOP(=O)(Oc1ccc([N+](=O)[O-])cc1)c1ccccc1,2012-00-2,107973,PDABPGQGULTJFY-UHFFFAOYSA-N,0.87
795,O=[N+]([O-])N1CN([N+](=O)[O-])CN([N+](=O)[O-])C1,121-82-4,8490,XTFIVUDBNACUBN-UHFFFAOYSA-N,0.39
796,O=[N+]([O-])c1cc([N+](=O)[O-])c(O)c([N+](=O)[O-])c1,88-89-1,6954,OXNIZHLAWKMVMX-UHFFFAOYSA-N,0.33
797,Cc1ccc([N+](=O)[O-])cc1[N+](=O)[O-],121-14-2,8461,RMBFBMJGBANMMK-UHFFFAOYSA-N,0.86
798,COc1nn(CSP(=S)(OC)OC)c(=O)s1,950-37-8,13709,MEBQXILRKZHVCX-UHFFFAOYSA-N,0.76
799,Cc1ccccc1N,95-53-4,7242,RNVCVTLRINQCPJ-UHFFFAOYSA-N,0.49
800,Cc1[nH]n(-c2ccccc2)c(=O)c1N=Nc1ccc(-c2ccc(N=Nc3c(C)[nH]n(-c4ccccc4)c3=O)c(Cl)c2)cc1Cl,3520-72-7,19036,YCBLLWSXYKEKTG-UHFFFAOYSA-N,0.52
801,Cc1ccc2ccccc2n1,91-63-4,7060,SMUQFGGVLNAIOZ-UHFFFAOYSA-N,0.48
802,CCCCCCCCc1ccc(Nc2ccc(CCCCCCCC)cc2)cc1,101-67-7,7569,QAPVYZRWKDXNDK-UHFFFAOYSA-N,0.57
803,COP(=O)(OC)C(O)C(Cl)(Cl)Cl,52-68-6,5853,NFACJZMKEDPNKN-UHFFFAOYSA-N,-0.42
804,CN(C)c1ccc(C(=N)c2ccc(N(C)C)cc2)cc1,492-80-8,10298,JPIYZTWMUGTEHX-UHFFFAOYSA-N,0.79
805,CCC(C)c1cc([N+](=O)[O-])cc([N+](=O)[O-])c1O,88-85-7,6950,OWZPCEFYPSAJFR-UHFFFAOYSA-N,1.3
806,CC(C)c1cc2ccccc2c(S(=O)(=O)O)c1C(C)C,1322-93-6,162217,LWEAHXKXKDCSIE-UHFFFAOYSA-N,0.37
807,CCC(Oc1ccc(C(C)(C)CC)cc1C(C)(C)CC)C(=O)Nc1ccc(NC(=O)C(F)(F)C(F)(F)C(F)(F)F)c(O)c1,346-10-1,3920522,GJVFPXBDZTWODC-UHFFFAOYSA-N,0.39
808,O=Cc1ccc(Cl)cc1,104-88-1,7726,AVPYQKSLYISFPO-UHFFFAOYSA-N,0.41
809,COP(=O)(OC)Oc1ccc([N+](=O)[O-])c(C)c1,2255-17-6,16738,MJNAIAPNXYJWCT-UHFFFAOYSA-N,0.5
810,COP(=S)(OC)SCN1C(=O)c2ccccc2C1=O,732-11-6,12901,LMNZTLDVJIUSHT-UHFFFAOYSA-N,0.35
811,O=C1C(=NNc2cc(Cl)cc(S(=O)(=O)O)c2O)C=Cc2c(O)cccc21,25747-06-2,77168,IBYXVIWFHOXOFB-UHFFFAOYSA-N,0.5
812,O=C(O)CN(CCN(CC(=O)O)CC(=O)O)CC(=O)O,60-00-4,6049,KCXVZYZYPLLWCC-UHFFFAOYSA-N,0.18
813,C=CC(N)=O,1979/6/1,6579,HRPVXLWXLXDGHG-UHFFFAOYSA-N,0.09
814,CCCCCCCCCCCCOS(=O)(=O)O,151-41-7,8778,MOTZDAYCYVMXPC-UHFFFAOYSA-N,0.02
815,O=S(=O)(O)c1ccc2cc(O)c(S(=O)(=O)O)cc2c1,148-75-4,8674,USWINTIHFQKJTR-UHFFFAOYSA-N,0.42
816,CCOC(=O)CC(SP(=O)(OC)OC)C(=O)OCC,1634-78-2,15415,WSORODGWGUUOBO-UHFFFAOYSA-N,0.08
817,CCCCOCCO,111-76-2,8133,POAOYUHQDCAZBD-UHFFFAOYSA-N,-0.22
818,CC(C)OC(=O)C(Cl)(Cl)C(=O)OC(C)C,174300-34-6,7019537,CRIXFUQTKUGSBF-UHFFFAOYSA-N,-0.05
819,CCCCCCO,111-27-3,8103,ZSIAUFGUXNUGDI-UHFFFAOYSA-N,-0.27
820,CCCCc1ccc2ccccc2c1S(=O)(=O)O,344739-13-5,168703,BMRVLXHIZWDOOK-UHFFFAOYSA-N,-0.36
821,CCCCO,71-36-3,263,LRHPLDYGYMQRHN-UHFFFAOYSA-N,-0.4
822,CN(C)C1C(=O)C(C(N)=O)C(=O)C2(O)C(O)=C3C(=O)c4c(O)cccc4C(C)(O)C3C(O)C12,NA,118984634,JRKKETOWZBGAML-UHFFFAOYSA-N,-0.43
823,OCCO,107-21-1,174,LYCAIKOWRPUZTN-UHFFFAOYSA-N,-0.5
824,CC(C)OC(=O)C(C(=O)OC(C)C)=C1SCCS1=O,52303-69-2,93275,ZFQQZUBSEINSSR-UHFFFAOYSA-N,-0.49
825,CCOP(=O)(OCC)Oc1cc(C)nc(C(C)C)n1,962-58-3,13754,VBLJFQYCTRKKKF-UHFFFAOYSA-N,-0.22
826,O=[N+]([O-])c1cccc(Cl)c1Cl,3209-22-1,18555,CMVQZRLQEOAYSW-UHFFFAOYSA-N,1.91
827,CCCCCCCCCCCCCCCCCCS,2885-00-9,17905,QJAOYSPHSNGHNC-UHFFFAOYSA-N,0.17
828,CC(C)OC(=O)C(Cl)C(=O)OC(C)C,195209-93-9,7019536,KQGSTSBVCSPBCN-UHFFFAOYSA-N,-0.41
829,Clc1cc(-c2cc(Cl)c(Cl)c(Cl)c2)cc(Cl)c1Cl,32774-16-6,36231,ZHLICBPIXDOFFG-UHFFFAOYSA-N,5.78
830,Clc1cc(-c2c(Cl)ccc(Cl)c2Cl)c(Cl)c(Cl)c1Cl,38411-25-5,38025,ZDLMBNHYTPHDLF-UHFFFAOYSA-N,5.86
831,Clc1ccc(-c2cc(Cl)c(Cl)c(Cl)c2Cl)c(Cl)c1,35694-06-5,37250,CKLLRBPBZLTGDJ-UHFFFAOYSA-N,5.88
832,Clc1cc(Cl)c(-c2c(Cl)cc(Cl)c(Cl)c2Cl)cc1Cl,52663-69-1,40476,KQBFUDNJKCZEDQ-UHFFFAOYSA-N,5.66
833,Clc1cc(Cl)c(Cl)c(-c2c(Cl)c(Cl)cc(Cl)c2Cl)c1Cl,2136-99-4,16495,JPOPEORRMSDUIP-UHFFFAOYSA-N,5.6
834,Clc1ccc(-c2ccc(Cl)c(Cl)c2Cl)c(Cl)c1Cl,38380-07-3,38018,BTAGRXWGMYTPBY-UHFFFAOYSA-N,5.42
835,Clc1cc(Cl)c(Cl)c(-c2c(Cl)ccc(Cl)c2Cl)c1,52744-13-5,40517,UUTNFLRSJBQQJM-UHFFFAOYSA-N,5.54
836,Clc1cc(-c2cc(Cl)c(Cl)c(Cl)c2Cl)c(Cl)c(Cl)c1Cl,35694-08-7,37251,DTMRKGRREZAYAP-UHFFFAOYSA-N,5.31
837,Clc1cc(Cl)c(-c2ccccc2Cl)cc1Cl,70362-47-9,51041,XBTHILIDLBPRPM-UHFFFAOYSA-N,5
838,Clc1cc(Cl)c(-c2cc(Cl)c(Cl)cc2Cl)cc1Cl,35065-27-1,37034,MVWHGTYKUMDIHL-UHFFFAOYSA-N,5.04
839,Brc1ccc(Br)c(-c2cc(Br)ccc2Br)c1,59080-37-4,591322,XEFMFJLRXHQLEM-UHFFFAOYSA-N,4.56
840,Clc1ccc(Cl)c(-c2ccc(Cl)c(Cl)c2)c1,32598-11-1,36186,KENZYIHFBRWMOD-UHFFFAOYSA-N,4.85
841,Clc1cc(Cl)c2cc(Cl)cc(Cl)c2c1,53555-64-9,91652,OTTCXKPQKOLSJN-UHFFFAOYSA-N,4.53
842,Clc1cc2c(cc1Cl)Oc1c(cc(Cl)c(Cl)c1Cl)O2,40321-76-4,38439,FSPZPQQWDODWAU-UHFFFAOYSA-N,4.34
843,Clc1cc(Cl)c2c(Cl)ccc(Cl)c2c1,31604-28-1,91602,VFTLNRFRXWCJJK-UHFFFAOYSA-N,4.4
844,Clc1cc2c(cc1Cl)Oc1cc(Cl)c(Cl)cc1O2,1746-01-6,15625,HGUFODBRKLSHSI-UHFFFAOYSA-N,4.26
845,Clc1cc2ccccc2cc1Cl,2050-75-1,16312,SKGXUFZRYNGFJS-UHFFFAOYSA-N,4.04
846,Clc1ccc2ccc(Cl)cc2c1,2198-77-8,16619,DWBQZSYTSNYEEJ-UHFFFAOYSA-N,4.04
847,Clc1cc2oc3c(Cl)c(Cl)c(Cl)cc3c2cc1Cl,57117-31-4,42128,OGBQILNBLMPPDP-UHFFFAOYSA-N,4.1
848,Clc1c(Cl)c(Cl)c(-c2c(Cl)c(Cl)c(Cl)c(Cl)c2Cl)c(Cl)c1Cl,2051-24-3,16318,ONXPZLFXDMAPRO-UHFFFAOYSA-N,4.12
849,Clc1ccc(-c2ccc(Cl)cc2Cl)c(Cl)c1,2437-79-8,17097,QORAVNMWUNPXAO-UHFFFAOYSA-N,4.16
850,Brc1cc(Br)c(-c2ccccc2)c(Br)c1,59080-33-0,92358,YCLZBYQDXVJFII-UHFFFAOYSA-N,3.81
851,Clc1cccc(Cl)c1-c1c(Cl)cccc1Cl,15968-05-5,27588,PXAGFNRKXSYIHU-UHFFFAOYSA-N,3.9
852,c1ccc2c(c1)Oc1ccccc1O2,262-12-4,9216,NFBOHOGPQUYFRF-UHFFFAOYSA-N,3.85
853,Brc1cc(Br)c(Br)cc1Br,636-28-2,12486,QCKHVNQHBOGZER-UHFFFAOYSA-N,3.65
854,CCCCCCCCCCCCc1ccc(O)cc1,104-43-8,66030,KJWMCPYEODZESQ-UHFFFAOYSA-N,3.23
855,ClC1=C(Cl)C2(Cl)C3C4CC(C5OC45)C3C1(Cl)C2(Cl)Cl,60-57-1,3048,DFBKLUNHFCTMDC-UHFFFAOYSA-N,3.75
856,Clc1ccc2c(ccc3ccccc32)c1,24423-11-8,32363,HJNAELFLZXCHQK-UHFFFAOYSA-N,3.63
857,Clc1cc2c(oc3c(Cl)c(Cl)c(Cl)c(Cl)c32)c(Cl)c1Cl,67562-39-4,38199,WDMKCPIVJOGHBF-UHFFFAOYSA-N,3.51
858,c1ccc2c(c1)Cc1ccccc1O2,92-83-1,7107,GJCOSYZMQJWQCA-UHFFFAOYSA-N,3.62
859,Clc1ccc(Cl)c2ccccc12,1825-31-6,15769,JDPKCYMVSKDOGS-UHFFFAOYSA-N,3.66
860,Clc1ccc(-c2ccccc2)c(Cl)c1,33284-50-3,36399,WEJZHZJJXPXXMU-UHFFFAOYSA-N,3.55
861,Clc1cc2c(cc1Cl)Oc1c(Cl)c(Cl)c(Cl)c(Cl)c1O2,39227-28-6,38251,WCYYQNSQJHPVMG-UHFFFAOYSA-N,3.75
862,Clc1cc(Cl)c2c(c1)Oc1c(Cl)cc(Cl)cc1O2,33423-92-6,36474,OTQFXRBLGNEOGH-UHFFFAOYSA-N,3.43
863,Clc1ccc(-c2ccc(Cl)cc2)cc1,2050-68-2,16308,YTBRNEUEFCNVHC-UHFFFAOYSA-N,3.22
864,Clc1ccc2c(c1)Oc1c(Cl)c(Cl)c(Cl)c(Cl)c1O2,39227-61-7,38254,WRNGAZFESPEMCN-UHFFFAOYSA-N,3.21
865,CC(C)C(C(=O)OC(C#N)c1cccc(Oc2ccccc2)c1)c1ccc(Cl)cc1,51630-58-1,3347,NYPJDWWKZLNGGM-UHFFFAOYSA-N,2.96
866,Nc1c(Cl)c(Cl)c(Cl)c(Cl)c1Cl,527-20-8,10693,KHCZSJXTDDHLGJ-UHFFFAOYSA-N,2.86
867,Clc1cc2c(c(Cl)c1Cl)Oc1c(Cl)c(Cl)c(Cl)c(Cl)c1O2,35822-46-9,37270,WCLNVRQZUKYVAI-UHFFFAOYSA-N,3.5
868,COc1ccc(C(c2ccc(OC)cc2)C(Cl)(Cl)Cl)cc1,72-43-5,4115,IAKOZHOLGAGEJT-UHFFFAOYSA-N,2.76
869,ClC1=C(Cl)C(Cl)(Cl)C(Cl)=C1Cl,77-47-4,6478,VUNCWTMEJYMOOR-UHFFFAOYSA-N,1.67
870,Nc1c(Cl)c(Cl)cc(Cl)c1Cl,3481-20-7,18998,YTDHEFNWWHSXSU-UHFFFAOYSA-N,2.71
871,Clc1c(Cl)c(Cl)c2c(oc3c(Cl)c(Cl)c(Cl)c(Cl)c32)c1Cl,39001-02-0,38200,RHIROFAGUQOFLU-UHFFFAOYSA-N,2.95
872,COc1c(Cl)cc(Cl)cc1Cl,87-40-1,6884,WCVOGSZTONGSQY-UHFFFAOYSA-N,2.88
873,O=[N+]([O-])c1c(Cl)cc(Cl)cc1Cl,18708-70-8,29228,AEBJDOTVYMITIA-UHFFFAOYSA-N,2.59
874,Clc1ccc2c(c1)Oc1cc(Cl)ccc1O2,38964-22-6,38193,WMWJCKBJUQDYLM-UHFFFAOYSA-N,2.82
875,Oc1c(Br)cc(Br)cc1Br,118-79-6,1483,BSWWXRFVMJHFBN-UHFFFAOYSA-N,2.66
876,COc1c(O)c(Cl)c(Cl)c(Cl)c1Cl,2539-17-5,17343,YZZVKLJKDFFSFL-UHFFFAOYSA-N,2.72
877,Clc1ccc(-c2ccccc2)cc1,2051-62-9,16323,FPWNLURCHDRMHC-UHFFFAOYSA-N,2.27
878,Nc1cc(Cl)c(Cl)c(Cl)c1Cl,634-83-3,12466,GBKZRUCVLTWAML-UHFFFAOYSA-N,2.39
879,CC1(C)C(C=C(Br)Br)C1C(=O)OC(C#N)c1cccc(Oc2ccccc2)c1,52820-00-5,2982,OWZREIFADZCYQD-UHFFFAOYSA-N,2.67
880,c1cc2c3c(cccc3c1)CC2,83-32-9,6734,CWRYPZZKDGJXCA-UHFFFAOYSA-N,2.8
881,c1ccc2occc2c1,271-89-6,9223,IANQTJSKSUMEQM-UHFFFAOYSA-N,2.56
882,CCCCCCCCCc1ccc(O)cc1,104-40-5,1752,IGFHQQFPSIBGKE-UHFFFAOYSA-N,2.51
883,Oc1c(Cl)cc(Cl)cc1Cl,1988/6/2,6914,LINPIYWFGCPVIE-UHFFFAOYSA-N,2.19
884,O=[N+]([O-])c1c(Cl)c(Cl)c(Cl)c(Cl)c1Cl,82-68-8,6720,LKPLKUMXSAEKID-UHFFFAOYSA-N,2.41
885,CCOP(=S)(NC(C)C)Oc1ccccc1C(=O)OC(C)C,25311-71-1,32872,HOQADATXFBOEGG-UHFFFAOYSA-N,2.08
886,O=[N+]([O-])c1ccccc1Cl,88-73-3,6945,BFCFYVKQTRLZHA-UHFFFAOYSA-N,1.67
887,O=[N+]([O-])c1ccc(Cl)c(Cl)c1,99-54-7,7443,NTBYINQTYWZXLH-UHFFFAOYSA-N,1.86
888,CCN(CC)C(=O)SCc1ccc(Cl)cc1,28249-77-6,34192,QHTQREMOGMZHJV-UHFFFAOYSA-N,2.22
889,O=[N+]([O-])c1cc(Cl)c(Cl)c(Cl)c1Cl,879-39-0,13428,MTBYTWZDRVOMBR-UHFFFAOYSA-N,1.82
890,COc1cc(Cl)cc(Cl)c1O,16766-31-7,28051,RHQIMIYFOSAUQT-UHFFFAOYSA-N,1.74
891,O=[N+]([O-])c1ccccc1O,88-75-5,6947,IQUPABOKLQSFBK-UHFFFAOYSA-N,1.3
892,C=Cc1cccc(C)c1,100-80-1,7529,JZHGRUMIRATHIU-UHFFFAOYSA-N,1.55
893,CC(C)c1ccccc1,98-82-8,7406,RWGFKTVRMDUZSP-UHFFFAOYSA-N,1.55
894,Oc1ccc(Cl)cc1Cl,120-83-2,8449,HFZWRUODUSTPEG-UHFFFAOYSA-N,1.78
895,C=Cc1ccc(C)cc1,622-97-9,12161,JLBJTVDPSNHSKJ-UHFFFAOYSA-N,1.5
896,c1ccc(Nc2ccccc2)cc1,122-39-4,11487,DMBHHRLKUKUOEG-UHFFFAOYSA-N,1.98
897,CCOC(C)=O,141-78-6,8857,XEKOWRVHYACXOJ-UHFFFAOYSA-N,1.48
898,Cc1ccc(C)cc1,106-42-3,7809,URLKBWYHVLBVBO-UHFFFAOYSA-N,1.2
899,Cc1cccc(C)c1,108-38-3,7929,IVSZLXZYQVIEFR-UHFFFAOYSA-N,1.2
900,Cc1ccccc1C,95-47-6,7237,CTQNGGLPUBDAKN-UHFFFAOYSA-N,1.18
901,CNC(=O)Oc1cccc2ccccc12,63-25-2,6129,CVXBEEMKQHEXEN-UHFFFAOYSA-N,1.12
902,CCc1ccccc1,100-41-4,7500,YNQLUTRBYVCPMQ-UHFFFAOYSA-N,3.52
903,C=Cc1ccccc1,100-42-5,7501,PPBRXRYQALVLMV-UHFFFAOYSA-N,1.13
904,Cc1ccccc1,108-88-3,1140,YXFVVABEGXRONW-UHFFFAOYSA-N,2.34
905,CCOP(=O)(OCC)SCc1ccccc1,13286-32-3,25834,XFMJUIKWKVJNDY-UHFFFAOYSA-N,1.17
906,CC(C)OC(C)(C)C,17348-59-3,28488,HNFSPSWQNZVCTB-UHFFFAOYSA-N,0.76
907,c1ccccc1,71-43-2,241,UHOVQNZJYSORNB-UHFFFAOYSA-N,1.95
908,Nc1ccc(Cl)cc1,106-47-8,7812,QSNSCYSYFYORTR-UHFFFAOYSA-N,0.6
909,Cc1cc([N+](=O)[O-])cc([N+](=O)[O-])c1O,534-52-1,10800,ZXVONLUNISGICL-UHFFFAOYSA-N,0.25
910,CC(C)(C)OCCO,7580-85-0,24232,BDLXTDLGTWNUFM-UHFFFAOYSA-N,-0.22
911,ClC1C2(Cl)C=CC1(Cl)C(Cl)(Cl)C2(Cl)Cl,28680-45-7,73555685,BJNDSDWXVRYXKM-UHFFFAOYSA-N,3.12
912,Nc1ccc(-c2ccc(N)cc2)cc1,92-87-5,7111,HFACYLZERDEVSX-UHFFFAOYSA-N,1.99
913,CCOC(=O)CC(SP(=S)(OC)OC)C(=O)OCC,121-75-5,4004,JXSJBGJIGXNWCI-UHFFFAOYSA-N,1.16
914,COP(=S)(OC)Oc1c(Cl)cc(C)cc1Cl,57018-04-9,91664,OBZIQQJJIKNWNO-UHFFFAOYSA-N,2.68
915,Cc1c(Cl)c(Cl)c(Cl)c(Cl)c1Cl,877-11-2,13412,AVSIMRGRHWKCAY-UHFFFAOYSA-N,3.83
916,Clc1ccc(-c2cc(Cl)c(Cl)c(Cl)c2)cc1Cl,57465-28-8,63090,REHONNLQRWTIFF-UHFFFAOYSA-N,4.54
917,Clc1ccc(Cl)c(-c2cc(Cl)c(Cl)cc2Cl)c1,37680-73-2,37807,LAHWLEDBADHJGA-UHFFFAOYSA-N,4.74
918,Clc1ccc(C(c2ccc(Cl)cc2)C(Cl)(Cl)Cl)cc1,50-29-3,3036,YVGGHNCTFXOJCH-UHFFFAOYSA-N,4.2
919,Clc1cc2oc3cc(Cl)c(Cl)cc3c2cc1Cl,51207-31-9,39929,KSMVNVHUTQZITP-UHFFFAOYSA-N,3.81
920,ClC(Cl)=C(c1ccc(Cl)cc1)c1ccc(Cl)cc1,72-55-9,3035,UCNVFOCBFJOQAL-UHFFFAOYSA-N,4.01
921,Clc1ccc(Cl)c(-c2cc(Cl)ccc2Cl)c1,35693-99-3,37248,HCWZEPKLWVAEOV-UHFFFAOYSA-N,4.12
922,Clc1ccc(-c2ccc(Cl)cc2Cl)cc1,7012-37-5,23448,BZTYNSQSZHARAZ-UHFFFAOYSA-N,4.36
923,Clc1ccc(-c2cc(Cl)ccc2Cl)c(Cl)c1,41464-40-8,38876,ZWPVHELAQPIZHO-UHFFFAOYSA-N,4.26
924,Clc1ccc(Oc2ccc(Cl)c(Cl)c2)c(Cl)c1,61328-46-9,3017252,CAWSVYYOUZEMHA-UHFFFAOYSA-N,4.24
925,Clc1cc(Cl)c(-c2ccccc2)cc1Cl,15862-07-4,27514,VGVIKVCCUATMNG-UHFFFAOYSA-N,3.96
926,Clc1ccc(Oc2cc(Cl)c(Cl)cc2Cl)c(Cl)c1,60123-64-0,43218,AVURWLKSFZBANQ-UHFFFAOYSA-N,4.21
927,Clc1ccc(Cl)c(-c2ccccc2Cl)c1,37680-65-2,37803,DCMURXAZTZQAFB-UHFFFAOYSA-N,3.98
928,Clc1cccc(-c2cccc(Cl)c2Cl)c1Cl,38444-93-8,38040,VTLYHLREPCPDKX-UHFFFAOYSA-N,3.94
929,Clc1ccc(Oc2ccc(Cl)c(Cl)c2)cc1Cl,56348-72-2,41853,DHLVZXZRIZBPKG-UHFFFAOYSA-N,4.32
930,Clc1ccc(Oc2ccc(Cl)cc2Cl)c(Cl)c1,28076-73-5,34140,ZRWRPGGXCSSBAO-UHFFFAOYSA-N,4.14
931,Clc1ccc(Oc2cc(Cl)c(Cl)cc2Cl)cc1,61328-45-8,43604,KXOJXWNARBQHNX-UHFFFAOYSA-N,4.11
932,Clc1ccc(Oc2cc(Cl)c(Cl)cc2Cl)cc1Cl,60123-65-1,43219,NRAVUGAGYOBXIG-UHFFFAOYSA-N,4.08
933,Clc1ccc(Cl)c(-c2ccc(Cl)c(Cl)c2Cl)c1,38380-02-8,38014,OPKYDBFRKPQCBS-UHFFFAOYSA-N,4.74
934,Clc1ccc(Oc2c(Cl)cc(Cl)cc2Cl)c(Cl)c1,104294-16-8,92428,FONWDRSQXQZNBN-UHFFFAOYSA-N,3.95
935,ClC1=C(Cl)C2(Cl)C3C(Cl)C=CC3C1(Cl)C2(Cl)Cl,76-44-8,3589,FRCCEHPWNOQAEU-UHFFFAOYSA-N,3.84
936,Clc1ccc(Cl)c(-c2ccccc2)c1,34883-39-1,36980,KKQWHYGECTYFIA-UHFFFAOYSA-N,3.96
937,Clc1ccc(Oc2ccc(Cl)cc2Cl)cc1,59039-21-3,42268,PIORTDHJOLELKR-UHFFFAOYSA-N,3.79
938,Cc1c(Br)c(Br)c(Br)c(Br)c1Br,87-83-2,6906,OZHJEQVYCBTHJT-UHFFFAOYSA-N,2.45
939,Clc1cccc(-c2ccccc2)c1Cl,16605-91-7,27959,XOMKZKJEJBZBJJ-UHFFFAOYSA-N,3.87
940,Clc1ccccc1NNc1ccccc1Cl,782-74-1,3032354,IWKMQNKKYZERHI-UHFFFAOYSA-N,3.59
941,CC(C)C1CCCC2CCCCC21,1010-74-8,136806,VIJJVIFWVZYBLO-UHFFFAOYSA-N,3.58
942,Brc1ccc(-c2ccc(Br)cc2)cc1,92-86-4,7110,HQJQYILBCQPYBI-UHFFFAOYSA-N,3.75
943,CC(CC(C)(C)C)CC(C)(C)C,13475-82-6,26058,VKPSKYDESGTTFR-UHFFFAOYSA-N,3.21
944,Clc1ccccc1-c1ccccc1Cl,13029-08-8,25622,JAYCNKDKIKZTAF-UHFFFAOYSA-N,3.57
945,Clc1c(Cl)c(Cl)c2c(c1Cl)Oc1ccccc1O2,30746-58-8,35454,DJHHDLMTUOLVHY-UHFFFAOYSA-N,3.4
946,Clc1cc(Cl)c(Cl)c(Cl)c1Cl,608-93-5,11855,CEOCDNVZRAIOQZ-UHFFFAOYSA-N,3.85
947,Cc1cccc(Cc2ccccc2)c1Cc1ccccc1,53585-53-8,3034397,PKQYSCBUFZOAPE-UHFFFAOYSA-N,3.83
948,Clc1cc(Cl)c(Cl)cc1Cl,95-94-3,7270,JHBKHLUZVFWLAG-UHFFFAOYSA-N,3.66
949,Brc1cc(Br)cc(Br)c1,626-39-1,12279,YWDUZLFWHVQCHY-UHFFFAOYSA-N,3.63
950,Clc1ccc2c(c1)Oc1cc(Cl)c(Cl)c(Cl)c1O2,67028-18-6,48889,SKGXYFVQZVPEFP-UHFFFAOYSA-N,3.31
951,Brc1ccc(Br)c(Br)c1,615-54-3,12002,FWAJPSIPOULHHH-UHFFFAOYSA-N,3.37
952,Clc1c(Cl)c(Cl)c2ccccc2c1Cl,20020-02-4,29910,NAQWICRLNQSPPW-UHFFFAOYSA-N,3.36
953,CCCCCCCCCCCC,112-40-3,8182,SNRUBQQJIBEYMU-UHFFFAOYSA-N,2.76
954,Clc1cc(Cl)cc(-c2ccccc2)c1,34883-41-5,36981,QHZSDTDMQZPUKC-UHFFFAOYSA-N,3.42
955,c1ccc(-c2ccc(-c3ccccc3)cc2)cc1,92-94-4,7115,XJKSTNDFUHDPQJ-UHFFFAOYSA-N,2.26
956,c1ccc2c(c1)ccc1ccccc12,1985/1/8,995,YNPNZTXNASCQKK-UHFFFAOYSA-N,3.25
957,Clc1cc(Cl)c2c(c1Cl)Oc1ccccc1O2,39227-58-2,38253,HRVUKLBFRPWXPJ-UHFFFAOYSA-N,2.82
958,CCCCCc1ccc2c(c1)C(=O)c1ccccc1C2=O,13936-21-5,26343,UMWZLYTVXQBTTE-UHFFFAOYSA-N,2.96
959,Cc1cc(C)c2ccccc2c1,575-41-7,11327,QHJMFSMPSZREIF-UHFFFAOYSA-N,3.26
960,Cc1ccc(O)c(C(C)(C)C)c1,2409-55-4,17004,IKEHOXWJQXIQAG-UHFFFAOYSA-N,2.73
961,Clc1ccc(Cl)c(Cl)c1,120-82-1,13,PBKONEOXTCPAFI-UHFFFAOYSA-N,3.09
962,CCc1ccc2c(c1)C(=O)c1ccccc1C2=O,84-51-5,6772,SJEBAWHUJDUKQK-UHFFFAOYSA-N,2.37
963,C=C(C)CC(C)(C)C,107-39-1,7868,FXNDIJDIPNCZQJ-UHFFFAOYSA-N,2.8
964,c1ccc2c(c1)Cc1ccccc1-2,86-73-7,6853,NIHNNTQXNPWCJQ-UHFFFAOYSA-N,2.77
965,C=COCC(CC)CCCC,103-44-6,61004,DSSAWHFZNWVJEC-UHFFFAOYSA-N,2.87
966,Clc1cccc(Cl)c1Cl,87-61-6,6895,RELMFMZEBKVZJC-UHFFFAOYSA-N,2.91
967,Cc1c2ccccc2cc2ccccc12,779-02-2,13068,CPGPAVAKSZHMBP-UHFFFAOYSA-N,2.88
968,Oc1cc(Cl)c(Cl)cc1Cl,95-95-4,7271,LHJGJYXLEPZJPM-UHFFFAOYSA-N,2.58
969,c1ccc2c(c1)-c1cccc3cccc-2c13,206-44-0,9154,GVEPBJHOBDJJJI-UHFFFAOYSA-N,3.07
970,ClC(c1ccccc1)(c1ccccc1)c1ccccc1,76-83-5,6456,JBWKIWSBJXDJDT-UHFFFAOYSA-N,2.63
971,CC(C)(OOC(C)(C)c1ccccc1)c1ccccc1,80-43-3,6641,XMNIXWIUMCBBBL-UHFFFAOYSA-N,2.7
972,CCOP(=S)(OCC)ON=C(C#N)c1ccccc1,14816-18-3,26927,ATROHALUCMTWTB-UHFFFAOYSA-N,2.84
973,BrCC(CBr)(CBr)CBr,3229-00-3,76701,OYSVBCSOQFXYHK-UHFFFAOYSA-N,2.32
974,C=Cc1ccccc1CC,7564-63-8,24218,VTPNYMSKBPZSTF-UHFFFAOYSA-N,2.65
975,c1cc2ccc3cccc4ccc(c1)c2c34,129-00-0,31423,BBEAQIROQSPTKN-UHFFFAOYSA-N,2.8
976,Cc1cc(C)cc(C)c1,108-67-8,7947,AUHZEENZYGFFBQ-UHFFFAOYSA-N,2.41
977,c1ccc2cc3c(ccc4ccccc43)cc2c1,56-55-3,5954,DXBHBZVCASKNBY-UHFFFAOYSA-N,2.57
978,c1ccc(Oc2ccccc2)cc1,101-84-8,7583,USIUVYZYUHIAEV-UHFFFAOYSA-N,2.55
979,c1ccc2ccccc2c1,91-20-3,931,UFWIBTONFRDIAS-UHFFFAOYSA-N,2.26
980,Cc1ccc2ccccc2c1,91-57-6,7055,QIMMUPPBPVKWKM-UHFFFAOYSA-N,2.8
981,CC(C)(C)c1ccc(O)c(C(C)(C)C)c1,96-76-4,7311,ICKWICRCANNIBI-UHFFFAOYSA-N,2.43
982,CC(C)=CC=C(C)C,764-13-6,12992,DZPCYXCBXGQBRN-UHFFFAOYSA-N,2.43
983,C1=CC2C3C=CC(C3)C2C1,77-73-6,6492,HECLRDQVFMWTQS-UHFFFAOYSA-N,2.28
984,CC(C)CCOCCC(C)C,544-01-4,10989,AQZGPSLYZOOYQP-UHFFFAOYSA-N,2.36
985,Clc1ccccc1Cl,95-50-1,7239,RFFLAFLAYFXFSW-UHFFFAOYSA-N,2.45
986,c1ccc(Nc2ccc3ccccc3c2)cc1,135-88-6,8679,KEQFTVQCIQJIQW-UHFFFAOYSA-N,2.34
987,Clc1ccc2c(c1)Oc1ccc(Cl)cc1O2,33857-26-0,36613,NBFMTHWVRBOVPE-UHFFFAOYSA-N,2.4
988,C=CC1CC=CCC1,100-40-3,7499,BBDKZWKEPDTENS-UHFFFAOYSA-N,2.24
989,C1=Cc2cccc3cccc1c23,208-96-8,9161,HXGDTGSAIMULJN-UHFFFAOYSA-N,2.46
990,O=C1c2ccccc2-c2cccc3cccc1c23,1982/5/3,6697,HUKPVYBUJRAUAG-UHFFFAOYSA-N,2.05
991,c1ccc2c(c1)[nH]c1ccccc12,86-74-8,6854,UJOBWOGCFQCDNV-UHFFFAOYSA-N,2.2
992,CC(CC(C)(C)C)CC(C)(C)CC(C)(C)C,4390/4/9,20414,VCLJODPNBNEBKW-UHFFFAOYSA-N,1.98
993,Cc1cc(Cc2cc(C)cc(C(C)(C)C)c2O)c(O)c(C(C)(C)C)c1,119-47-1,8398,KGRVJHAUYBGFFP-UHFFFAOYSA-N,2.44
994,CCCCCCCCN(CCCCCCCC)CCCCCCCC,1116-76-3,14227,XTAZYLNFDRKIHJ-UHFFFAOYSA-N,1.95
995,CCCCCCCCc1ccc(O)cc1,1806-26-4,15730,NTDQQZYCCIDJRK-UHFFFAOYSA-N,2.2
996,CCN(CC)c1ccccc1,91-66-7,7061,GGSUCNLOZRCGPQ-UHFFFAOYSA-N,2.02
997,Oc1c(Cl)cc(Cl)c(Cl)c1Cl,58-90-2,6028,VGVRPFIJEJYOFN-UHFFFAOYSA-N,2.01
998,FC(Cl)(Cl)C(F)(Cl)Cl,76-12-0,6427,UGCSPKPEHQEOSR-UHFFFAOYSA-N,1.84
999,COP(=S)(OC)Oc1ccc([N+](=O)[O-])c(C)c1,122-14-5,31200,ZNOLGFHPUIJIMJ-UHFFFAOYSA-N,1.82
1000,Cc1ccc(Cl)cc1,106-43-4,7810,NPDACUSDTOMAMK-UHFFFAOYSA-N,1.78
1001,COP(=O)(OC)OC(=CCl)c1cc(Cl)c(Cl)cc1Cl,961-11-5,13745,UBCKGWBNUIFUST-UHFFFAOYSA-N,1.63
1002,Oc1ccc(Cl)cc1,106-48-9,4684,WXNZTHHGJRFXKQ-UHFFFAOYSA-N,1.39
1003,CC(C)c1ccccc1OP(=O)(Oc1ccccc1C(C)C)Oc1ccccc1C(C)C,64532-95-2,33661,LIPMRGQQBZJCTM-UHFFFAOYSA-N,1.82
1004,FC(F)(F)C(F)(F)C(F)(F)C(F)(F)N(C(F)(F)C(F)(F)C(F)(F)C(F)(F)F)C(F)(F)C(F)(F)C(F)(F)C(F)(F)F,311-89-7,9397,RVZRBWKZFJCCIB-UHFFFAOYSA-N,1.08
1005,Nc1ccccc1-c1ccccc1,90-41-5,7015,TWBPWBPGNQWFSJ-UHFFFAOYSA-N,1.47
1006,COc1ccc(C)cc1N,120-71-8,8445,WXWCDTXEKCVRRO-UHFFFAOYSA-N,0.86
1007,Nc1ccccc1Cl,95-51-2,7240,AKCRQHGQIJBRMN-UHFFFAOYSA-N,0.97
1008,Brc1ccccc1,108-86-1,7961,QARVLSVVCXYDNA-UHFFFAOYSA-N,1.4
1009,Nc1ccc(Cl)cc1Cl,554-00-7,11123,KQCMTOWTPBNWDB-UHFFFAOYSA-N,1.42
1010,Oc1ccc(Cc2ccccc2)cc1,101-53-1,7563,HJSPWKGEPDZNLK-UHFFFAOYSA-N,1.42
1011,O=[N+]([O-])c1cc(Cl)cc(Cl)c1O,609-89-2,11871,LYPMXMBQPXPNIQ-UHFFFAOYSA-N,1.34
1012,Nc1cccc2ccccc12,134-32-7,8640,RUFPHBVGCFYCNW-UHFFFAOYSA-N,1.46
1013,CON(C)C(=O)Nc1ccc(Cl)c(Cl)c1,330-55-2,9502,XKJMBINCVNINCA-UHFFFAOYSA-N,1.21
1014,CC(=O)OCCN(CCOC(C)=O)c1ccc(N=Nc2nc3ccc(Cl)cc3s2)c(NC(=O)c2ccccc2)c1,26630-87-5,90470674,UGFKGKQLDQFUEG-UHFFFAOYSA-N,1.57
1015,CCCCCCCCCCCCCCC,629-62-9,12391,YCOZIPAWZNQLMR-UHFFFAOYSA-N,1.4
1016,CCCCC(CC)COC(=O)c1ccccc1C(=O)OCC(CC)CCCC,117-81-7,8343,BJQHLKABXJIVAM-UHFFFAOYSA-N,2.22
1017,CCCCC(CC)COP(=O)(OCC(CC)CCCC)OCC(CC)CCCC,78-42-2,6537,GTVWRXDRKAHEAD-UHFFFAOYSA-N,1.32
1018,Nc1cc(Cl)ccc1Cl,95-82-9,7262,AVYGCQXNNJPXSS-UHFFFAOYSA-N,1.25
1019,Nc1ccccn1,504-29-0,10439,ICSNLGPSRYBMBD-UHFFFAOYSA-N,1.05
1020,Clc1ccccc1,108-90-7,7964,MVPPADPHJFYWMZ-UHFFFAOYSA-N,1.35
1021,CCCCOP(=O)(OCCCC)OCCCC,126-73-8,31357,STCOOQWBFONSKY-UHFFFAOYSA-N,1.3
1022,O=[N+]([O-])c1ccc(Cl)cc1,100-00-5,7474,CZGCEKJOLUNIFY-UHFFFAOYSA-N,1.4
1023,C=CC(=C)C,78-79-5,6557,RRHGJUQNOFWUDK-UHFFFAOYSA-N,1.2
1024,COc1ccc([N+](=O)[O-])cc1,100-17-4,7485,BNUHAJGCKIQFGE-UHFFFAOYSA-N,1.04
1025,O=C1c2ccccc2C(=O)C1c1nc2ccccc2c(Br)c1O,10319-14-9,25152,DVBLPJWQXDCAKU-UHFFFAOYSA-N,1.06
1026,Oc1cccc(Cl)c1,108-43-0,7933,HORNXRXVQWOLPJ-UHFFFAOYSA-N,1.11
1027,CCCCCCCOC(=O)c1ccccc1C(=O)OCCCCCCC,3648-21-3,19284,JQCXWCOOWVGKMT-UHFFFAOYSA-N,1.01
1028,Oc1cc(Cl)ccc1Cl,583-78-8,66,RANCECPPZPIPNO-UHFFFAOYSA-N,1.15
1029,Cc1cc(Cl)ccc1O,1570-64-5,14855,RHPUJHQBPORFGV-UHFFFAOYSA-N,1.25
1030,ClC=C(Cl)Cl,1979/1/6,6575,XSTXAVWGXDQKEL-UHFFFAOYSA-N,1.11
1031,Nc1ccc(Cl)cc1[N+](=O)[O-],89-63-4,6979,PBGKNXWGYQPUJK-UHFFFAOYSA-N,1.05
1032,Cc1cc(Cl)ccc1N,95-69-2,7251,CXNVOWPRHWWCQR-UHFFFAOYSA-N,1.28
1033,Nc1ccc(Cc2ccc(N)cc2)cc1,101-77-9,7577,YBRVSVVVWCFQMG-UHFFFAOYSA-N,1.08
1034,ClCC(Cl)CCl,96-18-4,7285,CFXQEHVMCRXUSD-UHFFFAOYSA-N,1.05
1035,C=C(Cl)Cl,75-35-4,6366,LGXVIGDEPROXKC-UHFFFAOYSA-N,1
1036,Nc1ccc(Cl)c(Cl)c1,95-76-1,7257,SDYWXFYBZPNOFX-UHFFFAOYSA-N,1.12
1037,CN(C)C(=O)Nc1ccc(Cl)c(Cl)c1,330-54-1,3120,XMTQQYYKAHVGBJ-UHFFFAOYSA-N,0.91
1038,ClC(Cl)Cl,67-66-3,6212,HEDRZPFGACZZDS-UHFFFAOYSA-N,0.88
1039,ClC(Cl)C(Cl)Cl,79-34-5,6591,QPFMBZIOSGYJDE-UHFFFAOYSA-N,1.03
1040,Cc1cc(O)ccc1Cl,59-50-7,1732,CFKMVGJGLGKFKI-UHFFFAOYSA-N,0.97
1041,CCc1ccccc1[N+](=O)[O-],612-22-6,69156,PXWYZLWEKCMTEZ-UHFFFAOYSA-N,1.02
1042,COC(=O)c1ccccc1C(=O)c1ccccc1,606-28-0,11816,NQSMEZJWJJVYOI-UHFFFAOYSA-N,1.1
1043,O=C(c1ccccc1)c1ccccc1,119-61-9,3102,RWCCWEUUXYIKHB-UHFFFAOYSA-N,0.98
1044,Cc1cccc([N+](=O)[O-])c1,1999/8/1,7422,QZYHIOPPLUPUJF-UHFFFAOYSA-N,0.99
1045,CN(C)c1ccccc1,121-69-7,949,JLTDJTHDQAWBAV-UHFFFAOYSA-N,0.97
1046,c1ccsc1,110-02-1,8030,YTPLMLYBLZKORZ-UHFFFAOYSA-N,0.8
1047,CC(CCl)OC(C)CCl,108-60-1,7944,QCFYJCYNJLBDRT-UHFFFAOYSA-N,0.94
1048,CC(Cl)(Cl)C(=O)O,75-99-0,6418,NDUPDOJHUQKPAG-UHFFFAOYSA-N,0.76
1049,N#CCCN(CCOC(=O)c1ccccc1)c1ccc(N=Nc2ccc([N+](=O)[O-])cc2)cc1,40690-89-9,162422,SCLYXZFZPIKFAH-UHFFFAOYSA-N,0.9
1050,COc1ccc(N)c([N+](=O)[O-])c1,96-96-8,66793,QFMJFXFXQAFGBO-UHFFFAOYSA-N,0.81
1051,Cc1ccc([N+](=O)[O-])cc1,99-99-0,7473,ZPTVNYMJQHSSEA-UHFFFAOYSA-N,0.89
1052,Cc1cc(O)c(C(C)(C)C)cc1Sc1cc(C(C)(C)C)c(O)cc1C,96-69-5,7308,HXIQYSLFEXIOAV-UHFFFAOYSA-N,0.81
1053,COc1cccc([N+](=O)[O-])c1,555-03-3,11140,WGYFINWERLNPHR-UHFFFAOYSA-N,0.89
1054,c1ccc2scnc2c1,95-16-9,7222,IOJUPLGTWVMSFF-UHFFFAOYSA-N,0.79
1055,Cc1ccc([N+](=O)[O-])cc1O,5428-54-6,93576,UMFDLIXUUJMPSI-UHFFFAOYSA-N,0.94
1056,Cc1cc(C)c(O)c(C)c1,527-60-6,10698,BPRYUXCVCCNUFE-UHFFFAOYSA-N,0.89
1057,CCC(=O)Nc1cc(N(CCOC(C)=O)CCOC(C)=O)ccc1N=Nc1ccc([N+](=O)[O-])cc1Cl,26850-12-4,117878,ZDORFLXCSSFUIE-UHFFFAOYSA-N,0.84
1058,O=C(O)c1ccc2cc(C(=O)O)ccc2c1,1141-38-4,14357,RXOHFPCZGPKIRD-UHFFFAOYSA-N,0.7
1059,Nc1cccc2cccc(N)c12,479-27-6,68067,YFOOEYJGMMJJLS-UHFFFAOYSA-N,0.76
1060,ClCC(Cl)Cl,79-00-5,6574,UBOXGVDOUJQMTN-UHFFFAOYSA-N,0.59
1061,Nc1ccncc1,504-24-5,1727,NUKYPUAOHBNCPY-UHFFFAOYSA-N,0.37
1062,CNc1cccc(C)c1,696-44-6,69675,FBGJJTQNZVNEQU-UHFFFAOYSA-N,0.82
1063,CN(C)Cc1ccccc1,103-83-3,7681,XXBDWLFCJWSEKW-UHFFFAOYSA-N,0.95
1064,CCC(C)=NO,96-29-7,7292,WHIVNJATOVLWBW-UHFFFAOYSA-N,0.53
1065,O=[N+]([O-])c1ccc(O)cc1,100-02-7,980,BTJIUGUIPKRLHP-UHFFFAOYSA-N,0.76
1066,COc1ccccc1[N+](=O)[O-],91-23-6,7048,CFBYEGUGFPZCNF-UHFFFAOYSA-N,0.67
1067,ClC(Cl)(Cl)C(Cl)(Cl)Cl,67-72-1,6214,VHHHONWQHHHLTI-UHFFFAOYSA-N,1.58
1068,C=CCCl,107-05-1,7850,OSDWBNJEKMUWAV-UHFFFAOYSA-N,0.51
1069,Cc1ccc(Cl)c(O)c1,615-74-7,12008,SMFHPCZZAAMJJO-UHFFFAOYSA-N,0.57
1070,Nc1ccccc1[N+](=O)[O-],88-74-4,6946,DPJCXCZTLWNFOH-UHFFFAOYSA-N,0.8
1071,CC(CCl)OP(=O)(OC(C)CCl)OC(C)CCl,13674-84-5,26176,KVMPUXDNESXNOH-UHFFFAOYSA-N,0.65
1072,Nc1ccc([N+](=O)[O-])cc1,100-01-6,7475,TYMLOMAKGOJONV-UHFFFAOYSA-N,0.61
1073,CC(Cl)(Cl)Cl,71-55-6,6278,UOCLXMDMGBRAIB-UHFFFAOYSA-N,0.59
1074,S=c1[nH]c2ccccc2[nH]1,583-39-1,707035,YHMYGUUIMTVXNW-UHFFFAOYSA-N,0.42
1075,Cc1ccc(N)cc1C,95-64-7,7248,DOLQYFPDPKPQSS-UHFFFAOYSA-N,0.71
1076,Nc1cccc(N)c1,108-45-2,7935,WZCQRUWWHSTZEM-UHFFFAOYSA-N,0.75
1077,CNC(=O)Oc1ccccc1C(C)C,2631-40-5,17517,QBSJMKIUCUGGNG-UHFFFAOYSA-N,0.77
1078,BrCCBr,106-93-4,7839,PAAZPARNPHGIKF-UHFFFAOYSA-N,0.77
1079,O=[N+]([O-])c1ccccc1[N+](=O)[O-],528-29-0,10707,IZUKQUVSCNEFMJ-UHFFFAOYSA-N,0.95
1080,Nc1cccc([N+](=O)[O-])c1,1999/9/2,7423,XJCVRTZCHMZPBD-UHFFFAOYSA-N,0.52
1081,OC(C(F)(F)F)C(F)(F)F,920-66-1,13529,BYEAHWXPCBROCE-UHFFFAOYSA-N,0.28
1082,CCCCC(CC)COC(=O)c1ccc(C(=O)OCC(CC)CCCC)c(C(=O)OCC(CC)CCCC)c1,3319-31-1,18725,KRADHMIOFJQKEZ-UHFFFAOYSA-N,0.57
1083,Cc1ccccc1S(N)(=O)=O,88-19-7,6924,YCMLQMDWSXFTIF-UHFFFAOYSA-N,0.28
1084,N#Cc1ccc(C#N)cc1,623-26-7,12172,BHXFKXOIODIUJO-UHFFFAOYSA-N,0.31
1085,CCCCCCCCCCCCCCCCC=CC(CC(=O)O)C(=O)O,NA,257725,GYTGJCPXNGAJFT-UHFFFAOYSA-N,0.13
1086,CC(C)(C)c1ccc(C(=O)O)cc1,98-73-7,7403,KDVYCTOWXSLNNI-UHFFFAOYSA-N,0.45
1087,CC1=CC(=O)CC(C)(C)C1,78-59-1,6544,HJOVHMDZYOCNQW-UHFFFAOYSA-N,0.36
1088,O=P(OC(CCl)CCl)(OC(CCl)CCl)OC(CCl)CCl,13674-87-8,26177,ASLWPAWFJZFCKF-UHFFFAOYSA-N,0.9
1089,O=[N+]([O-])c1ccc2nc[nH]c2c1,94-52-0,7195,XPAZGLFMMUODDK-UHFFFAOYSA-N,0.2
1090,c1ccoc1,110-00-9,8029,YLQBMQCUIZJEEH-UHFFFAOYSA-N,0.54
1091,NCCNCCN,111-40-0,8111,RPNUMPOLZDHAAY-UHFFFAOYSA-N,0.38
1092,N#Cc1ccccc1C#N,91-15-6,7042,XQZYPMVTSDWCCE-UHFFFAOYSA-N,0.41
1093,c1ccc2ncccc2c1,91-22-5,7047,SMWDFEZZVXVKRB-UHFFFAOYSA-N,0.42
1094,OCC(CO)(CBr)CBr,3296-90-0,18692,CHUGKEQJSLOLHL-UHFFFAOYSA-N,0.26
1095,ClCCOCCCl,111-44-4,8115,ZNSMNVMLTJELDZ-UHFFFAOYSA-N,0.62
1096,COC(=O)Nc1nc2ccccc2[nH]1,10605-21-7,25429,TWFZGCMQGLPBSX-UHFFFAOYSA-N,0.32
1097,CN(C)C=O,1968/12/2,6228,ZMXDDKWLCZADIW-UHFFFAOYSA-N,-0.12
1098,O=C(O)C(Cl)(Cl)Cl,1976/3/9,6421,YNJBWRMUSHSURL-UHFFFAOYSA-N,0.23
1099,O=P(OCCCl)(OCCCl)OCCCl,115-96-8,8295,HQUQLFOMPYWACS-UHFFFAOYSA-N,0.11
1100,CCOP(=O)(OCC)OCC,78-40-0,6535,DQWPFSLDHJDLRL-UHFFFAOYSA-N,0.01
1101,CNC(=O)CSP(=S)(OC)OC,60-51-5,3082,MCWXGJITAZMZEV-UHFFFAOYSA-N,0.19
1102,CC(=O)N(C)c1ccccc1,579-10-2,11364,LMTGCJANOQOGPI-UHFFFAOYSA-N,0.16
1103,Cc1cc(=O)nc(C(C)C)[nH]1,2814-20-2,135444498,AJPIUNPJBFBUKK-UHFFFAOYSA-N,-0.01
1104,CC(C)(CO)CO,126-30-7,31344,SLCVBVWXLSEKPL-UHFFFAOYSA-N,0.16
1105,N#CCCNCCC#N,111-94-4,8149,SBAJRGRUGUQKAF-UHFFFAOYSA-N,-0.2
1106,CC1OC(C)OC(C)O1,123-63-7,31264,SQYNKIJPMDEDEG-UHFFFAOYSA-N,0.18
1107,COP(=O)(OC)OC,512-56-1,10541,WVLBCYQITXONBZ-UHFFFAOYSA-N,-0.1
1108,CC(C)C(O)C(C)(C)CO,144-19-4,8946,JCTXKRPTIMZBJT-UHFFFAOYSA-N,-0.33
1109,ClC1=C(Cl)C2(Cl)C=CC1(Cl)C2(Cl)Cl,3389-71-7,18820,IHAXIFZOERJWDF-UHFFFAOYSA-N,3.81
1110,COc1cc(Cl)c(Cl)c(Cl)c1OC,16766-29-3,28049,VKNITLPENCJQOP-UHFFFAOYSA-N,3.5
1111,CCOP(=S)(OCC)Oc1cc(-c2ccccc2)on1,18854-01-8,29307,SDMSCIWHRZJSRN-UHFFFAOYSA-N,2.61
1112,CCCCCCCCn1sccc1=O,26530-20-1,33528,JPMIIZHYYWMHDT-UHFFFAOYSA-N,2.32
1113,CCOP(=S)(OCC)Oc1ccc([N+](=O)[O-])cc1,56-38-2,991,LCCNCVORNKJIRZ-UHFFFAOYSA-N,2.04
1114,CCc1cccc(CC)c1N(COC)C(=O)CCl,15972-60-8,2078,XCSGPAVHZFQHGE-UHFFFAOYSA-N,1.16
1115,Cc1ccccc1O,95-48-7,335,QWVGKYWNOKOFNN-UHFFFAOYSA-N,1.03
1116,Cc1cc(O)ccc1[N+](=O)[O-],2581-34-2,17412,PIIZYNQECPTVEO-UHFFFAOYSA-N,1.15
1117,CC1=CC2CC1C(C(=O)O)C2C(=O)O,NA,13782669,CUELKJPQZSFUHD-UHFFFAOYSA-N,0.85
1118,Cc1ccc([N+](=O)[O-])c([N+](=O)[O-])c1,610-39-9,11883,INYDMNPNDHRJQJ-UHFFFAOYSA-N,0.37
1119,Nc1ccc(C=Cc2ccc(N)cc2S(=O)(=O)O)c(S(=O)(=O)O)c1,1981/11/8,6668,REJHVSOVQBJEBF-UHFFFAOYSA-N,0.4
1120,CC(C)(C)c1cc(C(C)(C)C)cc(C(C)(C)C)c1,1460-02-2,15089,GUFMBISUSZUUCB-UHFFFAOYSA-N,4.17
1121,ClC1=C(Cl)C2(Cl)C3C(Cl)C(Cl)CC3C1(Cl)C2(Cl)Cl,57-74-9,5993,BIWJNBZANLAXMG-UHFFFAOYSA-N,4.32
1122,CC1CC(C)(C)CC(OOC(C)(C)C)(OOC(C)(C)C)C1,6731-36-8,93038,NALFRYPTRXKZPN-UHFFFAOYSA-N,3.97
1123,CC(C)c1cc(C(C)C)c2cccc(C(C)C)c2c1,35860-37-8,118881,PTNBGJZNHOSDLZ-UHFFFAOYSA-N,3.73
1124,OC(c1ccc(Cl)cc1)(c1ccc(Cl)cc1)C(Cl)(Cl)Cl,115-32-2,8268,UOAMTSKGCBMZTC-UHFFFAOYSA-N,3.79
1125,C1CCCCCCCCCCC1,294-62-2,9268,DDTBPAQBQHZRDW-UHFFFAOYSA-N,3.98
1126,CCc1ccc(-c2ccc(CC)cc2)cc1,13049-40-6,42292,UMSGIWAAMHRVQI-UHFFFAOYSA-N,3.63
1127,ClC(Cl)=C(Cl)C(Cl)=C(Cl)Cl,87-68-3,6901,RWNKSTSCBHKHTB-UHFFFAOYSA-N,3.83
1128,CC(C)(C)c1cc(-c2ccccc2)cc(C(C)(C)C)c1O,2668-47-5,17578,JIEWQZNTUPWNMX-UHFFFAOYSA-N,3.84
1129,O=[N+]([O-])c1ccc(Oc2c(Cl)cc(Cl)cc2Cl)cc1,1836-77-7,15788,XQNAUQUKWRBODG-UHFFFAOYSA-N,3.28
1130,CCOP(=S)(OCC)Oc1nc(Cl)c(Cl)cc1Cl,2921-88-2,2730,SBPBAQFWLVIOKP-UHFFFAOYSA-N,3.1
1131,c1ccc2cc3ccccc3cc2c1,120-12-7,8418,MWPLVEDNUUSJAV-UHFFFAOYSA-N,3.23
1132,C1CCC2CCCCC2C1,91-17-8,7044,NNBZCPXTIHJBJL-UHFFFAOYSA-N,2.26
1133,CC(C)c1ccc2ccccc2c1C(C)C,94133-79-6,3023651,IAUKWGFWINVWKS-UHFFFAOYSA-N,3.28
1134,Clc1ccc(Cl)c(Cl)c1Cl,634-66-2,12463,GBDZXPJXOMHESU-UHFFFAOYSA-N,3.57
1135,Oc1c(C2CCCCC2)cccc1C1CCCCC1,4821-19-6,78540,AUEZNTKYSSUTGZ-UHFFFAOYSA-N,3.11
1136,CC(C)(C)c1cc(-n2nc3ccc(Cl)cc3n2)c(O)c(C(C)(C)C)c1,3864-99-1,77470,UWSMKYBKUPAEJQ-UHFFFAOYSA-N,3.36
1137,C=Cc1ccccc1C=C,91-14-5,66666,MYRTYDVEIRVNKP-UHFFFAOYSA-N,2.51
1138,Oc1c(Cl)c(Cl)c(Cl)c(Cl)c1Cl,87-86-5,992,IZUPBVBPLAPZRR-UHFFFAOYSA-N,2.45
1139,CCCCCCCCCCCCCCCCCCCCCCCCCCCC(=O)OCCO,26787-65-5,3018404,MORHMXPGPOPWQT-UHFFFAOYSA-N,1.41
1140,O=S(=O)(O)c1c(Cc2ccc3ccccc3c2S(=O)(=O)O)ccc2ccccc12,NA,173053,LVAOBEYIJJPYNL-UHFFFAOYSA-N,0.18
1141,O=C(O)C(F)(F)C(F)(F)C(F)(F)C(F)(F)C(F)(F)C(F)(F)C(F)(F)C(F)(F)C(F)(F)C(F)(F)C(F)(F)F,307-55-1,67545,CXGONMQFMIYUJR-UHFFFAOYSA-N,3.77
1142,CCOP(=S)(Oc1ccc(Cl)cc1Cl)c1ccccc1,3792-59-4,77416,PNAAEIYEUKNTMO-UHFFFAOYSA-N,4.26
1143,C1=CC(c2ccc(C3CC=CCC3)cc2)CCC1,61788-32-7,22833340,TVBYFUMVFJKKNJ-UHFFFAOYSA-N,4.26
1144,CCC(C)c1cc(C(C)(C)C)cc(-n2nc3ccccc3n2)c1O,36437-37-3,118327,RTNVDKBRTXEWQE-UHFFFAOYSA-N,4.03
1145,FC(F)(F)C1(F)C(F)(F)C(F)(F)C(F)(F)C(F)(F)C1(F)C(F)(F)F,306-98-9,101640,GHBZJUJZNRLHBI-UHFFFAOYSA-N,3.93
1146,CC(C)C1CCC2CCCCC2C1,861642-00-4,23559498,RIVBBHMGRSGNTJ-UHFFFAOYSA-N,3.97
1147,CC(C)Nc1ccc(NC(C)C)c2c1C(=O)c1ccccc1C2=O,14233-37-5,61719,BLFZMXOCPASACY-UHFFFAOYSA-N,3.83
1148,BrC1CCC(Br)C(Br)CCC1Br,3194-57-8,296646,RZLXIANUDLLFHN-UHFFFAOYSA-N,3.71
1149,O=[N+]([O-])c1ccc(Oc2ccc(Cl)cc2Cl)cc1,1836-75-5,15787,XITQUSLLOSKDTB-UHFFFAOYSA-N,3.6
1150,CC(C)(C)OOC(C)(C)CCC(C)(C)OOC(C)(C)C,78-63-7,6545,DMWVYCCGCQPJEA-UHFFFAOYSA-N,3.53
1151,CC(C)(C)c1cc(N=Nc2ccccc2[N+](=O)[O-])c(O)c(C(C)(C)C)c1,52184-14-2,104110,BBUYLEHVHUQHME-UHFFFAOYSA-N,3.72
1152,C=CCC=CCC=CCC=CC,NA,74000378,RCRMTWBZRLYXQC-UHFFFAOYSA-N,3.43
1153,CCC1CCCCC1,1678-91-7,15504,IIEWJVIFRVWJOD-UHFFFAOYSA-N,3.52
1154,O=C(O)C(F)(F)C(F)(F)C(F)(F)C(F)(F)C(F)(F)C(F)(F)C(F)(F)C(F)(F)C(F)(F)C(F)(F)F,2058-94-8,77222,SIDINRCMMRKXGQ-UHFFFAOYSA-N,3.39
1155,C=C(CC(C)(C)c1ccccc1)c1ccccc1,6362-80-7,80715,ZOKCNEIWFQCSCM-UHFFFAOYSA-N,3.52
1156,Cc1cc2c(cc1Nc1ccccc1)C1(OC(=O)c3ccccc31)c1ccc(N(C)C3CCCCC3)cc1O2,116572-53-3,108327,CEGHCPGGKKWOKF-UHFFFAOYSA-N,3.45
1157,C1C2CC3CC1CC(C2)C3,281-23-2,9238,ORILYTVJVMAKLC-UHFFFAOYSA-N,3.37
1158,Cc1cccc(C(C)c2ccccc2)c1C,40766-31-2,3033855,GNPWYHFXSMINJQ-UHFFFAOYSA-N,3.39
1159,CCCC(C)CC(C)C,2213-23-2,16656,AUKVIBNBLXQNIZ-UHFFFAOYSA-N,3.35
1160,OCC(F)(F)C(F)(F)C(F)(F)C(F)(F)C(F)(F)C(F)(F)C(F)(F)C(F)(F)C(F)(F)C(F)F,307-70-0,67548,GJYLSFCFHFUODO-UHFFFAOYSA-N,3.33
1161,CCC(C)(C)c1ccccc1,2049-95-8,16295,QHTJSSMHBLGUHV-UHFFFAOYSA-N,3.23
1162,Cc1cccc(Oc2ccccc2)c1,3586-14-9,19165,UDONPJKEOAWFGI-UHFFFAOYSA-N,3.21
1163,CCc1ccc(-c2ccccc2)cc1,5707-44-8,79786,SRQOBNUBCLPPPH-UHFFFAOYSA-N,2.97
1164,CCC(C)(C)c1cc(-n2nc3ccccc3n2)c(O)c(C(C)(C)CC)c1,25973-55-1,33263,ZMWRRFHBXARRRT-UHFFFAOYSA-N,3.15
1165,c1ccc2cc(Nc3ccc(Nc4ccc5ccccc5c4)cc3)ccc2c1,93-46-9,7142,VETPHHXZEJAYOB-UHFFFAOYSA-N,3.22
1166,CN(C)c1ccc(C2(c3ccc(N(C)C)cc3)OC(=O)c3cc(N(C)C)ccc32)cc1,1552-42-7,73773,IPAJDLMMTVZVPP-UHFFFAOYSA-N,3.11
1167,CC1=CC(C)(C)Nc2ccccc21,147-47-7,8981,ZNRLMGFXSPUZNR-UHFFFAOYSA-N,3.03
1168,FC(F)(F)C(F)(F)C(F)(F)C(F)(F)C(F)(F)C(F)(F)C(F)(F)F,335-57-9,9553,LGUZHRODIJCVOC-UHFFFAOYSA-N,3.21
1169,FC(F)(F)C(F)(F)C(F)(F)C(F)(F)C(F)(F)C(F)(F)C(F)(F)C(F)(F)F,307-34-6,9387,YVBBRRALBYAZBM-UHFFFAOYSA-N,3.28
1170,OCCC(F)(F)C(F)(F)C(F)(F)C(F)(F)C(F)(F)C(F)(F)C(F)(F)C(F)(F)F,678-39-7,69619,JJUBFBTUBACDHW-UHFFFAOYSA-N,2.95
1171,FC(F)(F)C(F)(F)C(F)(F)C(F)(F)C1(F)OC(F)(F)C(F)(F)C1(F)F,335-36-4,78976,FYJQJMIEZVMYSD-UHFFFAOYSA-N,3.15
1172,CCCN(CCC)c1c([N+](=O)[O-])cc(C(F)(F)F)cc1[N+](=O)[O-],1582-09-8,5569,ZSDSQXJSNMTJDA-UHFFFAOYSA-N,3.26
1173,CCCCOc1ccccc1OCCCC,20367-35-5,573698,GHKFGRVGAQYZNT-UHFFFAOYSA-N,2.97
1174,Cc1ccc(C)c(C(C)c2ccccc2)c1,6165-51-1,110796,FRAOOIFTSMORED-UHFFFAOYSA-N,2.87
1175,CC1C2CC(CC2C2CCCC(O)C2)C1(C)C,3407-42-9,103005,BWVZAZPLUTUBKD-UHFFFAOYSA-N,2.89
1176,CCCCCCCCCCCCCCCCCCNC(=O)C(O)C(O)C(O)C(O)CO,NA,78169996,NXLFPCFLIXFFRH-UHFFFAOYSA-N,2.95
1177,Cc1ccc(Cl)cc1Cl,95-73-8,7254,FUNUTBJJKQIVSY-UHFFFAOYSA-N,2.91
1178,CC(=O)C1=C(C)C2CC3(C1)C(C)CCC3C2(C)C,68039-35-0,107065,YBUIAJZFOGJGLJ-UHFFFAOYSA-N,2.89
1179,CCCCCCCCCCCCCCCC[N+](C)(C)C,6899/10/1,2681,RLGQACBPNDBWTB-UHFFFAOYSA-N,2.87
1180,ClCCCCCCCCCl,2162-99-4,75102,WXYMNDFVLNUAIA-UHFFFAOYSA-N,2.8
1181,CCCCCCCCCCCCc1cccc(O)c1,29665-57-4,14951660,PPUYTKKLEAZCCW-UHFFFAOYSA-N,2.81
1182,CC(C)CC(C)(C)C,540-84-1,10907,NHTMVDHEPJAVLT-UHFFFAOYSA-N,2.76
1183,Cc1c(Cl)cccc1Cl,118-69-4,8368,DMEDNTFWIHCBRK-UHFFFAOYSA-N,2.79
1184,Cc1ccc(O)c(-n2nc3ccccc3n2)c1,2440-22-4,17113,MCPKSFINULVDNX-UHFFFAOYSA-N,2.52
1185,Cc1cc(C)cc(OP(=O)(Oc2cc(C)cc(C)c2)Oc2cc(C)cc(C)c2)c1,25653-16-1,33133,LLPMAOBOEQFPRE-UHFFFAOYSA-N,2.66
1186,CN(C)c1ccc(Cc2ccc(N(C)C)cc2)cc1,101-61-1,7567,JNRLEMMIVRBKJE-UHFFFAOYSA-N,2.7
1187,CCC(C)(C)c1ccc(O)c(C(C)(C)CC)c1,120-95-6,8455,WMVJWKURWRGJCI-UHFFFAOYSA-N,2.64
1188,Clc1cccc2ccccc12,90-13-1,7003,JTPNRXUCIXHOKM-UHFFFAOYSA-N,2.64
1189,CC(C)(C)c1ccc2c(c1)C(=O)c1ccccc1C2=O,84-47-9,66532,YTPSFXZMJKMUJE-UHFFFAOYSA-N,2.53
1190,FC(F)(F)c1cccc(C(F)(F)F)c1,402-31-3,223106,SJBBXFLOLUTGCW-UHFFFAOYSA-N,2.55
1191,c1ccc(-c2cc3ccccc3[nH]2)cc1,948-65-2,13698,KLLLJCACIRKBDT-UHFFFAOYSA-N,2.55
1192,CC(c1ccccc1)c1ccc(O)c(C(C)c2ccccc2)c1C(C)c1ccccc1,25640-71-5,3015242,SFJOBYZKUSLNIG-UHFFFAOYSA-N,2.37
1193,c1ccc2sc(SN(C3CCCCC3)C3CCCCC3)nc2c1,4979-32-2,21080,CMAUJSNXENPPOF-UHFFFAOYSA-N,2.71
1194,CCCCCOP(=O)(OCCCCC)OCCCCC,2528-38-3,75665,QJAVUVZBMMXBRO-UHFFFAOYSA-N,2.48
1195,C1=CCC2CC=CC2C1,3048-65-5,62475,UFERIGCCDYCZLN-UHFFFAOYSA-N,2.46
1196,Cc1cc(C)c(O)c(C(C)(C)C)c1,1879-09-0,15884,OPLCSTZDXXUYDU-UHFFFAOYSA-N,2.41
1197,CC(C)(C)CC(C)(C)c1cc(O)c(C(C)(C)CC(C)(C)C)cc1O,903-19-5,70180,CLDZVCMRASJQFO-UHFFFAOYSA-N,2.42
1198,Cc1ccc(N=C=O)cc1N=C=O,584-84-9,11443,DVKJHBMWWAPEIU-UHFFFAOYSA-N,2.36
1199,Oc1cc(Cl)c(Br)cc1Cl,1940-42-7,16022,HWWKEEKUMAZJLL-UHFFFAOYSA-N,2.28
1200,CCCCCCCCCCCC(=O)Oc1c(Cl)c(Cl)c(Cl)c(Cl)c1Cl,3772-94-9,62524,MKNJWAXSYGAMGJ-UHFFFAOYSA-N,2.3
1201,CCCCCCCCCc1cccc(O)c1CCCCCCCCC,1323-65-5,172321,JKTAIYGNOFSMCE-UHFFFAOYSA-N,2.28
1202,CC(C)(c1ccccc1)c1ccc(O)cc1,599-64-4,11742,QBDSZLJBMIMQRS-UHFFFAOYSA-N,2.27
1203,C#CCOCOc1ccc(Cl)cc1,NA,85678140,QPCMRKHRNCYENK-UHFFFAOYSA-N,2.27
1204,CCCCCCCCCC[N+](C)(C)CCCCCCCCCC,20256-56-8,16958,JGFDZZLUDWMUQH-UHFFFAOYSA-N,2.26
1205,C=CCC1=C(C)C(OC(=O)C2C(C=C(C)C)C2(C)C)CC1=O,584-79-2,11442,ZCVAOQKBXKSDMS-UHFFFAOYSA-N,2.23
1206,C=C(Br)c1ccccc1,98-81-7,66828,SRXJYTZCORKVNA-UHFFFAOYSA-N,2.2
1207,O=C=Nc1ccc(Cc2ccc(N=C=O)cc2)cc1,101-68-8,7570,UPMLOUAZCHDJJD-UHFFFAOYSA-N,2.27
1208,BrC=Cc1ccccc1,103-64-0,7667,YMOONIIMQBGTDU-UHFFFAOYSA-N,2.21
1209,Cc1cccc(C(C)(C)C)c1O,2219-82-1,16678,BKZXZGWHTRCFPX-UHFFFAOYSA-N,2.01
1210,O=C(Nc1ccc(Cl)cc1)Nc1ccc(Cl)c(Cl)c1,101-20-2,7547,ICUTUKXCWQYESQ-UHFFFAOYSA-N,1.98
1211,Cc1ccc(C(C)(C)C)c(O)c1,88-60-8,6937,XOUQAVYLRNOXDO-UHFFFAOYSA-N,1.97
1212,CC(C)(C)c1ccccc1O,88-18-6,6923,WJQOZHYUIDYNHM-UHFFFAOYSA-N,1.93
1213,CCCCCCCCCCCCSCCC(=O)OCC(COC(=O)CCSCCCCCCCCCCCC)(COC(=O)CCSCCCCCCCCCCCC)COC(=O)CCSCCCCCCCCCCCC,29598-76-3,122423,VSVVZZQIUJXYQA-UHFFFAOYSA-N,1.83
1214,CCOc1ccc2c(c1)C(C)=CC(C)(C)N2,91-53-2,3293,DECIPOUIJURFOJ-UHFFFAOYSA-N,1.87
1215,ClCCc1ccccc1,622-24-2,231496,MNNZINNZIQVULG-UHFFFAOYSA-N,1.87
1216,Clc1ccc(Cl)cc1,106-46-7,4685,OCJBOOLMMGQPQU-UHFFFAOYSA-N,2.53
1217,CCCCCCCCCCCCCOC(=O)c1ccccc1C(=O)OCCCCCCCCCCCCC,119-06-2,8379,YCZJVRCZIPDYHH-UHFFFAOYSA-N,1.5
1218,COc1ccc(Nc2ccc(OC)cc2)cc1,101-70-2,7571,VCOONNWIINSFBA-UHFFFAOYSA-N,1.85
1219,O=[N+]([O-])c1ccc(Cl)cc1Cl,611-06-3,11899,QUIMTLZDMCNYGY-UHFFFAOYSA-N,1.86
1220,COC(=O)c1ccc2cc(C(=O)OC)ccc2c1,840-65-3,61225,GYUVMLBYMPKZAZ-UHFFFAOYSA-N,1.73
1221,CC1CC(CC2CCC(N)C(C)C2)CCC1N,6864-37-5,91555,IGSBHTZEJMPDSZ-UHFFFAOYSA-N,1.61
1222,CC(C)(c1ccccc1)c1ccc(Nc2ccc(C(C)(C)c3ccccc3)cc2)cc1,10081-67-1,82343,UJAWGGOCYUPCPS-UHFFFAOYSA-N,1.81
1223,O=[N+]([O-])c1cc(Cl)ccc1Cl,89-61-2,6977,RZKKOBGFCAHLCZ-UHFFFAOYSA-N,1.79
1224,FC(F)(Br)C(F)(F)Br,124-73-2,31301,KVBKAPANDHPRDG-UHFFFAOYSA-N,1.64
1225,c1ccc(CCCc2ccncc2)cc1,2057-49-0,74937,AQIIVEISJBBUCR-UHFFFAOYSA-N,1.74
1226,Cc1ccc([N+](=O)[O-])cc1Cl,121-86-8,8491,LLYXJBROWQDVMI-UHFFFAOYSA-N,1.69
1227,ClCc1ccc(-c2ccc(CCl)cc2)cc1,1667-10-3,74275,INZDTEICWPZYJM-UHFFFAOYSA-N,1.52
1228,CC(CCC(COS(=O)(=O)O)C(C)CC(C)(C)C)CC(C)(C)C,NA,20659553,IHIUHVGBAJIGNG-UHFFFAOYSA-N,1.91
1229,Nc1ccc(N=Nc2ccccc2)cc1,1960/9/3,6051,QPQKUYVSJWQSDY-UHFFFAOYSA-N,1.63
1230,Nc1ccc(N)cc1,106-50-3,7814,CBCKQZAAMUWICA-UHFFFAOYSA-N,1.71
1231,CC(C)(c1ccc(OCCO)cc1)c1ccc(OCCO)cc1,901-44-0,61909,UUAGPGQUHZVJBQ-UHFFFAOYSA-N,1.46
1232,Oc1ccc(Br)cc1Br,615-58-7,12005,FAXWFCTVSHEODL-UHFFFAOYSA-N,1.55
1233,Nc1ccc(O)cc1,123-30-8,403,PLIKAWJENQZMHA-UHFFFAOYSA-N,1.59
1234,Oc1ccc(C2(c3ccc(O)cc3)CCCCC2)cc1,843-55-0,232446,SDDLEVPIDBLVHC-UHFFFAOYSA-N,1.75
1235,C1=CCCCC1,110-83-8,8079,HGCIXCUEYOPUTN-UHFFFAOYSA-N,1.6
1236,CCSSCC,110-81-6,8077,CETBSQOFQKLHHZ-UHFFFAOYSA-N,1.61
1237,CCCCCCCCCCCCCCCCCCNC(=O)N1CC1,3891-29-0,77500,MEMUMYCLWQPAEX-UHFFFAOYSA-N,1.53
1238,FC(F)(Cl)C(F)(F)Cl,76-14-2,6429,DDMOUSALMHHKOS-UHFFFAOYSA-N,1.53
1239,Oc1ccc(-c2ccc(O)cc2)cc1,92-88-6,7112,VCCBEIPGXKNHFW-UHFFFAOYSA-N,1.53
1240,CC(C)c1cccc(C(C)C)c1O,2078-54-8,4943,OLBCVFGFOZPWHH-UHFFFAOYSA-N,1.49
1241,Cc1cc(-c2cc(C)c(OCC3CO3)c(C)c2)cc(C)c1OCC1CO1,85954-11-6,10970275,HRSLYNJTMYIRHM-UHFFFAOYSA-N,1.26
1242,FC(Cl)(Cl)Cl,75-69-4,6389,CYRMSUTZVYGINF-UHFFFAOYSA-N,1.37
1243,c1ccc(SSc2ccccc2)cc1,882-33-7,13436,GUUVPOWQJOLRAS-UHFFFAOYSA-N,1.24
1244,O=C(O)CN(CC(=O)O)CC(=O)O,139-13-9,8758,MGFYIUFZLHCRTH-UHFFFAOYSA-N,1.57
1245,CC(C)(C)c1cc(C(=O)O)c(O)c(C(C)(C)C)c1,19715-19-6,88208,ZWQBZEFLFSFEOS-UHFFFAOYSA-N,1.22
1246,OCC(F)(F)C(F)(F)C(F)(F)C(F)(F)C(F)(F)C(F)F,335-99-9,67639,BYKNGMLDSIEFFG-UHFFFAOYSA-N,1.34
1247,O=C1c2c(Cl)c(Cl)c(Cl)c(Cl)c2C2=Nc3cccc4cccc(c34)N12,20749-68-2,88680,UBZVRROHBDDCQY-UHFFFAOYSA-N,1.38
1248,Oc1c(Br)c(Br)c(Br)c(Br)c1Br,608-71-9,11852,SVHOVVJFOWGYJO-UHFFFAOYSA-N,1.13
1249,CCC(C)c1ccccc1O,89-72-5,6984,NGFPWHGISWUQOI-UHFFFAOYSA-N,1.39
1250,Cc1ccc(C(C)C)c(O)c1,89-83-8,6989,MGSRCZKZVOBKFT-UHFFFAOYSA-N,1.01
1251,COc1ccc(O)c(C(C)(C)C)c1,121-00-6,8456,MRBKEAMVRSLQPH-UHFFFAOYSA-N,1.26
1252,C=C(C)c1ccc(O)cc1,4286-23-1,584247,JAGRUUPXPPLSRX-UHFFFAOYSA-N,1.26
1253,CCCCC(CC)C(=O)OCC(COC(=O)C(CC)CCCC)(COC(=O)C(CC)CCCC)COC(=O)C(CC)CCCC,7299-99-2,110956,DRRMRHKHTQRWMB-UHFFFAOYSA-N,1.18
1254,CN(C)CCN,108-00-9,66053,DILRJUIACXKSQE-UHFFFAOYSA-N,0.73
1255,NC(=O)N=NC(N)=O,123-77-3,31269,XOZUGNYVDXMRKW-UHFFFAOYSA-N,1.2
1256,CC(C)(C)N,75-64-9,6385,YBRBMKDOPFTVDT-UHFFFAOYSA-N,1.11
1257,CCCCCCCCCCCCc1c(Oc2ccccc2S(=O)(=O)O)cccc1S(=O)(=O)O,28519-02-0,21125034,LYLUJWGZVASHOS-UHFFFAOYSA-N,1.05
1258,FC(F)(F)C(Cl)Cl,306-83-2,9385,OHMHBGPWCHTMQE-UHFFFAOYSA-N,1.22
1259,CC(C)(C)c1cc(CO)cc(C(C)(C)C)c1O,88-26-6,6929,HNURKXXMYARGAY-UHFFFAOYSA-N,1.33
1260,Nc1c(Cl)cc([N+](=O)[O-])cc1[N+](=O)[O-],3531-19-9,19052,LHRIICYSGQGXSX-UHFFFAOYSA-N,1.08
1261,CCCCCCCCCCCCCCCCCC(=O)CCCCCCCCCCCCCCCCC,504-53-0,10440,DMCJFWXGXUEHFD-UHFFFAOYSA-N,1.08
1262,CCN(CC)c1ccc2c(c1)Oc1cc(N(CC)CC)ccc1C21OC(=O)c2ccccc21,509-34-2,62357,DZNJMLVCIZGWSC-UHFFFAOYSA-N,0.79
1263,O=C1NC(=O)c2ccccc21,85-41-6,6809,XKJCHHZQLQNZHY-UHFFFAOYSA-N,1
1264,CCCCCCCCCCCCCCCCCCOC(=O)CCc1cc(C(C)(C)C)c(O)c(C(C)(C)C)c1,2082-79-3,16386,SSDSCDGVMJFTEQ-UHFFFAOYSA-N,0.92
1265,CCCCCCCCCCCCc1ccc(Oc2cc(S(=O)(=O)O)ccc2S(=O)(=O)O)cc1,NA,92035996,OBCJOBVJTSZTHF-UHFFFAOYSA-N,1.01
1266,CC(C)c1ccc(N)cc1,99-88-7,7464,LRTFPLFDLJYEKT-UHFFFAOYSA-N,0.98
1267,CC(CCO)CC(C)(C)C,3452-97-9,18938,BODRLKRKPXBDBN-UHFFFAOYSA-N,0.9
1268,CC1(O)CCC2CC1C2(C)C,4948-28-1,10128,YYWZKGZIIKPPJZ-UHFFFAOYSA-N,0.9
1269,Oc1ccc(Cc2ccc(O)cc2)cc1,620-92-8,12111,PXKLMJQFEQBVLD-UHFFFAOYSA-N,0.98
1270,CSc1ccc(O)cc1,1073-72-9,14086,QASBCTGZKABPKX-UHFFFAOYSA-N,0.86
1271,ClCCCBr,109-70-6,8006,MFESCIUQSIBMSM-UHFFFAOYSA-N,0.79
1272,CCN(Cc1cccc(S(=O)(=O)O)c1)c1ccc([C+](c2ccc(N(CC)Cc3cccc(S(=O)(=O)O)c3)cc2)c2ccccc2S(=O)(=O)O)cc1,NA,17560,CTRXDTYTAAKVSM-UHFFFAOYSA-O,0.78
1273,CCOC(N)=O,51-79-6,5641,JOYRKODLDBILNP-UHFFFAOYSA-N,0.64
1274,O=C1C=Cc2cc(S(=O)(=O)O)cc(S(=O)(=O)O)c2C1=NNc1ccc(S(=O)(=O)O)c2ccccc12,7244-14-6,17467,JZGWEIPJUAIDHM-UHFFFAOYSA-N,0.5
1275,CCCCN(CCO)CCCC,102-81-8,7621,IWSZDQRGNFLMJS-UHFFFAOYSA-N,0.92
1276,O=C1NC(=O)C(c2ccccc2)(c2ccccc2)N1,57-41-0,1775,CXOFVDLJLONNDW-UHFFFAOYSA-N,0.65
1277,CCC1CCC(CCC(=O)O)C1,501346-07-2,20849290,WVRFSLWCFASCIS-UHFFFAOYSA-N,0.76
1278,Cc1ccc(N)c(C)c1,95-68-1,7250,CZZZABOKJQXEBO-UHFFFAOYSA-N,0.72
1279,Oc1cccc2cccnc12,148-24-3,1923,MCJGNVYPOGVAJF-UHFFFAOYSA-N,0.87
1280,NNC(N)=S,79-19-6,2723789,BRWIZMBXBAOCCF-UHFFFAOYSA-N,0.7
1281,O=[N+]([O-])c1ccc(Cl)c([N+](=O)[O-])c1,97-00-7,6,VYZAHLCBVHPDDF-UHFFFAOYSA-N,0.88
1282,C=Cc1ccc(S(=O)(=O)O)cc1,98-70-4,75905,MAGFQRLKWCCTQJ-UHFFFAOYSA-N,0.36
1283,Cc1cc(S(=O)(=O)O)c(N=Nc2c(O)c(C(=O)O)cc3ccccc23)cc1Cl,16013-44-8,62503,LZNMMJSXOXXHFD-UHFFFAOYSA-N,0.45
1284,CCCc1cc(=O)[nH]c(=S)[nH]1,51-52-5,657298,KNAHARQHSZJURB-UHFFFAOYSA-N,0.76
1285,CC1(C)CC(N)CC(C)(CN)C1,2855-13-2,17857,RNLHGQLZWXBQNY-UHFFFAOYSA-N,0.36
1286,CC(CCl)OP(=O)(OCCOCCOP(=O)(OC(C)CCl)OC(C)CCl)OC(C)CCl,NA,131854663,OELSWGUDLGCUQF-UHFFFAOYSA-N,0.36
1287,CCCCNS(=O)(=O)c1ccccc1,3622-84-2,19241,IPRJXAGUEGOFGG-UHFFFAOYSA-N,0.52
1288,NCC1CCC(C(=O)O)CC1,701-54-2,5526,GYDJEQRTZSCIOI-UHFFFAOYSA-N,0.68
1289,Cc1cccnc1,108-99-6,7970,ITQTTZVARXURQS-UHFFFAOYSA-N,0.73
1290,OCC(F)(F)C(F)(F)C(F)(F)C(F)F,355-80-6,9641,JUGSKHLZINSXPQ-UHFFFAOYSA-N,0.64
1291,c1ccc2n[nH]nc2c1,95-14-7,7220,QRUDEWIWKLJBPS-UHFFFAOYSA-N,0.66
1292,Cc1ccc(NN=C2C(=O)C=Cc3ccccc32)c([N+](=O)[O-])c1,2425-85-6,17047,ZLFVRXUOSPRRKQ-UHFFFAOYSA-N,0.46
1293,CN(C)c1cccc(C(=O)O)c1,99-64-9,66837,NEGFNJRAUMCZMY-UHFFFAOYSA-N,0.78
1294,CCC(CO)(CO)CO,77-99-6,6510,ZJCCRDAZUWHFQH-UHFFFAOYSA-N,0.61
1295,CCCCC(CC)COP(=O)(O)CC(CC)CCCC,14802-03-0,85771,ZDFBXXSHBTVQMB-UHFFFAOYSA-N,0.57
1296,Cc1cc(NC(=O)Nc2ccc(N=Nc3cc(S(=O)(=O)O)c4cccc(S(=O)(=O)O)c4c3)c(C)c2)ccc1N=Nc1cc(S(=O)(=O)O)c2cccc(S(=O)(=O)O)c2c1,25738-24-3,18576,XFUDRSZJCBDNPN-UHFFFAOYSA-N,0.3
1297,CCCCc1ccc(C(=O)O)cc1,20651-71-2,88631,JFKUBRAOUZEZSL-UHFFFAOYSA-N,0.55
1298,CC(C)(C)c1cc(CCC(=O)OCC(COC(=O)CCc2cc(C(C)(C)C)c(O)c(C(C)(C)C)c2)(COC(=O)CCc2cc(C(C)(C)C)c(O)c(C(C)(C)C)c2)COC(=O)CCc2cc(C(C)(C)C)c(O)c(C(C)(C)C)c2)cc(C(C)(C)C)c1O,6683-19-8,64819,BGYHLZZASRKEJE-UHFFFAOYSA-N,0.18
1299,Cc1ccc(S(=O)(=O)O)c(C)c1,88-61-9,6938,CHZLVSBMXZSPNN-UHFFFAOYSA-N,0.25
1300,CC(COCC(C)OC(C)COCC(C)OC(C)CO)OCC(O)COCC(C)OCC(C)OC(C)COCC(C)OC(C)CO,NA,156600013,DVCAJKYUHBQUJD-UHFFFAOYSA-N,0.47
1301,CN(C)S(=O)(=O)Nc1ccccc1,4710-17-2,78441,QCDQDISRALTLNQ-UHFFFAOYSA-N,0.42
1302,CC(C)(C)OO,75-91-2,6410,CIHOLLKRGTVIJN-UHFFFAOYSA-N,0.42
1303,CC(=O)C=Cc1ccccc1,122-57-6,15909,BWHOZHOGCMHOBV-UHFFFAOYSA-N,0.49
1304,Nc1cccc(S(=O)(=O)c2cccc(N)c2)c1,599-61-1,11741,LJGHYPLBDBRCRZ-UHFFFAOYSA-N,0.31
1305,NC(=O)c1[nH]cnc1N,360-97-4,9679,DVNYTAVYBRSTGK-UHFFFAOYSA-N,0.37
1306,CCC1(c2ccccc2)C(=O)NC(=O)NC1=O,1950/6/6,4763,DDBREPKUVSBGFI-UHFFFAOYSA-N,0.37
1307,Nc1nccs1,96-50-4,2155,RAIPHJJURHTUIC-UHFFFAOYSA-N,0.12
1308,CCN(Cc1cccc(S(=O)(=O)O)c1)c1ccc([C+](c2ccc(N(C)C)cc2)c2ccc(N(CC)Cc3cccc(S(=O)(=O)O)c3)cc2)cc1,NA,15537,IHZXTIBMKNSJCJ-UHFFFAOYSA-O,0.15
1309,Cc1ccc(N)cc1,106-49-0,7813,RZXMPPFPUUCRFN-UHFFFAOYSA-N,0.36
1310,Cc1c(Cc2cc(C(C)(C)C)c(O)c(C(C)(C)C)c2)c(C)c(Cc2cc(C(C)(C)C)c(O)c(C(C)(C)C)c2)c(C)c1Cc1cc(C(C)(C)C)c(O)c(C(C)(C)C)c1,1709-70-2,74370,VSAWBBYYMBQKIK-UHFFFAOYSA-N,0.2
1311,Nc1c(S(=O)(=O)O)cc(Nc2cccc(S(=O)(=O)CCOS(=O)(=O)O)c2)c2c1C(=O)c1ccccc1C2=O,6522-88-9,17410,VGPIJNLQDSYRBZ-UHFFFAOYSA-N,0.34
1312,CCN(CCO)CCO,139-87-7,8769,AKNUHUCEWALCOI-UHFFFAOYSA-N,0.29
1313,CCC(C)NC(C)CC,626-23-3,12277,OBYVIBDTOCAXSN-UHFFFAOYSA-N,-0.05
1314,Cc1ccccn1,109-06-8,7975,BSKHPKMHTQYZBB-UHFFFAOYSA-N,0.22
1315,CC(=O)Nc1ccc(N)cc1,122-80-5,31230,CHMBIJAOCISYEW-UHFFFAOYSA-N,0.1
1316,O=C(NC1CCCCC1)NC1CCCCC1,2387-23-7,4277,ADFXKUOMJKEIND-UHFFFAOYSA-N,-0.07
1317,OCC(CO)(CO)COCC(CO)(CO)CO,126-58-9,31352,TXBCBTDQIULDIA-UHFFFAOYSA-N,0.06
1318,CCN(CC)CCO,100-37-8,7497,BFSVOASYOCHEOV-UHFFFAOYSA-N,0.04
1319,CC(C)(C)c1cc(Cn2c(=O)n(Cc3cc(C(C)(C)C)c(O)c(C(C)(C)C)c3)c(=O)n(Cc3cc(C(C)(C)C)c(O)c(C(C)(C)C)c3)c2=O)cc(C(C)(C)C)c1O,27676-62-6,93115,VNQNXQYZMPJLQX-UHFFFAOYSA-N,-0.06
1320,CC(C)(C)NCCO,4620-70-6,78361,IUXYVKZUDNLISR-UHFFFAOYSA-N,-0.14
1321,CC1(C)CC(O)CC(C)(C)N1,2403-88-5,75471,VDVUCLWJZJHFAV-UHFFFAOYSA-N,-0.07
1322,CCN(CC)c1cc2[o+]c3cc(N(CC)CC)c(C)cc3c(-c3ccc(S(=O)(=O)O)cc3S(=O)(=O)O)c2cc1C,NA,62501,FNZDMJUSJBQBQL-UHFFFAOYSA-O,-0.24
1323,NCCNCCNCCN,112-24-3,5565,VILCJCGEZXAXTO-UHFFFAOYSA-N,-0.05
1324,CC(O)COC(C)COC(C)CO,45096-22-8,32611,LCZVSXRMYJUNFX-UHFFFAOYSA-N,-0.12
1325,CC(C)C12C=CC(C)(CC1)C(C(=O)O)C2C(=O)O,NA,14244006,NUSINLKEHOLCPD-UHFFFAOYSA-N,-0.1
1326,CCN(CC)c1ccc(C(=O)c2ccccc2C(=O)O)c(O)c1,5809-23-4,79878,FQNKTJPBXAZUGC-UHFFFAOYSA-N,-0.14
1327,CCN=C=NCCCN(C)C,1892-57-5,15908,LMDZBCPBFSXMTL-UHFFFAOYSA-N,-0.23
1328,CC(=O)Nc1ccc(S(=O)(=O)O)cc1,121-62-0,8483,ZQPVMSLLKQTRMG-UHFFFAOYSA-N,-0.13
1329,Cc1ccc([N+](=O)[O-])cc1S(=O)(=O)O,121-03-9,8458,ZDTXQHVBLWYPHS-UHFFFAOYSA-N,-0.15
1330,C1CCC2=NCCCN2CC1,6674-22-2,81184,GQHTUMJGOHRCHB-UHFFFAOYSA-N,-0.32
1331,Nc1cccc(N(CCO)CCO)c1,71500-42-0,10130362,MQMMMSDSVNOFJM-UHFFFAOYSA-N,-0.16
1332,O=S(=O)(O)c1ccc(Nc2nc(Nc3ccc(C=Cc4ccc(Nc5nc(Nc6cccc(S(=O)(=O)O)c6)nc(N(CCO)CCO)n5)cc4S(=O)(=O)O)c(S(=O)(=O)O)c3)nc(N(CCO)CCO)n2)cc1,NA,87355292,JAUDXBKELZDAFM-UHFFFAOYSA-N,-0.15
1333,CCCCCCCCCCCCSP(=O)(SCCCCCCCCCCCC)SCCCCCCCCCCCC,NA,14637319,PVGGDLGUHFNTLR-UHFFFAOYSA-N,-0.16
1334,Nc1ccc(S(=O)(=O)O)cc1,121-57-3,8479,HVBSAKJJOYLTQU-UHFFFAOYSA-N,-0.22
1335,CCC[N+](CCC)(CCC)CCC,13010-31-6,9559,OSBSFAARYOCBHB-UHFFFAOYSA-N,-0.52
1336,COC(=O)c1cc(C(=O)OC)cc(S(=O)(=O)O)c1,138-25-0,67310,HTXMGVTWXZBZNC-UHFFFAOYSA-N,-0.27
1337,COCCCN,5332-73-0,1672,FAXDZWQIWUSWJH-UHFFFAOYSA-N,-0.43
1338,NNS(=O)(=O)c1ccc(Oc2ccc(S(=O)(=O)NN)cc2)cc1,80-51-3,6649,NBOCQTNZUPTTEI-UHFFFAOYSA-N,-0.35
1339,O=c1ccc(=O)[nH][nH]1,123-33-1,21954,BGRDGMRNKXEXQD-UHFFFAOYSA-N,-0.45
1340,Cc1ccccc1S(=O)(=O)O,88-20-0,6925,LBLYYCQCTBFVLH-UHFFFAOYSA-N,-0.44
1341,O=S(=O)(c1ccc(O)cc1)c1ccc(O)cc1,1980/9/1,6626,VPWNQTHUCYMVMZ-UHFFFAOYSA-N,-0.53
1342,Cc1c(NC(=O)C(C)Br)c(=O)n(-c2ccccc2)n1C,NA,101283936,YRHLNEWUAWQVFR-UHFFFAOYSA-N,-0.53
1343,O=C(Nc1ccc2c(O)cc(S(=O)(=O)O)cc2c1)Nc1ccc2c(O)cc(S(=O)(=O)O)cc2c1,134-47-4,67254,PCGISRHGYLRXSR-UHFFFAOYSA-N,0.15
1344,N=C(N)N,113-00-8,3520,ZRALSGWEFCBTJO-UHFFFAOYSA-N,-1
1345,ClC1=C(Cl)C2(Cl)C3CCC4C(CCC3C1(Cl)C2(Cl)Cl)C1(Cl)C(Cl)=C(Cl)C4(Cl)C1(Cl)Cl,13560-89-9,26111,UGQQAJOWXNCOPY-UHFFFAOYSA-N,1.86
1346,CCOP(=S)(OCC)SCCS(=O)(=O)CC,2497/6/5,17241,BKVJOVPVLOJPKJ-UHFFFAOYSA-N,0.63
1347,CCOP(=S)(OCC)SCCS(=O)CC,2497/7/6,17242,UPUGLJYNCXXUQV-UHFFFAOYSA-N,0
1348,Nc1cc(S(=O)(=O)O)cc2cc(S(=O)(=O)O)cc(O)c12,90-20-0,7009,APRRQJCCBSJQOQ-UHFFFAOYSA-N,0.35
1349,Brc1cc(Br)c(Oc2c(Br)cc(Br)c(Br)c2Br)c(Br)c1Br,117964-21-3,11967214,AAFUUKPTSPVXJH-UHFFFAOYSA-N,5.3
1350,CC(C)(C)CC(C)(C)c1ccc(O)cc1,140-66-9,8814,ISAVYTVYFVQUDY-UHFFFAOYSA-N,2.22
1351,Brc1ccc(Oc2c(Br)cccc2Br)c(Br)c1,189084-57-9,21604828,WKBBBTLDLKYGBI-UHFFFAOYSA-N,5.88
1352,Brc1ccc(Oc2ccc(Br)c(Br)c2)c(Br)c1,189084-61-5,15509893,DHUMTYRHKMCVAG-UHFFFAOYSA-N,6.05
1353,Brc1ccc(Oc2c(Br)cc(Br)cc2Br)c(Br)c1,189084-64-8,154083,NSKIRYMHNFTRLR-UHFFFAOYSA-N,6.36
1354,Brc1cc(Br)c(Oc2ccc(Br)c(Br)c2)c(Br)c1,189084-66-0,15509897,KXEOYBYEJCRPGB-UHFFFAOYSA-N,6.29
1355,Brc1cc(Br)c(Oc2cc(Br)c(Br)cc2Br)c(Br)c1,207122-15-4,15509898,VHNPZYZQKWIWOD-UHFFFAOYSA-N,6.15
1356,CC1=NC(C(C)C)=NC(=O)C1,NA,146678055,JSAKSKHTLVSNQJ-UHFFFAOYSA-N,0.26
1357,CCC(C)N1C(=O)N=C(C)C(Br)C1=O,NA,13135186,OSOBMCTWSONQHC-UHFFFAOYSA-N,0.51
1358,Clc1ccc(-c2ccc(Cl)c(Cl)c2)cc1Cl,32598-13-3,36187,UQMGJOKDKOLIDP-UHFFFAOYSA-N,4.48
1359,Brc1cc(Br)c(Oc2c(Br)c(Br)c(Br)c(Br)c2Br)cc1Br,337513-72-1,36160,RTUZOQFRIPIWPS-UHFFFAOYSA-N,5.93
1360,Brc1ccc(Oc2cc(Br)c(Br)c(Br)c2)cc1Br,366791-32-4,15509896,SJNIIWPIAVQNRK-UHFFFAOYSA-N,6.43
1361,Brc1ccc(Oc2ccc(Br)cc2Br)cc1,41318-75-6,12110098,UPNBETHEXPIWQX-UHFFFAOYSA-N,5.83
1362,Brc1cc(Br)c(Br)c(Oc2c(Br)c(Br)c(Br)c(Br)c2Br)c1Br,437701-78-5,14149410,ASGZXYIDLFWXID-UHFFFAOYSA-N,5.57
1363,Brc1cc(Br)c(Oc2c(Br)c(Br)c(Br)c(Br)c2Br)c(Br)c1Br,437701-79-6,11018364,IEEVDIAVLGLVOW-UHFFFAOYSA-N,5.75
1364,Brc1cc(Br)c(Oc2c(Br)c(Br)c(Br)c(Br)c2Br)c(Br)c1,446255-54-5,53485722,YZABCBOJTHQTSX-UHFFFAOYSA-N,5.72
1365,Brc1cc(Br)c(Br)c(Oc2c(Br)c(Br)c(Br)c(Br)c2Br)c1,446255-42-1,72941819,IBKRHVDFFHQOSC-UHFFFAOYSA-N,5.72
1366,Brc1ccc(Oc2ccc(Br)cc2Br)c(Br)c1,5436-43-1,95170,XYBSIYMGXVUVGY-UHFFFAOYSA-N,5.84
1367,O=[N+]([O-])c1cccc(O)c1,554-84-7,11137,RTZZCYNQPHTPPL-UHFFFAOYSA-N,1.4
1368,COc1c(O)cc(Cl)c(Cl)c1Cl,57057-83-7,42115,RKEHLKXRUVUBJN-UHFFFAOYSA-N,2.29
1369,CC(C)c1ccccc1C(C)C,577-55-9,11345,OKIRBHVFJGXOIS-UHFFFAOYSA-N,2.14
1370,Brc1ccc(Oc2cc(Br)c(Br)cc2Br)c(Br)c1,60348-60-9,36159,WHPVYXDFIXRKLN-UHFFFAOYSA-N,6.01
1371,Brc1cc(Oc2c(Br)c(Br)c(Br)c(Br)c2Br)c(Br)c(Br)c1Br,63387-28-0,45472,CYRHBNRLQMLULE-UHFFFAOYSA-N,5.44
1372,Brc1cc(Br)c(Oc2cc(Br)c(Br)cc2Br)cc1Br,68631-49-2,155166,RZXIRSKYBISPGF-UHFFFAOYSA-N,6.13
1373,CC1=NN(c2cc(Cl)c(S(=O)(=O)O)cc2Cl)C(=O)C1,84-57-1,66536,KCEIVWKDBLAQKL-UHFFFAOYSA-N,1.51
1374,Oc1c(Cl)c(Cl)cc(Cl)c1Cl,935-95-5,13636,KEWNKZNZRIAIAK-UHFFFAOYSA-N,2.15
1375,Brc1ccc(Oc2ccc(Br)c(Br)c2)cc1Br,93703-48-1,13283771,RYGLOWMCGZHYRQ-UHFFFAOYSA-N,6.29
1376,COc1c(Cl)c(Cl)c(Cl)c(Cl)c1OC,944-61-6,13677,NCYHCGGUQGDEQW-UHFFFAOYSA-N,4.4
1377,C=CC1CCC(C2CCC(c3ccccc3)CC2)CC1,155041-85-3,140713335,ZMVYIGXMLHLUGP-UHFFFAOYSA-N,2.08
1378,Cc1ccc(C2OC[C@@H]3OC(c4ccc(C)c(C)c4)O[C@H]([C@H](O)CO)[C@@H]3O2)cc1C,135861-56-2 ,18666587,YWEWWNPYDDHZDI-JJKKTNRVSA-N,1.23
1379,CC1(C)CC/C(=C/c2ccc(Cl)cc2)C1(O)Cn1cncn1,131983-72-7,6436449,PPDBOQMNKNNODG-ZROIWOOFSA-N,0.78
1380,C/C(=C\C(C)C)CC(C)C,126690-66-2 ,10034711,DSBKYWWEBIJMOS-UXBLZVDNSA-N,3.29
1381,[C-]#[N+]c1cc(Cl)ccc1OP(=S)(OC)OC,114012-04-3,73555484,RDFUVZIDRXIGJJ-UHFFFAOYSA-N,0.8
1382,Cc1c(COC(=O)C2C(/C=C(\Cl)C(F)(F)F)C2(C)C)cccc1-c1ccccc1,82657-04-3,5281872,OMFRMAHOUUJSGP-UNOMPAQXSA-N,3.78
1383,Cc1c(F)c(F)c(COC(=O)[C@@H]2[C@@H](/C=C(/Cl)C(F)(F)F)C2(C)C)c(F)c1F,79538-32-2 ,92854779,ZFHGXWPMULPQSE-OCSORSNKSA-N,3.48
1384,CC(C)(C)[C@@H](O)C(Cc1ccc(Cl)cc1)n1cncn1,76738-62-0 ,6540498,RMOGWMIKYWRTKW-KZUDCZAMSA-N,1.64
1385,CCC/C(=N/OCC)C1=C(O)CC(CC(C)SCC)CC1=O,74051-80-2 ,135491830,CSPPKDPQLUUTND-JXAWBTAJSA-N,0.93
1386,C/C=C/C(=O)[C@H]1[C@H](C)C=CCC1(C)C,71048-82-3 ,10198036,XEJGJTYRUWUFFD-NPNFKUNOSA-N,2.14
1387,CC[C@H](C)[C@H]1O[C@]2(CC[C@@H]1C)C[C@@H]1C[C@@H](CC=C(C)[C@@H](O[C@H]3C[C@H](OC)[C@@H](O[C@H]4C[C@H](OC)[C@@H](O)[C@H](C)O4)[C@H](C)O3)[C@@H](C)C=CC=C3CO[C@@H]4[C@H](O)C(C)=C[C@@H](C(=O)O1)[C@]34O)O2,70288-86-7,3085416,AZSNMRSAGSSBNP-VRFQAOMKSA-N,1.75
1388,CC(C)[C@H](C(=O)OC(C#N)c1cccc(Oc2ccccc2)c1)c1ccc(OC(F)F)cc1,70124-77-5,12797557,GBIHOLCMZGAKNG-CGAIIQECSA-N,3.6
1389,CC1(C)[C@H](/C=C(\Cl)C(F)(F)F)[C@@H]1C(=O)O[C@H](C#N)c1cccc(Oc2ccccc2)c1,68085-85-8,6440556,ZXQYGBMAQZUVMI-HQMWCCLBSA-N,3.29
1390,CC(Cc1ccc(C(C)(C)C)cc1)CN1C[C@@H](C)O[C@@H](C)C1,67564-91-4 ,93365,RYAUSSKQMZRMAI-ALOPSCKCSA-N,3.03
1391,CC(C)c1cc2c(cc1Cl)[C@@]1(C)CCC[C@@](C)(C(=O)O)[C@@H]1CC2,65310-45-4,115313,LRHCLIUTYPHWLV-MISYRCLQSA-N,2.22
1392,CC(C)c1ccc2c(c1Cl)CC[C@H]1[C@](C)(C(=O)O)CCC[C@]21C,65281-76-7,114971,OFNBZEHVLIXXFL-NSISKUIASA-N,1.57
1393,Clc1ccc2oc3cc(Cl)c(Cl)c(Cl)c3c2c1,62615-08-1,527707,KFQRHGKKSHJMCO-UHFFFAOYSA-N,3.11
1394,O=C(O)C1(C2CCCCC2)CCCCC1,61968-52-3,108911,SJSRFXJWBKOROD-UHFFFAOYSA-N,0.73
1395,CC1(C)[C@H](C(=O)OCc2cccc(Oc3ccccc3)c2)[C@@H]1C=C(Cl)Cl,61949-76-6 ,40463,RLLPVAHGXHCWKJ-HKUYNNGSSA-N,2.65
1396,CCC1CCC(CCC(=O)[O-])C1,61790-13-4,23687326,KQSJSRIUULBTSE-UHFFFAOYSA-M,0.64
1397,O=C(OCCCOC(=O)c1ccc([N+](=O)[O-])cc1)c1ccc([N+](=O)[O-])cc1,59365-60-5 ,93733,DGEHMXCYTLBOBT-UHFFFAOYSA-N,0.39
1398,Brc1ccc(Br)c(-c2c(Br)cccc2Br)c1,59080-37-4 ,91669,IMEYSCIEAFLSQJ-UHFFFAOYSA-N,4.97
1399,O=C([O-])c1ccn[nH]1,58011-68-0 ,6977791,KOPFEFZSAMLEHK-UHFFFAOYSA-M,1.07
1400,Cc1cc2c(cc1Nc1ccccc1)C1(OC(=O)c3ccccc31)c1ccc(NCC3CCCCC3)cc1O2,55250-84-5 ,14366029,SXLNNLNAIYMDOW-UHFFFAOYSA-N,3.45
1401,COc1cc(Cl)cc(Cl)c1Cl,54135-81-8 ,521489,VGGPULNMTUAGOK-UHFFFAOYSA-N,3.07
1402,Nc1c(S(=O)(=O)O)cc(S(=O)(=O)[O-])c2cccc([O-])c12,52789-62-5,101310391,XZGHMYIWMXYELB-UHFFFAOYSA-L,0.9
1403,C[C@@H]1C[C@H](C)CC(C)(C)C1,50876-32-9,6432486,WOJSMJIXPQLESQ-DTORHVGOSA-N,3.65
1404,CC12C=CC(C1)C(C(=O)O)C2C(=O)O,50853-70-8 ,19356760,QYJGMAIQZRWXSD-UHFFFAOYSA-N,0.74
1405,CCCCCCCCCc1ccccc1OP(=O)(Oc1ccccc1)Oc1ccccc1,38638-05-0 ,14029264,PYLCWALYHRYEST-UHFFFAOYSA-N,2.84
1406,Brc1cc(Br)c(Oc2cc(Br)cc(Br)c2Br)c(Br)c1,36483-60-0 ,37454,OJMHGSMSQZEBFH-UHFFFAOYSA-N,3.12
1407,Brc1ccc(-c2ccc(Br)c(Br)c2Br)c(Br)c1Br,36355-01-8,154482,PTJQVJQAZSLKJO-UHFFFAOYSA-N,1.2
1408,CC(C)c1cc2ccccc2c(C(C)C)c1C(C)C,35860-37-8 ,18522909,FXCMLMVIAOZXRA-UHFFFAOYSA-N,3.7
1409,CC(C)c1cc(OP(=O)(Oc2ccccc2)Oc2ccccc2)cc(-c2ccccc2)c1,34364-42-6 ,36800,KMLCDKUGVGTGBJ-UHFFFAOYSA-N,3.45
1410,FC(F)(F)F,75-71-8 ,6393,TXEYQDLBPFQVAA-UHFFFAOYSA-N,0.84
1411,Cc1nc2ccccc2n1Cc1ccc2c(c1)nc(CNc1ccc(C(=N)N)cc1)n2C,75-69-4 ,445756,IRKPNOLLMNHSOU-UHFFFAOYSA-N,1.41
1412,C[C@@H](Cl)CCl,78-87-5,445768,KNKRKFALVUDBJE-GSVOUGTGSA-N,0.71
1413,ClCC(Cl)(Cl)Cl,79-34-5,12418,QVLAWKAXOMEXPM-UHFFFAOYSA-N,1.07
1414,CN(C)[C@@H]1C(=O)C(C(N)=O)=C(O)[C@@]2(O)C(=O)C3=C(O)c4c(O)cccc4[C@@](C)(O)[C@H]3[C@H](O)[C@@H]12,79-57-2 ,54675779,OWFJMIVZYSDULZ-PXOLEDIWSA-N,-0.43
1415,O=c1cccn[nH]1,504-30-3,68153,AAILEWXSEQLMNI-UHFFFAOYSA-N,1.94
1416,CC(C)=C1C=C2CC[C@@H]3[C@](C)(CCC[C@@]3(C)C(=O)O)[C@H]2CC1,471-77-2,221118,KGMSWPSAVZAMKR-ONCXSQPRSA-N,2.17
1417,CCCCCCCCCCCC(=O)[O-],629-25-4,2735067,BTURAGWYSMTVOW-UHFFFAOYSA-M,2.4
1418,Cc1ccc(S(=O)(=O)[O-])c(C)c1,827-21-4 ,23677979,GJQXYSKWRDJNAJ-UHFFFAOYSA-M,0.36
1419,O=S(=O)([O-])c1cc(S(=O)(=O)[O-])c2cc(O)ccc2c1,842-18-2 ,70050,LKDMVWRBMGEEGR-UHFFFAOYSA-L,-1
1420,O=[N+]([O-])c1ccc(Cl)c(S(=O)(=O)[O-])c1,946-30-5 ,70350,OUERFXCJVYJQJO-UHFFFAOYSA-M,1.05
1421,CC(C)c1ccc2c(C(C)C)cc(S(=O)(=O)[O-])cc2c1,1322-93-6 ,23691989,NMYKPZSMIQTTPB-UHFFFAOYSA-M,0.6
1422,c1ccc(C(c2ccccc2)(c2ccccc2)N2CCOCC2)cc1,1420-06-0 ,14993,ZJMLMBICUVVJDX-UHFFFAOYSA-N,3.11
1423,CCN(Cc1cccc(S(=O)(=O)[O-])c1)c1ccc(C(=C2C=CC(=[N+](C)C)C=C2)c2ccc(N(CC)Cc3cccc(S(=O)(=O)[O-])c3)cc2)cc1,1694-09-3,5284479,AXMCIYLNKNGNOT-UHFFFAOYSA-M,0.15
1424,OP(O)c1ccccc1,1779-48-2,72903,CGNKSELPNJJTSM-UHFFFAOYSA-N,0.36
1425,O=C([O-])c1[nH]n(-c2ccc(S(=O)(=O)[O-])cc2)c(=O)c1N=Nc1ccc(S(=O)(=O)[O-])cc1,1934-21-0,16013,ZLWLTDZLUVBSRJ-UHFFFAOYSA-K,0.23
1426,Nc1c(S(=O)(=O)[O-])cc(Nc2cccc(S(=O)(=O)CCOS(=O)(=O)[O-])c2)c2c1C(=O)c1ccccc1C2=O,2580-78-1,17409,KUIXZSYWBHSYCN-UHFFFAOYSA-L,0.08
1427,O=S(=O)([O-])c1cc(S(=O)(=O)[O-])c2c(N=Nc3ccc(S(=O)(=O)[O-])c4ccccc34)c(O)ccc2c1,2611-82-7,17466,SWGJCIMEBVHMTA-UHFFFAOYSA-K,0.75
1428,CCN(Cc1cccc(S(=O)(=O)[O-])c1)c1ccc(C(=C2C=CC(=[N+](CC)Cc3cccc(S(=O)(=O)O)c3)C=C2)c2ccccc2S(=O)(=O)O)cc1,2650-18-2 ,54601732,QTMKCINNZVKHJT-UHFFFAOYSA-N,0.78
1429,C=Cc1ccc(S(=O)(=O)[O-])cc1,2695-37-6,3571582,XFTALRAZSCGSKN-UHFFFAOYSA-M,0.61
1430,Cc1cc(NC(=O)Nc2ccc(N=Nc3cc(S(=O)(=O)[O-])c4cccc(S(=O)(=O)O)c4c3)c(C)c2)ccc1N=Nc1cc(S(=O)(=O)[O-])c2cccc(S(=O)(=O)[O-])c2c1,3214-47-9,73557459,XRFRTDKENRGSSX-UHFFFAOYSA-K,0.4
1431,Cc1nn(-c2ccccc2)c(O)c1N=Nc1ccc(-c2ccc(N=Nc3c(C)nn(-c4ccccc4)c3O)c(Cl)c2)cc1Cl,3520-72-7,135565484,LVOJOIBIVGEQBP-UHFFFAOYSA-N,0.6
1432,O=S(=O)([O-])c1cc(Cl)cc(N=Nc2ccc3c(O)cccc3c2O)c1O,3618-60-8,135764770,WZHKOJWGCKMJOJ-UHFFFAOYSA-M,0.2
1433,COC(=O)c1cc(C(=O)OC)cc(S(=O)(=O)[O-])c1,3965-55-7 ,23675796,LLHSEQCZSNZLRI-UHFFFAOYSA-M,-0.52
1434,CC(=O)C(N=Nc1ccc(-c2ccc(N=NC(C(C)=O)C(=O)Nc3ccc(C)cc3C)c(Cl)c2)cc1Cl)C(=O)Nc1ccc(C)cc1C,5102-83-0,73462,IAFBRPFISOTXSO-UHFFFAOYSA-N,0.49
1435,CC(=O)C(N=Nc1ccc(-c2ccc(N=NC(C(C)=O)C(=O)Nc3ccccc3C)c(Cl)c2)cc1Cl)C(=O)Nc1ccccc1C,5468-75-7,93006,LQZFGPJGXVFSTR-UHFFFAOYSA-N,0.49
1436,CC(=O)Nc1ccc(S(=O)(=O)[O-])cc1,6034-54-4,23664357,KLNWPSHOGWAXBS-UHFFFAOYSA-M,-0.37
1437,O=S(=O)([O-])c1ccc(O)c2ccccc12,6099-57-6 ,4626046,IAAKNVCARVEIFS-UHFFFAOYSA-M,0.11
1438,CC(=O)C(N=Nc1ccc(-c2ccc(N=NC(C(C)=O)C(=O)Nc3ccccc3)c(Cl)c2)cc1Cl)C(=O)Nc1ccccc1,6358-85-6 ,186342,GNCOVOVCHIHPHP-UHFFFAOYSA-N,0.62
1439,Cc1ccc(S(=O)(=O)Oc2ccc(N=Nc3ccc(-c4ccc(N=Nc5c(O)ccc6cc(S(=O)(=O)[O-])cc(S(=O)(=O)[O-])c56)c(C)c4)cc3C)cc2)cc1,6459-94-5,22960,HNBQFKZSMFFZQY-UHFFFAOYSA-L,1.84
1440,CC(C)C,7756-94-7 ,6360,NNPPMTNAJDCUHE-UHFFFAOYSA-N,3.42
1441,Cc1ccccc1S(=O)(=O)[O-],15046-75-0,23681382,VHAXKEBRMSFJMC-UHFFFAOYSA-M,-0.7
1442,O=S(=O)([O-])c1cc2cc(S(=O)(=O)O)ccc2cc1O,15883-57-5 ,23678410,HIDQFDQPFRGEAF-UHFFFAOYSA-M,-0.08
1443,O=S(=O)([O-])c1cc(Nc2nc(Nc3ccccc3)nc(N3CCOCC3)n2)ccc1C=Cc1ccc(Nc2nc(Nc3ccccc3)nc(N3CCOCC3)n2)cc1S(=O)(=O)[O-],16090-02-1 ,27677,VUJGKADZTYCLIL-UHFFFAOYSA-L,1.01
1444,Nc1c(N=Nc2ccc(S(=O)(=O)CCOS(=O)(=O)[O-])cc2)c(S(=O)(=O)[O-])cc2cc(S(=O)(=O)[O-])c(N=Nc3ccc(S(=O)(=O)CCOS(=O)(=O)[O-])cc3)c(O)c12,17095-24-8 ,135442967,HFIYIRIMGZMCPC-UHFFFAOYSA-J,0.79
1445,CC(C)CC(C)CC(C)c1ccc(O)cc1,25154-52-3 ,6427088,SLULBVLEUPOSOI-UHFFFAOYSA-N,2.19
1446,Cc1cc(C)cc(OP(=O)(Oc2ccc(C)cc2C)Oc2cccc(C)c2C)c1,25155-23-1 ,23424230,YFJYOZDIJVHPAU-UHFFFAOYSA-N,2.67
1447,CCCCCCCCCCCCOS(=O)(=O)c1ccccc1,25155-30-0,57371080,GVGUFUZHNYFZLC-UHFFFAOYSA-N,2.02
1448,CNc1ccc(N)cc1,25376-45-8 ,69332,VVYWUQOTMZEJRJ-UHFFFAOYSA-N,1.7
1449,Nc1ccc(C=Cc2ccc(N)cc2S(=O)(=O)[O-])c(S(=O)(=O)[O-])c1,25394-13-2,2837473,YAKFHPREDNNSFX-UHFFFAOYSA-L,0.28
1450,ClC1=CC(Cl)(c2ccccc2)C(Cl)C(Cl)=C1Cl,25429-29-2,53421467,MLOZCUCAJWIPOQ-UHFFFAOYSA-N,3.84
1451,BrC1(Br)CCCCCCCCCC(Br)(Br)C1(Br)Br,25637-99-4 ,15724678,SHRRVNVEOIKVSG-UHFFFAOYSA-N,1.87
1452,CCCCOS(=O)(=O)c1cccc2ccccc12,25638-17-9,53249457,UDHMTPILEWBIQI-UHFFFAOYSA-N,0.18
1453,CC(C)c1ccccc1-c1ccccc1,25640-78-2 ,123382,HKTCLPBBJDIBGF-UHFFFAOYSA-N,3.84
1454,CC(CO)OCC(COC(C)CO)OC(C)CO,25791-96-2 ,59464535,VFSNZAMUOFMILG-UHFFFAOYSA-N,0.34
1455,Cc1ccc(OP(=O)(Oc2ccccc2)Oc2ccccc2)cc1,26444-49-5,6528,OJUZRFGUKHQNJX-UHFFFAOYSA-N,2.51
1456,O=S(=O)([O-])c1cccc2cc(Cc3ccc4c(S(=O)(=O)[O-])cccc4c3)ccc12,26545-58-4,14047702,VBKMFMSNBISQCV-UHFFFAOYSA-L,1
1457,CC1=C2C=CCC=C2NC(C)(C)C1,26780-96-1,4348291,BSOKQMCXEUUFEF-UHFFFAOYSA-N,3.03
1458,CC(C)c1ccc(OP(=O)(Oc2ccc(C(C)C)cc2)Oc2ccc(C(C)C)cc2)cc1,26967-76-0,75628,ANVREEJNGJMLOV-UHFFFAOYSA-N,1.46
1459,CCCCCCCCCCCCc1ccccc1O,27193-86-8,171144,CYEJMVLDXAUOPN-UHFFFAOYSA-N,2.81
1460,CCCCCCCCC=CCCCCCCCCC(CC(=O)O)C(=O)O,28299-29-8,119918,XACKAZKMZQZZDT-UHFFFAOYSA-N,0.22
1461,CCc1cccc(-c2ccccc2)c1CC,28575-17-9,13956248,LSRXTTAOAQMMDZ-UHFFFAOYSA-N,3.76
1462,ClC1=CC2(Cl)C(Cl)C(Cl)C1(Cl)C2(Cl)Cl,28680-45-7,34308,PXTADLCAVHRXCA-UHFFFAOYSA-N,4.05
1463,O=C([O-])NCc1cccc2ccccc12,63-25-2 ,18795600,NYVSNKBCDXTPPW-UHFFFAOYSA-M,1.3
1464,CC(c1ccccc1)(c1ccc(O)cc1)c1ccc(O)cc1,1571-75-1,623849,VOWWYDCFAISREI-UHFFFAOYSA-N,2.65
1465,Cc1cc(C(C)(C)c2ccc(O)c(C)c2)ccc1O,79-97-0,6620,YMTYZTXUZLQUSF-UHFFFAOYSA-N,2.45
1466,CC(c1ccc(O)cc1)c1ccc(O)cc1,2081/8/5,608116,HCNHNBLSNVSJTJ-UHFFFAOYSA-N,1.32
1467,O=C(O)C(F)(F)C(F)(F)C(F)(F)C(F)(F)F,2706-90-3,75921,CXZGQIAOTKWCDB-UHFFFAOYSA-N,-0.05
1468,O=C(O)C(F)(F)C(F)(F)C(F)(F)C(F)(F)C(F)(F)F,307-24-4,67542,PXUULQAPEKKVAH-UHFFFAOYSA-N,0.54
1469,O=C(O)C(F)(F)C(F)(F)C(F)(F)C(F)(F)C(F)(F)C(F)(F)F,375-85-9,67818,ZWBAMYVPMDSJGQ-UHFFFAOYSA-N,1.26
1470,O=S(=O)(O)C(F)(F)C(F)(F)C(F)(F)C(F)(F)F,375-73-5,67815,JGTNAGYHADQMCM-UHFFFAOYSA-N,0.45
1471,O=S(=O)(O)CCC(F)(F)C(F)(F)C(F)(F)C(F)(F)C(F)(F)C(F)(F)F,27619-97-2,119688,VIONGDJUYAYOPU-UHFFFAOYSA-N,1.54
1472,OC(Cc1ccccc1Cl)(Cn1nc[nH]c1=S)C1(Cl)CC1,178928-70-6,6451142,MNHVNIJQQRJYDH-UHFFFAOYSA-N,1.27
1473,CC(Oc1cc(Cl)c(Cl)cc1Cl)C(=O)O,93-72-1,7158,ZLSWBLPERHFHIS-UHFFFAOYSA-N,1.76
1474,CC1(C)C(C=CC(=O)OC(C(F)(F)F)C(F)(F)F)C1C(=O)OC(C#N)c1cccc(Oc2ccccc2)c1,101007-06-1,93538,YLFSVIMMRPNPFK-UHFFFAOYSA-N,2.73
1475,CC(C)OC(=O)Nc1cccc(Cl)c1,101-21-3,2728,CWJSHJJYOPWUGX-UHFFFAOYSA-N,2.16
1476,CC(C)C(Nc1ccc(C(F)(F)F)cc1Cl)C(=O)OC(C#N)c1cccc(Oc2ccccc2)c1,102851-06-9,50516,INISTDXBRIBGOC-UHFFFAOYSA-N,2.3
1477,O=c1c(C2CC(c3ccc(-c4ccc(Br)cc4)cc3)Cc3ccccc32)c(O)sc2ccccc12,104653-34-1,91771,VSVAQRUUFVBBFS-UHFFFAOYSA-N,4.6
1478,C#CCOC(=O)C(C)Oc1ccc(Oc2ncc(Cl)cc2F)cc1,105512-06-9,6916151,JBDHZKLJNAIJNC-UHFFFAOYSA-N,1.53
1479,CC1OC(C)OC(C)OC(C)O1,108-62-3,61021,GKKDCARASOJPNG-UHFFFAOYSA-N,1.04
1480,CC#Cc1cc(C)nc(Nc2ccccc2)n1,110235-47-7,86296,CIFWZNRJIBNXRE-UHFFFAOYSA-N,2.45
1481,CC(C)=NOCCOC(=O)C(C)Oc1ccc(Oc2cnc3cc(Cl)ccc3n2)cc1,111479-05-1,86122,FROBCXTULYFHEJ-UHFFFAOYSA-N,2.77
1482,FC(F)C(F)(F)OCC(Cn1cncn1)c1ccc(Cl)cc1Cl,112281-77-3,80277,LQDARGUHUSPFNL-UHFFFAOYSA-N,1.55
1483,CCc1ccc(C(=O)NN(C(=O)c2cc(C)cc(C)c2)C(C)(C)C)cc1,112410-23-8,91773,QYPNKSZPJQQLRK-UHFFFAOYSA-N,1.84
1484,N#CC(CCc1ccc(Cl)cc1)(Cn1cncn1)c1ccccc1,114369-43-6,86138,RQDJADAKIFFEKQ-UHFFFAOYSA-N,2.2
1485,O=C(NC(=O)c1c(F)cccc1F)Nc1ccc(OC(F)(F)C(F)OC(F)(F)F)c(Cl)c1,116714-46-6,93541,NJPPVKZQTLUDBO-UHFFFAOYSA-N,3.32
1486,COC=C(C(=O)OC)c1ccccc1COc1cccc(C(F)(F)F)n1,117428-22-5,53394839,IBSNKSODLGJUMQ-UHFFFAOYSA-N,2.46
1487,N#Cc1c(Cl)cccc1Cl,1194-65-6,3031,YOYAIZYFCNQIRF-UHFFFAOYSA-N,2
1488,CC(Oc1ccc(Oc2cnc3cc(Cl)ccc3n2)cc1)C(=O)OCC1CCCO1,119738-06-6,86175,BBKDWPHJZANJGB-UHFFFAOYSA-N,2.53
1489,N#Cc1nn(-c2c(Cl)cc(C(F)(F)F)cc2Cl)c(N)c1S(=O)C(F)(F)F,120068-37-3,3352,ZOCSXAVNDGMNBV-UHFFFAOYSA-N,2.51
1490,Cc1ccc(-c2c(Cl)nc(C#N)n2S(=O)(=O)N(C)C)cc1,120116-88-3,9862076,YXKMMRDKEKCERS-UHFFFAOYSA-N,2.46
1491,CCCCOC(=O)C(C)Oc1ccc(Oc2ccc(C#N)cc2F)cc1,122008-85-9,86188,TYIYMOAHACZAMQ-UHFFFAOYSA-N,0.88
1492,CCCCCCCCC=CCCCCCCCC(=O)OCC(COC(=O)CCCCCCCC=CCCCCCCCC)OC(=O)CCCCCCCC=CCCCCCCCC,122-32-7,31207,PHYFQTYBJUILEZ-UHFFFAOYSA-N,2.54
1493,Fc1ccc(Oc2ccnc3cc(Cl)cc(Cl)c23)cc1,124495-18-7,3391107,WRPIRSINYZBGPK-UHFFFAOYSA-N,3.7
1494,CC1(C)CCC(Cc2ccc(Cl)cc2)C1(O)Cn1cncn1,125116-23-6,86210,XWPZUHJBOLQNMN-UHFFFAOYSA-N,2.11
1495,OC(=S)c1cccc2nnsc12,126448-41-7,10171321,CGIHPACLZJDCBQ-UHFFFAOYSA-N,2.07
1496,CC1(C(=O)Nc2ccc(O)c(Cl)c2Cl)CCCCC1,126833-17-8,213031,VDLGAVXLJYLFDH-UHFFFAOYSA-N,2.2
1497,CCOC(=O)C(Cl)Cc1cc(-n2nc(C)n(C(F)F)c2=O)c(F)cc1Cl,128639-02-1,86222,MLKCGVHIFJBRCD-UHFFFAOYSA-N,2.25
1498,Nc1cc(S(=O)(=O)O)c(O)c2c1C(=O)c1c(O)c(S(=O)(=O)O)cc(N)c1C2=O,2861/2/1,67196,MVWQCFNJWMLYDF-UHFFFAOYSA-N,0.21
1499,CCOC(=O)COc1cc(-c2nn(C)c(OC(F)F)c2Cl)c(F)cc1Cl,129630-19-9,182951,APTZNLHMIGJTEW-UHFFFAOYSA-N,0.38
1500,N#Cc1c[nH]cc1-c1cccc2c1OC(F)(F)O2,131341-86-1,86398,MUJOIMFVNIBMKC-UHFFFAOYSA-N,2.56
1501,CC1(c2ccc(Oc3ccccc3)cc2)OC(=O)N(Nc2ccccc2)C1=O,131807-57-3,213032,PCCSBWNGDMYFCW-UHFFFAOYSA-N,3.48
1502,O=C1c2ccccc2C(=O)N1SC(Cl)(Cl)Cl,133-07-3,8607,HKIOYBQGHSTUDB-UHFFFAOYSA-N,1.75
1503,Fc1ccc(C2(Cn3cncn3)OC2c2ccccc2Cl)cc1,106325-08-0,3317081,ZMYFCFLJBGAQRS-UHFFFAOYSA-N,1.84
1504,Cc1nn(C)c(Oc2ccccc2)c1C=NOCc1ccc(C(=O)OC(C)(C)C)cc1,134098-61-6,107760,YYJNOYZRYGDPNH-UHFFFAOYSA-N,3.2
1505,O=c1c2cc(F)ccc2nc(-n2cncn2)n1-c1ccc(Cl)cc1Cl,136426-54-5,86417,IJJVMEJXYNJXOJ-UHFFFAOYSA-N,1.94
1506,CCOC(=O)Nc1cccc(OC(=O)Nc2ccccc2)c1,13684-56-5,24743,WZJZMXBKUWKXTQ-UHFFFAOYSA-N,2.2
1507,COC(=O)Nc1cccc(OC(=O)Nc2cccc(C)c2)c1,13684-63-4,24744,IDOWTHOLJBTAFI-UHFFFAOYSA-N,2.22
1508,O=C(Nc1ccc(F)cc1)c1cccc(Oc2cccc(C(F)(F)F)c2)n1,137641-05-5,3294375,CWKFPEBMTGKLKX-UHFFFAOYSA-N,2.76
1509,Cc1ccc(C(C)NC(=O)C(NC(=O)OC(C)C)C(C)C)cc1,140923-17-7,6914821,NWUWYYSKZYIQAE-UHFFFAOYSA-N,1
1510,CS(=O)(=O)c1cc(C(F)(F)F)ccc1C(=O)c1cnoc1C1CC1,141112-29-0,84098,OYIKARCXOQLFHF-UHFFFAOYSA-N,1.04
1511,CON=C(C(=O)OC)c1ccccc1CON=C(C)c1cccc(C(F)(F)F)c1,141517-21-7,213016,ONCZDRURRATYFI-UHFFFAOYSA-N,2.63
1512,CC(C)N(C(=O)COc1nnc(C(F)(F)F)s1)c1ccc(F)cc1,142459-58-3,86429,IANUJLZYFUDJIH-UHFFFAOYSA-N,1.85
1513,CCOC(=O)C(Cl)=Cc1cc(N2C(=O)C3=C(CCCC3)C2=O)ccc1Cl,142891-20-1,3525006,NNKKTZOEKDFTBU-UHFFFAOYSA-N,1.38
1514,CON=C(C(=O)OC)c1ccccc1COc1ccccc1C,143390-89-0,86438,ZOTBXTZVPHCKPN-UHFFFAOYSA-N,2.34
1515,CCC(C)(C)C(=O)OC1=C(c2cc(Cl)cc(Cl)c2)C(=O)OC12CCCCC2,148477-71-8,22833506,OYNVHVAEOLJJPV-UHFFFAOYSA-N,0.15
1516,c1ccc2[nH]c(-c3cscn3)nc2c1,148-79-8,5430,WJCNZQLZVWNLKY-UHFFFAOYSA-N,1.98
1517,CNC(=O)C(=NOC)c1ccccc1COc1cc(C)ccc1C,149961-52-4,54455346,WXUZAHCNPWONDH-UHFFFAOYSA-N,1.68
1518,Nc1cc(Cl)nc(C(=O)O)c1Cl,150114-71-9,213012,NIXXQNOQHKNPEJ-UHFFFAOYSA-N,2
1519,CCN(CC)C(=O)C(C)Oc1cccc2ccccc12,15299-99-7,27189,WXZVAROIGSFCFJ-UHFFFAOYSA-N,1.99
1520,C[N+]1(C)CCCCC1,15302-91-7,18743,NNCAWEWCFVZOGF-UHFFFAOYSA-N,0.3
1521,CCOc1cc(C(C)(C)C)ccc1C1COC(c2c(F)cccc2F)=N1,153233-91-1,153974,IXSZQYVWNJNRAL-UHFFFAOYSA-N,3.46
1522,CCC(C)(NC(=O)c1cc(Cl)c(C)c(Cl)c1)C(=O)CCl,156052-68-5,122087,SOUGWDPPRBKJEX-UHFFFAOYSA-N,2.06
1523,CNC(=O)Oc1cccc2c1OC(C)(C)C2,1563-66-2,2566,DUEPRVBVGDRKAG-UHFFFAOYSA-N,1.08
1524,Cc1cc(N=Nc2c(O)ccc3ccccc23)c(S(=O)(=O)O)cc1Cl,15958-19-7,21239,IYHIFXGFKVJNBB-UHFFFAOYSA-N,1.07
1525,Cc1ccc(N=Nc2c(O)c(C(=O)O)cc3ccccc23)c(S(=O)(=O)O)c1,16014-23-6,22139,JYNBEDVXQNFTOX-UHFFFAOYSA-N,0.74
1526,COc1cccc(C(=O)NN(C(=O)c2cc(C)cc(C)c2)C(C)(C)C)c1C,161050-58-4,105010,QCAWEPFNJXQPAN-UHFFFAOYSA-N,1.04
1527,COC(=O)N(C(=O)N1COC2(C(=O)OC)Cc3cc(Cl)ccc3C2=N1)c1ccc(OC(F)(F)F)cc1,173584-44-6,9936739,VBCVPMMZEGZULK-UHFFFAOYSA-N,2.72
1528,COC(=O)N(OC)c1ccccc1COc1ccn(-c2ccc(Cl)cc2)n1,175013-18-0,6422843,HZRSNVGNWUDEFX-UHFFFAOYSA-N,2.85
1529,COC(=O)c1c(Cl)c(Cl)c(C(=O)OC)c(Cl)c1Cl,1861-32-1,2943,NPOJQCVWMSKXDN-UHFFFAOYSA-N,3.41
1530,CCCCN(CC)c1c([N+](=O)[O-])cc(C(F)(F)F)cc1[N+](=O)[O-],1861-40-1,2319,SMDHCQAYESWHAE-UHFFFAOYSA-N,3.2
1531,CCCOc1nc2ccc(I)cc2c(=O)n1CCC,189278-12-4,11057771,FLVBXVXXXMLMOX-UHFFFAOYSA-N,2.91
1532,CCCN(CCC)c1c([N+](=O)[O-])cc(S(N)(=O)=O)cc1[N+](=O)[O-],19044-88-3,29393,UNAHYJYOSSSJHH-UHFFFAOYSA-N,1.88
1533,Nc1c(Cl)c(Cl)nc(C(=O)O)c1Cl,1918/2/1,15965,NQQVFXUMIDALNH-UHFFFAOYSA-N,-1.7
1534,CC(C)N(C(=O)CCl)c1ccccc1,1918-16-7,4931,MFOUDYKPLGXPGO-UHFFFAOYSA-N,1.57
1535,CCSC(=O)N(CC(C)C)CC(C)C,2008-41-5,16181,BMTAFVWTTFSTOG-UHFFFAOYSA-N,2.61
1536,CNC(=O)Oc1cc(C)c(SC)c(C)c1,2032-65-7,16248,YFBPRJGDJKVWAH-UHFFFAOYSA-N,1.88
1537,Cc1c(C(=O)c2cnn(C)c2O)ccc(S(C)(=O)=O)c1C1=NOCC1,210631-68-8,11302979,IYMLUHWAJFXAQP-UHFFFAOYSA-N,-0.52
1538,CN(C)C(=O)Nc1cccc(C(F)(F)F)c1,2164-17-2,16562,RZILCCPWPBTYDO-UHFFFAOYSA-N,1.61
1539,COc1cc(C)c(C(=O)c2c(OC)ccc(Br)c2C)c(OC)c1OC,220899-03-6,6451057,AMSPWOYQQAWRRM-UHFFFAOYSA-N,2.72
1540,CCOP(=O)(NC(C)C)Oc1ccc(SC)c(C)c1,22224-92-6,31070,ZCJPOPBZHLUFHF-UHFFFAOYSA-N,2.04
1541,C#CCC1=C(C)C(OC(=O)[C@H]2[C@H](C=C(C)C)C2(C)C)CC1=O,23031-36-9,31621,SMKRKQBMYOFFMU-DRXWIORDSA-N,3.06
1542,CC(C)N(C(=O)SCC(Cl)=C(Cl)Cl)C(C)C,2303-17-5,5543,MWBPRDONLNQCFV-UHFFFAOYSA-N,3.15
1543,Cc1nc(N(C)C)nc(OC(=O)N(C)C)c1C,23103-98-2,31645,YFGYUFNIOHWBOB-UHFFFAOYSA-N,1.38
1544,C#CCOS(=O)OC1CCCCC1Oc1ccc(C(C)(C)C)cc1,2312-35-8,4936,ZYHMJXZULPZUED-UHFFFAOYSA-N,4.14
1545,CCCCCCCCCCCCN=C(N)N,112-65-2,8204,HILAYQUKKYWPJW-UHFFFAOYSA-N,1.2
1546,CCCOC(=O)NCCCN(C)C,24579-73-5,32490,WZZLDXDUQPOXNW-UHFFFAOYSA-N,1.73
1547,CC(C)N1C(=O)c2ccccc2NS1(=O)=O,25057-89-0,2328,ZOMSMJKLGFBRBS-UHFFFAOYSA-N,1.32
1548,Cc1cccc([N+](=O)[O-])c1[N+](=O)[O-],25321-14-6,11761,DYSXLQBUUOPLBB-UHFFFAOYSA-N,1.09
1549,CCOc1nc(C(Cl)(Cl)Cl)ns1,2593-15-9,17432,KQTVWCSONPJJPE-UHFFFAOYSA-N,2.22
1550,CCOC1Oc2ccc(OS(C)(=O)=O)cc2C1(C)C,26225-79-6,33360,IRCMYGHHKLLGHV-UHFFFAOYSA-N,2.16
1551,Nc1ccc(Oc2c(Cl)cc(Cl)cc2Cl)cc1,26306-61-6,33473,YDIXMXKRLYKJJM-UHFFFAOYSA-N,2.27
1552,O=CNC(N1CCN(C(NC=O)C(Cl)(Cl)Cl)CC1)C(Cl)(Cl)Cl,26644-46-2,33565,RROQIUMZODEXOR-UHFFFAOYSA-N,0
1553,CNc1cnn(-c2cccc(C(F)(F)F)c2)c(=O)c1Cl,27314-13-2,33775,NVGOPFQZYCNLDU-UHFFFAOYSA-N,1.45
1554,c1cc[n+]2cc[n+]3ccccc3c2c1,2764-72-9,21821537,QQIJPIGQPLHRKT-UHFFFAOYSA-N,0.76
1555,Cc1cc(C)c(C2=C(OC(=O)CC(C)(C)C)C3(CCCC3)OC2=O)c(C)c1,283594-90-1,9907412,GOLXNESZZPUPJE-UHFFFAOYSA-N,2.74
1556,COC(=O)NS(=O)(=O)c1ccc(N)cc1,3337-71-1,18752,VGPYEHKOIGNJKV-UHFFFAOYSA-N,-0.12
1557,N#Cc1sc2c(=O)c3ccccc3c(=O)c=2sc1C#N,3347-22-6,18771,PYZSVQVRHDXQSL-UHFFFAOYSA-N,1.43
1558,CNC(=O)N(C)c1nnc(C(C)(C)C)s1,34014-18-1,5383,HBPDKDSFLXWOAE-UHFFFAOYSA-N,0.42
1559,CCOCN(C(=O)CCl)c1c(C)cccc1CC,34256-82-1,1988,VTNQPKFIQCLBDU-UHFFFAOYSA-N,1.3
1560,CON=C(C1=NOCCO1)c1ccccc1Oc1ncnc(Oc2ccccc2Cl)c1F,361377-29-9,53395436,UFEODZBUAFNAEU-UHFFFAOYSA-N,1.72
1561,C#CCOc1ccc(CCNC(=O)C(OCC#C)c2ccc(Cl)cc2)cc1OC,374726-62-2,11292824,KWLVWJPJKJMCSH-UHFFFAOYSA-N,1.68
1562,O=C(O)Cn1c(=O)sc2cccc(Cl)c21,3813/5/6,19662,HYJSGOXICXYZGS-UHFFFAOYSA-N,1.56
1563,CC1(C)C(C(=O)OC(C#N)c2cccc(Oc3ccccc3)c2)C1(C)C,64257-84-7,47326,XQUXKZZNEFRCAW-UHFFFAOYSA-N,3.04
1564,C#CCOc1cc(-n2nc(C(C)(C)C)oc2=O)c(Cl)cc1Cl,39807-15-3,94498,DVOODWOZJVJKQR-UHFFFAOYSA-N,2.82
1565,CCC(CC)Nc1c([N+](=O)[O-])cc(C)c(C)c1[N+](=O)[O-],40487-42-1,38479,CHIFOSRWCNZCFN-UHFFFAOYSA-N,3.71
1566,CCCCc1c(C)nc(NCC)nc1OS(=O)(=O)N(C)C,41483-43-6,38884,DSKJPMWIHSOYEA-UHFFFAOYSA-N,2.27
1567,COC(=O)c1cc(Oc2ccc(Cl)cc2Cl)ccc1[N+](=O)[O-],42576-02-3,39230,SUSRORUBZHMPCO-UHFFFAOYSA-N,3.18
1568,CCOc1cc(Oc2ccc(C(F)(F)F)cc2Cl)ccc1[N+](=O)[O-],42874-03-3,39327,OQMBBFQZGJFLBU-UHFFFAOYSA-N,3.21
1569,CC(C)(C)C(=O)C(Oc1ccc(Cl)cc1)n1cncn1,43121-43-3,39385,WURBVZBTWMNKQT-UHFFFAOYSA-N,1.81
1570,Cn1c(-c2ccccc2)cc(-c2ccccc2)[n+]1C,43222-48-6,39425,LBGPXIPGGRQBJW-UHFFFAOYSA-N,1.3
1571,COc1cc(Cl)ccc1Oc1ccc(Cl)cc1Cl,4640/1/1,627458,NLYDHBBTVWMLFD-UHFFFAOYSA-N,3.5
1572,CN(C)c1nc(=O)n(C2CCCCC2)c(=O)n1C,51235-04-2,39965,CAWXEEYDBZRFPE-UHFFFAOYSA-N,0.84
1573,CCCN(CCC)C(=O)SCc1ccccc1,52888-80-9,62020,NQLVQOSNDJXLKG-UHFFFAOYSA-N,2.84
1574,CC(C)(C)C(O)C(Oc1ccc(-c2ccccc2)cc1)n1cncn1,70585-36-3,91656,VGPIBGGRCVEHQZ-UHFFFAOYSA-N,2.31
1575,CC(C)(C)C(O)C(Oc1ccc(Cl)cc1)n1cncn1,55219-65-3,41368,BAZVSMNPJJMILC-UHFFFAOYSA-N,1.32
1576,CCCCN(CCCC)SN(C)C(=O)Oc1cccc2c1OC(C)(C)C2,55285-14-8,41384,JLQUFIHWVLZVTJ-UHFFFAOYSA-N,3
1577,CC1=C(C)S(=O)(=O)CCS1(=O)=O,55290-64-7,41385,PHVNLLCAQHGNKU-UHFFFAOYSA-N,0.63
1578,CCCCCCCCSC(=O)Oc1cc(Cl)nnc1-c1ccccc1,55512-33-9,41463,JTZCTMAVMHRNTR-UHFFFAOYSA-N,2.06
1579,COP(=S)(OC)Oc1nc(Cl)c(Cl)cc1Cl,5598-13-0,21803,HRBKVYFZANMGRE-UHFFFAOYSA-N,3.26
1580,CC(C)C(O)(c1ccc(OC(F)(F)F)cc1)c1cncnc1,56425-91-3,73668,VEVZCONIUDBCDC-UHFFFAOYSA-N,1.54
1581,CCOP(=S)(OCC)Oc1ccc2c(C)c(Cl)c(=O)oc2c1,56-72-4,2871,BXNANOICGRISHX-UHFFFAOYSA-N,2.73
1582,COCC(=O)N(c1c(C)cccc1C)C(C)C(=O)OC,57837-19-1,42586,ZQEIXNIJLIKNTD-UHFFFAOYSA-N,0.84
1583,CCCCCCCCCCCCC1=C(OC(C)=O)C(=O)c2ccccc2C1=O,57960-19-7,93315,QDRXWCAVUNHOGA-UHFFFAOYSA-N,2.38
1584,CSC(C)=NOC(=O)N(C)SN(C)C(=O)ON=C(C)SC,59669-26-0,62155,XDOTVMNBCQVZKG-UHFFFAOYSA-N,0.8
1585,OC(c1ccc(Cl)cc1)(c1cncnc1)c1ccccc1Cl,60168-88-9,43226,NHOWDZOIZKMVAI-UHFFFAOYSA-N,2.05
1586,O=C1C(Cl)C(CCl)CN1c1cccc(C(F)(F)F)c1,61213-25-0,91677,OQZCSNDVOWYALR-UHFFFAOYSA-N,2.46
1587,O=C(NC(=O)c1ccccc1Cl)Nc1ccc(OC(F)(F)F)cc1,64628-44-0,47445,XAIPTRIXGHTTNT-UHFFFAOYSA-N,2.79
1588,COC(C)(C)CCCC(C)CC=CC(C)=CC(=O)OC(C)C,65733-16-6,38532,NFGXHKASABOEEW-UHFFFAOYSA-N,2.66
1589,O=C(Nc1ccccc1)N(Cc1ccc(Cl)cc1)C1CCCC1,66063-05-6,91692,OGYFATSSENRIKG-UHFFFAOYSA-N,2.35
1590,CCOC(=O)C(C)Oc1ccc(Oc2nc3ccc(Cl)cc3o2)cc1,66441-23-4,47938,PQKBPHSEKWERTG-UHFFFAOYSA-N,0.69
1591,CC1(C)CN=C(NN=C(C=Cc2ccc(C(F)(F)F)cc2)C=Cc2ccc(C(F)(F)F)cc2)NC1,67485-29-4,49901,IQVNEKKDSLOHHK-UHFFFAOYSA-N,4.54
1592,CCCN(CCOc1c(Cl)cc(Cl)cc1Cl)C(=O)n1ccnc1,67747-09-5,73665,TVLSRXXIMLFWEO-UHFFFAOYSA-N,2.59
1593,CC1(C)C(C=C(Cl)Cl)C1C(=O)OC(C#N)c1ccc(F)c(Oc2ccccc2)c1,68359-37-5,104926,QQODLKZGRKWIFG-UHFFFAOYSA-N,2.7
1594,CC(C)N1C(=O)N(c2ccccc2)CSC1=NC(C)(C)C,69327-76-0,50367,PRLVTUNWOQKEAI-UHFFFAOYSA-N,2.71
1595,Nc1c(Cl)c(F)nc(OCC(=O)O)c1Cl,69377-81-7,50465,MEFQWPUMEMWTJP-UHFFFAOYSA-N,1.79
1596,COC(=O)C(C)N(C(=O)Cc1ccccc1)c1c(C)cccc1C,71626-11-4,51369,CJPQIRJHIZUAQP-UHFFFAOYSA-N,1.76
1597,CS(=O)(=O)NC(=O)c1cc(Oc2ccc(C(F)(F)F)cc2Cl)ccc1[N+](=O)[O-],72178-02-0,51556,BGZZWXTVIYUUEY-UHFFFAOYSA-N,0.78
1598,Nc1c([N+](=O)[O-])ccc(Oc2ccccc2)c1Cl,74070-46-5,92389,DDBMQDADIHOWIC-UHFFFAOYSA-N,3.46
1599,Clc1ccccc1-c1nnc(-c2ccccc2Cl)nn1,74115-24-5,73670,UXADOQPNKNTIHB-UHFFFAOYSA-N,2.39
1600,CC(C)OP(=S)(OC(C)C)SCCNS(=O)(=O)c1ccccc1,741-58-2,12932,RRNIZKPFKNDSRS-UHFFFAOYSA-N,2.94
1601,COC(=O)c1ccccc1S(=O)(=O)NC(=O)Nc1nc(C)nc(OC)n1,74223-64-6,52999,RSMUVYRMZCOLBH-UHFFFAOYSA-N,0
1602,CC1C(c2ccc(Cl)cc2)SC(=O)N1C(=O)NC1CCCCC1,78587-05-0,4560140,XGWIJUOSCAQSSV-UHFFFAOYSA-N,3.04
1603,CCOC(=O)NCCOc1ccc(Oc2ccccc2)cc1,79127-80-3,51605,HJUFTIJOISQSKQ-UHFFFAOYSA-N,2.33
1604,O=[N+]([O-])c1cc(C(F)(F)F)c(Cl)c([N+](=O)[O-])c1Nc1ncc(C(F)(F)F)cc1Cl,79622-59-6,91731,UZCGKGPEKUCDTF-UHFFFAOYSA-N,3.01
1605,CC1(C)CON(Cc2ccccc2Cl)C1=O,81777-89-1,54778,KIEDNEWSYUYDSN-UHFFFAOYSA-N,1.6
1606,CCC(C)(CC)c1cc(NC(=O)c2c(OC)cccc2OC)on1,82558-50-7,73672,PMHURSZHKKJGBM-UHFFFAOYSA-N,1.85
1607,CCOC(=O)CCN(SN(C)C(=O)Oc1cccc2c1OC(C)(C)C2)C(C)C,82560-54-1,54886,FYZBOYWSHKHDMT-UHFFFAOYSA-N,1.95
1608,O=C(NC(=O)c1c(F)cccc1F)Nc1cc(Cl)c(F)c(Cl)c1F,83121-18-0,91734,CJDWRQLODFKPEL-UHFFFAOYSA-N,2.81
1609,O=C(Nc1ccc(F)cc1F)c1cccnc1Oc1cccc(C(F)(F)F)c1,83164-33-4,91735,WYEHFWKAOXOVJD-UHFFFAOYSA-N,3.11
1610,CCOc1ccc(NC(=O)OC(C)C)cc1OCC,87130-20-9,91742,LNJNFVJKDJYTEU-UHFFFAOYSA-N,2.52
1611,CCONC(CC)=C1C(=O)CC(c2c(C)cc(C)cc2C)CC1=O,87820-88-0,135474890,DQFPEYARZIQXRM-UHFFFAOYSA-N,1.5
1612,CCCCCCCCCc1ccc(OCCOCCOCCOCCOCCOCCOS(=O)(=O)O)cc1,9014-90-8,15919106,DCVXQTZKGDLQBC-UHFFFAOYSA-N,2.18
1613,Oc1ccccc1-c1ccccc1,90-43-7,7017,LLEMOWNGBBNAJR-UHFFFAOYSA-N,1.34
1614,COc1nc(C)nc(NC(=O)NS(=O)(=O)c2ccccc2CCC(F)(F)F)n1,94125-34-5,91751,LTUNNEGNEKBSEH-UHFFFAOYSA-N,-0.89
1615,CC(C1CC1)C(O)(Cn1cncn1)c1ccc(Cl)cc1,94361-06-5,86132,UFNOUKDBUJZYDE-UHFFFAOYSA-N,1.45
1616,CCOP(=O)(SC(C)CC)SC(C)CC,95465-99-9,91752,KXRPCFINVWWFHQ-UHFFFAOYSA-N,2.34
1617,CNC1=C(c2cccc(C(F)(F)F)c2)C(=O)C(c2ccccc2)O1,96525-23-4,91755,NYRMIJKDBAQCHC-UHFFFAOYSA-N,1.44
1618,CCOP(=O)(SC(C)CC)N1CCSC1=O,98886-44-3,91758,DUFVKSUJRWYZQP-UHFFFAOYSA-N,0.5
1619,CCSC(C)CC1CC(=O)C(=C(CC)NOCC=CCl)C(=O)C1,99129-21-2,136191021,SILSDTWXNBZOGF-UHFFFAOYSA-N,0.32
1620,Nc1c(Cl)cc([N+](=O)[O-])cc1Cl,99-30-9,7430,BIXZHMJUSMUDOQ-UHFFFAOYSA-N,1.88
1621,O=C(O)C(F)(F)C(F)(F)C(F)F,679-12-9,1752534,ACPUHIQZFSBBGQ-UHFFFAOYSA-N,0.42
1622,C[N+](C)(C)CCCNS(=O)(=O)C(F)(F)C(F)(F)C(F)(F)C(F)(F)C(F)(F)C(F)(F)C(F)(F)C(F)(F)F,1652-63-7   ,84096,MLIMEVJPZQAQQE-UHFFFAOYSA-M,1.72
1623,O=C(O)CCC(F)(F)C(F)(F)C(F)(F)C(F)(F)C(F)(F)F,914637-49-3 ,14632790,ABFCFCPCGMHSRX-UHFFFAOYSA-N,0.89
1624,O=S(=O)(O)CCC(F)(F)C(F)(F)C(F)(F)C(F)(F)F,757124-72-4,20734543,TXGIGTRUEITPSC-UHFFFAOYSA-N,0.61
1625,CNS(=O)(=O)C(F)(F)C(F)(F)C(F)(F)C(F)(F)C(F)(F)C(F)(F)C(F)(F)C(F)(F)F,31506-32-8,3034468,SRMWNTGHXHOWBT-UHFFFAOYSA-N,2.28
1626,O=C(O)C=C(C(F)(F)F)C(F)(F)F,1763-28-6,15669,ZSBJCNVMTCMOBW-UHFFFAOYSA-N,0.1
1627,CCNS(=O)(=O)C(F)(F)C(F)(F)C(F)(F)C(F)(F)C(F)(F)C(F)(F)C(F)(F)C(F)(F)F,4151-50-2,77797,CCEKAJIANROZEO-UHFFFAOYSA-N,1.41
1628,O=C(O)C(F)(F)C(F)(F)C(F)(F)OC(F)(F)F,863090-89-5,12498036,CZTBTZZANBJSLY-UHFFFAOYSA-N,0.52
1629,OCC(F)(F)OC(F)(F)C(F)(F)OC(F)(F)CO,129301-42-4,2778710,CWIAFBQLWOMNFY-UHFFFAOYSA-N,0.85
1630,O=C(O)C(F)(F)OC(F)(F)C(F)(F)OC(F)(F)C(F)(F)OC(F)(F)C(F)(F)C(F)(F)C(F)(F)F,330562-41-9,2760333,GDQLSTSWOFAQNO-UHFFFAOYSA-N,2.53
1631,OCC(F)(F)C(F)(F)C(F)(F)CO,376-90-9,67831,IELVMUPSWDZWSD-UHFFFAOYSA-N,0.13
1632,NC(=O)C(F)(F)C(F)(F)C(F)(F)C(F)F,355-81-7,2063303,QNNUQHBPTQVSFD-UHFFFAOYSA-N,0.27
1633,OCC(F)(F)C(F)(F)C(F)(F)C(F)(F)C(F)(F)C(F)(F)C(F)(F)C(F)(F)C(F)(F)C(F)(F)C(F)(F)F,423-65-4,2760321,SHTZQFTXUMCALC-UHFFFAOYSA-N,0.23
1634,O=C(F)C(F)(F)C(F)(F)C(F)(F)C(F)F,813-03-6,2775877,UPRLRVYBTHGWJH-UHFFFAOYSA-N,-0.12
1635,O=C(O)C(F)(F)OC(F)(F)C(F)(F)OC(F)(F)F,151772-58-6,2782393,PPWRLPJIHGWGFH-UHFFFAOYSA-N,0.31
1636,O=C(O)C=CC(F)(C(F)(F)F)C(F)(F)F,243139-64-2,2776807,PRHNILJSRYVRAY-UHFFFAOYSA-N,0.32
1637,O=S(=O)([O-])C(F)(F)C(F)(F)C(F)(F)C(F)(F)F,29420-49-3,23675274,LVTHXRLARFLXNR-UHFFFAOYSA-M,0.54
1638,NS(=O)(=O)C(F)(F)C(F)(F)C(F)(F)C(F)(F)C(F)(F)C(F)(F)C(F)(F)C(F)(F)F,754-91-6,69785,RRRXPPIDPYTNJG-UHFFFAOYSA-N,2.7
1639,O=C(C=C(O)C(F)(F)F)C(F)(F)F,1694-30-0,84644,ZUSKFDORJCVUSD-UHFFFAOYSA-N,0.89
1640,Cc1cc(-n2nc3ccc(Cl)cc3n2)c(O)c(C(C)(C)C)c1,3896/11/5,62531,OCWYEMOEOGEQAN-UHFFFAOYSA-N,2.7
1641,C[C@@H]1C[C@@H]([C@H](O)CC2CC(=O)NC(=O)C2)C(=O)[C@@H](C)C1,66-81-9,6197,YPHMISFOHDHNIV-FSZOTQKASA-N,-0.04
1642,Nc1ccc(/C=C/c2ccc(N)cc2S(=O)(=O)O)c(S(=O)(=O)O)c1,28096-93-7,5284378,REJHVSOVQBJEBF-OWOJBTEDSA-N,0.28
1643,CC/C(C)=N/O,96-29-7,5324276,WHIVNJATOVLWBW-SNAWJCMRSA-N,0.18
1644,C/C(=C\C(C)(C)C)CC(C)(C)C,123-48-8,5365103,NBUMCEJRJRRLCA-CSKARUKUSA-N,3.29
1645,Nc1cc(S(=O)(=O)[O-])c(O)c2c1C(=O)c1c(O)c(S(=O)(=O)[O-])cc(N)c1C2=O,128-86-9,72278,WSALIDVQXCHFEG-UHFFFAOYSA-L,0.31
1646,C[C@@H]1CCC[C@H](C)N1,504-03-0,1550970,SDGKUVSVPIIUCF-KNVOCYPGSA-O,0.2
1647,CCCCC(CC)COC(=O)CC(C(=O)OCC(CC)CCCC)S(=O)(=O)[O-],577-11-7,23673837,APSBXTVYXVQYAB-UHFFFAOYSA-M,0.55
1648,O=C([O-])[C@H]1CCCC[C@H]1C(=O)[O-],610-09-3,6927190,QSAWQNUELGIYBC-OLQVQODUSA-L,-0.2
1649,O=C([O-])C1=NN(c2ccc(S(=O)(=O)[O-])cc2)C(=O)C1N=Nc1ccc(S(=O)(=O)[O-])cc1,1934-21-0,164825,UJMBCXLDXJUMFB-UHFFFAOYSA-K,-0.03
1650,C1=C\CC/C=C/CC/C=C\CC/1,4904-61-4,5357179,ZOLLIQAKMYWTBR-UDIJVJLMSA-N,3.9
1651,CCOP(=S)(OCC)O/N=C(\C#N)c1ccccc1,14816-18-3,5360460,ATROHALUCMTWTB-WYMLVPIESA-N,2.87
1652,CC12CCC(/C(=C\c3ccccc3)C1=O)C2(C)C,15087-24-8,5901612,OIQXFRANQVWXJF-ACCUITESSA-N,2.44
1653,CNC(=O)O/N=C(\SC)C(=O)N(C)C,23135-22-0,5366286,KZAUOCCYDRDERY-UITAMQMPSA-N,0.3
1654,CC1(C)C(/C=C(\Cl)C(F)(F)F)C1C(=O)OC(C#N)c1cccc(Oc2ccccc2)c1,68085-85-8,5281873,ZXQYGBMAQZUVMI-UNOMPAQXSA-N,3.29
1655,C=C(C)[C@H]1Cc2c(ccc3c2O[C@@H]2COc4cc(OC)c(OC)cc4[C@@H]2C3=O)O1,83-79-4,6758,JUVIOZPCNVVQFO-HBGVWJBISA-N,1.41
1656,O=C(O)C1CC1C(=O)Nc1ccc(Cl)cc1Cl,NA,86133,DIOZMSACJPTBST-UHFFFAOYSA-N,-0.4
1657,CCCCCCCCCC(CC)c1ccc(S(=O)(=O)[O-])cc1,25155-30-0,23707968,HOXWFOVSCUWIEH-UHFFFAOYSA-M,2.02
1658,O=S(=O)([O-])c1ccc2cc(O)c(S(=O)(=O)[O-])cc2c1,148-75-4,8673,VNEBWJSWMVTSHK-UHFFFAOYSA-L,0.3
1659,COP(=O)(OC)O/C(=C/Cl)c1cc(Cl)c(Cl)cc1Cl,961-11-5,5842000,UBCKGWBNUIFUST-BJMVGYQFSA-N,1.65
1660,CC(C)[C@@H]1CC[C@@H](C)C[C@H]1O,2216-51-5,16666,NOOLISFMXDJSKH-KXUCPTDWSA-N,0.89
1661,CC[C@@H](C)c1cccc([C@@H](C)CC)c1O,5510-99-6,6999840,FHTGJZOULSYEOB-PHIMTYICSA-N,2.55
1662,C/C=C1\CC2C=CC1C2,16219-75-3,5365543,OJOWICOBYCXEKR-KRXBUXKQSA-N,2.05
1663,CC(C)[C@@H](C(=O)O[C@@H](C#N)c1cccc(Oc2ccccc2)c1)c1ccc(Cl)cc1,66230-04-4,5361514,NYPJDWWKZLNGGM-BJKOFHAPSA-N,3.17
1664,Cc1c(F)c(F)c(COC(=O)C2C(/C=C(\Cl)C(F)(F)F)C2(C)C)c(F)c1F,79538-32-2,5281874,ZFHGXWPMULPQSE-WTKPLQERSA-N,3.48
1665,CCCC(=NOCC)C1=C(O)CC(CC(C)SCC)CC1=O,74051-80-2,135503327,CSPPKDPQLUUTND-UHFFFAOYSA-N,0.51
1666,CCCCCCCCCc1ccccc1Oc1ccccc1CCCCCCCCC,9014-90-8,5463920,ZZMDMGNQUXYKQX-UHFFFAOYSA-L,2.18
1667,ClC=CCCl,542-75-6,24883,UOORRWUZONOOLO-UHFFFAOYSA-N,1.4
1668,CC(C)c1ccc2c(c1)CC[C@H]1[C@](C)(C(=O)O)CCC[C@]21C,1740-19-8,94391,NFWKVWVWBFBAOV-MISYRCLQSA-N,2.9
1669,CC12CCC(CC1)C(C)(C)O2,470-82-6,2758,WEEGYLXZBRQIMU-UHFFFAOYSA-N,0.48
1670,CC(Cl)(CCl)OP(=O)(OC(C)(Cl)CCl)OC(C)(Cl)CCl,NA,14968365,YQKGJRGUAQVYNL-UHFFFAOYSA-N,0.52
1671,CCCCCCCCC(Br)CBr,28467-71-2,20052,XBRBOTTWTQOCJH-UHFFFAOYSA-N,2.51
1672,CC1CC(C)CC(C)CC(C)C1,NA,14028839,BZJTUOGZUKFLQT-UHFFFAOYSA-N,3.61
