SMILES,Predicted logBCF
FCCOC(F)(F)F,1.227053079
C[N+](C)(CCCNS(=O)(=O)CCC(F)(F)C(F)(F)C(F)(F)C(F)(F)C(F)(F)C(F)(F)C(F)(F)C(F)(F)F)CC(O)=O,1.601635431
NC1=C(F)C(Cl)=C(OC(F)(F)C(F)C(F)(F)F)C(Cl)=C1,2.720244745
OC(=O)C(F)(F)C(F)(F)C(F)(F)C(F)(F)C(F)(F)C(F)(F)C(F)(F)C(F)(F)C(F)(F)C(F)(F)C(F)(F)C(O)=O,1.666457449
OC(=O)C(F)(F)OC(F)(F)C(F)(OC(F)(F)C(F)(F)C(F)(F)Cl)C(F)(F)F,1.648691157
CCCCCCCC\C=C\CCCCCCCC(=O)OCC(F)(F)C(F)(F)C(F)(F)F,2.269201701
FC(F)(F)C=C(Cl)C(F)(F)Cl,2.110892101
OC(=O)\C=C(/F)C(F)(F)C(F)(F)C(F)(F)C(F)(F)C(F)(F)C(F)(F)C(F)(F)F,2.082915589
FCCC(F)Cl,1.320005808
FCC(F)(Cl)C(F)F,1.699670937
C[N+](C)(C)CCCNS(=O)(=O)C1=CC=C(OC(F)(F)C(F)(F)C(F)(F)C(F)(F)C(F)(F)C(F)(F)C(F)(F)C(F)=C(F)F)C=C1,1.951545804
[O-][NH+](C(F)(F)F)C(F)(F)C(F)(F)[NH+]([O-])C(F)(F)F,0.929071516
FC1(F)C(F)(F)[C@@]2(F)[C@](F)(C1(F)F)C(F)(F)C(F)(F)C(F)(F)C2(F)F,2.759336645
F\C(\C(\F)=C(\F)C(F)(F)F)=C(/F)C(F)(F)F,2.397609148
FC(F)(F)C(C1C(F)(F)C(F)(F)C(F)(F)C(F)(F)C1(F)F)(C(F)(F)F)C(F)(F)F,2.883343216
OS(=O)(=O)C(F)(F)C(F)=C(F)C(F)(F)F,0.9676593
OC(=O)C(F)(F)OC(F)(F)C(F)=C(F)C(F)(F)F,1.337852753
OS(=O)(=O)C(F)(F)C(F)(F)C(F)(F)C(F)(F)C(F)(F)S(F)(F)(F)(F)F,1.611849001
C[N+](C)(CCO)CC(O)C[N-]S(=O)(=O)C(F)(F)C(F)(F)C(F)(F)C(F)(F)C(F)(F)F,1.355605567
FC(F)=C(F)OC(F)(F)C(F)(F)C(F)(F)S(F)(=O)=O,1.676097952
[O-][N+](=O)C1=CC(=C(OC2=CC=C(C=NNC(=O)C(F)(F)C(F)(F)C(F)(F)C(F)(F)C(F)(F)C(F)(F)F)C=C2)C=C1)[N+]([O-])=O,2.279918711
C[N+](C)(CCO)CCC[N-]S(=O)(=O)C(F)(F)C(F)(F)C(F)(F)C(F)(F)C(F)(F)C(F)(F)F,1.476582625
F[C@H]1[C@@H](F)C(F)(F)C(F)(F)C1(F)F,2.335202046
CCOC(=O)OCC(F)(F)C(F)(F)C(F)(F)F,1.841474261
FC(F)(F)C(F)(F)C(F)(F)C(F)(F)C(=O)C1=CC=CC=C1,2.054092848
COCC(F)(F)C(F)(F)C(F)(F)C(F)F,1.918955017
CC1(CC(F)(F)C1(F)F)C1=NN=C(N)S1,2.009722753
FC(F)C(=O)OCC(F)(F)C(F)(F)C(F)(F)F,1.630135061
FC(F)(F)C(F)(F)C(F)(F)COC1=CC=CC=C1Br,2.481415541
FC(F)C(F)(F)COC1=CC=C(NCC(F)(F)F)C=C1,2.112354437
CC(N)C(F)(F)C(F)(F)F,1.122777762
FC(F)=C(Cl)C(F)(Cl)C(F)(F)F,2.172111286
CC1=CC=C(C=C1N)C(F)(F)C(F)(F)F,1.683679086
FC(F)(F)C(F)(F)OC1=CC(OC(F)(F)C(F)(F)F)=CC=C1,2.835150355
CC1=CC(=C(C)S1)C1=C(F)C(F)(F)C(F)(F)C1(F)F,2.490215731
CCCOC(=O)OCC(F)(F)C(F)F,1.735913854
[H][C@@]12[C@@H]3C[C@@H](SCCC(F)(F)C(F)(F)C(F)(F)C(F)(F)C(F)(F)C(F)(F)F)[C@@H](C3)[C@]1([H])C(=O)OC2=O,1.872975378
CCN.OC(=O)C(F)(F)C(F)(F)C(F)(F)C(F)(F)C(F)(F)C(F)(F)C(F)(F)F,1.431144827
OCC(CSCCC(F)(F)C(F)(F)C(F)(F)C(F)(F)C(F)(F)C(F)(F)F)SCCC(F)(F)C(F)(F)C(F)(F)C(F)(F)C(F)(F)C(F)(F)F,2.26285217
CON(C)C(=O)CCC(F)(F)C(F)(F)F,1.252858316
FC(OC(F)(F)C(F)(F)C(F)(F)F)=C(F)OC(F)(F)C(F)(F)C(F)(F)F,2.402529731
NNC1=CC=C(OCC(F)(F)C(F)F)C=C1,1.985395463
CC(C)OC(F)(F)C(F)Cl,1.328372353
CCOC1=C(C(C)=O)C(F)(F)C1(F)F,1.799472434
CCP(=O)(OCC(C)C)C(F)(F)C(F)(F)C(F)(F)F,1.804120689
OS(=O)(=O)SCCNC(=O)OCCC(F)(F)C(F)(F)C(F)(F)C(F)(F)C(F)(F)C(F)(F)C(F)(F)C(F)(F)F,1.901689301
FC(F)=C(F)OC(F)(F)C(F)(OC(F)(F)C(F)(F)C(F)(F)S(F)(=O)=O)C(F)(F)F,1.981803208
FC(F)(F)C(F)(F)OC(F)(F)C(F)(F)C(F)(F)OC(F)(F)C(F)(F)C(F)(F)OC(F)(F)C(F)(F)C(F)(F)F,2.257955036
OP(O)(=O)OCC(F)(OC(F)(F)C(F)(F)C(F)(F)F)C(F)(F)F,1.530749634
FC(F)(F)C(F)(F)C(F)(F)C(F)(F)C(F)(F)OC(C(F)(F)F)(C(F)(F)F)C(F)(F)C(F)(F)C(F)(F)F,2.598048928
OC(=O)CN(CC(O)=O)S(=O)(=O)C(F)(F)C(F)(F)C(F)(F)C(F)(F)F,1.265464853
C[N+](C)(CCCNS(=O)(=O)C(F)(F)C(F)(F)C(F)(F)C(F)(F)C(F)(F)C(F)(F)F)CC(O)CS([O-])(=O)=O,1.083979916
OC(=O)\C=C/C(F)(F)C(F)(F)C(F)(F)C(F)(F)C(F)(F)C(F)(F)C(F)(F)F,2.117102739
OCCNS(=O)(=O)C(F)(F)C(F)(F)C(F)(F)C(F)(F)C(F)(F)C(F)(F)C(F)(F)F,1.721530595
OC(=O)CNS(=O)(=O)C(F)(F)C(F)(F)C(F)(F)C(F)(F)C(F)(F)F,1.373449597
OCCC(F)(F)C(F)(F)C(F)(F)C(F)(F)C(F)(F)C(F)(F)C(F)(F)C(F)(F)CCO,1.873375957
FC(F)C(F)=C(F)C(F)(F)C(F)(F)F,2.153220957
CC(F)(F)C(F)(F)C(F)(F)S(O)(=O)=O,0.928936234
FC(F)(F)C=CC(C(F)(F)F)(C(F)(F)F)C(F)(F)C(F)(F)F,2.716110165
FC(F)(F)C1(F)OC(F)(F)C(F)(OC1(F)F)C(F)(F)F,2.081488773
NC1=C(N)C=C(OC(F)=C(F)C(F)(F)C(F)(F)C(F)(F)C(F)(F)F)C(Br)=C1,2.172558429
CC1=C(C=C(S1)C1=CC=CC=C1)C1=C(C2=C(C)SC(=C2)C2=CC=CC=C2)C(F)(F)C(F)(F)C1(F)F,2.836798323
[O-][N+](=O)C1=CC=CC(C(=O)NC2=C(C=C(C=C2Br)C(F)(C(F)(F)F)C(F)(F)F)C(F)(F)F)=C1F,2.334309196
CCCCCCCCC(CCC(F)(F)C(F)(F)C(F)(F)C(F)(F)C(F)(F)C(F)(F)F)C(OC(C)C)(OC(C)C)OC(C)C,2.228467727
[O-][N+](=O)C1=C(F)C=CC(=C1)C(=O)NC1=C(C=C(C=C1Br)C(F)(C(F)(F)F)C(F)(F)F)C(F)(F)F,2.333184061
[O-]S(=O)(=O)C(F)(F)C(F)(F)C(F)CCCCCC(F)(F)F,1.202530355
[O-]S(=O)(=O)C(F)(F)C(F)(F)C(F)(F)C(F)CCC(F)(F)F,1.197492151
CCCOC(F)(F)C(F)(F)C(F)(C(F)(F)F)C(F)(F)F,2.133800424
FC1C(F)(F)C(F)(F)CS1(=O)=O,1.307399947
CSC(F)(F)C(F)(F)C(F)(F)F,1.855130318
CC(=C)C(=O)OCCC(F)(F)C(F)(F)C(F)(F)C(F)(F)C(F)(F)C(F)(F)C(F)(F)C(F)F,2.196461422
CC1=CC(=CC(C)=C1NC(=O)C1=CC(=C(F)C=C1)[N+]([O-])=O)C(F)(C(F)(F)F)C(F)(F)F,1.808727065
CC(=S)OCCC(F)(F)C(F)(F)F,1.752264231
[O-][N+](=O)C1=CC(=C(CCOC(=O)\C=C\C2=CC=C(OC(=O)C3=CC=C(OCCCC(F)(F)C(F)(F)F)C=C3)C=C2)C=C1)[N+]([O-])=O,2.373182499
OC(=O)C1=CC(Br)=C(OC(F)=C(F)C(F)(F)C(F)(F)C(F)(F)C(F)(F)F)C=C1C(O)=O,1.673561485
FC(F)(F)CCC(F)(F)C(F)(F)OC=C,1.935578629
FC(F)(F)OC1=C(Br)C(Cl)=CC(=C1)C(F)(C(F)(F)F)C(F)(F)F,3.039779174
COC(=O)C(F)(CF)C(F)(F)F,1.209053699
FP(F)C(F)(F)C(F)(F)C(F)(F)C(F)(F)F,2.131056958
CC1=CC(=CC(C)=C1NC(=O)C1=C(Cl)C(=CC=C1)[N+]([O-])=O)C(F)(C(F)(F)F)C(F)(F)F,1.869557812
[O-]C(=O)C1(F)C=CC(F)C(F)(F)C1(F)F,1.759160634
CCS(=O)(=O)C(F)(F)C(F)(F)C(F)(F)F,1.239525052
FC(F)(F)C1(F)OCCOC1(F)F,1.619496804
CN(C(=O)C1=C(Cl)N=CC=C1)C1=CC=CC(=C1)C(=O)NC1=C(C=C(C=C1I)C(F)(C(F)(F)F)C(F)(F)C(F)(F)F)C(F)(F)F,2.099983957
NS(=O)(=O)C1=CC=CC=C1C1=CC2=C(C=C1)N=C(N2)C#CC1=CC=C(OCC(F)(F)C(F)(F)F)C=C1,1.793488083
[O-]B([O-])OC(F)(F)C(F)(F)F,1.091132434
FC(F)(F)C(F)(F)OC1=CC=C(C=C)C=C1,2.574181234
FC(F)OC(=O)C(F)(F)F,1.177359277
FC(OC=O)C(F)(F)F,1.246865409
F\C=C(/F)C(F)(F)F,2.838085568
FC(F)(F)N(C(F)(F)C(F)(F)C(F)(F)F)C1(F)C(F)(F)C(F)(F)C(F)(F)C1(F)C(F)(F)F,2.345581718
FC(F)(F)C(F)(F)C(F)(F)C(F)(F)C(F)(F)C(F)(F)C(F)(F)C(F)(F)C(=O)CCCOC(=O)C=C,2.049943374
O[13C](=O)[13C](F)(F)C(F)(F)C(F)(F)C(F)(F)C(F)(F)C(F)(F)C(F)(F)C(F)(F)C(F)(F)C(F)(F)C(F)(F)F,2.066432856
OS(=O)(=O)C(F)(F)C(F)(F)C(F)(F)C(F)(F)C(F)(F)C(F)(F)OC(F)(F)F,1.656036225
OS(=O)(=O)C(F)(F)C(F)(F)C(F)(F)C(F)(F)C(F)(F)C(F)(F)C(F)(F)C(F)(F)C(\F)=C(/F)C(F)(F)F,2.127854055
CC(C)(CS([O-])(=O)=O)NC(=O)CCS(=O)CCC(F)(F)C(F)(F)C(F)(F)C(F)(F)C(F)(F)C(F)(F)C(F)(F)C(F)(F)C(F)(F)C(F)(F)F,1.6277223
C[N+](C)(C)CCCNS(=O)(=O)C(F)(F)C(F)(F)C(F)(F)F,1.003077388
C[N+](C)(CCCNS(=O)(=O)C(F)(F)C(F)(F)C(F)(F)C(F)(F)C(F)(F)C(F)(F)F)CCCS(O)(=O)=O,1.277544163
FC(F)(F)C(F)(F)C(F)(F)C(F)(F)C(F)(F)C(F)(F)C(F)(F)C(F)(F)CCOCC1CO1,2.183381548
[NH4+].[NH4+].[O-]P([O-])(=O)CCC(F)(F)CC(F)(F)C(F)(F)C(F)(F)C(F)(F)F,0.942914092
C[N+](CCO)(CCCNS(=O)(=O)C(F)(F)C(F)(F)C(F)(F)C(F)(F)C(F)(F)F)CCCS(O)(=O)=O,1.035375465
OCC(O)CN(CC(O)CO)S(=O)(=O)C(F)(F)C(F)(F)C(F)(F)C(F)(F)C(F)(F)C(F)(F)F,1.604159666
C[N+](C)(CCC(CO)[N-]S(=O)(=O)C(F)(F)C(F)(F)C(F)(F)C(F)(F)C(F)(F)F)CC(O)CO,1.261107746
Cl.NCCCCCC(F)(F)C(F)(F)C(F)(F)C(F)(F)C(F)(F)C(F)(F)C(F)(F)F,1.914748569
C[N+](C)(CCO)CC(O)C[N-]S(=O)(=O)C(F)(F)C(F)(F)C(F)(F)C(F)(F)F,1.175770965
C[N+](C)(C)CCCNCS(=O)(=O)C(F)(F)C(F)(F)C(F)(F)C(F)(F)C(F)(F)C(F)(F)C(F)(F)F,1.762761292
OS(=O)(=O)C(F)(F)C(F)(F)C(F)(F)C(F)(F)C(F)(F)C(F)(F)C(F)(F)C(F)(F)C(F)(F)C(F)(F)C(F)=C(F)C(F)(F)F,2.236154717
OC(=O)CC(F)(F)C(F)(F)C(F)(F)C(F)(F)C(F)(F)C(F)(F)C(F)(F)C(F)(F)C(F)(F)C(F)(F)C(F)(F)F,2.117993878
CCOC(F)(F)C(F)(F)C(F)(F)C(F)(F)C(F)(F)C(F)(F)C(F)(F)F,2.242883243
CO[Si](C)(C)CCC(F)(F)C(F)(F)F,1.747416591
FC(F)(F)C(F)(F)C(F)(F)C(F)(F)C(F)(F)C(F)(F)C(F)(F)S(=O)(=O)OS(=O)(=O)C(F)(F)C(F)(F)C(F)(F)C(F)(F)C(F)(F)C(F)(F)C(F)(F)F,2.134998312
[Cl-].FC(F)(F)C(F)(F)C(F)(F)C(F)(F)C(F)(F)C(F)(F)C(F)(F)C(=O)NCC[N+]1=CC=CC=C1,1.110907965
[Cl-].FC(F)(F)C(F)(OC(F)(F)C(F)(F)C(F)(F)CC[N+]1=CC=CC=C1)C(F)(F)F,1.252482299
CN(C)CCCNC(=O)CSCCC(F)(F)C(F)(F)C(F)(F)C(F)(F)F,1.616211219
CN(C)CCCNC(=O)CSCCC(F)(F)C(F)(F)C(F)(F)C(F)(F)C(F)(F)C(F)(F)C(F)(F)C(F)(F)C(F)(F)C(F)(F)C(F)(F)C(F)(F)F,2.096308011
C[N+](C)(C)CCCNC(=O)CS(=O)CCC(F)(F)C(F)(F)C(F)(F)C(F)(F)C(F)(F)C(F)(F)F,1.612245741
CC(C)(CS(O)(=O)=O)NC(=O)CCS(=O)CCC(F)(F)C(F)(F)C(F)(F)C(F)(F)F,1.169897412
C[N+](C)(CCNS(=O)(=O)CCC(F)(F)C(F)(F)C(F)(F)C(F)(F)C(F)(F)C(F)(F)C(F)(F)C(F)(F)C(F)(F)C(F)(F)F)CCC([O-])=O,1.839380967
CS([O-])(=O)=O.C[N+](C)(C)CCCNS(=O)(=O)C(F)(F)C(F)(F)C(F)(F)C(F)(F)C(F)(F)C(F)(F)C(F)(F)C(F)(F)F,1.19435617
F.CCN(CCC[Si](OC)(OC)OC)S(=O)(=O)C(F)(F)C(F)(F)C(F)(F)C(F)(F)F,1.15787425
CO[Si](CCCNC(=O)C(F)(F)OC(F)(F)C(F)(F)OC(F)(F)C(F)(F)F)(OC)OC,1.263458908
C[N+](C)(CCCN(CCCS([O-])(=O)=O)S(=O)(=O)C(F)(F)C(F)(F)C(F)(F)C(F)(F)C(F)(F)C(F)(F)F)CCOCCO,1.138199863
CCOC(=O)C(F)(F)C(F)(F)C(F)(F)C(F)(F)C(F)(F)C(F)(F)C(F)(F)C(F)(F)C(F)(F)C(F)(F)F,2.222815369
OP(=O)(C(F)(F)C(F)(F)OC(F)(C(F)(F)F)C(F)(F)F)C(F)(F)C(F)(F)OC(F)(C(F)(F)F)C(F)(F)F,1.87855973
[Br-].CCC[N+](C)(C)CCCNS(=O)(=O)C(F)(F)C(F)(F)C(F)(F)C(F)(F)C(F)(F)C(F)(F)C(F)(F)C(F)(F)F,1.143287667
CC1=CC=C(C=C1)S([O-])(=O)=O.CCC[N+](C)(C)CCCNS(=O)(=O)C(F)(F)C(F)(F)C(F)(F)C(F)(F)C(F)(F)C(F)(F)C(F)(F)C(F)(F)F,1.071485086
COCCOCCOCCOCCOCCOCCOCCOCCOC(=C(C(F)(F)F)C(C(F)(F)F)(C(F)(F)C(F)(F)F)C(F)(F)C(F)(F)F)C(F)(F)F,2.421730548
[Br-].CCCCCC[N+](C)(C)CCCNS(=O)(=O)C(F)(F)C(F)(F)C(F)(F)C(F)(F)C(F)(F)C(F)(F)C(F)(F)C(F)(F)F,1.251844464
C[N+](C)(CCCNS(=O)(=O)C(F)(F)C(F)(F)C(F)(F)C(F)(F)C(F)(F)C(F)(F)C(F)(F)F)CC(O)CS(O)(=O)=O,1.44976831
FC(F)(F)C(F)(F)CCCCC(F)(F)C(F)(F)F,2.222970635
[NH4+].[O-]S(=O)C(F)(F)C(F)(F)C(F)(F)C(F)(F)F,1.051945727
C[N+](C)(C)C.[O-]S(=O)(=O)C(F)(F)C(F)(F)C(F)(F)C(F)(F)C(F)(F)C(F)(F)F,1.20760802
FC(F)(F)OC(F)(F)C(F)(OC(F)(F)C(F)(OC(F)(F)C(=O)C(F)(F)F)C(F)(F)F)C(F)(F)F,2.17126736
[I-].C[N+](C)(C)CCCNS(=O)(=O)C(F)(F)C(F)(F)C(F)(F)F,0.452595154
C[N+](C)([O-])CCNC(=O)C(F)(F)C(F)(F)C(F)(F)C(F)(F)C(F)(F)C(F)(F)C(F)(F)C(F)(F)C(F)(F)C(F)(F)C(F)(F)F,1.905106368
FC(F)(F)CC[Si](Cl)(CCC(F)(F)F)CCC(F)(F)C(F)(F)C(F)(F)F,2.353483988
CC[Si](CC)(CCC(F)(F)C(F)(F)C(F)(F)C(F)(F)F)OC,1.933986261
C[N+](C)([O-])CCCNC(=O)C1(F)C(F)(F)C(OC(F)(F)F)C(F)(OC(F)(F)F)C(F)(OC(F)(F)F)C1(F)F,1.745272598
CN(C)(=O)CCC(F)(F)C(F)(F)C(F)(F)C(F)(F)C(F)(F)C(F)(F)C(F)(F)C(F)(F)C(F)(F)F,2.17006155
CO[Si](CCC(F)(F)F)(CCC(F)(F)F)CCC(F)(F)C(F)(F)C(F)(F)F,2.11420029
CCO[Si](C)(C)CCC(F)(F)C(F)(F)C(F)(F)C(F)(F)F,1.955638188
CCCCCCCCCCC(F)(F)C(F)(F)F,2.374741237
FC(F)C(F)(F)OC[C@@H](CN1C=NC=N1)C1=C(Cl)C=C(Cl)C=C1,2.280415623
OC(=O)C(F)(F)OC(F)(F)C(F)(F)OC(F)(F)C(F)(F)OC(F)(F)C(F)(F)F,1.517482532
CN(CCC[N+](C)(C)[O-])S(=O)(=O)CCC(F)(F)C(F)(F)C(F)(F)C(F)(F)C(F)(F)C(F)(F)F,1.562304845
CCCCNS(=O)(=O)C(F)(F)C(F)(F)C(F)(F)C(F)(F)F,1.382653984
CC1=CC=C(C=C1)S([O-])(=O)=O.C[N+](C)(C)CCOCCCNS(=O)(=O)C(F)(F)C(F)(F)C(F)(F)C(F)(F)C(F)(F)C(F)(F)C(F)(F)C(F)(F)F,1.134330607
[Br-].C[N+]1(CCO)CCN(CC1)S(=O)(=O)C(F)(F)C(F)(F)C(F)(F)C(F)(F)C(F)(F)C(F)(F)C(F)(F)C(F)(F)F,1.191592319
OC(=O)C(F)(F)C(F)OC(F)(F)C(F)(F)OC(F)(F)F,1.146176322
OC(=O)C(F)(F)C(F)C(F)(F)OC(F)(F)C(F)(F)C(F)(F)OC(F)(F)F,1.522600587
OC(=O)COC(F)(F)C(F)OC(F)(F)C(F)(F)OC(F)(F)C(F)(F)C(F)(F)F,1.575519219
OC(=O)COC(F)(F)C(F)(F)C(F)(F)OC(F)(F)C(F)(F)C(F)(F)F,1.606449377
[I-].CC[N+](C)(CC)CC(O)C(F)(F)C(F)(F)C(F)(F)C(F)(F)C(F)(F)C(F)(F)C(F)(F)C(F)(F)F,1.23518569
C[N+](C)(CCO)CCCN(CCCS([O-])(=O)=O)S(=O)(=O)C(F)(F)C(F)(F)C(F)(F)C(F)(F)C(F)(F)C(F)(F)C(F)(F)F,1.320853705
OC(CC(F)(F)C(F)(F)C(F)(F)C(F)(F)C(F)(F)F)S(O)(=O)=O,1.730180948
OC(CC(F)(F)C(F)(F)C(F)(F)C(F)(F)C(F)(F)C(F)(F)F)S([O-])(=O)=O,1.620340941
OCC(SCCC(O)=O)C(CO)C(F)(F)C(F)(F)C(F)(F)C(F)(F)C(F)(F)C(F)(F)F,1.599896416
OC(CC(F)(F)C(F)(F)C(F)(F)C(F)(F)C(F)(F)C(F)(F)C(F)(F)C(F)(F)C(F)(F)C(F)(F)C(F)(F)F)S(O)(=O)=O,2.174262842
OS(=O)(=O)CC(=O)CC(F)(F)C(F)(F)C(F)(F)C(F)(F)C(F)(F)C(F)(F)C(F)(F)C(F)(F)C(F)(F)C(F)(F)F,1.990577615
OS(=O)(=O)OCCC(F)(F)C(F)(F)C(F)(F)C(F)(F)C(F)(F)C(F)(F)C(F)(F)C(F)(F)F,1.982587805
CNCCCNS(=O)(=O)CCC(F)(F)C(F)(F)C(F)(F)C(F)(F)C(F)(F)C(F)(F)F,1.499359532
CN(C)CCCNC(=O)C(F)(F)C(F)(F)F,0.984380644
NCCCNS(=O)(=O)CCC(F)(F)C(F)(F)C(F)(F)C(F)(F)C(F)(F)C(F)(F)C(F)(F)C(F)(F)F,1.733275483
FC(F)(F)C(F)(F)C(F)(F)C(F)(F)C(F)(F)C(F)(F)C(F)(F)C(F)(F)C(F)(F)C(F)(F)C(F)(F)C(F)(F)CCS,2.428025789
CN(C)CCCNS(=O)(=O)C(F)(F)C(F)(F)C(F)(F)C(F)(F)C(F)(F)C(F)(F)C(F)(F)C(F)(F)C(F)(F)C(F)(F)C(F)(F)C(F)(F)C(F)(F)F,2.060566
CC(C)OC(=O)C[N+](C)(C)CCCNC(=O)C(F)(F)C(F)(F)C(F)(F)C(F)(F)C(F)(F)F,1.488567044
OS(=O)(=O)C(F)(F)C(F)(F)C(F)(F)C(F)(F)C(F)(F)C(F)(F)C(F)(F)C(F)(F)C(F)(F)C(F)(F)C(F)(F)C(F)(F)OC(F)(F)F,2.114049724
CN(C)CCCN(CCC(O)=O)S(=O)(=O)C(F)(F)C(F)(F)C(F)(F)C(F)(F)C(F)(F)C(F)(F)C(F)(F)C(F)(F)C(F)(F)C(F)(F)C(F)(F)C(F)(F)C(F)(F)F,1.89673258
OS(=O)(=O)OC(F)(F)F,0.223164007
OS(=O)(=O)OC(F)(F)C(F)(F)C(F)(F)C(F)(F)C(F)(F)C(F)(F)C(F)(F)C(F)(F)C(F)(F)C(F)(F)C(F)(F)C(F)(F)C(F)(F)C(F)(F)F,2.247061087
OS(=O)(=O)OC(F)(F)C(F)(F)C(F)(F)F,1.136154078
OS(=O)(=O)C1(F)C(F)(F)C(F)(F)C(F)(C(F)(F)C(F)(F)C(F)(F)C(F)(F)F)C1(F)F,1.920721148
C[N+](C)(CCCNS(=O)(=O)C(F)(F)C(F)(F)C(F)(F)C(F)(F)C(F)(F)C(F)(F)C(F)(F)C(F)(F)C(F)(F)C(F)(F)F)CCC([O-])=O,1.688368355
C[N+](C)(CCCN(CCC(O)=O)S(=O)(=O)C(F)(F)C(F)(F)C(F)(F)C(F)(F)C(F)(F)F)CCC([O-])=O,1.030278619
CCN(CCC[N+](C)(C)CCC([O-])=O)S(=O)(=O)C(F)(F)C(F)(F)C(F)(F)C(F)(F)F,0.976833014
CCN(CCC[N+](C)(C)CCC([O-])=O)S(=O)(=O)C(F)(F)C(F)(F)C(F)(F)C(F)(F)C(F)(F)C(F)(F)C(F)(F)F,1.427177595
OC(=O)C1(F)C(F)(F)C(F)(F)C(F)(F)C(F)(C(F)(F)F)C1(F)F,1.82126649
C[N+](CCO)(CCCNS(=O)(=O)C(F)(F)C(F)(F)C(F)(F)C(F)(F)C(F)(F)C(F)(F)C(F)(F)C(F)(F)F)CCCS(O)(=O)=O,1.461413976
C[N+](C)(CCCN(CC(O)=O)S(=O)(=O)C(F)(F)C(F)(F)C(F)(F)C(F)(F)C(F)(F)C(F)(F)C(F)(F)F)CC(O)CS(O)(=O)=O,1.471853008
C[N+](C)(CCCN(CC(O)=O)S(=O)(=O)C(F)(F)C(F)(F)C(F)(F)C(F)(F)C(F)(F)C(F)(F)C(F)(F)C(F)(F)F)CC(O)CS(O)(=O)=O,1.564451394
C[N+](C)(CCCNS(=O)(=O)C(F)(F)C(F)(F)C(F)(F)C(F)(F)C(F)(F)C(F)(F)F)CC([O-])=O,1.34696077
OS(=O)(=O)CCCNS(=O)(=O)C(F)(F)C(F)(F)C(F)(F)C(F)(F)C(F)(F)C(F)(F)C(F)(F)C(F)(F)C(F)(F)C(F)(F)C(F)(F)F,1.84122026
C[N+](C)(CCCN(CC(O)=O)S(=O)(=O)C(F)(F)C(F)(F)C(F)(F)C(F)(F)C(F)(F)C(F)(F)C(F)(F)C(F)(F)C(F)(F)C(F)(F)C(F)(F)C(F)(F)F)CCCS([O-])(=O)=O,1.713031958
OS(=O)(=O)C(F)(F)C(F)(F)C(F)(F)C(F)(F)C(F)(F)C(F)C(\F)=C(/F)C(F)(F)C(F)(F)C(F)(F)F,2.067743254
OS(=O)(=O)C(F)(F)C(F)(F)C(F)(F)C(F)(F)C(F)(F)C(F)C(\F)=C(/F)C(F)(F)C(F)(F)C(F)(F)C(F)(F)F,2.129972023
OS(=O)(=O)C(F)(F)C(F)(F)C(F)(F)C(F)(F)C(F)(F)C(F)C(\F)=C(/F)C(F)(F)C(F)(F)C(F)(F)C(F)(F)C(F)(F)C(F)(F)C(F)(F)C(F)(F)F,2.318122007
OC(=O)C(F)C(F)(F)C(F)(F)C(F)(F)C(F)(F)C(F)(F)C(F)(F)C(F)(F)F,1.805457144
OC(=O)C(F)(F)OC(F)(F)C(F)(F)C(F)(F)C(\F)=C(/F)C(F)(F)F,1.725821075
OC(=O)C(F)C(F)(F)C(F)(F)C(F)(F)C(F)(F)C(F)(F)C(F)(F)C(F)(F)C(F)(F)C(F)(F)C(F)(F)F,2.025561699
C[N+](C)(CCCN(CC(O)=O)S(=O)(=O)C(F)(F)C(F)(F)C(F)(F)C(F)(F)C(F)(F)C(F)(F)C(F)(F)C(F)(F)C(F)(F)C(F)(F)C(F)(F)F)CC([O-])=O,1.844559659
C[N+](C)(C)CCCN(CCC([O-])=O)S(=O)(=O)C(F)(F)C(F)(F)F,0.804935578
C[N+](C)(C)CCCN(CCC([O-])=O)S(=O)(=O)C(F)(F)C(F)(F)C(F)(F)C(F)(F)C(F)(F)C(F)(F)C(F)(F)C(F)(F)C(F)(F)C(F)(F)C(F)(F)F,1.833330453
C[N+](C)(CCCN(CCC(O)=O)S(=O)(=O)C(F)(F)C(F)(F)C(F)(F)C(F)(F)C(F)(F)C(F)(F)F)CC([O-])=O,1.27878561
OS(=O)(=O)C(F)(F)C(\F)=C(/F)C(F)(F)F,0.962110642
C[N+](C)(C)CCNCC(F)(F)C(F)(F)C(F)(F)C(F)(F)C(F)(F)C(F)(F)F,1.920217201
C[N+](C)(C)CCNCC(F)(F)C(F)(F)C(F)(F)C(F)(F)C(F)(F)C(F)(F)C(F)(F)C(F)(F)C(F)(F)C(F)(F)C(F)(F)C(F)(F)C(F)(F)C(F)(F)F,2.353302317
OC(=O)C(F)(F)C(F)(Cl)C(F)(F)C(F)(F)C(F)(F)C(F)(F)C(F)(F)C(F)(F)C(F)(F)C(F)(F)C(F)(F)F,2.028369363
CN(C)CCC(CO)N(CCCS(O)(=O)=O)S(=O)(=O)C(F)(F)C(F)(F)C(F)(F)C(F)(F)C(F)(F)C(F)(F)F,1.376871393
CN(C)CCC(CO)N(CCCS(O)(=O)=O)S(=O)(=O)C(F)(F)C(F)(F)C(F)(F)C(F)(F)C(F)(F)C(F)(F)C(F)(F)C(F)(F)F,1.583662901
CCC[N+](C)(C)CC(F)(F)C(F)(F)C(F)(F)C(F)(F)C(F)(F)C(F)(F)C(F)(F)C(F)F,2.158105079
C[N+](C)(C)CC(F)(F)C(F)(F)C(F)(F)C(F)(F)C(F)(F)C(F)(F)C(F)(F)C(F)(F)C(F)(F)C(F)(F)C(F)(F)C(F)(F)C(F)(F)C(F)F,2.466992716
NC1=C(Cl)C(Cl)=C(SC(F)(F)C(F)F)C=C1,2.155414361
CC1=C(NC(=O)NC(=O)C2=C(F)C=CC=C2F)C=CC(=C1)S(=O)(=O)C(F)(F)C(F)F,1.179916023
FC(F)C(F)(F)S(=O)(=O)C1=CC(Br)=C(NC(=O)NC(=O)C2=C(F)C=CC=C2F)C=C1,1.369809542
CC(C)(C)C1=CC(=C(I)C(=C1)C(O)(C(F)(F)F)C(F)(F)F)C(O)(C(F)(F)F)C(F)(F)F,2.196464211
CC(=O)CCC(=O)CC(O)(C(F)(F)F)C(F)(F)F,0.703696958
CC(=O)CC(=O)CC(O)(C(F)(F)F)C(F)(F)F,0.664150965
CC[NH+](CC)CC.CC[NH+](CC)CC.[O-]C(CC(=O)CC([O-])(C(F)(F)F)C(F)(F)F)(C(F)(F)F)C(F)(F)F,0.660566721
OC(CC(=O)CBr)(C(F)(F)F)C(F)(F)F,0.887064598
OC(CC1=NC2=CC=CC=C2S1)(C(F)(F)F)C(F)(F)F,2.016621787
C[Si](C)(Cl)CCC(F)(F)C(F)(F)C(F)(F)C(F)(F)C(F)(F)C(F)(F)F,2.435534593
CNC1=C(F)C(F)=C(F)C(F)=C1F,2.249571591
CCCC1=NC(=C(N1CC1=CC=C(C=C1)C1=CC=CC=C1C1=NNN=N1)C(O)=O)C(F)(F)C(F)(F)F,1.624866748
FC(F)(F)C(F)(F)C(F)(F)C(F)(F)C(F)(F)C(F)(F)CCOP(=O)(N1CCOCC1)N1CCOCC1,1.40758496
FC(F)(F)C1=C(Cl)SC(=N1)N(CC=C)C(=O)C1=CC(=CC(=C1)C(F)(F)F)C(F)(F)F,2.444951957
FC1=C(F)C(F)=C(N=[N+]=[N-])C(F)=C1F,2.40597075
CSSC(F)(F)F,1.176096705
OC(F)(F)F,0.29961796
FC1=CC(F)=C(Br)C(F)=C1F,3.013929237
FC(=C(C(F)(F)F)C(F)(F)F)C(F)(F)C(F)(F)F,2.324543404
CP(C(F)(F)F)C(F)(F)F,1.333762619
FC(F)(F)CS(Cl)(=O)=O,0.386635537
FN(F)C(F)(F)N(F)C(N(F)F)(N(F)F)N(F)F,1.002931037
CN(C)C1=C(F)C(F)=C(F)C(F)=C1F,2.279549158
OS(=O)(=O)CC(F)(F)F,0.381794805
FC1=C(F)C(F)=C(NC(=O)NC2=C(F)C(F)=C(F)C(F)=C2F)C(F)=C1F,2.463595551
FC1=C(F)C(F)=C(F)C2=C1NC(=N2)C(F)(F)F,2.320586481
FC1=C(OCC(F)(F)F)C(F)(F)C(F)(F)C(F)(F)C1(F)F,2.382802575
CNC(=S)NNC1=CC(=CC(=C1)C(F)(F)F)C(F)(F)F,2.067851422
FC1=C(F)C(F)(F)C(F)(F)C1=O,2.002898057
FC(F)(F)C(F)(C(F)(F)F)C(F)(F)C(F)(F)C(F)(F)C(F)(F)C(F)(C(F)(F)F)C(F)(F)F,2.531244963
C[Si](Cl)(Cl)CCC(F)(F)C(F)(F)C(F)(F)C(F)(F)C(F)(F)C(F)(F)C(F)(F)C(F)(F)F,2.503458835
FC(F)C(F)(F)C(F)(F)C(F)(F)C(F)(F)C(F)(F)C(F)(F)C(F)(F)F,2.466208995
FCC(CF)(CF)CF,1.696884736
OC(CC(=O)C1=CC=CS1)(C(F)(F)F)C(F)(F)F,1.463986481
FC(F)C(F)(F)OC1=CC=CC=C1,2.529451996
FC(F)C(F)(F)I,2.126644928
[O-][N+](=O)C1=CC=CC=C1C(=O)C=C(C(F)(F)F)C(F)(F)F,2.305318209
FC1=CC=C(C=C1)C(=O)C=C(C(F)(F)F)C(F)(F)F,2.469715628
CC(=O)C(F)(F)C(F)(F)C(F)(F)F,1.570378984
FC(F)=C(F)C(F)(F)C(F)(F)C(F)(F)C(F)(F)C(F)(F)F,2.492145205
FC(F)(C(Cl)=O)C(F)(F)C(Cl)=O,0.848128597
FC(F)(F)N1C(F)(F)C(F)(F)C(F)(F)C(F)(F)C1(F)F,1.718444531
CC(=C)C(F)(F)F,1.735506087
FC(F)(F)C(F)(F)C(F)(F)CCl,1.935012325
OCC(F)(F)C(F)(F)C(F)(F)C(F)(F)C(F)(F)C(F)(F)F,1.959128248
FC1(F)CC1(F)F,2.286396172
FC1=NC(F)=C(F)C(N=[N+]=[N-])=C1F,1.715291503
OS(=O)(=O)CCC(F)(F)C(F)(F)C(F)(F)C(F)(F)C(F)(F)C(F)(F)C(F)(F)C(F)(F)F,2.028648291
FC(F)(F)C1=CC(=CC(=C1)C(F)(F)F)S(Cl)(=O)=O,1.516548278
CC(C)CC(F)(F)F,2.291550667
FC(F)C(F)(F)C(F)(F)C(F)(F)C(F)(F)C(F)(F)C(F)(F)C(F)(F)COC(=O)C=C,2.212893403
CP(C)C(F)(F)F,1.526921824
NCC(F)(F)C(F)(F)F,0.970000068
FC(F)(F)C(F)(F)C(F)(F)C(F)(F)C(=O)OC=C,1.831518136
OCC1=C(F)C(F)=C(F)C(F)=C1F,2.011512261
FC(F)(F)C(I)(C(F)(F)F)C(F)(F)F,2.248016149
CCOCC(F)(F)F,1.192557626
[O-][N+](=O)OOC(F)(F)F,1.594669
OC(F)(F)C(F)(F)C(F)F,1.149497185
OC1=CC=CC(=C1)C(F)(F)C(F)F,1.672351197
FC1(F)C2=C(C(F)(F)C(F)(F)C1(F)F)C(F)(F)C(F)(F)C(F)(F)C2(F)F,2.863969473
FC1=NC(F)=C(F)C2=C1C(F)=NC(F)=C2F,1.904521654
FC(F)(F)C(F)(F)C(=O)OCC=C,1.537563989
FC(F)(Cl)C(F)(F)C(Cl)(Cl)OC(F)(F)C(F)(Cl)Cl,2.009262898
OC(C(F)(F)C(F)(F)F)(C(F)(F)C(F)(F)F)C(F)(F)C(F)(F)F,1.97419589
FC(F)C(F)(F)C(F)(F)Br,1.94459895
FC#CC#CC(F)(F)F,2.496152277
C[Si](C)(C)C#CC(F)(F)F,2.454350479
FC(F)=C(F)C(F)=O,1.27706151
OCC(F)(F)F,0.427296906
CN(C(=O)C(F)(F)F)C(=O)C(F)(F)F,1.117961112
FC1(F)N=N1,0.563783689
Cl.NCCC1=CC(OC(F)(F)C(F)F)=C(OC(F)(F)C(F)F)C(OC(F)(F)C(F)F)=C1,2.615540473
FC(F)(F)C(=O)C1=CC(=CC=C1)C(F)(F)F,2.311492364
OCC1=CC(=NC2=C1C=CC=C2C(F)(F)F)C(F)(F)F,2.064354349
C[Si](Cl)(Cl)CCC(F)(F)C(F)(F)C(F)(F)C(F)(F)C(F)(F)C(F)(F)F,2.400824642
OB(O)C1=CC(=CC(=C1)C(F)(F)F)C(F)(F)F,1.7478443
FC(F)=C(F)C(F)(F)C(F)(F)C(F)(F)C(F)(F)F,2.422644438
FC(F)C(F)(F)OCCC[Si](Cl)(Cl)Cl,1.737366399
FC1=NN=C(F)C(F)=C1F,1.508381951
CCN(CC)CC.NS(=O)(=O)C(F)(F)C(F)(F)C(F)(F)C(F)(F)C(F)(F)C(F)(F)C(F)(F)C(F)(F)F,1.247085654
OC[C@@H](NS(=O)(=O)C1=CC=C(Cl)S1)C(C(F)(F)F)C(F)(F)F,1.422951208
FC(F)(F)C1(SC(S1)(C(F)(F)F)C(F)(F)F)C(F)(F)F,2.507067499
CN(CC(F)(F)F)N=O,1.009740069
CCOCCOC(F)(F)C(F)F,1.308210285
[OH-].C[N+](C)(C)CCCNS(=O)(=O)C(F)(F)C(F)(F)C(F)(F)C(F)(F)C(F)(F)C(F)(F)C(F)(F)C(F)(F)F,1.313104377
[O-][N+](=O)C1=CC(=CC(=C1NN=C(C(F)(F)F)C(F)(F)F)[N+]([O-])=O)C(F)(F)F,2.26762205
FC(F)(F)C(F)(F)C1=NN=C(O1)C(F)(F)C(F)(F)F,1.790579846
FC1=CC(F)=C(F)C2=C1N=C(N2)C(F)(F)F,2.332198516
OCCN(CCO)S(=O)(=O)C(F)(F)C(F)(F)C(F)(F)C(F)F,1.29286457
CC(F)F,1.558197346
OP(O)(=O)OCCC(F)(F)C(F)(F)C(F)(F)C(F)(F)C(F)(F)C(F)(F)C(F)(F)C(F)(F)C(F)(C(F)(F)F)C(F)(F)F,2.125537241
FC(F)(F)C1(C(F)(F)F)C(F)(F)C(F)(F)C(F)(F)C1(F)F,2.597105801
FC(F)(F)C(=CC=C(Cl)Cl)C(F)(F)F,2.290753215
FC(F)(F)C(=CC1=CC=C(Cl)C=C1)C(F)(F)F,2.740857822
FC(F)F,1.479622151
FC(F)(F)C(F)(F)C(F)(F)C(F)(F)N(C(F)(F)C(F)(F)C(F)(F)C(F)(F)F)C(F)(F)C(F)(F)C(F)(F)C(F)(F)F,2.262565679
FC(F)(Cl)Br,1.459679693
CCC(S)=CC(=O)C(F)(F)C(F)F,1.711897127
FC(F)C(F)(F)C(F)(F)C(F)(F)COC(=O)CCCC(=O)OCC(F)(F)C(F)(F)C(F)(F)C(F)F,1.830818829
NC1=NC(=O)C(F)=C(N1)C(F)(F)C(F)(F)F,1.274724839
CCCC(O)(C(F)(F)Cl)C(F)(F)Cl,1.260524244
OC(C1=CC=CC=C1)(C1=CC=CC=C1)C(F)(F)C(F)(F)C(F)(F)F,2.175094029
FC(F)(F)C(F)(F)C(F)(F)C1=NC(=NN1)C(F)(F)C(F)(F)C(F)(F)F,1.904200983
CC1=C(SC=C1)C(=O)CC(=O)C(F)(F)C(F)(F)C(F)(F)F,1.561190821
CC1=CC(C(=O)CC(=O)C(F)(F)C(F)(F)C(F)(F)F)=C(C)O1,1.383153537
FC1=CC2=C(C=C1)N=C(N2)C(F)(F)C(F)(F)F,2.120022932
OC(=O)CCC1=C(F)C(F)=C(F)C(F)=C1F,1.721965592
CC(C)(O)C1=C(F)C(F)=C(F)C(F)=C1F,2.023882034
CC(O)(C#N)C(F)(F)F,0.997601145
FC(F)(F)C1(F)N(CC2=CC=CC=C2)C1(F)F,2.03418233
CCOC(=O)C(C#N)C1=C(F)C(F)=C(C(F)=C1F)C(F)(F)F,2.080433624
FC(F)(Cl)C(=C)C(F)(F)Cl,1.676545623
CC1=CC(=CC=C1)C(=O)C=C(C(F)(F)F)C(F)(F)F,2.249486163
CC(C)(C)C(=O)C=C(C(F)(F)F)C(F)(F)F,2.161677324
COC1=CC=C(C=C1)C(=O)C(C)C(O)(C(F)(F)F)C(F)(F)F,1.702258778
FC1=CC(F)=C(F)C(OC2=C(F)C(F)=C(C(F)=C2F)C2=C(F)C(F)=C(F)C(F)=C2F)=C1F,3.782852954
FC1=C(F)C(F)=C(OC2=C(F)C(F)=C(Cl)C(F)=C2F)C(F)=C1F,3.715715601
OC(=O)C1=C(F)C(F)=C(OC2=C(F)C(F)=C(OC3=C(F)C(F)=C(C(O)=O)C(F)=C3F)C(F)=C2F)C(F)=C1F,2.486860942
CC1=C(F)C(F)=C(OC2=C(F)C(F)=C(F)C(F)=C2F)C(F)=C1F,3.578222867
FC1=CC(F)=C(F)C(NC2=C(F)C(F)=C(Br)C(F)=C2F)=C1F,3.00380213
CC(=O)NC1=C(F)C(F)=C(F)C(F)=C1F,1.750825903
OC1=C(F)C(F)=C(C(F)=C1F)C1=C(F)C=CC(F)=C1F,2.858302856
CC(Cl)(C(Cl)Cl)C(F)(F)F,1.935340041
FC(CC1=CNC(=O)NC1=O)C(F)(F)F,1.061940932
FC(F)(F)C1=C(N=CN1)C(F)(F)F,1.617191229
FC1=C(F)C(F)(F)N(OC1(F)F)C(F)(F)F,1.544264653
FC(F)(F)COS(=O)OCC(F)(F)F,1.193202939
CCOC(=O)CSC1=C(C=C(C)C=C1)C(O)(C(F)(F)F)C(F)(F)F,1.833543758
FC(F)(F)C(F)(F)C(F)(F)C1=NN=NN1CC1(CN2N=NN=C2C(F)(F)C(F)(F)C(F)(F)F)COC1,1.746140563
FC(F)(F)C(F)(F)C(=O)NC(=O)NC1=CC=C(Cl)C=C1,1.544788372
FC(F)(F)C(OCC1CO1)(C1=CC(=CC=C1)C(OCC1CO1)(C(F)(F)F)C(F)(F)F)C(F)(F)F,2.448485502
OC(C1=CC=C(NC(=O)NC(=O)C2=C(F)C=CC=C2F)C=C1)(C(F)(F)F)C(F)(F)F,1.630928119
COC(C1=CC(=CC=C1)C(OC)(C(F)(F)F)C(F)(F)F)(C(F)(F)F)C(F)(F)F,2.506919965
FC(F)(F)SN1COCN(C1)SC(F)(F)F,1.157523329
FC(F)(F)SC1=C(SC(F)(F)F)C(SC(F)(F)F)=C(SC(F)(F)F)N1N1C(SC(F)(F)F)=C(SC(F)(F)F)C(SC(F)(F)F)=C1SC(F)(F)F,2.705855043
CC(C)C1=CC=C(OS(=O)(=O)C(F)(F)C(F)(F)C(F)(F)C(F)(F)F)C=C1,2.009570625
OC1=C(F)C=CC(F)=C1F,1.715707044
FC1=C(C=CC=C1C(F)(F)F)C#N,1.813446996
OC1=C(F)C=C(F)C=C1F,1.660297743
FC(F)(F)P(I)C(F)(F)F,1.639619031
COC(=O)C(F)(F)C(F)(F)C(F)(F)C(F)(F)C(F)(F)C(F)(F)F,1.960399999
FC(F)(F)C(F)(F)C(F)(F)C(F)(F)C(F)(F)C(F)(F)C(F)(F)C(F)(F)C(=O)OCC=C,2.177612033
NC1=NC(=O)C(F)(S1)C(F)(F)F,1.514423276
CC(O)CCC(F)(F)C(F)(F)F,1.356056914
FC(F)OS(=O)(=O)C(F)F,0.312313304
CC(F)(F)C(F)(F)C(F)(F)C(F)F,2.226439454
[O-][N+](=O)C1=CC=C(NC(=O)C(C(F)(F)F)C(F)(F)F)C=C1,1.65787292
FC(F)(F)SNSC(F)(F)F,1.408595347
FC(F)(F)C(Br)(C(F)(F)F)C(F)(F)F,2.05801313
FC(F)(F)C(=O)C(Br)Br,0.802563715
FC(=C(C1=C(C(F)=C(F)C(F)=C1F)C(F)(F)F)C(F)(F)C(F)(F)F)C(F)(F)F,3.196841939
CC(C)CCOC(=O)C[C@H](NC(=O)C(F)(F)C(F)(F)C(F)(F)F)C(=O)OCCC(C)C,1.607788229
FC(F)(Cl)C(F)(Cl)C(F)(Cl)C(F)(Cl)C(F)(Cl)C(F)(F)Cl,2.228368822
FC(F)(F)CCCCBr,1.537637967
FC(F)(F)C1=NC=CN1,1.125222802
FC(=C(Cl)C(F)(F)F)C(F)(F)F,2.09568245
CN(C(=O)C(F)(F)C(F)(F)C(F)(F)F)C(=O)C(F)(F)C(F)(F)C(F)(F)F,1.545962855
FC1=C(F)C(F)=C(F)C(=C1)C#N,2.139374367
FC1=C(F)C(F)=C(CC2=C(F)C(F)=C(F)C(F)=C2F)C(F)=C1F,3.25233595
FC(F)(F)C(F)(F)C(F)(F)C=CI,2.196790057
FC(F)(F)C1=CC(Cl)=C(C=C1)C(F)(F)F,2.902358094
FC(C(F)(F)F)C(F)(F)OC1=C(Cl)C=C(NC(=O)NC(=O)C2=C(F)C=CC=C2F)C(F)=C1Cl,2.448562142
[O-][N+](=O)C1=CC=C(C=C1)C(C(F)(F)F)(C(F)(F)F)C(F)(F)F,2.404571503
FC1=C(F)C(F)=C(C(C(C2=C(F)C(F)=C(F)C(F)=C2F)C2=C(F)C(F)=C(F)C(F)=C2F)C2=C(F)C(F)=C(F)C(F)=C2F)C(F)=C1F,3.501665658
FC(F)(F)C(F)(F)C1=C(C(F)(F)C(F)(F)F)C2(N1C(=C2C(F)(F)C(F)(F)F)C(F)(F)C(F)(F)F)C(F)(F)C(F)(F)F,2.739102288
NC1=C(C=CC(=C1)C(F)(F)F)C(F)(F)F,2.020924809
OC(=O)C1=CC=CC=C1NC(=O)C(F)(F)C(F)(F)C(F)(F)F,1.144001508
NC1=CC=C(SC(F)(F)C(F)(F)C(F)(F)F)C=C1,1.687788528
COC1=NC(OC)=NC(NC(=O)CCCC(=O)OCC(F)(F)C(F)F)=C1,1.033712794
CCOCCOC(NC(=O)OCC)(C(F)(F)F)C(F)(F)F,1.605541824
FC1=C(F)C(F)=C(C(F)=C1F)C1=CC(=O)C2=C(O1)C(F)=C(F)C(F)=C2F,2.993269094
FC(F)(F)C1(F)C(F)(F)C(F)(F)C(F)(F)C(F)(C(F)(F)F)C1(F)F,2.564401753
OC(=O)C(O)(C(F)(F)F)C(F)(F)F,0.710892147
OC(=O)C(F)(F)C(F)(F)C(F)(F)C(F)(F)C(F)(F)C(F)(F)C(O)=O,1.103805808
OCC(F)(F)C(F)(F)C(F)(F)C(F)(F)C(F)(F)C(F)(F)C(F)(F)C(F)(F)C(F)(F)F,2.186873646
FC(F)(F)C1=CC(=CC(=C1)N=C=O)C(F)(F)F,2.398941009
FC(F)(F)C(=O)N=C=O,0.982499123
FC(F)(F)C(F)(F)C(F)(F)C(F)(F)C(F)(F)C(F)(F)C(F)(F)COCC=C,2.277155261
FC(F)C(F)(F)C(F)(F)C(F)(F)COS(=O)(=O)OCC(F)(F)C(F)(F)C(F)(F)C(F)F,1.864829494
FC(F)(F)C1=CC=CC(=C1C#N)C(F)(F)F,2.196070153
CCNC1=CC(=CC(=C1)C(F)(F)F)C(F)(F)F,2.442095708
FC(F)(F)C1=CC(=CC(=C1)N1C=CC=C1)C(F)(F)F,2.612544506
OC(=O)C(F)(F)C(F)(Br)C(F)(F)Cl,0.947565802
FC(F)(F)C(F)(F)C(F)(F)C(C=CBr)(C(F)(F)F)C(F)(F)F,2.505626255
FC1(F)C(F)(F)C(F)(F)C(F)(Br)C(F)(F)C1(F)F,2.453517073
FC(F)(F)C(F)(Br)C(Cl)=O,1.20231911
FC(F)=C(F)CCCCBr,1.761709099
FC(Cl)C(F)(F)OCCCl,1.351651855
FC(F)(Br)C(F)(F)C(F)(F)C(F)(F)Br,2.119245929
FC(F)(Br)C(F)(F)C(Br)=C,1.802772405
FC(F)C(Cl)=O,0.406010293
OC(=O)CC1=C(F)C(F)=C(C=C1)C(F)(F)F,1.490576833
FC(F)(I)I,2.781861155
FC1=CC=CC(=C1CBr)C(F)(F)F,2.374615419
FC1=CC(CBr)=C(C=C1)C(F)(F)F,2.387745338
FC(F)(F)C1=CC(C#N)=C(C=C1)C(F)(F)F,2.170608507
NC(CC1=CC(=CC(=C1)C(F)(F)F)C(F)(F)F)=NO,2.157020439
OCCS(=O)(=O)C1=CC(=CC(=C1)C(F)(F)F)C(F)(F)F,1.354440084
CC(C)(C)OC(=O)N=C(C(F)(F)F)C(F)(F)F,1.986103479
NC1=CC=CC=C1C(O)(C(F)(F)F)C(F)(F)F,1.585211583
FC(F)(F)C(CCI)(C(F)(F)F)C(F)(F)F,2.021974857
FC(F)(F)C(F)(F)C(F)(F)C(F)(F)C(F)(F)C(F)(F)C(F)(F)C(F)(F)C(F)(F)COC(=O)C=C,2.265509933
[O-]S(=O)(=O)C(F)(F)F.FC(F)(F)C(F)(F)C(F)(F)C(F)(F)C(F)(F)C(F)(F)C(F)(F)C(F)(F)[I+]C1=CC=CC=C1,1.604744943
COC(=O)C(F)(F)OC(F)(F)C(F)(F)OC(F)(F)C(F)(F)OC(F)(F)F,1.623893456
FC(F)(F)CCCCI,1.607057257
FC(F)(F)C(F)(F)C(F)(F)C(F)(F)C(=O)OC(=O)C(F)(F)C(F)(F)C(F)(F)C(F)(F)F,1.952656026
FC(F)(F)C(I)(CCl)C(F)(F)F,2.020996722
NC1=C(N)C(F)=C(F)C(F)=C1F,1.91921229
FC(F)(Cl)C(F)(F)C(F)(F)C(F)(F)C(F)(F)C(F)(F)C(F)(F)C(F)(F)C(F)(F)C(F)(F)Cl,2.456582371
NC(=O)C1=CC(=C(F)C(F)=C1)C(F)(F)F,1.785718349
NC1=CC(F)=CC(=C1N)C(F)(F)F,2.020107632
OC1=C(C=CC(F)=C1)C(F)(F)F,1.730606523
OC(=O)CCC(C(F)(F)F)(C(F)(F)F)C(F)(F)C(F)(F)C(F)(F)F,1.852905354
OC(=O)CCC(F)(F)C(F)(F)C(F)(F)F,1.326140503
FC(F)(F)C(F)(F)C(F)(F)[C@H]1CCCC[C@H]1I,2.086037036
CC(=C)C(=O)OC1=CC=C(C=C1)C(C1=CC=C(OC(=O)C(C)=C)C=C1)(C(F)(F)F)C(F)(F)F,2.642345577
FC(F)(F)OC1=CC2=C(NC(=CC2=O)C(F)(F)F)C=C1,2.367858311
COC(=O)C(F)(F)C(F)(F)C(F)F,1.376240868
COC(=O)C(F)(F)C(F)(F)C(F)(F)C(F)(F)C(F)(F)C(F)(F)C(F)(F)C(F)(F)C(F)(F)C(F)(F)C(F)(F)C(F)(F)C(F)(F)C(F)(F)C(F)(F)C(F)(F)C(F)(F)F,2.430905445
COC(=O)C(F)(F)C(F)(F)C(F)(F)C(F)(F)C(F)(F)C(F)(F)C(F)(F)C(F)(F)C(F)(F)C(F)(F)F,2.192839788
OCCCCCCC(F)(F)C(F)(F)C(F)(F)C(F)(F)F,1.825708633
FC(F)(F)C(CC1CO1)(C(F)(F)F)C(F)(F)F,2.107815333
FC(F)C(F)(F)C(F)(F)C(F)(F)C(Cl)=O,1.722234697
OB(O)C1=C(F)C(F)=C(F)C(F)=C1F,1.787240076
OC1=CC=C(OC(F)(F)C(F)(F)F)C=C1,2.276021676
CC(=C)C(=O)OCC1(F)C(F)(F)C(F)(F)C(F)(F)C(F)(F)C1(F)F,2.223458992
FC(F)C(F)(F)C(F)(F)C(F)(F)C(F)(F)C(F)(F)C(Cl)=O,2.026075501
FC(F)C(F)(F)C(F)(F)C(F)(F)C(F)(F)C(F)(F)I,2.325216389
FC(F)(F)C(F)(C(F)(F)F)C(F)(F)C(F)(F)CC1CO1,2.043256505
FC(F)(F)C(F)(F)C(F)(F)C(F)(F)C(F)(F)C(F)(F)C(F)(F)C(F)(F)C(Cl)=O,2.190203128
OCC(F)(F)C(F)(F)C(F)(F)C(F)(F)C(F)(F)C(F)(F)C(F)F,2.039423002
CC(C)C(=O)OCCC(F)(F)C(F)(F)C(F)(F)C(F)(F)C(F)(F)C(F)(F)F,2.079113604
FC(F)(F)C(F)(F)C(F)(F)C(F)(F)C(F)(F)C(F)(F)C(F)(F)C(F)(F)C(F)(F)C(F)(F)C(F)(F)C(F)(F)C(F)(F)F,2.586331988
OCC(F)(F)C(F)(F)C(F)(F)C(F)(F)C(F)(F)C(F)(F)C(F)(F)C(F)(F)C(F)(F)C(F)(F)F,2.235032771
NC1=CC2=C(OC(F)(F)C(F)(F)O2)C=C1,2.154769703
FC(=O)C(F)(F)C(F)(F)C(F)=O,0.993599565
FC(I)C(F)(F)F,1.923371587
FC1=C(F)C(F)=C(F)C(CC#N)=C1,2.330635469
OC1=C(F)C(F)=C(C(F)=C1F)C(F)(F)F,1.997522573
FC1(F)C(F)(F)C(Br)(Br)C1(F)Br,2.389889479
FC(F)(Cl)C(F)(Cl)C(Cl)=C,1.827475585
FC(F)(F)COC(F)(F)F,1.437327094
OC1=CC(F)=C(F)C(F)=C1,1.749608812
C[Si](C)(C)OS(=O)(=O)C(F)(F)C(F)(F)C(F)(F)C(F)(F)F,1.502841786
NC1=C(C=C(C=C1C(F)(F)F)C(F)(F)F)C(F)(F)F,2.35068676
OCC(F)(F)OC(F)(F)C(F)(F)OC(F)(F)C(F)(F)OC(F)(F)CO,1.338906276
FC(F)(F)C1=CC(=C(C=C1)C(F)(F)F)S(Cl)(=O)=O,1.580337432
FC(F)(CC=C)C(F)(F)C(F)(F)C(F)(F)CC=C,2.319482681
FC(F)(F)C1=CC(=CN=C1)C(F)(F)F,1.963466163
FC(F)C(F)(F)COC(F)(Br)C(F)(Br)C(F)(F)F,1.933077211
FC(C(Cl)C(F)(F)F)C(F)(F)F,1.979195821
OC1=C(O)C(F)=C(F)C(F)=C1F,1.602143519
NCC(F)(F)C(F)(F)C(F)(F)C(F)(F)CN,1.055907677
CC(C=O)C(F)(F)F,1.415854037
OC(C1=CC=C(C=C)C=C1)(C(F)(F)F)C(F)(F)F,1.927775822
CON(C)C(=O)C(F)(F)F,0.687110979
OCC(F)(F)C(F)(F)C(F)(F)C(F)(F)C(F)(F)F,1.811492047
FC1=C(F)C(OCC(F)(F)F)=C(F)C(F)=C1OCC(F)(F)F,2.652573871
OC(=O)C(F)(F)C(F)(F)Cl,0.448438857
FC(F)(F)C(F)(Cl)C(Br)=O,1.236546196
FC(=O)C(F)(F)I,1.314079866
FC(F)C(F)(F)C(F)(F)C(F)(F)C(F)(F)C(F)(F)COC(=O)C(F)=C,2.139062316
C[Si](C)(C)OS(=O)(=O)C(F)(F)C(F)(F)OC(F)(F)C(F)(F)F,1.45228154
COC(=O)CC(=O)C(F)(F)C(F)(F)C(F)(F)C(F)F,1.325087824
OCCC(F)(C(F)(F)F)C(F)(F)F,1.453163912
FC1=C(F)C(F)=C(C(F)=C1F)C(Cl)(Cl)Cl,3.124454546
NC(NC1=CC(=CC(=C1)C(F)(F)F)C(F)(F)F)=NC1=NC(=O)C=C(N1)C(F)(F)F,1.870659848
FC(F)(F)C1CCCN1,0.717740977
FC(F)(F)C(F)(F)C(F)(F)C(F)(F)C(F)(F)C(F)(F)C(F)(F)C(F)(F)C(F)(F)C(F)(F)C(F)(F)C(F)(F)CC[Si](Cl)(Cl)Cl,2.668220061
FC(F)=C(F)C(F)(F)OC(F)(F)F,1.91926628
OB(O)C1=CC(F)=C(F)C(F)=C1F,1.822164209
FC1=NC(F)=C(F)C(F)=C1,2.042067183
OC1=C(F)C(F)=C(C(F)=C1F)C1=C(F)C(F)=C(F)C(F)=C1F,2.845574219
FC(F)(F)CC(Cl)=O,0.943942942
FC(F)(F)C1=CC(=O)C2=C(N1)C=C(C=C2)C(F)(F)F,2.151052333
CC(C)(C)C(=O)CC(O)(C1=CC=CC=C1)C(F)(F)C(F)F,1.752216193
CC(C)(C)C1(C)OC(O)(CC1=O)C(F)(F)C(F)F,1.42687843
[O-]C(=O)C(F)F,0.257507785
OC1=C(C=CC(=C1)C(F)(F)F)C(F)(F)F,1.942455719
FC(F)(F)C(F)(F)COCC=C,1.722889685
FC(=C(F)C(F)(F)Cl)C(F)(F)Cl,2.03466528
OC1=C(F)C(F)=C(F)C=C1F,1.872226138
FC(=C(F)C(F)(F)Br)C(F)(F)Br,2.063930939
FC(F)(F)C(F)(F)C(F)(F)C(F)(F)S(=O)(=O)OC=C,1.50231794
FC(F)(F)C1=CC=CC(=C1)C1=CC(=CC=C1)C(F)(F)F,2.980991086
OCCNC(=O)C(F)(F)C(F)(F)C(F)(F)F,1.103879153
NNC(=O)C(O)(NN)C(F)(F)C(F)F,0.871267156
OC(=O)C(F)(F)OC(F)(F)F,0.498263716
[O-]C(=O)C1=CC=C(NC(=O)C(F)(F)C(F)(F)OC(F)(F)F)C=C1,1.367580776
FC1=NC(F)=C(F)C(NCCCN(CCCNC2=C(F)C(F)=NC(F)=C2F)C2=C(F)C(F)=NC(F)=C2F)=C1F,1.885907597
FC(F)(Br)C(F)(F)Br,1.787921543
CC1=C(C)C(=CC=C1)N1C(=S)NN=C1C1=CC(OC(F)(F)C(F)F)=CC=C1,2.448909472
FC1=C(F)C(F)=C(C#C)C(F)=C1F,2.678801092
FC(F)(F)C(Br)=O,0.871930298
FC(=O)C(F)(F)C(F)(F)C(F)(F)F,1.691725045
FC(F)(F)C(Cl)C(F)(F)Cl,1.838167699
FC(C(F)(F)F)C(F)(Cl)Cl,1.85008621
OC(=O)C1=C(O)C=C(OCC(F)(F)C(F)(F)F)C=C1,1.187792014
FC1C(F)C(F)C(C(F)C1F)C(F)(F)C(F)(F)C(F)(F)F,2.550715921
C[C@H](O)C1=CC(=CC(=C1)C(F)(F)F)C(F)(F)F,1.989142023
FC(F)(F)C(OCOC(C(F)(F)F)C(F)(F)F)C(F)(F)F,2.063577747
FC(F)(F)C1=CC(=CC(CC=O)=C1)C(F)(F)F,2.311694441
FC(F)=C(F)N(C(F)(F)F)C(F)(F)F,1.563861175
FC(F)(F)C(F)(F)C(F)(F)OC(F)(C(=O)OOC(=O)C(F)(OC(F)(F)C(F)(F)C(F)(F)F)C(F)(F)F)C(F)(F)F,2.111699841
FC(F)(F)C(F)(F)C(F)(F)C(F)(F)C(F)(F)C(F)(F)CCN=[N+]=[N-],2.195628228
CCOC(=O)C1=CN=C(N=C1C(F)(F)F)C(F)(F)F,1.936934783
NS(=O)(=O)C1=NN=C(NS(=O)(=O)C(F)(F)C(F)(F)C(F)(F)C(F)(F)F)S1,1.113136435
FC(F)(F)OCCOS(=O)(=O)C(F)(F)F,0.87981364
[H]C12C=CC([H])(C=C1)C(=C2C(F)(F)F)C(F)(F)F,2.838372524
OC(O)C(F)(F)C(F)(F)C(F)(F)C(F)(F)C(F)(F)C(F)(F)F,1.737327678
FC(F)(F)C(F)(C(F)(F)F)S(=O)(=O)C(F)(F)F,1.470836749
CCOC(=O)CC(F)(F)C(F)(F)F,1.383962565
FC1=C(C(F)(F)C(F)(F)F)C(F)(F)C(F)(F)C(F)(F)C1(F)F,2.611009723
FC(F)(Cl)C(F)(F)C(F)(F)C(F)(F)C1=CC=CN1,1.963275493
FC(F)(F)C(F)(F)C(F)(F)OC(F)(F)C(F)(F)I,2.061321192
C[Si](C)(C)OCC(F)(F)F,1.576430152
FC(F)(F)C(Br)C(F)(F)F,1.855234953
CC(=O)CCC(F)=C(F)F,1.166820579
FC(F)(F)N(ON(C(F)(F)F)C(F)(F)F)C(F)(F)F,1.376360179
FC(F)(F)C(F)(F)C(F)(F)C(F)(F)C(F)(F)C(F)(F)C(F)(F)COS(=O)(=O)C(F)(F)F,1.967726714
NC1=C(C#N)C(=N)C(F)(F)C(F)(F)C1(F)F,1.48338777
FC(F)OC1=CC=C(C=C1)C(F)(F)F,2.511139424
CCCCCC(I)CC(F)(F)C(F)=C(F)F,2.341347683
OC(=O)C(F)(F)OC(F)(F)C(F)(F)S(F)(=O)=O,0.423160044
FC(F)(F)C1=CC(=C(C=C1C(F)(F)F)C(F)(F)F)C(F)(F)F,3.099295467
FC(F)(F)C(=C1C(F)(F)C(F)(F)C1(F)F)C(F)(F)F,2.857053466
FC(F)C1=C(F)C(F)=C(F)C(F)=C1F,2.836620877
OC1(CC(=NO1)C1=CC=CC=C1)C(F)(F)C(F)F,1.807095099
COC(=O)C1=CC=C(OS(=O)(=O)C(F)(F)C(F)(F)C(F)(F)C(F)(F)F)C=C1,1.577053326
FC1(F)C(=O)C(F)(F)C(F)(F)C1(F)F,2.026392802
OC(=O)CC(F)(F)C(F)(F)C(F)(F)C(F)(F)Cl,1.460669843
C[Si](C)(C)SC(F)(F)F,2.01893344
CC1=C(C=CC(F)=C1)C(F)(F)F,2.410593308
CC(C(O)=O)C(F)(F)F,0.290282601
C[C@@H](C=O)C(F)(F)F,1.342308215
FC1(F)C(F)(F)C(F)(F)C2(F)C(F)(F)C(F)(F)C(F)(F)C(F)(F)C2(F)C1(F)F,2.685163551
CC(=O)SCC(F)(F)F,1.184004467
COC1=CC=C(C=C1)C(Cl)(C1=CC=C(CCC(F)(F)C(F)(F)C(F)(F)C(F)(F)C(F)(F)C(F)(F)C(F)(F)C(F)(F)F)C=C1)C1=CC=C(OC)C=C1,2.793768385
OC1(OC(C2=CC=CC=C2)C1(F)F)C(F)(F)F,1.874785524
FC(F)(Br)I,2.045904277
F\C=C(\F)C(F)(F)C(F)(F)C(F)(F)C(F)(F)C(F)(F)F,2.48305206
CCNC1=CC=C(C=C1)C(O)(C(F)(F)F)C(F)(F)F,1.803855027
FC(F)(F)C(F)(F)C(F)(F)C(F)(F)C(F)(F)C(F)(F)CCOC(=O)CBr,1.88278278
FCN(C(F)F)S(F)(=O)=O,0.087611013
FC(F)(F)C(F)(F)C(F)(F)C(F)(F)C(F)(F)C(F)(F)C(F)(F)C(F)(F)C1CO1,2.325651935
COC(=O)C(Br)P(=O)(OCC(F)(F)F)OCC(F)(F)F,0.902539088
NC(=O)C1=NC(=NN1)C1=CC=CC(=C1)C1=CC(F)=CC=C1OCC(F)(F)C(F)(F)F,2.198516481
FC(F)(F)C(F)(F)C(F)(F)C(F)(F)I,2.213555045
[O-][N+](=O)C1=CC=C(C=C(C(F)(F)F)C(F)(F)F)C=C1,2.186131794
C[C@](O)(C(N)=O)C(F)(F)F,0.579169117
FC(F)(F)C(F)(F)COCC1CO1,1.514354029
FC(F)(F)SC1CCCCC1SC(F)(F)F,1.911303282
CCOP(=O)(CCC(F)(F)C(F)(F)C(F)(F)C(F)(F)C(F)(F)C(F)(F)C(F)(F)C(F)(F)F)OCC,1.964865033
CCN(CC)C(F)(F)C(F)F,0.888356068
CCOC(=O)C1=C(N)N=C(C=C1C(F)(F)F)C(F)(F)F,2.040742906
OC1=CC=C(C=C1)C(F)(F)C(F)(F)C(F)(F)F,1.805808826
NC1=CC=C(OC(F)(F)C(F)(F)C(F)(F)C(F)(F)F)C=C1,2.174807179
FC(F)(F)N=C=O,0.495425929
FC(F)C(F)(F)C(F)(F)C(F)(F)C(F)(F)C(F)(F)COC1=CC=C(C=C)C=C1,2.322892858
NC1=NC(F)=C(F)C=C1F,1.323454348
FC(F)(F)C(F)(F)C1(F)OC1(F)C(F)(F)F,2.364682827
FC1=CC(I)=C(F)C(F)=C1F,3.396434667
FC1=C(F)C2=CC(=C(F)C(F)=C2C(F)=C1F)C1=C(F)C2=C(C(F)=C(F)C(F)=C2F)C(F)=C1F,3.488101672
FC(F)(F)C(N=C=O)C(F)(F)F,1.338258682
FC(F)C(F)(F)C1(F)OC1(F)F,2.025051415
FC(F)(F)NOC(F)(F)F,0.824277296
FC(=O)C(F)(F)C(F)(F)C(F)(F)I,1.673138868
CCC(C)C(F)(F)F,2.291534654
OC(=O)C1C(F)(F)C1(F)F,0.955956809
FC(F)(F)C(F)(F)C(F)(F)C(F)(F)S(=O)(=O)CC#N,1.536584402
FC(=O)C1=C(F)C(F)=C(F)C1(F)F,1.83845455
FC(F)C(F)(F)C(F)(F)C(F)(F)COCl,1.890215689
FC(F)(F)C(=C=O)C(=O)C(F)(F)C(F)(F)F,1.64223537
FC(F)(F)C(F)(F)C(F)(F)C(=O)C1=CC(Br)=CC(Br)=C1,2.480789494
FC1=C(F)C(F)(F)C(Br)=C(F)C1(F)F,2.517723522
FC1=NC(F)(F)C(F)(F)C(F)=C1F,1.763200534
FC(F)C(F)(F)C(F)(F)C(F)(F)C(F)(F)C(F)(F)COS(Cl)=O,1.909030012
FC(F)(F)N=[N+]=[N-],0.782535365
CC(F)C(C)F,2.079233612
CC(C)C(=O)C(F)(C(F)(F)F)C(F)(F)F,1.718872789
COC(F)(C(=C(F)F)C(F)(F)F)C(F)(F)C(F)(F)F,2.133234709
CCC\C=N\CC(F)(F)F,1.584645107
CCCNCC(F)(F)F,0.812678738
FC1=NC=C(F)C(F)=N1,1.128482572
CN(CC(F)(F)C(F)F)C1=CC=CC=C1,1.872639101
CN1C=C(SC(F)(F)F)C=C1SC(F)(F)F,2.012346812
COC(=O)C1=CC(=CC=C1)C(F)(F)C(F)(F)C(F)(F)C(F)(F)C(F)(F)C(F)(F)C(F)(F)C(F)(F)F,2.209499153
FC(F)(F)C1=NN=C(Br)S1,1.488719014
FC1=C(F)C2(F)C=CC1(F)C2(F)F,2.704720993
COC1=C(F)C=C(C=C1)C(F)(F)F,2.401916739
FC(F)(C(=O)C1=CC=CC=C1)C(F)(F)C(F)(F)C(F)(F)C(=O)C1=CC=CC=C1,2.006583535
OC(=O)CC(=O)C(F)(F)F,0.206828312
FC(F)(F)C1CS1,1.702265876
Cl.C[C@H](N)C(F)(F)F,0.701241525
CC1=C2C(=C(F)C(F)=C1F)C(F)(C(F)=C(F)C2(F)F)[N+]([O-])=O,2.414724381
FC1=C(C(F)(F)F)C(F)(F)C(F)(F)C(Cl)C1(F)F,2.52856485
CCC(C(F)(F)F)(C(F)(F)F)P(=O)(OC)OC,1.26055479
CCN(CC)C1(OCCC(C)O1)C(F)C(F)(F)F,1.251345165
FC(F)(F)C1=NN(CN2CSC(=N2)C(F)(F)F)CS1,1.553355558
FC(F)=NC(F)(F)C(F)(Cl)Br,1.479747673
FC(CC=C)C(F)(F)Cl,1.871045835
FC(F)C(F)(F)OC(F)(F)C(F)(F)S(Cl)(=O)=O,1.181055481
CCCCCCCCCCCCOC(=O)C(F)C(F)(F)F,1.890185703
COC(O)C(F)(F)C(F)(F)C(F)(F)C(F)(F)Cl,1.413677152
CC[Si](CC)(CC)OC1=CC(=O)C1(C(F)(F)F)C(F)(F)F,2.525700446
FC1=C(F)C(=O)C(F)(F)C(F)(F)C(F)=C1F,2.164559092
FC(F)(C1=CC=CC=C1)C(F)(F)C(F)(F)C1=CC=CC=C1,2.410098402
FC(F)(F)C(F)(F)C(F)(F)C(F)(F)C1=NC2=CC=CC=C2NC1=O,1.738996517
C[Si](C)(C)OCC(F)(F)C(F)(F)F,1.769975905
FC1=C(F)C(F)=C(F)C2=C1C(F)(F)C(F)(Br)C2(F)F,2.990143338
COC(=O)CC(=O)C(F)(F)C(F)(F)C(F)(F)F,1.139840142
FC(F)(F)CCC1=CC=C(CCC(F)(F)F)C=C1,2.071909584
ONC(=O)C(F)(F)C(F)(F)C(F)(F)C(F)(F)C(F)(F)C(F)(F)C(F)(F)F,1.90359788
FC(=C(C(F)(F)F)C(F)(F)F)C(F)(N1CCCC1)C(F)(F)F,1.871524692
OC(CSC1=CC=CC=C1)C(F)(F)C(F)(F)C(F)(F)C(F)(F)C(F)(F)C(F)(F)F,1.892345661
FC(C(F)(F)F)C(F)(F)C(C1=CC=CC=C1)C1=CC=CC=C1,2.66823206
FC(F)(F)C(F)(F)N(Br)Br,1.295076183
CC1=CC=C(C=C1)C(CS(=O)(=O)C(F)(F)C(F)(F)C(F)(F)C(F)(F)C(F)(F)C(F)(F)F)SC1=CC=CC=C1,1.969099171
FC(F)(Cl)C(F)(F)C(F)(F)C(F)(F)Br,2.096150391
FC(F)C(C(F)F)(C(=O)C(F)(F)F)C(F)(F)F,2.034947398
FC(F)(F)C(F)(F)N1SSSN1C(F)(F)C(F)(F)F,2.242324943
FC(F)(F)N1C(F)(F)C(F)(F)N(C(F)(F)F)C1(Br)Br,1.255690103
FC(F)(F)C1=CC(=C2C=CC(=O)C=C2N1)C(F)(F)F,2.628268983
CC(=O)N1C2=C(OC3=C1C(F)=C(F)C(F)=C3F)C(F)=C(F)C(F)=C2F,2.320958695
OC1=CC=CC=C1SCC(F)(F)C(F)F,1.858617157
FC(F)(F)C(F)(F)C(F)(F)C(F)(F)C(F)(F)C(F)(F)C(F)(F)C(F)(F)C1=CNN=C1,2.247333952
FC(F)(F)OC(Cl)C(F)(F)F,1.535422721
FC(F)(F)C(F)(F)C(F)(F)C(F)(F)C(=O)CCC1=CC=CC=C1,1.901869425
[O-][N+](=O)C(F)C(F)(F)F,1.00999255
FC1=CC=C(C=C1)C(Br)(C(F)(F)F)C(F)(F)F,2.638672695
COC#CP(C1=C(F)C(F)=C(F)C(F)=C1F)C1=C(F)C(F)=C(F)C(F)=C1F,3.138448459
CCO[Si](OCC)(OCC)C1CC(F)(F)C1(F)F,1.880943149
CC(C)OC1=C(F)C(F)=C(F)C(F)=C1F,2.713993485
CC(C)(O)C(F)(F)C(F)C(F)(F)F,1.337457893
FC(Cl)C(F)=O,0.345412086
CC(=O)C(F)=C(F)F,1.098670601
CN(C)CC(F)(F)C(F)(F)C(F)(F)C(F)(F)C(F)(F)C(F)F,1.989372418
FC(F)(F)OC(F)(F)C(F)(F)OC(F)(F)C(F)(F)OC(F)(F)C(F)(F)OC(F)(F)F,1.946370538
FC1=NC(F)=C(F)C(F)=C1C#N,1.407767561
FC(F)(F)P(Cl)(=O)CCl,0.878852727
FC(F)(F)C(F)(OC(F)(F)C(F)(F)C(F)(F)C(F)(F)I)C(F)(F)F,2.264043848
CC(O)(CN)C(F)(F)F,0.598352317
FC(F)C(F)(F)C(F)(F)I,2.079829641
OC(=O)C#CC(F)(F)C(F)(F)C(F)F,1.893796991
FC(F)C1=C(Cl)N=C(F)S1,1.493994362
FC(=O)C(F)(F)C(=O)C(F)(F)C(F)=O,0.556253211
OCC(F)(F)C(F)Cl,0.677364452
FC1(F)C2CC2C1(F)F,2.980437961
CCOC(=O)C(F)(F)C(F)(F)C(F)=O,1.030918355
CC(O)(C(N)=O)C(F)(F)F,0.552362323
OCCC(F)(F)C(F)(F)C(F)(F)C(F)(F)C(F)(F)C(F)(F)C(F)(F)C(F)(F)C(F)(F)F,2.196450015
COC(=O)CCC(F)(F)C(F)(F)C(F)(F)C(F)(F)C(F)(F)C(F)(F)F,1.969818102
FC1(F)OC2(OC1(F)F)OC(F)(F)C(F)(F)O2,1.488119203
FC(F)C(F)(F)C(F)(F)C(F)(F)C(F)(F)C(F)(F)COCC=C,2.222113654
FC(F)C(F)(F)OCC1=CC=CC=C1,1.934262842
FC(F)(F)OC(F)(F)C(F)(C(F)(F)F)C(F)(F)F,2.027047367
FC(=C)C(=O)OC1=C(F)C(F)=C(F)C(F)=C1F,2.694436804
CCCCC(I)CC(F)(F)C(F)(F)F,2.135248152
FC(F)(F)C(C1=CC=C(S)C=C1)(C1=CC=C(S)C=C1)C(F)(F)F,2.813582279
FC1=C(F)C(=C(F)C(F)=C1C1=CC=CC=C1)C(F)(F)F,3.119921979
CCCCCCCOC(=O)C(F)C(F)(F)C(F)(F)C(F)(F)C(F)(F)C(F)(F)C(F)(F)F,2.069036646
FC(F)(F)C(I)C(F)(F)F,2.05734364
OC(CC#C)C(F)(F)C(F)(F)C(F)(F)C(F)(F)C(F)(F)C(F)F,2.131277013
FC(F)(C(F)(F)C(F)(F)S(F)(=O)=O)C(F)(F)S(F)(=O)=O,0.95048758
NNC1=C(Cl)C=C(C(F)=C1F)C(F)(F)F,2.452305243
NC1=C(F)C=CC(OC(F)(F)F)=C1,2.212346235
FC(F)(F)C(=C(C(F)(F)F)C(F)(C(F)(F)F)C(F)(F)F)C(F)(F)F,2.735537479
FC(F)(F)C(C1=CC=C(C=C1)C#C)(C1=CC=C(C=C1)C#C)C(F)(F)F,2.756710188
COC(=O)C(F)(F)C(F)(Br)C(F)(F)Br,1.450003258
COC(F)(F)C(F)(F)C(F)(F)C(F)(F)C(F)(F)C(F)(F)OC,1.999413595
OC1=C(C=C(C=C1C(F)(F)F)C(F)(F)F)C(F)(F)F,2.239223162
FCC(F)(F)C(F)(Cl)Cl,1.722290529
FCC(F)(F)C(Cl)(Cl)Cl,1.684967937
CC(=C)CC(F)(F)F,1.658040564
C[Si](C)(C)C(I)CC(F)(F)C(F)(F)C(F)(F)F,2.33548127
OCC(I)CC(F)(F)C(F)(F)C(F)(F)F,1.396957962
FC(F)(F)C(F)(F)C(F)(F)C(F)(F)C(F)(F)C(F)(F)C(F)(F)C(F)(F)C1=CC(=CC=C1)S(Cl)(=O)=O,2.004658027
CC(C)(COC(F)(F)C(F)F)COC(F)(F)C(F)F,2.021486975
OC(C(F)F)(C(F)(F)F)C(F)(F)F,1.299506803
FC1=C(F)C(F)=C(N\N=N\C2=C(F)C(F)=C(F)C(F)=C2F)C(F)=C1F,2.83765412
FC(F)(F)C(F)(F)C(F)(F)C(F)(F)C(F)(F)C(F)(F)C(F)(F)C(F)(F)CCCCI,2.260005299
OCC(O)C(F)(F)C(F)C(F)(F)F,1.176126364
OC(C(F)F)C(F)F,0.669693454
CB(C)C1=C(F)C(F)=C(F)C(F)=C1F,2.880207404
OCC(I)CC(F)(F)C(F)(F)C(F)(F)CC(I)CO,1.123385389
FC(F)(F)C(F)(F)SCl,1.582274342
COC(=O)C1=CC(SC(F)(F)C(F)(F)C(F)(F)F)=CC=C1,1.871516126
OC(=O)C1=CC=C(C=C1)S(=O)(=O)C(F)(F)C(F)(F)C(F)(F)F,0.756691005
[O-][N+](=O)C1=CC=CC(=C1)C(F)(F)C(F)(F)C(F)(F)C(F)(F)Cl,2.103201193
OCC1=C(F)C(F)=C(OC(F)F)C(F)=C1F,2.122960406
FC1=CC(=CC(F)=C1F)B(C1=CC(F)=C(F)C(F)=C1)C1=CC(F)=C(F)C(F)=C1,3.771416463
CCO[Si](CCC(F)(F)C(F)(F)C(F)(F)C(F)(F)C(F)(F)F)(OCC)OCC,1.800994943
CC(=O)C(F)(F)C(F)(F)C(F)(F)C(F)(F)C(F)(F)F,1.914728775
CC(F)CC(F)(F)F,1.759474249
FC(OC(F)(F)C(F)(F)S(F)(=O)=O)C(F)(F)F,1.248051003
NCC1=CC=C(CCC(F)(F)C(F)(F)C(F)(F)C(F)(F)C(F)(F)C(F)(F)C(F)(F)C(F)(F)F)C=C1,1.995965282
CC(C)[SiH](CCC(F)(F)C(F)(F)C(F)(F)C(F)(F)F)C(C)C,2.465134052
FC(=C(C(F)(F)F)C(F)(C(F)(F)F)C(F)(F)F)C(F)(C(F)(F)F)C(F)(F)F,2.719299802
CCN1C=C[N+](C)=C1.FC(F)(F)C(F)(F)S(=O)(=O)[N-]S(=O)(=O)C(F)(F)C(F)(F)F,0.400860298
COC1=CC=C(C=C1)C(Cl)(C1=CC=CC=C1)C1=CC=C(CCC(F)(F)C(F)(F)C(F)(F)C(F)(F)C(F)(F)C(F)(F)C(F)(F)C(F)(F)F)C=C1,2.843223311
FC1(F)C(C2=CC=CS2)=C(C2=CC=CS2)C(F)(F)C1(F)F,2.567900949
NC1=C(C=C(Br)C=C1F)C(F)(F)F,2.125071973
FC1=C(F)C(Br)=C(F)C(CCl)=C1F,2.75018997
OC1=C(F)C(F)=C(F)C(Cl)=C1F,1.988421861
O.OS(=O)(=O)C(F)(F)F,-0.156047768
NCCC1=CC(=CC(=C1)C(F)(F)F)C(F)(F)F,1.963624188
FC(Cl)C(F)C(F)Cl,1.469567713
FC(F)(F)[Al](C(F)(F)F)C(F)(F)F,1.784821316
FC(F)C1=NC(F)=CC=C1,1.574669717
FC(F)(F)C(F)(F)C(F)(F)C(F)(Cl)Cl,2.10550849
NC1=C(C(F)=C(F)C(F)=C1F)C1=C(N)C(F)=C(F)C(F)=C1F,2.432113304
FC(F)C(F)(Cl)C(F)(Cl)Cl,1.880012803
CC(F)(F)C(F)(F)C(O)=O,0.56195481
FC(F)(F)C(F)(F)C(F)(F)C(F)(F)C(F)(F)C(F)(F)C(F)(F)C(F)(F)F,2.461861564
FC(F)(F)C(F)(F)C(F)(F)C(F)(F)C(F)(F)C(F)(F)C(F)(F)C(F)(F)C(F)(F)C(F)(F)C(F)(F)C(F)(F)I,2.472152259
OCC(F)(F)C(F)(F)C(F)(F)C(F)(F)C(F)(F)C(F)(F)C(F)(F)C(F)(F)C(F)(F)C(F)F,2.231371739
CC1=C(C=C(F)C=C1)C(F)(F)F,2.395202767
FC(F)(F)S(F)(=O)=O,0.340552427
FC(=O)C(F)(F)C(F)(F)C(F)(F)C(F)(F)C(F)(F)C(F)(F)C(F)(F)F,2.198212414
OC(=O)C1(F)C(F)(F)C(F)(F)C(F)(F)C2(F)C(F)(F)C(F)(F)C(F)(F)C(F)(F)C12F,2.059457405
NC(=O)C(F)(F)C(F)(F)F,0.755642974
FC(F)(F)C(F)(F)S(F)(=O)=O,0.795274902
NOCCCC(F)(F)F,0.939012135
FC1(F)C(F)(F)C(F)(F)C(F)(C(F)(F)C1(F)F)S(F)(=O)=O,1.88601238
FC(=O)C(F)(F)C(F)(F)C(F)(F)C(F)(F)C(F)(F)F,2.014853657
FC(F)=C(F)OC(F)(F)C(F)(Br)C(F)(F)F,2.160097525
OC1=CC=C(C=C1)C(C(F)(F)F)C(F)(F)F,2.007640649
OCC(F)(F)C(F)(F)C(F)(F)C(F)F,1.56230307
NC1=CC(F)=C(OC(F)(F)F)C=C1,2.367411189
CC(=CC(=O)C(F)(F)F)C(F)(F)F,1.701148472
FC(F)(F)COC(=O)C=C,1.612365707
OCCOCC(F)(F)C(F)F,1.155528919
FC1=C(C(F)=C(Cl)C=C1)C(F)(F)F,2.982083732
C[Si](C)(C)O[Si](C)(CCC(F)(F)F)CCC(F)(F)F,1.983320183
CC(C)(C(O)=O)C(F)(F)F,0.721207769
FC(F)(F)C(F)(F)CC=C,2.014798976
CC(F)(F)C(C(C)(F)F)C(F)(F)F,2.096646976
NC1=C(F)C=C(C=C1Cl)C(F)(F)F,2.154379871
FC(F)(F)C(F)(F)C(F)(F)C(F)(F)C(F)(F)C(F)(F)C(F)(F)C(F)(F)I,2.410392371
FC(Cl)C(F)(F)OC(F)C(F)(F)F,1.679498243
FC(Cl)C(F)(F)OC(Br)C(F)(F)F,1.681352725
FC(F)=C(F)Br,1.976485822
FC(Cl)OC(F)(F)C(F)Cl,1.328625932
FC(F)(F)S(=O)(=O)C(CC(S(=O)(=O)C(F)(F)F)S(=O)(=O)C(F)(F)F)S(=O)(=O)C(F)(F)F,1.239892662
OC1=CC(=C(C=C1)C(F)(F)F)C(F)(F)F,2.13736724
FCC1=CC(F)=CC(F)=C1,2.370062319
FC(=O)C(F)(F)S(F)(=O)=O,0.246709593
FC(F)(C(Cl)=O)C(F)(F)C(F)(F)C(Cl)=O,1.210968259
FC(F)(F)C1=CN=C(C=C1)C1=CC(=CC=C1)C(F)(F)F,2.708479134
FC1(F)C(Cl)=C(Cl)C(F)(F)C1(F)F,2.557251475
[H]C12CC([H])(C=C1)C1C2C(F)(F)C1(F)OC(F)(F)C(F)(F)C(F)(F)F,2.750902628
CC1=C(F)C(F)=C(F)C(F)=C1F,2.94920473
FC(F)(CC1CO1)C(F)(F)CC1CO1,1.510217252
OC(=O)C1=CC=C(C=C1)C(F)(F)C(F)(F)C(F)(F)C(F)(F)C(F)(F)F,1.71336186
OC1=C(C=C(C=C1[N+]([O-])=O)C(F)(F)F)C(F)(F)F,2.111017687
FC(F)(F)C1(OCC(CN=[N+]=[N-])O1)C(F)(F)F,1.60430137
FC(F)(F)C(OCC=C)C(F)(F)F,1.901751724
FC1=C(CCl)C=CC(=C1)C(F)(F)F,2.457817059
NC1=CC(OC(F)(F)F)=C(F)C=C1,2.345247992
FC(F)C(F)(F)PC1=CC=CC=C1,1.798487502
FC1=NC(=C(F)C2=C1C(F)=C(F)C(F)=C2F)C(F)(F)F,2.574377397
FC(F)(F)C(F)(F)C(=O)N1C2=CC=CC=C2SC2=CC=CC=C12,2.092382332
FC(F)=C(F)OC(F)(F)C(F)(F)C(F)(F)F,2.276026028
FC(Cl)C(F)(F)OC(F)(F)C(F)(F)C#N,1.578207656
FC1(F)CC(F)(F)C1(F)F,2.460065598
CN(C)C(F)(F)C(F)F,1.190666473
CC1(COCC(F)(F)C(F)(F)C(F)(F)F)COC1,1.789158988
CC(F)(F)CC(F)(Cl)Cl,1.674178576
CCCCNS(=O)(=O)C(F)(F)C(F)(F)C(F)(F)C(F)(F)C(F)(F)C(F)(F)C(F)(F)C(F)(F)F,1.871473565
OC(F)(F)C(F)(F)C(F)(F)C(F)(F)C(F)(F)C(F)(F)C(F)(F)C(F)(F)C(F)(F)F,2.159518417
FC(F)=C(F)OC(F)(F)C(F)(F)C(F)(F)C(F)(F)C(F)(F)C(F)(F)F,2.46232322
FC(F)C(F)(F)C(F)(F)C(F)I,2.035057436
FC(F)(Br)C(F)(F)OC1=CC=C(C=C1)C1=CC=C(OC(F)(F)C(F)(F)Br)C=C1,2.94631692
FC(I)C(F)(F)Br,1.932530788
FC(F)(F)C1=CC(=CC(=C1Cl)C(F)(F)F)C#N,2.465766394
OCCCCCCCCCCCC(F)(F)C(F)(F)C(F)(F)C(F)(F)F,1.976973358
FC(=C)C(=O)OCCC(F)(F)C(F)(F)C(F)(F)C(F)(F)C(F)(F)C(F)(F)C(F)(F)C(F)(F)F,2.251706374
FCC=C(F)F,1.946711209
CCCO[Si](CCC(F)(F)C(F)(F)C(F)(F)C(F)(F)C(F)(F)C(F)(F)C(F)(F)C(F)(F)F)(OCCC)OCCC,2.088177628
FC(F)(F)C(F)(F)C(F)(F)C(F)(F)C(F)(F)C(F)(F)CC(F)(F)I,2.23996305
FC(=CC(F)(F)F)C(C(F)(F)F)C(F)(F)F,2.345600392
FC(=O)C(F)(F)C(F)(F)C(F)(F)C(F)(F)C(F)(F)C(F)(F)C(F)=O,1.882713835
FN(F)OC(F)(F)F,1.127329003
CC(C)=C(F)C(C(F)(F)F)C(F)(F)F,2.390605855
FC(F)(F)C(F)(F)C(F)(F)C(F)(F)C(F)(F)C(F)(F)C(\Br)=C\Br,2.689002642
C[Si](C)(C)OC=C(C(F)(F)F)C(F)(F)F,1.981578839
C[Si](Cl)(Cl)C(F)(C(F)F)C(F)(F)F,2.103889209
FC(F)(F)C(CC(F)(F)C(F)(F)F)C=O,1.856999592
CCN(CC)C(=O)C(CC(F)(F)C(F)(F)F)C(F)(F)F,1.6436899
[O-][N+](=O)C(F)(F)COC(F)(F)C(F)C(F)(F)F,1.566558019
CC(=O)C(C1=C(F)C(F)=C(F)C(F)=C1F)C1=C(F)C(F)=C(F)C(F)=C1F,2.716044932
FC1=CC(F)=C(F)C(C#C)=C1F,2.644574132
FC(F)C(F)(F)OC1=CC(OC(F)(F)C(F)F)=CC=C1,2.977587922
C[Si](C)(C=C)C(F)(F)F,2.073516212
Cl.NCC(O)C(F)(F)F,0.617956401
OC(=O)C(F)(F)C(F)(F)S(O)(=O)=O,-0.149104046
OC(=O)C(C(F)(F)F)(C(F)(F)F)C(F)(F)F,1.24514473
CCOC(F)(F)C(F)(F)C(F)(F)C(F)(F)C(F)(F)F,2.082363984
FC(F)(F)C(=O)NCC#N,0.600229106
OC(C1=CC=C(CBr)C=C1)(C(F)(F)F)C(F)(F)F,1.8288622
FC(F)(Cl)C(F)(Br)Br,1.674489318
NC1=C(F)C=C(C=C1)C(F)(F)C(F)(F)C(F)(F)C(F)(F)F,2.063322489
FC1=CC(CC(=O)C(F)(F)F)=CC(F)=C1,2.178760934
FC(F)(F)CCNCCC(F)(F)F,1.095949421
COC1=CC=CC=C1C(Br)(C(F)(F)F)C(F)(F)F,2.575690329
FC(F)C(F)(F)OC1=CC=C(C=C1)C(=O)C1=CC=C(Cl)C=C1,2.866346238
FC(F)(F)CNC1=CC(=C(C=C1)C#N)C(F)(F)F,1.857141354
NC(C1=CC(=CC=C1)C(F)(F)F)C(F)(F)F,1.841666357
FC(=O)C(F)(F)C(F)(F)C(F)(F)C(F)(F)C(F)(F)C(F)(C(F)(F)F)C(F)(F)F,2.260786696
FC(F)(F)C(C(Cl)Br)C(F)(F)F,2.025901741
Cl.NNC1=C(F)C(F)=C(F)C(F)=C1F,2.074239537
FC(=O)C(F)(F)C(F)(F)C(F)(F)C(F)(C(F)(F)F)C(F)(F)F,2.084762032
FC(F)C(F)(F)C(F)(F)OC(F)(F)F,1.882798339
FC(C(F)(F)F)C(F)(F)OC1=CC=CC=C1Br,2.716758266
FC(Br)CC(F)(F)Br,1.531919088
FC1(F)CN2CCN1C(F)(F)C2,0.733777295
CCCSC1(F)C=C(F)C1(F)F,2.300733507
FC1=CC(Br)=CC(OCC(F)(F)F)=C1F,2.834745355
FC1=C(C=C(Br)C=C1Cl)C(F)(F)F,3.087829486
FC1=CC(Cl)=C(F)C=C1C(F)(F)F,3.062550335
FC(F)(F)C1=NC(Cl)=NN1,0.934490553
C[Si](C)(CCC(F)(F)C(F)(F)C(F)(F)C(F)(F)C(F)(F)C(F)(F)F)O[Si](C)(Cl)O[Si](C)(C)CCC(F)(F)C(F)(F)C(F)(F)C(F)(F)C(F)(F)C(F)(F)F,2.401826622
FC(F)C1=CC(=CC=C1)C(F)(F)F,2.444205627
CCN(CCO)S(=O)(=O)C(F)(F)C(F)(F)C(F)(F)C(F)(F)F,1.329573748
CN(CCO)S(=O)(=O)C(F)(F)C(F)(F)C(F)(F)C(F)(F)F,1.407100912
NC1(CCC1)C(F)(F)F,0.821223025
FC1=C(F)C(S)=C(F)C=C1,2.305395694
NNC1=C(F)C=CC(=C1)C(F)(F)F,2.209293231
CO[Si](CCC(F)(F)C(F)(F)C(F)(F)F)(OC)OC,1.516184218
CN(CCOC(=O)C=C)S(=O)(=O)CCC(F)(F)C(F)(F)C(F)(F)C(F)(F)C(F)(F)C(F)(F)F,1.770732206
FC(F)(F)C(F)(F)N1C(F)(F)C(F)(F)OC(F)(F)C1(F)F,1.619513028
FC(CC(F)(F)F)=CBr,1.601339096
FC(F)(F)CC(Cl)C=C(Cl)C(F)(F)F,2.196554645
CC=CC(=O)OC(F)(C(F)F)C(F)(F)F,1.974786387
OC(=O)C(F)=C(F)C(F)(F)C(F)(F)F,1.265351118
CC(C)(CCC(F)(F)C(F)(F)C(F)(F)C(F)(F)C(F)(F)C(F)(F)C(F)(F)C(F)(F)F)OC(=O)ON=C(C#N)C1=CC=CC=C1,2.281131323
CC(=C)C(F)(F)C(F)F,1.892523636
FC1=C(F)C=C(OC(F)(F)F)C=C1,3.010758021
OCCCOC(F)(F)F,0.644583975
CC(CO)(CO)N(C(=O)C(F)(F)C(F)(F)C(N)=O)C(C)(CO)CO,0.152286089
FC1=CC(=CC(=N1)C#N)C(F)(F)F,1.685304219
FC(F)(Cl)C(F)(F)C=CI,2.072757819
FC1C(F)(F)C1(Cl)Br,2.390496683
OC(=O)C1=CC(F)=C(C=C1F)C(F)(F)F,1.530144711
C[Si](Cl)(Cl)CCN(C(F)(F)F)C(F)(F)F,1.371876832
FC1=C(F)C1,2.235478161
FC(F)(F)C(F)(F)C(F)(F)C(F)(F)CC=CC1=CC=CC=C1,2.417875699
NC1=C(C=C(C=C1[N+]([O-])=O)C(F)(F)F)C(F)(F)F,2.224509938
CCCCCCCCCCC=CC(F)(F)C(F)(F)C(F)(F)C(F)(F)C(F)(F)C(F)(F)F,2.58134706
CCN(CCOC(=O)C(C)=C)S(=O)(=O)C(F)(F)C(F)(F)C(F)(F)C(F)(F)F,1.378339549
OOC(=O)C(F)(F)C(F)(F)F,1.179724972
CC(CC(F)(F)F)C(F)(F)F,2.075848911
FC(C(F)(F)F)C(F)(F)OC1=CC=C(C=C1)C(=O)C1=CC=C(F)C=C1,2.706523339
CC[NH3+].[O-]C(=O)C(F)(F)C(F)(F)C(F)(F)C(F)(F)C(F)(F)C(F)(F)C(F)(F)C(F)(F)C(F)(F)C(F)(F)C(F)(F)C(F)(C(F)(F)F)C(F)(F)F,1.984957757
FC(F)(F)C(F)(F)C1=CC(Br)=CC=C1,2.510598678
CC(C)OC(F)(F)C(F)(F)C(F)F,1.694428543
COC(F)=C(F)C(F)(F)F,1.553107176
OC(C\C=C/C(O)(C(F)(F)F)C(F)(F)F)(C(F)(F)F)C(F)(F)F,1.902760685
CN(CCCCO)S(=O)(=O)C(F)(F)C(F)(F)C(F)(F)C(F)(F)C(F)(F)C(F)(F)C(F)(F)C(F)(F)F,1.732965522
CCN(CCC[Si](OC)(OC)OC)S(=O)(=O)C(F)(F)C(F)(F)C(F)(F)C(F)(F)C(F)(F)C(F)(F)C(F)(F)F,1.647810855
C1CNCCN1.OC(=O)C(F)(F)C(F)(F)F,0.21129573
CC(C)[C@H](Br)C(F)(F)F,2.389622803
CCN(CC(O)=O)S(=O)(=O)C(F)(F)C(F)(F)C(F)(F)C(F)(F)C(F)(F)C(F)(F)F,1.521875212
C1CC[NH2+]CC1.[O-]S(=O)(=O)C(F)(F)C(F)(F)C(F)(F)C(F)(F)C(F)(F)C(F)(F)C(F)(F)C(F)(F)F,1.279222086
CCN(CCCP(O)(O)=O)S(=O)(=O)C(F)(F)C(F)(F)C(F)(F)C(F)(F)C(F)(F)C(F)(F)C(F)(F)F,1.544315689
CCOP(=O)(CCCN(CC)S(=O)(=O)C(F)(F)C(F)(F)C(F)(F)C(F)(F)C(F)(F)C(F)(F)C(F)(F)F)OCC,1.550658714
FC(F)C(F)(F)COC(OCC(F)(F)C(F)F)(OCC(F)(F)C(F)F)OCC(F)(F)C(F)F,2.421277004
FC(F)(F)CCNC1=CC(=C(C=C1)C#N)C(F)(F)F,1.861140272
CC(O)=O.CN(C)CCCNS(=O)(=O)C(F)(F)C(F)(F)C(F)(F)C(F)(F)C(F)(F)C(F)(F)F,1.002251756
CC(C)(N=C=O)C(F)(F)F,1.161709284
FC(F)=C(C1CCCCC1)C(F)(F)F,2.338289272
CCOC(F)(F)C(F)(F)C(F)(F)C(F)(F)F,1.954418221
FC(F)CCl,1.102511888
FC(F)=C(F)I,2.565103637
COC(=O)C(C(F)(F)F)C(F)(F)F,1.284627265
OC1=C(F)C=C(OC(F)(F)F)C=C1,2.253247389
FC(F)(F)C(=C(C#N)C#N)C(F)(F)F,2.015692824
OC(C1=C(F)C=C(F)C=C1)C(F)(F)F,1.867028032
N[C@H](C1=CC=CC=C1C(F)(F)F)C(F)(F)F,1.99199165
CCCC[C@H](N)C(F)(F)F,1.179627799
FC1=CC=C(SCC(F)(F)F)C=C1,2.169683569
FC1=CN=C(C=C1)C(=O)C(F)(F)F,1.778652949
FC1=CN=C(F)C(F)=C1I,2.299552898
FC(F)C(F)(F)C(F)(F)C(F)F,2.104315006
CC(F)(F)C(F)(F)Cl,1.818167868
FC(F)C(F)(F)C(F)(F)Cl,1.955114801
FC(F)OCC(F)(F)C(F)(F)F,1.598979738
FC(F)(F)C(OS(=O)(=O)C(F)(F)F)C1=CC=C(Br)C=C1,1.861288271
FC(OC(F)(F)C(=O)C(F)(F)F)C(F)(F)F,1.576985136
COC(=O)C1=CC=C(C=C1)C(F)(F)C(F)(F)C(F)(F)C(F)(F)C(F)(F)F,2.084683343
FC(F)(F)C(F)(F)C(F)(F)C(F)(F)C(F)(F)C(F)(F)C(F)(F)C1=CC=C(C=C1)C(=O)OC1=CC=C(C=C1)C#N,2.178029475
CCCC=CC(=O)C(F)(F)C(F)(F)F,2.022610183
CC=CC=CC(=O)C(F)(F)C(F)(F)F,2.192759958
FC(=O)C(C(F)(F)F)C(F)(F)F,1.428815719
OC(F)(F)C(F)(F)C(F)(F)Cl,1.18992517
FC(=NBr)C(F)(F)C(F)(F)F,1.595735979
FN1C(F)=C1F,1.565462964
FC(F)(F)CCCOC(=O)C(=C)C(F)(F)F,1.715766446
CC(=O)C=C(S)C(F)(F)C(F)F,1.344764746
CC(Br)C(O)(CBr)C(F)(F)C(F)(F)C(F)(F)F,1.332193319
FC(F)(F)C(F)(C(=O)C(F)(F)C(F)(F)I)C(F)(F)F,1.908076569
FC1(F)C2(F)C(F)(F)C12F,2.759973508
COC(O)(CC(F)(F)F)C(F)(F)F,0.990071512
CC(C)=CCC(F)(F)C(F)(F)C(F)(F)C(F)(F)F,2.546163539
OCCCS(=O)(=O)CCC(F)(F)C(F)(F)C(F)(F)C(F)(F)C(F)(F)C(F)(F)F,1.712503845
FC(F)(F)[P+](=S)C(F)(F)F,1.328384479
CCCCCCC(I)=CC(F)(F)C(F)(F)C(F)(F)F,2.387502279
FC(F)C(F)(F)C(F)(F)C(F)(F)C(F)(F)C(F)=CI,2.278820425
FC(F)(F)C(Cl)(Cl)OOC(Cl)(Cl)C(F)(F)F,1.979164633
FC(F)(F)C(F)(F)C(F)(F)COC1=CC=C(C=C)C=C1,2.363522372
COC(=O)C=C(O)C(F)(F)C(F)F,0.741196743
OC(=O)CCCCCOC(F)(F)C(F)(F)C(F)(F)C(F)(F)C(F)(F)C(F)(F)C(F)(F)C(F)(F)C(F)(F)F,1.949229791
CCCCCCCCCOC(F)(F)C(F)(F)C(F)(F)C(F)(F)C(F)(F)C(F)(F)F,2.249202334
OP(O)(=O)CC(F)(F)C(F)(F)C(F)(F)C(F)(F)C(F)F,1.69515791
OC(=O)C(F)(F)C(F)(F)C(F)(F)S(O)=O,0.300798399
FC(F)(F)C1(F)C(F)(F)C(F)(F)C(F)(F)C(F)(F)C1(C(F)(F)F)C(F)(F)C1(C(F)(F)F)C(F)(F)C(F)(F)C(F)(F)C(F)(F)C1(F)C(F)(F)F,3.125121152
FC(F)C1(F)C(F)(F)C(F)=C(F)C(F)(F)C1(F)F,2.55584196
FC(F)(F)C(F)(F)C(F)(F)C(F)(F)CCOCC1=CC=C(C=C)C=C1,2.106633879
OC1=CC=C(C=C1)C(=O)OCC(F)(F)C(F)(F)C(F)(F)C(F)F,1.731651386
CCOP(=O)(OCC)C(F)(F)C(F)(F)F,1.007049225
OC(=O)C1=CC=CC=C1.OCC(F)(F)C(F)(F)C(F)(F)C(F)(F)C(F)(F)C(F)(F)C(F)(F)F,1.614175595
FC(F)(F)C(F)(F)C(F)(F)C(F)(F)C(F)(F)C(F)(F)C(F)(F)C(F)(F)C1=CC=C(C=C1)C(F)(F)C(F)(F)C(F)(F)C(F)(F)C(F)(F)C(F)(F)C(F)(F)C(F)(F)F,2.610645916
FC(=CC(F)(F)C(F)(F)F)\N=N\C1=CC=CC=C1,2.222583929
OC(=CC#N)C(F)(F)F,0.78510656
FC(F)C(F)(F)COC1=CSC=C1,2.127513506
CC(C)(O)C(I)=CC(F)(F)C(F)(F)C(F)(F)C(F)(F)F,1.781860077
[O-]C(=O)OC(COCC=C)C(OCCC(F)(F)C(F)(F)C(F)(F)C(F)(F)C(F)(F)C(F)(F)F)C(F)(F)C(F)(F)C(F)(F)C(F)(F)C(F)(F)C(F)(F)C(F)(F)F,2.169435947
OCCN(CCO)CC(O)CC(F)(F)C(F)(F)C(F)(F)F,1.362324609
C[N+](C)(CCC(CO)N(CCCS([O-])(=O)=O)S(=O)(=O)C(F)(F)C(F)(F)C(F)(F)C(F)(F)C(F)(F)C(F)(F)C(F)(F)F)CC(O)CO,1.301854501
CCNS(=O)(=O)C(F)(F)C(F)(F)C(F)(F)F,0.817939595
CCN(CC(O)=O)S(=O)(=O)C(F)(F)C(F)(F)C(F)(F)C(F)(F)C(F)(F)C(F)(F)C(F)(F)C(F)(F)C(F)(F)C(F)(F)C(F)(F)C(F)(F)C(F)(F)F,2.010972418
OS(=O)(=O)CC(F)(F)C(F)(F)C(F)(F)C(F)(F)C(F)(F)C(F)(F)C(F)(F)C(F)(F)C(F)(F)C(F)(F)C(F)(F)C(F)(F)F,2.20910911
OC(=O)C(F)C(F)(F)C(F)(F)C(F)(F)C(F)(F)C(F)(F)C(F)(F)C(F)(F)C(F)(F)C(F)(F)C(F)(F)C(F)(F)C(F)(F)C(F)(F)F,2.169032067
C[N+](C)(CCO)CCCN(CCO)S(=O)(=O)C(F)(F)C(F)(F)C(F)(F)C(F)(F)C(F)(F)C(F)(F)C(F)(F)C(F)(F)C(F)(F)F,1.815034379
C[N+](C)(CCO)CCCN(CC(O)CS([O-])(=O)=O)S(=O)(=O)C(F)(F)C(F)(F)F,0.561636844
C[N+](C)(CCO)CCCN(CC(O)CS([O-])(=O)=O)S(=O)(=O)C(F)(F)C(F)(F)C(F)(F)C(F)(F)C(F)(F)C(F)(F)C(F)(F)C(F)(F)C(F)(F)C(F)(F)C(F)(F)C(F)(F)F,1.719697301
NS(=O)(=O)CCC(F)(F)C(F)(F)C(F)(F)C(F)(F)C(F)(F)C(F)(F)C(F)(F)C(F)(F)C(F)(F)C(F)(F)C(F)(F)C(F)(F)F,2.229272847
CN(C)CC(O)CC(F)(F)C(F)(F)F,1.42416101
OC(=O)C(F)(F)S(F)(F)(F)(F)F,0.775764018
OC(=O)C(F)(F)C(F)(F)S(F)(F)(F)(F)F,1.118004376
NS(=O)(=O)C(F)(F)C(F)(F)C(F)(F)C(F)(F)C(F)(F)C(F)(F)C(F)(F)C(F)(F)C(F)(F)F,1.980599896
OC(=O)CNS(=O)(=O)C(F)(F)C(F)(F)C(F)(F)C(F)(F)C(F)(F)C(F)(F)C(F)(F)C(F)(F)C(F)(F)C(F)(F)C(F)(F)F,1.933626996
C[N+](C)(C)CC([O-])CS(=O)CCC(F)(F)C(F)(F)C(F)(F)C(F)(F)F,1.413299741
C[N+](C)(C)CC(O)CS(=O)CCC(F)(F)C(F)(F)C(F)(F)C(F)(F)C(F)(F)C(F)(F)C(F)(F)C(F)(F)C(F)(F)C(F)(F)C(F)(F)C(F)(F)C(F)(F)C(F)(F)F,2.272254346
C[N+](C)(C)CCCNC(=O)CS(=O)(=O)CCC(F)(F)C(F)(F)C(F)(F)C(F)(F)C(F)(F)C(F)(F)C(F)(F)C(F)(F)C(F)(F)C(F)(F)F,1.847657394
OC(=O)CCS(=O)(=O)CCC(F)(F)C(F)(F)F,0.688871076
OC(=O)CCCCNC(=O)SCCC(F)(F)C(F)(F)C(F)(F)C(F)(F)C(F)(F)C(F)(F)F,1.568862749
OC(=O)CCCCNC(=O)SCCC(F)(F)C(F)(F)C(F)(F)C(F)(F)C(F)(F)C(F)(F)C(F)(F)C(F)(F)C(F)(F)C(F)(F)C(F)(F)C(F)(F)C(F)(F)C(F)(F)F,2.01990724
C[N+](C)(CCCNC(=O)CSCCC(F)(F)C(F)(F)F)CC([O-])=O,1.129148164
C[N+](C)(CCCNC(=O)CSCCC(F)(F)C(F)(F)C(F)(F)C(F)(F)C(F)(F)C(F)(F)C(F)(F)C(F)(F)C(F)(F)C(F)(F)C(F)(F)C(F)(F)C(F)(F)C(F)(F)F)CC([O-])=O,1.978190895
OC(CC(O)=O)SCCC(F)(F)C(F)(F)C(F)(F)C(F)(F)F,1.483674557
C[N+](C)(C)CC(O)CSCCC(F)(F)C(F)(F)C(F)(F)C(F)(F)C(F)(F)C(F)(F)C(F)(F)C(F)(F)C(F)(F)C(F)(F)C(F)(F)C(F)(F)F,2.261501551
OS(=O)(=O)CC=C(F)C(F)(F)C(F)(F)C(F)(F)C(F)(F)F,1.706162277
OS(=O)(=O)CC=C(F)C(F)(F)C(F)(F)C(F)(F)C(F)(F)C(F)(F)C(F)(F)C(F)(F)C(F)(F)C(F)(F)C(F)(F)C(F)(F)F,2.280907297
CC(=O)OC(C(CO)C(F)(F)C(F)(F)C(F)(F)C(F)(F)C(F)(F)C(F)(F)C(F)(F)C(F)(F)F)C(CO)[N+](C)(C)CC([O-])=O,1.561316132
C[N+](C)(CCCC(F)(F)C(F)(F)F)CC([O-])=O,1.36992691
OS(=O)(=O)CCCC(F)(F)C(F)(F)C(F)(F)C(F)(F)C(F)(F)F,1.756948345
OCC(=O)SC(=O)CCC(F)(F)C(F)(F)C(F)(F)C(F)(F)F,1.611842494
OCC(=O)SC(=O)CCC(F)(F)C(F)(F)C(F)(F)C(F)(F)C(F)(F)C(F)(F)F,1.870700534
OCC(=O)SC(=O)CCC(F)(F)C(F)(F)C(F)(F)C(F)(F)C(F)(F)C(F)(F)C(F)(F)C(F)(F)C(F)(F)C(F)(F)C(F)(F)C(F)(F)F,2.156746559
OC(C(O)=O)C(=O)SC(=O)CCC(F)(F)C(F)(F)C(F)(F)C(F)(F)C(F)(F)C(F)(F)C(F)(F)C(F)(F)C(F)(F)F,1.792088983
OC(CSC(=O)CCC(F)(F)C(F)(F)C(F)(F)C(F)(F)F)C(O)=O,1.430453674
OC(CSC(=O)CCC(F)(F)C(F)(F)C(F)(F)C(F)(F)C(F)(F)C(F)(F)F)C(O)=O,1.684418699
CC(=O)OC(CC(F)(F)C(F)(F)C(F)(F)C(F)(F)C(F)(F)C(F)(F)C(F)(F)C(F)(F)C(F)(F)C(F)(F)C(F)(F)C(F)(F)C(F)(F)C(F)(F)F)C[N+](C)(C)CC([O-])=O,2.072243236
CC(=O)OC(C(O)[N+](C)(C)CC([O-])=O)C(CO)C(F)(F)C(F)(F)C(F)(F)C(F)(F)C(F)(F)C(F)(F)C(F)(F)C(F)(F)C(F)(F)C(F)(F)C(F)(F)C(F)(F)C(F)(F)C(F)(F)F,1.833807805
C[N+](C)(CC=O)CC(CC(F)(F)C(F)(F)C(F)(F)C(F)(F)C(F)(F)C(F)(F)C(F)(F)C(F)(F)C(F)(F)C(F)(F)C(F)(F)C(F)(F)F)OC=O,2.135979379
CNCC(O)CC(F)(F)C(F)(F)F,1.2611159
CNCC(O)CC(F)(F)C(F)(F)C(F)(F)C(F)(F)C(F)(F)C(F)(F)C(F)(F)C(F)(F)C(F)(F)C(F)(F)C(F)(F)C(F)(F)C(F)(F)C(F)(F)F,2.317778691
C[N+](C)(CC(O)CC(F)(F)C(F)(F)C(F)(F)C(F)(F)C(F)(F)C(F)(F)C(F)(F)C(F)(F)C(F)(F)C(F)(F)C(F)(F)C(F)(F)C(F)(F)C(F)(F)C(F)(F)C(F)(F)F)CC([O-])=O,2.270981043
C[N+](C)(CC(O)C=C(F)C(F)(F)C(F)(F)C(F)(F)F)CC([O-])=O,1.515868575
C[N+](C)(CCCCC(F)(F)C(F)(F)F)CC([O-])=O,1.360650446
OS(=O)(=O)C(F)(F)C(F)(F)C(F)(F)C(F)(F)C(F)(F)C(F)(F)C(F)(F)C(F)(F)C(F)(F)C(F)(F)C(F)C(F)(F)F,2.139163185
FC1=C(F)C(F)=C(OP(=O)(OC2CCCCC2)OC2=C(F)C(F)=C(F)C(F)=C2F)C(F)=C1F,3.19800531
COC(=O)[C@@H]1O[C@@H]1C(F)(F)C(F)(F)C(F)(F)C(F)(F)C(F)(F)C(F)(F)C(F)(F)F,2.117530405
[O-][N+](=O)C1=CC=C(OC(=O)C(F)(F)C(F)(F)C(F)(F)F)C=C1,1.903557178
FC(F)(F)C(F)(F)C(F)(F)C(F)(F)C(F)(F)C(F)(F)C(F)(F)C(F)(F)C1CCCCCC1,2.401771529
C[Si](OCC(F)(F)C(F)(F)F)(OCC(F)(F)C(F)(F)F)OCC(F)(F)C(F)(F)F,1.939212449
FC(F)(F)[SiH3],1.413865963
OCC(CO)CCC(F)(F)C(F)(F)C(F)(F)C(F)(F)C(F)(F)C(F)(F)F,1.907591895
CC(OC(F)(F)C(F)F)C(F)(F)C(F)C(F)(F)F,1.952955088
FC(F)(F)C(F)(F)C(F)(F)C(F)(F)CCCCCCCCCCCS,2.223987443
C[Si](C)(Cl)CCCOC(=O)C(F)(F)C(F)(F)C(F)(F)C(F)(F)C(F)(F)C(F)(F)C(F)(F)F,2.198191607
CC(O)C(=CC(F)(F)F)C(F)(F)F,1.483319496
FC(F)(F)C(F)(F)C(F)(F)C(F)(F)C(F)(F)C(F)(F)C(F)(F)C(F)(F)N=NC(F)(F)C(F)(F)C(F)(F)C(F)(F)C(F)(F)C(F)(F)C(F)(F)C(F)(F)F,2.444611176
FC1=CC=CC=C1N=C(C(F)(F)F)C(F)(F)F,2.333218156
OC1(CC(=O)CC(O)(O1)C(F)(F)F)C(F)(F)F,0.724897551
OP(=O)(C(F)(F)C(F)(F)C(F)(F)C(F)(F)C(F)(F)C(F)(F)F)C(F)(F)C(F)(F)C(F)(F)C(F)(F)C(F)(F)C(F)(F)F,2.108527399
OCNC(=O)C1=CC=C(OC(F)=C(F)C(F)(F)C(F)(F)C(F)(F)C(F)(F)C(F)(F)C(F)(F)C(F)(F)F)C=C1,2.039995847
FC(F)(F)C(F)(F)C(F)(F)C1=NN=C(N=N1)C(F)(F)C(F)(F)C(F)(F)F,1.855234689
FC1=NC(F)=C(N=C1C(F)(C(F)(F)F)C(F)(F)F)C(F)(C(F)(F)F)C(F)(F)F,2.225897673
FC(F)(F)SSC(F)(SC(F)(F)F)SC(F)(F)F,2.315256209
NC(O)=O.OCCC1COC(O1)(C(F)(F)F)C(F)(F)F,0.889029181
C[SiH](C)CCCC(F)(F)F,2.007027129
OC(=O)CCCCCC(CCCCC(F)(F)C(F)(F)C(F)(F)F)C(CCCCCC(O)=O)CCCCC(F)(F)C(F)(F)C(F)(F)F,1.655528137
FC(F)(F)SC1=C(C#N)C(C#N)=C(SC(F)(F)F)C=C1,2.0605151
FC(F)(F)S(=O)(=O)C=CS(=O)(=O)C(F)(F)F,0.781348588
FC(SC1=CC=CC=C1)=C(F)C(F)(F)C(F)(F)C(F)(F)C(F)(F)C(F)(F)C(F)(F)C(F)(F)F,2.39774274
OP(O)(O)=O.OCC(C(F)(F)F)C(F)(F)F.OCC(C(F)(F)F)C(F)(F)F.OCC(C(F)(F)F)C(F)(F)F,1.041678268
CCOC(=O)C(F)(F)C(F)(Cl)C(F)(F)C(F)=C(F)F,1.891170265
FC1=C(F)C(F)=C(C(F)=C1F)C1=C(C(F)=C(F)C(F)=C1F)C(F)(F)F,3.662763803
NCC(O)CCC(F)(F)C(F)(F)C(F)(F)C(F)(F)C(F)(F)C(F)(F)F,2.008867848
FC(F)CC[SiH3],1.666639057
NC1=CC=C(C=C1)S(=O)(=O)C(C(F)(F)F)(C(F)(F)F)C(F)(F)F,1.390815621
OCCOCC(F)(F)C(F)(F)COCC1=CC=CC=C1,1.638675926
FC(F)C(F)(F)COC(=O)C1=CC=C(C=C1)C1=NNN=N1,1.657857604
[I-].CCC[N+](CCC)(CCC)CCC(F)(F)C(F)(F)C(F)(F)C(F)(F)F,1.12196227
OC(=O)C(F)(F)C(F)(C(F)(F)F)C(F)(F)C(F)(F)F,1.497080827
OCCOCCOCCOCC(F)(F)C(F)(F)F,1.205242831
OC1(F)C(F)(F)C(F)(F)C(F)(F)C(F)(F)C(F)(F)C(F)(F)C1(F)F,2.075257719
CCCCCC(=O)C(=O)C(F)(F)C(F)(F)C(F)(F)C(F)F,1.871586983
OC(=O)C1=CC=CC=C1.OC(F)(F)C(C(F)(F)F)C(F)(F)F,1.058647446
FC(F)(F)C(CC=CC(C(F)(F)F)(C(F)(F)F)C(F)(F)F)(C(F)(F)F)C(F)(F)F,2.890187568
OC1CC(CC(F)(F)C(F)(F)OC(F)(C(F)(F)F)C(F)(F)F)OC(=O)C2=CC=CC=C2C(=O)OC(CC(F)(F)C(F)(F)OC(F)(C(F)(F)F)C(F)(F)F)C1,1.743399146
CCOC(CC(=C(F)F)C(F)(F)F)SCC,2.01738565
CCCCCC1(CC(SS1)(C(F)(F)F)C(F)(F)F)OC,2.301098665
CCCC=C(F)C(C(F)(F)F)C(F)(F)F,2.46897386
COC1=C(F)C(F)=C(SC2=C(F)C(F)=C(OC)C(F)=C2F)C(F)=C1F,2.774900871
FC(F)(F)C1(CC1C(=O)C1=CC=CC=C1)C(F)(F)F,2.625527102
FCCOC(=O)C(F)(F)C(F)(F)F,1.398719158
FC(OCCCl)=NC(F)(F)F,1.111656196
OC(=O)C1=CC(=CC=C1)C(Br)(C(F)(F)F)C(F)(F)Br,1.689587706
FC(F)=C(C1=CC=C(C=C1)C1=CC=C(Br)C=C1)C(F)(F)F,3.160911286
CC(=C)C1(F)OC(F)(F)C(F)(F)OC1(F)F,1.841026621
FC(F)(F)SC(F)(Br)SCl,1.904047761
FC(=O)C(F)(C(F)(F)C(F)(F)F)C(F)(F)C(F)(F)F,1.93045508
CCC(C=O)=C(F)C(F)(F)C(F)(F)C(F)(F)C(F)(F)C(F)(F)F,2.186738048
CC(C)(C)C(=S)C(F)(F)F,2.357781734
NC(=O)C(F)(F)C(F)(F)C(=O)NC1=CC=CC=C1N,0.700878943
CC1=C2N=C(NC2=C(C=C1[N+]([O-])=O)[N+]([O-])=O)C(F)(F)C(F)(F)C(F)(F)F,1.911043756
FC(=C(F)C(F)(F)C(F)(F)F)C1=CC=CC=C1,2.325658568
FC1(F)C(=C)C(=C)C1(F)F,2.088701232
FC(F)(F)C(F)(F)C(F)(F)C(F)(F)C(F)(F)C(F)(F)C(F)(F)C(F)(F)[SiH3],2.421787373
FC(F)(I)CC(F)(Cl)C(F)(F)Cl,1.938742756
OC(F)(F)C(F)(F)C(F)(F)C(F)(F)C(F)(F)C(F)(F)C(F)F,1.978632171
[H]C12CC([H])(C(C)=C1C)C(=C2C(F)(F)F)C(F)(F)F,2.801460086
OC(O)=O.OCC(F)(F)C(F)C(F)(F)F.OCC(F)(F)C(F)C(F)(F)F,0.819082348
[O-]\[N+](OS(=O)(=O)C(F)(F)C(F)(F)C(F)(F)C(F)(F)F)=N/C1=CC=CC=C1,1.905485662
CCCCC(C1=C(F)C(F)=C(F)C(F)=C1F)C1=C(F)C(F)=C(F)C(F)=C1F,3.376469437
CC=CCOC(=O)C(F)(C(C)C=C)C(F)(F)F,2.077345204
OCC1(CO)C(F)(F)C(F)(F)C(F)(F)C(F)(F)C1(F)F,1.690149408
CCOC(=O)C=C(N)C(F)(F)C(F)(F)C(F)(F)F,1.410960156
FC(F)(F)C(F)(F)C(F)(F)C(F)(F)CCSCCOC(=O)C=C,2.01003386
FC(F)(F)C(F)(F)C(F)(F)C(F)(F)C(F)(F)C(F)(F)C(F)(F)C(F)(F)C1C=CCC2C1C(=O)OC2=O,2.142095188
FOOC(F)(C(F)(F)C(F)(F)F)C(F)(F)C(F)(F)F,2.216668887
FC(F)(F)C(=O)ON=C(Cl)C(F)(F)F,1.580580027
O.FC1=CC(F)=C(F)C=C1F,2.574996979
FC(F)(F)P(=O)=O,0.293779473
F[Al](C(F)(F)F)C(F)(F)F,1.67419594
FC1=C(F)C(F)=C(N=C=C=C=O)C(F)=C1F,2.88142198
CC(C)NCCC(O)(C(F)(F)F)C(F)(F)F,0.948879833
FC(F)(F)C1=CC(=C(Cl)C(=C1)N=C=O)C(F)(F)F,2.60772342
CCC(CCC(F)(F)C(F)(F)C(F)(F)C(F)(F)C(F)(F)C(F)(F)C(F)(F)C(F)(F)F)OC(=O)NNC([O-])=O,1.923687937
FC(F)(F)C(F)(F)C(F)(F)C(F)(F)CCCOC(Cl)=O,1.837546553
[Cl-].FC(F)(F)C(F)(F)CCC[S+]1CCCC1,0.93428649
FC1(F)CC2=C(C=CC(Cl)=C2)C1(F)F,3.083513911
COC1=CC=C(C=C1)C1C(F)(F)C1(F)F,2.751170741
C#C.FC(F)=C,1.35272401
FC1=C(F)C(F)=C(C(F)=C1F)[Si](C=C)(C=C)C1=C(F)C(F)=C(F)C(F)=C1F,3.161330819
OP(O)(=O)C1=C(F)C(F)=C(C(F)=C1F)C(F)(F)F,1.655913851
FC(=C(S)S)C(F)(F)C(F)(F)F,2.29628586
FC1=C(F)C2=C(F)C3=C(C(F)=C2C(F)=C1F)C(F)=C1C(F)=C2C(F)=C(Cl)C(F)=C(F)C2=C(F)C1=C3F,3.203621059
OC(=O)C(F)OC(F)(F)C(F)(F)OC(F)(F)F,0.888803909
CCC(C)[Si](F)(F)C1=CC(=CC(=C1)C(F)(F)F)C(F)(F)F,2.742680617
OC(=O)C(F)C(F)(C(F)(F)F)C(F)(F)F,1.139229473
CC(C)=C\C=C(/F)C(F)(F)C(F)(F)C(F)(F)F,2.784088781
OC(=O)C1=CC=CC=C1OC(F)=C(F)C(F)(F)C(F)(F)C(F)(F)C(F)(F)C(F)(F)C(F)(F)C(F)(F)C(F)(F)F,2.196061936
FC(F)OC(F)(F)Cl,1.181458368
FC(F)C(F)(F)OC1=CC=C(C=C1)C(=O)C1CCCCC1,2.508046664
FC(F)(F)C[Si](F)(F)F,1.57915657
FC1(F)C(F)(F)C2(F)C(F)(F)C(F)(F)C(F)(F)C2(F)C1(F)F,2.623681493
FC(F)(F)C(Cl)OCCl,1.219927094
FB(F)C(F)(F)C(F)(F)C(F)(F)C(F)(F)C(F)(F)C(F)(F)F,2.350842744
FC1=C(C=O)N=CC(=C1)C(F)(F)F,1.712940933
FC(F)(F)CCCCCI,1.739634245
FC1=C(F)C=C(C=C1)C(F)(F)CBr,2.415959618
CN(C)CCCN(CC(O)CS(O)(=O)=O)S(=O)(=O)C(F)(F)C(F)(F)C(F)(F)C(F)(F)C(F)(F)C(F)(F)F,1.452142709
FC(F)C(F)C(F)(F)F,1.936354637
COC(F)(F)C(F)Br,1.331627814
OCC(F)(F)C(F)C(F)(F)F,1.241536827
FSC(F)(F)F,1.370156787
COCC(F)(F)C(F)C(F)(F)F,1.68355329
C[C@@H](CCO)C(F)(F)F,1.24083376
[O-]S(=O)(=O)C(F)(F)C(F)(F)C(F)(F)C(F)(F)C(F)(F)C(F)(F)C(F)(F)C(F)(F)C(F)(F)C(F)(F)F,1.867779442
[O-]P(=O)(OCCC(F)(F)C(F)(F)C(F)(F)C(F)(F)F)OCCC(F)(F)C(F)(F)C(F)(F)C(F)(F)C(F)(F)C(F)(F)F,1.767217715
[NH4+].[O-]C(=O)C(F)(F)C(F)OC(F)(F)C(F)(F)C(F)(F)OC(F)(F)F,1.317892678
FC(F)(F)CN(CC(F)(F)F)C1=CC=CC=C1,1.747061973
FC(F)(F)C(F)(F)C(F)(F)C(F)(F)C(F)(F)C(F)(F)C(F)(F)C(F)(F)C(F)(F)C(F)(F)C(F)(F)I,2.457312436
FC(F)(F)C(F)(F)C(F)(F)C(=O)C(F)(C(F)(F)F)C(F)(F)F,2.054718937
FC(F)(F)C(F)(F)C(=O)C(F)(F)C(F)(F)F,1.766228696
OC(=O)C(F)(F)C(F)(Cl)C(F)(F)C(F)(Cl)C(F)(F)C(F)(Cl)C(F)(F)Cl,1.651811401
[H][N+]([H])([H])[H].[H]N([H])S(=O)(=O)C(F)(F)C(F)(F)OC(F)(C(F)(F)F)C(F)(F)OC(F)(C([O-])=O)C(F)(F)F,1.057539929
C[N+](C)(CCCNC(=O)C(F)(F)C(F)(F)C(F)(F)C(F)(F)C(F)(F)C(F)(F)C(F)(F)F)CCC([O-])=O,1.483533783
FC(F)(F)C(F)(C(F)(F)F)C(F)(F)C(F)(F)C(F)(F)C(F)(F)C(F)(F)C(F)(F)CCOC(=O)C=C,2.271473984
CC(O)C(F)(F)C(F)F,0.92389896
FC(OC(F)(F)C(F)(OC(F)(F)C(F)(OC(F)(F)C(F)(OC(F)(F)C(F)(F)C(F)(F)F)C(F)(F)F)C(F)(F)F)C(F)(F)F)C(F)(F)F,2.496752088
FC(F)(F)C(=C(C(F)(F)C(F)(F)F)C(F)(C(F)(F)F)C(F)(F)F)C(F)(F)F,2.819884745
FC(F)(F)C(F)(F)C(F)(F)C(F)(F)C(F)(F)C(F)(F)C(F)(F)C(F)(F)C(F)(F)C(F)(F)CCS,2.370853772
CC(=C)C(=O)OC(F)C(F)(F)C(F)(F)C(F)(F)C(F)(F)C(F)(F)C(F)(F)C(F)(F)C(F)(F)C(F)(F)CF,2.248896493
FC(F)(F)C(F)(C(F)(F)F)C(F)(F)C(F)(F)C(F)(F)C(F)(F)C(F)(F)C(F)(F)C(F)(F)C(F)(F)C(F)(F)C(F)(F)CC1CO1,2.434283217
FC(F)(F)C(F)(OC1(F)OC(F)(C(F)(F)F)C(F)(F)OC1(F)C(F)(F)F)C(F)(OC1(F)OC(F)(C(F)(F)F)C(F)(F)OC1(F)C(F)(F)F)C(F)(F)F,2.487772931
FC(F)(F)C(F)(F)C(F)(F)C(F)(F)C(F)(F)C(F)(F)CCCl,2.23599698
NCCNCCNCCNOS(=O)(=O)C(F)(F)C(F)(F)C(F)(F)C(F)(F)C(F)(F)C(F)(F)C(F)(F)C(F)(F)F,1.533675848
OC(=O)C(F)(F)C(F)(F)OC(F)(C(F)(F)F)C(F)(F)OC(F)=C(F)F,1.705396217
FC(F)C(F)(F)C(F)(F)C(F)(F)C(F)(F)C(F)(F)COC=C,2.119115718
[I-].C[N+](C)(C)CC(O)CC(F)(F)C(F)(F)C(F)(F)C(F)(F)C(F)(F)C(F)(F)C(F)(C(F)(F)F)C(F)(F)F,1.536777649
OC(=O)\C=C\C(=O)OCCC(F)(F)C(F)(F)C(F)(F)C(F)(F)C(F)(F)C(F)(F)C(F)(F)C(F)(F)F,1.923376226
[I-].C[N+](CCO)(CCO)CC(O)CC(F)(F)C(F)(F)C(F)(F)C(F)(F)C(F)(F)C(F)(F)C(F)(F)C(F)(F)F,1.34917196
[NH4+].[NH4+].[O-]P([O-])(=O)OCCC(F)(F)C(F)(F)C(F)(F)C(F)(F)C(F)(F)C(F)(F)C(F)(F)C(F)(F)C(F)(F)C(F)(F)C(F)(F)C(F)(F)C(F)(F)C(F)(F)C(F)(F)C(F)(F)F,1.562138172
CCCCCCCCCCCCC(C(O)=O)[Si](C)(CCC(F)(F)C(F)(F)C(F)(F)C(F)(F)F)C(CCCCCCCCCCCC)C(O)=O,1.678034312
FC(F)(F)C(F)(F)C(F)(F)C(F)(F)C(F)(F)C(F)(F)C(F)(F)C(F)(F)C(F)(F)C(F)(F)C(F)(F)C(F)(F)C(F)(F)C(F)(F)CC1CO1,2.449765354
CN(C)CCCNCC(O)CC(F)(F)C(F)(F)C(F)(F)C(F)(F)C(F)(F)C(F)(F)C(F)(F)C(F)(F)C(F)(F)C(F)(F)C(F)(C(F)(F)F)C(F)(F)F,2.109622875
OC(COC=C)CC(F)(F)C(F)(F)C(F)(F)C(F)(F)C(F)(F)C(F)(F)C(F)(F)C(F)(F)F,2.003806106
[NH4+].[NH4+].OC(COP([O-])([O-])=O)CC(F)(F)C(F)(F)C(F)(F)C(F)(F)C(F)(F)C(F)(F)C(F)(F)C(F)(F)C(F)(F)C(F)(F)C(F)(F)C(F)(F)F,1.292284195
[Cl-].CN(C)CCC[NH2+]S(=O)(=O)C(F)(F)C(F)(F)C(F)(F)C(F)(F)C(F)(F)C(F)(F)C(F)(F)F,1.174903337
OCCNS(=O)(=O)C(F)(F)C(F)(F)C(F)(F)C(F)(F)F,1.265639848
OC(=O)C(F)(F)C(F)(Cl)C(F)(F)C(F)(Cl)C(F)(F)C(F)(Cl)C(F)(F)C(F)(Cl)C(F)(F)C(F)(Cl)Cl,1.849752854
CCCCCCCCCCCCCCCCCCCCC(F)(F)C(F)(F)C(F)(F)C(F)(F)C(F)(F)C(F)(F)C(F)(F)C(F)(F)F,2.352192095
CCCCCCCCCCCCCCCCCCCCCC(F)(F)C(F)(F)C(F)(F)C(F)(F)C(F)(F)C(F)(F)C(F)(F)F,2.324661616
CN(C)CCCN(CCC(O)=O)S(=O)(=O)C(F)(F)C(F)(F)C(F)(F)C(F)(F)C(F)(F)C(F)(F)F,1.329627574
[NH4+].[O-]C(=O)C(F)(F)OC1(F)OC(F)(F)OC1(F)OC(F)(F)F,0.991853579
CCCCCCCCCC[N+](C)(C)CCCCCCCCCC.[O-]S(=O)(=O)C(F)(F)C(F)(F)C(F)(F)C(F)(F)C(F)(F)C(F)(F)C(F)(F)C(F)(F)F,1.663211071
CCOC(O)C(F)(F)C(F)(F)C(F)(F)F,1.339949998
FC(F)(F)\C=C/C(F)(F)F,2.830479971
CCCCC(OC1=C(C=C(C=C1)C(C)(C)CC)C(C)(C)CC)C(=O)NC1=CC=C(NC(=O)C(F)(F)C(F)(F)C(F)(F)F)C(O)=C1,1.721881178
FC(F)=C1OC(F)(F)C(F)(O1)C(F)(F)F,2.063601333
OC(=O)C=C(F)C(F)(F)C(F)(F)C(F)(F)C(F)(F)C(F)(F)F,1.754016174
C[N+](C)(CCCC(F)(F)C(F)(F)C(F)(F)C(F)(F)C(F)(F)F)CC([O-])=O,1.823641047
OC(=O)C(OC(F)(F)C(F)(F)C(F)(F)F)(C(F)(F)F)C(F)(F)F,1.640466147
OC(=O)C(F)(OC(F)(F)C(F)(OC(F)(F)C(F)(F)C(F)(F)F)C(F)(F)F)C(F)(F)F,1.745289244
[O-]C(=O)C(F)(F)C(F)(F)C(F)(F)C(F)(F)C(F)(F)C(F)(F)C(F)(F)C(F)(F)C(F)(F)C(F)(F)C(F)(F)F,2.197465894
[O-]C(=O)C(F)(F)C(F)(F)C(F)(F)C(F)(F)F,1.679015737
CN(CC([O-])=O)S(=O)(=O)C(F)(F)C(F)(F)C(F)(F)C(F)(F)C(F)(F)C(F)(F)C(F)(F)C(F)(F)F,1.841740705
OC(=O)C(F)(F)C(F)C(=O)C(F)(F)C(F)(F)C(F)(F)C(=O)C(F)(F)F,1.086412196
[H]N(CCC[N+]([H])(C)C)S(=O)(=O)CCC(F)(F)C(F)(F)C(F)(F)C(F)(F)C(F)(F)C(F)(F)C(F)(F)C(F)(F)F,1.781342674
CC(C)(CS(O)(=O)=O)NC(=O)CCSCCC(F)(F)C(F)(F)C(F)(F)C(F)(F)F,1.396919516
[NH4+].[O-]C(=O)CC(F)(F)C(F)(F)C(F)(F)C(F)(F)C(F)(F)F,1.535518288
C[N+](C)(CCCNC(=O)CSCCC(F)(F)C(F)(F)C(F)(F)C(F)(F)C(F)(F)C(F)(F)C(F)(F)C(F)(F)F)CC([O-])=O,1.687775579
[2H]OS(=O)(=O)C(F)(F)C(F)(F)C(F)(F)C(F)(F)C(F)(F)C(F)(F)C(F)(F)C(F)(F)F,2.080203482
[2H]OS(=O)(=O)CCC(F)(F)C(F)(F)C(F)(F)C(F)(F)C(F)(F)C(F)(F)F,1.972382136
[H]C(F)(F)C(F)(F)C(F)(F)C(F)(F)C(F)(F)C(F)(F)C(F)(F)C(F)(F)C(F)(F)C(F)(F)C(F)(F)C(F)(F)C(F)(F)C(F)(F)C(F)(F)C([O-])=O,2.305104259
[H]C(F)(F)C(F)(F)C(F)(F)C(F)(F)C(F)(F)C(F)(F)C(F)(F)C(F)(F)C(F)(F)C(F)(F)C(F)(F)C(F)(F)C([O-])=O,2.211814044
CN(C)(=O)CCCNC(=O)C(F)(F)C(F)(F)C(F)(F)C(F)(F)C(F)(F)C(F)(F)C(F)(F)C(F)(F)C(F)(F)F,1.809586718
CN(C)CCCNC(=O)C(F)(F)C(F)(F)C(F)(F)C(F)(F)C(F)(F)C(F)(F)C(F)(F)C(F)(F)C(F)(F)C(F)(F)F,1.929562264
[O-]S(=O)(=O)C(F)(F)C(F)(F)C(F)(F)F,0.797009565
[2H]OC(=O)C(F)(F)F,1.105261036
FC(F)(F)C(F)(F)C(C(F)(F)F)(C(F)(F)F)C(F)(F)C(F)(F)F,2.477784866
FC(F)(F)C(C(F)(F)F)(C(F)(F)F)C(F)(F)C(F)(F)C(C(F)(F)F)(C(F)(F)F)C(F)(F)F,2.821865382
FC(F)(F)C(F)(C(F)(F)F)C(F)(F)C1(F)C(F)(F)C(F)(F)C(F)(F)C2(F)C(F)(F)C(F)(F)C(F)(F)C(F)(F)C12F,2.809326444
CC(O)CCC(F)(F)C(F)(F)C(F)(F)C(F)(F)C(F)(F)C(F)(F)C(F)(F)C(F)(F)F,2.129567424
[I-].C[N+](C)(C)CCCNS(=O)(=O)C1=CC=C(OC(=C(C(F)(C(F)(F)F)C(F)(F)F)C(F)(C(F)(F)F)C(F)(F)F)C(F)(F)F)C=C1,1.608080276
CC1=CC(C)=C([S+](C2=CC=CC=C2)C2=CC=CC=C2)C(C)=C1.[O-]S(=O)(=O)C(F)(F)C(F)(F)C(F)(F)C(F)(F)C(F)(F)C(F)(F)C(F)(F)C(F)(F)F,1.129529505
OC1=CC=C(C=C1)C1=CC=C(OC(=O)C(F)(C(F)(F)F)C(F)(F)N2C(F)(F)C(F)(F)OC(F)(F)C2(F)F)C=C1,1.966858781
[NH4+].[O-]S(=O)(=O)CCCCOC(F)(F)C(F)(F)C(F)(F)C(F)(F)F,1.006718414
OC(=O)C(F)(F)C(F)(F)C(F)(OC(F)(F)C(F)(F)S(O)(=O)=O)C(F)(F)F,0.997019206
FC(F)C(F)(F)C(F)(F)C(F)(F)CS,1.878098143
OS(=O)(=O)C1=CC=C(OC(F)(F)C(\F)=C(/F)C(F)(F)C(F)(F)C(F)(F)F)C=C1,1.821431314
CCC[N+](CCC)(CCC)CCC.[O-]C(=O)C(F)(F)C(F)(F)C(F)(F)C(F)(F)C(F)(F)C(F)(F)C(F)(F)F,1.414994986
CC(F)(F)C(F)(F)C(F)(F)C(F)(F)F,2.245602965
CCCCCCC(F)(F)C(F)(F)C(F)(F)C(F)(F)F,2.349679584
OCCCCC(F)(F)C(F)(F)C(F)(F)F,1.675351157
FC(F)(F)C(F)(F)C(F)(F)C(F)(F)C(Cl)CCl,2.035092629
FC(F)(F)C(F)(F)C(F)(F)C(F)(F)CC(F)(F)CCI,2.050154155
FC(F)(F)C(F)(F)C(F)(F)C(F)(F)C(Cl)=C,2.164071643
FC(F)(F)C(F)(F)C(F)(F)C(C(F)(F)F)(C(F)(F)F)C(F)(F)F,2.473418338
FC(F)(F)C(F)(F)C=CC(F)(F)C(F)(F)C(F)(F)F,2.499977975
CCCCCCCCCCC(I)CC(F)(F)C(F)(F)C(F)(F)C(F)(F)F,2.21536339
OCCC(I)CC(F)(F)C(F)(F)C(F)(F)C(F)(F)F,1.647814552
CC(O)C(F)(F)C(F)C(F)(F)C(F)(F)C(F)(F)F,1.71159344
OCCCCCCC(I)CC(F)(F)C(F)(F)C(F)(F)C(F)(F)F,1.714375289
CCCCC(F)(F)C(F)(F)C(F)(F)C(F)(F)C(F)(F)C(F)(F)C(F)(F)C(F)(F)C(F)(F)C(F)(F)F,2.518216611
FC=C(F)C(F)(F)C(F)(F)C(F)(F)C(F)(F)C(F)(F)C(F)(F)F,2.510763956
CCCCCCCC(F)(F)C(F)(F)C(F)(F)C(F)(F)C(F)(F)C(F)(F)C(F)(F)C(F)(F)C(F)(F)C(F)(F)F,2.443376996
CCCCCCC(I)CC(F)(F)C(F)(F)C(F)(F)C(F)(F)C(F)(F)C(F)(F)C(F)(F)C(F)(F)F,2.256194432
CCCCC(I)CC(C(F)(F)F)(C(F)(F)F)C(F)(F)C(F)(F)C(F)(F)F,2.395490906
FC(F)(F)C(F)(F)C(F)(F)C(F)(F)C(F)(F)C(F)(F)CCC(F)(F)C(F)(F)C(F)(F)C(F)(F)C(F)(F)C(F)(F)F,2.498099031
CN(C)[Si](C)(C)CCC(F)(F)C(F)(F)C(F)(F)C(F)(F)F,1.900043913
OCC(I)CC(F)(F)C(F)(F)C(F)(F)C(F)(F)C(F)(F)C(F)(F)F,1.874842729
CCCCCCCCCCCCCCC(F)(F)C(F)(F)C(F)(F)C(F)(F)C(F)(F)C(F)(F)C(F)(F)C(F)(F)C(F)(F)C(F)(F)F,2.457362881
CCCCCCCCC(I)CC(F)(F)C(F)(F)C(F)(F)C(F)(F)C(F)(F)C(F)(F)C(F)(F)C(F)(F)F,2.227606881
FC(F)OCC(F)(F)C(F)(F)C(F)(F)C(F)(F)F,1.968606546
CCCCCCC(I)CC(F)(F)C(F)(F)C(F)(F)C(F)(F)C(F)(F)C(F)(F)C(F)(F)C(F)(F)C(F)(F)C(F)(F)F,2.297388181
FC(F)(F)C(F)(F)C(F)(F)C(F)(F)CC(I)CCCC(I)CC(F)(F)C(F)(F)C(F)(F)C(F)(F)F,2.224924634
FC(F)(F)C(F)(F)C(F)(F)COCC(F)(F)C(F)(F)C(F)(F)F,2.078192954
OCCOCCC(F)(F)C(F)(F)C(F)(F)C(F)(F)F,1.81625317
CCCCCCCCCCCCCCCCC(F)(F)C(F)(F)C(F)(F)C(F)(F)C(F)(F)C(F)(F)C(F)(F)C(F)(F)C(F)(F)C(F)(F)C(F)(F)C(F)(F)F,2.466361853
FC(F)(F)C(F)(F)C(F)(F)C(F)(F)CCOC=C,2.001542986
CCCCCCCCCCCCCCCCCCCCC(F)(F)C(F)(F)C(F)(F)C(F)(F)C(F)(F)C(F)(F)C(F)(F)C(F)(F)C(F)(F)C(F)(F)C(F)(F)C(F)(F)F,2.424207823
FC(F)(F)C(F)(F)C(F)(F)C(F)(F)C(F)(F)C(F)(F)C(F)(F)C(F)(F)C#N,2.344469342
CC(=O)OCC(F)(F)C(F)(F)C(F)(F)F,1.553069532
CC(=O)OCCCC(F)(F)C(F)(F)C(F)(F)F,1.67404885
FC(F)(F)C(F)(F)C(F)(F)COC(Cl)=O,1.597517602
OCCCSC(F)(F)C(F)(F)C(F)(F)C(F)(F)F,1.802564053
FC(F)(F)C(F)(F)C(F)(F)C(F)(F)C(F)(F)C(F)(F)C(F)(F)C(F)(F)C(F)(F)C(F)(F)CCC#N,2.389117715
OS(=O)C(F)(F)C(F)(F)C(F)(F)C(F)(F)F,1.327155453
FC(F)(F)C(F)(F)C(F)(F)C(F)(F)C(F)(F)COC=C,2.074044611
FC(=O)C(F)(F)C(F)(F)C(F)(F)C(F)(F)C(F)(F)C(F)(F)C(F)(F)C(F)(F)F,2.250472637
OCC(I)CC(F)(F)C(F)(F)C(F)(F)C(F)(F)C(F)(F)C(F)(F)C(F)(F)C(F)(F)C(F)(F)C(F)(F)C(F)(F)C(F)(F)F,2.140983318
CCCCCCCCCCCCCCC=CC(F)(F)C(F)(F)C(F)(F)C(F)(F)C(F)(F)C(F)(F)C(F)(F)C(F)(F)C(F)(F)C(F)(F)F,2.589852055
OCCCCCCCCCC=CC(F)(F)C(F)(F)C(F)(F)C(F)(F)C(F)(F)C(F)(F)F,2.217175454
OC(=O)C(CCC(F)(F)C(F)(F)C(F)(F)C(F)(F)F)C(O)=O,1.022856721
C[Si](C)(C)O[Si](C)(CCC(F)(F)C(F)(F)C(F)(F)C(F)(F)C(F)(F)C(F)(F)F)O[Si](C)(C)C,2.35333958
CCO\C=C\C(=O)C(F)(F)C(F)(F)C(F)(F)F,1.65726185
OP(=O)CCC(F)(F)C(F)(F)C(F)(F)C(F)(F)C(F)(F)C(F)(F)C(F)(F)C(F)(F)C(F)(F)C(F)(F)F,2.139934717
CC(OCC(F)(F)C(F)(F)C(F)(F)F)OC(C)=O,1.354639457
FC(F)(F)C(F)(F)C(F)(F)C(F)(F)C(F)(F)C(F)(F)C(F)(F)CC1CO1,2.249773119
CCCCCCCCCCCCCCOC(=O)C(F)(F)C(F)(F)C(F)(F)F,2.02832122
FC(F)(F)C(F)(F)C(F)(F)C(F)(F)C(F)(F)C(F)(F)C1=CC(Br)=CC=C1,2.497615194
CCCNC(=O)C(F)(F)C(F)(F)C(F)(F)F,1.368615329
FC(=O)C(F)(F)OC(F)(F)C(F)(F)OC(F)(F)C(F)(F)C(F)(F)C(F)(F)F,1.990873565
FC(F)(F)C(F)(F)C(F)(F)C(F)(F)C(F)(F)C(F)(F)C(F)(F)C(F)(F)CCC1=CC=CC(Br)=C1,2.315389462
NC1=CN=C(C=C1)C(F)(F)C(F)(F)C(F)(F)F,1.534429276
CC1=NC=CC2=C(C=CC=C12)C(F)(F)C(F)(F)C(F)(F)F,2.088276216
FC(F)(F)C(F)(F)C(F)(F)C(F)(F)SSC1=CC=CC=C1,2.10567869
CC(C)CN(CC(C)C)C(=O)C(F)(F)C(F)(F)C(F)(F)F,2.017233289
COC(=O)C=C(N)C(F)(F)C(F)(F)C(F)(F)F,1.295432512
CCN(CC)C(=O)C(F)(F)C(F)(F)C(F)(F)C(F)(F)F,1.517615701
CCCCCCNC(=O)C(F)(F)C(F)(F)C(F)(F)F,1.556432517
CN(C)C1=CC=C(C=C1)C(F)(F)C(F)(F)C(F)(F)C(F)(F)C(F)(F)C(F)(F)F,2.1715217
CCNC(=O)C(F)(F)C(F)(F)C(F)(F)C(F)(F)F,1.474932037
CCOC(=O)CC(C[N+]([O-])=O)C(F)(F)C(F)(F)C(F)(F)F,1.577147795
FC(F)(F)C(F)(F)C(F)(F)C(F)(F)C1COC(=O)O1,1.75947746
CCCCCCCCCCCCNC(=O)C(F)(F)C(F)(F)C(F)(F)F,1.78672075
CCOC(=O)C(O)(O)C(F)(F)C(F)(F)C(F)(F)C(F)(F)C(F)(F)C(F)(F)C(F)(F)C(F)(F)F,1.947976181
FC(F)(F)C(F)(F)C(F)(F)C(F)(F)C1=CC2=CC=CC=C2S1,2.323294225
FC(F)(F)C(F)(F)C(F)(F)C(F)(F)C1=CC2=CC=CC=C2O1,2.241016383
OC1=CC=CC(NCC(F)(F)C(F)(F)C(F)(F)C(F)(F)C(F)(F)C(F)(F)F)=C1,1.888274148
FC(F)(F)C(F)(F)C(F)(F)C(F)(F)C(F)(F)C(F)(F)CC1COC(=O)O1,1.962986926
FC(F)(F)C(F)(F)C(F)(F)C1=NC(=NN1)C1=CC=CC=C1,2.015374736
FC(F)(F)C(F)(F)C(F)(F)C(F)(F)C(F)(F)C(F)(F)C(F)(F)C(F)(F)C(F)(F)C(F)(F)C1=CN=CN1,2.194334962
OC(=O)C1=CC=C(OCCC(F)(F)C(F)(F)C(F)(F)C(F)(F)C(F)(F)C(F)(F)C(F)(F)C(F)(F)F)C=C1,2.004819282
OC1OCCCC1C(F)(F)C(F)(F)C(F)(F)C(F)(F)C(F)(F)C(F)(F)C(F)(F)C(F)(F)F,2.055805171
FC1=CC(NC(=O)C(F)(F)C(F)(F)C(F)(F)F)=CC=C1,1.920914599
CCCCCCCCCCCCNC(=O)C(F)(F)C(F)(F)C(F)(F)C(F)(F)C(F)(F)C(F)(F)C(F)(F)F,1.984613575
CCOC(=O)CNC(CC(=O)OCC)C(F)(F)C(F)(F)C(F)(F)C(F)(F)F,1.552285727
CCN(CC)S(=O)(=O)C(F)(F)C(F)(F)C(F)(F)C(F)(F)C(F)(F)C(F)(F)F,1.611152186
FC(F)(F)C(F)(F)C(F)(F)C1(F)C(F)(F)OS1(=O)=O,1.654461137
CN1C(=CC2=CC=CC=C12)C(F)(F)C(F)(F)C(F)(F)C(F)(F)F,2.036501087
CC1=C(C(=O)NC(=O)N1)C(F)(F)C(F)(F)C(F)(F)F,1.133457065
FC(F)(F)C(F)(F)C(F)(F)C(F)(F)C(F)(F)C(F)(F)C(F)(F)C(F)(F)CCCCCCCCCCCOC1=CC=C(C=C1)C1=CC=C(C=C1)C#N,2.371295613
FC(F)(F)C(F)(F)C(F)(F)C(F)(F)C(F)(F)C(F)(F)C(F)(F)C(F)(F)C(=O)NC1=CC=CC=C1,2.013599086
FC(F)(F)C(F)(F)C(F)(F)C(F)(F)C(F)(F)C(F)(F)S(=O)(=O)C1=CC=C(Cl)C=C1,2.0067403
COC1=NC(OC)=C(C=N1)C(F)(F)C(F)(F)C(F)(F)C(F)(F)F,1.802265395
FC(F)(F)C(F)(F)C(F)(F)C(F)(F)C(F)(F)C(F)(F)C(F)(F)C(F)(F)C(=O)NC1CCCCC1,1.817562396
FC1=CC=CC=C1NC(=O)C(F)(F)C(F)(F)C(F)(F)C(F)(F)C(F)(F)C(F)(F)C(F)(F)C(F)(F)F,2.080447492
NC1=NC(OCC(F)(F)C(F)(F)C(F)(F)C(F)(F)C(F)(F)C(F)(F)F)=NC(OCC(F)(F)C(F)(F)C(F)(F)C(F)(F)C(F)(F)C(F)(F)F)=N1,2.075301627
CCC1=CC=C(C=NNC(=O)C(F)(F)C(F)(F)C(F)(F)C(F)(F)C(F)(F)C(F)(F)F)C=C1,1.914017881
[O-][N+](=O)C1=CC=C(NC(=O)C(F)(F)C(F)(F)C(F)(F)C(F)(F)C(F)(F)C(F)(F)F)C=C1,1.807798114
FC(F)(F)C(F)(F)C(F)(F)C1=CC=C(NC(=O)C2=CC=CC=C2)C(=C1)C1=CC=CC=C1,2.411452992
FC(F)(F)C(F)(F)C(F)(F)C(F)(F)C(F)(F)C(F)(F)C1=NC(=NO1)C1=CC=CC=C1,2.168171009
OC1=CC(=NN1C1=CC=CC=C1)C(F)(F)C(F)(F)C(F)(F)C(F)(F)F,2.002037116
COC1=CC(=CC=C1)C(=O)NN\C(C)=C\C(=O)C(F)(F)C(F)(F)C(F)(F)F,1.798830892
CC(=O)NC1=CC=C(OS(=O)(=O)C(F)(F)C(F)(F)C(F)(F)C(F)(F)F)C=C1Cl,1.632365961
FC(F)(F)C(F)(F)C(F)(F)C(=O)N1CCN(CC2=CC=C3OCOC3=C2)CC1,1.544847352
CC1=CC(C)=NC(SC2=NN3C(C=C2)=NN=C3C(F)(F)C(F)(F)C(F)(F)F)=N1,1.50309038
CCCCCCCCCCCCCCCOC1=CC(OC(CC)C(=O)NC2=CC(O)=C(NC(=O)C(F)(F)C(F)(F)C(F)(F)F)C=C2OC(F)(F)C(F)Cl)=CC=C1,1.839433081
F\C(I)=C(\F)C(F)(C(F)(F)F)C(F)(F)F,2.426182799
NC(=O)C(F)(C(F)(F)F)C(F)(F)F,1.091827178
FC(F)(F)C(F)(C(F)(F)F)C(F)(F)C(F)(F)C(F)(F)C(F)(F)C(F)(F)C(F)(F)C(F)(F)C(F)(F)CCI,2.354137454
FC(F)(F)C(F)(C1=NC=CN1)C(F)(F)F,1.564899784
FC(F)(F)C(F)(CC(=O)C1=CC=CC=C1)C(F)(F)F,2.059902393
NCC(O)CC(F)(F)C(F)(F)C(F)(F)C(F)(F)C(F)(C(F)(F)F)C(F)(F)F,2.010392956
FC(=C(F)C(F)(C(F)(F)F)C(F)(F)F)C(=O)C(F)(C(F)(F)F)C(F)(F)F,2.223544314
FC1=C(F)C(=C(F)C(F)=C1C(Cl)(Cl)Cl)C(F)(C(F)(F)F)C(F)(F)F,2.999149745
NC1=C(OC(F)F)C=C(C=C1Br)C(F)(C(F)(F)F)C(F)(F)F,2.283063691
CSC1=C(C)C(=CC=C1C(F)(C(F)(F)F)C(F)(F)F)C(O)=O,1.593274315
CC1=C(SC(C)(C)C)C(=CC=C1C(O)=O)C(F)(C(F)(F)F)C(F)(F)F,2.067581229
CCCSC1=C(CC)C(=CC=C1C(F)(C(F)(F)F)C(F)(F)F)C(O)=O,1.997134943
COC(=O)C1=CC=C(OC(=C(C(F)(C(F)(F)F)C(F)(F)F)C(F)(C(F)(F)F)C(F)(F)F)C(F)(F)F)C=C1,2.734523332
CC1=C(C(=CC=C1C(O)=O)C(F)(C(F)(F)F)C(F)(F)F)S(=O)C(C)(C)C,1.871017064
CC(C)CS(=O)(=O)C1=C(C)C(=CC=C1C(F)(C(F)(F)F)C(F)(F)F)C(O)=O,1.448714365
CCCCS(=O)C1=C(CC)C(=CC=C1C(F)(C(F)(F)F)C(F)(F)F)C(O)=O,1.822504557
CC1=CC(=CC(C)=C1NC(=O)C1=C(F)C(NC(=O)C2=CC=C(F)C=C2Cl)=CC=C1)C(F)(C(F)(F)F)C(F)(F)F,1.896244027
CN(C(=O)C1=CC=C(F)C=C1F)C1=CC=CC(C(=O)NC2=C(C)C=C(C=C2C)C(F)(C(F)(F)F)C(F)(F)F)=C1F,1.936252405
FC(F)C(F)(F)C(F)(F)C(F)(F)C(F)(F)C(F)(F)COC(F)(F)F,2.197036242
CC1=NN(C(=O)C2=CC=C(Br)C=C2)C(O)(C1)C(F)(F)OC(F)(F)F,1.523798095
OC(=O)CCC(F)(OC(F)(F)C(F)(F)C(F)(F)F)C(F)(F)F,1.529880274
CC(C)COC(=O)C(F)(OC(F)(F)C(F)(F)C(F)(F)F)C(F)(F)F,2.166716373
CCCCC(CC)COC(=O)C(F)(OC(F)(F)C(F)(F)C(F)(F)F)C(F)(F)F,2.145057609
CCN(CC)C(=O)C(F)(OC(F)(F)C(F)(OC(F)(F)C(F)(F)C(F)(F)F)C(F)(F)F)C(F)(F)F,2.037079678
FC(F)(F)C(F)(F)C(F)(F)OC(F)(C(F)(F)F)C(F)(F)OC(F)(C(=O)OC1CCCCC1)C(F)(F)F,2.124028653
[H][C@@](CSC(F)(F)C(F)F)(N=C(C)O)C(O)=O,0.514706386
CCC(F)(F)Cl,1.631538978
FCOCC(F)(F)F,1.230197932
OC(=NC1=CC=CC=C1N=C(O)C(F)(F)F)C(F)(F)F,1.468337039
[H]C(NC(=O)C1=CC=C(C=C1)C(=O)N1CCOCC1)(C(C)C)C(=O)N1CCC[C@@]1([H])C(=O)NC(C(C)C)C(=O)C(F)(F)C(F)(F)F,1.029736225
[H][C@@]1(CC(=O)C2=C3CC[C@@]4([H])C[C@@H](O)CC[C@]4(C)[C@@]3([H])CC[C@]12C)[C@H](C)CCCC(F)(C(F)(F)F)C(F)(F)F,2.285014183
FC(F)C(F)(F)C(Cl)Br,1.566756463
FC(F)(F)C1=NN=C(N=N1)C(F)(F)F,1.254789437
C[Si](Cl)(Cl)CCCOC(F)(F)C(F)F,1.673527496
FC(F)(F)C1=NNC=C1,1.341028744
FC(F)C(F)C(F)F,1.790493562
FC(F)(F)C1=NC(=N)NN1,0.96871409
[H][C@@](N)(C(O)=O)C1=CC(=CC(=C1)C(F)(F)F)C(F)(F)F,1.412586027
CN(C)CCNC(O)(C(F)(F)F)C(F)(F)F,0.922130244
O.FC(F)(F)C1(NCCS1)C(F)(F)F,0.976231471
FC(Cl)C(Cl)(Cl)C(F)(F)Cl,1.929337295
OCCNC(O)(C(F)(F)F)C(F)(F)F,0.720610029
CCOC(F)(F)C(F)Cl,1.351581722
CCOC(OS(=O)(=O)C1=CC=C(C)C=C1)C(F)(F)C(F)(F)F,1.363017916
CC(C(O)C1=CC=CC=C1)C(O)(C(F)(F)F)C(F)(F)F,1.388018055
CC(C(O)C1=CC=C(F)C=C1)C(O)(C(F)(F)F)C(F)(F)F,1.603829363
FC1(F)CC(C#N)C1(F)F,2.138691432
CC1(OC(=CC(=C1)C(F)(F)F)C(F)(F)F)C(F)(F)F,2.354899037
CCCCCCC1OC(OC1CC)(C(F)(F)F)C(F)(F)F,2.457086149
FC(=O)C(F)(OC(F)(F)C(F)(F)OC(F)(F)F)C(F)(F)F,1.751529096
FC(F)C(F)(F)C#N,1.314556985
FCC(=O)CF,0.537113782
CCCCOC(O)=NC(NC1=CC=C(C=C1)S(=O)(=O)NC1=C(C)C(C)=NO1)(C(F)(F)F)C(F)(F)F,1.179093095
FC(F)(F)C1=CC(=CC(NS(=O)(=O)C(F)(F)F)=C1)C(F)(F)F,1.743076089
FC(F)OC(F)(F)C(F)(F)F,1.641212266
NCCN=C(O)C(F)(F)F,0.142860317
COC(F)(F)C(OCF)C(F)(F)F,1.476327567
FC(F)CI,1.452208576
FC(F)(F)C1(OC(F)(Cl)C(F)(Cl)O1)C(F)(F)F,2.098546125
CC1=CC=C(C=C1)S(=O)(=O)OCC(F)(F)C(F)(F)C(F)(F)COS(=O)(=O)C1=CC=C(C)C=C1,1.126330319
O.FC(F)(F)C1(CCNCC1)C(F)(F)F,1.123455184
OC(=O)CSC(F)(F)C(F)F,1.019584698
FC(F)(F)C(F)(F)C(=N)NC(=N)C(F)(F)C(F)(F)F,1.09775802
FC(F)(F)C1=NC(S)=NN1,1.408901484
FC(F)(F)C=NNC(S)=N,1.667594541
FC(F)(F)C1(C(C=C(Cl)Cl)C1C(=O)OC(C#N)C1=CC(OC2=CC=CC=C2)=CC=C1)C(F)(F)F,2.976320872
FC(F)COC(F)(F)F,1.29924976
FC(F)(F)CCCNCCCC(F)(F)F,1.189452656
CCN(CCCl)S(=O)(=O)C(F)(F)C(F)(F)C(F)(F)C(F)(F)C(F)(F)C(F)(F)C(F)(F)C(F)(F)F,1.889978112
CC(=O)OCCC(F)(F)C(F)(F)C(F)(F)C(F)(F)C(F)(F)C(F)(F)C(F)(F)C(F)(F)C(F)(F)C(F)(F)F,2.18563034
OC(=O)C(F)(F)C(F)(F)C(F)(F)C(F)(F)C(F)(F)C(F)(F)C(F)(F)S(F)(F)(F)(F)F,1.78025852
CC1=C(NC(=O)C2=C(C=CC=C2)C(=O)NC(C)(C)CS(C)(=O)=O)C=CC(=C1)C(F)(C(F)(F)F)C(F)(F)F,1.388842757
CC1=CC(=C(S1)C(F)(F)F)C(F)(F)F,2.355061569
OS(=O)(=O)C(F)(F)C(F)(F)C(F)(F)C(F)(C(F)(F)F)C(F)(F)C(F)(F)C(F)(F)F,1.886569524
[H]C(F)(F)C(F)(F)C(F)(F)C(F)(F)C(F)(F)C(F)(F)C(F)(F)C(F)(F)C(F)(F)C(F)(F)C(F)(F)C(F)(F)C(F)(F)C(F)(F)C(F)(F)C(F)(F)C(F)(F)C(O)=O,2.287135552
FCC(F)(Cl)CF,1.486061293
OC1=CC(F)=C(F)C(F)=C1C1=C(O)C=C(F)C(F)=C1F,2.353508028
OP(O)(=O)CC1=CC=C(OC(F)(F)C(F)(F)C(F)=C(F)C(F)(F)C(F)(F)C(F)(F)C(F)(F)C(F)(F)F)C=C1,2.099158726
COC(=O)C(\F)=C(\F)C(F)(C(=O)OC)C(F)(F)F,1.29729219
C[N+](C)(CCC(CO)N(CCCS([O-])(=O)=O)S(=O)(=O)C(F)(F)C(F)(F)F)CC(O)CO,0.498077482
C[N+](CCO)(CCCS([O-])(=O)=O)CC=C(F)C(F)(F)C(F)(F)C(F)(F)C(F)(F)C(F)(F)F,1.510007992
F\C(=C/Cl)C(F)(F)Cl,2.580392484
FC(F)(CCN=[N+]=[N-])C(F)(F)C(F)(F)C(F)(F)C(F)(F)C(F)(F)CCN=[N+]=[N-],1.972059644
CN(CC(O)=O)S(=O)(=O)C(F)(F)C(F)(F)C(F)(F)C(F)(F)F,1.274956533
COC1=C(OC)C=C(CC(=O)N2N=C(CC2(O)C(F)(F)C(F)(F)C(F)(F)F)C2=CC=CC=C2)C=C1,1.939341226
FC(C(F)(F)F)C(F)(F)OC1=CC=C(C=C1)C(=O)NCCOC1=CC=CC=C1,2.228830626
FC(F)(F)C(F)(F)CCCCl,1.824668862
FC(F)(N=[N+]=[N-])C(F)(F)C(=O)N1CCCCCC1,1.017920084
FC(F)(F)C(F)(F)C(F)(F)COCCC#N,1.627446604
FC(F)(F)C(F)(F)C(F)(F)COC1=CC(Br)=CC=C1,2.553382894
CCCC(I)CC(F)(F)C(F)(F)C(F)(F)C(F)(F)F,2.107295732
COC(=O)C1=C(Cl)C=CC(=C1)C1=CN(N=N1)C1=C(C(=NN1C)C(F)(F)C(F)(F)F)C(F)(F)F,2.057731128
C\C(CC(=O)C(F)(F)C(F)(F)C(F)(F)F)=N\NC(=O)C1=CC=C(C)C=C1,1.680188509
CC1=CC2=C(C=C1)C(=O)C=C(O2)C(F)(F)C(F)(F)C(F)(F)C(F)(F)C(F)(F)Cl,2.062906177
CN1N=C(C(=C1N1C=C(C=N1)C1=CC(C(=O)NC2(CC2)C#N)=C(Cl)C=C1)C(F)(F)F)C(F)(F)C(F)(F)F,1.981041869
CCCOC(=O)OCC(F)(F)C(F)(F)F,1.799236008
FC1(F)C2=CC=CC3=CC=CC(=C23)C1(F)F,3.125619269
FC(F)(F)C(F)(C=CI)C(F)(F)F,2.129776895
FC(F)=C(F)C(F)(Cl)C(F)(F)Cl,2.136520272
[O-][N+](=O)C1=C(OC(F)(F)C(F)(F)F)C=C(OC(F)(F)C(F)(F)F)C=C1OC(F)(F)C(F)(F)F,2.935253151
[O-][N+](=O)C1=CC2=C(OC(F)(F)C(F)(F)O2)C=C1,2.175039296
FC(F)(F)C(F)(F)C1(F)C(F)(F)OS1(=O)=O,1.548258206
FC(F)(F)C(F)(F)SCCI,1.589585716
NCCCSC(F)(F)C(F)(F)F,1.233056252
OC(=O)C1=CC=C(C(F)=C1)C(F)(F)C(F)(F)F,1.546894151
NC1=CC(OCC(F)(F)C(F)(F)C(F)F)=CC=C1,1.965504887
CC(=O)C1=NC(=CC=C1)C(F)(F)C(F)(F)F,1.613887519
FC(F)(F)C(F)(F)C1=C(Cl)C=NC=C1,2.243686504
FC(F)(Br)C(F)(Cl)C(F)(F)Br,1.949622781
C[Si](C)(C)OS(=O)C(F)(F)C(F)(F)C(F)(F)C(F)(F)F,1.735848305
NC1=CC(=CC=C1)C(F)(F)C(F)F,1.739872551
CN(C)CC(F)(F)C(F)F,1.378094673
OC1CC(F)(F)C1(F)Cl,1.373651505
FC(F)(F)C(F)(F)C(F)(F)C(F)(F)C(F)(F)C(F)(F)C(F)(F)C(F)(F)C(F)(F)C(F)(F)C1(F)C(F)(F)C(F)(F)C(F)(F)C(F)(F)C1(F)F,2.675449979
FC(F)OC(F)(C(F)(F)F)C(F)(F)Cl,1.756831252
CCCC[Si](CCCC)(CCCOCC(F)(OC(F)(F)C(F)(OC(F)(F)C(F)(F)C(F)(F)F)C(F)(F)F)C(F)(F)F)OCCC(C)(O)C#C,2.156622918
FC(=O)C(F)(OC(F)(F)C(F)(F)S(F)(=O)=O)C(F)(F)OC(F)(F)C(F)(F)S(F)(=O)=O,1.202743713
C[NH+](C)C1=CC=CC=C1.FC1=C(F)C(F)=C(C(F)=C1F)[B-](C1=C(F)C(F)=C(F)C(F)=C1F)(C1=C(F)C(F)=C(F)C(F)=C1F)C1=C(F)C(F)=C(F)C(F)=C1F,3.043576606
CC[NH3+].[O-]C(=O)C(F)(F)C(F)(F)C(F)(F)C(F)(F)C(F)(C(F)(F)F)C(F)(F)F,1.637395589
CN(CCOC(=O)NC1=CC=C(CC2=CC=C(NC(=O)OCCOC(=O)C=C)C=C2)C=C1)S(=O)(=O)C(F)(F)C(F)(F)C(F)(F)C(F)(F)F,1.46298391
OC(=O)C=CC(F)(F)C(F)(F)C(F)(F)C(F)(F)C(F)(F)F,1.841557587
OCCNS(=O)(=O)C(F)(F)C(F)(F)C(F)(F)C(F)(F)C(F)(F)C(F)(F)F,1.617697542
[O-]S(=O)(=O)C(F)(F)C(F)OC(F)(F)C(F)(F)F,0.857646557
FC(=CC(F)(F)C(F)(F)F)C(F)(F)C(F)(F)C(F)(F)F,2.448558847
FC(=CC(F)(F)F)C(F)(F)C(F)(F)C(F)(F)C(F)(F)F,2.443095532
CCCCO[Si](CCC(F)(F)C(F)(F)C(F)(F)C(F)(F)C(F)(F)C(F)(F)F)(OCCCC)OCCCC,2.228396242
FC(F)=CC(F)(F)C(F)(F)C(F)(C(F)(F)F)C(F)(F)F,2.412556496
O[C@H](CN(CC1=CC(=CC=C1)C(F)(F)C(F)(F)C(F)(F)F)C1=CC(OC2=CC(OC(F)(F)F)=CC=C2)=CC=C1)C(F)(F)F,2.591509445
CC(=C)C(=O)OCC(C)(O)C(F)(F)C(F)(F)C(F)(C(F)(F)F)C(F)(F)F,1.631623053
FC(F)(NC1=CC=CC=C1)C(F)(F)C(F)(F)C(F)(F)C(F)(F)C(F)(F)C(F)(F)NC1=CC=CC=C1,1.897284754
FC(F)(Cl)C(F)(Cl)C(F)(F)C(F)(F)C(F)(F)C(F)(F)I,2.309703918
FC(F)(F)C(=O)OS(=O)(=O)C(F)(F)C(F)(F)F,1.068212302
FC(F)(F)CCC(F)(F)C(F)(F)F,2.053093107
[O-]S(=O)(=O)C(F)(F)C(F)(F)C(F)(F)C(F)(F)C(F)(F)C(F)(F)CCCCCC(F)(F)F,1.674248477
NC1=C(C=CC(=C1)C(=O)NC1=C(C=C(C=C1Br)C(F)(C(F)(F)F)C(F)(F)F)C(F)(F)F)C#N,1.967631802
CC(F)(F)C(F)(F)C(F)(F)C(F)(F)C(F)(F)C(F)(F)C(F)(F)C(F)(F)COC(=O)C=C,2.228783581
FC(C(F)(F)F)C(F)(F)C(F)(F)C(F)(F)F,2.258097795
CC=C[SiH2]OC(F)(F)C(F)(F)C(F)(F)F,2.027606914
CC(=C)C(F)(F)C(O)(F)C(F)(F)F,1.236265577
NC1=CC=CC(N)(C1)C(F)(F)C(F)(F)C(F)(F)F,1.37028983
NC(=N)C1=NN(CCC(F)(F)C(F)(F)F)C2=C1C=CC(Cl)=C2,1.723297389
CCN(CCC(=C)C([O-])=O)S(=O)(=O)C(F)(F)C(F)(F)C(F)(F)C(F)(F)C(F)(F)C(F)(F)C(F)(F)C(F)(F)F,1.66304968
CCCCCCCCCC(F)C(F)(F)C(F)(F)C(F)(F)C(F)(F)C(F)(F)C(F)(F)C(F)(F)C(F)(F)C(O)=O,1.898091133
FC(OC(F)=C(F)C(F)(F)C(F)(F)C(F)(F)Br)=C(F)C(F)(F)C(F)(F)C(F)(F)Br,2.329621026
NC1=C(Br)C=C(C=C1Br)S(=O)C(F)(F)C(F)(F)C(F)(F)C(F)(F)F,1.77590773
CCCCCCCCOC1=CN=C(N=C1)C1=CC=C(OCC(F)(F)OC(F)(F)C(F)(F)OC(F)(F)C(F)(F)C(F)(F)C(F)(F)F)C=C1,2.28455295
FC(OC1=CC=CC=C1)=C(F)C(F)(F)C(F)(F)C(F)(F)C(F)(F)C(F)(F)C(F)(F)C(F)(F)F,2.5806197
CC1=CC(=CC(C)=C1C1=CN(N=C1)C1=CC(C(O)=O)=C(Cl)C=C1)C(F)(C(F)(F)F)C(F)(F)F,1.858302126
CCOC(=O)C(CCCCCCC=C)CCCC(F)(F)C(F)(F)F,2.113019966
OC1=CC2=C(C=C1)C(C1=CC=C(OCCCCSCCCC(F)(F)C(F)(F)F)C=C1)=C(CCC2)C1=CC=CC=C1,2.212324075
CNCCCS(=O)CCCC(F)(F)C(F)(F)F,1.051342494
FC(F)(F)C(F)(F)C(F)(F)C(F)(F)S(=O)(=O)C1=CC=CC=C1,1.638863681
FC1=CC=C(SC(F)(F)C(F)(F)C(F)(F)C(F)(F)SC2=CC=C(F)C=C2)C=C1,2.4362647
FC(F)(F)C(F)(F)C1(CCCCC1)C(F)(F)F,2.288323491
FC(F)(F)CCOC=O,1.155865813
FC(F)OC(F)(F)OC(F)(F)OC(F)F,1.228599311
FC1(F)C(=O)C2(F)C(F)(F)C(F)(F)C(F)(F)C(F)(F)C2(F)C(F)(F)C1(F)F,2.458531026
[H]C([H])(OC(=O)C(=C)CO)C([H])([H])C(F)(F)C(F)(F)C(F)(F)C(F)(F)C(F)(F)C(F)(F)F,2.020517512
FC(F)(F)C(F)(F)C(F)(F)C(F)(F)C(F)(F)C(F)(F)C(F)(F)C(F)(F)S(=O)CCOC(=O)C=C,1.97464795
CC(=C)C(=O)OCCCCCCCCCCCNS(=O)(=O)C(F)(F)C(F)(F)C(F)(F)C(F)(F)C(F)(F)C(F)(F)C(F)(F)C(F)(F)C(F)(F)C(F)(F)C(F)(F)C(F)(F)F,1.867786197
CN(CCOC(=O)C=C)S(=O)(=O)C(F)(F)C(F)(F)N1C(F)(F)C(F)(OC(F)(C(F)(F)C(F)(F)F)C1(F)F)C(F)(F)C(F)(F)F,1.718153224
CC(=C)C(=O)OCCN(C(=O)C(F)(F)C(F)(F)C(F)(F)C(F)(F)F)C(=O)C(F)(F)C(F)(F)C(F)(F)C(F)(F)F,1.782631736
O[13C](=O)[13C](F)(F)[13C](F)(F)[13C](F)(F)[13C](F)(F)[13C](F)(F)[13C](F)(F)C(F)(F)C(F)(F)C(F)(F)C(F)(F)F,2.008746224
FC(F)=C(F)C(F)(F)OC(F)(F)C(F)(F)C(F)(F)F,2.237859531
OS(=O)(=O)C(F)(F)C(F)(F)C(F)(F)C(F)(F)C(F)(F)C(F)(F)C(F)(F)C(F)(F)C(F)(F)OC(F)(F)F,1.940697626
OS(=O)(=O)C(F)(F)C(F)(F)C(F)(F)C(F)(F)S(F)(F)(F)(F)F,1.44545603
OS(=O)(=O)C(F)(F)C(F)(F)C(F)(F)C(F)(F)C(\F)=C(/F)C(F)(F)F,1.750502782
OS(=O)(=O)C(F)(Cl)C(F)(F)C(F)(F)C(F)(F)C(F)(F)F,1.455865319
OS(=O)(=O)C(F)(F)C(F)(F)C(F)(F)C(F)(F)C(F)C(\F)=C(/F)C(F)(F)F,1.782938538
OS(=O)(=O)C(F)C(F)(F)F,0.363276353
[H]C(F)(C(F)(F)F)C(F)(F)C(F)(F)C(F)(F)C(F)(F)S(O)(=O)=O,1.590244295
OS(=O)(=O)C(F)(F)C(F)(F)C(F)(F)C(F)(F)C(F)(F)C(F)(F)C(F)(F)C(F)(F)C(F)(F)C(F)(F)C(=O)C(F)(F)F,1.92543067
CCN(CC(O)=O)S(=O)(=O)C(F)(F)C(F)(F)C(F)(F)C(F)(F)C(F)(F)C(F)(F)C(F)(F)C(F)(F)C(F)(F)F,1.806254089
OCC(O)CN(CC(O)CO)C(=O)C(F)(F)C(F)(F)C(F)(F)C(F)(F)C(F)(F)C(F)(F)F,1.569109779
C[N+](C)(CCC(CO)N(CCCS([O-])(=O)=O)S(=O)(=O)C(F)(F)C(F)(F)C(F)(F)C(F)(F)F)CC(O)CO,0.873222613
C[N+](C)([O-])CCCNC(=O)C(F)(F)OC(F)(F)C(F)(F)C(F)(F)OC(F)(F)F,1.248955472
C[N+](C)(CC[O-])CCCN(CCO)S(=O)(=O)C(F)(F)C(F)(F)C(F)(F)C(F)(F)F,1.018826496
CC(C)O[Si](CCC(F)(F)C(F)(F)C(F)(F)C(F)(F)C(F)(F)C(F)(F)F)(OC(C)C)OC(C)C,1.877766414
FC(F)(COC(=O)CCNCC1CCNCC1)C(F)(F)C(F)(F)C(F)(F)COC(=O)C=C,1.059621288
OS(=O)(=O)C(F)(F)C(F)(F)C(F)(F)C(F)=C(F)C(F)(F)F,1.579062946
CC(C)CC(F)(F)C(F)(F)C(F)(F)C(F)(F)F,2.493148198
COC(F)(F)C(F)(F)C(F)(F)C(F)(F)C(F)(F)C(F)(F)C(F)(F)F,2.277608129
[NH4+].[O-]S(=O)(=O)C(F)(F)C(F)(F)OC(F)(F)C(F)(F)C(F)(F)C(F)(F)C(F)(F)C(F)(F)Cl,1.355268124
CCCCCCCCCCCCCCCCCCCCCCCCCCCCCC(=O)OCC(O)COCCC(F)(F)C(F)(F)C(F)(F)C(F)(F)C(F)(F)C(F)(F)F,1.837508223
OS(=O)(=O)CCC(F)(F)C(F)(F)C(F)(F)C(F)(F)C(F)(F)C(F)(F)C(F)(F)C(F)(F)C(F)(F)C(F)(F)C(F)(F)C(F)(F)F,2.234077244
FC(F)(F)C(F)(F)C(F)(F)C(F)(F)C(F)(F)C(F)(Cl)C(F)(F)F,2.398080902
CCCC[N+]1=CC=CC=C1.[O-]S(=O)(=O)C(F)(F)C(F)(F)C(F)(F)C(F)(F)F,0.609270242
FC(F)(F)C(F)(F)C1(F)C(F)(F)C(F)(F)C(F)(F)C(F)(C(F)(F)C(F)(F)F)C1(F)F,2.59502064
C[N+](C)(CCCC(F)(F)C(F)(F)C(F)(F)C(F)(F)C(F)(F)C(F)(F)C(F)(F)C(F)(F)C(F)(F)C(F)(F)C(F)(F)C(F)(F)C(F)(F)F)CC([O-])=O,2.277639034
C[N+](C)(C)CC([O-])CSCCC(F)(F)C(F)(F)C(F)(F)C(F)(F)F,1.644062326
FC(F)(F)C(F)(F)C(F)(F)C(F)(F)C(F)(F)Cl,2.253832919
OS([O-])(=O)=O.C[N+](C)(C)CCCNCS(=O)(=O)C(F)(F)C(F)(F)C(F)(F)C(F)(F)C(F)(F)C(F)(F)C(F)(F)C(F)(F)F,1.307580731
CN(C)(=O)CCC(F)(F)C(F)(F)C(F)(F)C(F)(F)C(F)(F)C(F)(F)F,1.957295557
OP(=O)(C(F)(F)C(F)(F)C(F)(F)C(F)(F)C(F)(F)C(F)(F)C(F)(F)F)C(F)(F)C(F)(F)C(F)(F)C(F)(F)C(F)(F)C(F)(F)C(F)(F)F,2.19562751
C[N+](C)(CCCNS(=O)(=O)C(F)(F)C(F)(F)C(F)(F)C(F)(F)C(F)(F)C(F)(F)C(F)(F)F)CCCS([O-])(=O)=O,1.200789439
OCCC(F)(F)C(F)(F)C(F)(F)C(F)(F)C(F)(F)C(F)(F)C(F)(F)C(F)(F)C(F)(F)C(F)(F)C(F)(F)C(F)(F)C(F)(F)C(F)(F)C(F)(F)F,2.413417786
OCCC(F)(F)C(F)(F)C(F)(F)C(F)(F)C(F)(F)C(F)(F)C(F)(F)C(F)(F)C(F)(F)C(F)(F)C(F)(F)C(F)(F)C(F)(F)C(F)(F)C(F)(F)C(F)(F)C(F)(F)F,2.468287059
CC[NH+](CC)CC.[O-]S(=O)(=O)C(F)(F)C(F)(F)C(F)(F)C(F)(F)C(F)(F)C(F)(F)C(F)(F)C(F)(F)F,1.166659272
CC(=C)C(=O)OCCNC(=O)OCC(F)(F)OC(F)(F)C(F)(F)OC(F)(F)C(F)(F)OC(F)(F)C(F)(F)C(F)(F)C(F)(F)F,1.716168108
OCCOCCOCCC(F)(F)C(F)(F)C(F)(F)C(F)(F)C(F)(F)C(F)(F)C(F)(F)C(F)(F)F,2.07654431
C[N+](C)(CCCNS(=O)(=O)C(F)(F)C(F)(F)C(F)(F)C(F)(F)C(F)(F)C(F)(F)C(F)(F)C(F)(F)C(F)(F)F)CC(O)CS(O)(=O)=O,1.644778026
OC(=O)CSCCC(F)(F)C(F)(F)C(F)(F)C(F)(F)F,1.72180889
CCC[Si](Cl)(CCC)CCC(F)(F)C(F)(F)F,2.209386243
CCC[Si](Cl)(CCC)CCC(F)(F)C(F)(F)C(F)(F)C(F)(F)C(F)(F)C(F)(F)F,2.359035856
FC(F)(F)CC[Si](Cl)(CCC(F)(F)F)CCC(F)(F)C(F)(F)C(F)(F)C(F)(F)C(F)(F)F,2.405760012
C[N+](C)([O-])CCCNC(=O)C1(F)C(F)(F)C(F)(F)C(F)(C(F)(F)F)C(F)(F)C1(F)F,1.66953595
C[N+](C)(CCCN(CCC(O)=O)S(=O)(=O)C(F)(F)C(F)(F)C(F)(F)C(F)(F)C(F)(F)F)CC(O)=O,1.096453791
COP(=O)(C(F)(F)C(F)(F)C(F)(F)C(F)(F)C(F)(F)C(F)(F)C(F)(F)C(F)(F)F)C(F)(F)C(F)(F)C(F)(F)C(F)(F)C(F)(F)C(F)(F)C(F)(F)C(F)(F)F,2.375804182
CCN(CCOP(O)(O)=O)S(=O)(=O)C(F)(F)C(F)(F)C(F)(F)C(F)(F)C(F)(F)C(F)(F)C(F)(F)C(F)(F)C(F)(F)C(F)(F)F,1.739130087
CC[N+](CC)(CCNS(=O)(=O)C(F)(F)C(F)(F)C(F)(F)C(F)(F)C(F)(F)C(F)(F)C(F)(F)C(F)(F)F)CCC([O-])=O,1.482968406
OCC(F)(F)OC(F)(F)C(F)(F)OC(F)(F)C(F)(F)OC(F)(F)C(F)(F)OC(F)(F)C(F)(F)C(F)(F)C(F)(F)F,2.006190597
OC(=O)C=C(F)C(F)(F)C(F)(F)C(F)(F)F,1.389895224
OC(=O)C1=C(OC(F)(F)C(F)Cl)C=C(OC(F)(F)C(F)Cl)C=C1OC(F)(F)C(F)Cl,2.265413563
OCC[N+]1(CC([O-])=O)CCN(CCCNC(=O)C(F)(F)C(F)(F)C(F)(F)C(F)(F)C(F)(F)C(F)(F)C(F)(F)C(F)(F)C(F)(F)F)CC1,1.380390151
CC(=O)OC(CC(F)(F)C(F)(F)C(F)(F)C(F)(F)C(F)(F)C(F)(F)C(F)(F)C(F)(F)F)C[N+](C)(C)CC([O-])=O,1.831668691
CC(=O)OC(CC(F)(F)C(F)(F)C(F)(F)C(F)(F)C(F)(F)C(F)(F)C(F)(F)C(F)(F)C(F)(F)C(F)(F)F)C[N+](C)(C)CC([O-])=O,1.921094641
CCCCCCN(CCC[N+](C)(C)CC([O-])=O)S(=O)(=O)C(F)(F)C(F)(F)C(F)(F)C(F)(F)C(F)(F)C(F)(F)F,1.602119711
CC1=CC=C(C=C1)S([O-])(=O)=O.C[N+](C)(C)CCOCCCNC(=O)C(F)(F)C(F)(F)C(F)(F)C(F)(F)C(F)(F)C(F)(F)C(F)(F)C(F)(F)F,1.185904324
[NH4+].CCCN(CC(O)CS([O-])(=O)=O)S(=O)(=O)C(F)(F)C(F)(F)C(F)(F)C(F)(F)F,0.764379663
CN(CCOCCO)S(=O)(=O)C(F)(F)C(F)(F)C(F)(F)F,1.128875235
OCCOCCOCCOCCOCCNC(=O)C(F)(F)C(F)(F)C(F)(F)C(F)(F)C(F)(F)C(F)(F)C(F)(F)F,1.538518185
[Cl-].CCCN(CCCS(=O)(=O)[N+](C)(C)CCO)S(=O)(=O)C(F)(F)C(F)(F)C(F)(F)C(F)(F)C(F)(F)C(F)(F)C(F)(F)C(F)(F)F,1.248226126
OC(=O)C(F)OC(F)(F)C(F)(F)OC(F)(F)OC(F)(F)F,1.051444568
OC(=O)C(F)(F)C(F)OC(F)(F)C(F)(F)OC(F)(F)OC(F)(F)OC(F)(F)OC(F)(F)F,1.406578418
OC(=O)C(F)(F)C(F)C(F)(F)OC(F)(F)C(F)(F)OC(F)(F)OC(F)(F)F,1.457169548
OC(=O)COC(F)(F)C(F)OC(F)(F)C(F)(F)C(F)(F)OC(F)(F)C(F)(F)C(F)(F)F,1.676127801
OC(=O)COC(F)(F)C(F)(F)OC(F)(F)C(F)(F)C(F)(F)OC(F)(F)F,1.514332313
OC(=O)C(F)(F)C(F)(F)C(F)(F)C(F)(F)C(F)(F)OC(F)(F)C(F)(F)F,1.671431751
C[N+](C)(CC([O-])=O)C1=CC=C(OC(=C(C(F)(C(F)(F)F)C(F)(F)F)C(F)(C(F)(F)F)C(F)(F)F)C(F)(F)F)C=C1,2.509321657
Cl.CCCNS(=O)(=O)C(F)(F)C(F)(F)C(F)(F)C(F)(F)C(F)(F)C(F)(F)C(F)(F)C(F)(F)C(F)(F)C(F)(F)C(F)(F)C(F)(F)C(F)(F)F,1.973599858
OC(CC(F)(F)C(F)(F)F)S([O-])(=O)=O,0.669332731
[NH4+].[O-]S(=O)(=O)CCC(F)(F)C(F)(F)F,0.424824827
CN(CCCNS(=O)(=O)C(F)(F)C(F)(F)C(F)(F)C(F)(F)C(F)(F)C(F)(F)C(F)(F)C(F)(F)C(F)(F)C(F)(F)C(F)(F)F)CC(O)CS(O)(=O)=O,1.747189861
CC[N+](C)(C)CCC(F)(F)C(F)(F)C(F)(F)C(F)(F)C(F)(F)C(F)(F)C(F)(F)C(F)(F)C(F)(F)C(F)(F)C(F)(F)C(F)(F)F,2.348147632
OC(CC(F)(F)C(F)(F)C(F)(F)C(F)(F)C(F)(F)C(F)(F)C(F)(F)C(F)(F)C(F)(F)F)S(O)(=O)=O,2.081414478
OC(=O)CC(F)(F)C(F)(F)C(F)(F)C(F)(F)C(F)(F)C(F)(F)C(F)(F)C(F)(F)C(F)(F)C(F)(F)C(F)(F)C(F)(F)C(F)(F)C(F)(F)F,2.236497483
OS(=O)(=O)CC(=O)CC(F)(F)C(F)(F)C(F)(F)C(F)(F)C(F)(F)C(F)(F)C(F)(F)F,1.779609553
OS(=O)(=O)OCCC(F)(F)C(F)(F)C(F)(F)C(F)(F)C(F)(F)C(F)(F)C(F)(F)C(F)(F)C(F)(F)C(F)(F)C(F)(F)C(F)(F)F,2.196325338
CN(C)CCC(NS(=O)(=O)C(F)(F)C(F)(F)C(F)(F)C(F)(F)C(F)(F)C(F)(F)F)C(O)=O,1.252926928
CN(CCCNS(=O)(=O)CCC(F)(F)C(F)(F)C(F)(F)C(F)(F)C(F)(F)C(F)(F)C(F)(F)C(F)(F)C(F)(F)C(F)(F)C(F)(F)C(F)(F)F)CC(O)=O,1.933787514
CNCCCNS(=O)(=O)CCC(F)(F)C(F)(F)C(F)(F)C(F)(F)C(F)(F)C(F)(F)C(F)(F)C(F)(F)C(F)(F)C(F)(F)C(F)(F)C(F)(F)C(F)(F)C(F)(F)F,2.027092954
NCCCNS(=O)(=O)CCC(F)(F)C(F)(F)C(F)(F)C(F)(F)C(F)(F)C(F)(F)F,1.52751855
NCCCNS(=O)(=O)CCC(F)(F)C(F)(F)C(F)(F)C(F)(F)C(F)(F)C(F)(F)C(F)(F)C(F)(F)C(F)(F)C(F)(F)C(F)(F)C(F)(F)C(F)(F)C(F)(F)F,2.099984253
CN(C)CCCNS(=O)(=O)C(F)(F)C(F)(F)C(F)(F)C(F)(F)C(F)(F)C(F)(F)C(F)(F)C(F)(F)C(F)(F)C(F)(F)F,1.868798073
CN(C)CCCN(CCC(O)=O)S(=O)(=O)C(F)(F)C(F)(F)C(F)(F)C(F)(F)C(F)(F)C(F)(F)C(F)(F)C(F)(F)C(F)(F)F,1.62485327
CNS(=O)(=O)C(F)(F)C(F)(F)C(F)(F)F,0.831094694
C[N+](C)([O-])CCCNS(=O)(=O)C(F)(F)C(F)(F)F,0.567688434
C[N+](C)(CCCNC(=O)C(F)(F)C(F)(F)F)CC([O-])=O,0.820672097
OS(=O)C(F)(F)C(F)(F)C(F)(F)C(F)(F)C(F)(F)C(F)(F)C(F)(F)C(F)(F)C(F)(F)C(F)(F)F,2.057228427
OS(=O)(=O)OC(F)(F)C(F)(F)C(F)(F)C(F)(F)C(F)(F)C(F)(F)C(F)(F)C(F)(F)C(F)(F)C(F)(F)C(F)(F)F,2.110646803
OS(=O)(=O)OC(F)(F)C(F)(F)C(F)(F)C(F)(F)C(F)(F)C(F)(F)C(F)(F)C(F)(F)C(F)(F)F,1.98804962
OS(=O)(=O)C1(F)C(F)(F)C(F)(F)C(F)(C(F)(F)F)C1(F)F,1.627819494
C[N+](C)(CCCNS(=O)(=O)C(F)(F)C(F)(F)C(F)(F)C(F)(F)C(F)(F)C(F)(F)C(F)(F)C(F)(F)C(F)(F)C(F)(F)C(F)(F)C(F)(F)F)CCC([O-])=O,1.832505413
C[N+](C)(CCCN(CCC(O)=O)S(=O)(=O)C(F)(F)C(F)(F)C(F)(F)C(F)(F)C(F)(F)C(F)(F)C(F)(F)C(F)(F)C(F)(F)F)CCC([O-])=O,1.505053399
OC(=O)C1(F)C(F)(F)C(F)(F)C(F)(C(F)(F)C(F)(F)C(F)(F)C(F)(F)F)C1(F)F,1.910795237
OC(=O)C1(F)C(F)(F)C(F)(F)C(F)(F)C(F)(C(F)(F)C(F)(F)C(F)(F)C(F)(F)C(F)(F)C(F)(F)F)C1(F)F,2.112695039
C[N+](C)(CCCNS(=O)(=O)C(F)(F)C(F)(F)F)CC(O)CS([O-])(=O)=O,0.356512781
C[N+](C)(CCCNS(=O)(=O)C(F)(F)C(F)(F)C(F)(F)C(F)(F)C(F)(F)C(F)(F)C(F)(F)C(F)(F)F)CC(O)CS(O)(=O)=O,1.557139513
C[N+](C)(CCCN(CC(O)CS(O)(=O)=O)S(=O)(=O)C(F)(F)C(F)(F)C(F)(F)C(F)(F)C(F)(F)C(F)(F)C(F)(F)F)CC(O)CS(O)(=O)=O,1.440283136
OS(=O)(=O)C1(F)C(F)(F)C(F)(F)C(F)(F)C(F)(C(F)(F)C(F)(F)F)C1(F)F,1.879196477
OS(=O)(=O)C1(F)C(F)(F)C(F)(F)C(F)(F)C(F)(C(F)(F)C(F)(F)C(F)(F)C(F)(F)C(F)(F)C(F)(F)F)C1(F)F,2.132256917
C[N+](C)(CCCN(CC(O)=O)S(=O)(=O)C(F)(F)C(F)(F)C(F)(F)C(F)(F)C(F)(F)C(F)(F)C(F)(F)C(F)(F)C(F)(F)C(F)(F)F)CC(O)CS(O)(=O)=O,1.717003499
OS(=O)(=O)CCCNS(=O)(=O)C(F)(F)C(F)(F)F,0.371355055
OS(=O)(=O)CCCNS(=O)(=O)C(F)(F)C(F)(F)C(F)(F)C(F)(F)C(F)(F)C(F)(F)C(F)(F)C(F)(F)C(F)(F)C(F)(F)C(F)(F)C(F)(F)C(F)(F)F,1.959484271
C[N+](C)(CCCNS(=O)(=O)C(F)(F)C(F)(F)C(F)(F)C(F)(F)C(F)(F)C(F)(F)C(F)(F)C(F)(F)C(F)(F)C(F)(F)F)CC([O-])=O,1.77744679
C[N+](C)(CCCN(CC(O)=O)S(=O)(=O)C(F)(F)C(F)(F)C(F)(F)C(F)(F)C(F)(F)C(F)(F)C(F)(F)C(F)(F)C(F)(F)C(F)(F)C(F)(F)F)CCCS([O-])(=O)=O,1.651019801
C[N+](C)(CCCN(CC(O)=O)S(=O)(=O)C(F)(F)C(F)(F)C(F)(F)F)CCCS([O-])(=O)=O,0.663581278
OC(=O)C(F)(F)O\C(F)=C(/F)C(F)(F)F,1.009766263
C[N+](C)(CCCN(CC(O)=O)S(=O)(=O)C(F)(F)C(F)(F)C(F)(F)C(F)(F)C(F)(F)C(F)(F)C(F)(F)C(F)(F)C(F)(F)F)CC([O-])=O,1.714496502
CN(CCC[N+](C)(C)CCCS([O-])(=O)=O)S(=O)(=O)C(F)(F)C(F)(F)C(F)(F)C(F)(F)C(F)(F)C(F)(F)C(F)(F)C(F)(F)C(F)(F)C(F)(F)C(F)(F)C(F)(F)F,1.739300478
C[N+](C)(CCCN(CCCS(O)(=O)=O)S(=O)(=O)C(F)(F)C(F)(F)C(F)(F)C(F)(F)C(F)(F)C(F)(F)C(F)(F)C(F)(F)C(F)(F)F)CCCS(O)(=O)=O,1.580999898
OS(=O)(=O)C1=CC=C(OC(F)(F)C(F)(F)C(F)(F)C(F)(F)C(F)(F)C(F)(F)C(F)(F)C(F)(F)C(F)=C(F)F)C=C1,2.079659071
C[N+](C)(CCCN(CC(O)=O)S(=O)(=O)C(F)(F)C(F)(F)C(F)(F)C(F)(F)C(F)(F)C(F)(F)C(F)(F)C(F)(F)C(F)(F)C(F)(F)C(F)(F)C(F)(F)F)CC([O-])=O,1.897940471
C[N+](C)(C)CCCNS(=O)(=O)C(F)(F)C(F)(F)C(F)(F)C(F)(F)C(F)(F)C(F)(F)C(F)(F)C(F)(F)C(F)(F)C(F)(F)F,1.882626802
C[N+](C)(C)CCCN(CCC([O-])=O)S(=O)(=O)C(F)(F)C(F)(F)C(F)(F)C(F)(F)C(F)(F)C(F)(F)F,1.422393815
C[N+](C)(CCCN(CCC(O)=O)S(=O)(=O)C(F)(F)C(F)(F)C(F)(F)F)CC([O-])=O,0.767066029
OC(=O)C(F)C(F)(F)C(F)(F)C(F)(F)C(F)(F)C(F)(F)C(F)(F)C(F)(F)C(F)(F)C(F)(F)C(F)(F)C(F)(F)C(F)(F)C(F)(F)C(F)(F)F,2.208666508
OS(=O)(=O)C(F)(F)C(F)(F)C(F)(F)C(F)(F)C(F)(F)C(F)(F)C(\F)=C(/F)C(F)(F)C(F)(F)C(F)(F)C(F)(F)C(F)(F)C(F)(F)F,2.263856494
OS(=O)(=O)OC(F)C(F)C(F)C(F)C(F)C(F)C(F)C(F)C(F)C(F)(F)C(F)(F)F,1.568265854
C[N+](C)(C)CCNCC(F)(F)C(F)(F)C(F)(F)C(F)(F)C(F)(F)C(F)(F)C(F)(F)C(F)(F)C(F)(F)F,2.108496113
C[N+](C)(C)CCNCC(F)(F)C(F)(F)C(F)(F)C(F)(F)C(F)(F)C(F)(F)C(F)(F)C(F)(F)C(F)(F)C(F)(F)F,2.161037335
C[N+](C)(CCCN(CCC(O)=O)S(=O)(=O)C(F)(F)C(F)(F)C(F)(F)C(F)(F)C(F)(F)C(F)(F)C(F)(F)C(F)(F)C(F)(F)C(F)(F)C(F)(F)C(F)(F)F)CC([O-])=O,1.772671988
OS(=O)(=O)C(F)(F)C(Cl)(Cl)C(F)(F)C(F)(F)C(F)(F)C(F)(F)C(F)(F)C(F)(F)C(F)(F)C(F)(F)F,1.979565944
OS(=O)(=O)C(F)(F)C(Cl)(Cl)C(F)(F)C(F)(F)C(F)(F)C(F)(F)C(F)(F)C(F)(F)C(F)(F)C(F)(F)C(F)(F)C(F)(F)F,2.095181524
CN(C)CCC(CO)N(CCCS(O)(=O)=O)S(=O)(=O)C(F)(F)C(F)(F)C(F)(F)C(F)(F)C(F)(F)C(F)(F)C(F)(F)C(F)(F)C(F)(F)C(F)(F)C(F)(F)F,1.799526376
CC[N+](C)(C)CC(F)(F)C(F)(F)C(F)(F)C(F)(F)C(F)(F)C(F)(F)C(F)(F)C(F)(F)C(F)(F)C(F)(F)C(F)(F)C(F)F,2.34716458
C[N+](C)(CCCNS(=O)(=O)C(F)(F)C(F)(F)C(F)(F)C(F)(F)C(F)(F)C(F)(F)C(F)(F)F)CCC(O)CO,1.451835727
C[N+](C)(CC(F)C(F)(F)C(F)(F)C(F)(F)F)CC(O)=O,1.513277227
C[N+](C)(CCC(CO)NS(=O)(=O)C(F)(F)C(F)(F)C(F)(F)C(F)(F)C(F)(F)C(F)(F)C(F)(F)C(F)(F)F)CC(O)CO,1.613172791
CCN(CCC[N+](C)(C)CC)S(=O)(=O)C(F)(F)C(F)(F)C(F)(F)C(F)(F)C(F)(F)C(F)(F)F,1.521377856
CCN(CCC[N+](C)(C)CC)S(=O)(=O)C(F)(F)C(F)(F)C(F)(F)C(F)(F)C(F)(F)C(F)(F)C(F)(F)C(F)(F)F,1.694085269
CCNS(=O)(=O)C(F)(F)C(F)(F)C(F)(F)C(F)(F)C(F)(F)C(F)(F)C(F)(F)C(F)(F)C(F)(F)C(F)(F)C(F)(F)C(F)(F)C(F)(F)F,2.088905633
C[N+](C)(CC(F)C(F)(F)C(F)(F)C(F)(F)C(F)(F)C(F)(F)C(F)(F)C(F)(F)C(F)(F)F)CC(O)=O,2.042802317
OS(=O)(=O)CC(F)(F)C(F)(F)C(F)(F)C(F)(F)C(F)(F)C(F)(F)C(F)(F)C(F)(F)F,1.982900955
CN(C)CCCNS(=O)(=O)C(F)(F)C(F)(F)F,0.620564353
OS(=O)(=O)C(F)(F)C(F)(F)C(F)(F)C(F)(F)C(F)(F)C(F)(F)C(\F)=C(/F)C(F)(F)C(F)(F)C(F)(F)C(F)(F)C(F)(F)F,2.219335037
C[N+](C)(CCO)CCCN(CCCS([O-])(=O)=O)S(=O)(=O)C(F)(F)C(F)(F)C(F)(F)C(F)(F)C(F)(F)C(F)(F)C(F)(F)C(F)(F)C(F)(F)C(F)(F)C(F)(F)C(F)(F)F,1.730262827
[O-]C(=O)C(F)(F)C(F)(F)C(F)(F)C(F)(F)C(F)(F)S(F)(F)(F)(F)F,1.817208951
C[N+](C)(C)CCCNC(=O)CS(=O)CCC(F)(F)C(F)(F)C(F)(F)C(F)(F)F,1.398607029
C[N+](C)(C)CCCNC(=O)CS(=O)CCC(F)(F)C(F)(F)C(F)(F)C(F)(F)C(F)(F)C(F)(F)C(F)(F)C(F)(F)F,1.831257692
OC(=O)C(F)(F)C(F)(F)C(F)(F)C(F)(F)C(F)(F)C(F)(F)C(F)(F)C(F)(F)C(F)(F)C(F)(F)C(F)(F)C(F)(F)C(F)(F)S(F)(F)(F)(F)F,2.109580647
NS(=O)(=O)C(F)(F)C(F)(F)C(F)(F)C(F)(F)C(F)(F)C(F)(F)C(F)(F)C(F)(F)C(F)(F)C(F)(F)C(F)(F)C(F)(F)F,2.145303288
OC(=O)CNS(=O)(=O)C(F)(F)C(F)(F)C(F)(F)C(F)(F)C(F)(F)C(F)(F)C(F)(F)C(F)(F)C(F)(F)C(F)(F)C(F)(F)C(F)(F)C(F)(F)C(F)(F)F,2.07195553
OC(=O)CCS(=O)CCC(F)(F)C(F)(F)C(F)(F)C(F)(F)C(F)(F)C(F)(F)C(F)(F)C(F)(F)F,1.829553448
CC(C)(CS(O)(=O)=O)NC(=O)CCS(=O)CCC(F)(F)C(F)(F)F,0.838738568
CC(C)(CS(O)(=O)=O)NC(=O)CCS(=O)(=O)CCC(F)(F)C(F)(F)C(F)(F)C(F)(F)F,1.030595149
FC(F)(F)C(F)(F)CCSC(=O)NCCCCCC=O,1.651887702
FC(F)(F)C(F)(F)C(F)(F)C(F)(F)C(F)(F)C(F)(F)C(F)(F)C(F)(F)CCSC(=O)NCCCCCC=O,1.960560503
OC(=O)CCCCNC(=O)SCCC(F)(F)C(F)(F)C(F)(F)C(F)(F)C(F)(F)C(F)(F)C(F)(F)C(F)(F)F,1.697847086
OC(=O)CCCCNC(=O)CCNC(=O)SCCC(F)(F)C(F)(F)C(F)(F)C(F)(F)C(F)(F)C(F)(F)F,1.278228218
OC(=O)CCCCNC(=O)CCNC(=O)SCCC(F)(F)C(F)(F)C(F)(F)C(F)(F)C(F)(F)C(F)(F)C(F)(F)C(F)(F)C(F)(F)C(F)(F)C(F)(F)C(F)(F)F,1.647870659
CN(C)CCCNC(=O)CSCCC(F)(F)C(F)(F)C(F)(F)C(F)(F)C(F)(F)C(F)(F)C(F)(F)C(F)(F)C(F)(F)C(F)(F)C(F)(F)C(F)(F)C(F)(F)C(F)(F)F,2.162829224
OC(CC(O)=O)SCCC(F)(F)C(F)(F)C(F)(F)C(F)(F)C(F)(F)C(F)(F)C(F)(F)C(F)(F)C(F)(F)C(F)(F)F,2.038173919
C[N+](C)(C)CC(O)CSCCC(F)(F)C(F)(F)C(F)(F)C(F)(F)C(F)(F)C(F)(F)C(F)(F)C(F)(F)C(F)(F)C(F)(F)C(F)(F)C(F)(F)C(F)(F)C(F)(F)F,2.331919714
C[N+](C)(CCC(F)C(F)(F)C(F)(F)C(F)(F)C(F)(F)C(F)(F)C(F)(F)C(F)(F)C(F)(F)F)CC([O-])=O,2.094622442
OCC(SCCC(O)=O)C(O)C(F)(F)C(F)(F)C(F)(F)C(F)(F)C(F)(F)C(F)(F)C(F)(F)C(F)(F)F,1.729943508
OS(=O)(=O)CC=C(F)C(F)(F)C(F)(F)C(F)(F)C(F)(F)C(F)(F)C(F)(F)C(F)(F)C(F)(F)C(F)(F)C(F)(F)C(F)(F)C(F)(F)F,2.318326788
C[N+](C)(CCCC(F)(F)C(F)(F)C(F)(F)C(F)(F)C(F)(F)C(F)(F)F)CC([O-])=O,1.914517487
C[N+](C)(CCCC(F)(F)C(F)(F)C(F)(F)C(F)(F)C(F)(F)C(F)(F)C(F)(F)C(F)(F)F)CC([O-])=O,2.062192399
O\C(=C/C(=O)C(F)(F)F)C(F)(F)F,1.225756454
OS(=O)(=O)CCCC(F)(F)C(F)(F)F,0.989059816
OS(=O)(=O)CCCC(F)(F)C(F)(F)C(F)(F)C(F)(F)C(F)(F)C(F)(F)F,1.876478688
OC(CSC(=O)CCC(F)(F)C(F)(F)F)C(O)=O,0.931416425
OC(CSC(=O)CCC(F)(F)C(F)(F)C(F)(F)C(F)(F)C(F)(F)C(F)(F)C(F)(F)C(F)(F)C(F)(F)F)C(O)=O,1.915317627
C[N+](C)(CC=O)CC(CC(F)(F)C(F)(F)C(F)(F)C(F)(F)C(F)(F)C(F)(F)C(F)(F)C(F)(F)C(F)(F)C(F)(F)C(F)(F)C(F)(F)C(F)(F)C(F)(F)C(F)(F)C(F)(F)F)OC=O,2.250571162
CN(C)CC(O)CC(F)(F)C(F)(F)C(F)(F)C(F)(F)C(F)(F)C(F)(F)F,1.95541141
CNCC(O)CC(F)(F)C(F)(F)C(F)(F)C(F)(F)C(F)(F)C(F)(F)F,1.894614353
C[N+](C)(C)CC(O)CC(F)(F)C(F)(F)F,1.509068288
C[N+](C)(CCC(O)=O)CC(O)CC(F)(F)C(F)(F)C(F)(F)C(F)(F)C(F)(F)C(F)(F)C(F)(F)C(F)(F)C(F)(F)C(F)(F)C(F)(F)C(F)(F)C(F)(F)C(F)(F)F,2.115119778
CN(C)CC(O)C=C(F)C(F)(F)C(F)(F)C(F)(F)F,1.727896899
C[N+](C)(CC(O)C=C(F)C(F)(F)C(F)(F)C(F)(F)C(F)(F)C(F)(F)C(F)(F)C(F)(F)C(F)(F)C(F)(F)F)CC([O-])=O,2.090234018
C[N+](C)(CCCCC(F)(F)C(F)(F)C(F)(F)C(F)(F)C(F)(F)C(F)(F)C(F)(F)C(F)(F)C(F)(F)C(F)(F)C(F)(F)C(F)(F)C(F)(F)C(F)(F)C(F)(F)C(F)(F)F)CC([O-])=O,2.371871975
CN(CC(O)=O)S(=O)(=O)C(F)(F)C(F)(F)C(F)(F)C(F)(F)C(F)(F)C(F)(F)C(F)(F)C(F)(F)C(F)(F)C(F)(F)C(F)(F)C(F)(F)C(F)(F)F,2.10718711
OS(=O)(=O)C(F)(F)C(F)(F)C(F)(F)C(F)(F)C(F)(F)C(F)(F)C(F)=C(F)C(F)(F)C(F)(F)C(F)(F)F,2.118915013
NS(=O)(=O)CCC(F)(F)C(F)(F)F,0.948128137
FC(F)(C(=O)NC1=CC=C(C=C1)N=NC1=CC=CC=C1)C(F)(F)C(=O)NC1=CC=C(C=C1)N=NC1=CC=CC=C1,1.830979724
FC(F)OC(F)(Cl)C(F)(F)F,1.546949287
FC1(F)C(F)(F)C(F)(F)C(F)(C(=O)NC2=CC=C(C=C2)N=NC2=CC=CC=C2)C(F)(F)C1(F)F,2.280444353
FC(F)(C(=O)NC1=CC=C(C=C1)N=NC1=CC=CC=C1)C(F)(F)C(F)(F)C(F)(F)C(=O)NC1=CC=C(C=C1)N=NC1=CC=CC=C1,1.99169456
FCC(F)(F)C(F)(Cl)Br,1.742746018
CC1=CC(=NN1)C(F)(F)F,1.174082775
CCCCNC(=O)NS(=O)(=O)C(F)(F)C(F)(F)C(F)(F)C(F)(F)C(F)(F)C(F)(F)C(F)(F)C(F)(F)F,1.619909916
CC1=C(NC(=O)NC(=O)C2=C(F)C=CC=C2F)C=CC(SC(F)(F)C(F)F)=C1C,1.79134616
NC1=C(F)C=C(SC(F)(F)C(F)F)C=C1,1.694386611
[O-][N+](=O)C1=CC=CC(=C1)C(=O)CC(Cl)(C(F)(F)F)C(F)(F)F,1.974727719
FC(F)(F)[N+]#[C-],0.362644476
NC(C1=CN([C@H]2C[C@H](O)[C@@H](CO)O2)C(=O)NC1=O)(C(F)(F)F)C(F)(F)F,0.60045311
FC(F)(F)C(=O)CS,1.02420903
FC(F)=C(F)OC(F)(F)C(F)(F)C(F)(F)OC(F)=C(F)F,2.402094565
CC(C)(C(O)=O)C(F)(F)C(F)F,0.9615974
CC(C)OP(=O)(OC(C)C)C(NC(=O)OCC1=CC=CC=C1)(C(F)(F)F)C(F)(F)F,1.581188414
C[N+](C)(CCCCCC([O-])=O)CCCC(F)(F)C(F)(F)C(F)(F)C(F)(F)C(F)(F)C(F)(F)C(F)(F)C(F)(F)F,1.845402624
[O-][N+](=O)C1=NC=CN1CC(=O)NCC(F)(F)C(F)(F)F,1.109093113
FC(F)(F)C1=CC(=CC(=C1)C(=O)NCCCl)C(F)(F)F,1.925768713
COC1=C(F)C(F)(F)C(F)(F)C1(F)F,2.126700591
[NH4+].[O-]P(=O)(OCCC(F)(F)C(F)(F)C(F)(F)C(F)(F)C(F)(F)C(F)(F)F)OCCC(F)(F)C(F)(F)C(F)(F)C(F)(F)C(F)(F)C(F)(F)F,1.598354388
CC(=C)C(=O)OCC(F)(F)C(F)(F)C(F)(F)C(F)(F)C(F)(F)C(F)(F)C(F)(F)C(F)F,2.188461367
COC(=O)C(F)(F)C(F)=C(F)F,1.214286587
OC1=CC(F)=C(F)C=C1F,1.771642029
FC(F)(F)C1=C(C(F)(F)F)C2(C(=C(C(F)(F)F)C12C(F)(F)F)C(F)(F)F)C(F)(F)F,3.238918146
FC1=CC(F)=C(F)C(F)=C1,2.970875387
CC1=C(OC(F)(F)C(F)F)C=CC(=C1)[N+]([O-])=O,2.184025339
FC(F)C(F)(F)COC=C,1.560068305
O.OC(N1CCNCC1)(C(F)(F)F)C(F)(F)F,0.425995803
FC(F)(F)C(F)(F)C(F)(F)C(F)(F)C(F)(F)C(F)(F)C(F)(F)C(F)(F)Cl,2.430470279
FC(F)(F)C(F)(F)C(F)(F)C(F)(F)C(F)(F)C(F)(F)C(F)(F)C(F)(F)COC(=O)C=C,2.232811673
OC(O)C(F)(F)C(F)(F)C(F)(F)C(F)(F)C(F)(F)C(F)(F)C(F)(F)F,1.860908452
FC(F)(F)C1=CC(=CC(CBr)=C1)C(F)(F)F,2.460552772
FC(F)(F)C1=CC(=C(Br)C=C1)C(F)(F)F,2.78931305
OCC1=CC(=CC(=C1)C(F)(F)F)C(F)(F)F,1.982864083
FC(F)(F)CN(CC(F)(F)F)C1=CC2=C(NC(=O)C=C2C(F)(F)F)C=C1,1.907619523
OC(=O)C(F)(C(F)(F)F)C(F)(F)F,0.906557061
FC(F)(F)C12C(F)(F)C3(F)C(F)(F)C(F)(C1(F)F)C(F)(F)C(C(F)(F)F)(C3(F)F)C2(F)F,3.224619026
FC(F)(Cl)OC(F)(F)C(F)(Cl)Cl,1.645336263
NCC(F)(F)C(F)(F)C(F)(F)F,1.384701332
FC(F)(F)C(F)(F)C(F)(F)C=O,1.697582881
FC(F)=C(F)C(F)(F)C(F)(F)C(F)(F)C(F)(F)C(F)(F)C(F)(F)C(F)(F)F,2.56682064
FC1(F)C(F)(F)C(F)(F)C(F)(F)C1(F)F,2.456290092
FC(F)(F)C(F)(F)C(F)(F)CN=C=O,1.602554666
FC(=O)C(F)(F)C(F)(F)C(F)(F)C(F)(F)C(F)=O,1.569966886
FC(F)(F)C1=CN=CC=C1,1.636972612
CCOC(=O)C(F)=C(F)F,1.314310673
OCCN(CCO)S(=O)(=O)C(F)(F)C(F)(F)C(F)(F)C(F)(F)C(F)(F)C(F)(F)C(F)(F)C(F)(F)F,1.877978193
FC(F)(F)C(=O)NC(=O)C(F)(F)F,0.795378834
NS(=O)(=O)C(F)(F)F,-0.000650377
FC(F)(F)C(Cl)(Cl)Br,1.640323282
FC(F)(F)N(C(F)(F)F)C(F)(F)F,1.047135752
FN(F)C(F)(F)N(F)F,0.999631383
FC(F)C(F)(F)OC1CCCCC1,1.942997804
NCCC(F)(F)F,0.625498286
FC(F)(F)C(F)(F)C1=NC2=C(N1)C(Cl)=C(Cl)C(Cl)=C2Cl,2.925238596
NNCC(F)(F)F,0.286218407
FC(F)(F)C(F)(F)C(F)(F)C(F)(F)C(F)(F)C(F)(F)S(Cl)(=O)=O,1.80107622
FC(F)OC(F)(F)C(F)Cl,1.427681754
FCC(F)(F)F,1.594250311
FC(F)C(F)(F)C(F)(F)C(F)(F)COC(C(F)(F)F)C(F)(F)F,2.219001354
NC(=O)C1=C(F)C(F)=C(F)C(F)=C1F,1.838142836
FC1=C(F)C(F)=C(CC#N)C(F)=C1F,2.36421082
C[Si](O)(O)CCC(F)(F)F,1.029810499
CN(C)C(F)(F)F,0.825495929
FC(F)C(F)(F)OC=C,1.815339608
OC(CC(O)(C(F)(F)F)C(F)(F)F)CC(O)(C(F)(F)F)C(F)(F)F,1.22101881
OCCNC(=O)C(F)(F)F,0.309261906
OC(C(F)(F)F)C(F)(F)F,1.065171635
NC1=CC(=C(F)C=C1)C(F)(F)F,2.005790245
FC(F)=PC(F)(F)F,1.743709677
FC(F)N(C(F)F)C(F)(F)F,0.745178297
FC1=CC=C(C=C1)C1=CC(=NN2C=NN=C12)C(F)(F)C(F)(F)F,2.30226905
FC(F)C(F)(F)COC(=O)C=C,1.670715608
FC1=NC(=C(Cl)C(F)=N1)C(F)(F)F,1.649851339
FC(F)(F)C(=C=S)C(F)(F)F,1.726696771
C[Si](C)(Cl)CCC(F)(F)C(F)(F)C(F)(F)C(F)(F)C(F)(F)C(F)(F)C(F)(F)C(F)(F)F,2.521679262
FC(F)(F)C(F)(F)C(F)(F)C(=O)NC1=CC=C(C=C1)C1=CC=C(NC(=O)C(F)(F)C(F)(F)C(F)(F)F)C=C1,1.857246786
FC(F)(F)N(C(F)(F)C(F)(F)F)C(F)(F)C(F)(F)F,1.533613826
FC1=C(F)C(F)=C(S)C(F)=C1F,2.456826867
FC(F)(F)C#CBr,1.957938218
FC1=C(F)C(F)=C(I)C(F)=C1F,3.262660782
FC(F)(F)C(F)(F)C(F)(F)C(F)(F)C(F)(F)C=C,2.374064745
FC(F)(Cl)C(F)(F)C(F)(F)OCC=C,1.873411806
OC(=O)CC1=CC(=CC(=C1)C(F)(F)F)C(F)(F)F,1.487164501
CC(C)NS(=O)(=O)C(F)(F)C(F)(F)C(F)(F)C(F)(F)C(F)(F)C(F)(F)C(F)(F)C(F)(F)F,1.741478862
COC1=C(F)C2=C(NC(=N2)C(F)(F)F)C(F)=C1F,2.215322282
COC(=O)C1=CC=C(OC(F)(F)C(F)F)C=C1,2.207429729
FC(F)(F)C(F)(C(F)(F)F)C(F)(F)C(F)(F)C(F)(F)C(F)(F)C(F)(F)C(F)(F)C(F)(F)C(F)(F)C(F)(F)C(F)(F)C(F)(F)C(F)(F)C(F)(F)C(F)(F)CCOC(=O)C=C,2.464052517
FC(F)(F)C(F)(F)C(F)(F)C(F)(F)C(F)(F)C(F)(F)C(F)(F)C(F)(F)C(F)(F)C(F)(F)COC(=O)C=C,2.29524066
CCO[Si](CCCOC(F)(F)C(F)F)(OCC)OCC,1.331902307
C[Si](C)(C)O[Si](CCC(F)(F)C(F)(F)C(F)(F)C(F)(F)C(F)(F)C(F)(F)F)(O[Si](C)(C)C)O[Si](C)(C)C,2.376894504
FC(F)C(F)(F)F,1.825973302
CC1=CN(CC2=C(F)C(F)=C(F)C(F)=C2F)C(=O)N(CC2=C(F)C(F)=C(F)C(F)=C2F)C1=O,2.217179172
NOCC1=C(F)C(F)=C(F)C(F)=C1F,1.989830619
FN(F)C(F)(F)C(F)(F)F,1.451977051
NNC(=O)C(F)(F)F,0.638982844
CCCC(O)C(F)(F)C(F)(F)C(F)(F)F,1.596745268
FC(F)(F)C1=CC(=CC=C1)[Si](F)(C1=CC=CC(=C1)C(F)(F)F)C1=CC=CC(=C1)C(F)(F)F,2.987107318
COC(=O)C1=C(C(=C(C(=C1C(F)(F)F)C(F)(F)F)C(F)(F)F)C(F)(F)F)C(F)(F)F,2.944082282
FC(F)(F)C(F)(F)C(F)(F)C1=NC(=NO1)C(F)(F)C(F)(F)C(F)(F)F,1.983145134
FC(F)(F)C(F)(F)C(F)(F)C1=NN=C(O1)C(F)(F)C(F)(F)C(F)(F)F,1.950138904
NC(=O)NCC(F)(F)F,0.698566059
FC(F)(F)C(Cl)=O,0.892602609
FC(F)(F)C(F)(F)C(F)(F)C(F)(F)C(F)(F)C(F)(F)OC(F)(F)C(F)(F)C(F)(F)C(F)(F)C(F)(F)C(F)(F)F,2.463419922
FC(F)(F)C(F)(F)C(F)(F)C1=NCCO1,1.291915487
FC(F)(F)COC(=N)C(F)(F)F,1.17934904
FC(F)(F)C(F)(F)C(F)(F)C1=NC(=O)ON1,1.518186782
FC(F)(F)C(F)(F)C(F)(F)C(F)(F)C(F)(F)C(F)(F)C(F)(F)CC(CCP(=O)(N1CC1)N1CC1)P(=O)(N1CC1)N1CC1,1.584485448
OP(O)(=O)CCC(CC(F)(F)C(F)(F)C(F)(F)C(F)(F)C(F)(F)C(F)(F)C(F)(F)F)P(O)(O)=O,1.689055938
NC(=O)C(O)(C(F)(F)F)C(F)(F)F,0.907974349
FC(F)(F)CC1=CC(=CC=C1)C(F)(F)F,2.423914277
FC(F)CC1=CC(=CC=C1)C(F)(F)F,2.354204546
OC(=O)COCC(F)(F)C(F)(F)C(F)(F)COCC(O)=O,0.975949332
FC1(F)C(=O)NC(=O)C1(F)F,0.682601649
COC1=CC=CC(=C1)C(=O)C=C(C(F)(F)F)C(F)(F)F,2.339422899
FC(F)(F)C(=CC(=O)C1=CC(Cl)=CC=C1)C(F)(F)F,2.581662618
FC(F)(F)C(=CC(=O)C1=CC=C(Cl)C2=CC=CC=C12)C(F)(F)F,2.836744836
CCC(C(=O)C1=CC=CS1)C(O)(C(F)(F)F)C(F)(F)F,1.662423865
OC(CC(=O)C1=CC(=CC=C1)C(F)(F)F)(C(F)(F)F)C(F)(F)F,1.876660924
[H]C12OC([H])(C=C1)C1=C2C(F)=C(F)C(OC2=C(F)C(F)=C(F)C(F)=C2F)=C1F,3.470346915
FC1=C(F)C(OC2=C(F)C(F)=C(C#N)C(F)=C2F)=C(F)C(OC2=C(F)C(F)=C(C#N)C(F)=C2F)=C1F,3.101030975
NNC1=C(F)C(F)=C(F)C(N)=C1F,1.56487697
OC1=CC=C(C=C1)C(F)(F)C(F)(F)C(F)(F)C(F)(F)C(F)(F)C(F)(F)C(F)(F)F,2.008535432
FC(OOC(F)(F)F)C(Cl)Cl,1.486719702
CCN(CC)C(=O)C(F)C(F)(F)C(F)(F)C(F)C(=O)N(CC)CC,0.892104745
FC(F)(F)C1(CC2COC3=CC=CC=C3C2=N1)C(F)(F)F,2.241880926
FC1=CC=C(C=C1)N(CCNC(=O)C(F)(F)F)C(=O)C(F)(F)F,1.502293182
FC(F)(F)C(=O)NC1=NC(NC(=O)C(F)(F)F)=NN1,1.081405764
CN1CC(F)OC(F)(F)C1,1.172956922
FC(F)(F)C(F)(F)C(F)(F)C(=O)NCCNC(=O)C(F)(F)C(F)(F)C(F)(F)F,1.229796228
CCNS(=O)(=O)C(F)(F)C(F)(F)C(F)(F)C(F)(F)C(F)(F)C(F)(F)C(F)(F)C(F)(F)F,1.787664595
OC(=O)C(C(F)(F)F)C(F)(F)F,0.747659332
FC(F)(F)C(F)(F)C(F)(F)C(F)(F)C(F)(F)C(F)(F)C(F)(F)CCP(=O)(N1CC1)N1CC1,1.793006169
FC(F)(Cl)C(F)(Cl)C(F)(F)C(F)(Cl)C(F)(F)C(F)(Cl)Cl,2.251181725
FC1=CC=CC(=C1C=O)C(F)(F)F,2.190699724
FC1=C(C=C(C=O)C=C1)C(F)(F)F,2.159106404
NC(=O)NC(=O)C(F)(F)F,0.365654132
FC1=C(C=O)C=CC(=C1)C(F)(F)F,2.12482733
FC1=CC(=C(C=O)C=C1)C(F)(F)F,2.221521111
COC(=O)C(F)(F)C(F)(F)C(F)(F)C(F)(F)F,1.698175805
CCCCCCCCCCCCCCCC(=O)OCC(F)(F)C(F)(F)C(F)(F)C(F)(F)C(F)(F)C(F)(F)C(F)(F)F,2.115956584
CCCCCCCCCCOC(=O)C(F)(F)C(F)(F)C(F)(F)F,2.015154993
CCCCCCCCCCCCCCCCCCOC(=O)C(F)(F)C(F)(F)C(F)(F)F,2.01872483
CCCCCCCC(=O)OCC(F)(F)C(F)(F)C(F)(F)C(F)(F)C(F)(F)C(F)F,2.072825566
FC(F)(F)C(F)(SSC(F)(C(F)(F)F)C(F)(F)F)C(F)(F)F,2.266977287
OCC(O)CC(F)(F)C(F)(F)C(F)(F)C(F)(F)C(F)(F)C(F)(F)F,1.967735592
C[Si](C(F)(F)C(F)(F)OC(F)(C(F)(F)F)C(F)(F)F)(C(F)(F)C(F)(F)OC(F)(C(F)(F)F)C(F)(F)F)C(F)(F)C(F)(F)OC(F)(C(F)(F)F)C(F)(F)F,2.544243656
FC(F)(F)C1(CN1OS(=O)(=O)C1=CC=CC=C1)C(F)(F)F,1.708053706
FC(F)(F)C1(CN1C1=CC=CC=C1)C(F)(F)F,2.365458521
FC1=C(F)C(F)=C(F)C(=C1)C1=CC(F)=C(F)C(F)=C1F,3.624006854
FC(F)(F)C(=O)NCCCCNC(=O)C(F)(F)F,0.655203114
FC(F)(F)C(F)(Cl)I,2.021641448
OCC1=C(F)C(=CC=C1)C(F)(F)F,1.657776845
OCC1=C(F)C=CC(=C1)C(F)(F)F,1.708581819
FC(F)(F)C1=CC=CC(=N1)C(F)(F)F,2.096185415
FC(F)=C(F)C(F)=C(F)C(F)=C(F)F,2.247702005
FC(F)(F)C1(C=CC=CC=C1)C(F)(F)F,2.680290541
CC1=CC(F)=C(F)C(F)=C1F,2.799778656
FC(F)(F)C(F)(F)C(F)(F)C(\C=C\I)(C(F)(F)F)C(F)(F)F,2.397916511
FC(F)=C(F)C1=C(F)C(F)=C(F)C(F)=C1F,3.034299974
[O-][N+](=O)CC1=C(F)C(F)=C(F)C(F)=C1F,2.090862252
FC1=C(F)C(F)=C(CON=C)C(F)=C1F,2.383083362
OC\C(I)=C/C(F)(F)C(F)(F)C(F)(F)F,1.64011455
NC1=C(F)C(F)=C(C(F)=C1F)C(F)(F)F,2.111815835
NC1=C(NC(=O)C(F)(F)C(F)F)C=C(C=C1[N+]([O-])=O)C(F)(F)F,1.888917723
CNC1=NC(OC(C(F)(F)F)C(F)(F)F)=NC(N)=N1,1.258928665
FC1=C(F)C2=NC3=C(N=C2C(F)=C1F)C(F)=C(F)C(F)=C3F,2.510125108
FC1(F)C=C(Cl)C(F)(F)C1(F)F,2.551746249
COC1=C(O)C=C(CCN(C(=O)C(F)(F)C(F)(F)C(F)(F)F)C(=O)C(F)(F)C(F)(F)C(F)(F)F)C=C1,1.719941353
FC(F)(F)C1=NC2=C(C(=O)NN2)C(=C1)C(F)(F)F,1.783603338
C[C@H](N)C1=CC(=CC(=C1)C(F)(F)F)C(F)(F)F,2.014766888
OC(=O)C1=CC(SC(F)(F)F)=CC(SC(F)(F)F)=C1,1.286607903
CC1=C(F)N=C(F)N=C1F,1.087258023
OC1=C(F)C(F)=C(F)C2=C1C(F)=C(F)C(F)=C2F,2.418154712
CC1=CC=C(C=C1)S(=O)(=O)OCC(F)(F)C(F)F,1.19528565
FC(F)(F)C1=CC(=CC(=C1)N=C=S)C(F)(F)F,2.727963738
FC1=C(F)C(F)=C(F)C(C=O)=C1,2.410811862
FC1=CC(F)=C(F)C(C(Cl)=O)=C1F,2.367024906
[O-][N+](=O)C1=C(C=CC(=C1)C(F)(F)F)C(F)(F)F,2.380894986
FC(F)(F)C1=CC(Br)=C(C=C1)C(F)(F)F,2.781815104
NCC1=C(C=C(F)C=C1)C(F)(F)F,1.871941801
FC(F)(F)C(F)(OCC=C)C(F)(F)F,1.907662873
FCOCF,0.784219244
FC(F)(F)C(C1=CC=C(C=C1)N=C=O)(C1=CC=C(C=C1)N=C=O)C(F)(F)F,2.46826678
CC1=C(C=C(C=C1N)C(F)(F)F)C(F)(F)F,2.143293604
FC(F)(F)C1=NN=C(O1)C(F)(F)F,1.564279145
FC1=C(C=C(Br)C=C1)C(F)(F)F,2.792532515
OCCCC(F)(F)C(F)(F)Br,1.282214758
CCOC(=O)CC1(CC(CC(F)(F)C(F)(F)C(F)(F)C(F)(F)C(F)(F)C(F)(F)C(F)(F)C(F)(F)F)OC1=O)C(=O)OCC,1.858467986
FC(F)(F)C(Cl)(C1=CC=CC=C1)C(F)(F)F,2.447626578
OC(=O)C(F)(F)C(F)(F)C(F)(F)C(F)(F)C(F)(F)C(F)(F)Cl,1.625226668
FC(F)(Br)CC(F)(F)CC(F)(F)Br,1.936200259
CCOCCC(F)=C(F)F,1.354447435
CCOC(=O)C(F)(Br)C(F)(F)F,1.357566009
CCOC(=O)CC(C(F)(F)F)C(F)(F)F,1.68747992
FC1=C(C=C(I)C=C1)C(F)(F)F,2.999082992
OC(=O)C(F)(F)S(F)(=O)=O,-0.313250379
OCC1=C(C=C(F)C=C1)C(F)(F)F,1.865001237
NCC1=C(C=CC(F)=C1)C(F)(F)F,1.855091195
NC1=C(F)C=C(C(F)=C1)C(F)(F)F,2.032455124
NC1=CC=C(C=C1)N1N=C(C=C1C(F)(F)F)C(F)(F)F,2.027220483
OC(=O)C(F)(F)C(F)(F)C(F)(F)C(F)(F)C(F)(F)C(F)(F)F,1.662942092
CC1=C(C=C(C=C1)C(F)(F)F)C(F)(F)F,2.496638945
FC(F)(F)C(F)(F)C(=O)C1=CC=C(Cl)C=C1,2.389544642
FC1=C(C=C(CCl)C=C1)C(F)(F)F,2.49377809
FC(F)(F)C(F)(F)C(F)(F)C(F)(F)C(F)(F)C(F)(F)C(F)(F)C(F)(F)C(F)(F)C(F)(F)C(F)(F)C(F)(F)C(F)(F)C(F)(F)C(F)(F)F,2.627620882
FC(F)(F)C(=O)N=C(C(F)(F)F)C(F)(F)F,1.665862645
CS(=O)(=O)CC1=CC(=CC(=C1)C(F)(F)F)C(F)(F)F,1.67542072
FC(F)(F)COC(Cl)=O,1.018804273
FC(F)C1=CC=C(F)C=C1,2.268305281
FC(F)(F)C1=CC(=C(Cl)C=C1)C(F)(F)F,2.91146252
FC(F)(F)C(CCC#N)(C(F)(F)F)C(F)(F)F,1.986473201
OC(C(F)(F)F)(C(F)(F)F)C(Cl)(Cl)Cl,1.422984669
CC(C)(C)OC(=O)C(F)(F)C(F)(F)F,1.679492159
FC(F)(F)C(Br)(CBr)C(F)(F)F,1.971505626
FC(F)(F)C(Cl)C(Cl)C(F)(F)F,1.91468623
FC(F)(F)C(F)(F)C(F)(F)CC1CO1,1.845039556
FC(F)(F)C(F)(C1CCCCC1I)C(F)(F)F,2.293963597
CCCC\C=C\C(F)(F)C(F)(F)C(F)(F)F,2.697939929
FC(F)(F)C(F)(F)C(F)(F)OC(F)(I)C(F)(F)F,2.069996577
FC(C(F)(F)F)C(F)(F)COC(=O)C=C,1.821978989
OC(=O)CCC(F)(C(F)(F)F)C(F)(F)C(F)(F)F,1.503674516
OC1=C(C=CC2=CC=CC=C12)C(O)(C(F)(F)F)C(F)(F)F,1.863130299
FC(F)(F)C(F)(F)[C@H]1CCCC[C@H]1I,2.184910584
COC(=O)C(F)(F)C(F)(F)C(F)(F)C(F)(F)C(F)(F)C(F)F,1.916632891
FC(F)(C(Cl)=O)C(F)(F)C(F)(F)C(F)(F)C(Cl)=O,1.447783195
FC(F)C(F)(F)C(F)(F)C(F)(F)COS(=O)(=O)C(F)(F)F,1.579378125
OC(=O)C(F)(F)C(F)(F)C(F)(F)C(F)(F)C(F)(F)C(F)(F)C(F)(F)C(O)=O,1.254915086
FC1(F)OC(F)(F)C(F)(F)OC(F)(F)C(F)(F)OC(F)(F)C(F)(F)OC(F)(F)C(F)(F)OC1(F)F,1.934520794
OCC(F)(F)C(F)(C(F)(F)F)C(F)(F)C(F)(F)C(F)(F)C(F)(C(F)(F)F)C(F)(F)F,2.196736865
FC(F)(F)C(F)(F)C(F)(F)OC1(F)C(F)(F)C(F)(F)C(F)(F)C(F)(C(F)(F)C(F)(F)F)C1(F)F,2.544078462
NCC(F)(F)C(F)(F)C(F)(F)C(F)(F)C(F)(F)C(F)(F)F,1.932097391
FC(F)C(F)(F)C(F)(F)C(F)(F)C(F)=C(F)F,2.40469525
CCCCCCCCC=CC(F)(F)C(F)(F)C(F)(F)C(F)(F)C(F)(F)C(F)(F)F,2.576126213
CC1=CC(=NN1)C(F)(F)C(F)(F)C(F)(F)C(F)(F)C(F)(F)C(F)(F)F,1.937866904
CC(=C)C(=O)OCC(O)CC(F)(F)C(F)(F)C(F)(F)C(F)(F)C(F)(F)C(F)(F)C(F)(C(F)(F)F)C(F)(F)F,2.005334145
OCC(F)(F)C(F)(F)C(F)(F)C(F)(F)C(F)(F)C(F)(F)C(F)(F)CO,1.730996736
FC(F)(F)C(F)(F)C(F)(F)C(F)(F)C(F)(F)C(F)(F)C(F)(F)C(F)(F)C(F)(F)Br,2.413727768
CC1=CC=C(C=C1)S(=O)(=O)OCC(F)(F)C(F)(F)C(F)(F)C(F)(F)C(F)(F)C(F)(F)C(F)(F)C(F)F,1.865074914
OCCCC(F)(F)C(F)(F)C(F)(F)C(F)(F)C(F)(F)C(F)(F)C(F)(F)C(F)(F)F,2.15833973
OC(=O)C(F)(F)C(F)(C(F)(F)F)C(F)(F)C(C(F)(F)F)(C(F)(F)F)C(F)(F)F,1.962644186
FC(F)(F)OC(F)(CCI)C(F)(F)F,1.655735707
FC(F)(F)CCC=O,1.297894029
FC(F)(Br)C(F)(Br)CCBr,1.670314664
COC(=O)C(F)(F)OC(F)(F)C(F)(F)OC(F)(F)C(F)(F)OC(F)(F)C(=O)OC,1.427453862
CC=CC(F)(F)F,2.162449764
FC=C(Br)C(F)(F)F,1.894583564
FC(F)(F)C(F)(F)C(F)(F)C(F)(F)C(F)(F)C(F)(Br)C(F)(F)Br,2.330950858
O.FC(F)(F)C(=O)C(Cl)Cl,0.661766088
CC1=CN=NN1C1=CC(=CC(=C1)C(F)(F)F)C(F)(F)F,2.219400502
CCCCCCCCCCCCCCC(F)(F)C(F)(F)C(F)(F)C(F)(F)C(F)(F)C(F)(F)F,2.392583999
FC(F)(F)C(F)(F)C(F)(F)C(F)(F)C(F)(F)C(F)(F)CCOC(=O)\C=C/C(=O)OCCC(F)(F)C(F)(F)C(F)(F)C(F)(F)C(F)(F)C(F)(F)F,2.207422294
COC(=O)C(=C)C(F)(F)F,1.232296022
FC(F)=C(OC(=O)C1=CC=CC=C1)C(F)(F)F,2.226095715
FC1(F)COCC1(F)F,1.647273067
FC(=O)C(=O)C(F)(F)F,0.977670306
FC(C(F)(F)F)C(F)(F)OCCCl,1.667578064
FC1=C(F)C(=C(F)C(F)=C1Cl)C(F)(F)F,2.988417209
FC1=C(Cl)C(F)=C(C(F)=C1Cl)C(F)(F)F,3.180952733
FC(F)(F)OC(F)(F)C(F)(F)I,1.771967347
OCC(O)CC(F)(F)C(F)(F)C(F)(F)C(F)(F)F,1.651688794
FC(F)(F)C(F)(F)C(F)(F)C(F)(F)C(F)(F)C(F)(F)C(F)(F)C(F)(F)C(=O)CC(=O)C1=CC=CC=C1,1.992213373
FC(F)(F)C(F)(F)C(F)(F)OC(F)(C(Cl)=O)C(F)(F)F,1.851806794
CN(CC(O)=O)S(=O)(=O)C(F)(F)C(F)(F)C(F)(F)C(F)(F)C(F)(F)C(F)(F)C(F)(F)C(F)(F)C(F)(F)C(F)(F)F,1.960280357
CN(CC(O)=O)S(=O)(=O)C(F)(F)C(F)(F)C(F)(F)C(F)(F)C(F)(F)C(F)(F)C(F)(F)C(F)(F)C(F)(F)C(F)(F)C(F)(F)C(F)(F)F,2.063391703
FC1(F)C(F)(F)[C@](F)(Cl)[C@]1(F)Cl,2.685971354
FC(F)(F)C(F)(F)C(F)(F)C(F)(F)C(=O)NC1=CC=C(C=C1)N=NC1=CC=CC=C1,2.065406003
FC(F)(F)C(F)(F)C(F)(F)C(F)(F)C(F)(F)C(F)(F)C(F)(F)C(F)(F)C(=O)NC1=CC=C(C=C1)N=NC1=CC=CC=C1,2.05812039
FC(F)(F)C(F)(F)C(F)(F)C(=O)NC1=CC(NC(=O)C(F)(F)C(F)(F)C(F)(F)F)=C(C=C1)N=NC1=CC=CC=C1,1.877010446
FC(F)C(F)(F)CNC1=CC=C(C=C1)N=NC1=C(C=C(C=C1)N(=O)=O)N(=O)=O,2.130219856
FC(F)(F)C(OC(=O)N1CCN(CC2=CC(OC3=CC=CC=C3)=CC=C2)CC1)C(F)(F)F,2.0770579
FC(F)C(F)(F)SC1=C(Cl)C=C(NC(=O)NC(=O)C2=C(F)C=CC=C2F)C=C1,2.03296394
FC(F)(F)C(F)(OC(F)(F)C(F)(Cl)I)C(F)(F)F,1.998425436
OC(=O)C(F)(C(F)(F)F)C(C(F)(F)F)(C(F)(F)F)C(F)(F)C(F)(F)F,1.876036308
OC(=O)C(F)(C(F)(F)C(F)(F)C(F)(F)F)C(F)(C(F)(F)F)C(F)(F)F,1.718540817
OC(=O)C(C(F)(F)F)(C(F)(F)F)C(F)(F)C(F)(F)C(F)(F)C(F)(F)F,1.75231438
FC(F)=C(F)OC(F)(F)OC(F)=C(F)F,2.240250301
OC(=O)C(F)(F)C(F)(F)C(F)(F)C(F)(F)C(F)(F)C(F)(F)C(F)(F)C(F)(F)C(F)(F)C(F)(F)C(F)(F)C(F)(F)C(F)(F)C(F)(F)C(F)(F)C(F)(F)C(F)(F)C(F)(F)F,2.336442944
CCCC\C=C\C(F)(F)C(F)(F)C(F)(F)C(F)(F)F,2.697367792
OC\C=C\C(F)(F)C(F)(F)C(F)(F)C(F)(F)F,2.051059405
F\C(I)=C(\F)C(F)(F)C(F)(F)C(F)(F)C(F)(F)C(F)(F)C(F)(F)C(F)(F)C(F)(F)F,2.569119835
FC(F)(F)C(F)(F)C(F)(F)C(F)(F)C(F)(F)C(F)(F)\C=C\C(F)(F)C(F)(F)C(F)(F)C(F)(F)C(F)(F)C(F)(F)C(F)(F)C(F)(F)F,2.716265979
OP(O)(=O)CCC(F)(F)C(F)(F)C(F)(F)C(F)(F)C(F)(F)C(F)(F)C(F)(F)C(F)(F)C(F)(F)C(F)(F)C(F)(F)C(F)(F)F,2.245769764
CCOP(=O)(CCC(F)(F)C(F)(F)C(F)(F)C(F)(F)C(F)(F)C(F)(F)C(F)(F)C(F)(F)C(F)(F)C(F)(F)F)OCC,2.069435921
FC(F)(F)C(F)(F)C(F)(F)C(F)(F)C1SC2C3=C(C=CC=C3)C1C1=C2C=CC=C1,2.590279912
FC1=C(F)C(F)=C(P(NCC(F)(F)C(F)(F)C(F)(F)C(F)(F)C(F)(F)C(F)(F)C(F)(F)F)C2=C(F)C(F)=C(F)C(F)=C2F)C(F)=C1F,2.534903649
F\C(=C(\F)C(F)(C(F)(F)F)C(F)(F)F)C(=O)C(F)(C(F)(F)F)C(F)(F)F,2.283588403
FC(F)(F)C(F)(F)C(F)(F)OC(F)(C(F)(F)F)C(F)(F)OC(F)(Br)C(F)(F)Br,2.213030987
FC(F)(F)C(F)(F)C(F)(F)COC(=O)OCC(F)(F)C(F)(F)C(F)(F)F,1.993882001
FC(F)(F)C(F)(F)C(F)(F)C(F)(F)S(Cl)=O,1.613077013
CC[NH+](CC)CC.[O-]C(=O)C(F)(F)C(F)(F)C(F)(F)C(F)(F)C(F)(F)C(F)(F)C(F)(F)C(F)(F)F,1.481090053
CC(=O)OCC(I)CC(F)(F)C(F)(F)C(F)(F)F,1.470697242
FC(F)(F)C(F)(F)C(F)(F)C(F)(F)CCOP(=O)(OCCC(F)(F)C(F)(F)C(F)(F)C(F)(F)F)OCCC(F)(F)C(F)(F)C(F)(F)C(F)(F)F,2.178645995
FC(F)(F)C(F)(F)C(F)(F)C(=O)NCCCNC(=O)C(F)(F)C(F)(F)C(F)(F)F,1.258941931
FC(F)(F)C(F)(F)C(F)(F)C(=O)NC1=CC2=CC=CC=C2C=C1,2.10333376
CCCCOC(O)[C@H](CC(O)=O)NC(=O)C(F)(F)C(F)(F)C(F)(F)F,0.707420285
CCOC(=O)[C@@H](CCC(O)=O)NC(=O)C(F)(F)C(F)(F)C(F)(F)F,0.767594396
FC(F)(F)C(F)(F)C(F)(F)C(=O)NC1=CC=C(CC2=CC=C(NC(=O)C(F)(F)C(F)(F)C(F)(F)F)C=C2)C=C1,1.849271331
[H][C@@]1(CC[C@@]2([H])[C@]3([H])CCC4=CC(O[Si](C)(C)C)=CC=C4[C@@]3([H])CC[C@]12C)OC(=O)C(F)(F)C(F)(F)C(F)(F)F,2.503021472
FC(=O)C(\F)=C(/F)C(F)(C(F)(F)F)C(F)(F)F,1.87877293
[H][C@@]1(CC[C@@]2([H])[C@]3([H])[C@@H](O)C=C4C[C@@H](O)CC[C@]4(C)[C@@]3([H])CC[C@]12C)[C@H](C)CCCC(F)(C(F)(F)F)C(F)(F)F,2.087237174
[NH4+].[O-]S(=O)(=O)OCCC(F)(F)C(F)(F)C(F)(F)C(F)(F)C(F)(F)C(F)(F)F,1.311033411
CN(C(=O)C1=C(Cl)N=CC=C1)C1=CC=CC(C(=O)NC2=C(C)C=C(C=C2C)C(F)(C(F)(F)F)C(F)(F)F)=C1F,1.63621817
FC(F)(F)C(F)(F)C(F)(F)C(=O)NC1=C(NC(=O)C(F)(F)C(F)(F)C(F)(F)F)C=CC=C1,1.672527524
NNC(=O)C1(F)C(F)(F)C(F)(F)C(F)(F)C(F)(F)C1(F)F,1.88132478
[O-]S(=O)(=O)C(F)(F)C(F)(F)C(F)(F)C(F)(F)C(F)(F)C(F)(F)C(F)(F)C(F)(F)C(F)(F)C(F)(F)C(F)(F)C(F)(F)F,1.968263864
[O-]S(=O)(=O)C(F)(F)C(F)(F)C(F)(F)C(F)(F)C(F)(F)C(F)(F)C(F)(F)C(F)(F)C(F)(F)C(F)(F)C(F)(F)C(F)(F)C(F)(F)F,2.011317355
OS(=O)(=O)C(F)(F)C(F)OC(F)(F)C(F)(OC(F)(F)C(F)(F)S(O)(=O)=O)C(F)(F)F,1.164317912
CC1=C(F)C(=C(F)C(C)=C1F)C(F)(F)F,2.758712541
OB(O)C(=C)C(F)(F)F,0.695855611
FC(F)(F)C1=NC2=C(C=CC(Cl)=N2)C(=C1)C(F)(F)F,2.464344374
OB(O)C1=C(C=CC=C1C(F)(F)F)C(F)(F)F,1.865604554
CC1=C(F)C=CC(OC(F)(F)F)=C1,2.720166584
OC1=C(F)C(F)=C(Br)C(F)=C1F,1.753233636
FC(OC(F)(F)F)C(F)(F)Br,1.480184824
FC(F)(F)C1=CC(=CC(NNC2=CC(=CC(=C2)C(F)(F)F)C(F)(F)F)=C1)C(F)(F)F,2.555122965
FC(F)(F)C1=NC2=C(C=CC=C2C(F)(F)F)C=C1,2.52840612
CC1=CC2=C(C=C1)N=C(N2)C(F)C(F)(F)F,1.846907832
FC(F)(F)C(C1=CC=C(C=C1)C(Cl)=O)(C1=CC=C(C=C1)C(Cl)=O)C(F)(F)F,2.59348573
FC(F)C(F)(F)C1=NC2=CC=CC=C2NC1=O,1.520652397
FC=CC(F)F,1.824124208
NC1=CC=C(C=C1)C(F)(F)C(F)(F)C(F)(F)C(F)(F)C(F)(F)C(F)(F)C(F)(F)C(F)(F)F,2.142071613
FC(F)(F)C1(F)C(F)(F)C(F)(C(F)(F)F)C(F)(C(F)(F)F)C(F)(F)C1(F)C(F)(F)F,2.666677547
CP(=O)(OCC(F)(F)F)OCC(F)(F)F,0.955006289
FC(F)(F)C(CI)C(F)(F)F,1.953325563
CCCN(CC(O)CO)S(=O)(=O)C(F)(F)C(F)(F)C(F)(F)C(F)(F)C(F)(F)C(F)(F)C(F)(F)C(F)(F)F,1.853785054
FC(F)C(F)(F)COC1=CC(C#N)=C(C=C1)C#N,1.730520948
CCN(CC)C(=O)C(F)(F)C(F)(F)C(F)(F)C(F)(F)C(F)(F)C(F)(F)F,1.800350254
FC(F)(F)OC1=CC=C(NC(=O)C(F)(F)F)C=C1,2.150179931
OCC(C(F)(F)F)C(F)(F)F,1.240026
COC1=CC(=CC(OC)=C1)C(=O)NC(=S)NC1=CC=CC(=C1)C(F)(F)C(F)(F)OC(F)(F)C(F)(F)C(F)(F)OC(F)(F)F,1.967971611
FC1=C(F)C(C#N)=C(F)C(F)=C1Cl,2.264804162
OC1=CC2=C(C=C1)C=C(C=C2)S(=O)(=O)C(F)(F)C(F)(F)C(F)(F)C(F)(F)C(F)(F)C(F)(F)F,1.514889198
C\N=C\C1=C(F)C(F)=C(F)C(F)=C1F,2.284914518
FC1=NC=C(C=C1)C(F)(F)F,1.74587752
FC(Cl)C(F)(F)Cl,1.537175509
FC(F)C(F)(F)Cl,1.683250047
FC(Cl)C(F)(Cl)C(F)(F)F,1.842227288
FC(F)(F)C(F)(F)C(Cl)Cl,1.733526189
FC(F)C(F)(F)C(F)(Cl)Cl,1.887491611
FC(F)(F)C(F)(F)C(F)(F)C(F)(F)C(F)(F)C(F)(F)C(F)(F)COC(=O)\C=C\C(=O)OCC(F)(F)C(F)(F)C(F)(F)C(F)(F)C(F)(F)C(F)(F)C(F)(F)F,2.282664585
CC1=CC2=C(C=C1)[P+]1(OC2(C(F)(F)F)C(F)(F)F)OC(C2=C1C=CC(C)=C2)(C(F)(F)F)C(F)(F)F,2.154978266
C[C@H](O)C(F)(F)F,0.695750242
FC1=C(F)C(F)=C(F)C2=C1C(F)(F)C(F)(F)C2(F)F,3.03967296
FC(F)(F)C=[N+]=[N-],0.878939422
FC1=C(F)C(F)=C(OC(=O)COCC(=O)OC2=C(F)C(F)=C(F)C(F)=C2F)C(F)=C1F,2.680169371
FC(F)(F)C1CNCC(C1)C(F)(F)F,1.396172214
FC1=C(F)C(F)=C(OS(=O)(=O)C(F)(F)F)C(F)=C1F,2.172488127
OC(C(Cl)Cl)C(F)(F)F,0.811494243
NC1=C(C(=C(F)C(C#N)=C1C#N)C(F)(F)F)C(F)(F)F,1.950564418
CC(=C)C(=O)OC(F)(F)C(F)(F)C(F)(F)C(F)(F)C(F)(F)C(F)(F)C(F)(F)C(F)(F)F,2.270694911
FC1(F)C(F)(F)C(F)(F)C(F)(F)C(F)(F)C(F)(F)C1(F)F,2.510052777
NC1=C(F)C(F)=C(F)C(N)=C1F,1.379010887
OCC(O)CCC(F)(F)C(F)(F)C(F)(F)C(F)(F)C(F)(F)C(F)(F)F,2.012463974
FC(F)(F)N(C(F)(F)F)S(F)(=O)=O,0.4192711
FC(F)(F)CC1OCCS1,1.355683136
FC(F)(F)C(F)(F)C(F)(F)C(CC1=CC=C(C=C1)P(C1=CC=CC=C1)C1=CC=C(CC(C(F)(F)F)(C(F)(F)F)C(F)(F)C(F)(F)C(F)(F)F)C=C1)(C(F)(F)F)C(F)(F)F,2.760743032
FC(F)(F)CN=C=O,0.893834592
CC(F)C(C)(F)F,1.99877011
FC(F)(F)OC(F)(F)C(F)(F)S(F)(=O)=O,1.017702079
FC(F)(F)C(=O)CC(=O)C1=CC=C(C=C1)C(F)(F)F,1.82452945
FC(F)(F)CC=C,1.849328441
CCOC(=O)CC(F)(F)C(F)F,1.257904125
FC(F)(I)C(F)(F)C#N,1.568734142
FC(F)(Cl)C(F)(Cl)C(F)(F)C(F)(F)I,2.103236271
FC(F)(F)C(F)(F)P(CCP(C(F)(F)C(F)(F)F)C(F)(F)C(F)(F)F)C(F)(F)C(F)(F)F,2.331577708
FC1(F)C(F)(F)C(F)(F)C(F)(C(=O)OOC(=O)C2(F)C(F)(F)C(F)(F)C(F)(F)C(F)(F)C2(F)F)C(F)(F)C1(F)F,2.371155261
FC(F)(F)C(F)(F)C(F)(F)C(=O)C(F)(Cl)Cl,1.801990617
FC(=C(C(F)(F)F)C(F)(F)F)C(F)(C(F)(F)F)C(F)(F)F,2.470453424
FC(F)(F)C(F)(F)C(F)(F)OC1(F)C(F)(F)C1(F)F,2.353454033
FC(F)(F)OCl,1.183866566
FC1(F)CCC(F)(F)C1(F)F,2.388464248
FC(F)(F)CO[Si](OCC(F)(F)F)(OCC(F)(F)F)C1=CC=CC=C1,2.311917728
FC1=NC(F)(F)C(F)(F)C(F)(F)C1(F)F,1.892580582
FC(F)(F)C(=NC(=O)C1=CC=CC=C1)C(F)(F)F,1.966367754
CC1(OO1)C(F)(F)F,1.428177124
FC(F)C(F)(F)C(F)(F)C(F)(F)CCl,2.028834514
FC(F)(F)C(F)(F)C(F)(F)C(F)(F)C1=CNC(=O)NC1=O,1.500920889
OC1=C(C=C(C=C1)C(C1=CC(=C(O)C=C1)[N+]([O-])=O)(C(F)(F)F)C(F)(F)F)[N+]([O-])=O,2.171463776
FC(F)=C(F)CCSC#N,1.751109183
OC(C1=CC=C(F)C=C1)C(F)(F)F,1.696379923
COC(F)(Cl)C(F)(F)Cl,1.406661522
O.O.O.FC1=C(F)C(F)=C(B(C2=C(F)C(F)=C(F)C(F)=C2F)C2=C(F)C(F)=C(F)C(F)=C2F)C(F)=C1F,3.142223246
C[Si](C)(C)OC([C@@H]1CCCN1)(C1=CC(=CC(=C1)C(F)(F)F)C(F)(F)F)C1=CC(=CC(=C1)C(F)(F)F)C(F)(F)F,2.66269726
FC(F)(F)C(F)(F)C1=CC=CC=C1,2.24612039
FC1(F)C=CC(F)(F)C1(F)F,2.527420913
FC(F)=C(CC(F)(F)C(F)(F)F)C(F)(F)F,2.302102969
FC(F)(F)C(F)(F)OC(F)(F)C(F)(F)C(F)(F)C(F)(F)F,2.202783301
FC(F)=C(F)C1=CC=C(F)C=C1,2.553779275
OC1=CC=C(C=C1)C(F)(F)C(F)(F)C1=CC=C(O)C=C1,1.727727607
FC1=C(F)C(F)=C(C(F)=C1F)[Si](Cl)(C1=C(F)C(F)=C(F)C(F)=C1F)C1=C(F)C(F)=C(F)C(F)=C1F,3.616399652
FC(F)(F)C(F)(F)C1CCCCC1,2.265757302
CCOC(F)(F)C(F)(F)C(F)(F)F,1.812467937
FC1(F)C(F)(F)C(F)(F)C2(F)C(F)(C1(F)F)C(F)(F)C(F)(F)C1(F)C(F)(F)C(F)(F)C(F)(F)C(F)(F)C21F,2.831528087
C[Si](C)(C)N=P(OCC(F)(F)F)(OCC(F)(F)F)OCC(F)(F)F,1.925231442
FC(=O)C1(F)OC(F)(F)C(F)(F)C1(F)F,1.723853725
CN1C=CC=C1C(F)(F)C(F)(F)C(F)(F)C(F)(F)C(F)(F)C(F)(F)F,2.045254211
FC(F)(F)C(F)(F)C(F)(F)C(F)(F)C(F)(F)C(F)(F)CCSSCCC(F)(F)C(F)(F)C(F)(F)C(F)(F)C(F)(F)C(F)(F)F,2.416896365
CC1=C(F)C(F)=C(C#N)C(F)=C1F,2.053462407
NC1=C(F)C=C(F)C(=C1F)C(F)(F)F,2.126298929
CCO[Si](CCCC(O)(C(F)(F)F)C(F)(F)F)(OCC)OCC,1.223823051
FC(F)(F)C(F)(F)C(F)(F)C(F)(F)CCI,2.032500098
CCP(CC)C(F)=C(F)F,1.409605861
FC(F)(F)C(F)(F)CCCCI,1.870640725
NC1=CC=C(OC(F)(F)C(F)(F)F)C=C1,2.254129676
FC(F)(F)C(F)(F)OC1=CC=C(NC(=O)C2=CC=NC=C2)C=C1,2.107193542
FC(F)(C(F)(Cl)Cl)C(F)(Cl)C(F)(F)C(F)(Cl)C(F)(F)C(Cl)(Cl)Cl,2.27693189
CC(=O)CC(=O)C(F)(F)C(F)(F)C(F)(F)C(F)F,1.370144282
FC(F)(F)SC1=CC(SC(F)(F)F)=CN1,2.031312138
FC1=C(F)C2=C(C(F)=C1F)C(F)(F)C(F)(F)C(F)=C2F,3.001784145
FC1=NC(F)=C(F)N=N1,0.78031678
FC(F)(Cl)S(F)(=O)=O,0.231549606
CCSC(C(F)=O)(C(F)(F)F)C(F)(F)F,1.568039398
FC(Cl)(Cl)C(F)(F)C(Cl)=O,1.186857633
FC1=C(F)C(F)=C(C(=O)CC(=O)C(F)(F)F)C(F)=C1F,2.128601504
FOC(F)(OF)C(F)(F)C(F)(F)F,1.863408177
FC(F)(F)C(F)(F)C(F)(F)C(F)(F)C(F)(F)C(F)(F)C(=O)C1=CC=CC=C1,2.174789604
OP(O)(=O)C1=C(F)C(F)=C(F)C(F)=C1F,1.612648438
FC(F)(F)C(F)(F)C(=O)NC1=CC=CC=C1,1.716870858
CCOC1=C(F)C(F)=NC(F)=C1F,1.858653237
FC1=C(F)C(F)=C(C(Cl)Cl)C(F)=C1F,2.881140433
CCOC(=O)C(F)(C(F)(F)F)C(F)(F)F,1.580222557
FC1(F)C2=CC=CC=C2C(F)(F)C1(F)F,2.714146173
FC(F)(F)OC(F)(F)C(=O)CC(=O)C1=CC=CC=C1,1.445016978
CCOP(=O)(OCC)C(C(F)(F)F)C(F)(F)F,1.327619812
COC(=O)C1=CC=C(SC(F)(F)C(F)(F)C(F)(F)F)C=C1,1.842293746
COC(=O)C(=O)C(F)(F)C(F)(F)F,1.330404915
FC(F)C(F)(Cl)C(F)(F)F,1.963130314
FC(F)(F)COC1=CC(OCC(F)(F)F)=NC=C1,2.023098799
FC1=C(F)C2=C(C(F)=C1F)C1=C(C(F)=C(F)C(F)=C1F)C1=C2C(F)=C(F)C(F)=C1F,3.247598306
CCCC#CS(=O)(=O)C(F)(F)C(F)(F)C(F)(F)C(F)(F)F,1.99346196
OP(=O)(OCC1(F)C(F)(F)C(F)(F)C(F)(F)C(F)(F)C1(F)F)OP(O)(=O)OCC1(F)C(F)(F)C(F)(F)C(F)(F)C(F)(F)C1(F)F,2.009869606
FC1=C(F)C(=C(F)C(F)=C1CCl)C(F)(F)F,2.686494482
FC(F)(F)S(=O)(=O)C(F)(S(=O)(=O)C(F)(F)F)S(=O)(=O)C(F)(F)F,1.055835685
FC1C(F)(F)C(F)=C(F)C(F)(F)C(F)(F)C1(F)F,2.647032565
OS(=O)C(F)(F)C(F)(F)C(F)(F)C(F)(F)S(O)=O,0.673730523
FC(F)(F)C1(C=C(SC(=N1)C1=CC=CC=C1)C1=CC=CC=C1)C(F)(F)F,2.450131696
CC(O)C(F)(F)C(F)(F)C(F)(F)C(F)(F)C(F)(F)C(F)(F)C(F)(F)F,2.040473537
FC(F)(F)C1=CC(=CC(=C1)N=[N+]=[N-])C(F)(F)F,2.493131256
FC(F)(F)C1N=C(OC1(F)F)C1=CC=CC=C1,2.158748596
FC(F)(F)C(F)(F)C(F)(F)C(=O)C(F)(F)C(F)(F)C(F)(F)F,2.015438226
FC(F)(F)C(F)(CC=C)C(F)(F)Br,2.062150224
FC(F)(F)C(F)(F)C(F)(F)C(=O)C#CC1=CC=CC=C1,2.137707303
OC(=O)C(F)(F)OC(F)(F)C(F)(F)I,0.979353087
FC(F)(F)N1CCCCC1,0.793798803
NC(=O)C1=C(N)N=C(C=C1C(F)(F)F)C(F)(F)F,1.315013022
CCCC(=O)OCC(F)(F)C(F)(F)C(F)(F)C(F)(F)C(F)(F)C(F)F,2.043259431
FC(F)(F)C1=NN=C(N1C1=CC=CC=C1)C(F)(F)F,2.126844196
FC(F)(F)SC1=C(SC(F)(F)F)C(SC(F)(F)F)=C(SC(F)(F)F)N1SN1C(SC(F)(F)F)=C(SC(F)(F)F)C(SC(F)(F)F)=C1SC(F)(F)F,2.720629212
FC(F)(F)N=C(Br)Br,0.875727562
FC1=C(F)C(F)(F)C(F)(F)C(F)(F)C(F)=C1,2.450982086
FC1=C(F)C(Cl)=C(F)C2=C1C(F)(F)C(F)(F)C2(F)F,3.200370837
FC1=C(F)C(Cl)=C(F)C2=C1C(F)(F)C(F)(F)C2(Cl)Cl,3.53150281
COC(=O)CC(O)(O)C(F)(F)C(F)(F)C(F)(F)C(F)F,1.224638712
FC(F)(F)C(F)(F)C(F)(F)P(C1=CC=CC=C1)C(F)(F)C(F)(F)C(F)(F)F,2.3880636
OC(CBr)C(F)(F)C(F)(F)C(F)(F)C(F)(F)C(F)(F)C(F)(F)F,1.850440701
FC(F)(F)C(F)(F)C(F)(F)C(F)(F)C(F)(F)C(F)(F)C(F)(F)C(F)(F)SC1=CC=CC=C1,2.274947704
FC(F)C(F)(F)C(F)(F)C(F)(F)C(F)(F)C(F)(F)C(F)(F)C(F)(F)Br,2.382406574
CC(C)CC(=O)C(F)(F)F,1.704351355
FC(F)(F)C(=NS(=O)C1=CC=CC=C1)C(F)(F)F,1.733283257
CCOC(C)C1=C(F)C(F)=C(F)C(F)=C1F,2.389728045
FC(F)(F)C1=C(C(=NN1)C(F)(F)F)C(F)(F)F,2.235468465
FC(F)(F)C1=NN=C(Cl)S1,1.565026024
[O-][N+]1=C(C(=NO1)C(F)(F)F)C(F)(F)F,1.695563227
FC(F)C(F)(F)C(F)(F)C(F)(F)C(=O)C(F)(F)F,1.912680077
OCCOC(=O)C(F)(F)C(F)(F)C(F)(F)C(F)(F)C(F)(F)C(F)(F)C(F)(F)C(F)(F)F,1.918777838
FC(F)(F)C(F)(F)C(F)(Cl)C(F)(F)F,2.145350522
NCC(F)(F)C(F)(F)C(F)(F)C(F)F,1.539797614
FC(F)(Cl)C(F)(F)C(F)(F)C(F)(F)C(F)(F)C(F)(F)C(Cl)(Cl)Cl,2.314107625
COC(=O)C(F)(F)C(F)(F)OC1=CC=CC=C1,1.957323523
[O-][N+](=O)C(F)(Cl)C(F)(F)F,1.028716417
FC(F)C(F)(F)COS(=O)(=O)C(F)F,0.947198403
FC1(F)C(F)(F)C(F)(F)C(F)(N=O)C1(F)F,1.912903313
FC1(F)N2C(F)(C(F)(F)C(F)(F)C1(F)F)C(F)(F)C(F)(F)C(F)(F)C(F)(F)C2(F)F,2.085172334
NC1=CC=CC2=C1C(F)(F)C(F)(F)C2(F)F,2.253263169
FC(F)(F)C1=C(SC(S1)C1=CC=CS1)C(F)(F)F,2.137627516
FC1=CC(F)=C(F)C(\N=C\C2=C(F)C(F)=C(F)C(F)=C2F)=C1F,3.131701448
FC1=C(F)N=CC(=C1)C(F)(F)F,1.90068335
FC(F)(F)C(F)(F)C(F)(F)C(F)(F)P(=O)(C(F)(F)C(F)(F)C(F)(F)C(F)(F)F)C(F)(F)C(F)(F)C(F)(F)C(F)(F)F,2.420674701
OC1(CCCC=C1)C(F)(F)C(F)(F)F,1.56876528
[O-][N+](=O)C1=C(F)C(F)=NC(F)=C1F,1.391860736
OCCC(F)(F)C(F)(F)C(F)(F)C(F)(F)Cl,1.658576599
FC#CC(F)(C(F)(F)F)C(F)(F)F,2.175697368
OC(P(C(O)C(F)(F)F)C(O)C(F)(F)F)C(F)(F)F,0.838156038
COC(=O)C(F)(F)C(F)(F)S(Cl)(=O)=O,0.472085166
CCS(=O)(=O)C(F)(F)C(F)(F)C(=O)OC,0.661924606
FC(F)(F)C1=CC=C(C2OC12)C(F)(F)F,2.310562884
CCOC1=CC=C(C=C1)C1(CC(F)(F)C1(F)F)C(Cl)=O,2.485861202
OC(=O)C(F)(F)C(F)(F)C(=O)C(F)(F)F,0.698883181
OC1(OOC2(O)C(F)(F)C(F)(F)C(F)(F)C(F)(F)C2(F)F)C(F)(F)C(F)(F)C(F)(F)C(F)(F)C1(F)F,2.119991499
FC1=C(F)C(F)=C(N2OC2(C2=CC=CC=C2)C2=C(F)C(F)=C(F)C(F)=C2F)C(F)=C1F,3.145720625
FC1(F)OC(F)(Cl)C(F)(Cl)O1,1.413458513
CC1=C(F)C(F)=C(CCl)C(F)=C1F,2.643718462
FC1=C(F)C(F)(F)C(=CC1(F)F)C1=CC=CC=C1,2.796503591
OC(C1=CC2=C(NCCC2)C=C1)(C(F)(F)F)C(F)(F)F,1.725041114
OC(=O)C(Br)C(F)(F)F,0.136733692
COC(F)(F)C(F)(F)C(F)=O,1.121262118
OC(=O)C(=O)C(F)(F)F,0.455983531
FC(F)C1=C(F)C(F)(F)C(F)(F)C(F)(F)C1(F)F,2.476888213
FC(F)(Cl)C(F)(F)C(F)(F)C(F)(F)C(F)(F)C(F)(F)C1=CC=CN1,2.103611897
CC(=O)C#CC(F)(F)C(F)(F)C(F)(F)C(F)(F)C(F)(F)C(F)(F)F,2.186684243
CC(=O)C(F)(F)C(F)(F)C(F)(F)C(F)F,1.709113292
FC(F)(F)C(Cl)(Cl)C(F)(Cl)Cl,1.953532282
CCNC(=O)C(F)(C(F)(F)F)C(F)(F)C(F)(F)F,1.421920795
FC(F)(F)C1=CSC(=CS1)C(F)(F)F,2.005008716
FC1=CN=C(N=C1)C(F)(F)F,1.281647479
FC(F)C(F)(F)C(F)(F)C(F)(F)C(F)(F)C(F)(F)C(=O)OOC(=O)C(F)(F)C(F)(F)C(F)(F)C(F)(F)C(F)(F)C(F)F,2.195985845
FC(F)(F)C1=CC(=C(S)C(=C1)C(F)(F)F)C(F)(F)F,2.703331167
FC(F)(Cl)C(=O)C(F)(F)OS(F)(=O)=O,0.745440241
C[Si](C)(C)C(Br)CC(F)(F)C(F)(F)Br,2.259092022
CCCCCC(I)CC(F)(F)C(F)(F)C(F)(F)C(F)(F)Cl,2.116964415
CNC1=CC(=CC(=C1)C(F)(F)F)C(F)(F)F,2.418954022
FC(F)(F)COC(=O)C(F)(F)S(F)(=O)=O,0.810034706
CCOC(=O)C(C(C)=O)C(=O)C(F)(F)C(F)(F)F,0.712360894
OCCSCCC(F)(F)C(F)(F)F,1.461086208
OCCC(F)(F)C(F)(F)C(F)(F)C(F)(F)C(F)(F)C(F)(F)C(F)(F)C(F)(F)C(F)(F)C(F)(F)C(F)(F)F,2.283518312
FC1(F)OC(=O)OC1(F)F,1.492346774
FC(F)(F)C1=CC(=CC(=C1)C1CO1)C(F)(F)F,2.543523858
NNC1=C(F)C=C(C(F)=C1Cl)C(F)(F)F,2.449088481
FCC(CF)(CF)C(Cl)=O,1.307584069
FC(F)(F)C(F)(F)C(F)(F)C(SC1=CC=CC=C1)(C(F)(F)F)C(F)(F)F,2.494426571
OC1=CC(O)=C(C=C1)C(=O)C(F)(F)C(F)(F)C(F)(F)F,1.555100995
FC(F)(F)OC1=C(OC(F)(F)F)C=C2N=C(NC2=C1)C(F)(F)F,2.644905112
FC1=C(F)C(F)=C(F)C1Cl,2.06269209
FC(F)(F)C1=CC(=C(C=C1)C#C)C(F)(F)F,2.736378743
FC(F)(F)C(F)(F)C(F)(F)C(F)(F)C(F)(F)C(F)(F)C1=NC2=CC=CC=C2N1,2.058651303
CC1=C(F)C(=NC(N)=N1)C(F)(F)F,1.146105428
CC1=CC=C(C=C1)C(F)(F)C(F)(F)F,2.179460156
FC(F)(F)C(F)(F)OC(F)(F)C(F)(F)C(F)(F)OC(F)(F)C(F)(F)F,2.121285758
[I-].C[N+](C)(C)CC(F)(F)C(F)F,0.946398037
FC1=C(F)C(Cl)=C(Cl)C(=C1)C(F)(F)F,3.268214848
NC(=N)C(F)(F)N(F)F,0.510742745
OCCOCC(F)(OC(F)(F)C(F)(F)C(F)(F)F)C(F)(F)F,1.834775964
FC1=CC(F)=C(F)C(N=S=O)=C1F,2.304435076
FC1=C(F)C(=C(F)C=C1)C(F)(F)F,2.815233627
CC1=CC(N)=C(C=C1)C(O)(C(F)(F)F)C(F)(F)F,1.555024397
FC(F)C(F)(F)C(F)(F)C(F)(F)C(=O)C(F)(C(F)(F)F)C(F)(F)F,2.111946375
FC(F)(F)C(F)(F)C(F)(F)C(F)(F)CCC#N,1.964347051
OCCNCC(F)(F)F,0.801889166
FC(F)(Cl)CC(F)(F)CC(F)(F)CC(Cl)(Cl)Cl,2.015003757
NC1=CC=C(C=C1)C(C1=CC=C(OC2=CC=C(C=C2)C(C2=CC=C(N)C=C2)(C(F)(F)F)C(F)(F)F)C=C1)(C(F)(F)F)C(F)(F)F,2.719680889
FC(F)(F)C(=O)C(F)(F)C(F)(F)Cl,1.577280838
FC(F)C(C(F)(F)F)C(F)(F)F,2.156034345
FC(F)=NC(F)(F)N(C(F)(F)F)C(F)(F)F,1.264303848
FC1=C(F)C(=C(F)C(F)=C1I)C(F)(F)F,2.964207804
OS(=O)(=O)C(F)(F)C(F)(F)C(F)(F)C(F)(F)S(Cl)(=O)=O,0.6296196
FC(=O)C(F)(F)C(F)(F)I,1.451681222
FC1=C(F)C(F)=C([N+]#[C-])C(F)=C1F,1.794555865
CC1=CC=C(C=C1)[S@](=O)CC(=O)C(F)(F)C(F)(F)F,1.433227538
FC(F)(F)C1=CN=CN=C1,1.037487919
FC1=C(F)C(F)=C(C(F)=C1F)[Si](Cl)(Cl)Cl,3.107276151
FC(F)(F)C(F)(SSSSC(F)(C(F)(F)F)C(F)(F)F)C(F)(F)F,2.324953684
CCOC(=O)C(F)(F)OC(F)(F)C(F)(F)Cl,1.515435437
CC(CCC(F)(C(F)F)C(F)(F)F)C(F)(F)C(F)C(F)(F)F,2.43037674
FC(F)(F)C(F)(F)C(F)(F)C(F)(F)C(=O)N(Cl)Cl,1.700194424
OC(=O)C1=CC=C(SC(C(F)(F)F)(C(F)(F)F)C(F)(F)F)C=C1,1.705488785
NC1=C(C(F)=CC=C1)C(F)(F)F,1.855125496
CO[Si](CCC(F)(F)C(F)(F)C(F)(F)C(F)(F)F)(OC)OC,1.664622634
FC(F)(F)C(F)(F)C(F)(F)C(F)(F)S(=O)(=O)O[SiH3],1.372462151
NC1=CC(Cl)=C(OC(F)(F)C(F)OC(F)(F)F)C=C1,2.231487671
CC(C)(Br)C(F)(F)F,1.910122531
FC(=C(Cl)Cl)C(F)(F)C(F)(F)F,2.092845635
FC(F)(F)C(Cl)(Cl)I,1.963430452
FC(F)(F)C(=O)NCCN(CCNC(=O)C(F)(F)F)C(=O)C(F)(F)F,0.728397465
OCCS(=O)CCC(F)(F)C(F)(F)C(F)(F)C(F)(F)F,1.611098636
FC1=C(F)C(=C(F)C2=C1N=CC=C2)C(F)(F)F,2.460324711
CC(C)[SiH](CCC(F)(F)C(F)(F)C(F)(F)C(F)(F)C(F)(F)C(F)(F)C(F)(F)C(F)(F)F)C(C)C,2.526243009
OC1=CC=C(SCCC(F)(F)C(F)(F)C(F)(F)C(F)(F)C(F)(F)C(F)(F)F)C=C1,1.888541585
COC1=CC=C(C=C1)C(O)(C1=CC=C(CCC(F)(F)C(F)(F)C(F)(F)C(F)(F)C(F)(F)C(F)(F)C(F)(F)C(F)(F)F)C=C1)C1=CC=C(OC)C=C1,2.291754983
OC(C1=CC(F)=CC(F)=C1)C(F)(F)F,1.815393116
FC1=C(F)C(CCl)=C(F)C(F)=C1Br,2.695245959
FC1=C(F)C(Cl)=C(F)C(CCl)=C1F,2.911489897
FC1CCC(F)(F)C1(F)F,2.418022092
OC1=CC(F)=C(OC(F)(F)F)C(F)=C1,2.313836217
FC1=CC=CC=C1C1=C(F)C(F)=C(F)C(F)=C1F,3.501142445
CC1=CC(=C(F)C=C1)C(F)(F)F,2.395186501
FC1=C(F)C(F)=C(N[Si](NC2=C(F)C(F)=C(F)C(F)=C2F)(NC2=C(F)C(F)=C(F)C(F)=C2F)NC2=C(F)C(F)=C(F)C(F)=C2F)C(F)=C1F,2.240954593
Cl.NCC(F)F,0.211854939
NC1=C(F)C(F)=C(C(F)=C1F)S(=O)(=O)C1=C(F)C(F)=C(N)C(F)=C1F,1.061618994
FC(F)(F)C(F)(F)C(=O)CC(=O)C1=CC=C(S1)C#N,1.600538011
FC(F)(F)C1CNCCN1,0.626961541
FC(F)(F)[Si](C(F)(F)F)(C(F)(F)F)C(F)(F)F,1.992717426
CCCC(F)F,1.908628534
OC(=O)C(F)C(F)(F)C(F)(F)F,0.785622168
FC(F)(F)C1(OC(F)(Cl)C(Cl)(Cl)O1)C(F)(F)F,2.343044153
NC1=CC(=CC(=C1)C(F)(F)F)C(F)(F)F,2.041264609
FC(=O)C1=CC=CC(=C1)C(F)(F)F,1.889468868
FC(F)(F)C#N,1.064195935
FCN(C(F)(F)F)C(F)(F)F,0.885145813
NC(=O)C(F)(F)F,0.229109468
FC(F)(F)C(F)(OC1=CC=CC=C1)C(=O)OC1=CC=CC=C1,2.530282233
O.FC(F)Cl,0.88309555
CNCC(F)(F)C(F)(F)C(F)(F)F,1.463831004
FC(F)(F)C1=CC(=CC=C1)C(F)(F)F,2.526403893
FC(F)(F)C1=CC=C(C=C1)C(F)(F)F,2.481060987
FC1=C(F)C(F)=C(C(F)=C1F)C(F)(F)F,2.899270615
FC(F)(F)C(F)(F)C(F)(F)C(F)(F)C1=CC=C(Br)C=C1,2.492823683
OC(CF)CF,0.295291991
FC1=CN=CC(=C1)C(F)(F)F,1.740214262
FC1(F)OC(Cl)C(F)(Cl)O1,1.424206555
FC(OC(F)(F)C(F)(Cl)Cl)C(F)(F)F,1.771778536
[O-][N+](=O)C1=C(NC(=O)C(F)(F)C(F)(F)F)N=CC(Cl)=C1,1.674577365
FC1(F)C=C(C2=CC=CC=C2)C1(F)F,2.89581464
FC(F)(F)C(F)(F)C(F)(F)C(=O)N1CCN(CC1)C1=NC=CN=C1,1.047401077
[O-]S(=O)(=O)C(F)(F)F.FC(F)(F)C(F)(F)C(F)(F)C(F)(F)C(F)(F)C(F)(F)[I+]C1=CC=CC=C1,1.476985681
[H]C12CC([H])(C=C1)C(O)(C(F)(F)F)C2(F)F,1.783542119
COCOC(CC=C)(C(F)(F)F)C(F)(F)F,1.7715393
FC(F)(F)C(F)(F)C(F)(F)I,2.098413019
COC(=O)C1=CC=C(C=C1)C(F)(F)C(F)(F)C(F)(F)C(F)(F)C(F)(F)C(F)(F)C(F)(F)F,2.14760806
CO[Si](CCC(F)(F)C(F)(F)F)(OC)OC,1.409885001
CC1=C(C)C=C(C=C1)C(F)(F)C(O)(F)C(F)(F)F,1.509598091
FC(F)(F)OC(F)(F)C(F)(F)C1=CC(Br)=CC=C1,2.219965541
FC(F)C1(OCCO1)C(F)(F)F,1.504188307
FC(F)OC1(F)C(F)(F)C1(F)Cl,2.086059776
OC(=O)C1=CC=C(C=C1)C(C1=CC=C(C=C1)C(O)=O)(C(F)(F)F)C(F)(F)F,1.731919562
FC(F)C(F)(F)C(F)(F)C(F)(F)C(F)(F)C(F)(F)C(F)(F)C(F)(F)C(F)(F)C(F)(F)C(F)(F)C(F)(F)C(F)(F)F,2.588396785
FC(F)(F)CON=O,1.1463694
CS(=O)C(F)(F)F,0.595751547
FS(=O)C(F)(F)Cl,0.596475105
FC[Si](CF)(CF)C(F)F,1.501808373
COC1=C(OC)C(F)(F)C1(F)F,1.954288747
CN1CCC(=O)C(C1)C(F)(F)C(F)(F)C(F)(F)C(F)(F)C(F)(F)C(F)(F)F,1.7527066
FC(F)(F)OC1=CC(OC(F)(F)F)=C(Br)C=C1Br,3.346610738
CCOC(=O)CC(O)C(F)(F)C(F)(F)F,1.03317547
FCC(F)(F)CC(F)F,1.627399496
CC(F)(F)C(F)(F)C(F)(F)C(F)=C(F)F,2.398851187
OCCC(F)(F)C(F)(F)C(F)(F)C(F)(F)F,1.693101858
FC(F)(F)C(F)(F)C(F)(F)C(F)(F)C(F)(F)C(F)(F)C(F)(F)C(F)(F)C(F)(F)C(F)(F)CCI,2.326582345
FC(F)(F)C(F)(F)C(F)(F)CC[Si](Cl)(Cl)Cl,2.217878141
CN(CC(O)=O)S(=O)(=O)C(F)(F)C(F)(F)C(F)(F)C(F)(F)C(F)(F)C(F)(F)C(F)(F)C(F)(F)F,1.802021744
COC(=O)C(F)(F)C(F)(F)OC(F)(C(F)(F)F)C(F)(F)F,1.756868072
OC(C(F)F)C(F)(F)F,0.951365769
OC(Cl)C(F)F,0.306967611
[2H]C(Cl)(Br)C(F)(F)F,1.728962632
CC(C)C1=NC(=NC=C1C(O)=O)C(F)(F)C(F)(F)F,0.957982315
OC[C@H]1O[C@H](C[C@@H]1O)N1C=C(C(=O)NC1=O)C(F)(F)C(F)(F)C(F)(F)C(F)(F)F,1.046868907
OC(=O)C(F)(F)C(F)(F)C(F)(F)C(F)(F)C(F)(F)C(F)(F)C(F)(F)C(F)(F)C(F)F,1.908012078
FN(C(F)(F)F)C(F)(F)C(F)(F)F,1.360447102
[O-][N+](=O)C1=CC=CC(=C1)C(F)(F)C(F)(F)F,1.988793367
FC1=C(Cl)C(=O)C(F)(F)C1(F)F,2.054142934
C[Si](C)(C)C(F)(F)C(F)(F)C(F)(F)C(F)F,2.486630135
FC(F)(F)C(F)(F)C(F)(F)C(F)(F)C(F)(F)C(F)(F)C(Br)(Br)CBr,2.301371552
FC1=CC(F)=C(C=C1)S(=O)C(F)(F)F,1.882006601
CN(C(F)=O)C(F)(F)F,0.719426463
C[Si](C)(C)C(F)(F)CC(F)(F)F,2.173584385
CC1=C(F)C(F)(Cl)C(F)=C(F)C1=O,2.060704165
FC(F)=C(C(F)(F)F)C(F)(F)CC1=CC=CC=C1,2.307978676
FC1=C(F)C2=C(C(F)=C1F)C(F)=C(C(C#N)C#N)C(F)=C2F,2.548978258
CC(CC(F)(F)C(F)(F)F)=C(F)F,2.22692967
FC(F)=C(OCC1=CC=CC=C1)C(F)(F)F,2.263748696
CC(=O)C(=NNC1=CC2=C(OC(F)(F)C(F)(F)O2)C=C1)C#N,2.023829788
FCOCOC(C(F)(F)F)C(F)(F)F,1.621756285
CCO[Si](C1=C(F)C(F)=C(F)C(F)=C1F)(C1=C(F)C(F)=C(F)C(F)=C1F)C1=C(F)C(F)=C(F)C(F)=C1F,3.355208597
NC(=S)C1=C(F)C(F)=C(C=C1)C(F)(F)F,2.063193956
FC1=CN=C(F)C(F)=N1,1.06050911
ONS(=O)(=O)C(F)(F)F,0.083170972
CC(=C)C(=O)OCCC(F)(F)C(F)(F)C(F)(F)C(F)(F)C(F)(F)C(F)(F)C(F)(F)C(F)(F)C(F)(F)C(F)(F)C(F)(F)C(F)(F)F,2.331503519
NCC(=O)NCC(F)(F)F,0.904286679
FC(F)(F)COCCC#N,1.012603374
OC1=C(C(F)=CC=C1)C(F)(F)F,1.71686526
NC1=C(F)C=C(OC(F)(F)F)C=N1,1.795145557
Cl.NC(=N)C(F)(F)C(F)(F)F,0.698554398
CCN1C=C[N+](C)=C1.F[B-](F)(F)C(F)(F)F,0.683026337
FC1=CC(=C(I)C=C1)C(F)(F)F,2.910841289
FC1(F)CC2=C(C(Br)=CC=C2)C1(F)F,2.906600833
CCC(C)C(=O)OC(C(F)(F)F)(C(F)(F)F)C(F)(F)F,2.145599053
FC(F)C(F)(C(F)(F)F)C(F)(F)C(C(F)(F)F)(C(F)(F)F)C(F)(F)F,2.551491783
OC(=O)C(F)(F)C(F)(F)C(F)(F)C(F)(F)C(F)(F)C(F)(F)C(F)(F)C(F)(F)C(F)(F)C(F)(F)C(F)(F)C(F)(F)C(F)(F)C(F)(F)C(F)(F)C(F)(F)C(F)(F)F,2.304615606
FC1=CC(Cl)=C(F)C(=C1F)C(F)(F)F,3.037019379
FC(F)(F)C(F)(F)C(F)(F)[C@@H]1CCCC[C@H]1I,2.261979937
CC(=O)NC(CCCCCC(F)(F)C(F)(F)C(F)(F)C(F)(F)C(F)(F)C(F)(F)C(F)(F)C(F)(F)F)(C(O)=O)C(O)=O,1.433849403
COC(F)(Br)C(Br)C(F)(F)F,1.489885934
FC(F)(F)CC(F)(Br)CBr,1.581347101
FC(F)(F)C(F)(OC(F)(F)C(F)(F)Br)C(F)(F)F,2.059997929
FC(F)(F)C(=O)N1CC1,0.918850278
FC(F)C(F)(F)C(=O)C1CCCC1=O,1.155383413
FNC1=C(F)C=C(F)C=C1,2.269591576
FC1(F)CN2CCN1CC2(F)F,0.75107965
OC(=O)C1=C(F)C=CC(=C1F)C(F)(F)F,1.483213619
NS(=O)(=O)CCC(F)(F)F,0.606297089
CC(=O)C1=C(F)C(=C(F)C=C1)C(F)(F)F,2.17304873
FC(F)(F)C(F)(F)C(F)(F)C(F)(F)C(F)(F)C(F)(F)C(F)(F)C(F)(F)C(F)(F)C(F)(F)CCS(Cl)(=O)=O,2.171885338
FC(F)C1=CC(=C(F)C=C1)C(F)(F)F,2.590146278
Cl.OC1(CNC1)C(F)(F)F,0.689180001
FC(F)(F)C(F)(F)C1=CC=CC=C1Br,2.483814064
CNS(=O)(=O)C(F)(F)C(F)(F)C(F)(F)C(F)(F)C(F)(F)C(F)(F)C(F)(F)C(F)(F)F,1.812237817
NC(C1=CC=CC=C1C(F)(F)F)C(F)(F)F,1.915188614
COC(=O)COP(OCC(F)(F)F)OCC(F)(F)F,1.268289373
NC1(CCCC1)C(F)(F)F,0.894835051
CC(C)C[C@@H](N)C(F)(F)F,1.38481587
OB(O)C1=CC(=C(C=C1)C(F)(F)F)C(F)(F)F,1.816271517
CN(C)CCCN(CCCS(O)(=O)=O)S(=O)(=O)C(F)(F)C(F)(F)C(F)(F)C(F)(F)C(F)(F)C(F)(F)F,1.44100454
OC1=CC(=CC(=C1)C(F)(F)F)C1=C(F)C(=CC=C1)C(F)(F)F,2.624343452
FC(F)(F)C(F)(F)C(F)(F)C(F)(F)CCOC(=O)C=C,2.019160228
FC(=C(F)C(F)(F)C(F)(F)C(F)(F)C(F)(F)F)C(F)(F)F,2.462659861
CC1=CC=CC=C1C(O)(C(O)=O)C(F)(F)C(F)(F)F,1.129447964
FC(F)(F)C=NNC1=C(Cl)C=C(C=C1Cl)C(F)(F)F,2.579533391
FC=C(F)C1=CC(=CC=C1)C(F)(F)F,2.512037766
FC(F)C(F)(OCC1=CC=C(C=C)C=C1)C(F)(F)F,2.076382591
OP(C(C(F)(F)F)C(F)(F)F)C(O)(C(F)(F)F)C(F)(F)F,1.587385088
FC(F)C(F)(F)C(F)(F)C(F)(F)C(F)(F)C(F)(F)C(F)(F)C(=O)C1=CC=CC=C1,2.214762165
FC1=C(C=CNC1=O)C(F)(F)F,1.571970423
FC(F)C(F)(OC(=O)C=CC(=O)OC(F)(C(F)F)C(F)(F)F)C(F)(F)F,1.998670185
CC(F)(F)C(F)(F)COC([O-])=O,1.457209854
FC1(F)CCS(F)(F)(F)(F)C(F)(F)C(F)(F)C1(F)F,2.295200946
CC1=CC=C(OC(=O)C(F)(F)C(F)(F)F)C=C1,2.047945816
CC(=O)C1OC(C)=C(C1C1=CC=CO1)S(=O)(=O)C(F)(F)C(F)(F)C(F)(F)C(F)(F)Cl,1.387231884
FC(F)(F)C1(C(F)(F)F)C(F)(F)C(F)(F)C(F)(F)C(F)(F)C1(C(F)(F)F)C(F)(F)F,3.017273506
CN(CCOC(=O)C(C)=C)S(=O)(=O)C(F)(F)C(F)(F)C(F)(F)C(F)(F)C(F)(F)F,1.526570185
CC1=CC=C(OC(F)=C(F)C(F)(F)C(F)(F)C(F)(F)C(F)(F)C(F)(F)C(F)(F)C(F)(F)F)C=C1,2.459058675
FC(=C(F)C(F)(F)C(F)(F)C(F)(F)F)C(F)(F)C(F)(F)C(F)(F)F,2.466419565
FC=COC(F)(F)OC=CF,1.763311565
OC(=O)C(F)(F)C(F)(F)C(F)(F)C(F)(F)C(F)(F)C(F)(F)C(F)(F)C(F)(F)C(F)(F)C(F)(F)C(F)(F)C(F)(F)C(F)(F)C(F)(F)C(F)(F)F,2.235709453
CCN(CCOP(O)(O)=O)S(=O)(=O)C(F)(F)C(F)(F)C(F)(F)C(F)(F)C(F)(F)C(F)(F)C(F)(F)F,1.482582038
NC(=O)CON=C(C1=CC=CC=C1)C(F)(F)C(F)(F)F,1.688957117
CC[NH3+].[O-]C(=O)C(F)(F)C(F)(F)C(F)(F)C(F)(C(F)(F)F)C(F)(F)F,1.533303464
CC[NH3+].[O-]C(=O)C(F)(F)C(F)(F)C(F)(F)C(F)(F)C(F)(F)C(F)(C(F)(F)F)C(F)(F)F,1.719173265
CN(CCOC(=O)C=C)S(=O)(=O)C(F)(F)C(F)(F)C(F)(F)C(F)(F)C(F)(F)C(F)(F)C(F)(F)F,1.754217702
FC1(F)OC2=C(OC1(F)F)C=C(C=C2)C(Cl)=O,2.065953688
FC(F)(F)C(F)(C(F)(F)F)C(F)(F)C(F)(F)C=C,2.290514529
FC(F)(F)C(F)(F)C(F)(F)C(F)(F)C(F)(F)C(F)(F)S(=O)(=O)NCC1=CC=CC=C1,1.689184143
CNS(=O)(=O)C(F)(F)C(F)(F)C(F)(F)C(F)(F)F,1.165100196
FC(F)C(F)(F)OC1=CC=C(C=C1)S(Cl)(=O)=O,1.402150713
CCN(CCO)S(=O)(=O)C(F)(F)C(F)(F)C(F)(F)C(F)(F)C(F)(F)C(F)(F)C(F)(F)F,1.735245241
CN(CCO)S(=O)(=O)C(F)(F)C(F)(F)C(F)(F)C(F)(F)C(F)(F)C(F)(F)F,1.716269147
CN(C)CCCNS(=O)(=O)C(F)(F)C(F)(F)C(F)(F)C(F)(F)F,1.138566501
CCOC(=O)CN(CC)S(=O)(=O)C(F)(F)C(F)(F)C(F)(F)C(F)(F)C(F)(F)F,1.622088997
[Cl-].FC1=C(C=[NH+]N=C1)C(F)(F)F,0.832587946
CCOC(=O)CN(CC)S(=O)(=O)C(F)(F)C(F)(F)C(F)(F)C(F)(F)C(F)(F)C(F)(F)C(F)(F)F,1.806541837
Cl.CN(C)CCCNS(=O)(=O)C(F)(F)C(F)(F)C(F)(F)C(F)(F)C(F)(F)F,1.220740896
CCNS(=O)(=O)C(F)(F)C(F)(F)C(F)(F)C(F)(F)C(F)(F)C(F)(F)C(F)(F)F,1.690129741
CN(CCOP(O)(O)=O)S(=O)(=O)C1=CC=C(OC(=C(C(F)(F)F)C(C(F)(F)F)(C(F)(F)C(F)(F)F)C(F)(F)C(F)(F)F)C(F)(F)F)C=C1,2.302037694
OC(=O)C1CCC(CC1)C(F)(F)C(F)(F)C(F)(F)C(F)(F)C(F)(F)C(F)(F)F,1.810655177
OCC[NH2+]CCO.[O-]S(=O)(=O)C(F)(F)C(F)(F)C(F)(F)C(F)(F)C(F)(F)C(F)(F)F,1.043448252
OCC[NH2+]CCO.[O-]S(=O)(=O)C(F)(F)C(F)(F)C(F)(F)C(F)(F)F,0.751121814
[O-]S([O-])(=O)=O.C[N+](C)(C)CCCNS(=O)(=O)C(F)(F)C(F)(F)C(F)(F)C(F)(F)F.C[N+](C)(C)CCCNS(=O)(=O)C(F)(F)C(F)(F)C(F)(F)C(F)(F)F,0.827935983
OS(=O)(=O)C1=CC=C(OC(F)=C(F)C(F)(F)C(F)(F)C(F)(F)C(F)(F)C(F)(F)C(F)(F)C(F)(F)F)C=C1,2.00724758
[I-].C[N+](C)(C)CCCNC(=O)C(F)(F)C(F)(F)C(F)(F)C(F)(F)C(F)(F)C(F)(F)C(F)(F)F,1.099246456
FC(F)COC1=CC=CC(=C1SSC1=C(C=CC=C1OCC(F)F)C(F)(F)F)C(F)(F)F,2.656162847
CC1=C(C(C1)C(F)(F)F)C(F)=O,1.971415902
FC(F)=C(F)OC(F)(F)C(F)(F)OC(F)(F)OC(F)(F)OC(F)(F)F,2.03571462
CCC(OC([O-])=O)C(F)(F)C(F)(F)F,1.610752954
FC(F)(F)C1=CSC(=C1)S(=O)C(F)(F)F,2.028233078
CN(CCOC(=O)C=C)S(=O)(=O)CCC(F)(F)C(F)(F)C(F)(F)C(F)(F)C(F)(F)C(F)(F)C(F)(F)C(F)(F)C(F)(F)C(F)(F)C(F)(F)C(F)(F)F,2.100253443
CS(=O)(=O)N1CCN(CC1)C1=CC=C(OC(F)(F)C(F)F)C=C1,1.478699811
FC1=C(F)C(F)=C(C[Si](Cl)(Cl)Cl)C(F)=C1F,2.884912178
FC(F)=C(F)C(F)(F)Cl,1.99630957
FC(F)(Cl)C(=O)C(F)(F)Cl,1.319076666
FC(F)(F)C1(OC1(F)F)C(F)(F)F,2.409657364
FC(F)(I)C(F)(F)CCI,2.168742597
CC(=C)C(=O)OC(F)(F)CC(F)(F)F,1.664926659
FC(F)(F)COS(=O)(=O)C(F)(F)F,0.828505332
FCOC(F)(F)C(F)F,1.485985244
[O-][N+](=O)C1=CC(F)=CC(=C1F)C(F)(F)F,2.106754754
FC(F)(F)C12C(F)(F)C3(F)C(F)(F)C(F)(C(F)(F)C(F)(C3(F)F)C1(F)F)C2(F)F,3.081764714
FC1=CC(SCC(F)(F)F)=CC=C1,2.152189552
CC(F)(F)C(F)F,1.866251673
FC(F)C(F)(F)C(F)(F)C(F)=C,2.051180882
C[C@]12CC[C@H]3[C@H]([C@@H]1CC[C@@H]2OC1CCCCO1)[C@H](CCCCCCCCCSCCCC(F)(F)C(F)(F)F)C(=O)C1=C3C=CC(OC2CCCCO2)=C1,2.300945048
C[Si](C)(C)C#CC1=C(C=C(C=C1)C(F)(F)F)C(F)(F)F,2.876677746
FC1=C(Cl)C=C(C=C1)C(F)(F)F,2.931046156
CCO[Si](CCC(F)(F)C(F)(F)C(F)(F)C(F)(F)C(F)(F)C(F)(F)F)(OCC)OCC,1.882086684
FC(F)(C(F)(Cl)I)C(F)(Cl)C(F)(F)C(F)(Cl)C(F)(F)C(Cl)(Cl)Cl,2.210279135
FC(Cl)(Br)C(F)(F)C(Cl)=O,1.217581678
[O-][N+](=C)C(F)(F)F,0.851620231
CC1=CC=C(C=C1)C(=O)C(F)(F)C(F)(F)C(F)(F)C(F)(F)C(F)(F)C(F)(F)F,2.063152024
COC(=O)C1CCC(CC1)C(F)(F)C(F)(F)C(F)(F)C(F)(F)C(F)(F)C(F)(F)C(F)(F)F,2.11620108
OC1=C(Cl)C=C(OC(F)(F)C(F)(F)Cl)C=C1,2.429915337
FC(F)=C(F)OC(F)(F)C(F)(F)F,2.192153092
FN=C=C(F)F,1.318811426
FC1=C(F)C(F)=C([Mg]Br)C(F)=C1F,2.728439885
CCNC(=O)C(F)(F)C(F)(F)C(F)(F)C(F)(F)C(F)(F)C(F)(F)C(F)(F)F,1.896072887
OC(O)(C(F)=C(C(F)(F)F)C(F)(F)F)C(F)(F)F,1.450675272
FC1=C(F)C(F)(P)C(F)=C1F,1.667772241
CC(C)(C)OOC(=O)C(F)(F)C(F)(F)C(F)(F)F,1.855583989
CCCCCOC(=O)C(F)(F)C(F)(F)C(F)=O,1.364979415
FN1C2=C(F)C(F)(F)C(F)(F)C(F)(F)C2(F)C(F)(C(F)(F)F)C(F)(F)C1(F)F,2.495637937
NC(=O)C(F)(F)OC(F)(F)C(F)(F)I,1.095988037
FC(F)(F)SI,1.617057215
OCC(I)CC(F)(F)C(F)(F)C(F)(F)C(F)(F)Cl,1.57259385
CCC(CC)CCC(OP([O-])([O-])=O)=C(F)C(F)(F)C(F)(F)C(F)(F)C(F)(F)C(F)(F)C(F)(F)F,1.773376228
FC1=C(F)C(CCC2=C(F)C(F)=C(S)C(F)=C2F)=C(F)C(F)=C1S,2.557413415
CC(O)=O.OCCCCC=CC(F)(F)C(F)(F)C(F)(F)C(F)(F)F,1.472850087
FC(F)(F)C(F)(F)C(F)(F)OC(F)(C1=CC2=CC=CC=C2S1)C(F)(F)F,2.472787136
OCCN(CCO)C(=O)C(F)(F)C(F)(F)C(F)(F)C(F)(F)F,1.307820748
FC(F)(F)C(F)(F)C(F)(F)C(F)(F)CCN=C(Cl)Cl,1.867252813
CCO[Si](OCC)(OCC)C(F)(C(F)(F)F)S(F)(=O)=O,1.017515085
FC(CC(F)(F)F)C(F)(F)OC(=O)C=C,1.860715014
CS(O)(=O)=O.OCC(F)(F)C(F)(F)C(F)(F)C(F)F,0.90959401
FC(F)(F)N(C(F)(F)F)C(F)(F)C(F)(F)S(F)(=O)=O,0.954014703
CCCCCCCCSSCCC(F)(F)C(F)(F)C(F)(F)C(F)(F)C(F)(F)C(F)(F)F,2.366231087
OCC(Cl)(C(Cl)C(F)(F)F)C(F)(F)F,1.493248792
FC(F)(I)C(F)(F)C(F)(F)C(=O)OCC1=CC=CC=C1,1.763009061
CCCCCCCCCCCCCCCCCCC(F)(F)C(F)(F)C(F)(F)C(F)(F)C(F)(F)C(F)(F)F,2.341068544
FC(F)(F)C(F)(F)C(F)(F)C(F)(F)C(F)(F)C(F)(F)C(F)(F)C(=O)OCCOC(=O)C=C,1.995905574
O.FC(F)=O,0.405270427
FC(F)(F)C(F)(F)C(F)(F)C(F)(F)C(F)(F)C(F)(F)C(F)(F)C(=O)OCC1=CC=CC=C1,2.091704667
O.FC(F)(Cl)Cl,1.157296959
FC(C(=N)C(F)(F)F)C(=N)C(F)(F)F,0.45595007
OC(O)=O.OCC(F)(F)C(F)(F)C(F)(F)C(F)F.OCC(F)(F)C(F)(F)C(F)(F)C(F)F,1.15519608
CCCCC(F)C(F)(F)C(F)(F)C(F)(F)C(O)=O,1.416606873
FC(OC1=CC=C(CCl)C=C1)=C(F)C(F)(F)C(F)(F)C(F)(F)C(F)(F)F,2.500306673
FC(F)(F)C1=C(C(F)(F)F)C1(Cl)C(F)(F)F,2.894286321
OC=O.OCCC(F)(F)C(F)(F)C(F)(F)C(F)(F)C(F)(F)C(F)(F)F,1.465705005
FC(F)(C(F)(Cl)C(F)(F)C(Cl)(Cl)Cl)C(F)(Cl)C(F)(F)C(Cl)(Cl)Cl,2.255509067
FC(F)(F)C(F)(F)C(F)(F)P(C(F)(F)C(F)(F)C(F)(F)F)C(F)(F)C(F)(F)C(F)(F)F,2.378301568
CC(C)C1=NC(OC1=O)C(F)(F)C(F)F,1.641972665
FC(F)C(F)(F)C(F)(F)C(F)=C(C(F)(F)F)C(F)(F)F,2.384174952
COC(=O)CC(C(F)(F)F)C(F)(F)F,1.483759309
FC(F)(F)OC(F)(C(F)(F)F)C(F)(OC(F)(F)F)C(F)(F)F,2.143620507
COC(=O)CC(C(F)(F)F)(C(F)(F)F)C(F)(F)F,1.86888621
NC(=O)CCSCCC(F)(F)C(F)(F)C(F)(F)C(F)(F)C(F)(F)C(F)(F)F,1.873841009
CCC(O)(C#C)C(F)(F)F,1.46711397
FC(F)(Cl)C(F)(Cl)C(F)(F)C(F)(Cl)C(F)(Cl)C(F)(F)C(F)(Cl)C(F)(F)Cl,2.309056197
OC(F)=C(F)C(F)(F)C(F)(F)C(F)(F)C(F)(F)C(F)(F)C(F)(F)C(F)(F)F,2.083082768
FC(F)(CC[SiH2]C(Cl)Cl)C(F)(F)CC[SiH2]C(Cl)Cl,1.828278666
CC(=C)C(=O)OC(F)(F)C(F)(F)C(F)(F)C(F)(F)C(F)(F)C(F)(F)C(F)(F)CCC(F)(F)F,2.222517429
CCOC(=O)C(F)(F)C(F)(F)C(F)(F)C(F)=CF,1.867840091
CC1=CC(=NN=C1C(F)(F)F)C(F)(F)F,1.787576242
FC(F)=C(Cl)C(F)(F)I,2.300309241
CC1=CC=C(C=C1)C(=O)C(F)(F)C(F)(F)C(F)(F)C(F)(F)F,1.981545082
FC(F)C(F)(F)C(F)(F)C(F)(F)COCCC[Si](Cl)(Cl)C1=CC=CC=C1,2.405978271
FC(F)(F)C1=C(C=C(C=C1)C(Cl)(Cl)Cl)C(F)(F)F,2.916711209
COC(F)(F)C(Cl)=C(F)F,1.691326509
CC1=C(SC(F)(F)F)C(C)=C(N1)SC(F)(F)F,1.903643382
FC(F)(F)C(F)(OCC(=O)NC1=CC=CC=C1)C(F)(F)F,1.689390846
OCC1=CC=C(OC(F)=C(F)C(F)(F)C(F)(F)C(F)(F)C(F)(F)C(F)(F)C(F)(F)C(F)(F)F)C=C1,2.3475493
OCC(O)COCC(O)COCC(O)COCC(O)COCC(O)COCC(O)COCC(O)COCC(O)COCC(F)(F)C(F)(F)C(F)(F)C(F)(F)C(F)(F)C(F)F,1.010334345
FC1=CC(F)=C(F)C(F)=C1C1=C(F)C(F)=C(F)C(F)=C1F,3.700239084
FC(F)(F)C1(C(N1C1=CC=CC=C1)C(=O)C1=CC=CC=C1)C(F)(F)F,2.242585451
OC(=O)C1=C(O)C=C(OS(=O)(=O)C(F)(F)C(F)(F)C(F)(F)C(F)(F)C(F)(F)C(F)(F)C(F)(F)C(F)(F)F)C=C1,1.417903329
CP([O-])(=S)OCC(F)(F)C(F)(F)C(F)(F)F,1.557011118
FC(F)C(F)(F)C(F)(F)C1=NC2=CC=CC=C2N1,1.867345301
FC(F)(F)SCS(Cl)=O,1.115935607
FC(F)(F)C1(F)C(F)(F)OC(F)(F)C(F)(F)C1(F)F,2.258085142
CC1(C)CN1SC(F)(F)F,1.703320984
[O-][N+](=O)C1=CC=CC=C1C(F)(F)C(F)(F)F,2.063197769
OC[C@H]1O[C@H](C[C@@H]1O)N1C=C(C(=O)NC1=O)C(O)(C(F)(F)F)C(F)(F)F,0.67067245
CC(=O)C=CC(F)(F)F,1.204780626
FC(=CC=C)C(F)(F)C(F)(F)C(F)(F)C(F)(F)C(F)(F)F,2.481253051
CC1(COCC(F)(F)C(F)F)COC1,1.628071785
FC(F)(F)C(OC=O)C(F)(F)F,1.543017713
FC1=CC(F)=C(Br)C(F)=C1C(F)(F)F,2.863401814
FC1=C(F)C(F)=C(F)C(F)(O1)C(F)(F)C(F)(F)C(F)(C(F)(F)F)C(F)(F)F,2.315383378
COC(=O)C(\C)=C\C(F)(F)C(F)(F)C(F)(F)F,1.800006167
NC(=O)CCNCS(=O)(=O)C(F)(F)C(F)(F)C(F)(F)C(F)(F)C(F)(F)C(F)(F)C(F)(F)C(F)(F)F,1.640488328
FC(F)(F)C(F)(F)C(F)(F)C(F)(F)C(F)(F)C(F)(F)S(=O)(=O)C=CC1=CC=CS1,1.865531189
F\C(OC(F)(F)C(F)(F)C(F)(F)F)=C(/F)C1=CC=CC=C1,2.532739144
FC=C(F)C(F)(OC(F)(F)C(F)(F)C(F)(F)F)C(F)(F)F,2.328883779
NC1=CC(Cl)=C(OC2=CC=C(OC(F)(F)C(F)C(F)(F)F)C=C2)C=C1,3.074598423
CC1=C(O)C(=O)OC1(C(F)(F)F)C(F)(F)F,1.851977205
OC(CSC(F)(F)F)CSC(F)(F)F,1.517765221
CCCC(SC(F)(F)F)SC(F)(F)F,2.089214009
FC(F)(F)C(F)(F)C(=C)C(Cl)=O,1.505882495
CC(N)=CC(=O)C(F)(F)C(F)F,1.099194574
COC(=O)C=CC(F)(F)C(F)(F)C(F)(F)F,1.77153384
CCCCCCCCCCCCCCCCCCCCC(F)(F)C(F)(F)C(F)(F)C(F)(F)F,2.302184847
CC1=CC2=C(CC(F)(F)C2(F)F)C=C1,2.635942432
FC(F)(F)OC1=C(OC(F)(F)F)C=C2SC(=S)NC2=C1,2.802273803
FC1=C(F)C(Cl)C(F)=C(F)C1,2.312217992
OC(=O)COC(F)(F)C(F)(F)OC(F)(F)F,1.060518912
OC(=O)C(F)C(F)(F)OC(F)(F)C(F)(F)C(F)(F)F,1.284048622
FC(F)(F)C=C=C[N+]#N,1.739666672
NC1=C(Br)C(SC(F)(F)C(F)(F)C(F)(F)F)=C(Br)C=C1Br,2.352927863
FC(F)(F)C1=CC(=C(B(C2=C(C=C(C=C2C(F)(F)F)C(F)(F)F)C(F)(F)F)C2=C(C=C(C=C2C(F)(F)F)C(F)(F)F)C(F)(F)F)C(=C1)C(F)(F)F)C(F)(F)F,3.335181683
CC(C)(C)C\C=C(/F)C(F)(F)C(F)(F)C(F)(F)F,3.045688807
OCC(F)(F)CC(F)(F)C(F)(F)C(F)(F)C(F)(F)CC(F)(F)CO,1.553048661
OC(C=CC1=CC=CC=C1)C(F)(F)C(F)(F)F,1.771694038
FC1=C(F)C(F)=C(C#CCl)C(F)=C1F,2.963505794
CC=CC=C(S(=O)(=O)C(F)(F)F)S(=O)(=O)C(F)(F)F,1.487110802
CC1=CC2=C(SOC2(C(F)(F)F)C(F)(F)F)C=C1,2.386181488
OP(O)(O)=O.OCC(F)(F)C(F)F.OCC(F)(F)C(F)F.OCC(F)(F)C(F)F,0.646857821
FC#CC(F)(I)C(F)=C(F)C#N,2.044246148
COC(=O)C(F)(F)C(F)(F)C(F)(F)C(Cl)=O,1.158114478
CC(=O)O[C@H]1CC[C@H]2[C@@H]3[C@H](CCCCCCCCCSCCCC(F)(F)C(F)(F)F)CC4=C(C=CC(O)=C4)[C@H]3CC[C@]12C,2.120398611
FC(F)(F)CC(Br)C(F)(F)F,1.879945543
C[N+](C)(C)CCCNS(=O)(=O)C(F)(F)C(F)(F)C(F)(F)C(F)(F)C(F)(F)C(F)(F)C(F)(F)C(F)(F)F,1.724204624
FC(Br)C(F)(F)F,1.635491993
FC(F)(F)C(F)(F)C(F)(F)C(=O)OC(=O)C(F)(F)C(F)(F)C(F)(F)F,1.778093465
FC(Br)C(F)(F)Br,1.659344899
CN(C)CCCN(CC(O)CS(O)(=O)=O)S(=O)(=O)C(F)(F)C(F)(F)C(F)(F)C(F)(F)C(F)(F)C(F)(F)C(F)(F)C(F)(F)F,1.663136882
C[N+](C)(C)CCCNS(=O)(=O)C(F)(F)C(F)(F)C(F)(F)C(F)(F)C(F)(F)F,1.393419516
CN(C)CCCN(O)S(=O)(=O)CCC(F)(F)C(F)(F)C(F)(F)C(F)(F)C(F)(F)C(F)(F)F,1.754010005
FC1(F)C(F)(F)C(F)(Cl)C1(F)Cl,2.461952695
CCCC(F)(F)C(F)(F)C(F)(F)C(F)(F)C(F)(F)C(F)(F)F,2.423854367
FCC(F)(F)C(F)(F)C(F)(F)C(F)(F)C(F)(F)C(F)(F)C(F)(F)C(F)(F)Cl,2.403822131
FC(F)(Cl)C(F)(F)C(F)(Cl)Cl,1.943663787
FC(F)(F)CN(CC(F)(F)F)C1=CC=C(Br)C=C1,2.001051302
FC(F)(F)C1=CC(NS(=O)(=O)C(F)(F)F)=CC=C1,1.371769139
FC(F)(F)C(F)(F)C(F)(C(F)(F)F)C(F)(C(F)(F)F)C(F)(F)F,2.381418241
FC(F)=C(F)C(F)(F)C(F)(F)F,2.237569216
FC(F)(F)C(F)(F)C(F)(F)C(F)(F)C(F)(F)C(F)(F)C(F)(F)C(F)(F)C(F)(F)C(F)(F)C(F)(F)C(F)(F)C(F)(F)I,2.487650873
FC(F)(F)C(F)(F)C(F)(F)C(F)(C(F)(F)F)C(F)(F)C(F)(F)F,2.384332034
Cl.FC1(F)CNCC1(F)F,1.033831683
FC(F)(F)C(OC(=O)C=C)C(F)(F)F,1.939269705
FC(OC(F)(F)C(F)(OC(F)(F)C(F)(OC(F)(F)C(F)(F)C(F)(F)F)C(F)(F)F)C(F)(F)F)C(F)(F)F,2.395552167
F\C(=C(/F)C(F)(C(F)(F)F)C(F)(F)F)C(F)(F)F,2.556946943
OCCCCCCCCCC=CC(F)(F)C(F)(F)C(F)(F)C(F)(F)C(F)(F)C(F)(F)C(F)(F)C(F)(F)F,2.25795605
OC(COC(=O)C=C)CC(F)(F)C(F)(F)C(F)(F)C(F)(F)C(F)(F)C(F)(F)C(F)(C(F)(F)F)C(F)(F)F,2.012781804
FC1(F)OC2=C(C=C(C=C2)N=C=O)C(F)(F)O1,2.062021523
C[Si](Cl)(Cl)CCC(F)(F)C(F)(F)C(F)(F)C(F)(F)F,2.240735912
FC(F)(F)C(F)(F)C(F)(F)C(F)(F)C(F)(F)C(F)(F)C(F)(F)C(F)(F)C(F)(F)C(F)(F)CC1CO1,2.350431956
FC(F)(F)C(F)(C(F)(F)F)C(F)(F)C(F)(F)C(F)(F)C(F)(F)C(F)(F)C(F)(F)C(F)(F)C(F)(F)C(F)(F)C(F)(F)CCOC(=O)C=C,2.374117218
FC(F)(F)C(F)(C(F)(F)F)C(F)(F)C(F)(F)C(F)(F)C(F)(F)C(F)(F)C(F)(F)C(F)(F)C(F)(F)C(F)(F)C(F)(F)C(F)(F)C(F)(F)C(F)(F)C(F)(F)CC1CO1,2.521058285
OC(=O)\C=C/C(=O)OCCC(F)(F)C(F)(F)C(F)(F)C(F)(F)C(F)(F)C(F)(F)C(F)(F)C(F)(F)F,1.918039052
OCCNCCO.OP(O)(=O)OCCC(F)(F)C(F)(F)C(F)(F)C(F)(F)C(F)(F)C(F)(F)F,1.357708896
[I-].C[N+](C)(C)CCCNC(=O)C1=CC=C(OC(F)(F)C(F)(F)C(F)(F)C(F)(F)C(F)(F)C(F)(F)C(F)(F)C(F)(F)C(F)(F)F)C=C1,1.454323692
[NH4+].[O-]S(=O)(=O)CCC(F)(F)C(F)(F)C(F)(F)C(F)(F)C(F)(F)C(F)(F)F,1.358173213
[I-].[H]N(CCC[N+](C)(C)C)S(=O)(=O)C(F)(F)C(F)(F)C(F)(F)C(F)(F)F,0.627973238
[NH4+].[O-]C(=O)C(F)(F)C(F)(F)C(F)(F)C(F)(F)F,1.37189107
[Cl-].[H]N(CCC[N+](C)(C)C)S(=O)(=O)C(F)(F)C(F)(F)C(F)(F)C(F)(F)C(F)(F)F,0.87622382
CCOP(CC)OCC.FC(F)(F)C(F)(I)C(F)(F)F,1.336304577
FC(=C(CC=C)C(F)(F)F)C(F)(F)C(F)(F)F,2.39021974
[H]N(CCC[N+](C)(C)CCC([O-])=O)CC(O)CC(F)(F)C(F)(F)C(F)(F)C(F)(F)C(F)(F)C(F)(F)C(F)(F)C(F)(F)C(F)(F)C(F)(F)F,1.718299702
OCCN(CCO)S(=O)(=O)C1=CC=C(OC(=C(C(F)(F)F)C(C(F)(F)F)(C(F)(F)C(F)(F)F)C(F)(F)C(F)(F)F)C(F)(F)F)C=C1,2.440506255
[NH4+].[NH4+].[O-]P([O-])(=O)OCCC(F)(F)C(F)(F)C(F)(F)C(F)(F)C(F)(F)C(F)(F)C(F)(F)C(F)(F)C(F)(F)C(F)(F)F,1.314769709
CNS(=O)(=O)C(F)(F)C(F)(F)C(F)(F)C(F)(F)C(F)(F)C(F)(C(F)(F)F)C(F)(F)F,1.808299705
FC(F)(F)C(F)(F)C(F)(F)C(F)(F)C(F)(F)C(F)(F)C(F)(F)C(F)(F)C(F)(F)C(F)(F)C(F)(F)C(F)(F)C(F)(F)C(F)(F)C(F)(F)C(F)(F)CC1CO1,2.494028923
OC(COC1=CC=CC=C1)CC(F)(F)C(F)(F)C(F)(F)C(F)(F)C(F)(F)C(F)(F)C(F)(F)C(F)(F)F,2.057882337
COC(=O)C(CC=C)(C(F)(F)F)C(F)(F)C(F)(F)C(F)(F)F,1.994699774
F[C@@H]([C@@H](F)C(F)(F)C(F)(F)F)C(F)(F)F,2.034551777
FC(F)(F)C(F)(F)C(F)(F)OC(F)(F)[C@@](F)(OC(F)(F)C(F)(F)C(F)(F)F)[C@@](F)(OC(F)(F)C(F)(F)C(F)(F)F)C(F)(F)OC(F)(F)C(F)(F)C(F)(F)F,2.525601034
CCCCCCCCCCCCCCCCCCCC(F)(F)C(F)(F)C(F)(F)C(F)(F)C(F)(F)C(F)(F)C(F)(F)F,2.348891216
CCCN(CCOCCO)S(=O)(=O)C(F)(F)C(F)(F)C(F)(F)C(F)(F)C(F)(F)C(F)(F)C(F)(F)C(F)(F)F,1.844913506
FC(=O)C1(OC(=O)C(F)(O1)C(F)(F)F)C(F)(F)F,1.538387044
F\C=C\C(F)(F)F,2.10298267
CC(OC(F)(F)C(F)C(F)(F)F)C(F)(F)C(F)C(F)(F)F,2.055508826
[H]C(F)(OC(F)(F)C(F)(OC(F)(F)C(F)(F)S(O)(=O)=O)C(F)(F)F)C(F)(F)F,1.589624691
OS(=O)(=O)C1(C(F)(F)C(F)(F)F)C(F)(F)C(F)(F)C(F)(F)C(F)(F)C1(F)F,1.901868516
[O-]C(=O)C(F)(F)C(F)(F)F,1.143239672
C[N+](C)(CCCC(F)(F)C(F)(F)C(F)(F)C(F)(F)C(F)(F)C(F)(F)C(F)(F)F)CC([O-])=O,1.997465822
CN(C)CCCN(CCC(O)=O)S(=O)(=O)C(F)(F)C(F)(F)C(F)(F)C(F)(F)C(F)(F)F,1.194559304
C[N+](C)(C)CCCNC(=O)C(F)(F)C(F)(F)C(F)(F)C(F)(F)C(F)(F)C(F)(F)C(F)(F)F,1.721585815
C[N+](C)(CCCNC(=O)CSCCC(F)(F)C(F)(F)C(F)(F)C(F)(F)C(F)(F)C(F)(F)C(F)(F)C(F)(F)C(F)(F)C(F)(F)F)CC([O-])=O,1.798749996
C[N+](C)(C)CC([O-])CS(=O)CCC(F)(F)C(F)(F)C(F)(F)C(F)(F)C(F)(F)C(F)(F)C(F)(F)C(F)(F)F,1.718482598
[Cl-].C[N+](C)(C)CC(O)CSCCC(F)(F)C(F)(F)C(F)(F)C(F)(F)C(F)(F)C(F)(F)C(F)(F)C(F)(F)F,1.615627062
[H]N(CCCNC)S(=O)(=O)CCC(F)(F)C(F)(F)C(F)(F)C(F)(F)C(F)(F)C(F)(F)C(F)(F)C(F)(F)F,1.695517788
C[N+](C)(CCC(F)C(F)(F)C(F)(F)C(F)(F)C(F)(F)C(F)(F)C(F)(F)C(F)(F)C(F)(F)C(F)(F)C(F)(F)C(F)(F)F)CC(O)=O,2.188580594
[2H]OC(=O)C(F)(F)C(F)(F)C(F)(F)C(F)(F)C(F)(F)C(F)(F)C(F)(F)C(F)(F)C(F)(F)C(F)(F)C(F)(F)C(F)(F)C(F)(F)F,2.438731666
OC(=O)C(F)(F)C(F)(F)C(F)(F)C(F)(F)C(F)(F)Cl,1.495784287
OC(=O)C(F)(F)C(F)(F)C(F)(F)C(F)(F)C(F)(F)C(F)(F)C(F)(F)C(F)(F)C(F)(F)C(F)(F)Cl,1.967861167
[H]C(F)(F)C(F)(F)C(F)(F)C(F)(F)C(F)(F)C(F)(F)C(F)(F)C(F)(F)C(F)(F)C(F)(F)C(F)(F)C(F)(F)C(F)(F)C(F)(F)C([O-])=O,2.276098738
CN(C)(=O)CCCNS(=O)(=O)C(F)(F)C(F)(F)C(F)(F)C(F)(F)C(F)(F)C(F)(F)C(F)(F)C(F)(F)C(F)(F)F,1.741548066
OC(=O)C(F)(F)C(F)(F)C(F)(F)[13C](F)(F)[13C](F)(F)[13C](F)(F)[13C](F)(F)F,1.774648263
OP([O-])(=O)O[13CH2][13CH2]C(F)(F)C(F)(F)C(F)(F)C(F)(F)C(F)(F)C(F)(F)C(F)(F)C(F)(F)F,1.671928938
CC(COC(=O)C(C)=C)OC(=O)NC1=C(C)C=CC(NC(=O)OCCCCN(C)S(=O)(=O)C(F)(F)C(F)(F)C(F)(F)C(F)(F)C(F)(F)C(F)(F)C(F)(F)C(F)(F)F)=C1,1.328343074
FC(=C(F)C(C(F)(F)F)(C(F)(F)F)C(F)(F)F)C(F)(F)C(F)(F)C(F)=C(F)C(C(F)(F)F)(C(F)(F)F)C(F)(F)F,2.810881633
FC(F)(F)C(C(F)(F)F)(C(F)(F)F)C1(F)C(F)(F)C(F)(F)C2(F)C(F)(F)C(F)(F)C(F)(F)C(F)(F)C2(F)C1(F)F,2.926090253
FC(F)(Cl)C(F)(Cl)OC(F)(F)C(F)(F)S(F)(=O)=O,1.326435021
CC1=CC(=C(C)S1)C1=C(C2=C(C)SC(C)=C2)C(F)(F)C(F)(F)C1(F)F,2.411628199
NC1=CC=CC(=C1)C(\O)=N/C1=C(F)C(=C(F)C(F)=C1O)C(C1=C(F)C(F)=C(O)C(\N=C(/O)C2=CC(N)=CC=C2)=C1F)(C(F)(F)F)C(F)(F)F,1.607674748
FC(F)(F)C(F)(F)OC(F)(F)OC(F)(Cl)C(F)(F)Cl,1.848391451
[NH4+].CCN(CC(O)CS([O-])(=O)=O)S(=O)(=O)C(F)(F)C(F)(F)C(F)(F)C(F)(F)F,0.592094043
FC(F)(F)C(F)(F)C(F)(F)C(F)(F)CCOC(=O)C(Cl)=C,2.000892783
[NH4+].[O-]C(=O)C(F)(F)C(F)(F)C(F)(F)F,1.15827756
[NH4+].[O-]C(=O)CCSCCC(F)(F)C(F)(F)C(F)(F)C(F)(F)C(F)(F)C(F)(F)F,1.675523195
[O-]C(=O)CCSCCC(F)(F)C(F)(F)C(F)(F)C(F)(F)C(F)(F)C(F)(F)F,1.952631299
CC(OC(=O)CCSCCC(F)(F)C(F)(F)C(F)(F)C(F)(F)C(F)(F)C(F)(F)F)C([O-])=O,1.66013295
FCC(F)(F)C(F)(F)C(F)(F)F,2.072609155
CCCC(F)(F)C(F)(F)C(F)(F)C(F)(F)F,2.304141994
CCCCCCCCCC(F)(F)C(F)(F)C(F)(F)F,2.354666667
FC(F)(F)C(F)(F)C(F)(F)C(F)(F)CCCCBr,2.013120119
CC(N)C(F)(F)C(F)(F)C(F)(F)F,1.450304747
FC(F)(F)C(F)(F)CCC(F)(F)C(F)(F)C(F)(F)C(F)(F)F,2.310739401
CCCCCCC(F)(F)C(F)(F)C(F)(F)C(F)(F)C(F)(F)C(F)(F)F,2.395513256
CCCC(=O)C(F)(F)C(F)(F)C(F)(F)F,1.745806964
CCCCCCCCCCCCCCCCC(F)(F)C(F)(F)C(F)(F)C(F)(F)F,2.346808716
FC(F)(F)C=CC(F)(F)C(F)(F)C(F)(F)C(F)(F)F,2.512749241
OCCOCC(F)(F)C(F)(F)C(F)(F)F,1.59678401
FC(F)(F)C(F)(F)C(F)(F)C(F)(F)C(F)(F)C(F)(F)C(F)(F)C(F)(F)CCCCBr,2.248100752
FC(F)C(F)(F)C(F)(F)C(F)(F)C(F)(F)C(F)(F)C(F)(F)C(F)(F)C(F)(F)C(F)(F)C(F)(F)C(F)(F)F,2.567695323
FC(F)(F)C(F)(F)C(F)(F)C(F)(F)CCCCCCCCC(F)(F)C(F)(F)C(F)(F)C(F)(F)F,2.331211408
F\C(=C(\F)C(F)(F)C(F)(F)C(F)(F)F)C(F)(F)C(F)(F)F,2.472270937
F\C=C(/F)C(F)(F)C(F)(F)C(F)(F)C(F)(F)C(F)(F)C(F)(F)F,2.821050144
CCCCCCCCCCCCCCCCCC(F)(F)C(F)(F)C(F)(F)C(F)(F)C(F)(F)C(F)(F)F,2.352975055
FC(F)(F)C(F)(F)CC(I)C(F)(F)C(F)(F)C(F)(F)C(F)(F)C(F)(F)C(F)(F)C(F)(F)C(F)(F)F,2.362387476
OCCC(F)(F)C(F)(F)C(F)(F)C(F)(F)C(F)(F)C(F)(F)C(F)(F)F,2.07788255
CCCCCCCCCCCCCCCC(F)(F)C(F)(F)C(F)(F)C(F)(F)C(F)(F)C(F)(F)C(F)(F)C(F)(F)F,2.413018025
CCCCCC(I)CC(F)(F)C(F)(F)C(F)(F)C(F)(F)C(F)(F)C(F)(F)C(F)(F)C(F)(F)C(F)(F)C(F)(F)F,2.286198552
CCCCCC\C(I)=C/C(F)(F)C(F)(F)C(F)(F)C(F)(F)F,2.448394371
OCC(O)COCC(F)(F)C(F)(F)C(F)(F)F,1.512642983
CCCCCCCCC(F)(F)C(F)(F)C(F)(F)C(F)(F)C(F)(F)C(F)(F)C(F)(F)C(F)(F)C(F)(F)C(F)(F)C(F)(F)C(F)(F)F,2.482299899
FC(F)(F)C(F)(F)C(F)(F)C(F)(F)C(F)(F)C(F)(F)C(F)(F)C(F)(F)C(Br)=C,2.412524218
CCCCCCCCCCCCCCCCCCC(F)(F)C(F)(F)C(F)(F)C(F)(F)C(F)(F)C(F)(F)C(F)(F)C(F)(F)C(F)(F)F,2.408652004
FC(F)(F)C(F)(F)C(F)(F)C(F)(F)C=CC(F)(F)C(F)(F)C(F)(F)C(F)(F)F,2.552485524
CCCCCCCCCCC(I)CC(F)(F)C(F)(F)C(F)(F)C(F)(F)C(F)(F)C(F)(F)C(F)(F)C(F)(F)C(F)(F)C(F)(F)F,2.260664237
CCCCCCCC=CC(F)(F)C(F)(F)C(F)(F)C(F)(F)C(F)(F)C(F)(F)F,2.58242175
CCCCCC=CC(F)(F)C(F)(F)C(F)(F)C(F)(F)C(F)(F)C(F)(F)C(F)(F)F,2.637149489
CCCCCCCCCCCCCCC(I)CC(F)(F)C(F)(F)C(F)(F)C(F)(F)C(F)(F)C(F)(F)C(F)(F)C(F)(F)C(F)(F)C(F)(F)F,2.269648612
FC(F)(F)C(F)(F)C(F)(F)C(F)(F)C(F)(F)C(F)(F)C(F)(F)C(F)(F)CCC(F)(F)C(F)(F)C(F)(F)C(F)(F)C(F)(F)C(F)(F)C(F)(F)C(F)(F)F,2.591830158
COC(F)(F)C(F)(F)C(F)(F)C(F)(F)C(F)(F)C(F)(F)F,2.18297583
CCOC(=O)CCC(F)(F)C(F)(F)C(F)(F)F,1.692063545
FC(F)(F)C(F)(F)C(F)(F)C(F)(F)C(F)(F)C(F)(F)C(F)(F)C(F)(F)CC=O,2.258173294
NC(CCC(F)(F)C(F)(F)C(F)(F)F)C(O)=O,1.277660348
CCOC(=O)CC(F)(F)C(F)(F)C(F)(F)F,1.689900835
NNC(=N)C(F)(F)C(F)(F)C(F)(F)F,1.385289102
NC(CC(O)=O)C(F)(F)C(F)(F)C(F)(F)F,0.920406819
CC(C)[SiH](CCC(F)(F)C(F)(F)C(F)(F)C(F)(F)C(F)(F)C(F)(F)C(F)(F)C(F)(F)C(F)(F)C(F)(F)F)C(C)C,2.561409419
FC(F)(F)C(F)(F)C(F)(F)COC(=O)CC=C,1.786653331
CC(F)(F)OCC(F)(F)C(F)(F)C(F)(F)C(F)(F)C(F)(F)F,2.081561072
FC(F)(F)C(F)(F)C(F)(F)CSCC1=CC=CC=C1,2.260492727
FC(F)(F)C(F)(F)C(F)(F)C(F)(F)C(F)(F)C(F)(F)C(F)(F)C(F)(F)C(Br)=O,2.150922797
OP(=O)CCC(F)(F)C(F)(F)C(F)(F)C(F)(F)C(F)(F)C(F)(F)C(F)(F)C(F)(F)F,2.036584656
CCCCCCC(C)OC(=O)C(F)(F)C(F)(F)C(F)(F)F,1.909712836
F\C(=C/C=O)C(F)(F)C(F)(F)C(F)(F)C(F)(F)C(F)(F)C(F)(F)C(F)(F)F,2.49286158
OC(COCC(F)(F)C(F)(F)C(F)(F)F)COCC(F)(F)C(F)(F)C(F)(F)F,1.81287919
CCC(C(O)C(F)(F)C(F)(F)C(F)(F)F)[N+]([O-])=O,1.502900428
OC1=CC=C(OCC(F)(F)C(F)(F)C(F)(F)F)C=C1,2.046390543
OP(O)(=O)CCC(F)(F)C(F)(F)C(F)(F)C(F)(F)C(F)(F)C(F)(F)C(F)(F)C(F)(F)C(F)(F)C(F)(F)F,2.170992551
FC(F)(F)C(F)(F)C(F)(F)C1=NNC=C1,1.764153462
CCOC(=O)CC(=O)C(F)(F)C(F)(F)C(F)(F)C(F)(F)F,1.56096538
CCCCNC(=O)C(F)(F)C(F)(F)C(F)(F)F,1.478017362
FC(F)(F)C(F)(F)C(F)(F)C(F)(F)C(F)(F)C(F)(F)CCCOC(=O)C=C,2.172264523
NC1=CC=CC(=C1)C(F)(F)C(F)(F)C(F)(F)C(F)(F)C(F)(F)C(F)(F)F,2.077261594
FC(F)(F)C(F)(F)C(F)(F)C(F)(F)C(F)(F)C(F)(F)C(F)(F)C(F)(F)CCSCCC(F)(F)C(F)(F)C(F)(F)C(F)(F)C(F)(F)C(F)(F)C(F)(F)C(F)(F)F,2.514146629
ONC(=N)C(F)(F)C(F)(F)C(F)(F)C(F)(F)C(F)(F)C(F)(F)C(F)(F)F,1.971994601
FC(F)(F)C(F)(F)C(F)(F)C(F)(F)C(F)(F)C(F)(F)C(F)(F)C(F)(F)CCCOC(=O)C=C,2.245916495
CCCOC(=O)C(F)(F)C(F)(F)C(F)(F)C(F)(F)C(F)(F)C(F)(F)C(F)(F)C(F)(F)F,2.189440891
FC(C(F)(F)F)C(F)(F)COS(=O)(=O)C(F)(F)C(F)(F)C(F)(F)C(F)(F)F,1.819466562
FC(F)(F)C(F)(F)C(F)(F)C(F)(F)C(F)(F)C(F)(F)C(F)(F)C(F)(F)C(=O)OC=C,2.174743594
FC(F)(F)C(F)(F)C(F)(F)C(F)(F)C1=CC=C(C#N)C(=C1)C#N,1.876858914
FC(F)(F)C(=O)C1=CC=C(C=C1)C(F)(F)C(F)(F)C(F)(F)C(F)(F)C(F)(F)C(F)(F)F,2.262086828
CCCCNC(CC(=O)OCC)C(F)(F)C(F)(F)C(F)(F)F,1.556365299
[O-][N+](=O)C1=CC(=CC=C1)C(F)(F)C(F)(F)C(F)(F)C(F)(F)C(F)(F)F,2.210072072
FC(F)(F)C(F)(F)C(F)(F)C(F)(F)C(F)(F)C(F)(F)C(F)(F)C(=O)OCCC(F)(F)C(F)(F)C(F)(F)C(F)(F)C(F)(F)C(F)(F)C(F)(F)C(F)(F)F,2.367142231
COC1=CC=C(Br)C=C1C(F)(F)C(F)(F)C(F)(F)C(F)(F)F,2.49529348
CCCCNC(=O)C(F)(F)C(F)(F)C(F)(F)C(F)(F)C(F)(F)C(F)(F)F,1.833229753
FC(F)(F)C(F)(F)C(F)(F)C(=O)N1CCCCC1,1.371529756
CCOC(=O)C1=CC=C(N=C1)C(F)(F)C(F)(F)C(F)(F)F,1.692640245
CCOC(=O)C(=C)S(=O)C(F)(F)C(F)(F)C(F)(F)C(F)(F)F,1.782192599
[O-][N+](=O)C1=CC=C(OCC(F)(F)C(F)(F)C(F)(F)C(F)(F)C(F)(F)F)C=C1,2.181481712
FC(F)(F)C(F)(F)C(F)(F)C(F)(F)C(F)(F)C(F)(F)CCOC(=O)CC(=C)C(=O)OCCC(F)(F)C(F)(F)C(F)(F)C(F)(F)C(F)(F)C(F)(F)F,2.15576486
CC1=C(Br)C(=NN1)C(F)(F)C(F)(F)C(F)(F)F,1.52388479
FC1=C(F)C(F)=C(C(=O)C(F)(F)C(F)(F)C(F)(F)C(F)(F)F)C(F)=C1F,2.562391372
FC(F)(F)C(F)(F)C(F)(F)C(=O)NC1=CC=CC=C1Cl,1.996443125
FC(F)(F)C(F)(F)C(F)(F)C(=O)NC1=NC=NN1,1.180253001
FC(F)(F)C(F)(F)C(F)(F)C(F)(F)S(=O)(=O)OC1=CCCCCC1,1.601477863
[O-][N+](=O)C1=CC=C2N=C(NC2=C1)C(F)(F)C(F)(F)C(F)(F)F,1.828113081
FC(F)(F)C(F)(F)C(F)(F)C(F)(F)C(F)(F)C(F)(F)C(F)(F)C(F)(F)CCOC(=O)C1=CC=CN=C1,2.103280717
FC(F)(F)C(F)(F)C(F)(F)C(=O)NC1=C(Cl)C=CC=C1Cl,2.27142751
FC(F)(F)C(F)(F)C(F)(F)C(=O)NC1=CC(Cl)=CC=C1Cl,2.31913045
CCCCCCOC1=CC=C(C=C1)S(=O)(=O)CCC(F)(F)C(F)(F)C(F)(F)C(F)(F)C(F)(F)C(F)(F)C(F)(F)C(F)(F)C(F)(F)C(F)(F)F,2.09848572
CC(=O)OC1=C(CC(Cl)CC(F)(F)C(F)(F)C(F)(F)C(F)(F)C(F)(F)C(F)(F)C(F)(F)C(F)(F)F)C=CC(Cl)=C1,2.478175036
COCCN(CCOC)S(=O)(=O)C(F)(F)C(F)(F)C(F)(F)C(F)(F)C(F)(F)C(F)(F)F,1.706061767
CC1=CC=C(C=NNC(=O)C(F)(F)C(F)(F)C(F)(F)C(F)(F)C(F)(F)C(F)(F)F)C=C1,1.891583408
FC(F)(F)C(F)(F)C(F)(F)C(F)(F)C(F)(F)C(F)(F)C1=CC=C(S1)C1=CC=C(S1)C1=CC=C(S1)C1=CC=C(S1)C(F)(F)C(F)(F)C(F)(F)C(F)(F)C(F)(F)C(F)(F)F,2.45347926
[O-][N+](=O)C1=CC=C(NC(=O)C(F)(F)C(F)(F)C(F)(F)C(F)(F)C(F)(F)C(F)(F)C(F)(F)C(F)(F)F)C=C1,1.897026253
FC(F)(F)C(F)(F)C(F)(F)C(F)(F)S(=O)(=O)NC(=O)C1CCC=C1,1.338650838
COC1=CC(C=O)=C(C=C1OCCCC(F)(F)C(F)(F)C(F)(F)C(F)(F)C(F)(F)C(F)(F)C(F)(F)C(F)(F)F)[N+]([O-])=O,2.268227881
C\C(NNC(=O)C1=CC=CC=C1)=C\C(=O)C(F)(F)C(F)(F)C(F)(F)C(F)(F)C(F)(F)C(F)(F)C(F)(F)C(F)(F)F,2.041198383
COC(=O)C1=CC=C(Cl)C(OS(=O)(=O)C(F)(F)C(F)(F)C(F)(F)C(F)(F)F)=C1Cl,2.165577844
CCC(=O)N1CCN(CC1)S(=O)(=O)C(F)(F)C(F)(F)C(F)(F)C(F)(F)C(F)(F)C(F)(F)C(F)(F)C(F)(F)F,1.570705358
COC1=C2OC=CC2=C(OC)C2=C1OC(O)(CC2=O)C(F)(F)C(F)(F)C(F)(F)F,1.877856494
CC1=NN=C2CC=C(OS(=O)(=O)C(F)(F)C(F)(F)C(F)(F)C(F)(F)F)C3=CC=CC=C3N12,1.513036534
NCC(F)(C(F)(F)F)C(F)(F)F,1.33006633
CCCCC(I)CC(F)(C(F)(F)F)C(F)(F)F,2.12545944
FC1=CC=C(C=C1)C(F)(C(F)(F)F)C(F)(F)F,2.461208309
OC1=CC=C(C=C1)C(F)(C(F)(F)F)C(F)(F)F,1.840245689
CC(=O)C1=CC=C(C=C1)C(F)(C(F)(F)F)C(F)(F)F,1.960407382
CC1=CC(=CC=C1Br)C(F)(C(F)(F)F)C(F)(F)F,2.44049189
FC(F)(F)C(F)(C1=CN=CC(Br)=C1)C(F)(F)F,2.009870044
CC1=CC(=CC(Br)=C1N)C(F)(C(F)(F)F)C(F)(F)F,1.895018001
CNCCCCS(=O)(=O)CCC(F)(C(F)(F)F)C(F)(F)F,1.046212356
FC(F)(F)C(F)(F)C1(OC1(C(F)(F)F)C(F)(F)F)C(F)(C(F)(F)F)C(F)(F)F,2.907013606
CCSC1=C(C)C(=CC=C1C(F)(C(F)(F)F)C(F)(F)F)C(O)=O,1.695769382
CC(C)SC1=C(C)C(=CC=C1C(F)(C(F)(F)F)C(F)(F)F)C(O)=O,1.884445177
CCC1=C(SCC(C)C)C(=CC=C1C(O)=O)C(F)(C(F)(F)F)C(F)(F)F,2.138986838
CCS(=O)C1=C(C)C(=CC=C1C(F)(C(F)(F)F)C(F)(F)F)C(O)=O,1.507424925
CCC1=C(C(=CC=C1C(O)=O)C(F)(C(F)(F)F)C(F)(F)F)S(=O)(=O)C(C)C,1.516825559
CCC1=C(C(=CC=C1C(O)=O)C(F)(C(F)(F)F)C(F)(F)F)S(=O)CC(C)C,1.838785571
CC1=CC(=CC(C)=C1NC(=O)C1=CC=CC(NC(=O)C2=CC=C(F)C=C2F)=C1)C(F)(C(F)(F)F)C(F)(F)F,1.863260068
CC1=CC(=CC(C)=C1NC(=O)C1=CC=CC(NC(=O)C2=CC=C(Cl)C=C2Cl)=C1)C(F)(C(F)(F)F)C(F)(F)F,2.001541919
FC(F)C(F)(F)OC(F)(F)F,1.719334023
FC(F)(F)OC(C(F)(F)F)(C(F)(F)F)C(F)(F)F,2.229706597
FC(F)(F)C(F)(F)OC(F)(F)C(F)(OC(F)(F)C(F)(OC(F)(F)C(F)(OC(F)(F)C(F)(OC(F)(F)C(F)(F)Br)C(F)(F)F)C(F)(F)F)C(F)(F)F)C(F)(F)F,2.450021299
FC(F)(F)C(F)(F)C(F)(F)OC(F)(COCC=C)C(F)(F)F,2.103868613
CCCCCCOC(=O)C(F)(OC(F)(F)C(F)(F)C(F)(F)F)C(F)(F)F,2.031712322
CC(C)OC(=O)C(F)(OC(F)(F)C(F)(OC(F)(F)C(F)(F)C(F)(F)F)C(F)(F)F)C(F)(F)F,2.07200511
FC(F)(F)C(F)(F)C(F)(F)OC(F)(C(=O)OCC1=CC=CC=C1)C(F)(F)F,2.027037988
CCCNCCCC(F)(OC(F)(F)C(F)(OC(F)(F)C(F)(OC(F)(F)C(F)(F)C(F)(F)F)C(F)(F)F)C(F)(F)F)C(F)(F)F,2.135059109
OCC1=CC(OC(F)(F)C(F)OC(F)(F)C(F)(F)C(F)(F)F)=C(OC(F)(F)C(F)OC(F)(F)C(F)(F)C(F)(F)F)C(OC(F)(F)C(F)OC(F)(F)C(F)(F)C(F)(F)F)=C1,2.393038811
FC(F)(F)C(F)(F)C(F)(F)OC(F)(C(F)(F)F)C(F)(F)OC(F)(C(=O)N1CCOCC1)C(F)(F)F,1.887135509
OC(=O)C(C(F)(F)F)(C(F)(F)F)C(C(F)(F)F)(C(F)(F)F)C(F)(F)F,2.075023754
OC(=O)C(F)(F)C(C(F)(F)F)(C(F)(F)C(F)(F)F)C(F)(F)C(F)(F)F,1.83858248
OC(=O)C(F)(C(F)(F)C(F)(F)F)C(F)(F)C(F)(F)C(F)(F)C(F)(F)F,1.715802189
OC(=O)C(F)(F)C(F)(F)C(F)(C(F)(F)F)C(F)(F)C(F)(F)C(F)(F)F,1.784346742
OC(=O)C(F)(F)OC(F)(C(F)(F)F)C(F)(F)Cl,1.267279958
COC(=O)C(F)(F)C(F)(F)C(F)(F)OC(F)(C(F)(F)F)C(F)(F)OC(F)=C(F)F,2.049413444
[NH4+].[O-]C(=O)C(F)(OC(F)(F)C(F)(F)C(F)(F)C(F)(F)F)C(F)(F)F,1.552126363
FC(F)(F)C(F)(F)C(F)(F)\C=C\I,2.223333808
O[Si](O)(O)CCC(F)(F)C(F)(F)C(F)(F)C(F)(F)C(F)(F)C(F)(F)F,1.973378679
FC(F)(F)C(F)(F)C(F)(F)C(F)(F)\C=C\C(F)(F)C(F)(F)C(F)(F)C(F)(F)C(F)(F)C(F)(F)F,2.652261143
CCOP(=O)(CCC(F)(F)C(F)(F)C(F)(F)C(F)(F)F)OCC,1.532418008
NC(=O)[C@H]1CC[C@H](CC1)C(F)(F)C(F)(F)C(F)(F)C(F)(F)F,1.687547878
OP(=O)(OC(C1=CC=CC=C1)C(F)(F)C(F)(F)C(F)(F)F)C1=CC=CC=C1,1.877826381
FC(F)(F)C(F)(F)C(F)(F)C(F)(F)C1=CC(=O)OC2=C3CCCN4CCCC(C=C12)=C34,1.906688583
FC(F)(F)C(F)(\C=C\I)C(F)(F)F,2.154221184
OC(O)C(F)(F)C(F)(F)C(F)(F)C(F)(F)C(F)(F)F,1.559195988
FC(F)(F)C(F)(F)C(F)(F)COP(Cl)(=O)OCC(F)(F)C(F)(F)C(F)(F)F,1.711775576
NC(CC1=CC=CC=C1)C(O)C(F)(F)C(F)(F)C(F)(F)F,1.500167588
[H]\C(=N/[S@@](=O)C(F)(F)C(F)(F)C(F)(F)C(F)(F)F)C1=CC=CC=C1,1.878789529
FC(F)(F)C(F)(F)C(F)(F)C(=O)NCCCCCCNC(=O)C(F)(F)C(F)(F)C(F)(F)F,1.322429089
COC(=O)NC1=CC(=C(NC(=O)OC)C=C1)C(F)(F)C(F)(F)C(F)(F)F,1.488126344
O\C(=N\CC=C)C(F)(OC(F)(F)C(F)(F)C(F)(F)F)C(F)(F)F,1.775646123
FC(F)(F)C(F)(F)C(F)(F)OC(F)(C(F)(F)F)C(F)(F)OC(F)(C(=O)NCC=C)C(F)(F)F,1.983561578
OS(=O)C(F)(F)C(F)(F)C(F)(F)C(F)(F)C(F)(F)C(F)(F)C(F)(F)C(F)(F)F,1.924746694
OC(=O)C(F)(F)C(F)(F)OC(F)(F)C(F)(OC(F)=C(F)F)C(F)(F)F,1.659044698
CC1=CC(NC(=O)N=C(O)C2=C(F)C=CC=C2F)=C(C)C=C1S(=O)C(F)(F)C(F)F,1.45746432
OC(CC(Cl)C1=CC(=CC=C1)N(=O)=O)(C(F)(F)F)C(F)(F)F,1.786606192
OC(C=C(C(F)(F)F)C(F)(F)F)C1=CC=CC=C1Cl,2.042223061
OC(CC(O)(C(F)(F)F)C(F)(F)F)C1=CC=CO1,1.015240901
CC1CC(OC(O1)(C(F)(F)F)C(F)(F)F)(C(F)(F)F)C(F)(F)F,2.368021604
OC1C2CCC(C2)C1=C(C(F)(F)F)C(F)(F)F,2.037743337
CC1NC(OC1CC1=CC=CC=C1)(C(F)(F)F)C(F)(F)F,1.739127087
CC1=CC=C(C=C1)C(C)(O)CC(O)(C(F)(F)F)C(F)(F)F,1.35713397
CC(C)(C)C1CC(OP(Cl)(=O)O1)(C(F)(F)F)C(F)(F)F,2.162465016
FC1=C(F)C(F)(C(F)(F)F)C1(F)F,2.555343421
CCOC(=O)C1C(C(Cl)C(C)C)C1(C(F)(F)F)C(F)(F)F,2.79885526
CC1(C)CC(N2N(N12)C(F)(F)F)(C(F)(F)F)C(F)(F)F,2.223359897
FC1=C(F)C(F)=C(CSSCC2=C(F)C(F)=C(F)C(F)=C2F)C(F)=C1F,2.896373764
FC1=NC(F)=C(F)C2=C1C(F)=C(F)C(F)=C2F,2.555744956
CCCCOP(C)(=O)C(N=C(O)OCC)(C(F)(F)F)C(F)(F)F,1.696000336
FC(F)(F)C(OC(=O)C1=CN=CC=N1)C(F)(F)F,1.771945156
CN1C=C(N=C1C=CC1=NC=C(N1C)C(F)(F)C(F)(F)F)C(F)(F)C(F)(F)F,1.651855593
CCOC1(O)C(C)(C)C(F)(F)C1(F)F,1.690949605
NC1=C(C#N)C(F)=C(F)C(F)=C1F,1.673363063
OC1=C(F)C(F)=C(C#N)C(F)=C1F,1.102400773
CC1(C)CN1C(F)(F)C(CN1CCCC1)(C(F)(F)F)C(F)(F)F,1.586987566
CCC(C)C1=CC=CC=C1OC(F)(F)C(F)F,2.853006426
FC(F)(F)C1=NNN=N1,1.037367171
FC(F)(F)C1NCCO1,0.558524184
FC(F)(F)C(F)(F)C1NCCO1,0.979572613
CN(C)P(Cl)C(F)(F)F,0.816460201
[NH4+].[O-]C(=O)C(F)(F)F,0.507256857
CC1=CC(O)C(C(O)(C(F)(F)F)C(F)(F)F)C(C)(C)C1,1.779783809
CCCCCC(CO)C(O)(C(F)(F)F)C(F)(F)F,1.493648638
CCC(C(O)C1=CC=CS1)C(O)(C(F)(F)F)C(F)(F)F,1.42332338
OC(C1C2CCC(C2)C1=O)(C(F)(F)F)C(F)(F)F,1.586144021
FC(C(F)(F)F)C(F)(F)Cl,1.909641129
NC1=C(C=C(C=C1)C(F)(F)F)C(F)(F)F,2.110735273
FC(F)(Br)C(F)(Cl)CCBr,1.727846242
CCC(=O)C(F)(F)F,1.071847583
FC1(F)CCC1(F)Br,2.263924684
FC(Cl)C(F)(F)OC(Cl)Cl,1.38027329
FC(F)=C(F)C#N,1.149986345
FC(F)(F)CCI,1.612298235
FC(Cl)OC(F)C(F)(F)F,1.316135496
FCOC(=C(F)F)C(F)(F)F,1.765617816
O.CC1CNC(N1)(C(F)(F)F)C(F)(F)F,0.528866929
CC(=C)C(=O)OC(C)(C)C(F)(F)C(F)F,1.690551218
FC(F)(Cl)C(F)(F)S(F)(F)(F)(F)F,1.861285229
FC(F)C(F)(F)COC(F)(F)C(F)Cl,1.713027607
FC1=C(F)C(F)=C(F)C(=C1)C(F)(F)F,2.946267573
FC(F)(F)C(=O)O[SiH3],0.782569164
FC1C(F)C(F)(F)C(F)(F)C1(F)F,2.555763377
I.CC[N+](C)(CC)CCCN=C([O-])C(F)(OC(F)(F)C(F)(OC(F)(F)C(F)(F)C(F)(F)F)C(F)(F)F)C(F)(F)F,1.250158937
FC(F)(F)C1=CC(=N)NN1,1.080176315
FC(F)(Cl)C(F)(Cl)OC(F)(F)C(F)(F)I,1.849023888
OC(=O)C(F)(F)C(F)(F)C(F)(C(F)(F)F)C(F)(F)F,1.50398737
FC1(F)C(F)(F)C(F)(F)[C@]2(F)C(F)(F)C(F)(F)C(F)(F)C(F)(F)[C@@]2(F)C1(F)F,2.778366395
OS(=O)(=O)C(F)(F)C(F)(F)OC(F)(F)C(F)(F)C(F)(F)C(F)(F)C(F)(F)Cl,1.669327683
FC(OC(F)(F)C(F)(F)F)C(F)(F)F,1.878720478
[H]C(C)(CCC(=O)OC(C(F)(F)F)C(F)(F)F)[C@@]1([H])CC[C@@]2([H])[C@]3([H])C[C@@]([H])(OC(=O)C(F)(F)F)[C@]4([H])C[C@@]([H])(CC[C@]4(C)[C@@]3([H])CC[C@]12C)OC(=O)C(F)(F)F,2.198547196
OS(=O)(=O)C(F)(F)C(F)(F)C(F)(F)C(C(F)(F)F)(C(F)(F)F)C(F)(F)C(F)(F)F,1.968584709
FC(F)(Cl)C(F)(F)CCl,1.661061099
CC(F)C(F)(F)Cl,1.739592841
FC(CCl)C(F)(F)F,1.537116656
FC1=C(F)C(=C(F)C(F)=C1I)C1=C(F)C(F)=C(I)C(F)=C1F,3.853684398
FC1C(F)(F)C(F)(F)C(F)C(F)(F)C1(F)F,2.614351077
OS(=O)(=O)C(F)(F)C(F)(F)C1(F)C(F)(F)C(F)(F)C(F)(F)C(F)(F)C1(F)F,1.915755401
C[N+](C)(C)CCCNS(=O)(=O)C1=CC=C(OC(F)(F)C(F)(F)C(F)(F)C(F)(F)C(F)(F)C(F)(F)C(F)(F)C(F)(F)CF)C=C1,1.862828551
OC(=O)C(F)OC(F)(F)C(F)(F)S(O)(=O)=O,-0.028100963
FC(=C(Cl)C(F)(F)F)C(F)(F)Cl,2.077530498
F\C(=C(/F)C(F)(F)F)C(F)(F)F,2.494147474
CC1=NC=CN1C(F)(F)C(F)F,1.144377947
FC(F)(C(=O)NC1=CC=C(C=C1)C#N)C(F)(F)C(F)(F)C(F)(F)C(F)(F)C(F)(F)C(=O)OCC1=CC=CC=C1,1.599085128
CC1=CC(=CC(C)=C1)C(=O)C(F)(F)C(F)(F)F,1.773061155
N[C@H](CC(F)(F)C(F)(F)F)C(O)=O,0.895509938
[O-][N+](=O)C1=CC=C(\C=N\NC(=O)C(F)(F)C(F)(F)C(F)(F)C(F)(F)C(F)(F)C(F)(F)F)C=C1,1.923277815
FC(F)C(F)(F)CS,1.299256013
FC(F)(F)C(F)(F)C(F)(C(F)(F)C(F)(F)F)C(F)(F)C(F)(F)F,2.349483379
C[N+](C)(CCO)CCCN(CCO)S(=O)(=O)C(F)(F)C(F)(F)C(F)(F)C(F)(F)C(F)(F)C(F)(F)C(F)(F)F,1.66694775
NC1=C(F)C=C(C=C1)S(=O)C(F)(F)C(F)F,1.268596271
CC1(C)CC(C)(Br)C(Br)C(=O)C1C(O)(C(F)(F)F)C(F)(F)F,1.862706768
OC(=O)CCCCCCCCC1CC(F)(F)C1(F)F,1.778257466
CN(C)N=C(CC(O)(C(F)(F)F)C(F)(F)Cl)CC(O)(C(F)(F)F)C(F)(F)Cl,1.566489068
OC(C1CCC(C1=O)C(O)(C(F)(F)F)C(F)(F)Cl)(C(F)(F)F)C(F)(F)Cl,1.388980489
CC(=O)OC(CC(=O)CC(O)(C(F)(F)F)C(F)(F)F)(C(F)(F)F)C(F)(F)F,1.474465819
FC1(F)SC2C3CCC(C3)C2SC1(F)F,2.00942119
OC(=NC1=C(Br)C=C(C=C1)N(=O)=O)C(F)(C(F)(F)F)C(F)(F)C(F)(F)C(F)(F)F,1.833392633
[H][C@@]1(C=O)[C@@]([H])(C(Cl)=O)C1(C(F)(F)F)C(F)(F)F,2.134114842
FC(SC1=CC=CC=C1)C(F)(F)F,1.999413173
FC(F)(F)C(F)(F)C(F)(F)S(Cl)(=O)=O,1.094209519
CC(=O)C1=CC=CC=C1OC(F)(F)C(F)F,2.150800824
NC1=NC=NC(=N1)C(F)(F)C(F)(F)F,0.868081913
FC(F)(F)C(F)(F)C(F)(F)C(F)(F)C(F)(F)C(F)(F)C1=CC=C(C=C1)P(C1=CC=CC=C1)C1=CC=CC=C1,2.823716906
FC(F)(Cl)C(F)(F)C1=CC=CC=C1,2.201672192
FC(F)(F)C(F)(F)OC1=CC(OC(F)(F)C(F)(F)F)=CC(OC(F)(F)C(F)(F)F)=C1,2.963729883
CC(=O)SCC(F)(F)C(F)(F)F,1.489763242
FC(F)C(F)(F)C1=NCCCN1,0.731003896
CC(O)(C1=CC=CC=C1)C(F)(F)C(F)(F)F,1.584087546
OC\C(I)=C(\F)C(F)(F)C(F)(F)C(F)(F)C(F)(F)C(F)(F)C(F)(F)F,2.148710128
FC(C(=O)C(F)(F)F)C(F)(F)ONC1=CC=CC(Cl)=C1,1.906017924
OCCC(F)(OC(F)(F)F)C(F)(F)F,1.284533261
FC(F)(F)C1(F)CCNCC1,1.041887401
CC(F)(C1=CC=C(O)C=C1)C(F)(F)F,1.760787372
OC1=CC=C(OCCC(F)(F)C(F)(F)C(F)(F)C(F)(F)C(F)(F)C(F)(F)C(F)(F)C(F)(F)F)C=C1,2.161683704
CCOC(=O)\C=C\C(F)(F)C(F)(F)C(F)(F)C(F)(F)C(F)(F)C(F)(F)C(F)(F)F,2.270754123
OC1=C(Cl)C(=O)C(F)(F)C1(F)F,1.291982071
OC(CNCC1=CC=CC=C1)COCC(F)(F)C(F)F,1.329996577
FC(F)(F)OC(F)(F)C(F)(F)C(=O)OOC(=O)C(F)(F)C(F)(F)OC(F)(F)F,1.592266083
CNCCCNCCC(=O)OCC(F)(F)C(F)(F)C(F)(F)C(F)(F)COC(=O)C=C,1.233877616
OC(=O)CCSCCC(F)(F)C(F)(F)C(F)(F)C(F)(F)F,1.612609822
OS(=O)(=O)C(F)(F)C(F)(F)C(F)(F)C(F)(F)C(F)(F)C(F)(F)C(F)=C(F)C(F)(F)F,1.982183983
CCO[Si](CCCN(CC)S(=O)(=O)C(F)(F)C(F)(F)C(F)(F)C(F)(F)C(F)(F)C(F)(F)C(F)(F)C(F)(F)F)(OCC)OCC,1.678775298
CO[Si](CCCNC(=O)C(F)(F)C(F)(F)C(F)(F)C(F)(F)F)(OC)OC,1.235814272
FC(C(F)(F)F)C(F)(F)C=C,1.991806351
[NH4+].[O-]S(=O)(=O)C1=CC=C(OC(F)(F)C(F)(F)C(F)(F)C(F)(F)C(F)(F)C(F)(F)C(F)(F)C(F)(F)F)C=C1,1.60503456
CCCCCCN(CC(O)CO)S(=O)(=O)C(F)(F)C(F)(F)C(F)(F)C(F)(F)C(F)(F)C(F)(F)C(F)(F)C(F)(F)C(F)(F)C(F)(F)C(F)(F)C(F)(F)F,2.027011551
C[N+](C)([O-])CCC(F)(F)C(F)(F)C(F)(F)C(F)(F)C(F)(F)C(F)(F)C(F)(F)F,2.052620562
OCC(COCCC(F)(F)C(F)(F)C(F)(F)C(F)(F)C(F)(F)C(F)(F)F)OC(=O)C=C,1.762592506
CC(C)OC(=O)C[N+](C)(C)CCCNC(=O)C(F)(F)C(F)(F)C(F)(F)C(F)(F)C(F)(F)C(F)(F)C(F)(F)C(F)(F)C(F)(F)C(F)(F)F,1.887567052
OS(=O)C(F)(F)C(F)(F)F,0.514878762
C[N+](C)(CCC(F)C(F)(F)C(F)(F)C(F)(F)C(F)(F)C(F)(F)C(F)(F)C(F)(F)C(F)(F)C(F)(F)C(F)(F)C(F)(F)C(F)(F)C(F)(F)F)CC([O-])=O,2.28355021
CN(C)CCCNS(=O)(=O)C(F)(F)C(F)(F)C(F)(F)F,0.930124025
CC[N+](CC)(CC)CCCNS(=O)(=O)C(F)(F)C(F)(F)C(F)(F)C(F)(F)C(F)(F)C(F)(F)C(F)(F)C(F)(F)F,1.523431795
CC(F)(F)C(F)(F)C(F)(F)C(F)(F)C(F)(F)F,2.337160798
CC(F)(F)C(F)(F)C(F)(F)C(F)(F)C(F)(F)C(F)(F)C(F)(F)C(F)(F)F,2.485847893
OP(O)(=O)OCC(F)(F)C(F)(F)C(F)(F)C(F)F,1.395154813
CC[N+](CC)(CC)CC.[O-]S(=O)(=O)C(F)(F)C(F)(F)C(F)(F)C(F)(F)C(F)(F)C(F)(F)C(F)(F)F,0.939626691
FC(F)(F)C(F)(C(F)(F)CN=C=O)C(F)(F)C(CN=C=O)(C(F)(F)F)C(F)(F)F,2.07119567
COCCN(C)P(=O)(C(F)(F)C(F)(F)C(F)(F)C(F)(F)F)C(F)(F)C(F)(F)C(F)(F)C(F)(F)F,1.950259567
C[N+](C)(CCCN(CCC(O)=O)S(=O)(=O)C(F)(F)C(F)(F)C(F)(F)C(F)(F)C(F)(F)C(F)(F)F)CC(O)=O,1.245213089
[NH4+].[O-]S(=O)C(F)(F)C(F)(F)C(F)(F)C(F)(F)C(F)(F)C(F)(F)C(F)(F)C(F)(F)F,1.56017473
CCCCCCCCNCC(O)COCCC(F)(F)C(F)(F)C(F)(F)C(F)(F)C(F)(F)C(F)(F)F,1.943044975
CN(C)(=O)CCC(F)(F)C(F)(F)C(F)(F)C(F)(F)C(F)(F)C(F)(F)C(F)(F)C(F)(F)F,2.118513203
CCO[Si](CCCOCC(F)(F)C(F)(F)C(F)(F)C(F)(F)C(F)(F)C(F)(F)C(F)(F)F)(OCC)OCC,1.861396355
CO[Si](CCCNC(=O)C(F)(F)C(F)(F)C(F)(F)C(F)(F)C(F)(F)C(F)(F)C(F)(F)C(F)(F)C(F)(F)C(F)(F)C(F)(F)F)(OC)OC,1.928247015
CCC[Si](Cl)(CCC(F)(F)F)CCC(F)(F)C(F)(F)C(F)(F)F,2.322111546
CO[Si](C)(C)CCC(F)(F)C(F)(F)C(F)(F)F,1.869209405
CCC[Si](CCC)(CCC(F)(F)C(F)(F)C(F)(F)C(F)(F)C(F)(F)F)OC,2.089086068
CCC[Si](CCC(F)(F)F)(CCC(F)(F)C(F)(F)F)OC,2.064138308
C[N+](C)(C)CCCS(=O)(=O)C(F)(F)C(F)(F)C(F)(F)C(F)(F)C(F)(F)C(F)(F)F,1.696410976
[NH4+].[NH4+].CC(CC(F)(F)C(F)(F)C(F)(F)C(F)(F)C(F)(F)C(F)(F)C(F)(C(F)(F)F)C(F)(F)F)OP([O-])([O-])=O,1.201960499
FC(F)(F)C(F)(F)C(F)(F)C(F)(F)C(F)(F)C(F)(F)C(F)(F)C(F)(F)S(=O)(=O)ON1C(=O)C2=CC=CC3=CC=CC(C1=O)=C23,1.840473486
FC(F)(F)C(F)(F)C(F)(F)C(F)(F)S(=O)(=O)ON1C(=O)C2=C(C1=O)C1=C(C=C2)C(=O)C2=C(S1)C=CC=C2,1.804255496
C[N+](C)(C)CCCNC(=O)CSCCC(F)(F)C(F)(F)C(F)(F)C(F)(F)C(F)(F)C(F)(F)C(F)(F)C(F)(F)F,1.957667792
CC[NH+](CC)CC.[O-]S(=O)(=O)C(F)(F)C(F)(F)C(F)(F)C(F)(F)C(F)(F)C(F)(F)F,0.884142313
FC(F)(F)C(F)(F)C(F)(F)C(=NOS(=O)(=O)C(F)(F)C(F)(F)C(F)(F)C(F)(F)F)C1=CC2=C(C=C1)C1=CC=CC=C1C2,2.485928124
OC(=O)C1=C(OC(F)(F)C(F)C(F)(F)F)C=C(OC(F)(F)C(F)C(F)(F)F)C=C1,2.182419071
OC(=O)C1=CC(OC(F)(F)C(F)Cl)=C(OC(F)(F)C(F)Cl)C(OC(F)(F)C(F)Cl)=C1,2.366829419
CN(C)CCCNS(=O)(=O)CCC(F)(F)C(F)(F)C(F)(F)C(F)(F)C(F)(F)C(F)(F)C(F)(F)C(F)(F)C(F)(F)C(F)(F)C(F)(F)C(F)(F)F,2.044764861
CCCCN(CC(O)=O)S(=O)(=O)C(F)(F)C(F)(F)C(F)(F)C(F)(F)F,1.359562406
[Cl-].C[N+](C)(CCO)CCCNC(=O)C(F)(F)C(F)(F)C(F)(F)C(F)(F)C(F)(F)C(F)(F)F,0.998403962
C[N+](C)(CCCNS(=O)(=O)C1=CC=C(OC(F)(F)C(F)(F)C(F)(F)C(F)(F)C(F)(F)C(F)(F)C(F)(F)C(F)(F)F)C=C1)CC([O-])=O,1.63261314
C[N+](C)(C)CCOCCCNS(=O)(=O)C(F)(F)C(F)(F)C(F)(F)C(F)(F)C(F)(F)C(F)(F)C(F)(F)C(F)(F)F,1.726369426
OC(=O)C(F)(F)C(F)C(F)(F)OC(F)(F)C(F)(F)OC(F)(F)OC(F)(F)OC(F)(F)OC(F)(F)F,1.561202989
OC(=O)COC(F)(F)C(F)OC(F)(F)C(F)(F)C(F)(F)OC(F)(F)F,1.426165518
OC(CC(F)(F)C(F)(F)C(F)(F)F)S(O)(=O)=O,1.235418229
C[C@H](CCO)C(F)(F)F,1.41874041
OC(CC(F)(F)C(F)(F)C(F)(F)C(F)(F)C(F)(F)F)S([O-])(=O)=O,1.457559381
CC[N+](C)(C)CCC(F)(F)C(F)(F)C(F)(F)C(F)(F)F,1.776316057
OCC(SCCC(O)=O)C(CO)C(F)(F)C(F)(F)C(F)(F)C(F)(F)C(F)(F)C(F)(F)C(F)(F)C(F)(F)C(F)(F)C(F)(F)C(F)(F)C(F)(F)C(F)(F)C(F)(F)F,2.08032968
CC(=O)N[C@@H](CSC(F)=C(F)C(F)(F)F)C(O)=O,0.53980733
OC(CC(F)(F)C(F)(F)C(F)(F)C(F)(F)C(F)(F)C(F)(F)C(F)(F)C(F)(F)C(F)(F)C(F)(F)C(F)(F)C(F)(F)C(F)(F)C(F)(F)C(F)(F)F)S(O)(=O)=O,2.314275692
OS(=O)(=O)OCCC(F)(F)C(F)(F)F,0.949687466
CN(CCCNS(=O)(=O)CCC(F)(F)C(F)(F)C(F)(F)C(F)(F)C(F)(F)C(F)(F)F)CC(O)=O,1.426217569
CNCCCNS(=O)(=O)CCC(F)(F)C(F)(F)F,0.630476159
CC(C)OC(=O)C[N+](C)(C)CCCNC(=O)C(F)(F)C(F)(F)C(F)(F)C(F)(F)C(F)(F)C(F)(F)C(F)(F)C(F)(F)C(F)(F)C(F)(F)C(F)(F)C(F)(F)C(F)(F)C(F)(F)F,2.074324511
CC(C)OC(=O)C[N+](C)(C)CCCNC(=O)C(F)(F)C(F)(F)C(F)(F)C(F)(F)C(F)(F)C(F)(F)C(F)(F)C(F)(F)C(F)(F)C(F)(F)C(F)(F)F,1.94791121
CNS(=O)(=O)C(F)(F)C(F)(F)C(F)(F)C(F)(F)C(F)(F)C(F)(F)C(F)(F)C(F)(F)C(F)(F)C(F)(F)C(F)(F)C(F)(F)F,2.092597844
CN(C)CCCN(CCC(O)=O)S(=O)(=O)C(F)(F)C(F)(F)C(F)(F)C(F)(F)C(F)(F)C(F)(F)C(F)(F)C(F)(F)C(F)(F)C(F)(F)C(F)(F)C(F)(F)F,1.844351192
CN(CC(O)=O)S(=O)(=O)C(F)(F)C(F)(F)C(F)(F)F,1.023776569
C[N+](C)(CCCNC(=O)C(F)(F)C(F)(F)C(F)(F)C(F)(F)C(F)(F)F)CC([O-])=O,1.335153585
OS(=O)C(F)(F)C(F)(F)C(F)(F)C(F)(F)C(F)(F)F,1.547932719
OS(=O)(=O)OC(F)(F)C(F)(F)C(F)(F)C(F)(F)C(F)(F)C(F)(F)C(F)(F)F,1.822235948
C[N+](C)(CCCNS(=O)(=O)C(F)(F)C(F)(F)C(F)(F)C(F)(F)C(F)(F)C(F)(F)C(F)(F)C(F)(F)C(F)(F)C(F)(F)C(F)(F)C(F)(F)C(F)(F)C(F)(F)F)CCC([O-])=O,1.919979579
C[N+](C)(CCCN(CCC(O)=O)S(=O)(=O)C(F)(F)C(F)(F)C(F)(F)C(F)(F)C(F)(F)C(F)(F)C(F)(F)C(F)(F)C(F)(F)C(F)(F)C(F)(F)C(F)(F)C(F)(F)F)CCC([O-])=O,1.773870352
OC(=O)C1(F)C(F)(F)C(F)(F)C(F)(C(F)(F)C(F)(F)F)C1(F)F,1.76390358
[O-]S(=O)(=O)C1(F)C(F)(F)C(F)(F)C(F)(F)C(F)(C(F)(F)F)C1(F)F,1.701899851
[O-]S(=O)(=O)C1(F)C(F)(F)C(F)(F)C(F)(F)C(F)(C(F)(F)C(F)(F)C(F)(F)C(F)(F)F)C1(F)F,1.908694401
C[N+](C)(CCCN(CC(O)CS(O)(=O)=O)S(=O)(=O)C(F)(F)C(F)(F)C(F)(F)C(F)(F)C(F)(F)C(F)(F)C(F)(F)C(F)(F)F)CC(O)CS(O)(=O)=O,1.530847947
OS(=O)(=O)C1(F)C(F)(F)C(F)(F)C(F)(F)C(F)(C(F)(F)C(F)(F)C(F)(F)C(F)(F)F)C1(F)F,2.024246876
OC(=O)C(F)(F)C(F)(Cl)C(F)(F)C(F)(F)C(F)(F)C(F)(F)C(F)(F)C(F)(F)C(F)(F)C(F)(F)F,1.970110815
C[N+](C)(CCCNS(=O)(=O)C(F)(F)C(F)(F)F)CC([O-])=O,0.629520907
OS(=O)(=O)CCCNS(=O)(=O)C(F)(F)C(F)(F)C(F)(F)C(F)(F)C(F)(F)C(F)(F)C(F)(F)F,1.488985817
C[N+](C)(CCCN(CC(O)=O)S(=O)(=O)C(F)(F)C(F)(F)C(F)(F)C(F)(F)C(F)(F)C(F)(F)C(F)(F)C(F)(F)C(F)(F)F)CCCS([O-])(=O)=O,1.483248052
C[N+](C)(CCCN(CC(O)=O)S(=O)(=O)C(F)(F)C(F)(F)C(F)(F)C(F)(F)C(F)(F)C(F)(F)C(F)(F)F)CCCS([O-])(=O)=O,1.260946481
C[N+](C)(CCCNS(=O)(=O)C(F)(F)C(F)(F)C(F)(F)C(F)(F)C(F)(F)C(F)(F)C(F)(F)C(F)(F)C(F)(F)C(F)(F)C(F)(F)C(F)(F)F)CC([O-])=O,1.884513763
C[N+](C)(CCCN(CC(O)=O)S(=O)(=O)C(F)(F)C(F)(F)C(F)(F)C(F)(F)C(F)(F)C(F)(F)C(F)(F)F)CC([O-])=O,1.527892412
CN(CCC[N+](C)(C)CCCS([O-])(=O)=O)S(=O)(=O)C(F)(F)C(F)(F)C(F)(F)C(F)(F)C(F)(F)C(F)(F)C(F)(F)F,1.285418422
C[N+](C)(CCCN(CCCS(O)(=O)=O)S(=O)(=O)C(F)(F)C(F)(F)C(F)(F)C(F)(F)C(F)(F)C(F)(F)C(F)(F)C(F)(F)C(F)(F)C(F)(F)C(F)(F)F)CCCS(O)(=O)=O,1.748434731
FC1=C(F)C(F)=C(C(F)=C1F)[Si](Cl)(Cl)CCC(F)(F)C(F)(F)C(F)(F)C(F)(F)C(F)(F)C(F)(F)C(F)(F)C(F)(F)F,2.798196006
OC(=O)C(F)(F)OC(F)(F)C(F)(F)C(F)(F)C(F)(F)C(F)(F)C(F)(F)C(\F)=C(/F)C(F)(F)C(F)(F)F,2.091944853
OC(=O)C(F)C(F)(F)C(F)(F)C(F)(F)C(F)(F)C(F)(F)C(F)(F)C(F)(F)C(F)(F)C(F)(F)C(F)(F)C(F)(F)C(F)(F)C(F)(F)C(F)(F)C(F)(F)F,2.245556174
C[N+](C)(C)CCCN(CCC([O-])=O)S(=O)(=O)C(F)(F)C(F)(F)C(F)(F)C(F)(F)C(F)(F)C(F)(F)C(F)(F)C(F)(F)F,1.607891866
CN(CCC[N+](C)(C)C)S(=O)(=O)C(F)(F)C(F)(F)C(F)(F)F,1.202729179
CN(CCC[N+](C)(C)C)S(=O)(=O)C(F)(F)C(F)(F)C(F)(F)C(F)(F)C(F)(F)C(F)(F)C(F)(F)C(F)(F)C(F)(F)C(F)(F)C(F)(F)C(F)(F)F,2.05481349
OS(=O)(=O)C(F)(F)C(F)(F)C(F)(F)C(F)(F)C(F)(F)C(F)(F)C(\F)=C(/F)C(F)(F)C(F)(F)C(F)(F)C(F)(F)C(F)(F)C(F)(F)C(F)(F)F,2.307893122
C[N+](C)(C)CCNCC(F)(F)C(F)(F)C(F)(F)C(F)(F)C(F)(F)C(F)(F)C(F)(F)C(F)(F)C(F)(F)C(F)(F)C(F)(F)C(F)(F)F,2.253858184
CCCC[N+](C)(C)CC(F)(F)C(F)(F)C(F)(F)C(F)(F)C(F)(F)C(F)(F)C(F)(F)C(F)(F)C(F)(F)C(F)(F)C(F)(F)C(F)F,2.334109865
OS(=O)(=O)C(F)(F)C(Cl)(Cl)C(F)(F)C(F)(F)C(F)(F)C(F)(F)F,1.583075385
[O-][N+](=O)C1=C(SC2=C(F)C(F)=C(F)C(F)=C2F)C(F)=C(F)C(F)=C1F,2.912191739
OC(=O)C(F)(F)C(F)(Cl)C(F)(F)C(F)(F)C(F)(F)C(F)(F)C(F)(F)F,1.727572405
C[N+](C)(CCCNS(=O)(=O)C(F)(F)C(F)(F)C(F)(F)C(F)(F)C(F)(F)F)CCC(O)CO,1.185240507
C[N+](C)(C)CC(F)(F)C(F)(F)C(F)(F)C(F)(F)C(F)(F)C(F)(F)C(F)(F)C(F)(F)C(F)(F)C(F)F,2.313128756
C[N+](C)(CC(F)C(F)(F)C(F)(F)C(F)(F)C(F)(F)C(F)(F)C(F)(F)F)CC(O)=O,1.890513382
C[N+](C)(CCCNS(=O)(=O)C(F)(F)C(F)(F)C(F)(F)C(F)(F)C(F)(F)C(F)(F)C(F)(F)C(F)(F)C(F)(F)C(F)(F)F)CCC(O)CO,1.697644755
C[N+](C)(CCC(CO)N(CCCS([O-])(=O)=O)S(=O)(=O)C(F)(F)C(F)(F)C(F)(F)C(F)(F)C(F)(F)C(F)(F)C(F)(F)C(F)(F)C(F)(F)C(F)(F)F)CC(O)CO,1.535634938
CCN(CCC[N+](C)(C)CC)S(=O)(=O)C(F)(F)C(F)(F)C(F)(F)C(F)(F)C(F)(F)C(F)(F)C(F)(F)C(F)(F)C(F)(F)C(F)(F)C(F)(F)F,1.8844505
CCN(CC(O)=O)S(=O)(=O)C(F)(F)C(F)(F)F,0.696681581
C[N+](C)(CC(F)C(F)(F)C(F)(F)C(F)(F)C(F)(F)C(F)(F)C(F)(F)C(F)(F)C(F)(F)C(F)(F)C(F)(F)C(F)(F)F)CC(O)=O,2.200623824
OS(=O)(=O)CC(F)(F)C(F)(F)C(F)(F)C(F)(F)C(F)(F)C(F)(F)F,1.782090535
C[N+](C)(CCO)CC(O)CNS(=O)(=O)C(F)(F)C(F)(F)C(F)(F)C(F)(F)C(F)(F)C(F)(F)C(F)(F)C(F)(F)C(F)(F)F,1.781756894
C[N+](C)(CCO)CCCNS(=O)(=O)C(F)(F)C(F)(F)C(F)(F)C(F)(F)C(F)(F)C(F)(F)C(F)(F)C(F)(F)C(F)(F)C(F)(F)F,1.808474955
C[N+](C)(CCO)CCCN(CCO)S(=O)(=O)C(F)(F)C(F)(F)C(F)(F)C(F)(F)C(F)(F)C(F)(F)C(F)(F)C(F)(F)C(F)(F)C(F)(F)C(F)(F)F,1.951454192
C[N+](C)(CCO)CCCN(CC(O)CS([O-])(=O)=O)S(=O)(=O)C(F)(F)C(F)(F)C(F)(F)C(F)(F)C(F)(F)C(F)(F)C(F)(F)F,1.338554257
C[N+](C)(CCO)CCCN(CCCS([O-])(=O)=O)S(=O)(=O)C(F)(F)C(F)(F)C(F)(F)C(F)(F)C(F)(F)C(F)(F)C(F)(F)C(F)(F)C(F)(F)C(F)(F)F,1.603002675
C[N+](C)(C)CCCNC(=O)CS(=O)CCC(F)(F)C(F)(F)C(F)(F)C(F)(F)C(F)(F)C(F)(F)C(F)(F)C(F)(F)C(F)(F)C(F)(F)F,1.940319883
OS(=O)(=O)C(F)(F)S(F)(F)(F)(F)F,0.921317287
OS(=O)(=O)C(F)(F)C(F)(F)C(F)(F)C(F)(F)C(F)(F)C(F)(F)C(F)(F)C(F)(F)C(F)(F)C(F)(F)C(F)(F)S(F)(F)(F)(F)F,2.100833797
OC(=O)CCS(=O)CCC(F)(F)C(F)(F)C(F)(F)C(F)(F)C(F)(F)C(F)(F)C(F)(F)C(F)(F)C(F)(F)C(F)(F)C(F)(F)C(F)(F)F,2.049764618
C[N+](C)(C)CC(O)CS(=O)(=O)CCC(F)(F)C(F)(F)C(F)(F)C(F)(F)C(F)(F)C(F)(F)C(F)(F)C(F)(F)C(F)(F)C(F)(F)F,1.99671476
OC(=O)CCS(=O)(=O)CCC(F)(F)C(F)(F)C(F)(F)C(F)(F)C(F)(F)C(F)(F)C(F)(F)C(F)(F)C(F)(F)C(F)(F)F,1.870687046
CC(C)(CS(O)(=O)=O)NC(=O)CCS(=O)(=O)CCC(F)(F)C(F)(F)C(F)(F)C(F)(F)C(F)(F)C(F)(F)C(F)(F)C(F)(F)C(F)(F)C(F)(F)F,1.747612606
FC(F)(F)C(F)(F)C(F)(F)C(F)(F)C(F)(F)C(F)(F)C(F)(F)C(F)(F)C(F)(F)C(F)(F)C(F)(F)C(F)(F)C(F)(F)C(F)(F)CCSC(=O)NCCCCCC=O,2.128571486
OC(=O)CCCCNC(=O)SCCC(F)(F)C(F)(F)C(F)(F)C(F)(F)C(F)(F)C(F)(F)C(F)(F)C(F)(F)C(F)(F)C(F)(F)C(F)(F)C(F)(F)F,1.953574632
C[N+](C)(CCC(F)C(F)(F)C(F)(F)C(F)(F)F)CC([O-])=O,1.590152804
C[N+](C)(CCC(F)C(F)(F)C(F)(F)C(F)(F)C(F)(F)C(F)(F)C(F)(F)C(F)(F)C(F)(F)C(F)(F)C(F)(F)C(F)(F)C(F)(F)C(F)(F)F)CC(O)=O,2.267197489
OCC(SCCC(O)=O)C(O)C(F)(F)C(F)(F)C(F)(F)C(F)(F)C(F)(F)C(F)(F)C(F)(F)C(F)(F)C(F)(F)C(F)(F)C(F)(F)C(F)(F)F,1.982622735
OC(=O)C=C(F)C(F)(F)C(F)(F)C(F)(F)C(F)(F)F,1.598467383
[H]\C(C(O)=O)=C(\F)C(F)(F)C(F)(F)C(F)(F)C(F)(F)C(F)(F)F,1.915819282
OC(=O)C=C(F)C(F)(F)C(F)(F)C(F)(F)C(F)(F)C(F)(F)C(F)(F)C(F)(F)C(F)(F)C(F)(F)C(F)(F)F,2.131603176
OS(=O)(=O)CC=C(F)C(F)(F)C(F)(F)C(F)(F)C(F)(F)C(F)(F)C(F)(F)C(F)(F)F,2.074547554
CC(=O)OC(C(CO)C(F)(F)C(F)(F)C(F)(F)C(F)(F)C(F)(F)C(F)(F)C(F)(F)C(F)(F)C(F)(F)C(F)(F)C(F)(F)C(F)(F)C(F)(F)C(F)(F)F)C(CO)[N+](C)(C)CC([O-])=O,1.882834921
C[N+](C)(CCCC(F)(F)C(F)(F)C(F)(F)C(F)(F)C(F)(F)C(F)(F)C(F)(F)C(F)(F)C(F)(F)C(F)(F)F)CC([O-])=O,2.162570216
OC(=O)CCC(F)(F)C(F)(F)C(F)(F)C(F)(F)C(F)(F)C(F)(F)C(F)(F)C(F)(F)C(F)(F)F,2.028320005
OC(=O)CCC(F)(F)C(F)(F)C(F)(F)C(F)(F)C(F)(F)C(F)(F)C(F)(F)C(F)(F)C(F)(F)C(F)(F)C(F)(F)F,2.125490788
OS(=O)(=O)CCCC(F)(F)C(F)(F)C(F)(F)F,1.286114476
OS(=O)(=O)CCCC(F)(F)C(F)(F)C(F)(F)C(F)(F)C(F)(F)C(F)(F)C(F)(F)C(F)(F)F,2.037351836
OC(C(O)=O)C(=O)SC(=O)CCC(F)(F)C(F)(F)C(F)(F)C(F)(F)F,1.265936226
OC(C(O)=O)C(=O)SC(=O)CCC(F)(F)C(F)(F)C(F)(F)C(F)(F)C(F)(F)C(F)(F)F,1.566534317
OC(CSC(=O)CCC(F)(F)C(F)(F)C(F)(F)C(F)(F)C(F)(F)C(F)(F)C(F)(F)C(F)(F)C(F)(F)C(F)(F)C(F)(F)C(F)(F)F)C(O)=O,2.043950066
CC(=O)OC(C(O)[N+](C)(C)CC([O-])=O)C(CO)C(F)(F)C(F)(F)F,0.677435346
CN(C)CC(OCO)C(OC=O)C(F)(F)C(F)(F)C(F)(F)C(F)(F)F,1.434538612
CN(C)CC(O)CC(F)(F)C(F)(F)C(F)(F)C(F)(F)C(F)(F)C(F)(F)C(F)(F)C(F)(F)C(F)(F)C(F)(F)C(F)(F)C(F)(F)F,2.30279146
C[N+](C)(C)CC(O)CC(F)(F)C(F)(F)C(F)(F)C(F)(F)C(F)(F)C(F)(F)C(F)(F)C(F)(F)F,2.10769036
C[N+](C)(C)CC(O)CC(F)(F)C(F)(F)C(F)(F)C(F)(F)C(F)(F)C(F)(F)C(F)(F)C(F)(F)C(F)(F)C(F)(F)C(F)(F)C(F)(F)F,2.304250616
C[N+](C)(CCC(O)=O)CC(O)CC(F)(F)C(F)(F)C(F)(F)C(F)(F)C(F)(F)C(F)(F)C(F)(F)C(F)(F)F,1.782301675
C[N+](C)(CC(O)CC(F)(F)C(F)(F)C(F)(F)C(F)(F)F)CC([O-])=O,1.586040637
CN(C)CC(O)C=C(F)C(F)(F)C(F)(F)C(F)(F)C(F)(F)C(F)(F)C(F)(F)C(F)(F)C(F)(F)C(F)(F)F,2.277141615
CN(C)CC(O)C=C(F)C(F)(F)C(F)(F)C(F)(F)C(F)(F)C(F)(F)C(F)(F)C(F)(F)C(F)(F)C(F)(F)C(F)(F)C(F)(F)C(F)(F)C(F)(F)F,2.409778661
OS(=O)(=O)C(F)(Cl)C(F)(F)C(F)(F)C(F)(F)C(F)(F)C(F)(F)C(F)(F)C(F)(F)C(F)(F)F,1.945046708
OS(=O)(=O)C(F)(Cl)C(F)(F)C(F)(F)C(F)(F)C(F)(F)C(F)(F)C(F)(F)C(F)(F)C(F)(F)C(F)(F)C(F)(F)C(F)(F)C(F)(F)C(F)(F)C(F)(F)F,2.249040161
CN(CC(O)=O)S(=O)(=O)C(F)(F)C(F)(F)C(F)(F)C(F)(F)C(F)(F)C(F)(F)C(F)(F)C(F)(F)C(F)(F)F,1.897861871
CN(CC(O)=O)S(=O)(=O)C(F)(F)C(F)(F)C(F)(F)C(F)(F)C(F)(F)C(F)(F)C(F)(F)C(F)(F)C(F)(F)C(F)(F)C(F)(F)C(F)(F)C(F)(F)C(F)(F)F,2.147392653
C[N+](C)(CCC(F)(F)C(F)(F)C(F)(F)C(F)(F)C(F)(F)C(F)(F)C(F)(F)C(F)(F)C(F)(F)C(F)(F)C(F)(F)C(F)(F)F)CC([O-])=O,2.231635353
FC(F)CC(F)C(F)F,1.749906647
FC(F)(F)C(F)(Cl)OC(F)(F)Cl,1.665553382
FC(Cl)C(F)(F)OC(F)(F)Cl,1.54615175
FC(F)C(F)(F)C(F)(F)C(F)(F)C(F)(F)C(F)(F)C(=O)NC1=CC(NC(=O)C(F)(F)C(F)(F)C(F)(F)C(F)(F)C(F)(F)C(F)F)=C(C=C1)N=NC1=CC=CC=C1,1.929663701
CCN(CCO)C1=CC=C(C=C1)N=NC1=C(C=C(C=C1)S(=O)(=O)OCC(F)(F)C(F)F)S(=O)(=O)OCC(F)(F)C(F)F,1.256501117
FC(F)C(F)(F)SC1=CC(F)=C(NC(=O)NC(=O)C2=C(F)C=CC=C2F)C=C1,1.843656036
FC(F)C(F)(F)SC1=C(Cl)C=C(NC(=O)NC(=O)C2=C(F)C=CC=C2F)C(Cl)=C1,2.26796919
CC1=C(N)C=CC(SC(F)(F)C(F)F)=C1,1.542983914
CC1=C(N)C=CC(SC(F)(F)C(F)F)=C1C,1.788150227
CC1=C(C=CC(NC(=O)NC(=O)C2=C(F)C=CC=C2F)=C1)S(=O)(=O)C(F)(F)C(F)F,1.24298445
CC1=CC(C)=C(C(=O)CC(O)(C(F)(F)F)C(F)(F)F)C(C)=C1,1.423391147
OCCN(CCO)OP(=O)(OCCC(F)(F)C(F)(F)C(F)(F)C(F)(F)C(F)(F)C(F)(F)C(F)(F)C(F)(F)C(F)(F)F)ON(CCO)CCO,1.845573542
OC(CC(=O)CC(O)(C(F)(F)Cl)C(F)(F)Cl)(C(F)(F)Cl)C(F)(F)Cl,1.170022553
ON=C(CC(O)(C(F)(F)F)C(F)(F)F)CC(O)(C(F)(F)F)C(F)(F)F,1.451138279
CC(=O)CC(Cl)(C(F)(F)F)C(F)(F)F,1.554228129
OC(CC1=NN(C(CC(O)(C(F)(F)F)C(F)(F)F)=C1)C1=CC=CC=C1)(C(F)(F)F)C(F)(F)F,1.722635704
OCC(C1=CC(=NC(=C1)C(CO)(C(F)(F)F)C(F)(F)F)C(CO)(C(F)(F)F)C(F)(F)F)(C(F)(F)F)C(F)(F)F,1.909589147
CN(C)C1=CC2=C(C=C1)N=C(CC(O)(C(F)(F)F)C(F)(F)F)C=C2,1.80954975
FC1=C(F)C(F)=C(SC2=C(F)C(F)=C(F)C(F)=C2F)C(F)=C1F,3.125474946
FC(F)=C(F)CCBr,1.498902734
FC1(F)OC(F)(F)C(F)(F)N(C1(F)F)C1(F)C(F)(F)C(F)(F)C(F)(F)C(F)(F)C1(F)F,2.090881845
FC1=C(F)C(Cl)=C(F)C(Cl)=C1F,3.271911981
FC(F)(F)C(F)(F)C(F)(F)C(F)(F)C(F)(F)C(F)(F)CCCCCCCCCCCOP(=O)(N1CCOCC1)N1CCOCC1,1.714908071
CC(=O)N(C(=O)C1=CC(=CC(=C1)C(F)(F)F)C(F)(F)F)C1=NC(=C(Cl)S1)C(F)(F)F,2.299702967
FC(F)(F)C1=C(Cl)SC(=N1)N(CCl)C(=O)C1=CC(=CC(=C1)C(F)(F)F)C(F)(F)F,2.415418449
FC(F)(F)C1=CC(=CC(=C1)[N+]#[C-])C(F)(F)F,1.951146239
CCCCCCCCCCC(F)(F)C(F)(F)C(F)(F)C(F)(F)C(F)(F)C(F)(F)F,2.377594149
OC(=O)COC1=C(F)C(F)=C(F)C(F)=C1F,1.792700359
FC1=C(F)C2=C(F)C(F)=C3C(F)=C(F)C(F)=C4C(F)=C(F)C(=C1F)C2=C34,3.364342934
COC(=O)C(F)(F)C(F)(F)C(F)(F)C(=O)OC,1.147940475
CC(C)(C1=CC=C(OC(F)(F)C(F)F)C=C1)C1=CC=C(OC(F)(F)C(F)F)C=C1,3.193378275
OC(=O)CC(O)(C(F)(F)F)C(F)(F)F,0.693186229
FC(F)(F)C(Cl)(Cl)C(F)(F)F,2.011652929
OC(CC=O)(C(F)(F)Cl)C(F)(F)Cl,1.071418417
FC1=NC(F)=C(Cl)C(F)=C1F,2.208571828
FC(F)(C=C)C(F)(F)C(F)(F)C(F)(F)C(F)(F)C(F)(F)C=C,2.470238714
FC(F)(F)C(F)(F)C(F)(F)C(F)(F)C(F)(F)C(F)(F)C(F)(F)C(=O)NC1=C(NC(=O)C(F)(F)C(F)(F)C(F)(F)C(F)(F)C(F)(F)C(F)(F)C(F)(F)F)C=C(C=C1)S(Cl)(=O)=O,1.707295947
OP(O)(=O)CCC(F)(F)C(F)(F)C(F)(F)C(F)(F)C(F)(F)C(F)(F)F,1.915573889
FC1=NN=C(F)C2=C1C(F)=C(F)C(F)=C2F,2.20547854
COC(=O)C1=CC(=CC(=C1)C(F)(F)F)C(F)(F)F,2.124386059
FC(F)(F)C(F)(F)C(F)(Cl)Cl,1.960535787
FC1=NC2=C(C(F)=N1)C(F)=C(F)C(F)=C2F,1.973080165
FC(F)(F)C(=O)NC1=CC=CC(=C1)C(F)(F)F,2.055464464
FC(F)(F)C1=CC(=CC(Br)=C1)C(F)(F)F,2.71846327
FC(F)(F)C(F)(F)C1(F)C(F)(F)C(F)(F)C(F)(F)C(F)(F)C1(F)F,2.547234046
FC1=C(F)C(Br)=C(F)C(F)=C1Br,2.926243026
FC(F)(F)C(=O)OB(OC(=O)C(F)(F)F)OC(=O)C(F)(F)F,1.693654793
FC(F)(F)C(Br)(Br)Br,1.598109871
[O-][N+](=O)C1=C(Cl)C=CC(=C1)C(=O)C=C(C(F)(F)F)C(F)(F)F,2.371413952
FC(F)C(F)(F)C(F)(F)C(F)(F)C(F)(F)C(F)(F)F,2.360778927
NCC(F)(F)C(F)(F)CN,0.246158665
FC(F)(F)C(F)(F)OC(F)(F)C(F)(F)F,1.952023128
FC(F)(F)C1=CC(=O)C2=C(N1)C(=CC=C2)C(F)(F)F,2.237383278
NC1=C(F)C(F)=C(F)C=C1F,2.047139302
FC(F)(F)C1=NC(=NC(=N1)C(F)(F)F)C(F)(F)F,1.827485968
FC(F)(F)COP(OCC(F)(F)F)OCC(F)(F)F,1.64433836
FC(F)(F)N(C1=CC=CC=C1)C(F)(F)F,1.945554603
FC(F)(F)SSSC(F)(F)F,1.614376362
FC1(F)CCC1(F)F,2.41917207
FC(F)(C#N)C(F)(F)C(F)(F)C#N,1.476238168
OC(=O)C(F)(F)C(F)(F)OC(F)(F)C(F)(F)C(F)(F)F,1.378551301
FC(F)(F)P1P(P(P1C(F)(F)F)C(F)(F)F)C(F)(F)F,1.728159688
FC1=CC=CC(=C1)C(F)(F)F,2.430204575
FC(F)(Cl)N=O,0.304575806
FC(F)C(F)(F)C(F)(F)C(F)(F)C(F)(F)C(F)(F)C(F)(F)C(F)(F)C(Cl)=O,2.184712056
CCCN(CCO)S(=O)(=O)C(F)(F)C(F)(F)C(F)(F)C(F)(F)C(F)(F)C(F)(F)C(F)(F)C(F)(F)F,1.89746943
FC(F)(C1=CC=CC=C1)C(F)(F)C1=CC=CC=C1,2.390424691
FC(F)(F)P(C(F)(F)F)C(F)(F)F,1.484821493
CCOC(=O)C1=C(F)C(F)=C(F)C(F)=C1F,2.26974456
FC(F)(F)SC(=S)SC(F)(F)F,2.360724299
FC(F)(F)C(F)(F)C(F)(F)C(F)(F)C(F)(F)OC(F)(F)C(F)(F)C(F)(F)C(F)(F)C(F)(F)F,2.39798939
FC1=C(F)C(=O)C(F)=C(F)C1=O,1.890817057
[O-][N+](=O)C1=CC(F)=C(F)C(F)=C1F,2.121856754
FC(F)(F)C(F)(F)C(F)(F)C(F)(F)C(F)(F)C(F)(F)C(F)(F)C(F)(F)S(=O)(=O)NC1=CC=CC=C1,1.846569227
FC(F)(F)COP1(OCC(F)(F)F)=NP(OCC(F)(F)F)(OCC(F)(F)F)=NP(OCC(F)(F)F)(OCC(F)(F)F)=NP(OCC(F)(F)F)(OCC(F)(F)F)=N1,1.827144912
FC(F)=C(F)OC(F)(F)C(F)(F)Cl,2.122493575
OP(O)(=O)OCCC(F)(F)C(F)(F)C(F)(F)C(F)(F)C(F)(F)C(F)(F)C(F)(F)C(F)(F)C(F)(F)C(F)(F)F,2.071627614
FC(F)(F)C(F)(F)C1=NC2=C(N1)C=C(Cl)C=C2,2.220906196
CC(=C)C(=O)OCC(F)(F)C(F)(F)C(F)(F)C(F)(F)F,1.966476426
FC(F)=C(F)OC(F)(F)C(F)(F)I,2.183362662
FC(F)(F)C1CCNCC1,1.02251349
O.FC(F)(F)C1NCCN1.FC(F)(F)C1NCCN1,-0.121903575
FC(F)(F)C#CCl,1.98450547
FC(F)(F)CCOCCC(F)(F)F,1.53433806
FC1(F)C(=O)C(F)(F)C1(F)F,2.008766989
FC(F)(F)C1=CC(Cl)=C(C=C1)C(F)(F)C(F)(F)Cl,2.794906069
OC(=O)C1=CC(=CC(=C1)C(F)(F)F)C(F)(F)F,1.409957416
FC(F)C(F)(F)OCCC[Si](Cl)(Cl)C1=CC=CC=C1,2.37549682
FC(F)(F)C(=O)C1=CC=C(C=C1)C(F)(F)F,2.302355238
CC1=NN(C2=NC(=CS2)C2=CC(O)=C(O)C=C2)C(=C1)C(F)(F)C(F)F,1.613826976
OC(=O)C(F)(F)OC(F)F,0.315864594
FC1=CC(F)=C(F)C(S)=C1F,2.392829255
CC1=C(F)C(F)=C(C(F)=C1F)C(F)(F)F,2.801990396
FC(F)(F)C(F)(F)C(F)(F)C(F)(F)C(F)(F)C(F)(F)CCOCCC(F)(F)C(F)(F)C(F)(F)C(F)(F)C(F)(F)C(F)(F)F,2.350684098
CN(C)CC(F)(F)F,1.101256667
NNC1=C(F)C(F)=C(F)C(F)=C1F,2.239702352
FC(F)(F)C1=NC2=C(C=CC=C2C(F)(F)F)C(Cl)=C1,2.860801383
FC(F)(Cl)C(F)(F)C(=O)OCC=C,1.514839429
CC(C)(C(=O)NCC(F)(F)C(F)(F)F)C(=O)N[C@H]1C2=CC=CC=C2C2=CC=CC=C2NC1=O,1.271031508
CCCN(CCO)S(=O)(=O)C(F)(F)C(F)(F)C(F)(F)C(F)(F)C(F)(F)C(F)(F)F,1.741319224
OCCN(CCO)S(=O)(=O)C(F)(F)C(F)(C(F)(F)F)C(F)(F)F,1.465266755
CC(=C)C(=O)OCCC(F)(F)C(F)(F)C(F)(F)C(F)(F)C(F)(F)C(F)(F)C(F)(F)C(F)(F)C(F)(F)C(F)(F)C(F)(F)C(F)(F)C(F)(C(F)(F)F)C(F)(F)F,2.406715179
C[Si](C)(C)O[Si](Cl)(Cl)CCC(F)(F)C(F)(F)C(F)(F)C(F)(F)C(F)(F)C(F)(F)F,2.307557199
CCOC(OCC)[C@@H]1[C@@H](C(=O)OCC)C1(C(F)(F)F)C(F)(F)F,2.117351501
FC(F)(F)C1=CC=CC=C1,2.177383191
FC(F)=C(F)C(F)(F)F,2.07504115
NC1=NC(=NC(=N1)C(F)(F)F)C(F)(F)F,1.174230732
NC(F)(F)C(F)(F)C(F)(F)F,1.250817262
CC(C)(C)O[Si](OCC(F)(F)C(F)(F)C(F)(F)C(F)(F)C(F)(F)C(F)F)(OCC(F)(F)C(F)(F)C(F)(F)C(F)(F)C(F)(F)C(F)F)OC(C)(C)C,2.232532491
FC(F)(F)C(=O)NNC(=O)C(F)(F)F,0.945302433
CCCC(=O)C(F)(F)C(F)(F)F,1.51555834
FC(F)(F)C(F)(F)C(F)(F)C(=O)C1=CC=CC=C1,2.000010791
CCOC(=O)NC1=CC(=CC(=C1)C(F)(F)F)C(F)(F)F,2.216454874
FC(F)(Cl)C(F)(Cl)C(Cl)Cl,1.80145117
CSC(=N)C(F)(F)C(F)(F)F,1.067285104
CC(C)(O)C(F)(F)C(F)(F)C(F)(F)C(F)(F)C(F)(F)C(F)F,1.877685407
FC(F)(F)C1=NOC=N1,0.942708086
C1CN(CCN1)C1=CC=CC=C1.OC(=O)C(F)(F)C(F)(F)C(F)(F)C(F)(F)C(F)(F)F,0.930976358
FC1=C(F)C(F)=C(OCCBr)C(F)=C1F,2.443752928
[O-][N+](=O)CC(C[N+]([O-])=O)C(F)(F)C(F)(F)C(F)(F)F,1.568192509
FC(F)(F)C(F)(C1=NS1(F)C(F)(C(F)(F)F)C(F)(F)F)C(F)(F)F,2.3626201
FC1(F)C(I)=C(I)C1(F)F,3.045363067
OCCC(F)(F)C(F)(F)C(F)(F)C(F)(F)C(F)(F)C(F)(F)C(F)(F)C(F)(F)C(F)(F)C(F)(F)F,2.243001139
FC(F)(F)C(OS(=O)(=O)C1=CC=C(Br)C=C1)(C=C)C(F)(F)F,1.829386205
CN1N=NC(=N1)C(F)(F)F,0.932870977
FC(F)(F)C(=CC(=O)C1=CC=CC=C1)C(F)(F)F,2.308605568
OC(=O)CNC(=O)C1NC(OC1(C(F)(F)F)C(F)(F)F)(C(F)(F)F)C(F)(F)F,1.437576068
CC(C(=O)C1=CC=C(F)C=C1)C(O)(C(F)(F)F)C(F)(F)F,1.791816994
FC1(F)C2CC3=CC=CC=C3C2C1(F)F,3.233473421
OC(=O)C1=C(F)C(F)=C(C(F)=C1F)C1=C(F)C(F)=C(F)C(F)=C1F,2.479801373
C[Si](C)(C)C1=C(F)C(F)=C(F)C(F)=C1F,3.139603718
FC1=C(F)C(F)=C(OC2=C(F)C(OC3=C(F)C(F)=C(F)C(F)=C3F)=C(C#N)C(F)=C2F)C(F)=C1F,3.506565876
FC1=C(F)C(=C(F)C=C1)C1=C(F)C=CC(F)=C1F,3.691100944
FC1=C(F)C(F)=C(C2=NN=C(O2)C2=C(F)C(F)=C(F)C(F)=C2F)C(F)=C1F,3.031791223
FC(F)(F)OOC(F)(F)C(F)(Cl)Cl,1.778405221
CC1=CC(=C(N)C=C1)C(O)(C(F)(F)F)C(F)(F)F,1.492093449
FC(F)(F)C(F)(F)C(F)(F)C(=O)N1CCCC1,1.322371081
CC1=CC(=C(N)C(Br)=C1)C(O)(C(F)(F)F)C(F)(F)F,1.564312437
CN1C(SC(SC11SC(S1)=C(C(F)(F)F)C(F)(F)F)=C(C(F)(F)F)C(F)(F)F)=C(C(F)(F)F)C(F)(F)F,2.763345323
FC(F)(F)C(OP(OC(C(F)(F)F)C(F)(F)F)OC(C(F)(F)F)C(F)(F)F)C(F)(F)F,2.438369127
FC1=C(F)C(F)=C(SN=S=O)C(F)=C1F,2.687279893
CC(C)(C)C1=CC=C(C=C1)C(O)(C(F)(F)F)C(F)(F)F,2.483168625
CC1=CC(=C(I)C(=C1)C(O)(C(F)(F)F)C(F)(F)F)C(O)(C(F)(F)F)C(F)(F)F,1.630391513
FC(F)(F)C1(OS2(OC1(C(F)(F)F)C(F)(F)F)OC(C(F)(F)F)(C(F)(F)F)C(O2)(C(F)(F)F)C(F)(F)F)C(F)(F)F,2.589130694
CP1(OCC(F)(F)F)=NP(OCC(F)(F)F)(OCC(F)(F)F)=NP(OCC(F)(F)F)(OCC(F)(F)F)=N1,1.760379436
CCN(CC)C1(OCC2(CO1)COC(OC2)(C(F)C(F)(F)F)N(CC)CC)C(F)C(F)(F)F,1.098263911
FC(F)(F)C(F)(F)C(F)(F)C(=O)C(=O)C1=CC=CC=C1,1.87150259
FC(F)(F)C(F)(F)C(F)(F)C(F)(F)S(=O)(=O)CS(=O)(=O)C(F)(F)C(F)(F)C(F)(F)C(F)(F)F,1.790111557
CC(C)(C)C1=CC(=CC(OS(=O)(=O)C(F)(F)C(F)(F)C(F)(F)C(F)(F)F)=C1)C(C)(C)C,2.5752874
FC(F)C(F)(F)C(F)(F)C(F)(F)COCC1(COCC(F)(F)C(F)(F)C(F)(F)C(F)F)COC1,2.058870491
CC(C)(C)C1=CC(=NC=C1)C(O)(C(F)(F)F)C(F)(F)F,2.209233998
FC(F)(F)C1=CC(=CC(NC(=O)NC2=CC(=CC(=C2)C(F)(F)F)C(F)(F)F)=C1)C(F)(F)F,2.353915309
FC(F)(F)C1=CC(=CC(S)=C1)C(F)(F)F,2.52715166
OC1=C(F)C=CC(=C1)C(F)(F)F,1.696236614
FC1=CC(=C(Br)C=C1)C(F)(F)F,2.768925076
FC(F)(Br)C(F)(F)C(F)(F)C(F)(F)C(F)(F)C(F)(F)Br,2.266144599
COC(=O)C(F)(F)C(F)(F)C(F)(F)C(F)(F)C(F)(F)F,1.854962822
CCOC(F)(F)C(C(F)(F)F)C(F)(F)F,1.931527416
NCC1=C(F)C=CC(=C1)C(F)(F)F,1.815994786
OCCC(F)(F)C(F)(F)C(F)(F)C(F)(F)CCO,1.312873317
CCCCCCCCOC(=O)C(F)(F)C(F)(F)F,1.921607274
CCCCCCCCCC(=O)OCC(F)(F)C(F)(F)C(F)(F)C(F)(F)C(F)(F)C(F)(F)C(F)(F)C(F)F,2.129432206
CC(C)(O)C(F)(F)C(F)(F)C(F)(F)F,1.42968622
CCCCCCCCCC(=O)OCC(F)(F)C(F)(F)C(F)(F)C(F)F,1.951777266
CCCCOC(=O)C(CC)OC(=O)C(F)(F)C(F)(F)C(F)(F)F,1.558296167
FC(F)(F)C(F)(F)C(F)(F)C(F)(F)C(F)(F)C(F)(F)C(F)(F)C(F)(F)CCS,2.300162721
FC(F)C(F)(F)C(F)(F)C(F)(F)C=O,1.83845981
CC(C)SSC(F)(F)F,1.65171013
FC(F)(F)C1=C(C(F)(F)F)C2(SC12C(F)(F)F)C(F)(F)F,2.640663514
C[Si](C)(C)C(F)(F)F,2.198234976
FC(=CCC(F)(F)C(F)(F)F)C(F)(F)CCC(F)(F)C(F)(F)F,2.443349492
CS(=O)(=O)OCC(F)(F)F,0.386620496
FC(F)(F)C(F)(F)C(F)(F)\C=N\CCC1=CC=CC=C1,2.120917684
OC(=O)C1=C(F)C(F)=CC(F)=C1F,1.552839993
FC(F)(F)C(F)(F)SSC(F)(F)C(F)(F)F,1.953379383
FC(F)(F)CCCCl,1.529641102
FC(F)(F)C(C(=O)NC1=NC2=CC=CC=C2S1)C(F)(F)F,2.084969919
FC1=C(F)C(F)(F)C(F)(F)C(F)=C1F,2.408889529
CC(CC1=CC=CC=C1)NC(=O)C(F)(F)C(F)(F)C(F)(F)F,1.740286255
FC1=C(F)C(=C(F)C(F)=C1S)C(F)(F)F,2.514627466
FC1=C(F)C(C#N)=C(F)C(F)=C1Br,2.05294306
FC(F)(F)C1=C(C(=C(O1)C(F)(F)F)C(F)(F)F)C(F)(F)F,2.839478943
FC(F)(F)C(F)(F)C1=NC(=C(C(=C1C(F)(F)C(F)(F)F)C(F)(F)C(F)(F)F)C(F)(F)C(F)(F)F)C(F)(F)C(F)(F)F,2.901833783
FC(F)(F)C1=CC(=CC(=C1)N1CCNCC1)C(F)(F)F,1.586373687
NC1=NC(OCC(F)(F)F)=NC(OCC(F)(F)F)=N1,1.305212923
FC(F)C(F)(F)COC(=O)CCCC(=O)NC1=CC=C(I)C=C1,1.483067142
OCC1=C(F)C(F)=CC(F)=C1F,1.944662276
FC(F)(F)C(F)(F)C(F)(F)C(F)(F)C1=NN(C(=O)C2=CC=CC=C2)C(=C1)C(F)(F)C(F)(F)C(F)(F)C(F)(F)F,2.336587309
NC(=O)C1=C(C=C(C=C1)C(F)(F)F)C(F)(F)F,1.826811229
ON(C(F)(F)F)C(F)(F)F,0.245052077
NC(CC1=CC(=CC(=C1)C(F)(F)F)C(F)(F)F)C(O)=O,1.445665713
NC(=S)NC1=CC(=CC(=C1)C(F)(F)F)C(F)(F)F,2.071072503
FC(F)(F)C(F)(Br)C(F)(F)F,1.946069368
FC(F)(F)C(F)(F)C(F)(F)C(F)(F)C(F)(F)C(F)(F)C(Br)=C,2.323541002
FC(=O)C(F)(Br)C(F)(F)F,1.272836389
CC1=C(Cl)C(=NN1)C(F)(F)C(F)(F)C(F)(F)F,1.703951974
FC(F)(Cl)C(F)(F)C(F)(F)C(F)(F)C(F)(F)C(F)(F)C(F)(F)C(F)(F)I,2.399116934
FC(F)(Br)CC(F)(F)Br,1.807540384
FC1=C(CBr)C=CC(=C1F)C(F)(F)F,2.410876123
CCOC(=O)C(F)(F)C(F)(F)C(F)(F)C(F)(F)C(F)(F)C(F)(F)C(F)(F)C(F)(F)C(F)(F)C(F)(F)C(F)(F)F,2.258551149
CCOC(=O)C(F)(F)C(F)(F)C(F)(F)C(F)F,1.747750507
FC1=CC(C#N)=C(C=C1)C(F)(F)F,1.968717825
FC1=C(CBr)C=CC=C1C(F)(F)F,2.258568957
FC1=CC(CBr)=CC(=C1)C(F)(F)F,2.323526637
FC(F)(F)C(F)(F)C(F)(F)COCC=C,1.974091648
NC1=C(F)C=C(C=C1)C(F)(F)F,1.802026064
OC(C1=CC(=CC(I)=C1)C(O)(C(F)(F)F)C(F)(F)F)(C(F)(F)F)C(F)(F)F,1.931085061
COC1=CC(=CC(=C1C(O)=O)C(F)(F)F)C(F)(F)F,1.701174265
NC1=CC(=CC(=C1Cl)C(F)(F)F)C(F)(F)F,2.340450524
CN(C)C(F)F,0.659803533
OC1=C(C(=C(C(=C1C(F)(F)F)C(F)(F)F)C(F)(F)F)C(F)(F)F)C(F)(F)F,2.65794466
OC(=O)C(F)(F)OC(F)(F)C(F)(F)OC(F)(F)C(O)=O,0.623356764
FCC(=O)C(F)(F)F,1.016913542
FC(F)(Br)C(F)(Br)Br,1.665330898
FC(F)(F)C1CCCNC1,1.063137511
FC(F)(F)C1=CC=CS1,1.799329822
CC(=O)CC(=O)C(F)(F)C(F)(F)F,0.870012696
NC(=O)C(F)(F)C(F)(F)C(F)(F)C(F)(F)C(F)(F)C(F)(F)F,1.760537046
CC(C)(C)C(=O)CC(=O)C(F)(F)C(F)F,1.402110746
FC(F)(F)C1=CC=CC(=C1)C(F)(F)C(F)(F)C1=CC(=CC=C1)C(F)(F)F,2.698343408
FC(F)(F)C(Cl)=CCI,2.11148644
FC(F)(F)C(I)CCl,1.713946271
FC(F)(F)C(=O)CCl,0.916609555
FC(Br)C(Br)C(F)(F)F,1.611078208
FC1=C(F)C=C(C(C=O)=C1)C(F)(F)F,2.38901957
NC(=O)C1=CC(F)=C(F)C=C1C(F)(F)F,1.907073409
OCC1=C(C(F)=CC=C1)C(F)(F)F,1.835849471
OC1=C(C=CC=C1F)C(F)(F)F,1.616415937
FC(C(F)(F)F)C(F)(F)OCC(F)(F)F,1.910817544
FC(F)(F)C(F)(F)C(F)(F)C(F)(F)C(F)(F)C(F)(F)C(F)(F)C(F)(F)CC1COCC1CI,2.123694378
FC(F)(F)C(F)(F)C(F)(I)C(F)(F)F,2.221846386
COC(=O)C(F)(OC)C(F)(F)F,1.089350874
COC(=O)C(F)(F)C(F)(F)C(F)(F)C(F)(F)C(F)(F)C(F)(F)C(F)(F)C(F)(F)C(F)(F)C(F)(F)C(F)(F)C(F)(F)C(F)(F)C(F)(F)F,2.34918358
FC(F)C(F)(F)C(F)(F)C(F)(F)F,2.167901967
CC1=CC(=NN1)C(F)(F)C(F)(F)C(F)(F)C(F)(F)F,1.704682693
FC1=C(F)C(F)=C(F)C2=C1C1=C2C(F)=C(F)C(F)=C1F,3.895899519
FC(F)=C(F)C(F)(F)C1=C(F)C(F)=C(F)C(F)=C1F,2.966055949
COCC(F)(F)C(F)(F)F,1.556655297
OC(=O)C1(F)C(F)(F)C(F)(F)C(F)(F)C(F)(F)C1(F)F,1.705331407
FC(F)C(F)(F)C(F)(F)C(F)(F)C(F)(F)C(F)(F)C(F)(F)C(F)(F)C(F)(F)C(F)F,2.500800776
FC(F)(F)C(F)(C(F)(F)F)C(F)(F)C(F)(F)C(F)(F)C(F)(F)C(F)(F)C(F)(F)C(F)(F)C(F)(F)C(F)(C(F)(F)F)C(F)(F)F,2.603128494
CC(=C)C(=O)OCC(O)CC(F)(F)C(F)(F)C(F)(F)C(F)(F)C(F)(F)C(F)(F)F,1.787327902
OCCC(F)(F)C(F)(F)C(F)(F)C(F)(F)C(F)(F)C(F)(F)C(F)(C(F)(F)F)C(F)(F)F,2.205573516
OCC(I)CC(F)(F)C(F)(F)C(F)(F)C(F)(F)C(F)(C(F)(F)F)C(F)(F)F,1.955640005
C\C=C\C(F)(F)C(F)(F)C(F)(F)C(F)(F)C(F)(F)C(F)(F)F,2.578565422
FC(F)(F)C(F)(F)C(F)(F)C(F)(F)C(F)(F)C(F)(F)CCS,2.198116425
OC(=O)C(=C)CC(=O)OC(F)(F)C(F)(F)C(F)(F)C(F)(F)C(F)(F)C(F)(F)C(F)(F)C(F)(F)F,1.919825549
CC1=CC(=NN1)C(F)(F)C(F)(F)C(F)(F)C(F)(F)C(F)(F)C(F)(F)C(F)(F)C(F)(F)F,2.026063238
NC1=CC2=C(OC(F)(F)OC2(F)F)C=C1,1.885690717
FC(F)C(F)(F)COC1=C(F)C(F)=C(OCC(F)(F)C(F)F)C(F)=C1F,2.646997498
NC1=CC=C(OC(F)(F)C(F)F)C=C1,2.281376706
FC(F)(F)OC(F)(C=C)C(F)(F)F,1.799383077
FC(F)(Cl)C(F)(Br)C(F)(F)C(F)(Br)C(F)(F)C(F)(Cl)Br,2.274107285
CC1OC1C(F)(F)F,1.781267555
FC1=CC=CC(OC(F)(F)F)=C1,2.742741794
FC(F)(F)C(F)(C=C)C(F)(F)F,2.019664767
FC(F)=C(F)OS(Cl)(=O)=O,0.466929087
FC(F)(F)C1=CC(=CC(=C1)P(C1=CC(=CC(=C1)C(F)(F)F)C(F)(F)F)C1=CC(=CC(=C1)C(F)(F)F)C(F)(F)F)C(F)(F)F,2.938756615
FC(F)(F)C(F)(F)COC(F)(Br)C(F)(Br)C(F)(F)F,1.984029085
C1COCC[NH2+]1.[O-]S(=O)(=O)C(F)(F)C(F)(F)C(F)(F)C(F)(F)F,0.690128409
CC(=C)C(=O)OCC(O)CC(F)(F)C(F)(F)C(F)(F)C(F)(F)C(F)(F)C(F)(F)C(F)(F)C(F)(F)F,1.945304096
COC(=O)C(F)(F)OC(F)(F)C(F)(F)OC(F)(F)C(=O)OC,1.162072204
FC(=CBr)C(F)(F)F,1.690954739
OCC(F)(F)OC(F)(F)C(F)(F)OC(F)(F)C(F)(F)OC(F)(F)C(F)(F)C(F)(F)C(F)(F)F,1.934095515
FC(F)(F)C1=CC(I)=C(C=C1)C(F)(F)F,2.831256003
[O-]\[N+](=N/C1=CC(=CC(=C1)C(F)(F)F)C(F)(F)F)C1=CC(=CC(=C1)C(F)(F)F)C(F)(F)F,2.589836381
CN1C=CC(=N1)C(F)(F)F,1.256025519
OC1=CC=CC=C1OC(F)(F)C(F)(F)F,2.162685472
OC(=O)C1=CC(=C(F)C(F)=C1)C(F)(F)F,1.513184955
FC1=C(OC(F)(F)F)C=CC(Br)=C1,3.028383496
ON=C(CBr)C(F)(F)F,0.445771081
FC(F)(F)C(F)(F)C(F)(F)C(F)(F)C(F)(F)C(F)(F)CI,2.231623945
COC(=O)C(Br)C(F)(F)F,0.745122359
FC(F)(F)C(F)(F)C(F)(F)C(F)(F)C(F)(F)C(F)(F)C(F)(F)C(F)(F)C(F)(F)C(F)(F)C(F)(F)C(F)(F)C=C,2.631235884
FC(F)C(F)(F)OC1=CC=CC=C1OC(F)(F)C(F)F,3.003232782
CCOC(=O)C(F)(F)C(F)(F)Cl,1.335507971
FC(F)(Cl)C(F)(F)C(Cl)=O,1.234038543
CN(C)C1=C(F)C(F)=C(C(F)=C1F)C(F)(F)F,2.331469255
FC(F)(F)C(F)(F)C(F)(F)C(F)(F)C(F)(F)C(F)(F)C#N,2.218286795
FC(F)C(F)(F)OCC(F)(F)C(F)(F)C(F)(F)C(F)F,2.105298005
CC(=O)CC(F)(C(F)(F)F)C(F)(F)F,1.488810863
FC(F)(F)C(Cl)(Cl)CCCl,1.84520963
OB(O)C1=C(C=C(C=C1)C(F)(F)F)C(F)(F)F,1.841055636
COS(=O)(=O)C(F)(F)C(F)(F)C(F)(F)C(F)(F)F,1.379308574
FC1=C(C=CN=C1Cl)C(F)(F)F,2.071478559
FC1=CN=C(F)C(F)=C1C(F)(F)F,2.120285447
CCO[Si](CCC(F)(F)C(F)(F)C(F)(F)C(F)(F)C(F)(F)C(F)(F)C(F)(F)C(F)(F)C(F)(F)C(F)(F)C(F)(F)C(F)(F)F)(OCC)OCC,2.243202287
NS(=O)(=O)C1=CC(=CC(=C1)C(F)(F)F)C(F)(F)F,1.200389678
FC1=CC(Cl)=C(F)N=C1F,2.13009632
OB(O)C1=C(F)C(F)=CC(F)=C1F,1.738798347
COCC(F)(F)C(F)F,1.424524353
OCC(I)CC(F)(F)C(F)(F)C(F)(F)C(F)(F)C(F)(F)C(F)(F)C(F)(F)F,1.951919096
FC(F)(F)C1=CC(=CC(NC(=S)NC2=CC(=CC(=C2)C(F)(F)F)C(F)(F)F)=C1)C(F)(F)F,2.502560535
FC(F)(C(=O)N1CCOCC1)C1(F)OC(F)(F)C(F)(F)C1(F)F,1.444773412
FC(F)(F)SCCl,1.429330694
FC(F)(F)C1COC(=O)O1,1.24906308
FC1=NC(F)=C(F)C(SC2=C(F)C(F)=NC(F)=C2F)=C1F,2.351488479
FC1=C(F)C=C(C=C1)C(=O)C(F)(F)F,2.414612633
NC1=NN=C(S1)C(F)(F)C(F)(F)F,1.536018898
FC(F)C(F)(F)COS(=O)(=O)C(F)(F)F,1.045500121
FC(F)(F)C(F)(F)C(F)(F)C(F)(F)OC1=CC=C(NC(=O)C2=CN=CC=C2)C=C1,2.059121968
CCCCCCCCCCCCCCC(F)(F)C(F)(F)C(F)(F)C(F)(F)C(F)(F)C(F)(F)C(F)(F)C(F)(F)F,2.437784484
FC1=C(C=O)C=CC(=C1F)C(F)(F)F,2.241474806
CC1=CC2=C(SC(NC(=O)C(F)(F)C(F)(F)C(F)(F)C(F)F)=N2)C=C1,2.021278751
FC(F)(F)C1=NNC(=O)O1,0.956464812
FC(F)(F)F,1.644477846
FC(F)(F)C(F)(F)F,1.933168464
NC(=S)NN=CC1=NC=CC2=C1C=CC=C2C(F)(F)C(F)(F)C(F)(F)F,2.080976947
NC1=C(C=CC=C1C(F)(F)F)C(F)(F)F,1.981242502
NC1=C(C=C(F)C=C1Br)C(F)(F)F,2.074234372
FC(F)(F)C1=CC=C(S1)C(F)(F)F,2.316944313
FC(F)(F)C1(F)C(F)(F)C(F)(F)C1(F)F,2.516622975
FC1=C(F)C(=C(F)C(=C1S)C(F)(F)F)C(F)(F)F,2.624832105
FC1CC(F)(F)C1(F)F,2.498829011
FC(F)(F)C(F)(F)C(F)(F)C1OC(=O)C=C1,1.794029294
FC(F)(F)C(OCCl)C(F)(F)F,1.613584635
CCCCCCCCC(F)(F)C(F)(F)C(F)(F)C(F)(F)C(F)(F)C(F)(F)F,2.382384224
OC(CCl)CN(CCC(F)(F)C(F)(F)C(F)(F)C(F)(F)F)CC(O)CCl,1.555592141
OS(=O)(=O)C(F)(F)F,-0.049940024
NCCCC(F)(F)C(F)(F)C(F)(F)C(F)(F)C(F)(F)C(F)(F)C(F)(F)C(F)(F)F,2.117798285
FC(F)=CC1=CC(=CC=C1)C(F)(F)F,2.553686243
CC(C)(C)C(=O)C(F)(F)F,1.810649832
[O-][N+](=O)C1=C(C=C(C=C1)C(F)(F)F)C(F)(F)F,2.408289254
FC(=O)C(F)(OC(F)(F)C(F)(OC(F)(F)C(F)(F)C(F)(F)F)C(F)(F)F)C(F)(F)F,2.152853454
FC(=O)C(F)(C(F)(F)F)S(F)(=O)=O,0.701962886
FC(F)(F)C(F)(F)C1CCCCC1=O,1.661453065
FC(F)(F)S(=O)(=O)CI,0.52327129
CC1=CC=C(OC(C(F)(F)F)C(F)(F)F)O1,2.183661279
FC(F)(F)S(=O)(=O)NS(=O)(=O)C(F)(F)F,0.223148121
OCCOCC(F)(F)C(F)(F)C(F)(F)C(F)(F)C(F)(F)C(F)(F)C(F)(F)F,2.117923533
CO[C@@H](F)C(F)(F)F,1.315898183
FC(F)(F)C(I)=O,1.136296879
FC(F)(F)C(F)(F)C(F)(F)C(F)(F)C(F)(F)C(F)(F)CCC1=CC=C(COC(=O)ON2C(=O)CCC2=O)C=C1,1.581165557
FC(F)(F)C=C(C(F)(F)F)C(F)(F)F,2.299426573
FC(F)(F)C(F)(F)C(F)(F)C(F)(F)C1=CC=CC=C1,2.346812814
FC1=C(F)C(Cl)=C(F)C(F)=C1Cl,3.248699993
FC(F)(F)C(=O)OC(F)(F)C(F)(F)F,1.779720805
FC(F)(F)C1=CC(=C(C(Cl)=O)C(=C1)C(F)(F)F)C(F)(F)F,2.625830493
FC(Cl)C(F)(F)C(F)(F)F,1.887803731
FC(F)(F)C(OC(=O)CC#N)C(F)(F)F,1.534294205
FC1=NC=CC(=C1)C(F)(F)F,1.837596164
FC(F)(F)C(F)(F)C(F)(F)C(CC1=CC=CC=C1)(C(F)(F)F)C(F)(F)F,2.611696947
CCC(F)(F)C(F)(F)C(F)(F)C(F)(F)F,2.257952289
FC(F)(F)C1=CC=CC(=C1C=O)C(F)(F)F,2.264069873
FC(F)(F)COC(=O)C1=C(OCC(F)(F)F)C=CC(OCC(F)(F)F)=C1,2.352176209
FC1(F)CC(F)(F)C(F)(F)C1(F)F,2.408913399
FC(F)(F)C(F)(F)C(F)(F)C(F)(F)C(F)(F)C(F)(F)S(=O)C=C,1.99947276
FC(F)(F)C(F)(F)C(F)(F)C(F)(F)C(F)(F)C(F)(F)CCCNC(=O)CI,1.72713181
CC(C)C(O)C(F)(F)F,1.250608552
FC(F)(F)C(F)(C(=O)C1=CC=CC=C1)C(F)(F)F,2.050600369
FC(F)C(F)(F)COS(Cl)=O,0.962195478
NC1=C(F)C=CC(=C1Br)C(F)(F)F,2.019451536
FC(F)(F)C(O[Si](OC(C(F)(F)F)C(F)(F)F)(OC(C(F)(F)F)C(F)(F)F)OC(C(F)(F)F)C(F)(F)F)C(F)(F)F,2.575561596
FC(F)(F)C1=CC(=NC(=C1)C(F)(F)F)C1=CC=CC=C1,2.84543353
CCOC(=O)CCC(F)(F)C(F)(F)C(F)(F)C(F)(F)C(F)(F)C(F)(F)F,2.058869487
FC(F)(F)N(N(N(C(F)(F)F)C(F)(F)F)C(F)(F)F)N(C(F)(F)F)C(F)(F)F,1.404233931
OCC(O)(C(F)(F)F)C(F)(F)F,0.88238399
FC(F)(F)CCCC#N,1.287341769
CCOC(F)(F)C(F)(F)OCC,1.33385582
FC(F)(F)C(F)(F)C(F)(F)C(F)(F)C(F)(F)C(F)(F)CCI,2.216133655
FC(F)(F)C(F)(F)C1CC(F)(F)C1(F)F,2.596932327
FC1=C(F)C(F)=C(C(F)=C1F)[Si](C1=CC=CC=C1)(C1=C(F)C(F)=C(F)C(F)=C1F)C1=C(F)C(F)=C(F)C(F)=C1F,3.635593244
FC(F)(F)C(F)(C1=CC=C(I)C=C1)C(F)(F)F,2.668833264
OCCSC(F)(F)C(F)(F)C(F)(F)C(F)(F)F,1.75225614
CNCCCCCCC(F)(F)C(F)(F)C(F)(F)C(F)(F)F,1.833860236
CCC\N=C\C1=C(F)C(F)=C(F)C(F)=C1F,2.583396817
FC(F)(F)C(F)(F)C(F)(F)C(F)(F)C(F)(F)C(F)(F)CN=[N+]=[N-],2.191218711
NC1=C(O)C=CC(=C1)C(F)(F)C(F)(F)C(F)(F)F,1.803638817
FC1=C(SC(Cl)=N1)C(F)(F)F,1.649237079
COC1(OC)SC(=NC1(C(F)(F)F)C(F)(F)F)C1=CC=CC=C1,2.232037691
CN=C(C(F)(F)F)C(F)(F)F,1.231800947
FC(F)C(F)(F)C(F)(F)C(F)(F)CBr,1.994402251
FC(F)(F)CC(=O)C(F)(F)C(F)(F)F,1.590252364
FC(F)C(F)(F)CN1CCCCC1,1.192437892
OC1=C(F)C(OC2=C(F)C(F)=C(F)C(F)=C2F)=C(F)C(F)=C1F,2.998641151
FC(F)(F)C(=O)C(=O)C(F)(C(F)(F)F)C(F)(F)F,1.688280308
FC1=C(F)C(F)=C(F)C2=C1CC1=C2C(F)=C(F)C(F)=C1F,3.666986346
OOC(O)(C(F)(F)F)C(F)(F)F,0.881775857
FC(=C(C(F)(F)F)C(F)(F)F)C(F)(F)F,2.209248067
FC1(F)CC1=C,1.903190474
FC(F)(F)C(F)(F)SC1=CC=CC=C1,1.968623335
COP(OC)(OC)=C(C(F)(F)F)C(F)(F)F,1.29353557
FC(F)C(=O)CC(=O)C(F)F,0.416987959
FC(F)(F)C(F)(F)C(F)(F)C(F)(F)C#C,2.196845192
FC1=C(F)C(F)=C(F)C2=C1C(=O)C(F)(F)C2(F)F,2.81715351
[O-][N+](=O)C1=C(F)C(F)(F)C(F)=C(F)C1(F)F,1.992814757
FC(F)=C(C1=C(F)C(F)=C(F)C(F)=C1F)C(F)(F)Cl,3.094184087
FC(F)(F)C(=C(C(F)(F)F)C(F)(F)C(F)(F)F)C(F)(F)F,2.592682617
FCOC(F)F,0.915330845
OCCCC1=C(F)C(F)=C(F)C(F)=C1F,2.035601277
CC1=C2C(F)=C(F)C(F)=C(F)C2=C(F)C(F)=C1F,2.994903205
FC1(F)C(F)(F)C(F)(N=O)C1(F)F,1.873481638
FC(F)(F)C(CC=C)(C(F)(F)F)C(F)(F)F,2.277688086
FC(F)(F)C(F)(F)C(F)(F)OC(F)(C(F)(F)F)C(F)(F)OC(F)(C(=O)C1=CC=C(Br)C=C1)C(F)(F)F,2.324005235
FC(F)(F)OC(F)(F)C(=O)CC(=O)C1=CC=CS1,1.439941341
CCOP(=O)(OCC)C(=C(F)F)C(F)(F)F,1.29899259
FC(F)(F)C1=CC=CO1,1.798949211
FC(F)C(F)(F)OC1=CC=C(Cl)C=C1,2.938762361
COCCOCC(F)(F)C(F)F,1.307556818
OC(=O)C(SC(F)(F)F)SC(F)(F)F,1.232589061
OC1=CC=CC=C1C(=O)C(F)C(F)(F)F,1.581990259
FC(F)(F)C(F)(F)C(F)(F)C(F)(F)C(F)(F)C(F)(F)C1=CC=CC=C1,2.403681272
COC(=O)C(F)(F)C(F)(F)C(F)=O,0.86954238
FC(Cl)C(F)(F)C(Cl)(Cl)Cl,1.775686598
FCCC(F)F,1.570916139
FC(F)(F)C1=CC(Cl)=CC(=N1)C(F)(F)F,2.462300574
CNCC(O)(C(F)(F)F)C(F)(F)F,1.052758599
NC1=CC=C(C=C1)C(C(F)(F)F)C(F)(F)F,1.982762442
FC(F)(F)C1=NOC(Cl)(O1)C(F)(F)F,1.666426839
FC(F)(F)C1=C(C=CS1)C(F)(F)F,2.402343539
CC(C)(OCC(F)(F)C(F)(F)C(F)(F)C(F)F)C#CC=C,2.215111374
CC(C)=C(F)F,2.26082151
CC1=C(F)C(F)(F)C(F)(F)C2=C1C(F)=C(F)C(F)=C2F,3.012246709
FC(=S)C(F)(F)F,1.729946445
FC1=C(C(F)(F)F)C(F)(F)C(F)(F)C(F)(Br)C1(F)F,2.491706701
FC1=C(F)C2=C(C(F)=C1F)C(F)(Cl)C(F)=C(F)C2(F)F,3.114148979
CCN(CC)C1(OCC(C)O1)C(F)C(F)(F)F,1.249955043
FC(F)(F)C(F)(F)N1SN1C(F)(F)C(F)(F)F,2.156529294
FC(F)(Cl)C(F)(F)N1OC1(F)F,1.17203699
CCOC(=O)C(F)(F)OC(F)(F)C(F)(F)Br,1.488473885
CCCCCCCCCCCCCCCCOC(=O)C(F)C(F)(F)F,1.916214372
COP(=O)(OC)C(O)C(F)(F)C(F)F,0.608028457
FC1(Cl)C(F)(Cl)C(F)(Cl)C(F)(Cl)C1(F)Cl,2.391911352
FC(F)(F)C1=NN=C(S1)C(F)(F)F,1.872096185
FC1=C(F)C(F)=C(F)C2=C1C(F)(F)C(F)(F)C2(F)Br,3.051447443
FC(F)(F)C(OC1CCC(=O)N1C1CCCCC1)C(F)(F)F,1.65007792
FC1=C(F)C(F)=C(C(F)=C1F)C1=C(F)C(F)(F)C(F)=C(F)C1(F)F,3.148551906
COC(=O)C(C)C(F)(F)F,1.016386104
FC1=C(N2CCCC2C1(C(F)(F)F)C(F)(F)F)C(F)(F)F,2.266444863
FC(F)=C(C(F)=O)S(F)(=O)=O,0.478886086
FC(F)(F)C(F)(F)C(F)(F)C(F)(F)C(F)(F)C(F)(F)OC(F)(F)C(F)(F)S(F)(=O)=O,1.957754218
[O-][N+](=O)C(F)(C(F)(F)F)C(F)(F)OS(F)(=O)=O,0.938017507
CCOCC(O)C(F)(F)C(F)(F)C(F)(F)C(F)(F)C(F)(F)C(F)(F)F,1.907898499
FC(C1=CC=CC=C1)C(F)(F)F,2.088348769
FC(F)(F)OC(F)(C(=O)OOC(=O)C(F)(OC(F)(F)F)C(F)(F)F)C(F)(F)F,1.775019073
CC(C(F)(F)F)[Si](C)(O)O,0.791487862
[O-][N+](=O)CC(CS(=O)(=O)C(F)(F)C(F)(F)C(F)(F)C(F)(F)C(F)(F)C(F)(F)F)C1=CC=CO1,1.665750875
FC1=C(C#N)C(F)(F)C(F)(F)C(F)(F)C1(F)F,2.121280582
FC1=C(F)C(F)=C(C(F)=C1F)C1=C(F)C(F)(F)C(F)(F)C(F)(F)C1(F)F,3.077238146
CCOP(=O)(OCC)OCC(F)(F)C(F)(F)C(F)(F)C(F)F,1.484894373
OC(=O)C(F)(CC=C)C(F)(F)F,0.86358154
FC(F)(F)C(F)(F)N1SSSSN1C(F)(F)C(F)(F)F,1.975985007
FC1(F)N(C(F)(F)C(F)(F)C1(F)F)C1(F)C(F)(F)C(F)(F)C(F)(F)C1(F)F,2.056028257
FC(F)(F)C(OS(F)(=O)=O)(C(F)(F)F)C(F)(F)F,1.693784371
NC1=C(F)C(F)=NC(F)=N1,0.796974413
CCCCC(I)CC(F)(F)C(F)(F)C(F)(F)C(F)(F)F,2.133848419
FC(C(F)=O)C(F)(F)F,1.079791172
NC1=CC=CC(=C1)C(O)(C(F)(F)F)C(F)(F)F,1.403092657
CC(C)(O)C(F)(Cl)C(F)(F)F,1.103085968
FC(F)(F)C#CC(=O)C(F)(F)F,1.880635323
CC(C)(C)OCC(F)(F)F,1.69354408
OCC1CC1C(F)(F)F,1.3908528
FC1=C(N=C(Cl)N=C1Cl)C(F)(F)F,1.553022382
CC(F)(F)CO,0.416878111
[H]C12CC([H])(C=C1)C(F)(F)C2(F)F,2.616783146
NSC(=C)C(F)(F)F,0.736809766
FC(F)(F)C(Cl)(Cl)SCl,1.601606152
CSC(F)(F)C(F)(F)C(F)=O,1.248930249
FC(F)(CN=C=O)C(F)(F)C(F)(F)C(F)(F)C(F)(F)C(F)(F)CN=C=O,1.809445015
OS(=O)(=O)C(F)(F)C(F)(F)OC(F)(F)C(F)(F)S(O)(=O)=O,0.494163019
CC(=O)C1=C(F)C(F)=NC(F)=C1F,1.454475197
NC(CF)CF,0.229728501
FC1=C(C=C(Cl)C=C1)C(F)(F)F,2.846109346
Cl.CC[C@H](N)C(F)(F)F,0.764672534
CC(=O)CCC(I)CC(F)(F)C(F)(F)C(F)(F)C(F)(F)F,1.652787164
CN(CCN(C)SC(F)(F)F)SC(F)(F)F,1.653224295
FC(F)(CS(F)(=O)=O)CS(F)(=O)=O,0.295347084
FC(F)(F)C12CCC(CC1)(O2)C(F)(F)F,2.136677502
CSC(=O)C#CC(F)(F)C(F)(F)F,2.260491481
FC(F)(F)C(F)(F)C(F)(F)C(CC1=CC(=CC=C1)C#N)(C(F)(F)F)C(F)(F)F,2.401011468
FC(F)(F)CCCCCBr,1.673084536
FC(F)(F)C1=CN=C(Cl)C=C1C(F)(F)F,2.289573114
FC(F)(F)CN=C=S,1.418207691
FC(F)(F)C(F)(C1=NN=NC(=C1C(F)(C(F)(F)F)C(F)(F)F)C(F)(C(F)(F)F)C(F)(F)F)C(F)(F)F,2.541278741
NC1=CC(=NO1)C(F)(F)F,1.300124865
NC1=CC(Cl)=C(OCC(F)(F)C(F)(F)C(F)(F)C(F)F)C(Cl)=C1,2.377286364
FC(F)(F)C1(F)OC(F)(C(F)(F)F)C(F)(F)C1(F)F,2.246928192
OS(=O)(=O)C(F)(F)C(F)(F)OCC(F)(F)F,0.868074308
FC(F)(F)C(C1=CC=CC=C1)(C1=CC=CC=C1)C(F)(F)F,2.927801426
FC(F)CC=C,1.798264849
FC(F)(F)N=C=S,1.060227393
CCCCCCC(I)CC(F)(F)C(F)(F)C(F)(F)C(F)(F)C(F)(F)C(F)(F)Cl,2.202438253
CC(=O)NC1=C(F)C=C(C(F)=C1)C(F)(F)F,1.704900825
FC(F)(F)C(F)(F)C(F)(F)N1C(F)(F)C(F)(F)OC(F)(F)C1(F)F,1.749813276
FC(F)=C(F)OC(F)(F)C(F)(F)C(F)(F)C(F)(F)C(F)(F)C#N,2.253529338
OC1=C(F)C=C(C=C1Cl)C(F)(F)F,1.9450529
CC1=C(C(F)=CC=C1)C(F)(F)F,2.367278611
COC(=O)C(CC(F)(F)F)C(CC(F)(F)F)C(=O)OC,1.327644317
FC1=C(F)C(Cl)=C(C=C1)C(F)(F)F,2.991332819
FC(F)(F)C(F)(F)C(F)(F)C(F)(F)C(Cl)(Cl)Cl,2.198211232
FC(F)(F)C(F)(F)C(F)(F)C(F)(F)C(F)(F)C(F)(F)C(F)(F)C(F)(F)C=O,2.248229739
CC1=C(F)C=CC(F)=C1F,2.883232354
FC(F)(F)C1=CC(=NC(Cl)=C1)C(F)(F)F,2.298405413
NCC1=CC=C(C=C1)C(F)(F)C(F)(F)F,1.737936381
CC(F)(F)C(F)Cl,1.653418746
FCC(F)(F)C(Cl)Cl,1.43714386
FC1=NC(F)=C(F)C(SC(F)(F)C(F)(F)F)=C1F,2.215647135
NC1=C(C=NC=C1)C(F)(F)C(F)(F)C(F)(F)C(F)(F)C(F)(F)C(F)(F)F,1.918831008
C[Si](C)(C)C(I)CC(F)(F)C(F)(F)Br,2.327328379
CO[Si](CCCOC(=O)C(F)(F)C(F)(F)C(F)(F)C(F)(F)C(F)(F)C(F)(F)C(F)(F)F)(OC)OC,1.85581883
FC(F)=C(F)OC(F)(F)C(F)(F)C(F)(F)C(F)(F)F,2.360840273
FC1=C(F)C(F)=C(C(F)=C1F)C1=NC(=NC(=N1)C1=C(F)C(F)=C(F)C(F)=C1F)C1=C(F)C(F)=C(F)C(F)=C1F,3.087990117
CCOC(=O)CC(F)(F)C(F)(F)C(F)(F)C(F)(F)F,1.861325133
OC1(O)C(F)C(F)(F)C1(F)F,1.001411337
OC(C(F)(F)F)(C(F)(F)F)C(Cl)(Cl)C(F)(F)F,1.735494532
FC(F)(F)C(F)(F)C(Cl)(Cl)CCCl,2.042954667
CCOP(=O)(NS(=O)(=O)C(F)(F)C(F)(F)C(F)(F)C(F)(F)F)OCC,1.10314461
CP(C)CCP(C(F)(F)F)C(F)(F)F,1.569901147
FC(F)(F)C1=CC=C(CS(=O)(=O)C(F)(F)F)C=C1,1.569129256
CCOC(=O)C(=O)CC(C(F)(F)F)C(F)(F)F,1.790012419
COC(=O)C1=CC=C(C=C1)S(=O)(=O)C(F)(F)C(F)(F)C(F)(F)F,1.276263297
FC(F)C1=NC(=NC(=N1)C(F)F)C(F)F,1.172451961
OC1=CC=C(C=C1)C1(C2=CC=C(O)C=C2)C(F)(F)C(F)(F)C(F)(F)C1(F)F,2.287722181
FCC(F)(F)C(F)(F)CF,1.83850077
FC1(F)SC2=C(C=C(Br)C=C2)C1(F)F,2.658946639
CC(=O)CCC(F)(F)C(F)(F)C(F)(F)C(F)(F)F,1.770872758
COC1=NC(OC)=C(F)C(SC(F)(F)C(F)(F)F)=C1F,2.096655753
FC(F)(F)C1=NNC(CCC2=CC(=NN2)C(F)(F)F)=C1,1.435987333
CC1=C(F)C(F)=C(Cl)C(F)=C1F,3.062124802
CCCCCCCCCCCCCCCCCCOC(=O)C(F)(F)C(F)(F)C(F)(F)C(F)(F)C(F)(F)C(F)(F)C(F)(F)F,2.118566015
CCCSC(Cl)(Cl)C(F)(F)C(F)(F)C(F)(F)C(F)F,2.227319587
FC1=C(I)C(F)=C(F)C2(F)N=C12,1.904969658
CN[C@H](C)C1=CC(=CC(=C1)C(F)(F)F)C(F)(F)F,2.009701623
[2H]OC(C(F)(F)F)C(F)(F)F,1.712161458
FC(F)(F)C(F)(F)C(F)(F)C(F)(F)C(F)(F)C(F)(F)CCCOC1=NC(OCCCC(F)(F)C(F)(F)C(F)(F)C(F)(F)C(F)(F)C(F)(F)F)=NC(Cl)=N1,2.180548197
C[Si](C)(C)OC([C@H]1CCCN1)(C1=CC(=CC(=C1)C(F)(F)F)C(F)(F)F)C1=CC(=CC(=C1)C(F)(F)F)C(F)(F)F,2.658280962
FC1(F)CC(C2=CC=C(Br)C=C2)C1(F)F,2.959013025
OCC1=C(F)C(F)=C(F)C(F)=C1Br,1.892045339
FC1=C(F)C(F)=C(F)C(CCl)=C1,2.723259724
OCCOC(F)(F)F,0.681228976
NC(F)(F)CF,0.455932156
OC1=CC=C(OCC(F)(F)C(F)F)C=C1,1.967598776
FC1=CC(Cl)=C(F)C(F)=C1F,3.228895225
CCC(N)C1=CC(=CC(=C1)C(F)(F)F)C(F)(F)F,2.018258532
Cl.NCC1=CC(=CC(=C1)C(F)(F)F)C(F)(F)F,1.816329842
OC(=O)C1CCC(CC1)C(F)(F)C(F)(F)C(F)(F)C(F)(F)C(F)(F)C(F)(F)C(F)(F)F,1.885249985
CC(F)(F)C(C)(F)Cl,1.823469875
FC1=C(F)C(I)=C(F)C=C1,3.367003444
FC(F)=C(F)C(Cl)(Cl)Cl,2.12654898
FC(F)C(F)=C,1.32583707
FC(F)(F)C(=C)C=C,1.709777701
FC1=CC=CC(F)=C1OC(F)(F)F,2.926548064
Cl.NC(=N)CC1=C(F)C(F)=C(F)C(F)=C1F,1.699211457
COC(=O)C(F)(F)C(F)(F)F,1.184901077
OC(=O)C(F)F,-0.652981393
CCSC(=O)C(F)(F)F,1.24512707
COC1=C(F)C(F)=C(F)C(F)=C1F,2.830921305
CCOC(=O)C(F)(F)C(F)(F)F,1.367840143
FC(F)(F)S(=O)(=O)CS(=O)(=O)C(F)(F)F,0.690516593
C[Si](OC(=O)C(F)(F)F)(OC(=O)C(F)(F)F)OC(=O)C(F)(F)F,1.482345189
COC(=O)C(F)(F)F,0.845665898
FCC(F)(Cl)C(F)(F)Cl,1.758362633
FC(Cl)C(F)C(F)(F)F,1.780965094
FC(F)(F)C(F)(F)C(F)(F)C(F)(F)C(F)(F)C(F)(F)C(F)(F)C(F)(F)C(F)(F)I,2.427284402
FC(F)=C(F)OC(F)(F)C(F)(F)C(F)(F)C(F)(F)C#N,2.170796008
FC(OC(F)(F)C(F)(F)Cl)C(F)(F)F,1.809389859
FC(=O)C(F)(F)C(F)(F)C(F)(F)C(F)(F)I,1.877170612
NC1=C(C=C(SCC(F)(F)C(F)F)C=C1)[N+]([O-])=O,1.950508066
FC(F)(C1=CC=CC=C1)C(F)(F)C1=CC=C(Br)C=C1,2.671571512
CC(CCC(O)=O)(SCCC(F)(F)C(F)(F)C(F)(F)C(F)(F)F)SCCC(F)(F)C(F)(F)C(F)(F)C(F)(F)F,1.902822667
NC(=O)C(F)(F)C(F)(F)C(F)(F)F,1.176528998
FC1=NC(F)=C(Cl)C(F)=N1,1.305350233
CCC(C)CC(F)(F)F,2.201501253
FC(F)(F)C1=COC(=O)O1,1.309175127
CN(CCCCO)S(=O)(=O)C(F)(F)C(F)(F)C(F)(F)C(F)(F)F,1.198108734
FC(F)(F)C1(OCC(COC(C2=CC=CC=C2)C2=CC=CC=C2)O1)C(F)(F)F,2.525724908
COC1=C(OC)C(F)(F)C(F)(F)C1(F)F,1.966580808
CS(=O)(=O)C1=CC=C(OS(=O)(=O)C(F)(F)C(F)(F)F)C=C1,0.900990405
FC1(F)C(F)(Cl)C1(F)OC(Cl)Cl,2.195133512
FC(F)=C(F)C(=C(F)F)C(F)(F)F,2.149234228
CC1=CC=C(C=C1)C(C(F)(F)F)C(F)(F)F,2.314029844
CN(CCCCOC(=O)C=C)S(=O)(=O)C(F)(F)C(F)(F)C(F)(F)C(F)(F)F,1.489274378
COC1=NC(F)=C(F)C2=C1C(F)=C(F)C(F)=C2F,2.339145111
FC(F)(F)SC1=CNC=C1,1.555224362
FC(F)(I)C(F)(F)OC(F)(F)C(F)(F)OC(F)(F)C(F)(F)I,2.141468085
FC(F)=C(OC1=C(F)C(F)=C(F)C(F)=C1F)C(F)(F)F,3.243713164
CC(C)(C=O)C(F)(F)C(F)(F)C(F)(F)C(F)(F)C(F)(F)C(F)(F)F,2.313513603
CC1=CC(=CO1)C(F)(F)F,1.63640584
FC(F)(F)C(F)(F)C(F)(F)C(F)(F)C(F)(F)C(F)(F)CC[Si](CC=C)(CC=C)CC=C,2.476704472
C[Si](C)(C)C1=C(CC=C1)B(C1=C(F)C(F)=C(F)C(F)=C1F)C1=C(F)C(F)=C(F)C(F)=C1F,3.812072424
CC1=CC(OC(F)(F)C(F)F)=CC=C1,2.423745787
FC1(F)C(F)(F)C(F)(F)C(F)(OC(=O)C=C)C(F)(F)C1(F)F,2.350207022
CC(F)(F)CC(F)F,1.730924553
FC(F)CC(F)C(F)(F)F,1.822826548
FC(F)(F)C(C1=CC=C(Cl)C=C1)(C1=CC=C(Cl)C=C1)C(F)(F)F,3.443012091
FC(F)(Cl)C(F)(F)C(Cl)(Cl)Cl,1.924529919
FC(F)(F)I,2.124704174
OC(CC=C)(C(F)(F)F)C(F)(F)C(F)=C(F)F,1.657000687
OC(=O)CC(F)(F)C(F)(F)C(F)(F)C(F)(F)C(F)(F)C(F)(F)C(F)(F)F,1.866930975
FC1(F)C(F)(F)C2(F)C(F)(C1(F)F)C(F)(F)C(F)(F)C(F)(F)C(F)(F)C2(F)F,2.633562583
CO[Si](OC)(OC)C(F)(F)C(F)(F)C(F)(F)F,1.488463365
FC(F)SCl,1.113583346
FC(F)OC1=C(F)C=C(Br)C=C1F,2.839577637
FC(C(C(F)(F)F)C(F)(F)F)C(F)(F)C(F)(F)F,2.347425468
CC(C)S(=O)(=O)C(F)(F)F,0.813659255
CCCC1=CC=C(C=C1)C(F)(F)C(F)(F)C1=CC=C(Br)C=C1,2.670577053
FC(F)(F)C(F)(F)C(F)(F)C(F)(F)CC(F)(F)CC(F)(F)I,2.10624279
FC(F)(F)C(F)(C(F)(F)F)C(F)(F)C(F)(F)C(F)(F)C(F)(F)I,2.362878284
FC(F)(F)C1(OCOC2=CC=CC=C12)C(F)(F)F,2.324668926
NC1=CC=CC(=C1)C(F)(F)C(F)(F)F,1.769764596
OC(C1=CC=CC=C1F)C(F)(F)F,1.622478005
FC(F)(F)C#COC(F)(F)C(F)(F)C(F)(F)F,2.258496732
FC(F)(F)C(F)(F)S(=O)NC1=CC=C(Cl)C=C1,1.866340607
FC(F)(F)C1=CC(=CC(CS(=O)(=O)C(F)(F)F)=C1)C(F)(F)F,1.994363144
C[Si](C)(Cl)C(F)(F)C(F)C(F)(F)F,2.164461666
OC[C@H]1O[C@H]([C@H](O)[C@@H]1O)N1C=C(COCC(F)(F)C(F)F)C(=O)NC1=O,0.410543959
CCOC(=O)NC(F)(F)F,0.679535464
FC1=CC(F)=C(F)C(=C1F)C1=C(F)C(F)=CC(F)=C1F,3.681150945
COS(=O)(=O)CC(F)(F)F,0.43060163
FC1=C(F)C=C(F)C(=O)N1,1.573068646
CC(F)C(N)(F)F,0.618223669
FC(F)C(F)(F)C(F)(F)C(F)(F)CC(C#N)C#N,2.039470997
FC1=CC=CC=C1NCC(F)(F)F,1.933048458
FC(F)(F)[C@H]1CCCCN1,0.700768927
FC(F)=C(F)OC(F)(F)C(F)(F)C(F)(F)OC(F)(C#N)C(F)(F)F,2.23455956
OC(=O)C(F)(F)C(F)(F)C(F)(F)C(F)(F)C(F)(F)C(F)(C(F)(F)F)C(F)(F)F,1.862339016
FC(F)C1=CC(F)=C(F)C=C1F,2.784139649
FC1(F)CC2=C(C=CC(Br)=C2)C1(F)F,2.999309785
OCC(F)(OC(F)(F)C(F)(OC(F)(F)C(F)(OC(F)(F)C(F)(OC(F)(F)C(F)(OC(F)(F)C(F)(F)C(F)(F)F)C(F)(F)F)C(F)(F)F)C(F)(F)F)C(F)(F)F)C(F)(F)F,2.410998392
OC(=O)C(Br)CC(F)(F)F,0.275745365
OC(=O)C(F)(F)C(F)(F)C(F)(F)C(F)(F)C(F)(F)C(F)(F)C(F)(F)C(F)(F)C(F)(F)C(F)(C(F)(F)F)C(F)(F)F,2.118068553
Cl.NCCOC(F)(F)F,0.613663387
FC(F)(F)C(F)(F)C1(F)C(F)(F)C(F)(F)C(F)(F)C(F)(F)C1(C(F)(F)F)C(F)(F)F,2.85095988
FC1=C(F)C(F)=C(CCC(Cl)=O)C(F)=C1F,2.228854708
NC1=C(C(=C(C(=C1C(F)(F)F)C(F)(F)F)C(F)(F)F)C(F)(F)F)C(F)(F)F,2.771611864
CC(F)(F)CS(F)=O,0.860474964
FC(=O)[C@@H]1CCCC[C@@H]1C(F)(F)F,2.047251283
FC(=O)C1=CC(=C(F)C=C1)C(F)(F)F,2.156926224
CC1(COC1)OCC(F)(F)C(F)(F)F,1.577888886
FC1=CC(F)=C(OCC(F)(F)F)C(Br)=C1,2.724989233
OC(=O)C(F)(F)C(F)(F)C(F)(F)F.OC(=O)C(F)(F)C(F)(F)C(F)(F)F.CC1=NC(NCCC[C@H](N)C(O)=O)=NC(C)=C1O,0.198626242
COC1=C(F)C=C(C=N1)C(F)(F)F,1.756101293
OCC(O)COCC(F)(F)C(F)F,1.103134724
FC(F)(F)C(F)(F)C(F)(F)C(F)(F)CCS(Cl)(=O)=O,1.539523924
FC(F)(F)C(F)(F)C(F)(F)C(F)(F)C(F)(F)C(F)(F)C(F)(F)C(F)(F)CCS(Cl)(=O)=O,2.059742977
FC(F)C1=C(F)C=CC(F)=C1,2.570752425
FC(F)(F)C(F)(F)C(F)(F)C(F)(F)C(F)(F)C(F)(F)C(F)(F)C(F)(F)C(F)(F)C(F)(F)C(F)(F)C(F)(F)CCI,2.370805734
FC(F)C(F)(F)OC1=CC=CC(C=O)=C1,2.281773826
FC(F)(F)CC(F)(Cl)CCl,1.598115871
FC(F)(F)C(F)(F)C(F)(F)C(F)(F)C(F)(F)C(F)(F)C(F)(F)C(F)(F)S(=O)(=O)NCC1=CC=CC=C1,1.850649422
OC1=CC(=CC(=C1)C(F)(F)F)C1=C(F)C=C(F)C=C1F,2.817195252
CC(=C)C(=O)OCCC(F)(F)C(F)(F)F,1.687743808
FC(F)(F)C1=NC(=S)C(C#N)C(=C1)C(F)(F)F,2.056637141
FC(F)(F)C1=CC(=C(C#N)C(=O)N1)C(F)(F)F,1.680554238
CC(=C)C(=O)OCCC(F)(F)C(F)(F)C(F)(F)C(F)(F)C(F)(F)C(F)(F)C(F)(F)C(F)(F)C(F)(F)C(F)(F)C(F)(F)C(F)(F)C(F)(F)C(F)(F)C(F)(F)C(F)(F)F,2.43069327
F\C(=C(\F)C(F)(C(F)(F)F)C(F)(F)F)C(F)(F)I,2.204597224
CCOC(F)(F)C(F)C(F)(F)F,1.709807909
NC1=CC(Cl)=C(OC(F)(F)C(F)C(F)(F)F)C=C1,2.512665419
FC(CI)=CC(F)(F)F,1.833701865
FC1(F)C(Cl)=C(OCC2=CC=CC=C2)C1(F)F,2.714389782
[O-]C(Cl)=C([N+]#N)C(F)(F)F,0.698098277
FC(F)(F)C(F)(Cl)C1=CC=CC=C1,2.271998337
C[Si](C)(C)O[Si](C)(C(F)(F)C(F)(F)C(F)(F)CCC(F)(F)F)C(F)(F)C(F)(F)C(F)(F)CCC(F)(F)F,2.249247709
CCN([O-])CCCNS(=O)(=O)C(F)(F)C(F)(F)C(F)(F)C(F)(F)C(F)(F)C(F)(F)F,1.236821153
CC(C)OC(=O)C(F)(F)C(F)(F)C(F)(F)C(F)(F)C(F)(F)C(F)(F)C(F)(F)C(F)(F)F,2.059205452
COC(=O)CCCCCC(F)(F)C(F)C(F)(F)F,1.543566191
OC(C1=CC=C(Cl)C(Cl)=C1)(C(F)(F)F)C(F)(F)F,2.597100055
OOCC(=O)OC(F)(F)F,0.918185869
C[Si](C)(C)CCN(C(F)(F)F)C(F)(F)F,1.653134811
OCCC(F)(F)C(F)(F)C(F)(F)C(F)(F)C(F)(F)C(F)(F)C(F)(F)C(F)(F)C(F)(F)C(F)(F)C(F)(F)C(F)(F)C(F)(F)C(F)(F)C(F)(F)C(F)(F)C(F)(F)C(F)(F)F,2.494296444
FC(=C(F)C(F)(Cl)Cl)C(F)(F)F,2.04201265
NN(F)C1=CC(F)=C(F)C(F)=C1,2.219641111
FC(F)(F)C(F)(F)C(F)(F)C(F)(F)C(F)(F)C(F)(F)C(F)(F)C(F)(F)C(F)(F)CCS(Cl)(=O)=O,2.12001875
OCCCCCCCCCSCCCC(F)(F)C(F)(F)F,1.845924294
FC(F)(F)C(F)(F)C(F)(F)C(F)(F)C(F)(F)C(F)(F)S(=O)(=O)NCC=C,1.699186551
CCN(CCC[Si](Cl)(Cl)Cl)S(=O)(=O)C(F)(F)C(F)(F)C(F)(F)C(F)(F)C(F)(F)C(F)(F)C(F)(F)F,2.060683093
CN(C)CCCNS(=O)(=O)C(F)(F)C(F)(F)C(F)(F)C(F)(F)C(F)(F)C(F)(F)C(F)(F)F,1.620505924
CN(CCOC(=O)C=C)S(=O)(=O)C(F)(F)C(F)(F)C(F)(F)C(F)(F)C(F)(F)F,1.574095383
CC(C)(C)[C@H](N)C(F)(F)F,1.582629446
FC(OC1=CC=CC=C1)=C(F)C(F)(F)C(F)(F)C(F)(F)C(F)(F)F,2.552244535
NC1=C(N)C=C(SCC(F)(F)C(F)F)C=C1,1.74482744
FC(F)=C(F)CCl,1.607383842
CCCCCCCCC(=O)OCC(F)(F)C(F)(F)C(F)(F)C(F)(F)C(F)(F)C(F)F,2.073753451
FC(F)(F)CC[Si](Br)(Br)Br,1.763303981
CCN(CCOP(O)(O)=O)S(=O)(=O)C(F)(F)C(F)(F)C(F)(F)C(F)(F)C(F)(F)C(F)(F)F,1.362961725
NC(F)(F)C(F)(F)C(F)(F)C(F)(F)C(F)(F)C(F)(F)C(F)(F)C(F)(F)C(F)(F)CF,2.134849532
FC(F)(F)C(F)(F)C1=CC=C(Br)C=C1,2.553907966
FC(OC1=CC(=CC(=C1)C(Cl)=O)C(Cl)=O)=C(F)C(F)(F)C(F)(F)C(F)(F)C(F)(F)C(F)(F)C(F)(F)C(F)(F)F,2.329587015
FC1=C(CC(F)(F)F)C=CC(Br)=C1,2.617276615
FC(F)=C(F)C(F)(F)C(F)(Cl)C(F)(F)Cl,2.258363584
N[C@@H](CO)C(F)(F)F,0.557164608
CCN(CCOC(=O)C=C)S(=O)(=O)C(F)(F)C(F)(F)C(F)(F)C(F)(F)C(F)(F)F,1.537371967
C1CNCCN1.OC(=O)C(F)(F)C(F)(F)C(F)(F)C(F)(F)C(F)(F)F,0.959688755
CC(C)(C)[C@@H](N)C(F)(F)F,1.384889087
FC1=CC(Br)=C(Cl)C=C1C(F)(F)F,3.131273634
N[C@H](C1=CC=C(C=C1)C(F)(F)F)C(F)(F)F,1.940333587
FC(F)(Br)C(F)(F)OC1=CC=C(Br)C=C1,2.861513026
OCC[NH2+]CCO.[O-]S(=O)(=O)C(F)(F)C(F)(F)C(F)(F)C(F)(F)C(F)(F)C(F)(F)C(F)(F)C(F)(F)F,1.310302502
FC(OC1=CC=C(C=C1)C(=O)C1=CN=CC=C1)C(F)(F)F,2.230640893
FC(F)(F)C(F)(F)C(F)(F)OC(F)(C=C)C(F)(F)F,2.177290412
CC(OC(F)(F)C(F)(F)C(F)CC(F)(F)F)C#N,1.739842977
[O-]C(=O)C(F)(F)F.C[S+](C)OC(=O)C(F)(F)F,0.873268496
CON(C)C(=O)C(CC(F)(F)F)CC(F)(F)F,1.482551745
CC(C)(CCC(F)(F)C(F)(F)C(F)(F)C(F)(F)F)OC(=O)ON=C(C#N)C1=CC=CC=C1,2.249394884
CN(C)CCCN(CCCS(O)(=O)=O)S(=O)(=O)C(F)(F)C(F)(F)C(F)(F)C(F)(F)C(F)(F)C(F)(F)C(F)(F)C(F)(F)F,1.640279723
C\C=C(\B(O)O)C(F)(F)F,1.549371638
OB(O)C(F)(F)C(F)(F)F,0.719066585
OB(O)C(\F)=C(/F)C(F)(F)F,1.040169891
CC(OC(F)(F)C(F)F)C(F)(F)F,1.694473729
FC1=CC(F)=C(F)C=C1C1=CC(F)=C(F)C=C1F,3.671496352
FC(F)(F)C(I)CC(F)(F)C(F)(F)C(F)(F)C(F)(F)C(F)(F)C(F)(F)F,2.232091537
FC(F)(F)C1=CC(CBr)=C(C=C1CBr)C(F)(F)F,2.582081645
FCOC(F)(F)C(F)(F)C(F)(F)F,1.78635969
FC(F)C(Cl)Cl,1.278964324
OC(O)(C(F)(F)F)C(F)(F)F,0.516162965
FC1=C(F)C(F)(F)C1(F)F,2.557817824
FC(F)(F)CNC1=C(C=C(Br)C=C1)C(F)(F)F,2.440517282
FC(F)OC(F)F,1.000104573
FC(F)(F)C1(OCCO1)C(F)(F)F,1.611717564
FC(F)C1=C(F)C=NC=C1,1.731474341
OC(=O)C#CC1=C(F)C(F)=C(F)C(F)=C1F,2.291035566
OCCCSCCC(F)(F)C(F)(F)C(F)(F)C(F)(F)C(F)(F)C(F)(F)F,2.013430391
OCCCSCCC(F)(F)C(F)(F)C(F)(F)C(F)(F)C(F)(F)C(F)(F)C(F)(F)C(F)(F)C(F)(F)C(F)(F)F,2.174551382
FC(F)(F)[C@H]1CCC(=O)N1,0.648204553
FC(F)(F)C(F)(F)OC1=CC=C(Br)C=C1,2.792123206
[O-][N+](=O)C1=CC(=C(NC2=CC=C(OC(F)(F)C(F)F)C=C2)C(=C1)C(F)(F)F)[N+]([O-])=O,2.60476366
[O-][N+](=O)C1=CC(Cl)=C(NC(=O)C(F)(C(F)(F)F)C(F)(F)F)C=C1Cl,2.061183386
[O-][N+](=O)C1=CC(=C(NC(=O)C2(F)C(F)(F)C(F)(F)C(F)(F)C(F)(F)C2(F)F)C=C1)[N+]([O-])=O,2.014517153
FC1(F)C(F)(F)C(F)(F)C(F)(C(=O)NC2=C(Cl)C(Cl)=C(Cl)C(Cl)=C2)C(F)(F)C1(F)F,2.903140717
CC(F)(F)C(F)(F)Br,1.799566047
FC(F)(F)CBr,1.281125618
NC1=CC(=NN1C1=CC=C(C=C1)C(F)(F)F)C(F)(F)F,2.054419771
FC(F)(F)C(F)(F)C(F)(F)C(F)(F)C(F)(F)C(F)(F)C(F)(F)C(F)(F)CC[Si](Cl)(Cl)Cl,2.549728095
FC(F)CBr,1.044810954
N[13C]1=[13C](F)[13CH]=[13CH][13CH]=[13C]1F,1.578684606
[H+].CC(C)(C)P(C1=C(F)C(F)=C([B-](C2=C(F)C(F)=C(F)C(F)=C2F)C2=C(F)C(F)=C(F)C(F)=C2F)C(F)=C1F)C(C)(C)C,3.327023384
C[C@]12CC[C@H]3[C@H]([C@@H]1CC[C@@H]2O)[C@H](CCCCCCCCCSCCCC(F)(F)C(F)(F)F)C(=O)C1=C3C=CC(O)=C1,2.006087979
FC1=C(F)C(=C(F)C(F)=C1Br)C1=C(F)C(F)=C(Br)C(F)=C1F,3.529544142
FC(=NN=C(F)C(F)(F)F)C(F)(F)F,1.538383579
OC(=O)C(CNC(=O)C(F)(F)F)NC(=O)C(F)(F)F,0.027226248
CC(C)(CC=O)C(F)(F)F,1.855048128
OC=O.OC1=C(F)C(F)=C(F)C(F)=C1F,1.163749747
FC(OC1=CC=C(Cl)C=C1)=C(F)C(F)(F)C(F)(F)C(F)(F)C(F)(F)F,2.738777139
FC(F)(F)C(F)(F)C(F)(F)C(=O)OC1=NC=CC=N1,1.465437991
CCO[Si](OCC)(OCC)C(F)(F)C(F)(F)C(F)(F)C(F)(F)C(F)(F)CCC(F)(F)F,1.872163588
FC(F)(Br)C(F)(F)CCCCC(F)(F)C(F)(F)Br,2.150772749
FC1=C(F)C(F)=C(C=CC2=CC=C(C=CC3=C(F)C(F)=C(F)C(F)=C3F)C=C2)C(F)=C1F,3.214604555
FC(F)(F)C(F)(F)C(F)(F)COC(=O)C(=C)C#N,1.936595113
CCOC(OCC)[SiH2]CCC(F)(F)C(F)(F)C(F)(F)C(F)(F)C(F)(F)C(F)(F)F,1.957884865
FC(F)(F)CC(F)(F)C(F)(F)OCCOC(=O)C=C,1.701875727
OC(=O)C1=C(C(O)=O)C(=C(C(O)=O)C(C(O)=O)=C1C(F)(F)C(F)(F)C(F)(F)C(F)(F)C(F)(F)C(F)(F)F)C(F)(F)C(F)(F)C(F)(F)C(F)(F)C(F)(F)C(F)(F)F,1.416332212
FC1=CC=C(C=C1)C(=O)C1=C(Cl)C=C(C=C1)C(F)(F)C(F)(F)F,2.875327465
FC1C(F)C1F,2.339204809
FC(OC1=CC=C(C=C1)C(=O)NCC=C)=C(F)C(F)(F)C(F)(F)C(F)(F)C(F)(F)C(F)(F)C(F)(F)C(F)(F)F,2.161764209
C[SiH](C)C(F)(F)C(F)(F)C(F)(F)C(F)(F)C(F)(F)C(F)(F)C(F)(F)C(F)(F)F,2.511347036
FC(F)(Cl)C(F)(F)C(F)(F)C(F)(F)CC=CCCC(=O)C1=CC=CC=C1,2.313823119
[H]C12CC[C@@](C)(C1(C)C)C(F)(F)OC2(F)F,2.550621959
CC(C)(C)C(N)=CC(=O)C(F)(F)C(F)(F)C(F)(F)F,1.660242819
COC(=O)C1=CC=C(C=C1)C(F)(F)C(F)(F)C(F)(F)C(F)(F)C(F)(F)C(F)(F)C(F)(F)C(F)(F)C(F)(F)F,2.187704305
COC(=O)C1CCC(CC1)C(F)(F)C(F)(F)C(F)(F)F,1.64994904
FC1(F)C(F)(F)C(Cl)(Cl)C1(F)F,2.473043293
CCCCCCC=CC(=O)C(F)(F)C(F)(F)F,2.231730096
FC(=NBr)C(F)(F)Cl,1.085684329
CC(O)=O.OCC(Br)C(F)(F)C(F)(F)C(F)(F)C(F)(F)F,1.101694199
[O-][N+](=O)N(C=C)C(F)(F)F,1.166865279
FC(F)(F)C(F)(CCOC=C)C(F)(F)F,1.855112901
OCCOC(F)(F)C(F)(F)F,1.190925798
FC(OCCC[SiH2]C(Cl)Cl)C(F)(F)F,1.523972246
CC(=O)C(F)=C(F)C(F)(F)C(F)(F)C(F)(F)C(F)(F)C(F)(F)C(F)(F)F,2.157158594
CCCCC\C=C(/F)C(F)(F)C(F)(F)C(F)(F)C(F)(F)C(F)(F)F,2.873378599
CC1=CC2=C(C=C1)N=C(O2)C(F)(F)C(F)(F)C(F)(F)C(F)(F)C(F)(F)F,2.045790711
CN(CCOC(=O)C=C)C(F)(F)C(F)(F)C(F)(F)C(F)(F)C(F)(F)C(F)(F)C(F)(F)C(F)(F)F,1.95637826
FC(C(Cl)C(F)(Cl)Cl)C(F)(F)C(F)(F)C(F)C(F)(Cl)C(F)(Cl)Cl,2.287438352
FC(F)(F)OC(Cl)C(F)(F)Cl,1.49095323
CC(C)(C)C(=O)\C=C\C(F)(F)C(F)(F)C(F)(F)C(F)(F)F,2.321018942
FC1=CC=C(C=C1)C(NC(=O)C1=CC=CC=C1)(C(F)(F)F)C(F)(F)F,2.279562488
FC(F)C(F)(F)OC(F)C(F)Cl,1.603392676
FC(F)(F)C(=O)CC1=CC(=CC(=C1)C(F)(F)F)C(F)(F)F,2.4562459
FC1=C2C3=C(C(F)=C1F)C(F)=C(F)C(F)=C3C(F)(F)C2(F)F,3.412410231
CCOC(=O)C=C(F)C(F)(F)C(F)(F)C(F)(F)Cl,1.794061551
FC(F)(F)CC(F)(F)CC(F)(F)CC(F)(F)F,1.930027888
FC(F)(F)C(F)(F)C(F)(F)C(F)(F)C(F)(F)C(F)(F)CCOC(=O)CCCCCCCCC=C,2.13487767
FC(F)(F)SCCCCCSC(F)(F)F,1.915146433
FC(Cl)OC(Cl)C(F)(F)F,1.261276954
FC(F)(F)[Si](F)(F)I,1.891900292
FC(F)(I)C(F)(F)C(F)(F)C(F)(F)C(F)(F)C(F)(F)C(F)(F)C(F)(F)C(F)(F)I,2.551703958
FC(F)(F)C(F)(F)OC(=O)C(F)(F)C(F)(F)F,1.862178449
[H]C12CCC([H])(C(F)(F)C1)C2(F)F,2.626980217
FC(=C(F)C(F)(F)F)C1=C(F)C(F)=C(F)C(F)=C1F,2.909617418
FC(F)(F)COC(=O)C(F)(F)C(F)(F)C(F)(F)F,1.77045596
CC(O)=O.OCC(I)CC(F)(C(F)(F)F)C(F)(F)F,0.78209665
CC(C)C(=NS(=O)(=O)C(F)(F)C(F)(F)C(F)(F)C(F)(F)F)N1CCCC1,1.500350864
FC(F)(F)C(F)(Cl)C(=O)OOC(=O)C(F)(Cl)C(F)(F)F,1.510847862
FC(F)(F)C(F)(F)C1=NNC(=NN1)C1=CC=C(Cl)C=C1,2.230651604
FN(F)C1=C(F)C(F)=C(F)C(F)=C1F,2.638575395
FC1=C(F)C(=C(F)C(F)=C1C1=C(F)C(F)=C(C(F)=C1F)C(F)(F)C(F)(F)F)C(F)(F)C(F)(F)F,3.094432343
[O-][N+](=O)C1=CC=C(OC(F)(F)C(F)C(F)(F)F)C=C1,2.267636858
FC(=CC1=CC=CC=C1)C(C(F)(F)F)C(F)(F)F,2.297115801
FC1=C(F)C(F)=C(SSSC2=C(F)C(F)=C(F)C(F)=C2F)C(F)=C1F,2.713609863
FC1=CC(=CC(F)=C1F)C1=CC(F)=C(F)C(F)=C1,3.459575594
CC(=C)C1=CC=CC=C1CC(F)(F)C(F)(F)C(F)(F)C(F)(F)C(F)(F)F,2.350972026
FC1=C(F)C(F)=C(C2=CC(=NC(=C2)C2=C(F)C(F)=C(F)C(F)=C2F)C2=C(F)C(F)=C(F)C(F)=C2F)C(F)=C1F,3.590667252
CCN(CC)CC=C(F)C(F)(F)C(F)(F)C(F)(F)C(F)(F)C(F)(F)F,1.860748702
CCCC(F)=C(C(O)=O)C(F)(F)F,1.036644796
FC(F)=C(F)C(F)(F)C(F)(F)C(F)(F)C(F)(F)C(F)(F)Cl,2.457560607
COC.FC=C(F)F,1.372407777
NC(=O)C1(F)OC(F)(F)C(F)(F)C1(F)F,1.310617469
OCC1(CO)CC(CC(F)(F)C(F)(F)OC(F)(C(F)(F)F)C(F)(F)F)OC(=O)C2=CC=C(C=C2)C(=O)OC(CC(F)(F)C(F)(F)OC(F)(C(F)(F)F)C(F)(F)F)C1,1.660779742
OCCN1CCCN=C1C(F)(F)C(F)(F)C(F)(F)C(F)(F)C(F)(F)C(F)(F)F,1.540320911
OP(=O)(OCCC(F)(F)C(F)(F)C(F)(F)C(F)(F)C(F)(F)C(F)(F)C(F)(F)F)OCCC(F)(F)C(F)(F)C(F)(F)C(F)(F)C(F)(F)C(F)(F)C(F)(F)F,2.150314114
CN(C)C[C@H](O)C(F)(F)F,1.057155462
NC1=CC(SC(C(F)(F)F)(C(F)(F)F)C(F)(F)F)=CC=C1,2.058339399
FC(F)[SiH2]C=C,1.398661277
FC(F)(F)C(F)(C(F)(F)F)C(F)(F)C(F)(F)CCI,2.076383668
CC=C(C)C=CC(F)(F)F,2.234802851
FC(F)(F)C(F)(F)C(F)(F)C(F)(F)C(F)(F)C(F)(F)C(F)(F)C(F)(F)C1=CC=C(OCCOC(=O)C=C)C=C1,2.304540994
FC1=CC(F)=[SiH]C(F)=C1,2.328060471
OC1=C(O)C=C(CCCCNCC(F)(F)C(F)(F)F)C=C1,1.126098287
CCCCOC(=O)C(=C(F)F)C(F)(F)F,1.923498566
CC(C)CC(=O)CC(=O)C(F)(F)C(F)(F)C(F)(F)C(F)F,1.717584657
FC(F)(F)C(F)(OCC#N)C(F)(F)F,1.689756132
COC(CC(=C(F)F)C(F)(F)F)SC1=CC=CC=C1,2.311242038
CCOC1CC(SS1)(C(F)(F)F)C(F)(F)F,2.037477981
FC1=C(C(=O)C2=C1C(F)=C(F)C(F)=C2F)C(F)(F)F,2.777061236
CC(C)=C(F)C(=C(F)F)C(F)(F)F,2.196691405
CC(O)=O.OC1=C(F)C(F)(F)C1(F)F,0.694861997
FC(F)(F)C1(CNN=C1C#N)C(F)(F)F,1.82667432
CC1=CC=C(C=C1)C(F)=C(F)C(F)(F)F,2.201294781
COC(F)=NC(F)(F)F,0.972717783
FC(F)(F)C(Br)(C1=CC=C(C=C1)C1=CC=CC=C1)C(F)(F)Br,2.857785474
FC(F)(C1=CC=CC=C1)C(F)(F)C1=CC=CC=C1NC(=O)NC1=CC=CC=C1C(F)(F)C(F)(F)C1=CC=CC=C1,2.324313737
CC(=O)C1=CC=CC=C1C(F)(F)C(F)(F)C1=CC=CC=C1,2.168823905
OCC1(F)OC(F)(F)C(F)(F)OC1(F)F,1.319083848
COC(=O)C(F)(F)OC1=C(F)C(F)=C(F)C(F)=C1F,2.477648401
CCOC(=O)C=C(F)C(F)(F)C(F)(F)C(F)(F)C(F)(F)C(F)(F)F,2.068744304
FC(F)C(F)(F)C(F)(F)C(F)(F)COCC1=CC=CC=C1,2.10851559
FC1=C(F)C(C#N)=C(F)C(F)=C1SC1=C(F)C(F)=C(C#N)C(F)=C1F,2.117785716
CC[C@H](C)[C@H](NC(=O)C(F)(F)C(F)F)C(O)=O,0.744720401
FC1(F)OC2(F)C(F)(F)C(F)(F)C(F)(F)C(F)(F)C2(F)C(F)(F)C1(F)F,2.516986064
FC(F)(F)C(F)(F)C(F)(F)C(F)(F)C(F)(F)C(F)(F)C1=CC=C(C=C1)C(=O)OC1=CC=C(C=C1)C#N,2.148022355
OS(=O)(=O)C(F)=C(F)C(F)(F)C(F)(F)C(F)(F)C(F)(F)C(F)(F)C(F)(F)C(F)(F)F,1.989940721
CN1C=CN(C1=S)C(F)(F)C(F)F,1.170305115
NC1=C(F)C(F)=C(F)C(F)=C1F.OC1=C(F)C(F)=C(F)C(F)=C1F,1.741781767
CCCCCCCCC1=C(SC=C1)C1=CC(=CS1)C(F)(F)C(F)(F)C(F)(F)C(F)(F)C(F)(F)C(F)(F)C(F)(F)C(F)(F)F,2.328596866
OP(O)O.OCC(F)(F)C(F)(F)F.OCC(F)(F)C(F)(F)F.OCC(F)(F)C(F)(F)F,0.737557153
FC(F)(F)C(F)(F)C(F)(F)C1=CC(=O)NC(=S)N1,1.451036755
FC(=O)C(F)=C(F)C(F)(F)C(F)(F)C(F)(F)F,1.946362561
CCC(O)=O.OCC(F)(F)C(F)(F)C(F)(F)C(F)(F)C(F)(F)C(F)F,1.288372056
COC1=CC(COC(=O)C(F)(F)C(F)(F)C(F)(F)F)=C(OC)C=C1C,2.08599146
CO[Si](CCOC(=O)C(F)(F)C(F)(F)C(F)(F)C(F)(F)C(F)(F)C(F)(F)C(F)(F)C(F)(F)F)(OC)OC,1.898984533
CO[Si](OC)(OC)C(F)(F)C(F)(F)C(F)(F)C(F)(F)C(F)(F)C(F)(F)C(F)(F)F,1.913538016
CO.FC1=CC(F)=C(F)C=C1F,2.190244574
CC(C)(C)C1CCC(CC1)C(CCC(F)(F)C(F)(F)C(F)(F)C(F)(F)C(F)(F)C(F)(F)C(F)(F)C(F)(F)F)OC(=O)NNC([O-])=O,2.025714166
FC(F)(F)C(F)(F)C(F)(F)C(F)(F)C(F)(F)C(F)(F)C1=CC=C(C=C1)N1C=CC(=O)C=C1,2.185584331
FC(F)(F)C1=CC(=CC(C=CC(=O)C2=CC(=CC(=C2)C(F)(F)F)C(F)(F)F)=C1)C(F)(F)F,2.689539036
ON=C(Cl)C(F)(F)F,0.433948434
FC1(F)C(C2=CC=C(Br)C=C2)C1(F)F,2.960334577
CC1=CC=C(C=C1)C1C(F)(F)C1(F)F,2.652455827
CCCCCCCCCCCCC1=CSC(=C1)C1=C(CCCCCC(F)(F)C(F)(F)C(F)(F)C(F)(F)F)C=CS1,2.216452952
OC(=O)C(F)C(F)(F)OC(F)(F)F,0.579445933
FC1(F)C(F)(F)C2(F)C(F)(F)C1(F)C(F)(F)C(F)(F)C2(F)F,2.660414795
OC(=O)C(F)(C(F)C(F)(F)F)C(F)(F)F,1.225840699
CC(O)=O.OC1=C(F)C(F)=C(C(F)=C1F)C(F)(F)F,1.214511098
CC(C)(C)OOC(O)(C(F)(F)F)C(F)(F)F,1.580805214
CCCSC(=O)C(F)(F)F,1.433847121
OS(O)=O.OC(C(F)(F)F)C(F)(F)F.OC(C(F)(F)F)C(F)(F)F,0.745582367
FC(F)=[SiH2],0.953575143
FC(F)(F)C1=C(C(=C1C(F)(F)F)C(F)(F)F)C(F)(F)F,2.80270204
FC(F)(F)C(I)C(F)(F)C(F)(F)C(F)(F)C(F)(F)C(F)(F)C(F)(F)C(F)(F)F,2.371058046
NC1=C(F)C(OC(F)(F)F)=C(F)C=C1,2.348526437
CN(C)CC(O)CN(CCCS(O)(=O)=O)S(=O)(=O)C(F)(F)C(F)(F)C(F)(F)C(F)(F)C(F)(F)C(F)(F)C(F)(F)C(F)(F)F,1.679642312
FC(F)(F)C(F)(F)C(F)(F)C(F)(F)S(F)(=O)=O,1.530165962
FC(F)(F)C(F)(F)C(Cl)(Cl)Cl,1.927386497
OS(=O)(=O)C1(F)C(F)(F)C(F)(F)C(F)(C(F)(F)F)C(F)(F)C1(F)F,1.756127213
FC(F)(F)C1(F)C(F)(F)C(F)(F)C(F)(F)C(F)(F)C1(F)C(F)(F)F,2.535267034
CC(O)C(F)(F)F,0.680658951
COC(F)(F)C(F)(F)F,1.550738734
FC(F)(F)C(F)(Cl)C(Cl)(Cl)C(F)(F)F,2.097004604
OS(=O)(=O)C(F)(F)C(F)(F)C(F)(F)C(F)(F)C(F)(F)C(F)(F)C(F)(F)C(F)(F)C(F)(F)C(F)(F)C(F)(F)C(F)(F)F,2.143053989
OP(=O)(OCCC(F)(F)C(F)(F)C(F)(F)C(F)(F)C(F)(F)C(F)(F)F)OCCC(F)(F)C(F)(F)C(F)(F)C(F)(F)C(F)(F)C(F)(F)C(F)(F)C(F)(F)F,2.150737049
OC(=O)CCC(F)(F)C(F)(F)C(F)(F)C(F)(F)C(F)(F)F,1.695656576
CC(O)=NC1=C(F)C=C(F)C(=C1)C(F)(F)F,1.935397426
CCN(CC)C(F)(F)C(F)C(F)(F)F,1.175885375
OCC(F)(F)C(F)(F)C(F)(F)C(F)(F)F,1.626964943
CCOC(=O)CC(=O)C(F)(F)C(F)(F)F,1.050651468
F\C(=C(\F)C(F)(F)F)C(F)(F)F,2.107744417
OC(=O)C(F)(Cl)C(F)(F)C(F)(Cl)C(F)(F)C(F)(Cl)C(F)(F)C(F)(Cl)C(F)(F)Cl,1.736886914
OC(=O)C(F)(F)C(F)(F)C(F)(F)C(F)(F)C(F)F,1.463399641
FC(F)(F)C1(F)C(F)(F)C(F)(F)C1(F)C(F)(F)F,2.55059568
[NH4+].[O-]C(=O)C(F)(F)C(F)(F)C(F)(F)C(F)(F)C(F)(F)C(F)(F)C(F)(F)C(F)(F)F,1.772373467
FC(F)=C(F)C(F)(F)C1(F)OC1(F)F,2.202376147
OC(COC(=O)C=C)CC(F)(F)C(F)(F)C(F)(F)C(F)(F)C(F)(F)C(F)(F)C(F)(F)C(F)(F)C(F)(F)C(F)(F)C(F)(C(F)(F)F)C(F)(F)F,2.180899287
FC(F)(F)C(F)(F)C(F)(F)C(F)(F)C(F)(F)C(F)(F)CCSC#N,2.221913689
C1CCOC1.OC(C(F)(C(F)(F)F)C(F)(F)F)C(F)(C(F)(F)F)C(F)(F)F,1.736983876
FC(=O)C(F)(OC(F)(F)C(F)(OC(F)(F)C(F)(OC(F)(F)C(F)(OC(F)(F)C(F)(F)C(F)(F)F)C(F)(F)F)C(F)(F)F)C(F)(F)F)C(F)(F)F,2.406862122
FC(F)(F)C(F)(C(F)(F)F)C(F)(F)C(F)(F)C(F)(F)C(F)(F)C(F)(F)C(F)(F)C(F)(F)C(F)(F)CC1CO1,2.386555181
FC(F)(F)C(F)(F)C(C(F)(F)F)(C(F)(F)C(F)(F)F)C(F)(C(F)(F)F)C(F)(F)F,2.739119019
OC(COP(O)(O)=O)CC(F)(F)C(F)(F)C(F)(F)C(F)(F)C(F)(F)C(F)(F)C(F)(C(F)(F)F)C(F)(F)F,1.847077356
OC(COP(O)(O)=O)CC(F)(F)C(F)(F)C(F)(F)C(F)(F)C(F)(F)C(F)(F)C(F)(F)C(F)(F)C(F)(C(F)(F)F)C(F)(F)F,1.970225222
CCCN(CCOP(O)(O)=O)S(=O)(=O)C(F)(F)C(F)(F)C(F)(F)C(F)(F)C(F)(F)C(F)(F)C(F)(F)C(F)(F)F,1.657480806
FC(F)C(F)(F)C(F)(F)C(F)(F)COC=C,1.917091191
OCC(O)CC(F)(F)C(F)(F)C(F)(F)C(F)(F)C(F)(F)C(F)(F)C(F)(C(F)(F)F)C(F)(F)F,2.176760059
FC(F)(F)C1(F)C(F)(F)C(F)(F)C(F)(F)C(F)(F)C1(C(F)(F)F)S(F)(=O)=O,2.244747759
[H]N(C(=O)OCCN(CC)S(=O)(=O)C(F)(F)C(F)(F)C(F)(F)C(F)(F)C(F)(F)C(F)(F)F)C1=CC(N([H])C(=O)OC(C)COC(=O)C(C)=C)=C(C)C=C1,1.182643962
FC(F)(F)C(F)(F)C1(C(F)(F)F)C(F)(OC(F)(C(F)(F)F)C1(F)C(F)(F)F)C(F)(F)F,2.795702295
CCCCC(=O)OCC(F)(F)C(F)(F)C(F)(F)C(F)(F)CCC,1.962211402
FC(F)C(F)(F)C(F)(F)C(F)(F)C(F)(F)OC(F)=C(F)F,2.391294346
OC(=O)C(F)(F)OC(F)(F)C(F)(F)OC(F)(F)C(F)(F)F,1.347205561
FC(C(F)C(F)(C(F)(F)F)C(F)(F)F)C(F)(F)F,2.255823992
C[N+](C)(CCCNCC(O)CC(F)(F)C(F)(F)C(F)(F)C(F)(F)C(F)(F)C(F)(F)C(F)(F)C(F)(F)F)CCC([O-])=O,1.592307888
[NH4+].[NH4+].[O-]P([O-])(=O)OCCC(F)(F)C(F)(F)C(F)(F)C(F)(F)C(F)(F)C(F)(F)C(F)(F)C(F)(F)C(F)(F)C(F)(F)C(F)(F)C(F)(F)C(F)(C(F)(F)F)C(F)(F)F,1.530127093
FC(F)(F)C(F)(C(F)(F)F)C(F)(F)S(=O)(=O)OS(=O)(=O)C(F)(F)C(F)(C(F)(F)F)C(F)(F)F,1.866600323
CCCCOCCOCCOCC(O)CC(F)(F)C(F)(F)C(F)(F)C(F)(F)C(F)(F)C(F)(F)C(F)(F)C(F)(F)F,1.995198155
CN(C)CCCNCC(O)CC(F)(F)C(F)(F)C(F)(F)C(F)(F)C(F)(F)C(F)(F)C(F)(F)C(F)(F)C(F)(F)C(F)(F)F,1.961354868
CN(C)CCCNC(O)CCC(F)(F)C(F)(F)C(F)(F)C(F)(F)C(F)(F)C(F)(F)C(F)(F)C(F)(F)C(F)(C(F)(F)F)C(F)(F)F,1.965116671
OC(COP(O)(O)=O)CC(F)(F)C(F)(F)C(F)(F)C(F)(F)C(F)(F)C(F)(F)C(F)(F)C(F)(F)C(F)(F)C(F)(F)C(F)(F)C(F)(F)C(F)(F)C(F)(F)C(F)(F)C(F)(F)F,2.174978415
FC(F)(F)C(=C1C(F)(OCCOC1(C(F)(F)F)C(F)(F)F)C(F)(F)F)C(F)(F)F,2.538007521
[OH-].C[N+](C)(CCCNCC(O)CC(F)(F)C(F)(F)C(F)(F)C(F)(F)C(F)(F)C(F)(F)C(F)(C(F)(F)F)C(F)(F)F)CCC(O)=O,1.209295195
CN(CCOC(=O)C=C)S(=O)(=O)CC(F)(F)C(F)(F)C(F)(F)C(F)(F)C(F)(F)C(F)(F)C(F)(F)C(F)(F)C(F)(F)C(F)(F)C(F)(F)C(F)(F)C(F)(F)C(F)(F)F,2.15721094
FC(F)(Cl)C(F)(Cl)C(F)(F)C(F)(Cl)C(F)(F)C(=O)OOC(=O)C(F)(F)C(F)(Cl)C(F)(F)C(F)(Cl)C(F)(F)Cl,1.969496545
[H]N(C(=O)C(F)(F)C(F)(F)C(F)(F)F)C1=CC(Cl)=C(Cl)C=C1,2.3812732
COC(F)(C(F)(F)C(F)(F)F)C(F)(C(F)(F)F)C(F)(F)F,2.140970094
FC(F)(F)C(F)(F)C(F)(F)C(F)(F)S(=O)(=O)NS(=O)(=O)C(F)(F)F,1.134253122
C[N+](C)(C)C.[O-]C(=O)C(F)(F)C(F)(F)C(F)(F)C(F)(F)C(F)(F)C(F)(F)C(F)(F)F,1.686878969
CCCCCCCCCCCCCCCCCCC(F)(F)C(F)(F)C(F)(F)C(F)(F)C(F)(F)C(F)(F)C(F)(F)F,2.360951683
FC(F)(F)C(F)(F)C(F)(C(F)(F)F)C(C(F)(F)F)(C(F)(F)C(F)(F)F)C(F)(F)C(F)(F)F,2.818562264
CN(C)CCCN(CCC(O)=O)S(=O)(=O)C(F)(F)C(F)(F)C(F)(F)C(F)(F)F,1.012791552
FC(F)(F)\C=C\Cl,1.881677587
FC(F)(F)C(F)(F)S(=O)(=O)NS(=O)(=O)C(F)(F)C(F)(F)F,0.875022086
FC(F)(F)C(F)(F)OC(F)(F)C(F)(F)C(F)(F)OC(F)(F)C(F)(F)C(F)(F)F,2.198326276
FC(F)(F)[C@@](F)(Cl)[C@](F)(Cl)C(F)(F)F,2.191228598
[O-]S(=O)(=O)C1(F)C(F)(F)C(F)(F)C(F)(C(F)(F)C(F)(F)F)C(F)(F)C1(F)F,1.76839111
OC(=O)C(F)(F)OC(F)(F)OC(F)(F)OC(F)(F)F,0.927997967
OC(=O)C(F)(OC(F)(F)C(F)(F)C(F)(F)C(F)(F)C(F)(F)F)C(F)(F)F,1.704454316
OC(=O)C(F)(OC(F)(F)C(F)(OC(F)(F)C(F)(OC(F)(F)C(F)(OC(F)(F)C(F)(OC(F)(F)C(F)(F)C(F)(F)F)C(F)(F)F)C(F)(F)F)C(F)(F)F)C(F)(F)F)C(F)(F)F,2.241485326
[O-]C(=O)C(F)(F)C(F)(F)C(F)(F)C(F)(F)C(F)(F)F,1.825036165
[O-]C(=O)C(F)(F)C(F)(F)C(F)(F)C(F)(F)C(F)(F)C(F)(F)C(F)(F)C(F)(F)C(F)(F)C(F)(F)C(F)(F)C(F)(F)F,2.232661266
[O-]S(=O)(=O)C(F)(F)C(F)(F)C(F)(F)C(F)(F)C(F)(F)C(F)(F)C(F)(F)F,1.652370187
C[N+](C)(CCC(F)C(F)(F)C(F)(F)C(F)(F)C(F)(F)C(F)(F)C(F)(F)C(F)(F)C(F)(F)C(F)(F)F)CC([O-])=O,2.145528539
[H]N(CCC[N+]([H])(C)C)S(=O)(=O)CCC(F)(F)C(F)(F)C(F)(F)C(F)(F)C(F)(F)C(F)(F)F,1.591649795
C[N+](C)(CCCNC(=O)CSCCC(F)(F)C(F)(F)C(F)(F)C(F)(F)C(F)(F)C(F)(F)C(F)(F)C(F)(F)C(F)(F)C(F)(F)C(F)(F)C(F)(F)F)CC([O-])=O,1.904864801
CC(C)(CS(O)(=O)=O)NC(=O)CCSCCC(F)(F)C(F)(F)C(F)(F)C(F)(F)C(F)(F)C(F)(F)C(F)(F)C(F)(F)C(F)(F)C(F)(F)C(F)(F)C(F)(F)F,2.000607829
OC(=O)CCSCCC(F)(F)C(F)(F)C(F)(F)C(F)(F)C(F)(F)C(F)(F)C(F)(F)C(F)(F)F,1.981625899
NS(=O)(=O)CCC(F)(F)C(F)(F)C(F)(F)C(F)(F)C(F)(F)C(F)(F)C(F)(F)C(F)(F)C(F)(F)C(F)(F)F,2.141860473
[2H]N([2H])S(=O)(=O)C(F)(F)C(F)(F)C(F)(F)C(F)(F)C(F)(F)C(F)(F)C(F)(F)C(F)(F)F,2.086153686
[2H]OC(=O)C(F)(F)C(F)(F)C(F)(F)F,1.704886355
[H]C(F)(F)C(F)(F)C(F)(F)C(F)(F)C(F)(F)C(F)(F)C(F)(F)C(F)(F)C(F)(F)C(F)(F)C(F)(F)C([O-])=O,2.175440556
[H]C(F)(F)C(F)(F)C(F)(F)C(F)(F)C(F)(F)C(F)(F)C([O-])=O,1.877672975
C[N+](C)(CCCNC(=O)C(F)(F)C(F)(F)C(F)(F)C(F)(F)C(F)(F)C(F)(F)C(F)(F)C(F)(F)F)CC([O-])=O,1.671112813
[O-]S(=O)(=O)C(F)(F)C(F)(F)F,0.361831941
OP(=O)(OCCC(F)(F)C(F)(F)C(F)(F)C(F)(F)C(F)(F)F)OCCC(F)(F)C(F)(F)C(F)(F)C(F)(F)C(F)(F)C(F)(F)C(F)(F)F,2.070541612
CCN(CC(=O)OC)S(=O)(=O)C(F)(F)C(F)(F)C(F)(F)C(F)(F)C(F)(F)C(F)(F)C(F)(F)C(F)(F)F,1.807588484
FC(F)(F)C(F)(C(F)(F)F)C(F)(F)C(F)(F)C(F)(F)C(F)(F)C(F)(F)C(F)(F)C(F)(C(F)(F)F)C(F)(F)F,2.562751377
FC(F)(F)C(F)(F)C(F)(F)C(F)(F)C1(F)C(F)(F)C(F)(F)C(F)(F)C2(F)C(F)(F)C(F)(F)C(F)(F)C(F)(F)C12F,2.74073192
[NH4+].[O-]S(=O)(=O)CCC(F)(F)C(F)(F)C(F)(F)C(F)(F)C(F)(F)C(F)(F)C(F)(F)C(F)(F)F,1.549723193
FC(F)(F)C(F)(F)C(F)(F)C(F)(F)C(F)(C(F)(F)F)C(F)(F)C(F)(F)F,2.456074622
FC(F)(F)C(F)(F)C(F)(F)C(F)(F)C(=O)N1N=C(C=C1C(F)(F)C(F)(F)C(F)(F)C(F)(F)C(F)(F)C(F)(F)F)C(F)(F)C(F)(F)C(F)(F)C(F)(F)C(F)(F)C(F)(F)F,2.367346886
F\C(OC1=CC=C(C=C1)S(Cl)(=O)=O)=C(\F)C(F)(F)C(F)(F)C(F)(F)C(F)(F)F,1.943148409
O[13C](=O)[13C](F)(F)C(F)(F)C(F)(F)C(F)(F)C(F)(F)C(F)(F)C(F)(F)C(F)(F)C(F)(F)F,1.944408707
CC(C)(CS([O-])(=O)=O)NC(=O)CCS(=O)(=O)CCC(F)(F)C(F)(F)C(F)(F)C(F)(F)C(F)(F)C(F)(F)F,1.14555112
CCCCCC(F)(F)C(F)(F)C(F)(F)F,2.264476352
CCCCCCC(I)CC(F)(F)C(F)(F)C(F)(F)F,2.137650964
CCCCCCCCCCCCC(F)(F)C(F)(F)C(F)(F)F,2.36704303
CCCCCCCCCCC(F)(F)C(F)(F)C(F)(F)C(F)(F)F,2.396382362
FC(F)(F)C(I)CC(F)(F)C(F)(F)C(F)(F)C(F)(F)F,2.121005646
FC(F)(F)C(F)(F)C(F)(F)C(F)(F)C(F)(F)C(F)(F)CCCCBr,2.147473138
FC=C(F)C(F)(F)C(F)(F)C(F)(F)C(F)(F)F,2.373070624
OCC=CC(F)(F)C(F)(F)C(F)(F)F,1.839963993
OCC(I)CC(F)(F)C(F)(F)C(F)(F)C(F)(F)F,1.578548352
FC(F)(F)C(F)(F)C(F)(F)CC1=CC=CC=C1,2.162855355
CCCC(I)CC(F)(F)C(F)(F)C(F)(F)C(F)(F)C(F)(F)C(F)(F)C(F)(F)F,2.249888163
CCCCCC(F)(F)C(F)(F)C(F)(F)C(F)(F)C(F)(F)C(F)(F)C(F)(F)C(F)(F)C(F)(F)C(F)(F)F,2.483934855
FC(F)(F)C(F)(F)C(F)(F)C(F)(F)C(F)(F)C(F)(F)C(F)(F)C(F)(F)C(Br)CBr,2.369223168
FC(F)(F)C(F)(F)C(F)(F)C(F)(F)C(F)(F)C(F)(F)C#CI,2.366325007
FC(F)(F)C(F)(F)C(F)(F)CC(I)CCC(I)CC(F)(F)C(F)(F)C(F)(F)F,2.152203874
CCCC\C(I)=C\C(F)(F)C(F)(F)C(F)(F)C(F)(F)F,2.735410394
CCCCCCCC(O)C(F)(F)C(F)(F)C(F)(F)C(F)(F)F,1.865558349
CCCCCCCCCC(F)(F)C(F)(F)C(F)(F)C(F)(F)C(F)(F)C(F)(F)C(F)(F)C(F)(F)C(F)(F)C(F)(F)F,2.433318333
FC(F)(F)C(F)(F)C=CC(F)(F)C(F)(F)C(F)(F)C(F)(F)C(F)(F)F,2.5771475
CCCCCCC(F)(F)C(F)(F)C(F)(F)C(F)(F)C(F)(F)C(F)(F)C(F)(F)C(F)(F)C(F)(F)C(F)(F)C(F)(F)C(F)(F)F,2.495217558
CCCCCCCCCCCC(F)(F)C(F)(F)C(F)(F)C(F)(F)C(F)(F)C(F)(F)C(F)(F)C(F)(F)C(F)(F)C(F)(F)F,2.420904071
CCCCCCCCCCCCC(F)(F)C(F)(F)C(F)(F)C(F)(F)C(F)(F)C(F)(F)C(F)(F)C(F)(F)C(F)(F)F,2.433754597
FC(F)(F)C(F)(F)C(F)(F)C(F)(F)C(F)(F)C(F)(F)CC=O,2.149350032
CCCCCCCCCCCCCCCCCCCCC(F)(F)C(F)(F)C(F)(F)C(F)(F)C(F)(F)C(F)(F)C(F)(F)C(F)(F)C(F)(F)F,2.382469652
CCCCCCCCCCCC(F)(F)C(F)(F)C(F)(F)C(F)(F)C(F)(F)C(F)(F)C(F)(F)C(F)(F)C(F)(F)C(F)(F)C(F)(F)C(F)(F)F,2.439761403
OP(O)(=O)C(F)(F)C(F)(F)C(F)(F)C(F)(F)F,1.385289186
FC(F)(F)C(F)(F)C=CC(F)(F)C(F)(F)C(F)(F)C(F)(F)C(F)(F)C(F)(F)F,2.605310575
FC(F)(F)C(F)(F)C(F)(F)C(F)(F)C(F)(F)C(Cl)=O,1.935570573
FC(C(F)(F)F)C(F)(F)OCC(F)(F)C(F)(F)C(F)(F)F,2.137579246
CCCCCCCCCCCCCCCCCCC(I)CC(F)(F)C(F)(F)C(F)(F)C(F)(F)C(F)(F)C(F)(F)C(F)(F)C(F)(F)F,2.207316924
FC(F)(F)C(F)(F)C(F)(F)C(F)(F)C(F)(F)C(F)(F)C(F)(F)C(F)(F)C(F)(F)C(F)(F)C(F)(F)C(F)(F)C(F)(F)C(F)(F)C(F)(F)C(F)(F)C(F)(F)C(F)(F)F,2.687220406
NCC(F)(F)C(F)(F)C(F)(F)C(F)(F)C(F)(F)C(F)(F)C(F)(F)C(F)(F)C(F)(F)F,2.15933776
FC(F)(F)C(F)(F)C(F)(F)C(F)(F)C(F)(F)C(F)(F)C(F)(F)C(F)(F)CCCCCCCCC(F)(F)C(F)(F)C(F)(F)C(F)(F)C(F)(F)C(F)(F)C(F)(F)C(F)(F)F,2.528514742
CCCCOC(=O)C(F)(F)C(F)(F)C(F)(F)F,1.811254776
CC(=O)OCCC(F)(F)C(F)(F)C(F)(F)F,1.596105891
FC(F)(F)C(F)(F)C(F)(F)C(F)(F)C#CC1=CC=CC=C1,2.37117985
NC(CCCC(F)(F)C(F)(F)C(F)(F)F)C(O)=O,1.337936913
OCCC(F)(F)C(F)(F)C(F)(F)C(F)(F)C(F)(F)C(F)(F)C(F)(F)C(F)(F)C(F)(F)C(F)(F)C(F)(F)C(F)(F)C(F)(F)F,2.353120561
CC(=O)CCC(F)(F)C(F)(F)C(F)(F)C(F)(F)C(F)(F)C(F)(F)C(F)(F)C(F)(F)F,2.129834629
CCCCCCCCCCCCCCC=CC(F)(F)C(F)(F)C(F)(F)C(F)(F)C(F)(F)C(F)(F)C(F)(F)C(F)(F)F,2.594391804
CN(C)[Si](C)(C)CCC(F)(F)C(F)(F)C(F)(F)C(F)(F)C(F)(F)C(F)(F)C(F)(F)C(F)(F)F,2.241488242
CCOC(=O)CCC(F)(F)C(F)(F)C(F)(F)C(F)(F)F,1.867366658
F[B-](F)(F)F.FC(F)(F)C(F)(F)C(F)(F)C(F)(F)C(F)(F)C(F)(F)[I+]C1=CC=CC=C1,1.951549245
CNC(=O)C(F)(F)C(F)(F)C(F)(F)F,1.097271564
FC(F)(F)C(F)(F)C(F)(F)C1=CC=CN1,1.865650489
FC(F)(F)C(F)(F)C(F)(F)CO[Si](Cl)(OCC(F)(F)C(F)(F)C(F)(F)F)OCC(F)(F)C(F)(F)C(F)(F)F,2.114595551
FC(F)(F)C(F)(F)C(F)(F)C(F)(F)C(F)(F)C(F)(F)CCC(C[Si](Cl)(Cl)Cl)C(F)(F)C(F)(F)C(F)(F)C(F)(F)C(F)(F)C(F)(F)F,2.700214958
CC(C(O)=O)C(F)(F)C(F)(F)C(F)(F)C(F)(F)C(F)(F)C(F)(F)C(F)(F)C(F)(F)F,1.868990085
CC1=CC=C(N)C=C1.OP(O)(=O)C(F)(F)C(F)(F)C(F)(F)C(F)(F)C(F)(F)C(F)(F)C(F)(F)C(F)(F)F,1.485309174
FC(=CC=O)C(F)(F)C(F)(F)C(F)(F)C(F)(F)C(F)(F)C(F)(F)C(F)(F)C(F)(F)C(F)(F)F,2.421912937
CC(=O)CC(=O)C(F)(F)C(F)(F)C(F)(F)C(F)(F)C(F)(F)C(F)(F)C(F)(F)C(F)(F)F,1.891813127
CC(=O)OCCC(F)(F)C(F)(F)C(F)(F)C(F)(F)C(F)(F)C(F)(F)F,1.974448196
NC(=C[N+]([O-])=O)C(F)(F)C(F)(F)C(F)(F)C(F)(F)F,1.672017535
CCOC(=O)CC(=O)CCCC(F)(F)C(F)(F)C(F)(F)C(F)(F)F,1.635840357
FC(F)COS(=O)(=O)C(F)(F)C(F)(F)C(F)(F)C(F)(F)F,1.530253376
CS(=O)(=O)OCCC(F)(F)C(F)(F)C(F)(F)C(F)(F)C(F)(F)C(F)(F)F,1.79509396
FC(F)(F)C(F)(F)C(F)(F)COC1=CC=C(C=C1)C#N,2.024618974
CCCCOC(=O)C(F)(F)C(F)(F)C(F)(F)C(F)(F)C(F)(F)C(F)(F)C(F)(F)F,2.097434689
FC1=C(F)C(F)=C(C(F)=C1F)C(F)(F)C(F)(F)C(F)(F)C(F)(F)F,2.814408164
CC(OS(=O)(=O)C(F)(F)C(F)(F)C(F)(F)C(F)(F)F)C(F)(F)F,1.534869258
CC1=CC=C(C)C(=C1)C(F)(F)C(F)(F)C(F)(F)C(F)(F)C(F)(F)C(F)(F)F,2.226868261
CC(C)=COS(=O)(=O)C(F)(F)C(F)(F)C(F)(F)C(F)(F)F,1.700525488
OCCOCCOCCOCCOCCOC(F)(F)C(F)(F)C(F)(F)C(F)(F)C(F)(F)C(F)(F)C(F)(F)F,1.805805636
CC(C)N(CC(O)C(F)(F)C(F)(F)C(F)(F)C(F)(F)C(F)(F)C(F)(F)F)C(C)C,1.705347483
CCCCCCCCCCNC(=O)C(F)(F)C(F)(F)C(F)(F)F,1.739599939
[O-][N+](=O)C1=CC=C(OCC(F)(F)C(F)(F)C(F)(F)F)C=C1,2.175944356
COC1=CC(OC)=C(C(OC)=C1)C(F)(F)C(F)(F)C(F)(F)F,2.561717837
FC(F)(F)C(F)(F)C(F)(F)C(F)(F)C1=CSC2=CC=CC=C12,2.376086448
NC1=CC=C(C#N)C(=C1)C(F)(F)C(F)(F)C(F)(F)C(F)(F)C(F)(F)F,1.791282216
FC(F)(F)C(F)(F)C(F)(F)C(F)(F)C(F)(F)C(F)(F)C(F)(F)CNC(=O)C=C,2.027673108
FC(F)(F)C(F)(F)C(F)(F)C(F)(F)C1=CNC2=C1C=CC=C2,2.182030506
CCOC(=O)CS(=O)(=O)C(F)(F)C(F)(F)C(F)(F)C(F)(F)F,1.441654415
CC1=CC=C(C=C1)S(=O)(=O)OCCC(F)(F)C(F)(F)C(F)(F)C(F)(F)F,1.562283805
CCCCCNC(=O)C(F)(F)C(F)(F)C(F)(F)C(F)(F)C(F)(F)C(F)(F)C(F)(F)C(F)(F)F,1.962295673
OCCNC(=O)C(F)(F)C(F)(F)C(F)(F)C(F)(F)C(F)(F)C(F)(F)F,1.68655777
CCCCCCCCNC(=O)C(F)(F)C(F)(F)C(F)(F)C(F)(F)C(F)(F)C(F)(F)C(F)(F)C(F)(F)F,1.981589354
FC(F)(F)C(F)(F)C(F)(F)C(=O)NC1=CC=C(Br)C=C1,1.981152223
CCCCCCCCCCCCNC(=O)C(F)(F)C(F)(F)C(F)(F)C(F)(F)C(F)(F)C(F)(F)C(F)(F)C(F)(F)F,2.006382889
CC(C)(C)OC(=O)NCC(I)CC(F)(F)C(F)(F)C(F)(F)C(F)(F)F,1.694400553
NC1=CC=C(C=C1)C1=NNC(=N1)C(F)(F)C(F)(F)C(F)(F)F,1.682080212
OC1(OCCC=C1)C(F)(F)C(F)(F)C(F)(F)C(F)(F)C(F)(F)C(F)(F)F,1.883349911
CC1=CC=C(NC(=O)C(F)(F)C(F)(F)C(F)(F)F)C(C)=C1,1.563620228
NC1=NC(OCC(F)(F)C(F)(F)C(F)(F)C(F)(F)C(F)(F)C(F)(F)F)=NC(N)=N1,1.573698748
OCCOCCNC(=O)C(F)(F)C(F)(F)C(F)(F)C(F)(F)C(F)(F)C(F)(F)C(F)(F)F,1.732678229
OC(=O)[C@@H](CC1=CC=CC=C1)NC(=O)C(F)(F)C(F)(F)C(F)(F)F,0.920056236
CC(C)(C)[Si](C)(C)OCC1=CC(=CC(CO[Si](C)(C)C(C)(C)C)=C1)C(=O)C(F)(F)C(F)(F)C(F)(F)C(F)(F)C(F)(F)C(F)(F)F,2.268530786
FC(F)(F)C(F)(F)C(F)(F)C(F)(F)S(=O)(=O)NC1CCCCCCC1,1.305028083
FC(F)(F)C(F)(F)C(F)(F)C(=O)NC1=C(Cl)C=C(Cl)C(Cl)=C1,2.624256038
CCO[Si](CCCNS(=O)(=O)C(F)(F)C(F)(F)C(F)(F)C(F)(F)C(F)(F)C(F)(F)C(F)(F)C(F)(F)F)(OCC)OCC,1.625723644
NS(=O)(=O)C1=CC=C(CNC(=O)C(F)(F)C(F)(F)C(F)(F)F)C=C1,0.7718346
FC1=CC=C(NS(=O)(=O)C(F)(F)C(F)(F)C(F)(F)C(F)(F)F)C(F)=C1,1.675209496
FC1=C(F)C(F)=C(F)C2=C1NN=C2C(F)(F)C(F)(F)C(F)(F)C(F)(F)F,2.335517943
CC(C)(C)[Si](C)(C)OCC1=CC(=CC(CO[Si](C)(C)C(C)(C)C)=C1)C(=NO)C(F)(F)C(F)(F)C(F)(F)C(F)(F)C(F)(F)C(F)(F)F,2.190361161
Cl.FC(F)(F)C(F)(F)C(F)(F)C(F)(F)OC1=CC=C(NC(=O)C2=CC=NC=C2)C=C1,1.941485347
COC(=O)C1=C(OC)C=CC=C1OS(=O)(=O)C(F)(F)C(F)(F)C(F)(F)C(F)(F)F,1.725959652
CC1(C)CC2=CC=CC=C2C(NNC(=O)C(F)(F)C(F)(F)C(F)(F)F)=N1,2.015622611
CCOC(=O)C1=C(NC(=S)NC1C1=CC=CC=C1)C(F)(F)C(F)(F)C(F)(F)C(F)(F)F,1.924162839
FC(F)(F)C(F)(F)C(F)(F)C(F)(F)S(=O)(=O)NC1=C(NS(=O)(=O)C(F)(F)C(F)(F)C(F)(F)C(F)(F)F)C(=O)C1=O,1.447093521
FC(F)(F)C(F)(C1=CC=CC=C1)C(F)(F)F,2.260274468
F\C(I)=C(/F)C(F)(C(F)(F)F)C(F)(F)F,2.153944325
OC\C(I)=C\C(F)(C(F)(F)F)C(F)(F)F,1.917775874
NC1=CC=CC=C1C(F)(C(F)(F)F)C(F)(F)F,1.880407204
CC1=CC(=CC(C)=C1N)C(F)(C(F)(F)F)C(F)(F)F,1.676083946
FC(F)(F)C(F)(C1=CN=CN1)C(F)(F)F,1.589908436
CCC1=C(N)C(Cl)=CC(=C1)C(F)(C(F)(F)F)C(F)(F)F,2.177296559
CC1=CC(=CC=C1[N+]([O-])=O)C(F)(C(F)(F)F)C(F)(F)F,2.042537679
FC(F)(F)C(F)(C1=CNC(=O)NC1=O)C(F)(F)F,1.364412897
OC1=CC=C(Br)C=C1CCCC(F)(F)C(F)(F)C(F)(F)C(F)(F)C(F)(C(F)(F)F)C(F)(F)F,2.017888842
FC1=C2C(=O)C(F)(C2=C(F)C(F)=C1F)C(F)(C(F)(F)F)C(F)(F)F,2.804886064
[O-][N+](=O)C1=C(C(F)=C(C(F)=C1F)C(F)(C(F)(F)F)C(F)(F)F)C(F)(C(F)(F)F)C(F)(F)F,2.726278591
CCC1=C(C(=CC=C1C(O)=O)C(F)(C(F)(F)F)C(F)(F)F)S(C)(=O)=O,1.203168232
CC(C)S(=O)(=O)C1=C(C)C(=CC=C1C(F)(C(F)(F)F)C(F)(F)F)C(O)=O,1.348493186
CCCS(=O)(=O)C1=C(CC)C(=CC=C1C(F)(C(F)(F)F)C(F)(F)F)C(O)=O,1.419993645
CCC1=C(C(=CC=C1C(O)=O)C(F)(C(F)(F)F)C(F)(F)F)S(=O)(=O)CC(C)C,1.567942648
CC1=CC(=CC(C)=C1NC(=O)C1=CC=CC(NC(=O)C2=C(F)C(F)=C(F)C(F)=C2F)=C1)C(F)(C(F)(F)F)C(F)(F)F,1.929136475
CN(C(=O)C1=CC=C(F)C=C1Cl)C1=CC=CC(C(=O)NC2=C(C)C=C(C=C2C)C(F)(C(F)(F)F)C(F)(F)F)=C1F,1.94911242
NC(=O)C(F)(OC(F)(F)F)C(F)(F)F,1.069708596
FC(F)(F)C(F)(F)OC(F)(F)C(F)(OC(F)(F)C(F)(F)Br)C(F)(F)F,2.13855408
FC(F)(F)C(F)(F)C(F)(F)OC(F)(C(=O)OCC=C)C(F)(F)F,1.996534114
CCCCCOC(=O)C(F)(OC(F)(F)C(F)(F)C(F)(F)F)C(F)(F)F,2.043117252
FC(F)(F)C(F)(F)C(F)(F)OC(F)(C(F)(F)F)C(F)(F)OC(F)(COC(=O)C=C)C(F)(F)F,2.17139734
FC(OC(F)(F)C(F)(F)C(F)(F)F)C(F)(F)OC1=CC=CC=C1C=C,2.311265909
OC(=O)C1=CC(=CC(OC(F)(F)C(F)OC(F)(F)C(F)(F)C(F)(F)F)=C1)C(O)=O,1.271749785
FC1=C(F)C(=C(F)C(F)=C1Br)C(F)(F)C(F)(OC(F)(F)C(F)(OC(F)(F)C(F)(F)C(F)(F)F)C(F)(F)F)C(F)(F)F,2.680505082
OC(=O)CCC(F)(F)C(F)(F)OC(F)(C(F)(F)F)C(F)(F)F,1.594465106
OC(=O)C(C(F)(F)C(F)(F)F)(C(F)(F)C(F)(F)F)C(F)(F)C(F)(F)F,1.741036366
OC(=O)C(F)(C(F)(F)F)C(F)(F)C(C(F)(F)F)(C(F)(F)F)C(F)(F)F,1.81207088
OC(=O)C(F)(F)C(F)(C(F)(F)C(F)(F)F)C(F)(F)C(F)(F)C(F)(F)F,1.766755288
OC(=O)C(F)(C(F)(F)F)C(F)(F)C(F)(C(F)(F)F)C(F)(F)C(F)(F)F,1.740779808
[NH4+].[O-]S(=O)(=O)C(F)(F)C(F)(F)OC(F)(C(F)(F)F)C(F)(F)OC(F)(F)C(F)(F)F,1.209455403
[NH4+].[O-]C(=O)C(F)(C(F)(F)C(F)(F)F)C(F)(F)C(F)(F)C(F)(F)C(F)(F)F,1.67447677
CCCCCC\C=C\C(F)(F)C(F)(F)C(F)(F)C(F)(F)F,2.684212609
CCOC(F)(F)C(F)(F)C(F)(F)C(F)(F)F.CCOC(F)(F)C(F)(C(F)(F)F)C(F)(F)F,1.87338766
FC(F)(F)C(F)(F)C(F)(F)C(F)(F)\C=C\C(F)(F)C(F)(F)C(F)(F)C(F)(F)C(F)(F)C(F)(F)C(F)(F)C(F)(F)F,2.686831123
OC\C(I)=C\C(F)(F)C(F)(F)C(F)(F)C(F)(F)C(F)(F)C(F)(F)F,2.229432844
OC(=O)[C@H]1CC[C@H](CC1)C(F)(F)C(F)(F)C(F)(F)F,1.352126439
NC(=O)[C@H]1CC[C@H](CC1)C(F)(F)C(F)(F)C(F)(F)F,1.53449172
CC(CNC(=O)C(F)(F)C(F)(F)C(F)(F)F)NC(=O)C(F)(F)C(F)(F)C(F)(F)F,1.255337323
NCC(=O)NC1=CC=C(C(=C1)B(O)O)C(F)(F)C(F)(F)C(F)(F)F,1.291341068
OC\C=C/C(F)(C(F)(F)F)C(F)(F)F,2.083883484
CC(=O)NC1=CC(OC(=C(C(F)(C(F)(F)F)C(F)(F)F)C(F)(C(F)(F)F)C(F)(F)F)C(F)(F)F)=CC(NC(C)=O)=C1,2.255274331
FC(=C(F)C(F)(C(F)(F)F)C(F)(F)F)C(F)(F)I,2.205771833
FC(F)(F)C(F)(F)C(F)(F)COB(OCC(F)(F)C(F)(F)C(F)(F)F)OCC(F)(F)C(F)(F)C(F)(F)F,2.201346072
C1CC[NH2+]CC1.[O-]C(=O)C(F)(F)C(F)(F)C(F)(F)C(F)(F)C(F)(F)C(F)(F)C(F)(F)C(F)(F)F,1.569754838
FC(F)(F)C(F)(F)C(F)(F)C(F)(F)C(F)(F)C(=O)OC(=O)C(F)(F)C(F)(F)C(F)(F)C(F)(F)C(F)(F)F,2.100175261
CCCCN1C[NH+](C)C=C1.FC(F)(F)C(F)(F)C(F)(F)C(F)(F)S(=O)(=O)[N-]S(=O)(=O)C(F)(F)C(F)(F)C(F)(F)C(F)(F)F,1.2477485
[H]\C(=N/[S@@](=O)C(F)(F)C(F)(F)C(F)(F)C(F)(F)F)C1=C(F)C=CC=C1,2.075786255
FC(F)(F)C(F)(F)C(F)(F)C(F)(F)C(F)(F)C(F)(F)C(F)(F)C1=NP(N=[N+]=[N-])(N=[N+]=[N-])=NC(=N1)C(F)(F)C(F)(F)C(F)(F)C(F)(F)C(F)(F)C(F)(F)C(F)(F)F,2.451807548
ClC1=CC=C(C=C1)[N+]#N.OC(=O)C(F)(F)C(F)(F)C(F)(F)F.[O-]C(=O)C(F)(F)C(F)(F)C(F)(F)F,1.206358207
[NH4+].[O-]C(=O)C(F)(F)C(F)(F)C(F)(F)C(F)(F)C(F)(F)C(F)(F)C(F)(F)C(F)(F)C(F)(F)C(F)(F)F,1.865617382
CCC(\C=N\NC1=C(C=C(C=C1)[N+]([O-])=O)[N+]([O-])=O)C(F)(F)C(F)(F)C(F)(F)C(F)(F)C(F)(F)C(F)(F)F,2.311632251
[H][C@]1(CO)O[C@]([H])(O)[C@](O)([C@]1([H])O)C(F)(F)C(F)(F)C(F)(F)F,0.944233531
CC(C)=C(C(C(=O)C(F)(F)C(F)(F)C(F)(F)F)=P(C1=CC=CC=C1)(C1=CC=CC=C1)C1=CC=CC=C1)C(F)(F)C(F)(F)C(F)(F)F,2.771262126
OC(NC1CCCCC1NC(O)C(F)(F)C(F)(F)C(F)(F)C(F)(F)C(F)(F)C(F)(F)C(F)(F)F)C(F)(F)C(F)(F)C(F)(F)C(F)(F)C(F)(F)C(F)(F)C(F)(F)F,1.717877633
OB(O)C1=CC(=CC(=C1)C(F)(C(F)(F)F)C(F)(F)F)C(F)(C(F)(F)F)C(F)(F)F,2.156472511
[H][C@]12C[C@@]3([H])[C@]4([H])CC[C@]([H])([C@H](C)CCCC(F)(C(F)(F)F)C(F)(F)F)[C@@]4(C)CC[C@]3([H])[C@@]3(C)CC[C@H](O)C[C@]13O2,2.463117587
[NH4+].[O-]S(=O)(=O)OCCC(F)(F)C(F)(F)C(F)(F)C(F)(F)C(F)(F)C(F)(F)C(F)(F)C(F)(F)C(F)(F)C(F)(F)C(F)(F)C(F)(F)F,1.699262114
[H]\C(CCCCCCCC)=C(/[H])CCCCCCCC(=O)OCCC(F)(F)C(F)(F)C(F)(F)C(F)(F)C(F)(F)C(F)(F)F,2.330152477
OS(=O)(=O)C(F)(F)C(F)(F)C(F)(F)C(F)(F)C(F)(F)C(F)(F)C(F)(F)C(F)(F)C(F)(F)C(F)(F)C(F)(F)C(F)(F)C(F)(F)F,2.188517558
OS(=O)(=O)C(F)(F)C(F)OC(F)(F)F,0.610017713
CC1(O)OC(CC1=O)(C(F)(F)F)C(F)(F)F,1.364190667
OC(CC(=O)C(Cl)C(O)(C(F)(F)F)C(F)(F)F)(C(F)(F)F)C(F)(F)F,1.282443579
NN=C(CC(O)(C(F)(F)F)C(F)(F)Cl)CC(O)(C(F)(F)F)C(F)(F)Cl,1.295930502
OC(C1CCC(Br)(Br)C1=O)(C(F)(F)F)C(F)(F)F,1.474445243
OC(=O)C(C(C(F)(F)F)C(F)(F)F)C1=CC=C(Cl)C=C1,1.866987831
[H][C@@]1(C=C(Cl)Cl)[C@@]([H])(C(=O)OCC)C1(C(F)(F)F)C(F)(F)F,2.619387549
OC(CBr)=NC1=CC(=CC(=C1)C(F)(F)F)C(F)(F)F,2.01117318
[H][C@](N)(CSC(F)(F)C(F)F)C(O)=O,0.836055244
FC(F)(F)C(F)(F)C(F)(F)CC(I)[Si]12OCCN(CCO1)CCO2,1.129346144
FC(F)C(F)(F)C1COC(CN2C=NC=N2)(O1)C1=C(Cl)C=C(Cl)C=C1,2.361952649
FC(F)(F)C1(OC(F)(F)C(F)(Cl)O1)C(F)(F)F,2.041311093
C[N+](C)(C)CC(CC([O-])=O)OC(=O)CCCCCCCCCCC(F)(F)C(F)(F)C(F)(F)C(F)(F)F,1.480022715
[H][C@](C)(N1N=CN(C1=O)C1=CC=C(OCC(F)(F)C(F)F)C=C1)[C@](O)(CN1C=NC=N1)C1=C(F)C=C(F)C=C1,1.554817165
NC(CC(F)(F)F)C(O)=O,0.523779631
FC1=C(F)C(Br)=C(F)C=C1,2.955656589
FC(C(F)(F)F)C(F)(F)N1CC1,1.391278079
FC(F)(F)P1P(C(=C1C(F)(F)F)C(F)(F)F)C(F)(F)F,2.92045828
FC1=C(C(F)=C(C(=C1F)C(F)(F)F)S(Cl)(=O)=O)C(F)(F)F,1.898990038
CCN(CC)S(=O)(=O)C1=CC=CC(=C1)C(=O)CC(O)(C(F)(F)F)C(F)(F)F,0.774737704
CCCCCCCCC(C(O)C1=CC=CC=C1)C(O)(C(F)(F)F)C(F)(F)F,1.936390269
CC(C(O)C1=CC=C(Br)C=C1)C(O)(C(F)(F)F)C(F)(F)F,1.550035921
FC(I)C(F)(F)Cl,1.810998313
FN(C(F)(F)F)C(F)(F)F,1.048027546
FC(F)(F)C(=C(C(F)(F)F)C(F)(F)F)C(F)(F)F,2.502194446
CC(Cl)(CCl)C(F)(F)F,1.798565684
CC(Br)C(=O)C(F)(F)F,0.853228992
[N-]=[N+]=O.FC(F)(F)C(Cl)Br,1.026927337
FC(C1=NC2=CC=CC=C2N1)C(F)(F)F,1.848511776
FC(F)C(F)(Cl)C(F)Cl,1.712682368
NCC(O)C(F)(F)F,0.6397909
FC(F)(F)C(=N)NNC(=N)C(F)(F)F,0.952507847
CN(C)C(N(C)C)=[N+](C)C.[O-]C(F)(C(F)(F)F)C(F)(F)F,0.657518449
FC1=CC(F)=C(I)C(F)=C1,3.293310807
FC1=C(F)C(=C(F)C(F)=C1N=NC1=C(F)C(F)=C(C(F)=C1F)C(F)(F)F)C(F)(F)F,2.655607271
FC(F)C(F)(F)COP1(OCC(F)(F)C(F)F)=NP(Cl)(Cl)=NP(Cl)(Cl)=N1,1.776478504
FCC(F)(F)C(F)(F)Cl,1.78472146
CC[O+](CC)[B-](C1=C(F)C(F)=C(F)C(F)=C1F)(C1=C(F)C(F)=C(F)C(F)=C1F)C1=C(F)C(F)=C(F)C(F)=C1F,3.08968439
CC(F)(F)OC(F)F,1.168520598
Cl.NCC(O)C1=CC(OC(F)(F)C(F)F)=CC(OC(F)(F)C(F)F)=C1,2.09275087
C[N+](C)(CCCN(CCC(O)=O)S(=O)(=O)C(F)(F)C(F)(F)C(F)(F)C(F)(F)C(F)(F)F)CCC(O)=O,0.968589118
[2H]OS(=O)(=O)C(F)(F)F,0.437201782
FC(F)(F)C1=CC(NC2=C(Cl)C(=O)C(F)(F)C2(F)F)=CC=C1,2.530213113
OC(=O)C(F)(F)C(F)(F)C(F)(F)C(F)(F)C(F)(F)C(F)(F)C(F)(F)C(F)(F)C(F)(F)C(O)=O,1.486323321
OC(=O)C(F)(F)OC(F)(OC(F)(F)C(F)(F)C(F)(F)Cl)C(F)(F)F,1.545038233
OC(=O)C(F)(F)OC(F)(OC(F)(OC(F)(OC(F)(F)C(F)(F)C(F)(F)Cl)C(F)(F)F)C(F)(F)F)C(F)(F)F,2.000840009
[H]C(C)(CCC(=O)OC(C(F)(F)F)C(F)(F)F)[C@@]1([H])CC[C@@]2([H])[C@]3([H])[C@]([H])(OC(=O)C(F)(F)F)[C@]([H])(OC(=O)C(F)(F)F)[C@]4([H])C[C@@]([H])(CC[C@]4(C)[C@@]3([H])CC[C@]12C)OC(=O)C(F)(F)F,2.240219628
[H]C1=NC(NC(=O)C(F)(F)C(F)(F)F)N=N1,1.053140109
[H]C(F)(F)C(F)(F)C(F)(F)C(F)(F)C(F)(F)C(F)(F)C(F)(F)C(F)(F)C(F)(F)C(F)(F)S(O)(=O)=O,2.016660492
OC(=O)C1=CC(=CC(OC(F)=C(F)C(F)(F)C(F)(F)C(F)(F)C(F)(F)C(F)(F)C(F)(F)C(F)(F)F)=C1)C(O)=O,1.778059782
FC1=C(F)C(F)=C1F,2.389622634
OC1=CC=C(CCNC(=O)C(F)(F)C(F)(F)C(F)(F)C(F)(F)C(F)(F)C(F)(F)C(F)(F)C(F)(F)F)C=C1O,1.517269174
C[N+](C)(CCC(CO)N(CCCS([O-])(=O)=O)S(=O)(=O)C(F)(F)C(F)(F)C(F)(F)F)CC(O)CO,0.711223041
C[N+](C)(CCCNS(=O)(=O)C(F)(F)C(F)(F)C(F)(F)C(F)(F)C(F)(F)F)CCCS(O)(=O)=O,1.115838603
OP(O)(=O)OC(F)(F)C(F)(F)C(F)(F)C(F)(F)C(F)(F)C(F)(F)C(F)(F)C(F)(F)C(F)(F)C(F)(F)F,2.054754363
NS(=O)(=O)CCC(F)(F)C(F)(F)C(F)(F)C(F)(F)F,1.46445515
C[N+](C)(CCCN(CCC(O)=O)S(=O)(=O)C(F)(F)C(F)(F)C(F)(F)C(F)(F)C(F)(F)C(F)(F)F)CCC([O-])=O,1.168931006
CC1=C(C=C(S1)C1=CC=C(O)C=C1)C1=C(C2=C(C)SC(=C2)C2=CC=C(O)C=C2)C(F)(F)C(F)(F)C1(F)F,1.956947155
FC(F)(F)C(F)(F)C1=CSC=N1,1.467682347
COC(=O)C1=CC(OC(F)(F)C(F)F)=CC=C1,2.141802528
CC1=C(F)C=C(C=C1)C(F)(F)C(F)(F)F,2.370800073
C[Si](C)(C)OC(=O)C(F)(F)C(F)(F)C(F)(F)C(F)(F)C(F)(F)C(F)(F)F,2.167066364
CC(F)(F)OCC(F)(F)C(F)(F)F,1.608911717
FC(F)(F)CNC1=CC=C(OCC(F)(F)C(F)(F)C(F)(F)F)C=C1,2.196269865
FC(F)(F)C(F)(F)C(F)(F)COC1=CC=C(Br)C=C1,2.562998576
OC(=O)\C=C\C(F)(F)C(F)F,1.043581421
OCCC(F)C(F)(F)F,1.080270531
FC(F)(F)C(F)(F)C1=CC(=CC=C1)C#N,1.773648333
FC(F)C(F)(F)CSCC1=CC=CC=C1,2.234242248
COC1=NN=C(NS(=O)(=O)C2=CC=C([NH3+])C=C2)C=C1.[O-]C(=O)C(F)(F)C(F)(F)C(F)(F)C(F)(F)C(F)(F)C(F)(F)C(F)(F)C(F)(F)F,1.22965182
FC(F)C(F)(F)C(F)(F)C(F)(F)C(F)(F)C(F)(F)COC(F)(F)C(F)C(F)(F)F,2.312495822
COC1=C(C=C(C=C1)C(F)(F)C(F)(F)F)C(C)=O,1.9836639
FC(F)C(F)(F)COC1=CC=CC=C1Br,2.558673156
OS(=O)(=O)OCCC(F)(F)C(F)(F)C(F)(F)C(F)(F)C(F)(F)C(F)(F)F,1.798910479
FC1OC1(F)C(F)(F)C(F)(F)C(F)(F)C(F)(F)F,2.206427539
FC1OC1(F)C(F)(F)C(F)(F)C(F)(F)C(F)(F)C(F)(F)C(F)(F)F,2.344635592
CC1=CN=C(C=C1)C(F)C(F)(F)F,1.517733787
COC1=C(F)C(F)(F)C(F)(F)C(F)=C1OC,2.173974872
C\C(N)=C\C(=O)C(F)(F)C(F)F,1.357898636
CCCCN(CCCC)C(=O)C(F)C(F)(F)F,1.696537069
NC1=CC=C(C=C1)C(F)C(F)(F)F,1.71791458
CCP(=O)(OC(C)C)C(F)(F)C(F)(F)C(F)(F)F,1.43114187
OS(=O)(=O)C(CC(=O)OC(F)(F)C(F)(F)C(F)(F)C(F)(F)F)C(=O)OC(F)(F)C(F)(F)C(F)(F)C(F)(F)F,1.779964096
COC(=O)C(F)(OC(F)(F)C(F)=C)C(F)(F)F,1.466302365
FC(=O)C(F)(F)OC(F)(F)C(F)(F)OC(F)(F)C(F)(F)F,1.763568122
COC(=O)C(F)(OC(F)(F)C(F)(F)CI)C(F)(F)F,1.522966675
FC(=O)C(F)(F)C(F)(F)OC(F)(F)C(F)(F)C(F)(F)OC(F)(F)C(F)(F)C(F)(F)OC(F)(F)C(F)(F)C(F)(F)F,2.112749456
C[Si](Cl)(Cl)CCCOCC(F)(OC(F)(F)C(F)(OC(F)(F)C(F)(OC(F)(F)C(F)(F)C(F)(F)F)C(F)(F)F)C(F)(F)F)C(F)(F)F,2.466724941
COC(=O)C(F)(OC(F)(F)C(F)(OC(F)(F)C(F)=C)C(F)(F)F)C(F)(F)F,1.938447128
OCC(F)(OC(F)(F)C(F)(OC(F)(F)C(F)=C)C(F)(F)F)C(F)(F)F,1.838961518
COC(C1=C(CC(C)C)C=C(C=C1)N(C(=O)C(C)C)C(=O)C1=C(C)N(C)N=C1C)(C(F)(F)F)C(F)(F)F,2.029704561
OC(=O)CNS(=O)(=O)C(F)(F)C(F)(F)C(F)(F)C(F)(F)F,1.174024725
CN(CC(O)=O)S(=O)(=O)C(F)(F)C(F)(F)C(F)(F)C(F)(F)C(F)(F)C(F)(F)F,1.606819796
OC(=O)CNS(=O)(=O)C(F)(F)C(F)(F)C(F)(F)C(F)(F)C(F)(F)C(F)(F)C(F)(F)F,1.636872841
NS(=O)(=O)C(F)(F)C(F)(F)C(F)(F)C(F)(F)C(F)(F)F,1.497283242
FC(F)(F)C(F)(F)S(=O)(=O)[N-]S(=O)(=O)C(F)(F)C(F)(F)F,0.966339607
CCCS(=O)(=O)C(F)(F)C(F)(F)F,0.970532407
FC(F)(F)C1=C(NC(=O)C2=CC(NC(=O)C3=C(Cl)N=CC=C3)=CC=C2)C(I)=CC(=C1)C(F)(C(F)(F)F)C(F)(F)F,2.04573376
FC(F)(F)C(F)(F)COP(=O)(OCC(F)(F)C(F)(F)F)OCC(F)(F)C(F)(F)F,2.030073818
FC(F)(F)C(F)(F)C(F)(F)C(F)(F)C(F)(F)C(F)(F)C(F)(F)C(F)(F)[I+]C1=CC=CC=C1,2.22129436
CC1=C(C2=CC=CC=C2S1)C1=CC(F)(F)C(F)(F)C1(F)F,2.85950949
FC(F)(I)C(F)(F)C(F)(F)C(F)(F)C(F)(F)I,2.463665938
NC1=CC(Br)=C(OC(F)=C(F)C(F)(F)C(F)(F)C(F)(F)C(F)(F)C(F)(F)C(F)(F)C(F)(F)F)C=C1N,2.256882014
FC(F)(F)C(F)(F)S(=O)(=O)C(F)(F)F,1.206505994
FC(F)(F)C(F)(F)C(F)(F)C(F)(F)C(F)(F)C(F)(F)C1CC2CC1C=C2,2.607391131
[O-]S(=O)(=O)C(F)(F)C(F)(F)CCCCCCC(F)(F)F,1.099574393
CSSC(F)(F)C(F)(F)C(F)(F)C(F)(F)F,1.938071772
OCCCCCCC(F)(F)C(F)(F)C(F)(F)C(F)(F)C(F)(C(F)(F)F)C(F)(F)F,2.098864102
CC(=C(C(F)(C(F)(F)F)C(F)(F)F)C(F)(C(F)(F)F)C(F)(F)F)C(F)(F)F,2.732524865
OS(=O)(=O)C1=CC=C(NC(=O)C(F)(F)C(F)(F)C(F)(F)C(F)(F)C(F)(F)C(F)(F)C(F)(F)F)C=C1,1.379943789
OS(=O)(=O)CCC(F)(C(F)(F)F)C(F)(F)F,1.122919804
FC=CC(F)(F)C(F)(F)C(F)C(F)(F)F,2.345631825
OS(=O)(=O)C(F)(C(=O)OCC(=O)OC1C2CC3C1OC(=O)C3C2)C(F)(F)F,1.061771598
FC1(F)CCS(=O)(=O)C1(F)F,1.081277749
CCC(COS(=O)(=O)C(F)(F)C(F)(F)F)OS(=O)(=O)C(F)(F)C(F)(F)F,1.168830622
CC(=CC(F)(C(F)(F)F)C(F)(F)F)C([O-])=O,1.722091959
CC1=CC(=CC(C)=C1NC(=O)C1=CC(N)=CC=C1)C(F)(C(F)(F)F)C(F)(F)F,1.558685408
FC(F)(F)C(F)(F)C(F)(F)CCS(=O)(=O)CC#N,1.317357551
CC1=CC(SC(F)(C(F)(F)F)C(F)(F)F)=CC(C)=C1N,1.552056145
FC(F)(F)C(F)(F)SC1=CC=C(C=C1)N1C=NC(=N1)C1=CC=C(C=O)C=C1,2.054838153
COC(=O)CC1=CC=C(C=C1)C1=NN(C=N1)C1=CC=C(OC(F)(F)C(F)(F)F)C=C1,2.192440534
C[SiH](OC1(F)C(F)(F)C(F)(F)C(F)(F)C(F)(F)C1(F)F)OC1(F)C(F)(F)C(F)(F)C(F)(F)C(F)(F)C1(F)F,2.43078043
CCC1=C(N)C(Br)=CC(=C1)C(F)(C(F)(F)F)C(F)(F)F,2.045806745
CN(CCCSCCCC(F)(F)C(F)(F)F)CCOC1=CC=C(C=C1)C1=C(CCCC2=CC=CC=C12)C1=CC=CC=C1,2.111287489
CC(F)(F)C(F)(F)COC(=O)C=C,1.768635721
FC(F)(F)C(F)(F)CS(=O)CC(F)(F)C(F)(F)F,1.637472123
CNCCCCS(=O)(=O)CCCC(F)(F)C(F)(F)F,0.899645616
NS(=O)(=O)C1=CC=CC=C1C1=CC2=C(C=C1)N=C(N2)\C=C\C1=CC=C(OCC(F)(F)C(F)(F)F)C=C1,1.881677808
[O-]S(=O)(=O)C(F)(F)C(F)OC(F)(F)C(F)(F)C(F)(F)F,1.124503384
FC(F)(F)C(F)(F)COC1=CC=C(\C=C\C2=NC3=C(N2)C=C(C=C3)C2=CC=CC=C2NS(=O)(=O)C(F)(F)F)C=C1,1.969388149
CN(C(=O)C1=CC=CC(=C1)C#N)C1=CC=CC(=C1)C(=O)NC1=C(C=C(C=C1Br)C(F)(C(F)(F)F)C(F)(F)C(F)(F)F)C(F)(F)F,1.978962242
COC(F)(F)C(F)(F)OC(F)(F)C(F)(F)OC,1.545708642
CCOC1(OC(F)(C(F)(C(F)(F)F)C(F)(F)F)C(F)(F)C1(F)F)C(F)(C(F)(F)F)C(F)(F)F,2.564580847
FC(F)(F)C(F)(F)C(F)(F)C1(F)C(F)(F)C(F)(F)C(F)(F)C(F)(C(F)(F)F)C1(F)F,2.607652526
FC1(F)N2C(F)(F)C(F)(F)C(F)(F)C(F)(F)C2(F)C(F)(F)C(F)(F)C1(F)F,2.049357908
FC(F)(F)C1(F)C(F)(F)OC2(F)C(F)(F)C(F)(F)C(F)(F)C(F)(F)C2(F)C1(F)F,2.514153051
FC(F)(F)C(F)(F)C1(F)C(F)(F)C(F)(F)C(F)(F)C(F)(F)C1(F)C(F)(F)F,2.592518395
FC(F)(F)C(F)(F)C(F)(F)C(COC(=O)C=C)(C(F)(F)C(F)(F)C(F)(F)F)C(F)(F)C(F)(F)C(F)(F)F,2.61822215
[OH-].OC(=O)C[NH2+]CCCNC(=O)C(F)(F)C(F)(F)C(F)(F)C(F)(F)C(F)(F)C(F)(F)C(F)(F)C(F)(F)C(F)(F)F,1.337414715
[H]C([H])(OC(=O)CC(Cl)=C)C(F)(F)C(F)(F)C(F)(F)F,1.579330932
O[13C](=O)[13C](F)(F)C(F)(F)C(F)(F)C(F)(F)C(F)(F)C(F)(F)C(F)(F)C(F)(F)C(F)(F)C(F)(F)C(F)(F)C(F)(F)C(F)(F)F,2.159899672
O[13C](=O)[13C](F)(F)C(F)(F)C(F)(F)C(F)(F)C(F)(F)C(F)(F)C(F)(F)C(F)(F)C(F)(F)C(F)(F)F,2.009986049
OC(=O)C(F)(OC(F)(F)C(F)(F)C(F)(F)F)C(F)(F)F,1.445164427
OS(=O)(=O)C(F)(F)C(F)(F)C(F)(F)C(F)(F)C(F)(F)C(F)(F)C(F)(F)C(F)(F)S(F)(F)(F)(F)F,1.919842071
OS(=O)(=O)C(F)(F)C(F)(F)C(F)(F)C(F)(F)OC(F)(F)F,1.320219673
OS(=O)(=O)C(F)(F)C(F)(F)C(F)(F)C(F)(F)C(F)(F)C(F)(F)C(F)(F)C(F)(F)C(F)(F)C(F)(F)S(F)(F)(F)(F)F,2.04833643
OS(=O)(=O)C(F)(Cl)C(F)(F)C(F)(F)C(F)(F)F,1.206219968
CC(C)(CS([O-])(=O)=O)NC(=O)CCS(=O)CCC(F)(F)C(F)(F)C(F)(F)C(F)(F)C(F)(F)C(F)(F)C(F)(F)C(F)(F)F,1.492593002
OS(=O)(=O)C(F)(F)C(F)(F)C(F)(F)C(F)(F)C(F)(F)C(F)C(F)(F)F,1.7470606
C[N+](C)(CCCNS(=O)(=O)C(F)(F)C(F)(F)C(F)(F)C(F)(F)C(F)(F)C(F)(F)C(F)(F)F)CCCS(O)(=O)=O,1.410104231
C[N+](C)(CCCNS(=O)(=O)C(F)(F)C(F)(F)C(F)(F)C(F)(F)C(F)(F)C(F)(F)C(F)(F)C(F)(F)F)CCCS(O)(=O)=O,1.513235569
CCO[Si](C)(C)CCC(F)(F)C(F)(F)C(F)(F)C(F)(F)C(F)(F)C(F)(F)F,2.135303182
[NH4+].[NH4+].[O-]P([O-])(=O)CCC(F)(F)CC(F)(F)C(F)(F)C(F)(F)C(F)(F)C(F)(F)C(F)(F)F,1.194849301
C[N+](C)(CCCNS(=O)(=O)C(F)(F)C(F)(F)C(F)(F)C(F)(F)C(F)(F)C(F)(F)F)CC(O)CS(O)(=O)=O,1.321520903
C[N+](C)(CCCN(CCCS(O)(=O)=O)S(=O)(=O)C(F)(F)C(F)(F)C(F)(F)C(F)(F)C(F)(F)C(F)(F)F)CCCS([O-])(=O)=O,1.062530729
C[N+](C)(CCC(CO)[N-]S(=O)(=O)C(F)(F)C(F)(F)C(F)(F)C(F)(F)F)CC(O)CO,1.092916697
C[N+](C)(CCC(CO)N(CCCS([O-])(=O)=O)S(=O)(=O)C(F)(F)C(F)(F)C(F)(F)C(F)(F)C(F)(F)F)CC(O)CO,1.04747797
[Cl-].CC(C)N(CCOCCOCCOCCOCC[N+](C)(C)C)S(=O)(=O)C(F)(F)C(F)(F)C(F)(F)C(F)(F)C(F)(F)C(F)(F)C(F)(F)C(F)(F)F,1.162152055
C[N+](C)(C)CCCNCS(=O)(=O)C(F)(F)C(F)(F)C(F)(F)C(F)(F)F,1.37007474
[I-].C[N+](C)(C)CCCNC(=O)C(F)(F)C(F)(F)C(F)(F)C(F)(F)OC(F)(C(F)(F)F)C(F)(F)F,1.065100657
C[N+](C)(CCC(F)(F)C(F)(F)C(F)(F)C(F)(F)C(F)(F)C(F)(F)C(F)(F)C(F)(F)F)CC(O)=O,1.99629229
OS(=O)(=O)C(F)(F)C(F)(F)C(F)(F)C(F)(F)C(F)(F)C(F)(F)C(F)(F)C(F)(F)C(F)(F)C(F)=C(F)C(F)(F)F,2.187434397
OS(=O)(=O)C(F)(F)C(F)(F)C(F)(F)C(F)(F)C(F)(F)C(F)(F)C(F)(F)C(F)C(F)(F)F,1.954140854
CO[Si](CCCNC(=O)C(F)(F)C(F)(F)C(F)(F)C(F)(F)C(F)(F)C(F)(F)C(F)(F)C(F)(F)C(F)(F)C(F)(F)F)(OC)OC,1.874431746
CCCC[P+](CCCC)(CCCC)CCCC.[O-]S(=O)(=O)C(F)(F)C(F)(F)C(F)(F)C(F)(F)C(F)(F)C(F)(F)F,1.491261395
C[N+](C)(CCCN(CCC([O-])=O)S(=O)(=O)C(F)(F)C(F)(F)C(F)(F)C(F)(F)C(F)(F)F)CCC([O-])=O,1.12375228
CCCN(CCC[N+](CC)(CC)CC([O-])=O)S(=O)(=O)C(F)(F)C(F)(F)C(F)(F)C(F)(F)C(F)(F)C(F)(F)F,1.34088759
C[N+](C)(CCO)CCC[N-]S(=O)(=O)C(F)(F)C(F)(F)C(F)(F)C(F)(F)C(F)(F)F,1.272556193
CN(C)CCCNC(=O)C(F)(F)C(F)(F)C(F)(F)C(F)(F)C(F)(F)C(F)(F)C(F)(F)C(F)(F)C(F)(F)C(F)(F)C(F)(F)C(F)(F)C(F)(F)C(F)(F)F,2.105065815
[Br-].C[N+](C)(C)CCCNCCS(=O)(=O)C(F)(F)C(F)(F)C(F)(F)C(F)(F)C(F)(F)C(F)(F)C(F)(F)C(F)(F)F,1.186349376
CN(C)CCCNC(=O)CSCCC(F)(F)C(F)(F)C(F)(F)C(F)(F)C(F)(F)C(F)(F)C(F)(F)C(F)(F)C(F)(F)C(F)(F)F,2.034308402
C[N+](C)(C)CCCNC(=O)CSCCC(F)(F)C(F)(F)C(F)(F)C(F)(F)C(F)(F)C(F)(F)C(F)(F)C(F)(F)C(F)(F)C(F)(F)F,2.060335467
C[N+](C)(CCC(F)C(F)(F)C(F)(F)C(F)(F)C(F)(F)C(F)(F)C(F)(F)C(F)(F)C(F)(F)C(F)(F)C(F)(F)C(F)(F)C(F)(F)C(F)(F)C(F)(F)C(F)(F)F)CC([O-])=O,2.34309857
C[N+](C)(CCNS(=O)(=O)CCC(F)(F)C(F)(F)C(F)(F)C(F)(F)C(F)(F)C(F)(F)F)CCC([O-])=O,1.462392761
CO[Si](CCC(F)(F)C(F)(F)C(F)(F)C(F)(F)C(F)(F)C(F)(F)F)(OC)O[Si](O)(O)CCC(F)(F)C(F)(F)C(F)(F)C(F)(F)C(F)(F)C(F)(F)F,1.93829933
OC(=O)CC(F)(F)C(F)(F)F,0.894067469
C[N+](C)(C)CCC[N-]S(=O)(=O)C(F)(F)C(F)(F)C(F)(F)C(F)(F)C(F)(F)C(F)(F)F,1.571340489
OP(O)(=O)OCC(F)(F)C(F)F,0.896362271
[Cl-].C[N+](C)(CCCNS(=O)(=O)C(F)(F)C(F)(F)C(F)(F)C(F)(F)C(F)(F)C(F)(F)C(F)(F)C(F)(F)F)CC1=CC=CC=C1,1.317711598
OCCOCCOCCOCCOCCC(F)(F)C(F)(F)C(F)(F)C(F)(F)C(F)(F)C(F)(F)C(F)(F)C(F)(F)F,1.938247982
CC[Si](Cl)(CC)CCC(F)(F)C(F)(F)F,2.052154649
CC[Si](Cl)(CC)CCC(F)(F)C(F)(F)C(F)(F)C(F)(F)F,2.16008447
CCC[Si](Cl)(CCC(F)(F)F)CCC(F)(F)C(F)(F)C(F)(F)C(F)(F)C(F)(F)C(F)(F)F,2.398360295
FC(F)(F)CC[Si](Cl)(CCC(F)(F)F)CCC(F)(F)C(F)(F)F,2.290909157
CC[Si](CC)(CCC(F)(F)C(F)(F)C(F)(F)F)OC,1.873066134
C[N+](C)([O-])CCCNC(=O)C(F)(F)C(F)(F)OC(F)(F)C(F)(F)C(F)(F)C(F)(F)C(F)(F)F,1.575301594
[NH4+].[O-]P(=O)(OCC(F)(F)C(F)(F)C(F)(F)C(F)(F)C(F)(F)C(F)(F)C(F)(F)F)OCC(F)(F)C(F)(F)C(F)(F)C(F)(F)C(F)(F)C(F)(F)C(F)(F)F,1.690506793
CCO[Si](C)(C)CCC(F)(F)C(F)(F)C(F)(F)F,1.860690763
OP(=O)(C(F)(F)C(F)(F)C(F)(F)C(F)(F)C(F)(C(F)(F)F)C(F)(F)F)C(F)(F)C(F)(F)C(F)(F)C(F)(F)C(F)(C(F)(F)F)C(F)(F)F,2.196286807
OP(O)(=O)C(F)(F)C(F)(F)C(F)(F)C(F)(F)C(F)(F)C(F)(F)C(F)(F)C(F)(F)C(F)(F)C(F)(F)C(F)(F)C(F)(F)F,2.142171806
[NH4+].[NH4+].OC(=O)COC(COP([O-])([O-])=O)CC(F)(F)C(F)(F)C(F)(F)C(F)(F)C(F)(F)C(F)(F)C(F)(C(F)(F)F)C(F)(F)F,1.020319579
CCOS([O-])(=O)=O.CC[N+](C)(C)CCCNC(=O)C(C)CSCCC(F)(F)C(F)(F)C(F)(F)C(F)(F)C(F)(F)C(F)(F)C(F)(F)C(F)(F)F,1.157529498
CCCN(CCC[N+](CC)(CC)CC([O-])=O)S(=O)(=O)C(F)(F)C(F)(F)C(F)(F)C(F)(F)C(F)(F)C(F)(F)C(F)(F)C(F)(F)F,1.545605977
FC(F)(F)C(F)(F)C(F)(F)C(F)(F)C(F)(F)S(=O)(=O)NS(=O)(=O)C(F)(F)C(F)(F)C(F)(F)C(F)(F)C(F)(F)F,1.747501406
FC(F)(F)C(F)(F)C(F)(F)C(F)(F)C(F)(F)C(F)(F)C(F)(F)COCCC[Si](Cl)(Cl)Cl,2.342298668
[NH4+].[O-]P(=O)(OCC(F)(F)C(F)(F)C(F)(F)C(F)(F)C(F)(F)C(F)(F)C(F)(F)C(F)F)OCC(F)(F)C(F)(F)C(F)(F)C(F)(F)C(F)(F)C(F)(F)C(F)(F)C(F)F,1.722631965
C[N+](C)([O-])CCCNS(=O)(=O)CCC(F)(F)C(F)(F)C(F)(F)C(F)(F)C(F)(F)C(F)(F)C(F)(F)C(F)(F)F,1.712961719
OS(=O)(=O)CC(F)(F)C(F)(F)C(F)(F)C(F)(F)C(F)(F)C(F)(F)C(F)(F)F,1.894727427
[I-].C[N+](C)(C)CCCNCCCS(=O)(=O)C(F)(F)C(F)(F)C(F)(F)C(F)(F)C(F)(F)C(F)(F)C(F)(F)C(F)(F)F,1.12791804
[NH4+].CCCCN(CC(O)CS([O-])(=O)=O)S(=O)(=O)C(F)(F)C(F)(F)C(F)(F)C(F)(F)F,0.834731918
OC(=O)C(F)C(F)(F)OC(F)(F)C(F)(F)OC(F)(F)OC(F)(F)F,1.235306903
OC(=O)CCOC(F)(F)C(F)OC(F)(F)C(F)(F)C(F)(F)F,1.326681502
[H][N+]([H])([H])[H].[O-]P([O-])(=O)OCCC(F)(F)C(F)(F)C(F)(F)C(F)(F)C(F)(F)C(F)(F)F,1.178344188
C[N+](C)(CC([O-])=O)C1=CC=C(OC(=C(C(F)(F)F)C(F)(F)F)C(F)(F)C(F)(F)F)C=C1,2.291098073
CO[Si](CCCNC(=O)C(F)(F)C(F)(F)C(F)(F)C(F)(F)C(F)(F)C(F)(F)C(F)(F)F)(OC)OC,1.657925604
OCC(SCCC(O)=O)C(CO)C(F)(F)C(F)(F)C(F)(F)C(F)(F)C(F)(F)C(F)(F)C(F)(F)C(F)(F)F,1.756764773
OC(CC(F)(F)C(F)(F)C(F)(F)C(F)(F)C(F)(F)C(F)(F)C(F)(F)C(F)(F)C(F)(F)C(F)(F)F)S(O)(=O)=O,2.131016991
OS(=O)(=O)CC(=O)CC(F)(F)C(F)(F)C(F)(F)C(F)(F)C(F)(F)C(F)(F)C(F)(F)C(F)(F)C(F)(F)F,1.931408293
CN(C)CCC(NS(=O)(=O)C(F)(F)C(F)(F)C(F)(F)C(F)(F)F)C(O)=O,0.874056019
CN(C)CCC(NS(=O)(=O)C(F)(F)C(F)(F)C(F)(F)C(F)(F)C(F)(F)C(F)(F)C(F)(F)C(F)(F)F)C(O)=O,1.491598796
CN(C)CCC(NS(=O)(=O)C(F)(F)C(F)(F)C(F)(F)C(F)(F)C(F)(F)C(F)(F)C(F)(F)C(F)(F)C(F)(F)C(F)(F)C(F)(F)F)C(O)=O,1.734050606
FC(F)(F)C(F)(F)CCS,1.632123958
CC(C)OC(=O)C[N+](C)(C)CCCNC(=O)C(F)(F)C(F)(F)C(F)(F)C(F)(F)C(F)(F)C(F)(F)C(F)(F)C(F)(F)C(F)(F)C(F)(F)C(F)(F)C(F)(F)C(F)(F)F,2.030982205
CC(C)OC(=O)C[N+](C)(C)CCCNC(=O)C(F)(F)C(F)(F)C(F)(F)C(F)(F)C(F)(F)C(F)(F)F,1.567311616
CC(C)OC(=O)C[N+](C)(C)CCCNC(=O)C(F)(F)C(F)(F)C(F)(F)C(F)(F)F,1.31444625
CNS(=O)(=O)C(F)(F)C(F)(F)C(F)(F)C(F)(F)C(F)(F)C(F)(F)C(F)(F)C(F)(F)C(F)(F)C(F)(F)C(F)(F)F,2.019255864
OS(=O)(=O)C(F)(F)C(F)(F)C(F)(F)C(F)(F)C(F)(F)C(F)(F)C(F)(F)C(F)(F)C(F)(F)C(F)(F)C(F)(F)OC(F)(F)F,2.063154622
C[N+](C)([O-])CCCNS(=O)(=O)C(F)(F)C(F)(F)C(F)(F)C(F)(F)C(F)(F)C(F)(F)C(F)(F)C(F)(F)C(F)(F)C(F)(F)C(F)(F)C(F)(F)F,1.909397563
OS(=O)(=O)C(F)(F)C(F)(F)C(F)(F)C(F)(F)C(F)(F)C(F)(F)C(F)(F)C(F)(F)C(F)(F)C(F)(F)C(F)(F)C(=O)C(F)(F)F,1.983878114
OS(=O)C(F)(F)F,-0.051149531
OS(=O)(=O)OC(F)(F)C(F)(F)C(F)(F)C(F)(F)F,1.391524898
C[N+](C)(CCCN(CCC(O)=O)S(=O)(=O)C(F)(F)C(F)(F)C(F)(F)F)CCC([O-])=O,0.646534953
CCN(CCC[N+](C)(C)CCC([O-])=O)S(=O)(=O)C(F)(F)C(F)(F)C(F)(F)F,0.810043324
OC(=O)C1(F)C(F)(F)C(F)(F)C(F)(F)C1(F)F,1.517959144
CCN(CCC[N+](C)(C)CCC([O-])=O)S(=O)(=O)C(F)(F)C(F)(F)C(F)(F)C(F)(F)C(F)(F)C(F)(F)C(F)(F)C(F)(F)C(F)(F)C(F)(F)C(F)(F)F,1.76239252
[O-]S(=O)(=O)C1(F)C(F)(F)C(F)(F)C(F)(F)C(F)(C(F)(F)C(F)(F)C(F)(F)C(F)(F)C(F)(F)C(F)(F)F)C1(F)F,1.999017589
C[N+](C)(CCCN(CC(O)CS(O)(=O)=O)S(=O)(=O)C(F)(F)C(F)(F)C(F)(F)C(F)(F)C(F)(F)C(F)(F)C(F)(F)C(F)(F)C(F)(F)C(F)(F)F)CC(O)CS(O)(=O)=O,1.682960809
C[N+](CCO)(CCCNS(=O)(=O)C(F)(F)C(F)(F)C(F)(F)C(F)(F)C(F)(F)C(F)(F)C(F)(F)F)CCCS(O)(=O)=O,1.359408999
C[N+](C)(CCCN(CC(O)=O)S(=O)(=O)C(F)(F)C(F)(F)C(F)(F)C(F)(F)C(F)(F)C(F)(F)F)CC(O)CS(O)(=O)=O,1.353127658
OC(=O)C(F)(F)C(F)(Cl)C(F)(F)C(F)(F)C(F)(F)C(F)(F)C(F)(F)C(F)(F)C(F)(F)C(F)(F)C(F)(F)C(F)(F)F,2.078136445
C[N+](C)(CCCNS(=O)(=O)C(F)(F)C(F)(F)C(F)(F)C(F)(F)F)CC([O-])=O,0.989872435
C[N+](C)(CCCNS(=O)(=O)C(F)(F)C(F)(F)C(F)(F)C(F)(F)C(F)(F)C(F)(F)C(F)(F)C(F)(F)C(F)(F)C(F)(F)C(F)(F)C(F)(F)F)CCCS([O-])(=O)=O,1.678878787
C[N+](C)(CCCN(CC(O)=O)S(=O)(=O)C(F)(F)C(F)(F)F)CCCS([O-])(=O)=O,0.475043278
C[N+](C)(CCCN(CC(O)=O)S(=O)(=O)C(F)(F)C(F)(F)C(F)(F)C(F)(F)C(F)(F)C(F)(F)C(F)(F)C(F)(F)F)CC([O-])=O,1.628615995
CN(CCC[N+](C)(C)CCCS([O-])(=O)=O)S(=O)(=O)C(F)(F)C(F)(F)C(F)(F)C(F)(F)C(F)(F)C(F)(F)C(F)(F)C(F)(F)C(F)(F)F,1.496660448
OS(=O)(=O)C1=CC=C(OC(F)=C(F)C(F)(F)C(F)(F)C(F)(F)C(F)(F)C(F)(F)C(F)(F)C(F)(F)C(F)(F)F)C=C1,2.053689136
OS(=O)(=O)C(F)(F)C(F)(F)C(F)(F)C(F)(F)C(F)(F)C(F)C(\F)=C(/F)C(F)(F)C(F)(F)C(F)(F)C(F)(F)C(F)(F)C(F)(F)C(F)(F)F,2.278513696
OC(=O)C(F)(F)OC(F)(F)C(F)(F)C(\F)=C(/F)C(F)(F)F,1.530231322
OC(=O)C(F)(F)OC(F)(F)C(F)(F)C(F)(F)C(F)(F)C(F)(F)C(F)(F)C(\F)=C(/F)C(F)(F)C(F)(F)C(F)(F)C(F)(F)C(F)(F)F,2.220662398
OC(=O)C(F)(F)OC(F)(F)C(F)(F)C(F)(F)C(F)(F)C(F)(F)C(F)(F)C(\F)=C(/F)C(F)(F)C(F)(F)C(F)(F)C(F)(F)C(F)(F)C(F)(F)C(F)(F)F,2.302346112
C[N+](C)(CCCN(CCC(O)=O)S(=O)(=O)C(F)(F)C(F)(F)F)CC([O-])=O,0.565154249
OC(=O)C(F)C(F)(F)C(F)(F)C(F)(F)C(F)(F)F,1.409920786
C[N+](C)(C)CCCN(CCC([O-])=O)S(=O)(=O)C(F)(F)C(F)(F)C(F)(F)C(F)(F)C(F)(F)C(F)(F)C(F)(F)C(F)(F)C(F)(F)C(F)(F)F,1.752532217
C[N+](C)(CCCN(CCC(O)=O)S(=O)(=O)C(F)(F)C(F)(F)C(F)(F)C(F)(F)C(F)(F)C(F)(F)C(F)(F)C(F)(F)C(F)(F)F)CC([O-])=O,1.574653578
C[N+](C)(C)CCNCC(F)(F)C(F)(F)C(F)(F)C(F)(F)C(F)(F)F,1.889861674
OC(=O)C(F)C(F)(F)C(F)(F)C(F)(F)C(F)(F)C(F)(F)C(F)(F)C(F)(F)C(F)(F)C(F)(F)C(F)(F)C(F)(F)F,2.07879833
OS(=O)(=O)C(F)(F)C(Cl)(Cl)C(F)(F)C(F)(F)C(F)(F)C(F)(F)C(F)(F)F,1.713432754
CN(C)CCC(CO)N(CCCS(O)(=O)=O)S(=O)(=O)C(F)(F)C(F)(F)C(F)(F)C(F)(F)F,1.12063886
CN(C)CCC(CO)N(CCCS(O)(=O)=O)S(=O)(=O)C(F)(F)C(F)(F)C(F)(F)C(F)(F)C(F)(F)C(F)(F)C(F)(F)F,1.499530809
CC[N+](C)(C)CC(F)(F)C(F)F,1.411431275
CC[N+](C)(C)CC(F)(F)C(F)(F)C(F)(F)C(F)(F)C(F)(F)C(F)(F)C(F)(F)C(F)F,2.130470372
CCC[N+](C)(C)CC(F)(F)C(F)(F)C(F)(F)C(F)(F)C(F)(F)C(F)F,1.968931798
CCC[N+](C)(C)CC(F)(F)C(F)(F)C(F)(F)C(F)(F)C(F)(F)C(F)(F)C(F)(F)C(F)(F)C(F)(F)C(F)F,2.245867994
C[N+](C)(C)CC(F)(F)C(F)(F)C(F)(F)C(F)(F)C(F)F,1.960667124
C[N+](C)(C)CC(F)(F)C(F)(F)C(F)(F)C(F)(F)C(F)(F)C(F)(F)C(F)(F)C(F)(F)C(F)(F)C(F)(F)C(F)(F)C(F)(F)C(F)F,2.433037968
CCNS(=O)(=O)C(F)(F)C(F)(F)F,0.40098468
CCN(CC(O)=O)S(=O)(=O)C(F)(F)C(F)(F)C(F)(F)C(F)(F)C(F)(F)C(F)(F)C(F)(F)C(F)(F)C(F)(F)C(F)(F)C(F)(F)C(F)(F)F,1.964698783
CCN(CC(O)=O)S(=O)(=O)C(F)(F)C(F)(F)C(F)(F)C(F)(F)C(F)(F)C(F)(F)C(F)(F)C(F)(F)C(F)(F)C(F)(F)C(F)(F)C(F)(F)C(F)(F)C(F)(F)F,2.053632311
C[N+](C)(CCO)CC(O)CNS(=O)(=O)C(F)(F)C(F)(F)C(F)(F)C(F)(F)C(F)(F)C(F)(F)C(F)(F)C(F)(F)C(F)(F)C(F)(F)F,1.853503084
C[N+](C)(CCO)CCCN(CC(O)CS([O-])(=O)=O)S(=O)(=O)C(F)(F)C(F)(F)C(F)(F)C(F)(F)C(F)(F)C(F)(F)C(F)(F)C(F)(F)C(F)(F)C(F)(F)C(F)(F)F,1.663194573
OC(=O)C(F)(F)C(F)(Cl)C(F)(F)C(F)(F)C(F)(F)C(F)(F)F,1.623445362
FC(C(F)(F)F)C(F)(F)OC1=CC(Cl)=CC=C1Cl,3.219499788
[O-]C(=O)C(F)(F)S(F)(F)(F)(F)F,1.231446984
OS(=O)CCC(F)(F)C(F)(F)C(F)(F)C(F)(F)C(F)(F)C(F)(F)C(F)(F)C(F)(F)F,2.034971353
OS(=O)CCC(F)(F)C(F)(F)C(F)(F)C(F)(F)C(F)(F)C(F)(F)C(F)(F)C(F)(F)C(F)(F)C(F)(F)C(F)(F)C(F)(F)C(F)(F)C(F)(F)F,2.289911825
OC(=O)C(F)(F)C(F)(F)C(F)(F)C(F)(F)C(F)(F)S(F)(F)(F)(F)F,1.574197034
OC(=O)C(F)(F)C(F)(F)C(F)(F)C(F)(F)C(F)(F)C(F)(F)C(F)(F)C(F)(F)C(F)(F)S(F)(F)(F)(F)F,1.921291527
OC(=O)C(F)(F)C(F)(F)C(F)(F)C(F)(F)C(F)(F)C(F)(F)C(F)(F)C(F)(F)C(F)(F)C(F)(F)S(F)(F)(F)(F)F,1.976408126
OS(=O)(=O)C(F)(F)C(F)(F)C(F)(F)C(F)(F)C(F)(F)C(F)(F)C(F)(F)C(F)(F)C(F)(F)C(F)(F)C(F)(F)C(F)(F)C(F)(F)C(F)(F)S(F)(F)(F)(F)F,2.23102141
OC(=O)CNS(=O)(=O)C(F)(F)C(F)(F)C(F)(F)C(F)(F)C(F)(F)C(F)(F)C(F)(F)C(F)(F)C(F)(F)C(F)(F)F,1.875899025
C[N+](C)(C)CCCNC(=O)CS(=O)(=O)CCC(F)(F)C(F)(F)C(F)(F)C(F)(F)C(F)(F)C(F)(F)C(F)(F)C(F)(F)F,1.701304329
C[N+](C)(C)CC(O)CS(=O)(=O)CCC(F)(F)C(F)(F)C(F)(F)C(F)(F)C(F)(F)C(F)(F)C(F)(F)C(F)(F)C(F)(F)C(F)(F)C(F)(F)C(F)(F)C(F)(F)C(F)(F)F,2.197645622
OC(=O)CCS(=O)(=O)CCC(F)(F)C(F)(F)C(F)(F)C(F)(F)C(F)(F)C(F)(F)C(F)(F)C(F)(F)C(F)(F)C(F)(F)C(F)(F)C(F)(F)C(F)(F)C(F)(F)F,2.063639114
CC(C)(CS(O)(=O)=O)NC(=O)CCS(=O)(=O)CCC(F)(F)C(F)(F)C(F)(F)C(F)(F)C(F)(F)C(F)(F)C(F)(F)C(F)(F)C(F)(F)C(F)(F)C(F)(F)C(F)(F)F,1.865006677
C[N+](C)(C)CCCNC(=O)CSCCC(F)(F)C(F)(F)C(F)(F)C(F)(F)C(F)(F)C(F)(F)C(F)(F)C(F)(F)C(F)(F)C(F)(F)C(F)(F)C(F)(F)F,2.142765702
OC(CC(O)=O)SCCC(F)(F)C(F)(F)F,1.029507151
OCC(SCCC(O)=O)C(O)C(F)(F)C(F)(F)F,0.788280903
OCC(SCCC(O)=O)C(O)C(F)(F)C(F)(F)C(F)(F)C(F)(F)C(F)(F)C(F)(F)F,1.552022853
OC(=O)C=C(F)C(F)(F)C(F)(F)C(F)(F)C(F)(F)C(F)(F)C(F)(F)F,1.859880193
OC(=O)C=C(F)C(F)(F)C(F)(F)C(F)(F)C(F)(F)C(F)(F)C(F)(F)C(F)(F)C(F)(F)C(F)(F)C(F)(F)C(F)(F)C(F)(F)C(F)(F)F,2.254702173
C[N+](C)(CCCC(F)(F)C(F)(F)C(F)(F)C(F)(F)C(F)(F)C(F)(F)C(F)(F)C(F)(F)C(F)(F)C(F)(F)C(F)(F)C(F)(F)F)CC([O-])=O,2.242815074
OC(=O)CCC(F)(F)C(F)(F)C(F)(F)C(F)(F)C(F)(F)C(F)(F)C(F)(F)C(F)(F)C(F)(F)C(F)(F)C(F)(F)C(F)(F)C(F)(F)F,2.20285523
OS(=O)(=O)CCCC(F)(F)C(F)(F)C(F)(F)C(F)(F)C(F)(F)C(F)(F)C(F)(F)C(F)(F)C(F)(F)C(F)(F)C(F)(F)F,2.191544198
OCC(=O)SC(=O)CCC(F)(F)C(F)(F)C(F)(F)F,1.382641224
OCC(=O)SC(=O)CCC(F)(F)C(F)(F)C(F)(F)C(F)(F)C(F)(F)C(F)(F)C(F)(F)C(F)(F)C(F)(F)F,2.041914315
OCC(=O)SC(=O)CCC(F)(F)C(F)(F)C(F)(F)C(F)(F)C(F)(F)C(F)(F)C(F)(F)C(F)(F)C(F)(F)C(F)(F)C(F)(F)F,2.121760299
OC(CSC(=O)CCC(F)(F)C(F)(F)C(F)(F)C(F)(F)C(F)(F)F)C(O)=O,1.582950285
CC(=O)OC(C(O)[N+](C)(C)CC([O-])=O)C(CO)C(F)(F)C(F)(F)C(F)(F)C(F)(F)C(F)(F)C(F)(F)C(F)(F)C(F)(F)C(F)(F)C(F)(F)C(F)(F)C(F)(F)F,1.733844303
C[N+](C)(CC=O)CC(CC(F)(F)C(F)(F)C(F)(F)C(F)(F)C(F)(F)C(F)(F)C(F)(F)C(F)(F)C(F)(F)C(F)(F)F)OC=O,2.055814413
CN(C)CC(OCO)C(OC=O)C(F)(F)C(F)(F)C(F)(F)C(F)(F)C(F)(F)C(F)(F)C(F)(F)C(F)(F)F,1.837438596
CNCC(O)CC(F)(F)C(F)(F)C(F)(F)C(F)(F)C(F)(F)C(F)(F)C(F)(F)C(F)(F)C(F)(F)C(F)(F)C(F)(F)C(F)(F)F,2.251659266
C[N+](C)(CC(O)CC(F)(F)C(F)(F)C(F)(F)C(F)(F)C(F)(F)C(F)(F)C(F)(F)C(F)(F)C(F)(F)C(F)(F)F)CC([O-])=O,2.032080227
C[N+](C)(CC(O)CC(F)(F)C(F)(F)C(F)(F)C(F)(F)C(F)(F)C(F)(F)C(F)(F)C(F)(F)C(F)(F)C(F)(F)C(F)(F)C(F)(F)C(F)(F)C(F)(F)F)CC([O-])=O,2.202576576
C[N+](C)(CC(O)C=C(F)C(F)(F)F)CC([O-])=O,1.260359135
OS(=O)(=O)C(F)(Cl)C(F)(F)C(F)(F)C(F)(F)C(F)(F)C(F)(F)C(F)(F)C(F)(F)C(F)(F)C(F)(F)C(F)(F)C(F)(F)F,2.122430095
OS(=O)(=O)C(F)(F)C(F)(F)C(F)(F)C(F)(F)C(F)(F)C(F)(F)C(F)(F)C(F)(F)C(F)(F)C(F)C(F)(F)F,2.086548757
FCOC(F)(F)C(C(F)(F)F)C(F)(F)F,1.945959613
FC(F)OC(F)(C(F)F)C(F)(F)F,1.747950599
FC(F)OC(F)(F)C(F)(F)Cl,1.568531854
CC(F)(F)CBr,1.391290669
FC(F)C(F)(F)C(F)(F)C(F)(F)C(F)(F)C(F)(F)C(F)(F)C(F)(F)C(=O)NC1=CC=C(C=C1)N=NC1=CC=CC=C1,2.065640559
OC(C1CCN(CC1)C(=O)OC(C(F)(F)F)C(F)(F)F)(C1=CC2=C(OCO2)C=C1)C1=CC2=C(OCO2)C=C1,1.961681942
FC(F)C(F)(F)SC1=C(Cl)C(Cl)=C(NC(=O)NC(=O)C2=C(F)C=CC=C2F)C=C1,2.260433219
NC1=CC(C(O)=O)=C(C=C1)C(O)(C(F)(F)F)C(F)(F)F,0.81839842
OC(CC(CC(O)(C(F)(F)F)C(F)(F)F)=NNC1=CC=CC=C1)(C(F)(F)F)C(F)(F)F,1.724068815
COC(=O)CC(=O)C(F)(F)C(F)(F)F,0.882313096
NC(F)(F)C(F)(F)C(F)(F)F.FC1(F)C(F)(F)C(F)(F)C2(F)C(F)(F)C(F)(F)C(F)(F)C(F)(F)C2(F)C1(F)F,2.283262938
FC(F)(F)CN(CC(F)(F)F)C(S)=S,1.939307045
OC[C@H]1O[C@H]([C@H](O)[C@@H]1O)N1N=C(SC(F)(F)C(F)(F)C(F)(F)F)C(=O)NC1=O,0.753838177
FC(F)(F)C1(NC(N=C1)(C(F)(F)F)C(F)(F)F)C(F)(F)F,1.839444044
FC(F)=C(F)OC(F)=C(F)F,2.082024925
FC(F)(F)C1=C(Cl)SC(=N1)N(CI)C(=O)C1=CC(=CC(=C1)C(F)(F)F)C(F)(F)F,2.284925165
[NH4+].[O-]C(=O)C(F)(F)C(F)F,0.761425269
CCCCOC(=O)NC(C(F)(F)F)(C(F)(F)F)P(=O)(C1=CC=CC=C1)C1=CC=CC=C1,2.172957261
C[N+](C)(CCC(F)(F)C(F)(F)C(F)(F)C(F)(F)C(F)(F)C(F)(F)F)CC([O-])=O,1.900568723
CC(=O)C(C(C)=O)C(O)(C(F)(F)F)C(F)(F)F,0.613613448
FC1=C(F)C2=C(F)C3=C(C(F)=C(F)C(F)=C3F)C(F)=C2C(F)=C1F,3.122967716
FC1=C(F)C(F)=C(C(=O)OC(=O)C2=C(F)C(F)=C(F)C(F)=C2F)C(F)=C1F,2.426543015
FC1=C(F)C(F)=C(F)C2=C1NC=C2,2.354060477
OC(=O)C=C(C(F)(F)F)C(F)(F)F,1.077905004
FC1=C(F)C(=C(C(F)=C1F)C(F)(F)F)C(F)(F)F,2.931262049
CC(C)(C)C(=O)CC(=O)C(F)(F)C(F)(F)F,1.427581285
FC(F)(F)C1=C(C(F)(F)F)C2(C(F)(F)F)C3(C(F)(F)F)C1(C(F)(F)F)C23C(F)(F)F,3.336500615
FC(F)C(F)(F)COP(OCC(F)(F)C(F)F)OCC(F)(F)C(F)F,2.02941902
FC(F)(F)C12C3(C(F)(F)F)C1(C(F)(F)F)C1(C(F)(F)F)C2(C(F)(F)F)C31C(F)(F)F,3.427922238
FC(F)(F)C(F)(F)COC(=O)CCN1CC1,1.261755974
FC(F)(F)C(F)(F)C(F)(F)C(F)(F)C(F)(F)C(F)(F)C(F)(F)C1=CC=C(C=C1)S(Cl)(=O)=O,1.996016557
OC1=C(F)C(F)=C(F)C=C1,1.788315252
FC1(F)C(N2CC2)=C(N2CC2)C1(F)F,1.69821178
OCC1(F)C(F)(F)C(F)(F)C(F)(F)C(F)(F)C1(F)F,1.979728926
FC1=C(F)C(F)=C(C(F)=C1F)C1=C(F)C(F)=C(C(F)=C1F)C1=C(F)C(F)=C(F)C(F)=C1F,3.75398094
FC(F)(F)C(F)(F)C(F)(F)C(F)(F)C(F)(F)C(F)(F)C(F)(F)C(F)(F)C(F)(F)C(F)(F)C(F)(F)C(F)(F)F,2.565078456
CCC12COC(OC1)(OC2)C(F)(F)C(F)(F)F,1.568579131
FC(=O)C1=CC=CC=C1C(F)(F)F,2.034225023
FC(F)(F)COC=O,1.086089836
FC1=CC(F)=C(Br)C=C1F,3.094984623
FC1(F)C2=CC=C(C=C2)C(F)(F)C(F)(F)C2=CC=C(C=C2)C1(F)F,2.819501039
FC1(F)C(Cl)=C(Cl)C(F)(F)C(F)(F)C1(F)F,2.582758602
FC(F)(Cl)C(F)(F)Br,1.719412331
FC(F)(F)C(=CC(=O)C1=CC=C(C=C1)C1=CC=CC=C1)C(F)(F)F,2.677993205
FC(F)C#N,0.857747955
CCOC(F)=C(C(F)(F)F)C(F)(F)F,1.78842379
FC1=CC(F)=C(F)C=C1,2.912089496
FC(F)(F)SSSSC(F)(F)F,1.694680475
FC(F)(F)C(F)(F)C(F)(F)C(F)(F)C(F)(F)C(F)(F)OC(F)(C(F)(F)F)C(F)(F)F,2.410486248
FC(F)(I)C(F)(F)C(F)(F)C(F)(F)I,2.309444804
FC(F)(C#N)C(F)(F)C(F)(F)C(F)(F)C#N,1.748644392
FC1(F)C(Cl)=C(Cl)C1(F)F,2.757090937
FC(F)(F)C(=C)C#N,1.117689704
[2H]OC([2H])(C(F)(F)F)C(F)(F)F,1.892479364
[O-][N+](=O)C1=C(F)C(F)=C(C(F)=C1F)C1=C(F)C(F)=C(C(F)=C1F)[N+]([O-])=O,2.677205006
FC(F)(F)CNCC(F)(F)F,0.9994972
FC(F)(F)COC(=O)C(F)(F)F,1.385716747
FC(F)(Br)C(F)(F)I,2.115822676
OCCN(CCO)C(=O)C(F)(F)C(F)(F)C(F)(F)C(F)(F)C(F)(F)C(F)(F)C(F)(F)F,1.725991888
OC1=C(F)C(F)=C(Cl)C(F)=C1F,2.021442476
FC(F)(F)C(=O)CBr,0.834620972
FC1=C(F)C(F)=C(COC(Cl)=O)C(F)=C1F,2.075636672
FC(F)(F)C(F)(F)C(F)(F)C(=O)N1CCC[C@H]1C(Cl)=O,1.135671846
CC1=CC(=C(S)C=C1)C(O)(C(F)(F)F)C(F)(F)F,1.811522234
FC(F)OC(Cl)C(F)(F)F,1.351397558
OCCC(F)(F)C(F)F,0.981964419
FC(F)C(F)(F)COP1(Cl)=NP(Cl)(Cl)=NP(Cl)(Cl)=N1,1.412922879
CC(C(=O)NC1=CC(=C(C=C1)C(F)(F)F)C(F)(F)F)C(=O)NC1=CC(=C(C=C1)C(F)(F)F)C(F)(F)F,2.116588272
CCN(CC(F)(F)F)N=O,1.010626708
O.FC(F)(F)C1(NCCN1)C(F)(F)F,0.465397135
FC(F)=C,1.514578668
CC1=C(F)C(F)(F)C(F)(F)C(F)(F)C1(F)F,2.518405042
CS(=O)(=O)C1=C(F)C(F)=C(F)C(F)=C1F,1.552664617
FC1=C(F)C(F)=C(C=C)C(F)=C1F,2.817346335
FC(F)(F)C#C,1.703647147
NC1=C(F)C(F)=CC(F)=C1F,1.970030267
CC1=C(F)C(F)=C(C)C(F)=C1F,2.807166163
OC(OCC(F)(F)F)(C(F)(F)F)C(F)(F)F,1.429532433
OC(N1CC1)(C(F)(F)F)C(F)(F)F,1.051033907
FC(F)(F)C1=CC(=CC(=C1)C(Cl)=O)C(F)(F)F,2.21264707
FC(F)(F)C(F)(F)C(F)(F)CN(CC(F)(F)C(F)(F)C(F)(F)F)N=O,1.996651397
FC(F)(F)C(F)(F)C(F)(F)C(F)(F)C(=O)OCC=C,1.910400989
CSOS(=O)(=O)C(F)(F)F,0.547898116
FC(F)=C(F)OC(F)(F)C(F)(F)Br,2.081853225
FC(F)(F)C(F)(F)C1=NC(=NC(=N1)C(F)(F)C(F)(F)F)C(F)(F)C(F)(F)F,2.110357376
NCCCNC(=O)C(F)(F)C(F)(F)C(F)(F)C(F)(F)C(F)(F)C(F)(F)C(F)(F)F,1.67684912
FC(F)(F)C(=O)NC1=CC(=C(Cl)C=C1)C(F)(F)F,2.373741412
FC(F)(F)C(F)(F)C(F)(F)C(F)(F)C(F)(F)C(F)(F)SSC(F)(F)C(F)(F)C(F)(F)C(F)(F)C(F)(F)C(F)(F)F,2.383179394
CC1=C(NC(=O)NC(=O)C2=C(F)C=CC=C2F)C=CC(=C1)C(O)(C(F)(F)F)C(F)(F)F,1.528221025
OP(O)(=O)OCCC(F)(F)C(F)(F)C(F)(F)C(F)(F)C(F)(F)C(F)(F)C(F)(F)C(F)(F)C(F)(F)C(F)(F)C(F)(F)C(F)(F)C(F)(F)C(F)(F)C(F)(C(F)(F)F)C(F)(F)F,2.332850969
N[C@@H](CSC(F)(F)C(F)(F)C(F)F)C(O)=O,1.153453981
FC(F)(F)C(F)(F)Cl,1.802155029
FC(F)=C(F)Cl,2.030226316
FC1(F)OC(F)(F)C(F)(F)C(F)(F)C(F)(F)C1(F)F,2.221032563
CCCCC(F)(F)F,1.948391265
FC1=C(NC(=O)NC1=O)C(F)(F)F,0.902204644
FC(F)(F)C1=CC(=O)N=C(N1)C(F)(F)F,1.351522953
NNC(=O)C(F)(F)C(F)(F)C(F)(F)F,1.25661671
FC(F)(F)C(F)(F)C(F)(F)C(F)(F)C(F)(F)C(F)(F)C(F)(F)C1=NC(=NO1)C(F)(F)C(F)(F)C(F)(F)C(F)(F)C(F)(F)C(F)(F)C(F)(F)F,2.324399757
COC(=N)C(F)(F)F,0.352043672
FC(F)(F)C1=NCCN1,0.400909645
FC(F)(F)C(F)(F)C(F)(F)C(=O)NCCCl,1.254156884
FC1=CC(=CC(=C1)C(F)(F)F)C(F)(F)F,2.645975746
CCOC(O)(C(F)(F)F)C(F)(F)F,1.077045235
OC(N1CC1)C(F)(F)F,0.352789115
NC1=CC=CC=C1.OC(=O)C(F)(F)C(F)(Cl)C(F)(F)C(F)(Cl)C(F)(F)C(F)(Cl)C(F)(F)Cl,1.376336224
FC(F)(CI)C(F)(F)C(F)(F)CI,2.056042633
CCOCNC(=O)NCC(F)(F)C(F)(F)C(F)(F)C(F)(F)C(F)(F)C(F)(F)C(F)(F)F,1.718886161
FC(F)(F)C(=CC(=O)C1=CC=CC=C1Cl)C(F)(F)F,2.625050659
CC(C(=O)C1=CC=CC=C1)C(O)(C(F)(F)F)C(F)(F)F,1.594866303
[O-][N+](=O)C1=CC2=C(CCC(=C(C(F)(F)F)C(F)(F)F)C2=O)C=C1,2.143304145
CCCC(C(=O)C1=CC=C(OC)C=C1)C(O)(C(F)(F)F)C(F)(F)F,1.880665203
OC(=O)C1=C(F)C2=C(C(F)=C(F)C(F)=C2F)C(F)=C1F,1.904041424
COC1=C(F)C(F)=C(OC2=C(F)C(F)=C(OC)C(F)=C2F)C(F)=C1F,3.349019612
OC(=O)C1=C(F)C(F)=C(OC2=C(F)C(OC3=C(F)C(F)=C(C(O)=O)C(F)=C3F)=C(F)C(F)=C2F)C(F)=C1F,2.482872205
OC1=CC=C(C=C1)C(F)(F)C(F)(F)C(F)(F)C1=CC=C(O)C=C1,1.678435932
OC(C1=C(F)C(F)=C(C(F)=C1F)C(O)(C(F)(F)F)C(F)(F)F)(C(F)(F)F)C(F)(F)F,2.035557126
FC(F)(F)C(F)(F)C(F)(F)COCC1=CNC(=O)NC1=O,1.207111255
CC1=CC(=C(Br)C=C1)C(O)(C(F)(F)F)C(F)(F)F,1.886342604
OC(=O)C(F)(F)C(F)(F)C(F)(F)C(F)(F)C(F)(F)C(F)(F)C(F)(F)C(F)(F)C(F)(F)F,1.940190981
OC(=O)C(F)(F)C(F)(F)C(F)(F)C(F)(F)C(F)(F)F,1.532274361
OS(=O)(=O)C(F)(F)C(F)(F)C(F)(F)C(F)(F)C(F)(F)C(F)(F)C(F)(F)C(F)(F)F,1.887720072
CC1=CC(=C(N)C(=C1)C(O)(C(F)(F)F)C(F)(F)F)C(O)(C(F)(F)F)C(F)(F)F,1.563114168
CP1(CC=C)=NP(OCC(F)(F)F)(OCC(F)(F)F)=NP(OCC(F)(F)F)(OCC(F)(F)F)=N1,1.885165143
CC(C)(C)C1=CC2=C(SC(C)(C)OC2(C(F)(F)F)C(F)(F)F)C=C1,2.905062121
FC(F)C(F)(F)OC1=C(Cl)C=C(NC(=O)NC(=O)C2=C(F)C=CC=C2F)C=C1Cl,2.520843068
FC1=C(F)C(F)=C(CCC2=C(F)C(F)=C(F)C(F)=C2F)C(F)=C1F,3.242975833
OC1=C(C=C(F)C=C1)C(F)(F)F,1.776992834
FC1=CC(=CC(=C1)C(F)(F)F)C#N,1.862125405
FC(F)(F)C1=CC(=CC(=C1)C(=O)C1=CC(=CC(=C1)C(F)(F)F)C(F)(F)F)C(F)(F)F,2.7345186
FC(F)(F)C(Cl)C(Cl)Cl,1.762964594
FC(F)(F)C(F)(F)C(F)(F)C(F)(F)C(F)(F)C(F)(F)C(F)(F)C(F)(F)C(F)(F)C(F)(F)C(F)(F)F,2.542001243
OCC(Br)C(F)(F)F,0.675445836
CC(=O)NCCC1=C(N=C(N1)C(F)(F)F)C(F)(F)F,1.244801161
CC(=O)CC(F)(F)F,0.906978115
FC1(F)COCOCC1(F)F,1.386910072
FC(F)(F)C(F)(F)C(F)(F)C(F)(F)Br,2.112098915
CC1=CC=C(C=C1)S(=O)(=O)OCC(F)(F)C(F)(F)C(F)(F)C(F)(F)C(F)(F)C(F)F,1.745786727
FC(F)(F)C1(N=N1)C(F)(F)F,1.707034721
FC(F)(F)SSC(F)(Cl)Cl,1.464094132
FC(F)(F)C(F)(F)C(F)(F)C(=O)NCCC1=CC=CC=C1,1.718032708
COC1=CC=C(COC(=O)C(F)(F)C(F)(F)C(F)(F)F)C=C1,1.939190292
FC1(F)OC2(F)C(F)(C1(F)F)C(F)(F)C(F)(F)C(F)(F)C2(F)F,2.471703574
FC(F)(F)C1=CN=CN1,1.016787386
FC(F)(F)C(=O)NCCI,0.608806262
FC(F)(F)C(Cl)=CC(=O)C(F)(F)F,1.672344796
FC(Cl)=C(F)C(F)=C(F)C(F)=C(F)Cl,2.179555745
FC(F)(F)C1=CC=C(C=C1)C(F)(F)Cl,2.433441066
FC1=C(F)C(F)=C(SSC2=C(F)C(F)=C(F)C(F)=C2F)C(F)=C1F,2.897614282
CSC1=C(F)C(F)=C(F)C(F)=C1F,2.551471968
CC1=C(C)C(F)(F)C(F)(F)C(F)=C1F,2.378386573
COC1=CC(=C(OC)C=C1C(F)(F)F)C(F)(F)F,2.715264507
NC1=CC(=C(C=C1)C(F)(F)F)C(F)(F)F,2.203419699
OC1=CC=C(C=C1)C(C1=CC=C(O)C=C1)C(F)(F)C(F)(F)C(F)(F)C(F)F,2.024944334
OC1=C(F)C(F)=CC(F)=C1,1.705752039
FC1=C(F)C(F)=C(F)C(=C1)C(Cl)=O,2.339518002
FC1=C(F)C(F)=C(C=C1)C(F)(F)F,2.819739577
FC1=C(F)C(F)=C(P(CCP(C2=C(F)C(F)=C(F)C(F)=C2F)C2=C(F)C(F)=C(F)C(F)=C2F)C2=C(F)C(F)=C(F)C(F)=C2F)C(F)=C1F,3.265212881
FC1=C(C=O)C=C(C=C1)C(F)(F)F,2.127134278
COC(=O)C(=O)C(F)(F)F,1.027920866
CC(=O)N1N=C(C=C1C(F)(F)F)C(F)(F)F,1.586408246
NC1=CC(F)=CC(=C1)C(F)(F)F,1.841868741
FC(F)(F)COC(=O)CC(=C)C(=O)OCC(F)(F)F,1.419288972
FC(F)(F)C1=CC(=C(C=C1)C#N)C(F)(F)F,2.178119466
NC1=C(Br)C=C(C(=C1)C(F)(F)F)C(F)(F)F,2.277301337
FC(F)(F)C1=NC2=C(C=NN2C(=C1)C(F)(F)F)C#N,1.939354132
FC(F)(F)C(Br)(C#N)C(F)(F)F,1.738199276
FC(F)(F)C(F)(C(Br)=C)C(F)(F)F,1.963171053
FC1=CC(F)=C(F)C(Br)=C1,2.98863175
FC1=C(Cl)C=CC(=C1)C(F)(F)F,2.932166433
CC1=C(Cl)C(=NN1)C(F)(F)C(F)(F)C(F)(F)C(F)(F)F,1.850216221
CC1=C(Cl)C(=NN1)C(F)(F)C(F)(F)C(F)(F)C(F)(F)C(F)(F)C(F)(F)F,2.010026994
FC(F)(F)C(F)(C(Cl)=C)C(F)(F)F,1.951801039
FC(F)(F)C(Br)C(Br)C(F)(F)F,1.976812265
FC(F)(Br)C(F)(Br)I,2.007679418
FC(F)(F)C(Br)=CBr,1.758840893
FC1=C(F)C2=C(NC(=N2)C(F)(F)F)C=C1,2.285253778
COC(=O)C(F)(F)C(F)(F)C(F)(F)C(F)(F)C(F)(F)C(F)(F)C(F)(F)C(F)(F)C(=O)OC,1.798122396
NCC1=C(F)C(=CC=C1)C(F)(F)F,1.685576007
FC(F)(C(F)(F)C(F)(F)S(Cl)(=O)=O)C(F)(F)S(Cl)(=O)=O,0.764752385
OCC1=C(C=CC(=C1)C(F)(F)F)C(F)(F)F,1.991826371
FC(F)(CBr)C(F)(F)C(F)(F)CBr,1.817966466
COC(=O)C(=N/C(=O)C(F)(F)F)\C(F)(F)F,1.64082499
FC(F)(F)C(F)(F)C(F)(F)C(F)(F)OC(F)(F)C(F)(F)OC(F)(F)C(F)(F)OC(F)(F)Br,2.082236825
CCC(I)CC(F)(C(F)(F)F)C(F)(F)F,1.977715867
FC1=CC(I)=CC(F)=C1F,3.367856369
FC(F)(F)C(F)(F)C(F)(F)C(F)(F)OC(F)(F)C(F)(F)OC(F)(F)Br,2.059422338
FC1=CC=CC(C=O)=C1C(F)(F)F,2.151025843
OC(=O)C=CC1=CC(=CC(=C1)C(F)(F)F)C(F)(F)F,1.825066056
FC(F)(F)OC1=CC=CC2=C1N=C(C=C2Cl)C(F)(F)F,2.971466029
FC(F)(Cl)C(F)(Br)C(F)(F)C(F)(Cl)Br,2.068197875
FC1(F)C(F)(F)C(F)(F)C(F)(Cl)C(F)(Cl)C1(F)F,2.476871778
FC(F)COS(=O)(=O)C(F)(F)F,0.717910058
COC1=C(F)C=CC(=C1)C(F)(F)F,2.436998862
COC(F)(C(F)(F)F)C(F)(F)F,1.758073607
[O-][N+](=O)C1=C(NN=C1C1=CC=CC=C1)C(F)(F)C(F)(F)C(F)(F)F,2.202454836
FC1=C(C(F)(F)F)C(F)(F)C(F)(F)C1(F)F,2.506605505
FC(F)OCC(F)(F)C(F)C(F)(F)F,1.710130946
FC(F)(F)C(Cl)C(Cl)(Cl)C(F)(F)F,2.046115248
OCCCC(F)(C(F)(F)F)C(F)(F)C(F)(F)F,1.723936807
FC(F)(F)C(F)(F)C(F)(F)C(F)(F)CC(I)C(F)(F)C(F)(F)C(F)(F)C(F)(F)F,2.253091067
FC(F)=C(F)C(F)(F)I,2.245869071
CC(CC(F)(F)F)C(O)=O,0.500721092
FC(F)(F)OC(F)(F)C(F)(F)OC(F)(F)C(Cl)=O,1.470435171
FC(F)C(F)(F)C(F)(F)C(F)(F)CI,2.026617208
OCCCCCCC(F)(F)C(F)(F)F,1.519355138
FC1=C(F)C(F)=C(OC(=O)C=C)C(F)=C1F,2.815526836
FC(F)(F)C(=O)CC(=O)C(F)(F)C(F)(F)C(F)(F)C(F)(F)C(F)(F)C(F)(F)F,1.884326393
FC(F)(F)C(F)(F)C(F)(F)C(F)(F)C(F)(F)C(F)(F)C(F)(F)C(F)(F)C(F)(F)C#N,2.389458707
OCC(F)(F)C(F)(F)C(F)(F)C(F)(F)C(F)(F)C(F)(F)C(F)(F)C(F)(F)C(F)(F)C(F)(F)CO,1.986566349
COC(CC(F)(F)C(F)(F)C(F)(F)C(F)(F)C(F)(F)C(F)(F)F)OC,1.983753669
CCC(F)(F)C(F)(F)C(F)(F)C(F)(F)C(F)(F)C(F)(F)F,2.388651919
FC1=C(F)C(=C(F)C(F)=C1C(F)(F)F)C(F)(C(F)(F)F)C(F)(F)F,2.798537463
OCCC(F)(F)C(F)(F)C(F)(C(F)(F)F)C(F)(F)F,1.795748061
OCC(I)CC(F)(F)C(F)(F)C(F)(F)C(F)(F)C(F)(F)C(F)(F)C(F)(C(F)(F)F)C(F)(F)F,2.041095718
FC(F)C(F)(F)C(F)(F)C(F)(F)C(F)(F)C(F)(F)C(F)(F)C(F)(F)COCC1CO1,2.185895242
OCC(F)(F)C(F)(F)C(F)(F)C(F)(F)C(F)(F)C(F)(F)C(F)(F)C(F)(F)C(F)(F)C(F)(F)C(F)(F)C(F)(F)C(F)(F)C(F)(F)C(F)(F)C(F)(F)C(F)(F)F,2.468420186
OCCCCCCC(F)(F)C(F)(F)C(F)(F)C(F)(F)C(F)(F)C(F)(F)C(F)(F)C(F)(F)F,2.135830894
OCC(F)(F)C(F)(C(F)(F)F)C(F)(F)C(C(F)(F)F)(C(F)(F)F)C(F)(F)F,2.24041389
FC1(F)OC2=CC=CC=C2OC1(F)F,2.439276806
FC(F)C(F)(F)C(Cl)=O,1.182270395
OC(C1=CC(=CC(=C1)C(F)(F)F)C(F)(F)F)C1=CC(=CC(=C1)C(F)(F)F)C(F)(F)F,2.34318442
COC(OC)C(F)(F)F,1.063414073
NC(=N)C(F)(F)F,0.135282182
CCC(F)=C(F)F,1.988457883
OC(=O)CCC(F)(F)F,0.633660472
FC(F)(F)OC1=CC=C(C=C1)C(F)(F)F,2.689981806
FC(F)(F)C(CCBr)C(F)(F)F,1.84254555
OCC(F)(F)C(F)C(F)(F)C(F)(F)C(F)(F)C(F)F,1.863479509
FC(F)(F)C(F)(F)C(F)(F)C(F)(F)C(F)(F)C(F)(F)C(F)(F)C(=O)OC=C,2.127925202
FC1=C(F)C(Cl)=C(F)C(=C1F)C(F)(F)F,3.036517291
FC(F)(F)C(F)(Br)C(F)(Br)C(F)(F)F,2.06781175
FC(F)OC(F)(F)C(F)C(F)(F)F,1.746055959
OC1=CC=C(OC(F)(F)C(F)F)C=C1,2.271822116
FC(Cl)OC(F)(F)C(F)C(F)(F)F,1.639011828
FC(F)=C(Br)C(F)(F)F,2.046631468
FC1=CC(=CC(F)=C1Br)C(F)(F)F,2.814623804
O.FC(F)(F)C=O,0.79133661
FC(F)(F)C(Br)(CCl)C(F)(F)F,1.992853257
FC(F)(F)C(F)(F)C(F)(F)C(F)(F)C(F)(F)C(F)(F)C(F)(F)C(F)(F)CCBr,2.319403168
CCC=C(F)F,2.301629103
OCC(O)CC(F)(F)C(F)(F)C(F)(F)F,1.480003534
OC(=O)C(F)(F)OC(F)(F)C(F)(F)OC(F)(F)F,1.114134274
NC(=O)C(F)(F)C(F)(F)C(F)(F)C(F)(F)C(F)(F)C(F)(F)C(F)(F)C(F)(F)C(F)(F)F,1.998162906
OC(=O)CCCC(F)(F)F,0.767747676
OC(=O)C(F)(F)C(F)(F)C(F)(F)C(F)(F)C(F)(F)C(F)(F)C(F)(F)C(F)(F)Cl,1.823459587
FC(=O)C(F)(F)C(F)(F)C(F)(F)C(F)(F)Cl,1.829935126
COC1=C(F)C(F)=C(C(F)=C1F)C(F)(F)F,2.69913617
OCC(F)(C(F)C(F)(C(F)(F)F)C(F)(F)F)C(F)(F)F,1.829742682
CC(=O)C(F)(F)C(F)F,1.171509299
OCC(F)(OC(F)(F)C(F)(F)C(F)(F)C(F)(F)C(F)(F)F)C(F)(F)F,1.983587192
CCCCC=CC(F)(F)F,2.525563728
FC1=C(C=CC(Br)=C1)C(F)(F)F,2.811251904
NC1=C(C(F)=CC(F)=C1)C(F)(F)F,2.023842198
NC(=S)C1=CC(=CC(=C1)C(F)(F)F)C(F)(F)F,2.023548498
OC(=O)C(O)(O)C(F)(F)F,0.423069969
OC1(CC(=O)C2=C(O1)C1=CC=CC=C1C=C2)C(F)(F)C(F)F,1.942028473
NS(=O)(=O)C(F)(F)C(F)(F)C(F)(F)C(F)(F)C(F)(F)C(F)(F)C(F)(F)C(F)(F)F,1.906169379
FC(F)(F)C(F)(F)C(F)(F)C(F)(F)C(F)(F)C(F)(F)C(F)(F)C(F)(F)C1=CC(Br)=CC=C1,2.488949568
CC(=O)C(F)F,0.369614562
FC1=NC=NC(F)=C1F,1.063647119
NC(=N)C(F)(F)C(F)(F)F,0.736707439
FC(F)(F)COC(OCC(F)(F)F)OCC(F)(F)F,1.699389579
FC(F)(F)C(F)(F)C(F)(F)C(F)(F)CI,2.049618743
FC(F)(F)C(=O)C(F)(F)I,1.488493361
OCC(F)(F)C(F)(F)C(F)(F)C(F)(F)C(F)(F)C(F)(F)CO,1.593452036
FC1=C(F)C(F)=C(B(C2=CC=CC=C2)C2=C(F)C(F)=C(F)C(F)=C2F)C(F)=C1F,3.690014128
FC(=O)C(F)(I)C(F)(F)F,1.46188856
CC(CC(Cl)CCl)OC(=O)C(F)(OC(F)(F)C(F)(F)C(F)(F)F)C(F)(F)F,1.964827265
CCOP(O)(=O)CCC(F)(OC(F)(F)C(F)(OC(F)(F)C(F)(OC(F)(F)C(F)(F)C(F)(F)F)C(F)(F)F)C(F)(F)F)C(F)(F)F,2.112544717
CC(F)(F)C(F)(F)OC(F)(C(F)(F)F)C(F)(F)OC(F)(C(O)=O)C(F)(F)F,1.650696447
CC(F)(F)C(F)(F)OC(F)(CO)C(F)(F)F,1.488981338
FC(F)C(F)(F)COC1=CC=CC(CNCCC2=CNC3=C2C=CC(F)=C3)=C1,2.140637383
CC(=O)COC(F)(OC(F)(F)C(F)(F)C(F)(F)F)C(F)(F)F,1.735902552
C[N-]S(=O)(=O)C(F)(F)C(F)(F)C(F)(F)C(F)(F)F,1.259124785
CCCCCCCCCCCCCCCCCCCCCCCCCCCC(=O)OCCN(C)S(=O)(=O)C(F)(F)C(F)(F)C(F)(F)C(F)(F)F,1.662029427
FC(F)(F)C(F)(F)C(F)(F)C(F)(F)C(F)(F)C(F)(F)C(F)(F)C(F)(F)C(F)(F)C(F)(F)C(F)(F)C(F)(F)CC=O,2.393608582
CCNS(=O)(=O)C(F)(F)C(F)(F)C(F)(F)C(F)(F)C(F)(F)C(F)(F)F,1.560959634
CC(F)(F)C(F)(F)CF,1.904559303
FC=CC(F)(C(F)(F)F)C(F)(F)F,2.229043265
CCC(F)=C(F)C(F)(F)C(F)(F)F,2.229591849
CN(C(F)(F)C(F)(F)OC(=O)C=C)S(=O)(=O)C(F)(F)C(F)(F)C(F)(F)C(F)(F)C(F)(F)C(F)(F)C(F)(F)C(F)(F)F,1.882752604
FC(F)(F)CCC(CCC(F)(C(F)(F)F)C(F)(F)F)(C#N)C#N,2.236341584
[O-]S(=O)(=O)C(F)(F)C(F)(F)C(F)(F)C(F)(F)C(F)(F)C(F)(F)C(F)(F)C(F)F,1.703904507
CC1=C(N)C=C(N)C=C1OC(F)=C(F)C(F)(F)C(F)(F)C(F)(F)C(F)(F)C(F)(F)C(F)(F)C(F)(F)F,2.159458
OCC(O)CC(F)(F)C(F)(F)C(F)(F)C(F)(F)C(F)(F)F,1.827230413
[O-]P(=O)(OC(F)(F)F)OC(F)(F)C(F)(F)F,0.874363423
NC1=CC(OC(F)=C(F)C(F)(F)C(F)(F)C(F)(F)C(F)(F)F)=C(N)C=C1Br,1.88127884
NC1=C(O)C=CC(=C1)C(F)(C(F)(F)F)C(F)(F)F,1.813111465
CC1=C(NC(=O)C2=CC=CC=C2C(N)=O)C=CC(=C1)C(F)(C(F)(F)F)C(F)(F)F,1.532213015
FC(F)(F)C(F)(F)CCN1N=C(C#N)C2=C1N=CC=C2,1.684301711
FC1CCCCC1(F)F,2.280001963
NS(=O)(=O)C1=CC=C(C=C1)N1N=C(C=C1C1=CC=C(Cl)C=C1)C(F)(F)C(F)(F)C(F)(F)F,2.052028578
[O-]S(=O)(=O)C(F)(F)C(F)(F)C(F)(F)C(F)(F)C(F)CCCCCCC(F)(F)F,1.554736005
FC(F)(F)C(F)(C(F)(F)F)C1(F)OC1(F)C(F)(F)F,2.502860503
FC(F)(F)C(F)(CCCCCCSC#N)C(F)(F)F,2.172374392
CC1=C(C=C(C=C1OC(F)=C(F)C(F)(F)C(F)(F)C(F)(F)C(F)(F)F)C(O)=O)C(O)=O,1.637561437
FC(F)C(F)(F)OC(F)(F)C(F)(F)F,1.946316998
FC1=C(C=CC=C1NC(=O)C1=CC=CC=C1)C(=O)NC1=C(C=C(C=C1Br)C(F)(C(F)(F)F)C(F)(F)F)C(F)(F)F,2.146070193
OC(=O)CCC1=CC=C(C=C1)C1=NN(C=N1)C1=CC=C(OC(F)(F)C(F)(F)F)C=C1,1.84643084
OC1=CC2=C(C=C1)C(C1=CC=C(OCCCCCSCCC(F)(F)C(F)(F)C(F)(F)F)C=C1)=C(CCC2)C1=CC=CC=C1,2.268831831
FC(F)C(F)(OC(F)(C(F)F)C(F)(F)F)C(F)(F)F,2.167775452
FC(F)(F)C(F)(F)COC1=CC=CC(C=O)=C1,2.141944485
OC1=CC=C(OC(F)(F)C(F)(F)C(F)(F)C(F)(F)C(F)(F)C(F)(F)C(F)(F)C(F)(F)C(F)(F)C(F)(F)C(F)(F)C(F)(F)C(F)(F)C(F)(F)C(F)(F)F)C=C1,2.276676347
CCO[Si](OCC)(OCC)C(F)(F)C(F)(F)CCC(F)(F)F,1.61335987
CCCN(CCC[Si](OC)(OC)OC)S(=O)(=O)C(F)(F)C(F)(F)C(F)(F)C(F)(F)C(F)(F)C(F)(F)C(F)(F)C(F)(F)F,1.809033699
FC1=CC=CC=C1C(=O)NC1=CC=CC(=C1)C(=O)NC1=C(Br)C=C(C=C1Br)C(F)(C(F)(F)F)C(F)(F)C(F)(F)F,2.090548552
FC(F)(F)C(F)(F)C(F)(F)C(F)(F)C1CC2CCC1C2,2.49523674
FC(F)(F)C1=CC=C(C=C1)C1=CC2=C(NC(=N2)C(F)(F)C(F)(F)C(F)(F)F)C=C1Cl,2.634963521
CC(F)(F)OC(=O)C(F)(F)F,1.300464083
FC(F)OC(F)(F)C(F)(F)OC(F)(F)C(F)(F)OC(F)(F)C(F)(F)OC(F)(F)C(F)(F)OC(F)F,1.934272037
FC(F)(F)OC(F)(C(F)(F)F)C(F)(F)F,1.939858074
OCC(F)(F)Cl,0.350447164
OC(=O)C(F)(F)C(F)(F)C(F)(F)C(F)(F)C(F)(F)C(O)=O,0.916328937
FC(F)(F)CS,1.004616691
NC1=CC=CC(=C1)C(F)(F)C(F)(F)C(F)(F)C(F)(F)C(F)(F)C(F)(F)C(F)(F)C(F)(F)F,2.146861498
OS(=O)(=O)C(F)(F)C(F)(F)C(F)(F)C(F)(F)C(F)(F)C(F)(F)C(F)(F)C(F)(F)C(F)(F)C(F)(F)F,2.035172881
FC1=C(F)C(F)=C(C(F)=C1F)C1=C(F)C(F)=C(Br)C(F)=C1F,3.533180099
CCC(O)C#CC(F)(F)F,1.685571972
CN(C(=O)CCl)C1=CC=C(C=C1)C(O)(C(F)(F)F)C(F)(F)F,1.684819727
[O-][N+](=O)C1=CC=C(OC(F)(F)C(F)(F)F)C=C1,2.230297387
CC1=CC(=NO1)C(F)(F)F,1.43170336
COCC(Br)C(F)(F)F,1.263021208
NC1=NNC(=N1)C(F)(F)C(F)(F)F,1.259410896
FC(F)(F)C1CCNC1,0.946486929
FC(F)C(F)(F)COC(=O)C1=CC=C(Cl)C=C1,2.252512149
CC1(C)[C@@H](\C=C/C(=O)OC(C(F)(F)F)C(F)(F)F)[C@H]1C(=O)O[C@H](C#N)C1=CC(OC2=CC=CC=C2)=CC=C1,2.936823972
FC(F)C(F)(F)C(F)(F)C(F)(F)CNC=C1C=CC(=O)C=C1,2.136154416
FC(F)(F)C(F)(F)C(F)(F)C1=NC2=C(N1)N=C(Cl)C(Cl)=N2,1.593501826
FC(F)C(F)Br,1.522215022
NC1=CC(Cl)=C(OC(F)(F)C(F)F)C(Cl)=C1,2.736650489
C[C@@H](O)C1=C(F)C(F)=C(F)C(F)=C1F,1.974175885
C[C@H](CC(F)(F)F)C(O)=O,0.558395071
COC(F)(F)C(F)(F)C(F)(F)C(F)(F)C(F)(F)C(F)(F)C(F)(F)C(F)(F)F,2.323854448
FC(F)(F)C(F)(F)C(F)(F)C(F)(F)CCC(F)(F)C(F)(F)C(F)(F)C(F)(F)F,2.36340775
FC(F)(F)C12CC(I)(C1)C2,2.689449299
FC(OC(F)(F)C(F)(F)C(F)(F)F)C(F)(F)OC1=CC=CC=C1,2.308845585
CC(C)(C)CC=C(C(F)(F)F)C(F)(F)F,2.732021848
CC1=CC(=NC2=C1C=CC=C2C(F)(F)F)C(F)(F)F,2.486461392
FC(F)=C(C1=CC=CC=C1)C(F)(F)F,2.547346513
CCSC(SCC)=C(F)C(F)(F)C(F)(F)F,2.330097722
OC(=O)C1=CN=C(N=C1C(F)(F)F)C(F)(F)F,1.065876266
FC(F)(F)C1=CC=C(OS(=O)(=O)C(F)(F)F)C=C1,1.727757519
FC(F)(F)C1=C(Br)N=CN1,1.072616516
CC(C)(C)C(F)(F)C(F)C(F)(F)F,2.535295172
FC(F)(F)C1=CC=CC=C1OS(=O)(=O)C(F)(F)F,1.786409227
FC(F)=C(F)OC(F)(F)C(F)(OC(F)(F)C(F)(F)S(F)(=O)=O)C(F)(F)F,1.893541342
COC(=O)C=C(C(F)(F)F)C(F)(F)F,1.51369807
C[Si](C)(C)C(I)CC(F)(F)C(F)(F)C(F)(F)C(F)(F)Cl,2.371590638
CC(C)(C)C(O)C(F)(F)F,1.418636519
FC(F)(F)C1=COC=C1C(F)(F)F,2.093431324
FC(F)(Cl)C(F)(F)C(F)(F)C(F)(F)C=C,2.207557216
NS(=O)(=O)C(F)(F)C(F)(F)OC(F)(F)C(F)F,0.983174855
NC1=CC=C(C=C1)C(F)(F)C(F)(F)C(F)(F)C(F)(F)F,1.893235221
OC1=CC=C(C=C1)C(F)(F)C(F)(F)C(F)(F)C(F)(F)C(F)(F)C(F)(F)C(F)(F)C(F)(F)F,2.036089243
CC1=CC=C(C=C1)C(=O)N=C(C(F)(F)F)C(F)(F)F,1.927624039
FC1=C(F)C(F)=C(F)C2=C1OC1=C2C(F)=C(F)C(F)=C1F,2.928962769
CCOP(=O)(CCC(F)(F)C(F)(F)C(F)(F)C(F)(F)C(F)(F)C(F)(F)F)OCC,1.822594843
FC1(F)OO1,1.06484505
FC1=C(F)C(F)=C(C(F)=C1F)[Si](Cl)(Cl)C1=C(F)C(F)=C(F)C(F)=C1F,3.475584957
FC(F)(F)CC(Cl)C(F)(F)Cl,1.820329363
FC(F)(C(F)(F)S(F)(=O)=O)C(F)(F)S(F)(=O)=O,0.690622892
CC(=O)NC(C(F)(F)F)C(F)(F)F,1.072341221
FC(F)(F)C(Br)CCBr,1.612292151
FC(F)(F)C(F)(F)P(=O)(C(F)(F)C(F)(F)F)C(F)(F)C(F)(F)F,2.050867806
FC1=CC=C(C=C1)C(F)(F)C(F)(F)C1=CC=C(F)C=C1,2.740078918
FC(F)(F)C1(O[C@@H](CC2=CC=CC=C2)C(=O)O1)C(F)(F)F,1.937943722
FC(F)(I)C(F)(F)C(F)(F)C(F)(F)C(F)(F)C(F)(F)OC(F)(F)C(F)(F)S(F)(=O)=O,1.929825135
C[Si](C)(C)C(F)=C(F)F,2.408440505
FC1(F)C(F)(F)S(=O)(=O)NS(=O)(=O)C1(F)F,0.640140384
FB(F)C1=CC(F)=CC(F)=C1,2.638607843
FC1=CC=C(OCC(F)(F)F)C=C1,2.499101222
FC(F)(F)C(=CCCl)C(F)(F)F,2.102628127
CC(=O)C1=CC(F)(F)C=CC1(F)F,1.901461695
FC(F)(F)C1CCCC1=O,1.507018531
FC(F)(F)OC(F)(F)C(F)(F)C(F)(F)C(F)(F)F,2.077358988
CON(C)C(=O)C(F)(Br)C(F)(F)F,1.099737306
FC1=C(F)C2=C(C(F)=C1F)C(F)=C(Br)C(F)=C2F,3.075077359
FC(F)(F)C(F)(F)C(F)(F)C(F)(F)C(F)(F)F,2.285661059
FC(F)(F)CN(CC(F)(F)F)C1=CC(=C(C=C1)C#N)C(F)(F)F,1.850069183
CCCNC1=CC=C(C=C1)C(O)(C(F)(F)F)C(F)(F)F,1.926294389
OC1OCC(F)(F)C1(F)F,1.091388632
C[Si](C)(O)CCC(F)(F)C(F)(F)C(F)(F)C(F)(F)C(F)(F)C(F)(F)F,2.019547837
FC1=C(F)C(F)=C(SC#CSC2=C(F)C(F)=C(F)C(F)=C2F)C(F)=C1F,2.987977227
FC1=C(F)C(F)=C(Br)C(F)=C1F,2.924095843
FC1=C(F)C(F)=C(C(F)=C1F)S(F)(=O)=O,1.588242068
FC(F)=C(I)C(F)(F)F,2.344625241
OC(CC(=O)C1=CC=CC=C1)(C(F)(F)F)C(F)(F)F,1.585270521
CCOC(F)F,0.894476525
CC(=C)C(=O)OCCC(F)(F)C(F)(F)C(F)(F)C(F)(F)C(F)(F)C(F)(F)F,2.129544842
FC(F)(F)C(=CC#N)C(F)(F)F,1.737916186
OC(=O)C(F)(Cl)C(F)(F)F,0.475866459
[O-][N+](=O)C1=CC(=CC2=C1N=C(N2)C(F)(F)F)C(F)(F)F,2.183153487
FC(F)(F)C(F)(F)C(F)(F)C(F)(F)C(F)(F)C(F)(F)C(F)(F)C(F)(F)CCCOC1=CC=C(C=O)C=C1,2.254796261
FC(C(F)(F)F)C(F)(F)OC(C(F)(F)F)C(F)(F)F,2.240032423
FC(F)(F)C1(SC(=N1)C1=CC=CC=C1)C(F)(F)F,2.4205725
FC(F)(F)SC1=CC=CO1,1.682145444
CN1C=C(C(=O)N(C)C1=O)C(F)(F)C(F)(F)C(F)(F)F,1.219367462
FC(F)(F)C(F)(F)C(F)(F)C1=NC2=C(O1)C=CC(=C2)C(F)(F)C(F)(F)C(F)(F)F,2.233014722
FC(F)(F)C(F)(F)C(F)(F)C(F)(F)COC1=NC(OCC(F)(F)C(F)(F)C(F)(F)C(F)(F)F)=NC(OCC(F)(F)C(F)(F)C(F)(F)C(F)(F)F)=N1,2.151431497
FC(F)(F)C(F)(F)OC1=CC=C(NC(=O)C2=CN=CC=C2)C=C1,2.15003432
FC1=C(Cl)SC(=N1)C(F)(F)F,1.932440301
FC(F)(F)COS(F)(=O)=O,0.441843605
FC(F)(F)C1(OP(Cl)OC1(C(F)(F)F)C(F)(F)F)C(F)(F)F,2.373104254
COP(=O)(OCC(F)(F)C(F)F)OCC(F)(F)C(F)F,1.397625244
CN1C=CN=C1C(F)(F)F,1.120285488
CC1=C(F)C(F)=C(I)C(F)=C1F,3.102157758
CCN(CC)C(=O)C(=C(F)F)C(F)(F)F,1.370759048
FC1(F)C(=O)C(F)(F)C(F)(F)C(F)(F)C1(F)F,2.162836512
FC(F)(F)S(=O)(=O)C1=CC(=CC(=C1)S(=O)(=O)C(F)(F)F)S(=O)(=O)C(F)(F)F,0.980665259
FC(F)(F)C(F)(F)C(F)(F)OS(F)(=O)=O,1.231593081
FC(F)=C1CC1,2.387396698
FC(F)C=C,1.409446497
FC(F)(F)C(F)(F)C(F)(F)C1=NC(=NC(=N1)C1=CC=CC=C1)C(F)(F)C(F)(F)C(F)(F)F,2.228623943
FC(F)(F)C(F)(F)C(F)(F)CC=C,2.204619447
FC(F)(F)C(F)(F)C(F)(F)C(F)(F)C(F)(F)C1(F)OC(F)(F)C(F)(F)C1(F)F,2.375848586
FC(F)(Cl)SCl,1.158763171
FC(F)C(F)(F)COCl,1.421064575
FC(F)C(F)(F)C(F)(F)C(F)(F)C(F)(F)C(F)(F)COS(F)=O,1.971257737
FC1(F)C(Cl)=C(I)C(F)(F)C(F)(F)C1(F)F,2.604477085
CCN(CC(F)(F)C(F)(F)C(F)(F)C(F)F)C1=CC=CC=C1,1.908419079
FC1=C(F)C(F)(F)C(F)=C(F)C1(F)F,2.517255529
FC1=C(F)C(F)=C(F)C2=C1C(F)(F)C(F)(F)C2(F)Cl,3.102997501
FC(F)(F)C(F)(F)C(F)(F)C(F)(F)[Mg]Br,2.033811732
FC(F)(F)C(F)(F)C(F)(F)C(N=O)(C(F)(F)F)C(F)(F)F,2.00353088
FC1=C(F)C(F)(Cl)C(F)=C(F)C1=O,2.036885881
CC(F)(F)C(O)(F)F,0.797314012
COC(=O)C(=O)C(F)(F)C(F)(F)C(F)(F)C(F)(F)F,1.690294491
OC(=O)CCSC(F)(F)F,0.762825742
FC(F)(F)COC1(CCC1)OCC(F)(F)F,2.027841439
FC1(F)C(Cl)=C(C#N)C(F)(F)C(F)(F)C1(F)F,2.14493965
FC(C(F)(F)C(F)(F)C(F)(F)C(F)(F)C(F)=C(F)F)S(F)(=O)=O,1.976043184
OC(=O)CSC(F)(F)C(F)(F)C(F)(F)C(F)(F)C(F)(F)C(F)(F)C(F)(F)C(F)(F)F,2.011708608
FC(F)(F)C(F)(F)C(F)(F)C(F)(F)C(F)(F)C(F)(F)C1CCCCC1=O,2.128268666
CC(O)CC(F)(F)C(F)(F)C(F)(F)C(F)(F)C(F)(F)C(F)(F)C(F)(F)C(F)(F)F,2.096549972
FC(=C)C(F)(F)C(F)(F)F,1.90424573
FC(F)=C(F)OC(F)(F)F,2.069580772
FC(F)(F)C1(C=CSC(=N1)C1=CC=CC=C1)C(F)(F)F,2.4177803
FCC(F)OC(F)(F)F,1.247706926
FC1=NN=C(Cl)C(F)=C1F,1.600195181
OC1=CC=CC=C1NC(C(F)(F)F)C(F)(F)F,1.889813552
FC1=C(F)C(F)=C(F)C2=C1C(F)(F)C(F)(Cl)C2(F)Cl,3.197434272
FC(F)(F)C(OP(C1=CC=CC=C1)C1=CC=CC=C1)C(F)(F)F,2.625595884
FC(F)(F)C(F)(F)C(F)(F)C#CC(=O)C1=CC=CC=C1,2.33716853
COC1=CC=C(C=C1)C#CC(=O)C(F)(F)C(F)(F)C(F)(F)F,2.151194754
CC(=O)OCC(F)(F)C(F)F,1.170443777
OC(=O)C(F)(F)OC(F)(F)C(F)(F)Br,0.93720717
FC1=C(F)C(F)=C(N=P(Cl)(Cl)Cl)C(F)=C1F,2.52417762
CC(=O)NC1=C(C#N)C(=CC(=N1)C(F)(F)F)C(F)(F)F,1.691800143
FC(F)(F)SN1C(SC(F)(F)F)=C(SC(F)(F)F)C(SC(F)(F)F)=C1SC(F)(F)F,2.601733851
FC(F)(Cl)C(=O)CC(=O)C(F)(F)Cl,1.045432354
FC1=C(F)C2(F)C1(F)C(F)=C(F)C2(F)F,2.800202753
FC1=C(F)C(F)=C(F)C2=C1C(Cl)C(F)(F)C2(Cl)Cl,3.422009731
FC1=C(F)C(F)=C(F)C2=C1C(=O)C(F)(F)C2=O,2.473992376
FC(C(F)(F)F)C1(OCCO1)C1=CC=CC=C1,2.065399802
FC(F)(F)C(C(=O)N1CCCC1)C(F)(F)C(F)(F)C(F)(F)F,1.676404342
FC(F)(F)COC1(CC(C1)C#N)OCC(F)(F)F,1.950905588
CCOP(Cl)(=O)C(F)(F)F,0.673304399
CC(CF)C(C)(F)F,2.163173005
FC(F)=C(F)C(F)(F)C(F)=C(F)F,2.262094242
CCOC(C)C1=C(F)C2=C(C(F)=C(F)C(F)=C2F)C(F)=C1F,2.614864192
FC1=NC(NCC(F)(F)F)=NC(F)=N1,0.896964658
CCOC1=CC=C(C=C1)[C@]1(CC(F)(F)C1(F)F)C(O)=O,1.895434313
FC(F)(F)C(F)(F)C(F)(F)C1=NOC(Cl)(O1)C(F)(F)F,1.815492993
FC1=CC(F)=C(F)C(=C1F)C1=C(F)C(F)=C(F)C(F)=C1F,3.68406478
FC(F)C(F)(F)N1C=CN=C1,1.229617683
CC(C)(O)C#CC(F)(F)C(F)(F)C(F)(F)C(F)(F)F,2.125234379
FC(C(F)(F)Cl)C(Cl)(Cl)Cl,2.000700022
FC(F)(F)C1=CC(=C(Cl)N=C1)C(F)(F)F,2.211724814
FC1=NC(=NC(F)=C1F)C(F)(F)F,1.52397909
FC(F)(F)C(F)(F)C(F)(F)P(=O)(C(F)(F)C(F)(F)C(F)(F)F)C(F)(F)C(F)(F)C(F)(F)F,2.294648455
FC(F)(F)C(F)(F)C(F)(F)C1CNC(=O)NC1=O,1.059190178
CCC(C)C(=O)C1=CC(=CC(=C1)C(F)(F)F)C(F)(F)F,2.576660833
ONC1=C(F)C(F)=NC(F)=C1F,1.201799361
FC(=O)C(F)(F)C(F)(F)S(F)(=O)=O,0.641959546
FC(F)C(F)(F)OC1=CC=CC=C1\N=C\C1=CN=CC=C1,2.648219764
FC(F)(F)C(F)(F)C(F)(F)C(F)(F)C(F)(F)C(F)(F)CCOC(=O)OC=C,2.138007546
FC(F)C(F)(F)C(F)(F)C(F)(F)COC(=O)C(=O)OCC(F)(F)C(F)(F)C(F)(F)C(F)F,2.077219038
FC(F)(F)NC(=O)C(C(F)(F)F)C(F)(F)F,1.270263251
FC(F)C(F)C(F)C(F)F,1.820254466
OCCC(F)(F)C(F)(F)C(F)=C(F)F,1.645417423
FC1=CC=C(C=C1)S(=O)C(F)(F)F,1.68887978
NC1=CC(=C(OC(F)(F)F)C=C1)C(F)(F)F,2.49498878
CNC(=O)NC1=NN=C(S1)C(F)(F)C(F)(F)F,1.196570191
FC(F)(F)N1C(F)(F)OC(F)(F)C1(F)Br,1.10547921
CCSC(F)(F)C(F)(F)C(F)(F)OC(F)=C(F)F,2.12166281
FC(F)(F)SN1C=CN=C1,1.14228949
CN(CCN(C)C(=O)C(F)(F)F)C(=O)C(F)(F)F,0.834207438
FC(F)(F)COC(=O)CCC(=O)OCC(F)(F)F,1.143799219
CC(C)C(=O)C1=CC=C(OC(F)(F)C(F)(F)F)C=C1,2.476361198
CC(C=C(F)F)=C(F)F,1.979652993
FC(F)(F)C(F)(F)C(F)(F)C(F)(F)C(F)(F)C(F)(F)C(F)(F)C1=CC=CC=C1,2.426463206
FC(F)(F)C(F)(F)C(C(F)(F)F)(C(F)(F)F)C(F)(F)F,2.387541275
[O-][N+](=O)C1=CC(Cl)=C(OC(F)(F)C(F)(F)Br)C=C1,2.56623794
OCCOCCSCCC(F)(F)C(F)(F)C(F)(F)C(F)(F)C(F)(F)C(F)(F)F,1.990633606
FC(F)(F)C(C1=CC=C(Br)C=C1)(C1=CC=C(Br)C=C1)C(F)(F)F,3.339461685
FC1(F)OC(F)(F)C2=C1C(Cl)=C(Cl)C(Cl)=C2Cl,3.690292972
CC(O)C(F)(F)C(F)(F)C(F)(F)C(F)(F)C(F)(F)C(F)(F)C(F)(F)C(F)(F)F,2.128487115
FC1=C(F)C(F)=C(C(F)=C1F)C1=C(F)C(F)=C(C(F)=C1F)C(F)(F)F,3.445637619
FC(F)C1=CC(F)(F)C(F)(F)C(F)(F)C1(F)F,2.521726792
CCCCCCC(I)CC(F)(F)C(F)(F)C(F)(F)C(F)(F)Cl,2.137960185
[O-][N+](=O)C1=CC=CC(=C1)C(C1=CC(=CC=C1)[N+]([O-])=O)(C(F)(F)F)C(F)(F)F,2.586295611
NC1=NOC(=C1)C(F)(F)C(F)(F)F,1.581406672
[O-][N+](=O)C1=CC=C(C=C1)C(F)(F)C(F)(F)F,1.952318797
COC(=O)C(F)(F)OC(F)(F)C(F)(F)C(F)(F)C(F)(F)C(F)(F)C(F)(F)C(F)(F)C(F)(F)F,2.125005431
OC(=O)C1=CC(F)=C(F)C(=C1F)C(F)(F)F,1.6581919
OP(=O)(C(F)(F)C(F)(F)C(F)(F)F)C(F)(F)C(F)(F)C(F)(F)F,1.6460692
FC(F)(C(F)(Cl)Br)C(F)(Cl)C(F)(F)C(Cl)(Cl)Cl,2.147713641
FC(F)(F)C(F)(F)C(F)(F)C(F)(F)C(F)(F)C(F)(F)C(Cl)(Cl)Cl,2.327743307
FC1=C(F)C(F)=C(OC(=O)CCC(=O)OC2=C(F)C(F)=C(F)C(F)=C2F)C(F)=C1F,2.696995662
OCC(O)COCCC(F)(F)C(F)(F)C(F)(F)C(F)(F)C(F)(F)C(F)(F)F,1.989508734
FC(F)(F)C1=NN=C(C=C1)C(F)(F)F,1.761425397
CC(=O)C1=CC(=C(C=C1)C(F)(F)F)C(F)(F)F,2.218090632
COC(=O)C(N)C(F)(F)F,0.631337448
FC1=C(F)C(F)=C(F)C2=CSC=C12,2.720804968
FC(F)(F)C1=CC(=NCCN1)C(F)(F)F,1.11302456
FC(F)(F)C(F)(F)C(F)(F)C(F)(F)C(F)(F)C(F)(F)C(=O)OOC(=O)C(F)(F)C(F)(F)C(F)(F)C(F)(F)C(F)(F)C(F)(F)F,2.258404566
FC(F)(C#N)C(F)(F)C(F)(F)C(F)(F)C(F)(F)C(F)(F)C#N,2.04547097
FC(F)(F)C(F)(F)C(F)(F)C(=O)C1CCCC1=O,1.394653528
OC(=O)C1=CC(F)=C(F)C(OC(F)F)=C1F,1.661894568
FC(F)=C(F)C(F)(F)C(F)(F)S(F)(=O)=O,1.392407439
FC(F)(F)C1=NC=NC=C1,1.125895745
COC(OC)=CC(O)(C(F)(F)F)C(F)(F)F,1.245388001
FC1=C(F)C(F)=C(F)C(=C1)C(F)(F)C(F)(F)F,2.871202855
[O-][N+](=O)C1=CC=CC(=C1C(F)(F)F)C(F)(F)F,2.480681886
FC(F)=C(F)C(F)(Br)C(F)(F)F,2.105958696
FC(F)(F)C(=O)C1CC1,1.464266846
FC(C(F)(F)F)C(F)(F)OC1=CC=C(C=C1)C1=CC=CC=C1,2.955608678
CC(=O)NC(C1=CC=C(F)C=C1)(C(F)(F)F)C(F)(F)F,1.838493377
FC1=C(F)C(F)=C(C(=O)C(=O)C2=C(F)C(F)=C(F)C(F)=C2F)C(F)=C1F,2.762072273
COC(=O)CC(F)(F)C(F)(F)C(F)(F)C(F)(F)C(F)(F)C(F)(F)F,1.956716372
C[Si](C)(C)OC(C=C=O)(C(F)(F)F)C(F)(F)F,1.972511844
FC(=O)C(F)(F)C(F)(F)C(F)(F)C(F)(F)C(F)(F)Cl,1.986950747
OC(=O)C(F)(F)OC(F)(F)C(F)(F)Cl,0.969597857
FC(F)(F)C(F)(F)C(=O)C1CCCCC1=O,1.242900121
OC(=O)C1=CC(=CC=C1)S(=O)(=O)C(C(F)(F)F)(C(F)(F)F)C(F)(F)F,1.19025522
CCC(C(F)=O)(C(F)(F)F)C(F)(F)F,1.643877613
[O-][N+](=O)C1=C(F)C(=C(F)C=C1)C(F)(F)F,2.17543593
FC1(F)CC(F)(F)O1,1.76696591
COC1=CC=C(C=C1)\N=C\C(F)(F)C(F)F,2.215949892
FC(F)(F)C(F)(F)C(=O)C(F)(F)Cl,1.596677395
FC1(F)CC2=C(C=C(Cl)C=C2)C1(F)F,3.069715696
FC(F)(F)C1=C(I)C=NN1,1.52411847
C[C@](N)(CN)C(F)(F)F,0.73239744
O.OC(C1=CC=C(C=C1)C(O)(C(F)(F)F)C(F)(F)F)(C(F)(F)F)C(F)(F)F,1.710674966
FC(F)(F)[13C]1=[13CH][13CH]=[13C]([13CH]=[13CH]1)C(F)(F)F,2.474668953
FC(F)(F)C=O,0.997248619
CC1=C(F)C(F)=C(Br)C(F)=C1F,2.824934187
FC1=CC(=CC(F)=C1)C(F)(F)F,2.570447597
CC1=C(F)C(=CC=C1)C(F)(F)F,2.337184754
FC(F)(OC1=CC=C(Br)C=C1)C(F)(F)S(F)(=O)=O,1.956017733
OC(F)(F)C(F)(F)C(F)(F)C(F)(F)C(F)(F)C(F)(F)F,1.886905975
[O-][N+](=O)C1=C(C=C(OC(F)(F)F)C=C1)C(F)(F)F,2.621720459
COCC(F)F,1.067451481
OC(C1=CC=C(NC(=O)C2=CC=C(C=C2)C(F)(F)F)C=C1)(C(F)(F)F)C(F)(F)F,1.98871509
Cl.CC(N)C(F)(F)F,0.661517748
FC(OCC(F)(F)F)C(F)(F)F,1.668790739
[2H]C([2H])(F)OC([2H])(C(F)(F)F)C(F)(F)F,2.076212866
CC(F)CF,1.665364486
C[Si](C)(C)CCB(C1=C(F)C(F)=C(F)C(F)=C1F)C1=C(F)C(F)=C(F)C(F)=C1F,3.597631085
FC(F)(F)C1(OC(Cl)=C(Cl)O1)C(F)(F)F,2.281949498
FC(=C(F)C(F)(F)F)C(F)(F)F,2.114618365
CC(=O)CC(=O)C(F)(F)F,0.517974944
FC(=O)C1=CC=C(C=C1)C(F)(F)F,1.874643367
OC(=O)C(F)(F)C(F)(F)C(F)(F)C(F)(F)C(F)(F)C(F)(F)C(F)(F)C(F)(F)C(F)(F)C(F)(F)C(F)(F)C(F)(F)C(F)(F)F,2.157524238
OCC(F)(F)C(F)(F)C(F)(F)C(F)(F)C(F)(F)C(F)(F)C(F)(F)C(F)F,2.120032776
CCOC(=O)C(F)(F)C(F)(F)C(F)(F)C(F)(F)C(=O)OCC,1.527782564
OCC(F)(F)C(F)(F)C(F)(F)CO,0.812701215
CCOC(=O)C(F)(F)C(F)(F)C(=O)OCC,1.073458118
FC(F)(F)C(F)(F)C(F)(F)Br,1.998104481
FC(F)(F)C(F)(F)C(F)(F)C(F)(F)C(F)(F)C(F)(F)S(F)(=O)=O,1.877312896
CCN(CCOC(=O)C=C)S(=O)(=O)C(F)(F)C(F)(F)C(F)(F)C(F)(F)C(F)(F)C(F)(F)C(F)(F)C(F)(F)F,1.774341007
CCOC(=O)C(F)(F)C(F)(F)C(F)(F)C(=O)OCC,1.369196085
CCOS(=O)(=O)C(F)(F)F,0.327610348
FC(F)(F)C=C(Cl)Cl,1.776496978
FC(F)(F)CC(F)(F)Cl,1.636580667
FC(F)=C(F)CCI,1.715174557
[F-].FC(F)(F)F,1.266513391
FC(F)(F)C(F)(F)C(F)(F)C(F)(F)C(F)(F)C(F)(F)C(F)(F)COC1=CSC=C1,2.289199505
FC(F)(F)C(F)(F)OCC=C,1.733261097
OCCNC1=CC(=CC(=C1)C(F)(F)F)C(F)(F)F,1.980370024
FC1=C(F)C(F)=C(S)C=C1,2.437127046
FC(F)C1=C(F)N=C(F)C=C1,1.747816331
CC(=O)C1=CC=C(OC(F)(F)C(F)F)C=C1,2.159140541
FC(F)C(F)(F)OC1=C(Cl)C=C(C=C1Cl)N=C=O,2.953337367
FC1=COC(O1)(C(F)(F)F)C(F)(F)F,1.963097632
CC(C)(N)CC(F)(F)F,1.1048933
COC1=C(N)C=CC(=C1)C(O)(C(F)(F)F)C(F)(F)F,1.744564904
FC(F)(F)C1=CC(Cl)=C(C=C1Cl)C(F)(F)F,3.205655945
FC1=C(F)C(F)=C(CCC=O)C(F)=C1F,2.464025478
CCOC(=C(F)F)C(F)(F)F,1.672584222
FC1=CC=C(C=C1)C(=O)C(F)(F)F,2.250991963
FC(F)(F)C#CC(F)(F)F,2.114020541
FC1=CC(OC(F)(F)C2=C(F)C=C(C=O)C=C2F)=CC(F)=C1F,2.981854658
OC(C1=CC=CC=C1)(C(F)(F)F)C(F)(F)F,1.830197377
CC1=CC=C(C=C1)C(=O)C(F)(F)C(F)(F)C(F)(F)F,1.938556506
FC(F)(F)CCCS,1.526763559
NC1=CC(O)=C(NC(=O)C(F)(F)C(F)(F)C(F)(F)F)C=C1,1.287399313
[H]C12CC(CC(O)(C(F)(F)F)C(F)(F)F)C([H])(C1)C=C2,1.906371535
FC(CCl)C(F)(F)Cl,1.527476301
FC(F)OC1(F)C(F)(F)C1(F)Br,2.082239381
COP(C(F)(F)F)C(F)(F)F,1.124774539
FC(F)(F)SC(F)(SCl)SC(F)(F)F,2.147104599
CC(F)(F)C#N,1.038785304
FC(F)=NC(=C(F)F)C(F)(F)Cl,1.805032435
FCC(F)C#N,0.897517614
FC(F)(F)C1(N=C(ON1C1=CC=CC=C1)C1=CC=CC=C1)C(F)(F)F,2.297440401
CC(Br)CC(F)(F)F,1.50750241
FC(F)(F)C(F)(F)C(F)(F)C(=O)N1CCNCC1,0.885739413
FC1=C(F)C(F)=C(C(F)=C1F)C(F)(F)Br,2.783837821
[H]C12C(F)(F)C(F)(F)C(F)(C1(F)F)C(F)(F)C2(F)F,2.718566865
OC1=C(F)C(F)=C(C=C)C(F)=C1F,1.728298244
CC(F)(F)CCF,1.710191996
CCOC(=O)CN(CC)S(=O)(=O)C(F)(F)C(F)(F)C(F)(F)C(F)(F)C(F)(F)C(F)(F)C(F)(F)C(F)(F)F,1.87121066
FC1OC(F)(F)C(F)(F)C(F)(F)C1(F)F,2.189553168
CC1=CC=C(C=C1)C(O)(C(F)(F)F)C(F)(F)F,1.782867422
FC(C(F)(F)F)C(F)(F)OC1=C(F)C=C(Br)C=C1,2.876497596
FC(=C)C(=O)OC(C(F)(F)F)C(F)(F)F,1.9372886
COC(F)(F)C(F)(F)C(F)F,1.734287856
CC1(F)OC(=O)OC1(F)F,1.452351378
[H]C12CC(C(O)C(F)(F)C(O)(O)C(F)(F)F)C([H])(C1)C=C2,1.15711478
FC1CC(F)(F)C(F)(F)C(F)(F)C1(F)F,2.529945634
FC1=NC(C#N)=C(F)C(F)=C1F,1.78157478
CC(F)C(F)(F)C(F)(F)C(F)(F)F,2.174573394
OC1=C(NC(=O)C(F)(F)C(F)(F)C(F)(F)F)C=CC(=C1)[N+]([O-])=O,1.484157084
FC(F)(Cl)C(=O)OC(=O)C(F)(F)Cl,1.297506943
OP(O)(=O)CCC(F)(F)C(F)(F)C(F)(F)C(F)(F)C(F)(F)C(F)(F)C(F)(F)C(F)(F)F,2.067441849
FC(F)(F)CCCSC#N,1.610866857
FC(F)(F)C1=C(C(=C(C=C1)C(F)(F)F)C(F)(F)F)C(F)(F)F,3.132082366
FC(F)(F)C(F)(F)C(F)(F)OC(F)(C(=O)C(F)(OC(F)(F)C(F)(F)C(F)(F)F)C(F)(F)F)C(F)(F)F,2.291553455
FC(F)(F)C(F)(F)N=NC(F)(F)C(F)(F)F,1.46233733
CC[Si](CC)(C(F)=C(F)F)C(F)=C(F)F,2.078181905
FS(=NC(F)(F)C(F)(F)F)C(F)(F)F,1.397394184
FC1=C(F)C(F)=C(F)C(=C1)C(=O)C1=CC(F)=C(F)C(F)=C1F,3.112906518
C\N=N\C(F)(F)F,0.470723562
CCC(=O)C(C)C(F)(F)F,1.155020409
C[Si](C)(Cl)C(F)(F)CC(F)(F)F,1.990328884
C[Si](C)(Cl)CCC(C(F)(F)F)(C(F)(F)F)C(F)(F)F,2.424652326
CC(C)C(F)=C(C(F)(F)F)C(F)(F)F,2.322351774
CCCCC(F)(F)C(=C(F)F)C(F)(F)F,2.264662586
FC1=CC=C(C=C1)\N=C\C1=C(F)C(F)=C(F)C(F)=C1F,3.062694151
OC(=O)C1=CC(F)=C(C(F)=C1)C(F)(F)F,1.479934245
Cl.CCC(CN)C(F)(F)C(F)(F)C(F)(F)F,1.566694187
NC1=C(F)C=C(C=N1)C(F)(F)F,1.372113512
Cl.NCCC(F)(F)F,0.609870094
FC(F)C(F)(F)COC1=CC=C(C=C1)C#N,1.861890426
NC1=CC(=C(F)C(Cl)=C1)C(F)(F)F,2.311213731
CC(C)[C@@H](N)C(F)(F)F,1.127838781
FC1=CC2=C(C=C1)C(F)(F)OC2(F)F,2.644707259
CC(=C)C(=O)OCC(F)(F)C(F)(F)C(F)(F)F,1.843511216
FC1=CC(CCl)=CC(=C1)C(F)(F)F,2.454337086
FC1(F)CC2=C(C=C(Br)C=C2)C1(F)F,2.990914299
FC(F)COP1(OCC(F)F)=NP(OCC(F)F)(OCC(F)F)=NP(OCC(F)F)(OCC(F)F)=N1,1.698607337
CCC(=O)OC(C(F)(F)F)(C(F)(F)F)C(F)(F)F,1.985472283
FC1=C(C=CC=C1C(F)(F)F)C(F)(F)F,2.564184846
Cl.CC[C@@H](N)C(F)(F)F,0.603885849
CCN(CCOC(=O)C=C)S(=O)(=O)C(F)(F)C(F)(F)C(F)(F)C(F)(F)F,1.43168439
CC(C)(C)C(=O)CC(=O)C(F)(F)C(F)(F)C(F)(F)F,1.624153647
[13CH3]OS(=O)(=O)C(F)(F)F,0.229959688
FC(F)(F)CC(F)(F)C(Cl)Cl,1.661917003
NC(=O)C(F)(F)C(F)(F)C(F)(F)C(F)(F)C(F)(F)OC(F)(C(F)(F)F)C(F)(F)F,1.842154102
FC(=O)C1(CCCC1)C(F)(F)F,1.603751033
FC(F)(F)C1=NC=CN=C1C(F)(F)F,1.662264544
FC(F)=C(CC(F)(F)F)C(F)(F)F,2.188200098
COC(=O)C(F)(F)C(F)(Cl)C(F)(F)C(F)(Cl)C(F)(F)Cl,1.767114659
FC(F)C1=C(F)C=C(C=C1)C(F)(F)F,2.55811023
FC1=CC(I)=CC(=C1)C(F)(F)F,2.935952965
CC(=C)C(=O)SCCC(F)(F)C(F)(F)C(F)(F)C(F)(F)C(F)(C(F)(F)F)C(F)(F)F,2.165407348
Cl.CC(C)C(N)C(F)(F)F,1.17136844
FC1=C(F)C(=C(F)C(F)=C1C#C)C(F)(F)F,2.608175823
OCCC(F)(F)C(F)(F)C(F)(F)C(F)(F)C(F)(F)C(F)(F)C(F)(F)C(F)(F)C(F)(F)C(F)(F)C(F)(F)C(F)(F)F,2.320060057
CC(=C)C(=O)OCC(F)(F)C(F)(F)F,1.665684607
CCN(CCOC(=O)C=C)S(=O)(=O)C(F)(F)C(F)(F)C(F)(F)C(F)(F)C(F)(F)C(F)(F)C(F)(F)F,1.707421765
FC(F)(F)COC1=NC(OCC(F)(F)F)=NC(Cl)=N1,1.450418946
FC(OC(F)(F)F)=C(F)C(F)(F)F,2.068856898
FC(F)(F)CC(F)(F)C(F)(F)OC(=O)C=C,1.864099742
OCCC1=C(C=CC(=C1)C(F)(F)F)C(F)(F)F,1.978945569
FC1=CC(I)=CC(=N1)C(F)(F)F,2.237400748
FC(F)=CC=C(F)Cl,1.989641935
CC(O)(C=C)C(F)(F)C(F)(F)F,1.260482248
OCC1NC(OC1=O)(C(F)(F)F)C(F)(F)F,1.155551564
COC1=CC(C)=C(C=C1)\N=C(/Cl)C(F)(F)C(F)(F)C(F)(F)F,2.220484994
CN(C)(=O)CCCNS(=O)(=O)C(F)(F)C(F)(F)C(F)(F)C(F)(F)C(F)(F)C(F)(F)C(F)(F)C(F)(F)F,1.663982265
FC(F)(Br)C(F)(F)CCCCCCBr,2.040357225
FC(F)(F)CCC(F)(F)C(F)(F)C(F)(F)[Si](Cl)(Cl)Cl,2.169228314
FC(F)(F)CC(F)(Cl)Cl,1.600471595
CCCC(O)(C(F)(F)F)C(F)(F)Cl,1.27286402
OC(CN(C(=O)C(F)(F)C(F)(F)C(F)(F)F)C(=O)C(F)(F)C(F)(F)C(F)(F)F)C1=CC=CC=C1,1.66013557
FNC(F)(F)C(F)C(F)(F)F,1.273540513
FC(F)(F)C(F)(F)C(F)(F)C(F)(F)C(F)(F)C(F)(F)C(F)(F)C(F)(F)C(F)(F)C(F)(F)C(F)(F)C(F)(F)C(F)(F)C(F)(F)C(F)(F)C(F)(F)CCOC(=O)C=C,2.442166264
FC1=NC(F)=C(F)C(F)=C1C=O,1.698017181
CC=CC(O)(C(F)(F)F)C(F)(F)F,1.548459058
OC(=O)C1=CC=CC=C1OC(F)=C(F)C(F)(F)C(F)(F)C(F)(F)C(F)(F)C(F)(F)C(F)(F)C(F)(F)F,2.182499154
FC(F)(Br)C=O,0.97660115
FC(=O)C(F)(C#N)C(F)(F)F,1.066265464
CCOC(=O)C1=CC=C(C=C1C(=O)OCC)C(C1=CC(C(=O)OCC)=C(C=C1)C(=O)OCC)(C(F)(F)F)C(F)(F)F,2.323985378
[NH4+].[O-]S(=O)(=O)C(F)(F)C(F)(F)C(F)(F)C(F)(F)C(F)(F)C(F)(F)C(F)(F)C(F)(F)C(F)(F)C(F)(F)F,1.58248225
CC(=CCO)C(F)(F)F,1.413766509
Cl.CN(C)CCCNS(=O)(=O)C(F)(F)C(F)(F)C(F)(F)C(F)(F)C(F)(F)C(F)(F)C(F)(F)C(F)(F)F,1.583593021
CC1=CC=CC=C1C(F)(F)C(F)(F)C(F)(F)C(F)(F)F,2.267583519
CCN(CCOP(O)(O)=O)S(=O)(=O)C(F)(F)C(F)(F)C(F)(F)C(F)(F)C(F)(F)F,1.224530048
CN(CCOC(=O)C(C)=C)S(=O)(=O)C(F)(F)C(F)(F)C(F)(F)C(F)(F)C(F)(F)C(F)(F)C(F)(F)F,1.714300276
FC(F)(F)C(F)(F)C(F)(F)C=CC(F)(F)C(F)(F)C(F)(F)F,2.506261597
OCC=CC1=CC(=CC(=C1)C(F)(F)F)C(F)(F)F,2.302117122
FC(F)(F)C(F)(F)C(=O)ON=O,1.374305437
FC(=C(F)C(F)(F)C(F)(F)C(F)(F)C(F)(F)F)C(F)(F)C(F)(F)F,2.499762251
FC(OC1=CC=C(C=C1)C(Cl)=O)=C(F)C(F)(F)C(F)(F)C(F)(F)C(F)(F)C(F)(F)C(F)(F)C(F)(F)F,2.434348196
FC1=C(F)C(F)=C(C=CC=O)C(F)=C1F,2.806333349
CN(C)C=C(S(=O)(=O)C(F)(F)F)S(=O)(=O)C(F)(F)F,1.06598662
CN(CCCCOC(=O)C=C)S(=O)(=O)C(F)(F)C(F)(F)C(F)(F)C(F)(F)C(F)(F)C(F)(F)C(F)(F)F,1.786468555
CN(CCCCOC(=O)C=C)S(=O)(=O)C(F)(F)C(F)(F)C(F)(F)C(F)(F)C(F)(F)F,1.61752449
FC(F)(F)C(F)(F)C(F)(F)C(F)(F)C(F)(F)C(F)(F)C(F)(F)C(F)(F)C(F)(F)S(F)(=O)=O,2.117189687
[NH4+].[O-]S(=O)(=O)C(F)(F)C(F)(F)C(F)(F)C(F)(F)C(F)(F)C(F)(F)F,1.245159349
[NH4+].[O-]S(=O)(=O)C(F)(F)C(F)(F)C(F)(F)C(F)(F)F,0.808767655
CNS(=O)(=O)C(F)(F)C(F)(F)C(F)(F)C(F)(F)C(F)(F)C(F)(F)F,1.58992561
C[N+](C)(C)CCCN(CC([O-])=O)S(=O)(=O)C(F)(F)C(F)(F)C(F)(F)C(F)(F)C(F)(F)C(F)(F)C(F)(F)C(F)(F)F,1.723959749
FC(F)C1=C(F)C=C(Br)C=C1F,2.76125526
FC(F)(F)C(F)(F)C(F)(F)C(F)(F)C(F)(F)C(F)(F)C(F)(F)C(F)(F)C(F)(F)C(F)(F)C(F)(F)C(F)(F)CCS(Cl)(=O)=O,2.259189005
CNC(C(C)C)C(F)(F)F,1.236468035
FC(F)C(F)(F)OC1=CC=C(Br)C=C1,2.8191126
CCC[C@@H](N)C(F)(F)F,0.984960809
OC1=CC(F)=C(C(F)=C1F)C1=C(F)C(F)=C(OF)C(F)=C1F,2.982735213
CN[C@H](C)C(F)(F)F,0.670953913
NC1=CC=C(OC2=CC=C(C=C2)C(C2=CC=C(OC3=CC=C(N)C=C3)C=C2)(C(F)(F)F)C(F)(F)F)C=C1,3.025895278
CC(C)(C)C(=O)C(=NNC1=CC2=C(OC(F)(F)C(F)(F)O2)C=C1)C#N,2.534235987
CC1=C(C=C(NC(=O)C(F)(F)F)C=C1)C(F)(F)F,2.003129101
C1=CC=CC=C1.FC1=C(F)C(F)=C(F)C(F)=C1F,2.588643478
OCC1=CC=C(C=C1)C(F)(F)C(F)(F)C(F)(F)C(F)(F)C(F)(F)C(F)(F)C(F)(F)C(F)(F)F,2.143709103
CS(O)(=O)=O.OC(C(F)(F)F)C(F)(F)F,0.46701781
FC(F)(F)CN(CC(F)(F)F)C1=CC(=C(C=C1)C1=CC=CC=C1)C(F)(F)F,2.552716964
FC(F)(F)C1=CC=CC(=C1CC#N)C(F)(F)F,2.277344791
FC(F)=C(Br)Br,1.733831291
FC(F)(F)CC=O,1.147680981
FCCF,1.311045706
FC(F)C(F)(F)C(F)(F)C(F)(F)C(F)(F)C(F)(F)C(=O)OC=C,2.02046084
FC(F)(F)C1=CC(=C(S)C=C1)C(F)(F)F,2.532932476
FC1=NC=C(N=C1)C(F)(F)F,1.353573851
CNC1(CC1)C(F)(F)F,0.869149632
FC(F)(F)S(=O)(=O)C1CC1,0.880443321
FC(F)(F)N=O,0.449593103
FC(F)=CCl,1.607124792
FCC(F)(F)C(F)F,1.795772312
FC(F)(Cl)C=O,0.937419767
FC1=CC(F)(F)C(F)(F)C1(F)F,2.530907097
[F-].FB(F)F.FC1=CC=C(C=C1)[N+]#N,0.665483332
FC(Cl)(Br)C(F)(F)C(F)(Cl)C(F)(F)C(Cl)=O,1.712841985
FC(F)(F)N1CO1,0.593693763
CC1=CC=C(C=C1)C(F)(F)C(F)(F)C(F)(F)C(F)(F)C(F)(F)C(F)(F)C(F)(F)C(F)(F)C(F)(F)F,2.320079069
FC(F)(I)C(F)(F)OC1=CC=CC=C1,2.524271962
[O-][N+](=O)C1=C(F)C=C(F)C(F)=C1F,2.155328258
O[P+](=O)C1(F)C(F)=C(F)C(F)=C1F,1.123653586
CCCCOC1(F)N(N=C(F)F)C1(F)F,1.876500922
O.CC(F)F,1.160295123
NC(=CC(=S)C1=CC=CC=C1)C(F)(F)C(F)F,2.072719542
OC(=O)C(O)(F)C(F)(F)C(F)(F)C(F)(F)C(F)(F)C(F)(F)F,1.582065969
FC(F)(F)OC1=CC(=C(Cl)C=C1)C(F)(F)F,3.120199894
CC#CC(O)C(F)(F)F,1.465129446
FCC(F)CC(F)CF,1.521286767
FC(F)(F)C(F)(F)OC(F)(F)C(F)(OC(F)(F)C(F)(F)F)C(F)(F)F,2.203699684
OS(O)=O.OC1=C(F)C(F)=C(F)C(F)=C1F.OC1=C(F)C(F)=C(F)C(F)=C1F,1.304152302
FC1=C(F)C(N2C(F)(F)C(F)(F)C(F)(F)C(F)(F)C2(F)F)=C(C(F)=C1F)C(F)(F)F,2.750695016
FC(I)=C(F)C(F)(F)C(F)(F)C(F)(F)C(F)(F)C(F)(F)F,2.343344291
OC(O)(O)C(O)(F)C(F)(F)F,0.769767014
FC1=C(F)C(F)=C(OCCC=C)C(F)=C1F,2.909187998
FN(F)CC(F)(F)F,1.158136448
FC(F)=C(F)OC(F)(F)S(F)(=O)=O,1.102329456
FC1=C(F)C(C=C)=C(F)C(F)=C1OCC(F)(F)C(F)(F)F,2.652807846
FC(F)(F)N1OC1(C(F)(F)F)C(F)(F)F,1.997102438
FC(F)(N=O)C(F)(F)C(F)(F)N=O,0.895537568
FC(F)(F)C(F)(F)C(F)(F)C(F)(F)C(F)(F)C(F)(F)C(F)(F)CBr,2.30405589
NC(=O)C1=C2N=C(C=C(N2N=C1)C(F)(F)F)C(F)(F)F,1.415492384
FC(F)(F)C(F)(F)C(F)(F)C1=CC=C(CC2CO2)C=C1,2.238644815
FC1=C(F)C(F)=C(CCSC2=C(F)C(F)=C(F)C(F)=C2F)C(F)=C1F,3.077555775
[O-][N+](=O)C1=CC=C(OCCC(F)(F)C(F)(F)C(F)(F)C(F)(F)C(F)(F)C(F)(F)F)C=C1,2.258884938
C[Si](C)(CCCC(F)(F)C(F)(F)C(F)(F)F)N1CCOCC1,1.589972675
FC(F)(F)C(F)(F)C(F)(F)C(F)(F)C(F)(F)CCC=O,2.108340932
FC(F)(F)F.C1=CC=CC=C1,1.604907813
CN(O)C(=O)C(F)(F)C(F)(F)C(F)(F)F,1.310305628
FC(F)(F)C(=O)C(Cl)C#N,0.806858334
FC(F)(F)C1=CC(=CC(COCC2=CC(=CC(=C2)C(F)(F)F)C(F)(F)F)=C1)C(F)(F)F,2.7106275
FC(F)(F)C(F)(F)C(F)(F)C(F)(F)C(F)(F)C(F)(F)C(=O)CC(=O)C1=CC=CS1,1.827198674
FC(F)(COC#N)C(F)(F)C(F)(F)C(F)(F)C(F)(F)C(F)(F)COC#N,1.875314356
FC1=C(F)C(F)=C(C(F)=C1F)C1=C(F)C(F)=C(N=[N+]=[N-])C(F)=C1F,3.173057983
FC(F)(F)COC(=O)OCC(F)(F)F,1.59176146
OCCN(CCO)CCC(F)(F)C(F)(F)C(F)(F)C(F)(F)F,1.587954817
CCCCCCCCCCCCCCOC(=O)C(F)(F)C(F)(F)C(F)(F)C(F)(F)C(F)(F)C(F)(F)C(F)(F)C(F)(F)C(F)(F)F,2.231508267
FC(F)(F)C(F)(F)C(F)(F)C(F)(F)C(F)(F)C(F)(F)CCCCI,2.234946371
[O-][N+](=O)C1=C(C=C(C(=C1)C(F)(F)F)C(F)(F)F)[N+]([O-])=O,2.614181785
FC(F)(F)C(F)(F)C(F)(F)C(F)(F)C(F)(F)C(F)(F)C(F)(F)C(F)(F)C1=CSC(Br)=C1,2.315601215
NC(O)(F)F,0.127067607
CC(CC(F)(F)C(F)(F)F)C(O)=O,0.886244881
FC(F)=NC(F)=O,1.192726538
ON=C(Br)C(F)(F)F,0.472726
FC(F)C(F)[SiH2]C(Cl)Cl,1.378924149
FC(F)(F)CC(F)(F)C(F)(F)C(F)(F)C(F)(F)C(F)(F)C(F)(F)OC(=O)C=C,2.206040622
FC(F)(F)C=CC=CC(F)(F)F,2.430772867
OCCC(CCO)C(F)(F)C(F)(F)C(F)(F)F,1.357537153
OC(OC(O)C(F)(F)F)C(F)(F)F,0.556058443
FC(F)(F)C(=O)OC[SiH3],0.927060459
FC(F)C(F)(F)COCC1(COCC(F)(F)C(F)F)COC1,1.810917501
OC(=O)C1=C(F)C(F)=C(OCCCCC(F)(F)C(F)(F)C(F)(F)C(F)(F)F)C=C1,1.957673823
FC(C(=O)N1CN(CN(C1)C(=O)C(F)C(F)(F)F)C(=O)C(F)C(F)(F)F)C(F)(F)F,0.950781295
FC1(F)C(Cl)C(F)(Cl)C(F)(F)C1(F)F,2.406689999
FC(F)(F)OC#CC(F)(F)F,2.049108765
OC(=O)C(=C=O)C(F)(F)F,0.625134099
CC=CC(=O)C1=C(F)C(F)=C(F)C(F)=C1F,2.616028112
CC(O)(CO)C1=CC=C(C=C1)C(F)(F)C(F)(F)C1=CC=CC=C1,1.795412191
COCCCOC(=O)C(F)(F)C(F)(F)C(F)(F)C(F)(F)C(=O)OCCCOC,1.345161001
FC(F)(Cl)N=NC(F)(F)Cl,0.777223893
ON=C(C1=CC=CC=C1)C(F)(F)C(F)(F)F,1.775505782
FCC(F)(Cl)C(F)(F)C(F)(F)C(F)(F)C(F)(F)C(F)F,2.303980856
FC(F)(F)OC1=C(SC(F)(F)F)C=CC(Br)=C1,2.920707973
FC(F)(F)C(F)(F)C(F)(F)C(F)(F)COCC=C,2.090154241
COC(=O)C1=CC=C(C=C1)C(F)(F)C(F)(F)C(F)(F)F,1.951295571
FC(C(=O)N1CCCCC1)C(F)(F)C(F)(F)F,1.250329581
FC(F)(F)C(=NSNC(=O)NSN=C(C(F)(F)F)C(F)(F)F)C(F)(F)F,1.786095696
OC(=O)C1=CC=CC=C1C(=O)C(F)(C(F)(F)F)C(F)(F)F,1.408488035
FC(F)(F)C1=NN=C(SC2=CC=CC(=C2)C(F)(F)F)S1,2.484820733
[O-][N+](=O)C1=CC=C(C=CC(F)(F)C(F)F)C=C1,2.070053666
CC1(O)C2=CC=CC=C2C(F)(C(F)(F)F)C1(F)F,2.081574402
CC(C)SC(=O)C(F)(F)C(F)(F)F,1.648740378
FC(F)(F)S(=O)C#N,0.922119766
FC(F)(F)S(=O)OCCCl,0.730105596
FC(F)(F)C(F)(F)NC1=CC=CC=C1,1.749558599
FC(F)(F)C1(N=NCC1C(=O)C1=CC=CC=C1)C(F)(F)F,1.731670989
FC(F)(F)S(=O)OCC=C,0.955633012
NC1=C(F)C(F)=C(C#C)C(F)=C1F,1.676791957
FC(F)(F)C(=O)NC1=NN=C(NC(=O)C(F)(F)F)S1,1.504812368
FC(F)(F)C(Cl)(C1=CC=C(C=C1)C1=CC=CC=C1)C(F)(F)Cl,2.967269934
CCOC(=O)COC(C(F)(F)F)(C(F)(F)F)C(F)(F)F,1.913920027
FC(F)(F)SC(Cl)(Br)SCl,1.960553912
FC(F)(F)C1C(F)(F)OC(F)(F)C1(F)F,2.213394477
FC(=C)C(=O)C1=C(F)C(F)=C(F)C(F)=C1F,2.567434181
FC(C(F)(F)F)C(F)(F)C(=O)C1=CC=CC=C1,2.032301675
CCCC(OC1=C(C=C(C2=C1NC(=N2)C(F)(F)C(F)(F)F)[N+]([O-])=O)[N+]([O-])=O)C=C,2.289276588
OC(=O)C=CC(F)(F)C(F)(F)C(F)(F)C(F)(F)C(F)(F)C(F)(F)C(F)(F)F,2.033794029
OC(C(CC=C)CC(F)=C(F)F)(C(F)(F)F)C(F)(F)F,2.101941674
FC(F)(F)C1(F)C(F)(F)C(F)(F)C2(F)C(F)(F)C(F)(F)C(F)(F)C1(C(F)(F)F)C2(F)F,2.947935652
CCOC(=O)C=C(N)C(F)(F)C(F)(F)F,1.232309626
CCCCCCCCCCCCCCCCCC(F)(F)C(F)(F)C(F)(F)C(F)(F)C(F)(F)C(F)(F)C(F)(F)C(F)(F)F,2.393240001
CO[Si](CCCOC(F)(F)C(F)C(F)(F)F)(OC)OC,1.337795337
CCP(=O)(CC)CC.FC1=C(F)C(F)=C(B2OB(OB(O2)C2=C(F)C(F)=C(F)C(F)=C2F)C2=C(F)C(F)=C(F)C(F)=C2F)C(F)=C1F,2.278744334
CC(C)(O)C(F)(F)C(F)(F)C(F)(F)C(F)(F)C(F)(F)C(F)(F)C(F)(F)C(F)F,2.094932803
FC(F)(C1CCCCC1)C(F)(F)C1=CC=CC=C1,2.460877667
FC(F)(F)OC=O,1.246837482
OCC1=C(C=C(C=C1C(F)(F)F)C(F)(F)F)C(F)(F)F,2.35168312
CC(OC(F)(F)C(F)F)C=C,1.535357953
FC1(F)OC(F)(I)C(F)(F)C(F)(F)C1(F)F,2.076158259
OC1=CC(OC1=O)(C(F)(F)F)C(F)(F)F,1.855345979
FC(F)(F)SCC=CSC(F)(F)F,2.128375472
CCC(O)CSC(F)(F)F,1.052074502
OC(=O)C(F)(F)C(F)OC(F)(F)C(F)(F)C(F)(F)F,1.290563178
[O-]C(=O)NNC(=O)OC(CCC(F)(F)C(F)(F)C(F)(F)C(F)(F)C(F)(F)C(F)(F)C(F)(F)C(F)(F)F)C1CCCCC1,1.886468084
FC(F)(F)C1=CC(=CC(=C1)C(F)(F)F)P(=O)(C1=CC(=CC(=C1)C(F)(F)F)C(F)(F)F)C1=CC(=CC(=C1)C(F)(F)F)C(F)(F)F,2.906128995
FC(F)=C(Cl)C(F)(F)Br,2.031706048
CC1=CC(=CC=C1)C1C(F)(F)C1(F)F,2.645503697
COC1=CC=CC=C1SC(F)(F)C(F)C(F)(F)F,2.304360675
CCOC(SCC)=C=C(C(F)(F)F)C(F)(F)F,2.481851974
FC(F)(F)C1(OC2=CC(Br)=C(Br)C=C2O1)C(F)(F)F,2.933628251
CC1=CC=C(C=C1)C1=C(F)C(F)=C(C(F)=C1F)C(F)(F)F,3.046595304
OC(=O)C(F)(F)OC(F)(F)C(F)(F)C(F)(F)F,1.288960078
OC(=O)COC(F)(F)C(F)OC(F)(F)F,0.837538609
CS(=O)(=O)C=CC1=CC(=CC(=C1)C(F)(F)F)C(F)(F)F,1.862288888
NC1=C(Br)C=C(OC(F)(F)C(F)C(F)(F)F)C=C1Br,2.45490335
NC1=C(Br)C=C(C2=C1C=CC=N2)C(F)(C(F)(F)F)C(F)(F)F,2.08056186
NCCCCCC=C(C(F)(F)C(F)(F)F)C(F)(F)C(F)(F)F,2.164380231
COC\C=C(/F)C(F)(F)C(F)(F)C(F)(F)F,2.44368233
CC(C)(C\C=C(/F)C(F)(F)C(F)(F)C(F)(F)F)[N+]([O-])=O,2.408259975
FC(=CC(=C)C(F)(F)F)C(F)(F)F,1.934739745
OC(O)=O.OC(F)(F)F.OC(F)(F)F,-0.176728698
CCCCCCN.OC(=O)C(F)(F)C(F)(F)C(F)(F)C(F)(F)C(F)(F)F,1.300211856
FC(OC1=CC(OC(F)=C(F)C(F)(F)C(F)(F)C(F)(F)C(F)(F)C(F)(F)C(F)(F)C(F)(F)F)=CC=C1)=C(F)C(F)(F)C(F)(F)C(F)(F)C(F)(F)C(F)(F)C(F)(F)C(F)(F)F,2.716665487
[O-][N+](=O)C1=CC(OC(=O)C(F)(F)C(F)(F)C(F)(F)F)=CC=C1,2.003908492
CCC(=O)C(C)C(F)(F)C(F)(F)C(F)(F)C(F)(F)C(F)(F)C(F)(F)F,2.04602682
FC(F)(F)C(F)(F)C(F)(F)C(F)(F)C(F)(F)C(F)(F)C(F)(F)C1CCCCC1=O,2.197708193
Cl.N[C@@H]1C[C@H]1C(F)(F)F,0.897000823
CC(=O)NC1=CC(F)=C(C(F)=C1)C(F)(F)F,1.757781391
FC(F)C(F)Cl,1.476440245
FC(F)(F)C(F)(Br)Br,1.813792351
FC(F)(Cl)C(Cl)(Cl)C(F)(F)Cl,1.964978316
OS(=O)(=O)C(CC(=O)OCCC(F)(F)C(F)(F)C(F)(F)C(F)(F)C(F)(F)C(F)(F)F)C(=O)OCCC(F)(F)C(F)(F)C(F)(F)C(F)(F)C(F)(F)C(F)(F)F,1.907156159
CCN(CCOCCO)S(=O)(=O)C(F)(F)C(F)(F)C(F)(F)C(F)(F)C(F)(F)F,1.483095491
OS(=O)(=O)SCCNC(=O)OCCC(F)(F)C(F)(F)C(F)(F)C(F)(F)C(F)(F)C(F)(F)F,1.777037291
FC(C(F)C(F)(F)C(F)(F)F)C(F)(F)F,2.21495218
OS(=O)(=O)C(F)(F)C(F)(F)F,0.489278856
FC(F)(F)C(F)(F)C1(F)OC(F)(F)C(F)(F)C1(F)F,2.230884354
OS(=O)(=O)C(F)(F)C(F)(F)C(F)(F)F,0.921425529
CCOC(O)C(F)(F)F,0.605248129
OCCC(F)(F)F,0.70231913
CC(CCO)CC(F)(F)F,1.347193097
CCOC(F)(F)C(F)(F)C(F)(F)C(F)(F)C(F)(F)C(F)(F)F,2.176475237
FC(=C(I)C(F)(F)C(F)(F)C(F)(F)C(F)(F)C(F)(F)C(F)(F)F)C(F)(F)C(F)(F)C(F)(F)C(F)(F)F,2.458136377
CCCCCCCC[C@H]1OC(O[C@H]1CC)(C(F)(F)F)C(F)(F)F,2.234278603
CCN(CC)CC(F)(F)F,0.753815616
CNC(=S)NCC(F)(F)C(F)(F)C(F)(F)F,1.450992985
FC(F)(F)C(F)(F)C(F)(F)C(F)(F)C(F)(I)C(F)(F)F,2.328180332
FC(F)C(F)(F)C(F)(F)C(F)(F)COP(=O)(OCC(F)(F)C(F)(F)C(F)(F)C(F)F)OCC(F)(F)C(F)(F)C(F)(F)C(F)F,2.174639408
CC(O)C(F)(F)C(F)(F)C(F)(F)F,1.434537007
FC(F)=C(F)OC(F)(F)C(F)(OC(F)(F)C(F)(F)C(F)(F)F)C(F)(F)F,2.414156342
[H][N+]([H])([H])[H].[O-]C(=O)C(F)(F)C(F)(F)C(F)(F)C(F)(F)C(F)(F)C(F)(F)C(F)(F)C(F)F,1.743730612
FC(=C(F)C(F)(C(F)(F)F)C(F)(F)F)C(F)(F)F,2.319380649
[H]N([H])[H].OC(=O)C(F)(F)C(F)(F)C(F)(F)C(F)(F)C(F)(F)C(F)(C(F)(F)F)C(F)(F)Cl,1.572610708
FC(=O)C(F)(OC(F)(F)C(F)(OC(F)(F)C(F)(OC(F)(F)C(F)(OC(F)(F)C(F)(OC(F)(F)C(F)(F)C(F)(F)F)C(F)(F)F)C(F)(F)F)C(F)(F)F)C(F)(F)F)C(F)(F)F,2.485138616
CC[N+](CC)(CC)C(C)OS(=O)(=O)C(F)(F)C(F)(F)C(F)(F)C(F)(F)F,1.042560514
[H]N([H])S(=O)(=O)C(F)(F)C(F)(F)C(F)(F)C(F)(F)F,1.245786156
FC(F)(F)C(F)(F)C(F)(F)C(F)(F)C(F)(F)C(F)(F)CC1CO1,2.197254353
COC(=O)C(F)(OC(F)(F)C(F)(OC(F)(F)C(F)(OC(F)(F)C(F)(F)C(F)(F)F)C(F)(F)F)C(F)(F)F)C(F)(F)F,2.23390115
CN(C)CCCNS(=O)(=O)CCC(F)(F)C(F)(F)C(F)(F)C(F)(F)C(F)(F)C(F)(F)F,1.662284274
CN(CCCCOC(=O)C=C)S(=O)(=O)C(F)(F)C(F)(F)C(F)(F)C(F)(F)C(F)(F)C(F)(F)C(F)(F)C(F)(F)F,1.846684651
FC(F)=C(F)OC1(F)OC(F)(C(F)(F)F)C(F)(F)OC1(F)C(F)(F)F,2.309251514
FC(F)(F)C(F)(F)C(F)(F)C(F)(F)C(F)(F)C(F)(F)C(F)(F)C(F)(F)CC(Cl)=O,2.155186702
CN(CCC[N+](C)(C)CC([O-])=O)S(=O)(=O)CCC(F)(F)C(F)(F)C(F)(F)C(F)(F)C(F)(F)C(F)(F)F,1.48318734
[H]N(C(=O)OCCN(CC)S(=O)(=O)C(F)(F)C(F)(F)C(F)(F)C(F)(F)C(F)(F)C(F)(F)C(F)(F)C(F)(F)F)C1=CC(N([H])C(=O)OC(C)COC(=O)C(C)=C)=C(C)C=C1,1.27504213
[Cl-].[H]N(CCC[N+](C)(C)C)S(=O)(=O)C(F)(F)C(F)(F)C(F)(F)C(F)(F)C(F)(F)C(F)(F)C(F)(F)F,1.088586165
[I-].[H]N(CCC[N+](C)(C)C)S(=O)(=O)C(F)(F)C(F)(F)C(F)(F)C(F)(F)C(F)(F)F,0.79881622
CCCCC(OC1=C(C=C(C=C1)C(C)(C)CC)C(C)(C)CC)C(=O)NC1=CC=C(NC(=O)C(F)(F)C(F)(F)C(F)(F)C(F)F)C(O)=C1,1.702896782
OS(=O)(=O)C(F)(F)C(F)(F)C(F)(F)C(F)(F)C(F)(F)OC(F)(F)F,1.509506833
CC1(C)OCC(CC(F)(F)C(F)(F)C(F)(F)C(F)(F)C(F)(F)C(F)(F)C(F)(F)C(F)(F)F)O1,2.075180467
[NH4+].[NH4+].OC(COP([O-])([O-])=O)CC(F)(F)C(F)(F)C(F)(F)C(F)(F)C(F)(F)C(F)(F)C(F)(F)C(F)(F)C(F)(F)C(F)(F)C(F)(C(F)(F)F)C(F)(F)F,1.341260227
FC(F)(F)C(F)(F)C(F)(F)C(F)(I)C(F)(F)F,2.2855649
F[C@H]([C@@H](F)C(F)(F)C(F)(F)F)C(F)(F)F,2.246593706
CC(F)(F)C(F)(F)C(F)(F)C(F)(F)C(F)(F)C(F)(F)C(F)(F)C(F)(F)C(F)(F)CCOC(=O)C=C,2.255494998
FC(F)(F)C(F)(F)C(F)(F)C(F)(F)C(F)(F)C(F)(F)CCC(=O)N1C(=O)CCC1=O,1.582434973
CCCCCCCCCCCCCCCCCCCCCCC(F)(F)C(F)(F)C(F)(F)C(F)(F)C(F)(F)C(F)(F)C(F)(F)C(F)(F)F,2.327905333
CCCCCCCCCCCCCCCCCCCCCCC(F)(F)C(F)(F)C(F)(F)C(F)(F)C(F)(F)C(F)(F)C(F)(F)F,2.312554295
C[N+](C)(CCCNC(=O)CSCCC(F)(F)C(F)(F)C(F)(F)C(F)(F)F)CC([O-])=O,1.41217131
OCCNCCO.OCCNS(=O)(=O)C(F)(F)C(F)(F)C(F)(F)C(F)(F)F,0.798858554
[H][C@@]12CCC(=O)[C@@]1(C)CC[C@]1([H])C3=CC=C(O)C=C3C[C@@]([H])(CCCCCCCCCS(=O)CCCC(F)(F)C(F)(F)F)[C@@]21[H],2.024920469
COC(O)C(F)(F)F,0.403163212
CC1(COCCC(F)(F)C(F)(F)C(F)(F)C(F)(F)F)COC1,1.939737435
OC(=O)\C=C(\F)C(F)(F)C(F)(F)C(F)(F)C(F)(F)C(F)(F)F,1.774917812
OS(=O)(=O)CCC(F)(F)C(F)(F)C(F)(F)C(F)(F)F,1.472315002
CC(C)(CS(O)(=O)=O)NC(=O)CCSCCC(F)(F)C(F)(F)C(F)(F)C(F)(F)C(F)(F)C(F)(F)C(F)(F)C(F)(F)F,1.812773895
OS(=O)(=O)C(F)(F)C(F)(F)OC(F)(C(F)(F)F)C(F)(F)OC(F)=C(F)F,1.718671726
OC(=O)C(OC(F)(F)C(F)(F)C(F)(F)F)C(F)(F)F,1.289906627
[O-]C(=O)C(F)(F)C(F)(F)C(F)(F)C(F)(F)C(F)(F)C(F)(F)C(F)(F)C(F)(F)C(F)(F)C(F)(F)F,2.158166784
OC(=O)C(F)(F)C(F)(F)C(F)(F)OC(F)(F)C(F)(F)C(F)(F)F,1.526809314
CN(C)CCCN(CCC(O)=O)S(=O)(=O)C(F)(F)C(F)(F)C(F)(F)C(F)(F)C(F)(F)C(F)(F)C(F)(F)C(F)(F)F,1.540240004
OC(=O)C(F)(OC(F)(F)C(F)(C(F)(F)F)C(F)(F)F)C(F)(F)F,1.566596972
CN(C)(=O)CCCNC(=O)C(F)(F)C(F)(F)C(F)(F)C(F)(F)C(F)(F)C(F)(F)C(F)(F)F,1.66837241
CN(C)CCCNC(=O)CC(SCCC(F)(F)C(F)(F)C(F)(F)C(F)(F)C(F)(F)C(F)(F)C(F)(F)C(F)(F)F)C(O)=O,1.5763484
C[N+](C)(C)CC(O)CS(=O)CCC(F)(F)C(F)(F)C(F)(F)C(F)(F)C(F)(F)C(F)(F)C(F)(F)C(F)(F)C(F)(F)C(F)(F)F,2.073871041
[O-]C(=O)C(F)(F)C(F)(F)C(F)(F)C(F)(F)C(F)(F)C(F)(F)C(F)(F)C(F)(F)C(F)(F)Cl,2.0719482
[2H]OC(=O)C(F)(F)C(F)(F)C(F)(F)C(F)(F)C(F)(F)C(F)(F)C(F)(F)C(F)(F)C(F)(F)F,2.300734013
[H]C(F)(F)C(F)(F)C(F)(F)C(F)(F)C(F)(F)C([O-])=O,1.766618718
OS(=O)(=O)C(F)(F)C(F)(F)C(F)(F)C(F)(F)C(F)(F)C(F)(F)C(F)(F)C(F)(F)Cl,1.86932521
C[N+](C)(CCCNC(=O)C(F)(F)C(F)(F)C(F)(F)C(F)(F)C(F)(F)C(F)(F)C(F)(F)C(F)(F)C(F)(F)F)CC([O-])=O,1.762309945
OP(O)(=O)O[13CH2][13CH2]C(F)(F)C(F)(F)C(F)(F)C(F)(F)C(F)(F)C(F)(F)F,1.792820896
FC1(F)C(F)(F)C(F)(F)C(F)(N=NC2=CC=CC=C2)C1(F)F,2.194681236
FC(F)(F)C(F)(F)CC1COC(=O)O1,1.414579635
OC(=O)C(F)(F)C(F)(F)C(F)(F)C(F)(F)C(F)(F)C(F)(F)C(F)(F)C(F)(F)C(F)(F)C(F)(F)C(F)(F)C(F)(F)C(F)(F)C(F)(F)F,2.198001338
CN(CCOP(O)(=O)OCCN(C)S(=O)(=O)C(F)(F)C(F)(F)C(F)(F)C(F)(F)F)S(=O)(=O)C(F)(F)C(F)(F)C(F)(F)C(F)(F)F,1.375934181
CC(C)CC(C)OCCC(F)(F)C(F)(F)C(F)(F)C(F)(F)C(F)(F)C(F)(F)F,2.289986944
CCCCCCCCCCCCCCCCCCN1C(CN(C)S(=O)(=O)C(F)(F)C(F)(F)C(F)(F)C(F)(F)C(F)(F)C(F)(F)C(F)(F)C(F)(F)F)COC1=O,1.800525535
FC(F)=C(F)OC(F)(F)OC(F)(F)C(F)(F)OC(F)(F)F,2.034588238
FC(F)(F)C(F)(F)C(F)(F)C(F)(F)CCC1=CC=C(COC(=O)ON2C(=O)CCC2=O)C=C1,1.470688623
FC(F)C(F)(F)C(F)(F)C(F)(F)C(F)(F)C(F)(F)C(=NOS(=O)(=O)C(F)(F)C(F)(F)C(F)(F)C(F)(F)F)C1=CC2=C(C=C1)C1=C(C2)C=CC=C1,2.406437983
OC(=O)CCS(=O)CCC(F)(F)C(F)(F)C(F)(F)C(F)(F)C(F)(F)C(F)(F)F,1.645631288
FC(F)(F)C(F)(F)C(F)(F)C(Cl)CCl,1.895100207
FC(F)(F)CCC(F)(F)C(F)(F)C(F)(F)F,2.177662098
CCC=CC(F)(F)C(F)(F)C(F)(F)F,2.503830965
CCCCCCCCCC(F)(F)C(F)(F)C(F)(F)C(F)(F)F,2.363008496
OCCCCCC(F)(F)C(F)(F)C(F)(F)C(F)(F)F,1.849969602
FC(F)(F)C(F)(F)C(F)(F)C(F)(F)CCCCCCCCCCCBr,2.186212659
FC(F)(F)C(F)(F)C(F)(F)C(F)(F)C(F)(F)C(F)(F)C(Br)CBr,2.211774182
CCCC(F)(F)C(F)(F)C(F)(F)C(F)(F)C(F)(F)C(F)(F)C(F)(F)C(F)(F)F,2.476233775
COC(O)C(F)(F)C(F)(F)C(F)(F)F,1.249628119
CC(I)CC(F)(F)C(F)(F)C(F)(F)C(F)(F)C(F)(F)C(F)(F)C(F)(F)C(F)(F)F,2.307740729
FC(F)(F)C(F)(F)C(F)(F)C(F)(F)CCCCCCC(F)(F)C(F)(F)C(F)(F)C(F)(F)F,2.366809435
OCC(CO)CCC(F)(F)C(F)(F)C(F)(F)C(F)(F)F,1.675944545
F\C(=C(\F)C(F)(F)C(F)(F)C(F)(F)C(F)(F)F)C(F)(F)F,2.468001413
CCC(F)(F)C(F)(F)C(F)(F)C(F)(F)C(F)(F)C(F)(F)C(F)(F)C(F)(F)C(F)(F)C(F)(F)C(F)(F)C(F)(F)F,2.545854529
FC(F)(F)C=CC(F)(F)C(F)(F)C(F)(F)C(F)(F)C(F)(F)F,2.562640684
CCCCCCCCCC(I)CC(F)(F)C(F)(F)C(F)(F)C(F)(F)C(F)(F)C(F)(F)F,2.205003449
CCCCCCCCCCCCCCCCCCCC(F)(F)C(F)(F)C(F)(F)C(F)(F)C(F)(F)C(F)(F)F,2.329067774
CCCCCCCCCC(F)(F)C(F)(F)C(F)(F)C(F)(F)C(F)(F)C(F)(F)C(F)(F)C(F)(F)C(F)(F)F,2.431794492
FC(F)(F)C(F)(F)C(F)(F)C=CC(F)(F)C(F)(F)C(F)(F)C(F)(F)F,2.545237354
FC(F)(F)C(F)(F)C(F)(F)C(F)(F)CCC(F)(F)C(F)(F)C(F)(F)C(F)(F)C(F)(F)C(F)(F)C(F)(F)C(F)(F)F,2.50285256
OC(=O)C=CC(F)(F)C(F)(F)C(F)(F)F,1.483402093
FC(F)(F)C(F)(F)C(F)(F)C(F)(F)C(F)(F)C(F)(F)C(F)(F)C(F)(F)C(F)(F)C(F)(F)C(F)(F)C(F)(F)C(F)(F)CCI,2.39179166
CCCCCCCCCCCCC(F)(F)C(F)(F)C(F)(F)C(F)(F)C(F)(F)C(F)(F)C(F)(F)C(F)(F)C(F)(F)C(F)(F)C(F)(F)C(F)(F)F,2.447896001
CCCCCCCCCCCCCCCCC(F)(F)C(F)(F)C(F)(F)C(F)(F)C(F)(F)C(F)(F)C(F)(F)C(F)(F)C(F)(F)C(F)(F)F,2.442338598
FC(F)(F)C(F)(F)C(F)(F)C(F)(F)C(F)(F)C(F)(F)CC(I)C(F)(F)C(F)(F)C(F)(F)C(F)(F)C(F)(F)C(F)(F)F,2.379784595
CCCCCCCCCC(F)(F)C(F)(F)C(F)(F)C(F)(F)C(F)(F)C(F)(F)C(F)(F)C(F)(F)C(F)(F)C(F)(F)C(F)(F)C(F)(F)C(F)(F)F,2.4835585
CCCCCCCCCCCCCCCCC(I)CC(F)(F)C(F)(F)C(F)(F)C(F)(F)C(F)(F)C(F)(F)C(F)(F)F,2.213360234
CCCCCCCCCCCCCCC(I)CC(F)(F)C(F)(F)C(F)(F)C(F)(F)C(F)(F)C(F)(F)C(F)(F)C(F)(F)F,2.255874099
CC(C)(O)CCC(F)(F)C(F)(F)C(F)(F)C(F)(F)C(F)(F)C(F)(F)F,1.994195394
CCCCCCC(I)CC(F)(F)C(F)(F)C(F)(F)C(F)(F)C(F)(F)C(F)(F)C(F)(F)C(F)(F)C(F)(F)C(F)(F)C(F)(F)C(F)(F)F,2.333455934
CCCC\C=C\C(F)(F)C(F)(F)C(F)(F)C(F)(F)C(F)(F)C(F)(F)C(F)(F)C(F)(F)F,2.643655299
CCCCCCCCCCCCCCCCC(I)CC(F)(F)C(F)(F)C(F)(F)C(F)(F)C(F)(F)C(F)(F)C(F)(F)C(F)(F)C(F)(F)C(F)(F)F,2.261359129
FC(F)(F)C(F)(F)C(F)(F)C(F)(F)C(F)(F)C(F)(F)C(F)(F)C(F)(F)CCCCCCC(F)(F)C(F)(F)C(F)(F)C(F)(F)C(F)(F)C(F)(F)C(F)(F)C(F)(F)F,2.546619449
FC(F)(F)C(F)(F)C(F)(F)C1OCCO1,1.667374571
FC(F)(F)C(F)(F)C(F)(F)C(F)(F)CCOC=O,1.888508631
OCC(I)CC(F)(F)C(F)(F)C(F)(F)C(F)(F)C(F)(F)C(F)(F)C(F)(F)C(F)(F)C(F)(F)C(F)(F)F,2.069043522
CS(=O)(=O)OCC(F)(F)C(F)(F)C(F)(F)F,1.147187681
CCCCCCCCCCCCC=CC(F)(F)C(F)(F)C(F)(F)C(F)(F)C(F)(F)C(F)(F)C(F)(F)C(F)(F)F,2.607117906
FC(F)(F)C(F)(F)C(F)(F)C(F)(F)CCOCCC#N,1.820675605
CC[N+](CC)(CC)CC.[O-]C(=O)C(F)(F)C(F)(F)C(F)(F)C(F)(F)C(F)(F)C(F)(F)C(F)(F)F,1.327313887
FC(F)(F)C(F)(F)C(F)(F)C(F)(F)CC(I)C1CCCCC1,2.198871458
CCNCC.OC(=O)C(F)(F)C(F)(F)C(F)(F)C(F)(F)C(F)(F)C(F)(F)C(F)(F)C(F)(F)F,1.395103903
CC1=CC=C(C=C1)C(F)(F)C(F)(F)C(F)(F)C(F)(F)C(F)(F)C(F)(F)F,2.275262058
FC1=CC(F)=C(F)C(=C1F)C(F)(F)C(F)(F)C(F)(F)F,2.799160806
CNC1=CC=C(C=C1)C(F)(F)C(F)(F)C(F)(F)C(F)(F)F,2.080860561
CC(=C)C(=O)OCCCC(F)(F)C(F)(F)C(F)(F)C(F)(F)F,1.983133579
F\C(=C/C=O)C(F)(F)C(F)(F)C(F)(F)C(F)(F)C(F)(F)C(F)(F)C(F)(F)C(F)(F)C(F)(F)F,2.533879532
CCNC(=O)C(F)(F)C(F)(F)C(F)(F)F,1.255911995
FC(F)(F)C(C#CC(F)(F)C(F)(F)C(F)(F)F)=C1CCCC1,2.416500913
FC(F)(F)C(F)(F)C(F)(F)C(CC1=CC=C(Br)C=C1)(C(F)(F)F)C(F)(F)F,2.72595716
FC(F)(F)C(F)(F)C(F)(F)C1=CC=C2C=CC=CC2=N1,2.20601561
FC(F)(F)C(F)(F)C(F)(F)COC1=CC=C(C=O)C=C1,2.181749169
NS(=O)(=O)CCC(F)(F)C(F)(F)C(F)(F)C(F)(F)C(F)(F)C(F)(F)F,1.834348297
NC1=CC=CC=C1C(F)(F)C(F)(F)C(F)(F)C(F)(F)C(F)(F)C(F)(F)F,2.037098246
CC(C)CNC(=O)C(F)(F)C(F)(F)C(F)(F)F,1.623997325
CC(=O)SCCC(F)(F)C(F)(F)C(F)(F)C(F)(F)C(F)(F)C(F)(F)C(F)(F)C(F)(F)F,2.148377501
OS(=O)(=O)C(F)(C(F)(F)F)C(F)(F)C(F)(F)C(F)(F)C(F)(F)C(F)(F)C(F)(F)F,1.83385486
FC(F)(F)C(OS(=O)(=O)C(F)(F)C(F)(F)C(F)(F)C(F)(F)F)C(F)(F)F,1.856100854
OC(COC(=O)C=C)CC(F)(F)C(F)(F)C(F)(F)C(F)(F)C(F)(F)C(F)(F)F,1.810876921
CC(=O)NC1=CC=C(C=C1)C(F)(F)C(F)(F)C(F)(F)F,1.640280251
CCCCNC(=O)C(F)(F)C(F)(F)C(F)(F)C(F)(F)F,1.629596111
NC1=NC(=NN1)C(F)(F)C(F)(F)C(F)(F)F,1.396234489
FC(F)(F)C(F)(F)C(F)(F)COCC1COC(=O)O1,1.439764867
CNC(=O)C(F)(F)C(F)(F)C(F)(F)C(F)(F)C(F)(F)C(F)(F)C(F)(F)C(F)(F)F,1.873587953
FC(F)(F)C(F)(F)C(F)(F)C(F)(F)C1=CC2=CC=CC=C2N1,2.137093149
CCCCNC(=O)C(F)(F)C(F)(F)C(F)(F)C(F)(F)C(F)(F)C(F)(F)C(F)(F)F,1.901373991
FC(F)(F)C(F)(F)C(F)(F)C(=O)NC1CCCCC1,1.423379318
CC(CC1=CC=CC=C1)NC(=O)C(F)(F)C(F)(F)C(F)(F)F,1.740286255
FC1=CC=C(NC(=O)C(F)(F)C(F)(F)C(F)(F)F)C=C1,1.909806656
FC(F)(F)COP(=O)(OCC(F)(F)F)OC(C1=CC=CC=C1)C(F)(F)C(F)(F)C(F)(F)C(F)(F)F,2.204396752
CN1CCN(CC1)C(=O)C(F)(F)C(F)(F)C(F)(F)F,1.045669286
OC(=O)C1=CC=C(OC(F)(F)C(F)(F)C(F)(F)C(F)(F)C(F)(F)C(F)(F)C(F)(F)F)C=C1,2.023264701
OC1=CC=C(C=C1)C(=O)OCC(F)(F)C(F)(F)C(F)(F)C(F)(F)C(F)(F)C(F)(F)C(F)(F)F,1.892890131
COC1=CC=C(NC(=O)C(F)(F)C(F)(F)C(F)(F)F)C=C1,1.835311576
CC1=CC=CC(C)=C1NC(=O)C(F)(F)C(F)(F)C(F)(F)F,1.410317209
FC(F)(F)C(F)(F)C(F)(F)C(F)(F)C(F)(F)C(F)(F)CCOCC1=CN=NN1,1.945999747
FC(F)(F)C(F)(F)C(F)(F)C1=C(N=C2C=CC=CC2=N1)C1=CC=CC=C1,2.529638652
CC1=CC=C(NC(=O)C(F)(F)C(F)(F)C(F)(F)F)C=C1Cl,1.976085454
FC(F)(F)C(F)(F)C(F)(F)C(=O)NC1=CC=C(Cl)C=C1Cl,2.354440972
FC(F)(F)C(F)(F)C(F)(F)C(F)(F)C(F)(F)C(F)(F)C(=O)NC1CCCCC1,1.721955621
FC(F)(F)C(F)(F)C(F)(F)C1=NC2=CC=CC=C2NC(=O)C1,1.555042902
FC1=CC(NC(=O)C(F)(F)C(F)(F)C(F)(F)C(F)(F)C(F)(F)C(F)(F)C(F)(F)C(F)(F)F)=CC=C1,2.074931863
FC(F)(F)C(F)(F)C(F)(F)C(F)(F)C1=CC(=O)NC(=N1)C1=CC=CC=C1,1.928067523
COC1=CC=C(NC(=O)C(F)(F)C(F)(F)C(F)(F)C(F)(F)C(F)(F)C(F)(F)C(F)(F)F)C=C1,1.978354703
FC(F)(F)C(F)(F)C(F)(F)C(F)(F)S(=O)(=O)NC(=O)C1CCCCC1,1.193843773
CC1(C)OB(OC1(C)C)C1=CC=C(S1)C(F)(F)C(F)(F)C(F)(F)C(F)(F)C(F)(F)C(F)(F)F,2.192723772
CC(C)[C@@H]1NC(=O)O[C@@H]1CCC(F)(F)C(F)(F)C(F)(F)C(F)(F)C(F)(F)C(F)(F)F,2.01949454
CCOC(=O)CC1=NN(C)C(=C1)C(F)(F)C(F)(F)C(F)(F)F,1.419414917
NS(=O)(=O)C1=CC=C(CNC(=O)C(F)(F)C(F)(F)C(F)(F)C(F)(F)C(F)(F)C(F)(F)C(F)(F)C(F)(F)F)C=C1,1.500604063
CCN(CCCN(CCOCCOCCOC)CCOCCOCCOC)S(=O)(=O)C(F)(F)C(F)(F)C(F)(F)C(F)(F)C(F)(F)C(F)(F)C(F)(F)C(F)(F)F,1.524287424
FC(F)(F)C(F)(F)C(F)(F)C1=CC=C(NC(=O)C2=CC=CC=C2)C(=O)O1,1.756228653
COC1=C2OC=CC2=C(OC)C2=C1OC(O)(CC2=O)C(F)(F)C(F)(F)C(F)(F)C(F)(F)F,1.874261857
F\C=C\C(F)(C(F)(F)F)C(F)(F)F,2.251527808
FC(F)=C(F)C(F)(F)C(F)(C(F)(F)F)C(F)(F)F,2.368947197
FC(F)(F)C(I)C(F)(F)C(C(F)(F)F)C(F)(F)C(F)(C(F)(F)F)C(F)(F)F,2.438778605
CC(=O)SCCC(F)(C(F)(F)F)C(F)(F)F,1.755911933
OCCC(F)(F)C(F)(F)C(F)(F)C(F)(F)C(F)(F)C(F)(F)C(F)(F)C(F)(F)C(F)(C(F)(F)F)C(F)(F)F,2.290253366
FC(F)(F)C(F)(C1=CN=C(Cl)C=C1)C(F)(F)F,2.085453048
FC1=NC(=NC(F)=N1)C(F)(C(F)(F)F)C(F)(F)F,1.439866687
FC(F)(F)C(F)(C1=CC=C2NN=CC2=C1)C(F)(F)F,2.018678953
FC(F)(F)C(F)(C1=NC(=NC(=N1)C(F)(C(F)(F)F)C(F)(F)F)C(F)(C(F)(F)F)C(F)(F)F)C(F)(F)F,2.307667554
NC1=NC(F)=C(F)C(=C1F)C(F)(C(F)(F)F)C(F)(F)F,1.926711314
FC1=C(F)C(=C(F)C(F)=C1C(=O)C(F)(C(F)(F)F)C(F)(F)F)C(F)(C(F)(F)F)C(F)(F)F,2.543184513
CCCCSC1=C(CC)C(=CC=C1C(F)(C(F)(F)F)C(F)(F)F)C(O)=O,2.136341031
NC1=CC(OC(=C(C(F)(C(F)(F)F)C(F)(F)F)C(F)(C(F)(F)F)C(F)(F)F)C(F)(F)F)=CC(N)=C1,2.415880992
CCCS(=O)C1=C(CC)C(=CC=C1C(F)(C(F)(F)F)C(F)(F)F)C(O)=O,1.678045149
CCCS(=O)(=O)C1=C(C)C(=CC=C1C(F)(C(F)(F)F)C(F)(F)F)C(O)=O,1.276097428
CC1=CC(=CC(C)=C1NC(=O)C1=CC=CC(NC(=O)C2=CC=C(F)C=C2Cl)=C1)C(F)(C(F)(F)F)C(F)(F)F,1.902536585
CC1=CC(=CC(C)=C1NC(=O)C1=C(F)C(NC(=O)C2=CC=CC=C2)=CC=C1F)C(F)(C(F)(F)F)C(F)(F)F,1.832744786
FC(F)(F)OC(F)(I)C(F)(F)F,1.777065714
F\C(OC(F)(F)F)=C(\F)C(F)(F)F,2.066336908
FC(F)(F)C(F)(F)C(F)(F)OC(F)(F)C(F)(F)C=C,2.147702571
CCCNCCC.OC(=O)C(F)(OC(F)(F)C(F)(F)C(F)(F)F)C(F)(F)F,1.00832557
COC(=O)C(F)(OC(F)(F)C(F)(OC(F)(F)C(F)(F)C(F)(F)F)C(F)(F)F)C(F)(F)F,2.061484896
CCCCOC(=O)C(F)(OC(F)(F)C(F)(OC(F)(F)C(F)(F)C(F)(F)F)C(F)(F)F)C(F)(F)F,2.190308835
NC(=O)C(F)(OC(F)(F)C(F)(OC(F)(F)C(F)(OC(F)(F)C(F)(F)C(F)(F)F)C(F)(F)F)C(F)(F)F)C(F)(F)F,2.012729811
FC(F)(F)C(F)(F)C(F)(F)OC(F)(C(=O)OC1CCCCC1)C(F)(F)F,1.993368379
FC1=C(F)C(F)=C(C(=O)C(F)(OC(F)(F)C(F)(OC(F)(F)C(F)(F)C(F)(F)F)C(F)(F)F)C(F)(F)F)C(F)=C1F,2.602219462
[O-][N+](=O)C1=CC=C(NC(=O)C(F)(OC(F)(F)C(F)(F)C(F)(F)F)C(F)(F)F)C(=C1)[N+]([O-])=O,1.899985316
OC(=O)C(F)(C(F)(F)C(F)(F)F)C(F)(C(F)(F)F)C(F)(F)C(F)(F)F,1.710428252
OC(=O)C(C(F)(F)F)(C(F)(F)F)C(F)(C(F)(F)F)C(F)(F)C(F)(F)F,1.833934193
OP(=O)(C(F)(F)C(F)(F)C(F)(F)C(F)(F)C(F)(F)C(F)(F)F)C(F)(F)C(F)(F)C(F)(F)C(F)(F)C(F)(F)C(F)(F)C(F)(F)C(F)(F)F,2.195439564
OC(=O)C(F)(F)C(F)(C(F)(F)F)C(F)(F)C(F)(C(F)(F)F)C(F)(F)F,1.764476647
FC(F)(F)C(F)(F)C(F)(F)C(F)(F)C(F)(F)C(F)(F)CCSCCCCS,2.208809373
[I-].C[N+](C)(C)CCCNC(=O)C1=CC=C(OC(=C(C(F)(C(F)(F)F)C(F)(F)F)C(F)(C(F)(F)F)C(F)(F)F)C(F)(F)F)C=C1,1.832559196
OC\C(I)=C\C(F)(F)C(F)(F)C(F)(F)F,1.953927919
CCCCCC\C=C\C(F)(F)C(F)(F)C(F)(F)C(F)(F)C(F)(F)C(F)(F)C(F)(F)C(F)(F)F,2.652420676
OCCCCCCCCC\C=C\C(F)(F)C(F)(F)C(F)(F)C(F)(F)C(F)(F)C(F)(F)F,2.255419478
OP([O-])(=O)OCC(F)(F)C(F)(F)C(F)(F)F,0.866382739
OC(=O)[C@H]1CC[C@@H](CC1)C(F)(F)C(F)(F)C(F)(F)C(F)(F)F,1.468355122
NC(=O)OC(F)(C(F)(F)F)C(F)(F)C(F)(F)C(F)(F)C(F)(F)C(F)(F)C(F)(F)F,2.101482807
OC1=CC=C(\N=N\C2=CC=C(C=C2)C2=CC=C(C=C2)C(F)(F)C(F)(F)C(F)(F)F)C(F)=C1,2.320520699
OC[C@H]1O[C@H]([C@H](O)[C@@H]1O)N1C=C(C(=O)NC1=O)C(F)(F)C(F)(F)C(F)(F)F,0.754349729
CC(NC(=O)C(F)(OC(F)(F)C(F)(F)C(F)(F)F)C(F)(F)F)C1=CC=CC=C1,1.807405503
[H]C(F)(F)C(F)(F)C(F)(F)C(F)(F)C(F)(F)C(F)(F)C(F)(F)C(F)(F)S(=O)(=O)CNCCOC(=O)C=C,1.775047633
OC(C1=CC=CC=C1)C(F)(F)C(F)(F)C(F)(F)F,1.669267753
C[NH3+].[O-]C(=O)C(F)(F)C(F)(F)C(F)(F)C(F)(F)C(F)(F)C(F)(F)C(F)(F)C(F)(F)F,1.755130155
CC[NH+](CC)CC.OP([O-])(=O)CCC(F)(F)C(F)(F)C(F)(F)C(F)(F)C(F)(F)C(F)(F)C(F)(F)C(F)(F)F,1.229672353
OC(C1=CC=C(Br)C=C1)C(F)(F)C(F)(F)C(F)(F)C(F)(F)F,1.925198596
FC(F)(F)C(F)(F)C(F)(F)C(=O)NCCCCCNC(=O)C(F)(F)C(F)(F)C(F)(F)F,1.322341507
FC(F)(F)C(F)(F)C(F)(F)C1=NC2=CC=CC=C2O1,2.104223801
FC(F)(F)C(F)(F)C(F)(F)\C(\C=N\NC1=CC=CC=C1)=N\NC1=CC=CC=C1,2.264349182
[I-].CCCCCCCC[N+]1(CCCCCCCC)CCN(CC1)S(=O)(=O)C(F)(F)C(F)(F)C(F)(F)C(F)(F)C(F)(F)C(F)(F)C(F)(F)C(F)(F)F,1.301022194
CC[NH+](CC)CC.[O-]C(=O)C(F)(OC(F)(F)C(F)(F)C(F)(F)F)C(F)(F)F,1.112056126
FC(F)(F)[C@]1(F)C(F)(F)[C@](F)(C(F)(F)F)C1(F)F,2.72886846
FC(F)(F)C(F)(F)C(F)(F)OC(F)(C(F)(F)F)C(F)(F)OC(F)(C(=O)NC1=CC=CC=N1)C(F)(F)F,2.009446016
FC(F)(F)C1(F)C(F)(F)C(F)(F)C(F)(F)C2(F)C(F)(F)C(F)(F)C(F)(F)C(F)(F)C12F,2.743799964
[O-]S(=O)(=O)C(F)(F)C(F)(F)C(F)(F)C(F)(F)C(F)(F)C(F)(F)C(F)(F)C(F)(F)C(F)(F)C(F)(F)C(F)(F)C(F)(F)C(F)(F)C(F)(F)F,2.050973661
OC(=O)C(F)(OC(F)(F)C(F)(F)C(F)(F)C(F)(F)S(O)(=O)=O)C(F)(F)F,1.031501561
OC(CC1(O)C(F)(F)C(F)(F)C1(F)F)C1=CC=CC=C1,1.48705478
OC(C=C(C(F)(F)F)C(F)(F)F)C1=CC=CS1,1.723691044
CC(C(O)C1=CC=C(F)C=C1)C(OC(O)=NC1=CC(Cl)=C(Cl)C=C1)(C(F)(F)F)C(F)(F)F,2.562842423
OC(CC(O)(C(F)(F)F)C(F)(F)F)C1=CC=C(C=C1)C(=O)CC(O)(C(F)(F)F)C(F)(F)F,1.281002505
CC1=CC(=O)C(C(O)(C(F)(F)F)C(F)(F)F)C(C)(C)C1,1.809226101
FC(C(F)(F)F)C(F)(F)COCC1CO1,1.617668918
FC(=O)C(F)(F)OC(F)(F)OC(F)(F)F,1.303589079
CC1=C(N)C=C(C=C1)C(C1=CC(N)=C(C)C=C1)(C(F)(F)F)C(F)(F)F,1.976776773
FC1=C(F)C(Cl)=C(Cl)C(F)=C1F,3.244686414
FC(F)C(F)(F)C(F)(F)C(F)(F)C(F)(F)C(F)(F)CC(I)[Si]12OCCN(CCO1)CCO2,1.391277699
OC(O)=C1C(=O)C(Cl)=C2CC(OC=C2C1=O)C(F)(F)C(F)(F)F,1.550058186
FC1(F)C(=O)C2(CCCCC2)C1(F)F,2.277071017
FC(Cl)C(F)(F)S,1.363601292
FC(F)C(Cl)C(F)F,1.634349218
FC1=C(F)C(F)=C(SCl)C(F)=C1F,2.698765139
NC(C(F)(F)F)(C(F)(F)F)C(F)(F)F,1.311538161
FC1(F)C(F)(F)C2(F)C3(F)C1(F)C(F)(F)C(F)(F)C(F)(F)C3(F)C(F)(F)C(F)(F)C2(F)F,2.862832972
CC1CNC(O1)C(F)(F)F,0.700235067
FC(F)(F)C(F)(F)N(C(F)(F)C(F)(F)F)C(F)(F)C(F)(F)C(F)(F)F,1.88754222
OC1C(CCC2=CC=CC=C12)C(O)(C(F)(F)F)C(F)(F)F,1.500282421
CC(C)=CC(O)CC(O)(C(F)(F)F)C(F)(F)Cl,1.38615618
COC(F)F,0.868574622
FC(F)(Br)C(F)(Cl)C(F)(Cl)C(F)(F)Br,2.07104277
CCC(=O)C(F)(F)C(F)(F)F,1.37743808
CCC(F)F,1.81550833
ONC(=N)C(F)(F)F,0.557486631
FC1=C(F)C(=C(F)C(F)=C1C(C#N)C#N)C(F)(F)F,2.302945922
FC(F)OC(F)C(F)F,1.336007778
FC1CC1F,2.230901613
CCC(O)(C(F)(F)Cl)C(F)(F)Cl,1.086343584
FC(F)(F)[14C]#N,1.056789669
CC(O)=NC1=CC=C(C=C1)C1=CC=C(NC(=O)C(F)(F)C(F)(F)C(F)(F)F)C=C1,1.875049739
[3H]C(F)(F)F,1.61879211
OC(CCC(F)(F)F)=NCCCC(F)(F)F,1.29790307
CCN(CC)S(=O)(=O)C(F)(F)C(F)(F)C(F)(F)C(F)(F)C(F)(F)C(F)(F)C(F)(F)C(F)(F)F,1.791284254
OP(O)(=O)C(F)(F)C(F)(F)C(F)(F)C(F)(F)C(F)(F)C(F)(F)Cl,1.696375888
FC(F)(F)C(F)(F)C(F)(F)C(F)(F)OC=O,1.878400943
OC(=O)C(F)(F)C(F)(F)C(F)(F)C(F)(F)C(F)(F)C(F)(F)S(F)(F)(F)(F)F,1.685150411
[H]C(C)(CCC(=O)OC(C(F)(F)F)C(F)(F)F)[C@@]1([H])CC[C@@]2([H])[C@]3([H])CC[C@@]4([H])C[C@]([H])(CC[C@]4(C)[C@@]3([H])CC[C@]12C)OC(=O)C(F)(F)F,2.348016491
FC(F)(F)C(\Cl)=C(\Cl)C(F)(F)F,2.541064158
FC(F)(F)C1=CC2=C(C=C1)N=C(N2)C(F)(F)C(F)(F)C(F)(F)F,2.131361595
OS(=O)(=O)C(F)(F)C(F)(F)C(F)(F)C(F)(F)C(F)(C(F)(F)F)C(F)(F)C(F)(F)F,1.881746109
[H]C(F)(F)C(F)(F)C(F)(F)C(F)(F)C(F)(F)C(F)(F)C(F)(F)C(F)(F)C(F)(F)C(F)(F)C(F)(F)C(F)(F)S(O)(=O)=O,2.12940504
CC(F)(Cl)C(F)F,1.673288218
CN(CCOCCOCCOCCOCCOCCOCCOCCOCCO)S(=O)(=O)C(F)(F)C(F)(F)C(F)(F)C(F)(F)C(F)(F)C(F)(F)C(F)(F)C(F)(F)F,1.62436485
OC(=O)C1=CC=C(OC(F)(F)C(F)(F)C(F)(F)C(F)=C(F)C(F)(F)C(F)(F)C(F)(F)C(F)(F)F)C=C1,2.115687605
OP(O)(=O)CC1=CC=C(OC(=C(C(F)(C(F)(F)F)C(F)(F)F)C(F)(C(F)(F)F)C(F)(F)F)C(F)(F)F)C=C1,2.454575666
F\C(\C(\F)=C(\F)C(F)(F)F)=C(\F)C(F)(F)F,2.280397752
C[N+](C)(CCO)CCCN(CCCS([O-])(=O)=O)S(=O)(=O)C(F)(F)C(F)(F)F,0.53893438
C[N+](C)(CCCCC(F)(F)C(F)(F)C(F)(F)C(F)(F)F)CC([O-])=O,1.700680226
OC(CC(F)(F)C(F)(F)C(F)(F)C(F)(F)C(F)(F)C(F)(F)F)S(O)(=O)=O,1.862092488
FC(F)(F)C(F)(F)C(F)(F)C(F)(F)C(F)(F)C(F)(F)C(F)(F)C(F)(F)C(F)(F)C(F)(F)C(F)(F)C(F)(F)C(F)(F)C(F)(F)CCS,2.478616455
[O-]C(=O)CNS(=O)(=O)C(F)(F)C(F)(F)C(F)(F)C(F)(F)F,1.170285005
FC(F)(F)C(F)(F)C(F)(F)C(F)(F)C(F)(F)C(F)(F)C(F)(F)C(F)(F)CCOS(=O)(=O)C(F)(F)F,2.042336257
CC1=C(C=C(S1)C1=CC=C(C=O)C=C1)C1=C(C2=C(C)SC(=C2)C2=CC=C(C=O)C=C2)C(F)(F)C(F)(F)C1(F)F,2.406547239
FC(C(F)(F)F)C(F)(F)OC1=CC=C(C=C1)C(=O)NC1=CC=C(OCC(=O)N2CCOCC2)C=C1,1.777972369
CC1=NN(C(C)=C1)C(F)(F)C(F)(F)C(O)=O,0.379588727
CC1=CC=C(C=C1)S(=O)(=O)OCC(F)(F)C(F)(F)COS(=O)(=O)C1=CC=C(C)C=C1,0.988564149
CC1=CC(CO)=CN=C1OCC(F)(F)C(F)F,1.236121085
NC1=NC2=C(S1)C=C(OCC(F)(F)C(F)F)C=C2,1.999738844
CS(=O)(=O)CC(F)(F)C(F)F,0.723191955
FC(F)C(F)(F)C(F)(F)C(F)(C(F)(F)F)C(F)(F)F,2.285151408
CC1=C(C=C(Cl)S1)C(=O)C(F)(F)C(F)(F)C(F)(F)C(=O)C1=C(C)SC(Cl)=C1,2.237859932
OC(=O)CCCCCCC(F)(F)C(F)(F)C(F)(F)C(F)(F)C(F)(F)C(F)(F)F,1.830228958
CCOC1=C(F)C(F)(F)C(F)(F)C1(F)F,2.241050435
FC(F)(F)C(F)(F)OC1=CC=CC(OC(F)(F)C(F)(F)F)=C1OC(F)(F)C(F)(F)F,3.059258539
CCOC(=O)C1=C(C)N=C(N=C1)C(F)(F)C(F)(F)C(F)(F)F,1.449723569
COC(=O)C(F)(F)C(F)C(F)(F)F,1.362411473
FC(=O)C(F)(OC(F)(F)C(F)(F)C(F)(F)C(F)(F)S(F)(=O)=O)C(F)(F)F,1.60451891
NCCSC(F)(F)C(F)(F)F,1.237321593
OC1=CN=C(OCC(F)(F)C(F)F)C(Cl)=C1,1.820382987
CC(C)(F)C(F)(F)C(O)=O,0.767635885
CC(C)(N)C(F)(F)C(F)(F)F,1.333654292
CCCCN(CCCC)CCC(=O)OCCC(F)(F)C(F)(F)C(F)(F)C(F)(F)C(F)(F)C(F)(F)F,1.892404953
FC(=O)C(F)(F)S(Cl)(=O)=O,0.082096324
OC\C(I)=C\C(F)(C(F)(F)F)C(F)(F)C(F)(F)F,2.023309601
[2H]C(F)(F)OC(F)(F)C([2H])(F)Cl,1.750091698
OP(O)(=O)OCC(F)(F)C(F)(F)OC(F)(C(F)(F)F)C(F)(F)OC(F)=C(F)F,1.758356549
FC(F)(F)C12C(F)(F)C(F)(F)C(F)(F)C(F)(F)C1(C(F)(F)F)C(F)(F)C(F)(F)C(F)(F)C2(F)F,3.12452375
FC(F)(F)C1(F)N(C(F)(F)C(F)(F)C1(F)F)C1(F)C(F)(F)C(F)(F)C(F)(C(F)(F)F)C(F)(F)C1(F)F,2.346527802
FC1=C(F)C(=C(F)C2=C1C(F)(F)C(F)(F)C2(F)F)C(F)(F)F,2.976479982
FC(F)(F)C(F)(F)C(F)(F)C(F)(F)C(F)(F)C(F)(F)C(F)(F)CCCC(=O)OC=C,2.136591821
FC(=C)C(=O)OCC(F)(F)C(F)(F)C(F)(F)F,1.895796599
FC(F)(F)C(F)(C(F)(F)Cl)C(F)(F)C(F)(F)C(F)(F)C(F)(F)C(F)(F)C(F)(F)C(F)(F)C(F)(F)C(F)(F)C(F)(F)CCOC(=O)C=C,2.345641585
CN(CCOC(=O)C=C)C(=O)C(F)(F)C(F)(F)N1C(F)(F)C(F)(F)C(F)(C(F)(F)C(F)(F)F)C(F)(F)C1(F)F,1.636171126
O[13C](=O)[13C](F)(F)[13C](F)(F)[13C](F)(F)F,1.044473637
CCCCN(CCCC)S(=O)(=O)C(F)(F)C(F)(F)C(F)(F)C(F)(F)C(F)(F)C(F)(F)C(F)(F)C(F)(F)F,1.975249466
OS(=O)(=O)C(F)(F)C(F)(F)C(F)(F)C(F)(F)C(F)(F)C(F)(F)C(F)(F)S(F)(F)(F)(F)F,1.838863563
OS(=O)(=O)C(F)(F)C(F)(F)C(F)(F)C(F)(F)C(F)(F)C(F)(F)C(F)(F)C(F)(F)C(F)(F)C(F)(F)C(\F)=C(/F)C(F)(F)F,2.233308945
OS(=O)(=O)C(F)(F)C(F)(F)C(F)(F)C(F)(F)C(F)(F)C(\F)=C(/F)C(F)(F)F,1.882525774
OS(=O)(=O)C(F)(F)C(F)(F)C(F)(F)C(F)(F)C(F)(F)C(F)(F)C(F)C(F)(F)F,1.86346844
C[N+](C)(CCCNS(=O)(=O)C(F)(F)C(F)(F)C(F)(F)C(F)(F)F)CCCS(O)(=O)=O,0.88655744
OS(=O)(=O)C(F)(F)C(F)(F)C(F)(F)C(=O)C(F)(F)F,0.980591324
FC(F)(F)C(F)(F)C(F)(F)C(F)(F)C(F)(F)C(F)(F)S(=O)(=O)OS(=O)(=O)C(F)(F)C(F)(F)C(F)(F)C(F)(F)C(F)(F)C(F)(F)F,2.022888335
[I-].C[N+](C)(C)C1=CC=C(CC(=C(C(F)(C(F)(F)F)C(F)(F)F)C(F)(C(F)(F)F)C(F)(F)F)C(F)(F)F)C=C1,2.120147166
C[N+](C)(CCCN(CCCS(O)(=O)=O)S(=O)(=O)C(F)(F)C(F)(F)C(F)(F)C(F)(F)C(F)(F)C(F)(F)C(F)(F)C(F)(F)F)CCCS([O-])(=O)=O,1.326671278
CSC(F)(F)C(F)(F)C(F)(F)OC(F)=C(F)F,2.101860355
COC(=O)C(F)(OC(F)(F)C(F)(F)OC(F)(C(=O)OC)C(F)(F)F)C(F)(F)F,1.534016967
FC(F)(Br)C(F)(Br)OC(F)(F)C(F)(F)C(F)(F)C(F)(F)C(F)(F)C#N,2.059167555
CCOP(O)(=O)CCC(F)(OC(F)(F)C(F)(OC(F)(F)C(F)(F)C(F)(F)F)C(F)(F)F)C(F)(F)F,1.92575781
OC(=O)C(F)(F)C(F)(F)OC(F)(C(F)(F)F)C(F)(F)C(F)(F)C(O)=O,1.036918739
CC[NH3+].[O-]C(=O)C(F)(F)C(F)(F)C(F)(C(F)(F)F)C(F)(F)F,1.408074796
[O-]S(=O)(=O)CCC(F)(F)C(F)(F)C(F)(F)C(F)(F)C(F)(F)C(F)(F)C(F)(F)C(F)(F)C(F)(F)C(F)(F)F,1.947769147
FC(=CC=O)C(F)(F)C(F)(F)C(F)(F)F,2.013425442
OC(=O)\C=C\C(F)(F)C(F)(F)C(F)(F)C(F)(F)C(F)(F)F,1.852543618
OC(=O)CNS(=O)(=O)C(F)(F)C(F)(F)C(F)(F)C(F)(F)C(F)(F)C(F)(F)F,1.517066548
FC(C(Cl)=C(F)F)C(F)(F)C(F)C(F)(F)F,2.223381929
CCS(=O)(=O)C(F)(F)C(F)(F)F,0.883255167
CC1=C(C=CC(=C1)C#N)C(=O)NC1=C(C=CC(=C1)C(=O)NC1=C(Cl)C=C(C=C1Br)C(F)(C(F)(F)F)C(F)(F)F)C#N,1.654777456
F\C(=N/C(F)(F)C(F)(F)C(F)(F)C(F)(F)F)C(F)(F)C(F)(F)C(F)(F)F,2.227819204
OC1=CC=C(CC(F)(F)C(F)(F)C(F)(F)C(F)(F)C(F)(F)C(F)(F)C(F)(F)C(F)(F)C(F)(F)C(F)(F)F)C=C1,2.064251092
CC1=CC(=CC(C)=C1NC(=O)C1=C(F)C(NC(=O)C2=CC=CC=C2)=CC=C1)C(F)(C(F)(F)F)C(F)(F)F,1.723862322
COC1=C(N)C=C(OC(F)=C(F)C(F)(F)C(F)(F)C(F)(F)C(F)(F)C(F)(F)C(F)(F)C(F)(F)F)C(N)=C1,2.102620258
FC=CC(F)C(F)(F)C(F)(C(F)(F)F)C(F)(F)F,2.331089309
FC1(F)OC2=C(OC1(F)F)C=C(NC(=O)C1=CNC3=CC=CC=C3C1=O)C=C2,2.112341224
FC(F)(F)CSSC(F)(F)C(F)(F)F,1.857653133
CCCC[N+]1=CN(CCC(F)(F)C(F)(F)C(F)(F)C(F)(F)C(F)(F)C(F)(F)F)C=C1,1.78635557
CCCCCCCCC(CCC(F)(F)C(F)(F)C(F)(F)C(F)(F)C(F)(F)C(F)(F)F)C(OCCC)(OCCC)OCCC,2.43515621
[O-]S(=O)(=O)C(F)(F)C(F)(F)C(F)(F)C(F)(F)C(F)(F)C(F)(F)C(F)(F)CCCCC(F)(F)F,1.735117501
C[SiH](C)OC(F)(F)C(F)(F)C(F)(F)F,1.71842723
[O-]S(=O)(=O)C(F)(F)C(F)(F)C(F)CCCCCCCC(F)(F)F,1.244755109
CC(F)(C(F)(F)C(F)(F)F)S(O)(=O)=O,0.896807069
[O-]S(=O)(=O)C(F)(F)C(F)(F)C(F)(F)C(F)(F)C(F)(F)CCCCCCC(F)(F)F,1.606029379
OC(CN1C=NN=N1)(C1=C(F)C=C(F)C=C1)C(F)(F)C1=NC=C(C=C1)C1=CC=C(OCC(F)(F)C(F)(F)F)C=C1,2.064933045
OC(C(CC1=CC2=C(OC(F)(F)C(F)(F)O2)C=C1)NC(=O)C1=CC=C(F)C2=CC=CC=C12)C1=CC=C(F)C=C1,2.168193528
NC1=C(Cl)C=C(C=C1Cl)S(=O)C(F)(F)C(F)(F)C(F)(F)C(F)(F)F,1.948972877
FC(F)(F)C(F)(F)C(F)(F)CNC1=NNC2=CC(Cl)=C(C=C12)C1=CC=CC=C1,2.568516603
FC(F)(F)C(F)(CCCCCCS)C(F)(F)F,2.063041522
CCC(F)(C(F)(F)F)C(F)(F)F,2.088956881
CC1=C(N)C=CC(=C1)C(F)(C(F)(F)F)C(F)(F)Br,1.762758123
FC(=C(Cl)C(F)(F)C(F)(F)F)C(F)(F)F,2.2621359
CC(C)C(F)(C(F)(F)F)C(F)(F)F,2.383393048
FC(F)(F)C(F)(F)C(F)(F)C(F)(F)C=CC(C(F)(F)F)(C(F)(F)F)C(F)(F)F,2.721372373
FC1=C(C=CC(C#N)=C1NC(=O)C1=CN=C(Cl)C=C1)C(=O)NC1=C(C=C(C=C1Br)C(F)(C(F)(F)F)C(F)(F)F)C(F)(F)F,1.914902424
CN(C(=O)C1=CC=C(F)C=C1)C1=CC=CC(=C1)C(=O)NC1=C(C=C(C=C1I)C(F)(C(F)(F)F)C(F)(F)C(F)(F)F)C(F)(F)F,2.229424711
NCCC(F)(F)C(F)(F)C(F)(F)C(F)(F)C(F)(F)C(F)(F)C(F)(F)C(F)(F)C(F)(F)C(F)(F)C(F)(F)C(F)(F)F,2.274900385
FC#CC(F)(F)C(F)(F)C(F)(F)F,2.248501041
NCC(F)(C(O)=O)C(F)(F)F,0.221593524
FC(C(F)(F)F)C(F)(F)C(F)C(F)(F)C(F)(F)C(Cl)=C(F)F,2.4203234
F\C=C(\F)C(F)(F)F,2.00466757
FC(F)(F)C1(F)N2C(F)(F)C(F)(F)C(F)(F)C(F)(F)C2(F)C(F)(F)C(F)(F)C1(F)F,2.245644158
FC(F)(F)C(F)(F)C(F)(F)C(F)(F)C1(F)C(F)(F)C(F)(F)C(F)(F)C1(F)F,2.541462187
FC(F)(F)N(C(F)(F)C(F)(F)C(F)(F)F)[C@]1(F)C(F)(F)C(F)(F)[C@@](F)(C(F)(F)F)C(F)(F)C1(F)F,2.344959727
FC(F)(F)C(F)(F)C(F)(F)C(F)(F)C(F)(F)C(F)(F)C(F)(F)C(F)(Cl)Cl,2.396720312
FC(F)(F)C(F)(F)C(F)(F)C(F)(F)C(F)(F)C(F)(F)C(F)(F)C(F)(F)S(=O)(=O)CCOC(=O)C=C,1.888696185
OCCOCCOCCOCCOCCOCCOCCOCCOCCOCCOCCOCCOCCC(F)(F)C(F)(F)C(F)(F)C(F)(F)C(F)(F)C(F)(F)F,1.692536883
FC(F)C(F)(C(F)(F)F)C(F)(F)C(F)(F)C(F)(F)C(F)(F)C(F)(F)C(F)(F)C(F)(F)C(F)(F)C(F)(F)C(F)(F)COC(=O)C=C,2.357331824
COC(F)(F)C(F)(F)C(O)=O,0.368466907
FC(F)C(\F)=C\Cl,2.501654503
FC(F)(Br)CBr,1.214398631
OS(=O)(=O)C(F)(F)C(F)(F)C(F)(F)C(F)(F)C(F)(F)C(F)(F)C(\F)=C(/F)C(F)(F)F,1.981060897
OS(=O)(=O)C(F)(F)C(F)(F)C(F)C(F)(F)F,1.095634328
CN(C)CCCN(CCC(O)=O)S(=O)(=O)C(F)(F)C(F)(F)C(F)(F)F,0.805939755
OS(=O)(=O)C(F)(F)C(F)(F)C(F)(F)C(F)(F)C(F)(F)C(F)(F)C(F)(F)C(F)(F)C(=O)C(F)(F)F,1.780502107
FC(F)(F)C(F)(F)C(F)(F)C(F)(F)C(F)(F)C(F)(F)C(F)(F)S(=O)(=O)NS(=O)(=O)C(F)(F)C(F)(F)C(F)(F)C(F)(F)C(F)(F)C(F)(F)C(F)(F)F,2.019992107
C[N+](CCO)(CCCNS(=O)(=O)C(F)(F)C(F)(F)C(F)(F)C(F)(F)C(F)(F)C(F)(F)F)CCCS(O)(=O)=O,1.198285166
C[N+](C)(CCCN(CCCS(O)(=O)=O)S(=O)(=O)C(F)(F)C(F)(F)C(F)(F)C(F)(F)C(F)(F)C(F)(F)C(F)(F)F)CCCS([O-])(=O)=O,1.206751884
OCC(O)COCCC(F)(F)C(F)(F)C(F)(F)C(F)(F)C(F)(F)C(F)(F)C(F)(F)C(F)(F)F,2.114068156
[I-].C[N+](C)(C)CCCNC(=O)C=CC(=O)OCCC(F)(F)C(F)(F)C(F)(F)C(F)(F)C(F)(F)C(F)(F)C(F)(F)C(F)(F)F,1.203269038
C[N+](C)(CCO)CC(O)C[N-]S(=O)(=O)C(F)(F)C(F)(F)C(F)(F)C(F)(F)C(F)(F)C(F)(F)F,1.517884617
C[N+](C)(C)CCCN(CCC(O)=O)S(=O)(=O)C(F)(F)C(F)(F)C(F)(F)C(F)(F)C(F)(F)F,1.231160366
CC(C)O[Si](O)(CCC(F)(F)C(F)(F)C(F)(F)C(F)(F)C(F)(F)C(F)(F)F)O[Si](CCC(F)(F)C(F)(F)C(F)(F)C(F)(F)C(F)(F)C(F)(F)F)(OC(C)C)OC(C)C,2.080383115
C[N+](C)(CCC(F)(F)C(F)(F)C(F)(F)C(F)(F)C(F)(F)C(F)(F)C(F)(F)C(F)(F)C(F)(F)C(F)(F)F)CC([O-])=O,2.148733238
C[N+](C)(CCCCC(F)(F)C(F)(F)C(F)(F)C(F)(F)C(F)(F)C(F)(F)F)CC([O-])=O,1.914158077
OP(=O)(C(F)(F)C(F)(F)C(F)(F)C(F)(F)C(F)(F)C(F)(F)F)C(F)(F)C(F)(F)C(F)(F)C(F)(F)C(F)(F)C(F)(F)C(F)(F)C(F)(F)C(F)(F)C(F)(F)F,2.270186063
CO[Si](CCCNC(=O)C(F)(F)C(F)(F)C(F)(F)C(F)(F)C(F)(F)C(F)(F)F)(OC)OC,1.560194587
C[N+](C)(C)C.[O-]S(=O)(=O)C(F)(F)C(F)(F)C(F)(F)C(F)(F)F,0.829016461
OCC=C(F)C(F)(F)C(F)(F)C(F)(F)C(F)(F)C(F)(F)F,2.090574641
OCCCC(F)(F)C(F)(F)C(F)(F)C(F)(F)C(F)(F)C(F)(F)C(F)(C(F)(F)F)C(F)(F)F,2.218724242
OC(COCCC(F)(F)C(F)(F)C(F)(F)C(F)(F)C(F)(F)C(F)(F)F)COC(=O)C=C,1.83897378
CC(C)OC(=O)C[N+](C)(C)CCCNC(=O)C(F)(F)C(F)(F)C(F)(F)C(F)(F)C(F)(F)C(F)(F)C(F)(F)C(F)(F)F,1.744430996
C[N+](C)(CCCNC(=O)CSCCC(F)(F)C(F)(F)C(F)(F)C(F)(F)C(F)(F)C(F)(F)C(F)(F)C(F)(F)C(F)(F)C(F)(F)C(F)(F)C(F)(F)C(F)(F)C(F)(F)F)CC(O)=O,1.971071749
C[N+](C)(C)CCCNC(=O)CSCCC(F)(F)C(F)(F)C(F)(F)C(F)(F)C(F)(F)C(F)(F)F,1.770714134
CN(C)CCCNC(=O)C(F)(F)C(F)(F)C(F)(F)C(F)(F)C(F)(F)F,1.471726472
C[N+](C)(C)CCCNCS(=O)(=O)C(F)(F)C(F)(F)C(F)(F)C(F)(F)C(F)(F)C(F)(F)C(F)(F)C(F)(F)F,1.829980798
OC(=O)C(F)(F)C(F)(F)OC(F)(F)C(F)(F)C(F)(F)C(F)(F)F,1.539538838
CCN(CCNCCNCCNC1=NC(=O)NC(=O)N1)S(=O)(=O)C(F)(F)C(F)(F)C(F)(F)C(F)(F)C(F)(F)C(F)(F)C(F)(F)C(F)(F)F,1.022974512
FC(F)(F)C(F)(F)C(F)(F)C(F)(F)C(F)(F)C(F)(F)C(F)(F)C(F)(F)S(=O)(=O)OS(=O)(=O)C(F)(F)C(F)(F)C(F)(F)C(F)(F)C(F)(F)C(F)(F)C(F)(F)C(F)(F)F,2.229840675
OC(CSCCC(F)(F)C(F)(F)C(F)(F)C(F)(F)C(F)(F)C(F)(F)F)CSCCC(F)(F)C(F)(F)C(F)(F)C(F)(F)C(F)(F)C(F)(F)F,2.262050198
[Cl-].C[N+](C)(C)CCOCCCNS(=O)(=O)C(F)(F)C(F)(F)C(F)(F)C(F)(F)C(F)(F)C(F)(F)C(F)(F)C(F)(F)F,1.205729203
[Br-].C[N+](C)(C)CCCNS(=O)(=O)C(F)(F)C(F)(F)C(F)(F)C(F)(F)C(F)(F)C(F)(F)C(F)(F)F,1.046590739
[NH4+].OP([O-])(=O)OCC(F)(F)C(F)(F)C(F)(F)C(F)(F)C(F)(F)C(F)(F)C(F)(F)C(F)(F)C(F)(F)C(F)F,1.485610959
C[N+](C)(C)C.[O-]S(=O)(=O)C(F)(F)C(F)(F)C(F)(F)C(F)(F)C(F)(F)C(F)(F)C(F)(F)C(F)(F)F,1.477357727
C[N+](C)(CCCCC(F)(F)C(F)(F)C(F)(F)C(F)(F)C(F)(F)C(F)(F)C(F)(F)C(F)(F)C(F)(F)C(F)(F)F)CC([O-])=O,2.175558495
FC(F)(F)OC(F)(F)C(F)(OC(F)(F)C(=O)C(F)(F)F)C(F)(F)F,1.922946751
CC[Si](Cl)(CC)CCC(F)(F)C(F)(F)C(F)(F)C(F)(F)C(F)(F)C(F)(F)F,2.291718227
CCC[Si](Cl)(CCC)CCC(F)(F)C(F)(F)C(F)(F)C(F)(F)C(F)(F)F,2.314622937
C[N+](C)([O-])CCCNC(=O)C(F)(OC(F)(F)C(F)(OC(F)(F)C(F)(OC(F)(F)C(F)(F)C(F)(F)C(F)(F)F)C(F)(F)F)C(F)(F)F)C(F)(F)F,1.92450091
CC[Si](CC)(CCC(F)(F)C(F)(F)C(F)(F)C(F)(F)C(F)(F)C(F)(F)F)OC,2.058804403
C[N+](C)([O-])CCCNC(=O)C1(F)C(F)(F)C(F)(F)C(F)(OC(F)(F)F)C(F)(F)C1(F)F,1.612625074
CO[Si](CCC(F)(F)F)(CCC(F)(F)F)CCC(F)(F)C(F)(F)C(F)(F)C(F)(F)F,2.143510215
CCO[Si](C)(C)CCC(F)(F)C(F)(F)C(F)(F)C(F)(F)C(F)(F)F,2.056556012
CN(C)CCCN(C)S(=O)(=O)CCC(F)(F)C(F)(F)C(F)(F)C(F)(F)C(F)(F)C(F)(F)F,1.72252066
[NH4+].[O-]S(=O)(=O)C1=CC=C(OC(F)(F)C(F)(F)C(F)(F)C(F)(F)C(F)(F)C(F)(F)C(F)(F)C(F)(F)C(F)(F)F)C=C1,1.650576101
OC(=O)CC(F)(F)C(F)(F)C(F)(F)C(F)(F)F,1.493207684
C[N+](C)(CCCNS(=O)(=O)C(F)(F)C(F)(F)C(F)(F)C(F)(F)C(F)(F)C(F)(F)C(F)(F)C(F)(F)F)CCC([O-])=O,1.504895683
OCC(O)CN(CC(O)CO)S(=O)(=O)C(F)(F)C(F)(F)C(F)(F)C(F)(F)C(F)(F)C(F)(F)C(F)(F)C(F)(F)F,1.771793661
FC(F)(F)C(F)(F)C(F)(F)C(F)(F)C(F)(F)C(F)(F)CCCCC(F)(F)C(F)(F)C(F)(F)C(F)(F)C(F)(F)C(F)(F)F,2.482163646
FC(F)C(F)(F)C(F)(F)C(F)(F)C(=NOS(=O)(=O)C(F)(F)C(F)(F)C(F)(F)C(F)(F)F)C1=CC2=C(C=C1)C1=CC=CC=C1C2,2.460658648
FC1=C(F)C(C#N)=C(C(F)=C1F)C1=C(C#N)C(F)=C(F)C(F)=C1F,2.590233522
[Cl-].C[N+](C)(C)CCCNC(=O)C(F)(F)C(F)(F)C(F)(F)F,0.805906547
CCCCCCNS(=O)(=O)C(F)(F)C(F)(F)C(F)(F)C(F)(F)C(F)(F)C(F)(F)C(F)(F)C(F)(F)F,1.905616903
OC(=O)C(F)(F)C(F)OC(F)(F)C(F)(F)OC(F)(F)OC(F)(F)OC(F)(F)F,1.34084965
[O-][N+](=O)C1=C(C(F)=C(F)C(F)=C1F)C1=C(C(F)=C(F)C(F)=C1F)[N+]([O-])=O,2.846965904
OC(=O)COC(F)(F)C(F)(F)OC(F)(F)C(F)(F)C(F)(F)F,1.489786944
C[N+](C)([O-])CCCN(CCN(CCC[N+](C)(C)[O-])S(=O)(=O)C(F)(F)C(F)(F)C(F)(F)C(F)(F)F)S(=O)(=O)C(F)(F)C(F)(F)C(F)(F)C(F)(F)F,1.623990988
[O-][N+]([O-])=O.CCCC[NH+](CCCC)CCC(F)(F)C(F)(F)C(F)(F)C(F)(F)C(F)(F)C(F)(F)C(F)(F)C(F)(F)C(F)(F)C(F)(F)C(F)(F)C(F)(F)C(F)(F)F,1.985241999
C[N+](C)(CCO)CCC[N-]S(=O)(=O)C(F)(F)C(F)(F)C(F)(F)C(F)(F)C(F)(F)C(F)(F)C(F)(F)C(F)(F)F,1.687841107
[O-]S(=O)(=O)CCC(F)(F)C(F)(F)F,0.670664929
OCC(SCCC(O)=O)C(CO)C(F)(F)C(F)(F)F,0.903514873
OC(CC(F)(F)C(F)(F)C(F)(F)C(F)(F)C(F)(F)C(F)(F)C(F)(F)C(F)(F)C(F)(F)C(F)(F)C(F)(F)C(F)(F)C(F)(F)F)S(O)(=O)=O,2.249315731
OS(=O)(=O)CC(=O)CC(F)(F)C(F)(F)C(F)(F)C(F)(F)C(F)(F)C(F)(F)F,1.670447221
OS(=O)(=O)CC(=O)CC(F)(F)C(F)(F)C(F)(F)C(F)(F)C(F)(F)C(F)(F)C(F)(F)C(F)(F)C(F)(F)C(F)(F)C(F)(F)F,2.042761452
CN(C)CCC(NS(=O)(=O)C(F)(F)C(F)(F)C(F)(F)F)C(O)=O,0.614023518
CN(C)CCC(NS(=O)(=O)C(F)(F)C(F)(F)C(F)(F)C(F)(F)C(F)(F)C(F)(F)C(F)(F)C(F)(F)C(F)(F)C(F)(F)C(F)(F)C(F)(F)F)C(O)=O,1.796826923
CNCCCNS(=O)(=O)CCC(F)(F)C(F)(F)C(F)(F)C(F)(F)C(F)(F)C(F)(F)C(F)(F)C(F)(F)C(F)(F)C(F)(F)C(F)(F)C(F)(F)F,1.939134479
NCCCNS(=O)(=O)CCC(F)(F)C(F)(F)C(F)(F)C(F)(F)F,1.119141214
NCCCNS(=O)(=O)CCC(F)(F)C(F)(F)C(F)(F)C(F)(F)C(F)(F)C(F)(F)C(F)(F)C(F)(F)C(F)(F)C(F)(F)C(F)(F)C(F)(F)F,1.97375699
OS(=O)CCC(F)(F)C(F)(F)C(F)(F)C(F)(F)F,1.552619664
CNS(=O)(=O)C(F)(F)C(F)(F)C(F)(F)C(F)(F)C(F)(F)C(F)(F)C(F)(F)C(F)(F)C(F)(F)F,1.892898681
OS(=O)(=O)C(F)(F)C(F)(F)C(F)(F)C(F)(F)C(F)(F)C(F)(F)C(F)(F)C(F)(F)C(F)(F)C(F)(F)C(F)(F)C(F)(F)C(F)(F)C(F)(F)OC(F)(F)F,2.201905281
OS(=O)C(F)(F)C(F)(F)C(F)(F)C(F)(F)C(F)(F)C(F)(F)C(F)(F)C(F)(F)C(F)(F)C(F)(F)C(F)(F)F,2.109981718
OS(=O)(=O)OC(F)(F)C(F)(F)C(F)(F)C(F)(F)C(F)(F)C(F)(F)C(F)(F)C(F)(F)C(F)(F)C(F)(F)C(F)(F)C(F)(F)F,2.160741507
OS(=O)(=O)OC(F)(F)C(F)(F)C(F)(F)C(F)(F)C(F)(F)C(F)(F)C(F)(F)C(F)(F)C(F)(F)C(F)(F)F,2.054350409
C[N+](C)(CCCN(CCC(O)=O)S(=O)(=O)C(F)(F)C(F)(F)C(F)(F)C(F)(F)C(F)(F)C(F)(F)C(F)(F)C(F)(F)F)CCC([O-])=O,1.415914791
CCN(CCC[N+](C)(C)CCC([O-])=O)S(=O)(=O)C(F)(F)C(F)(F)C(F)(F)C(F)(F)C(F)(F)C(F)(F)F,1.310553208
CCN(CCC[N+](C)(C)CCC(O)=O)S(=O)(=O)C(F)(F)C(F)(F)C(F)(F)C(F)(F)C(F)(F)C(F)(F)F,1.245846995
OS(=O)(=O)C1(F)C(F)(F)C(F)(F)C(F)(F)C(F)(C(F)(F)F)C1(F)F,1.789732794
OS(=O)(=O)C1(F)C(F)(F)C(F)(F)C(F)(F)C(F)(C(F)(F)C(F)(F)C(F)(F)C(F)(F)C(F)(F)F)C1(F)F,2.081972029
C[N+](CCO)(CCCNS(=O)(=O)C(F)(F)C(F)(F)C(F)(F)C(F)(F)C(F)(F)C(F)(F)C(F)(F)C(F)(F)C(F)(F)C(F)(F)C(F)(F)F)CCCS(O)(=O)=O,1.735827603
OC(=O)C(F)(F)C(F)(Cl)C(F)(F)C(F)(F)C(F)(F)C(F)(F)C(F)(F)C(F)(F)C(F)(F)C(F)(F)C(F)(F)C(F)(F)C(F)(F)F,2.122852206
C[N+](C)(CCCNS(=O)(=O)C(F)(F)C(F)(F)C(F)(F)C(F)(F)C(F)(F)C(F)(F)C(F)(F)C(F)(F)C(F)(F)F)CC([O-])=O,1.705765537
C[N+](C)(CCCN(CC(O)=O)S(=O)(=O)C(F)(F)C(F)(F)F)CC([O-])=O,0.801119387
C[N+](C)(CCCN(CC(O)=O)S(=O)(=O)C(F)(F)C(F)(F)C(F)(F)C(F)(F)F)CCCS([O-])(=O)=O,0.802760088
CN(CCC[N+](C)(C)CCCS([O-])(=O)=O)S(=O)(=O)C(F)(F)C(F)(F)C(F)(F)C(F)(F)F,0.787636182
CN(CCC[N+](C)(C)CCCS([O-])(=O)=O)S(=O)(=O)C(F)(F)C(F)(F)C(F)(F)C(F)(F)C(F)(F)C(F)(F)C(F)(F)C(F)(F)C(F)(F)C(F)(F)C(F)(F)F,1.672877642
C[N+](C)(C)CCCN(CCC([O-])=O)S(=O)(=O)C(F)(F)C(F)(F)C(F)(F)C(F)(F)C(F)(F)F,1.31258898
CN(CCC[N+](C)(C)C)S(=O)(=O)C(F)(F)C(F)(F)C(F)(F)C(F)(F)C(F)(F)C(F)(F)C(F)(F)C(F)(F)C(F)(F)F,1.871152388
OS(=O)(=O)C(F)(F)C(F)(F)C(\F)=C(/F)C(F)(F)F,1.33487208
OS(=O)(=O)OC(F)C(F)C(F)C(F)C(F)C(F)C(F)C(F)(F)C(F)(F)F,1.5088709
OC(=O)C(F)C(F)(F)C(F)(F)C(F)(F)C(F)(F)C(F)(F)F,1.584677386
C[N+](C)(C)CCNCC(F)(F)C(F)(F)C(F)(F)C(F)(F)C(F)(F)C(F)(F)C(F)(F)C(F)(F)F,2.051672598
OS(=O)(=O)C(F)(F)C(Cl)(Cl)C(F)(F)C(F)(F)F,1.220361245
CCCC[N+](C)(C)CC(F)(F)C(F)(F)C(F)(F)C(F)(F)C(F)(F)C(F)F,2.061714457
OS(=O)(=O)C(F)(F)C(F)(F)C(F)(F)C(F)(F)C(F)(F)C(F)(F)C(\F)=C(/F)C(F)(F)C(F)(F)C(F)(F)C(F)(F)F,2.170851017
OS(=O)(=O)C(F)(F)C(Cl)(Cl)C(F)(F)C(F)(F)C(F)(F)C(F)(F)C(F)(F)C(F)(F)C(F)(F)F,1.90757179
OS(=O)(=O)C(F)(F)C(Cl)(Cl)C(F)(F)C(F)(F)C(F)(F)C(F)(F)C(F)(F)C(F)(F)C(F)(F)C(F)(F)C(F)(F)C(F)(F)C(F)(F)F,2.142976335
CN(C)CCC(CO)N(CCCS(O)(=O)=O)S(=O)(=O)C(F)(F)C(F)(F)C(F)(F)C(F)(F)C(F)(F)C(F)(F)C(F)(F)C(F)(F)C(F)(F)C(F)(F)F,1.73597108
CC[N+](C)(C)CC(F)(F)C(F)(F)C(F)(F)C(F)F,1.735259732
CC[N+](C)(C)CC(F)(F)C(F)(F)C(F)(F)C(F)(F)C(F)(F)C(F)(F)C(F)(F)C(F)(F)C(F)(F)C(F)F,2.255262438
CC[N+](C)(C)CC(F)(F)C(F)(F)C(F)(F)C(F)(F)C(F)(F)C(F)(F)C(F)(F)C(F)(F)C(F)(F)C(F)(F)C(F)F,2.303575138
CCC[N+](C)(C)CC(F)(F)C(F)(F)C(F)(F)C(F)(F)C(F)(F)C(F)(F)C(F)(F)C(F)(F)C(F)(F)C(F)(F)C(F)(F)C(F)(F)C(F)(F)C(F)F,2.39549906
C[N+](C)(C)CC(F)(F)C(F)(F)C(F)(F)C(F)(F)C(F)(F)C(F)(F)C(F)F,2.117436823
C[N+](C)(CC(F)C(F)(F)C(F)(F)F)CC(O)=O,1.369014076
C[N+](C)(CCCNS(=O)(=O)C(F)(F)C(F)(F)C(F)(F)C(F)(F)C(F)(F)C(F)(F)C(F)(F)C(F)(F)F)CCC(O)CO,1.547068218
C[N+](C)(CCC(CO)NS(=O)(=O)C(F)(F)C(F)(F)C(F)(F)C(F)(F)C(F)(F)C(F)(F)C(F)(F)F)CC(O)CO,1.527529112
CCN(CCC[N+](C)(C)CC)S(=O)(=O)C(F)(F)C(F)(F)C(F)(F)C(F)(F)C(F)(F)F,1.394551201
CCNS(=O)(=O)C(F)(F)C(F)(F)C(F)(F)C(F)(F)C(F)(F)C(F)(F)C(F)(F)C(F)(F)C(F)(F)C(F)(F)F,1.927995839
CCNS(=O)(=O)C(F)(F)C(F)(F)C(F)(F)C(F)(F)C(F)(F)C(F)(F)C(F)(F)C(F)(F)C(F)(F)C(F)(F)C(F)(F)C(F)(F)F,2.040971379
C[N+](C)(CC(F)C(F)(F)C(F)(F)C(F)(F)C(F)(F)C(F)(F)C(F)(F)C(F)(F)F)CC(O)=O,1.973562454
OS(=O)(=O)CC(F)(F)C(F)(F)C(F)(F)C(F)(F)C(F)(F)C(F)(F)C(F)(F)C(F)(F)C(F)(F)C(F)(F)C(F)(F)F,2.163254905
OS(=O)(=O)CC(F)(F)C(F)(F)C(F)(F)C(F)(F)C(F)(F)C(F)(F)C(F)(F)C(F)(F)C(F)(F)F,2.052599691
[O-]C(=O)C(F)(F)C(F)(F)C(F)(F)S(F)(F)(F)(F)F,1.573655359
OC(=O)C(F)(F)C(F)(F)C(F)(F)C(F)(F)C(F)(F)C(F)(F)C(F)(F)C(F)(F)C(F)(F)C(F)(F)C(F)(F)C(F)(F)S(F)(F)(F)(F)F,2.069038864
NS(=O)(=O)C(F)(F)C(F)(F)C(F)(F)C(F)(F)C(F)(F)C(F)(F)C(F)(F)C(F)(F)C(F)(F)C(F)(F)C(F)(F)F,2.097151905
OC(=O)CNS(=O)(=O)C(F)(F)C(F)(F)C(F)(F)C(F)(F)C(F)(F)C(F)(F)C(F)(F)C(F)(F)C(F)(F)C(F)(F)C(F)(F)C(F)(F)C(F)(F)F,2.030308881
OC(=O)CCS(=O)CCC(F)(F)C(F)(F)C(F)(F)C(F)(F)F,1.333448792
C[N+](C)(C)CCCNC(=O)CS(=O)(=O)CCC(F)(F)C(F)(F)C(F)(F)C(F)(F)C(F)(F)C(F)(F)C(F)(F)C(F)(F)C(F)(F)C(F)(F)C(F)(F)C(F)(F)C(F)(F)C(F)(F)F,2.073347332
C[N+](C)(C)CC(O)CS(=O)(=O)CCC(F)(F)C(F)(F)C(F)(F)C(F)(F)F,1.425459705
FC(F)(F)C(F)(F)C(F)(F)C(F)(F)C(F)(F)C(F)(F)CCSC(=O)NCCCCCC=O,1.88058212
OC(=O)CCCCNC(=O)CCNC(=O)SCCC(F)(F)C(F)(F)C(F)(F)C(F)(F)C(F)(F)C(F)(F)C(F)(F)C(F)(F)C(F)(F)C(F)(F)F,1.562025536
CN(C)CCCNC(=O)CSCCC(F)(F)C(F)(F)F,1.249080402
OC(CC(O)=O)SCCC(F)(F)C(F)(F)C(F)(F)C(F)(F)C(F)(F)C(F)(F)C(F)(F)C(F)(F)F,1.897820885
OC(=O)CSCCC(F)(F)C(F)(F)C(F)(F)C(F)(F)C(F)(F)C(F)(F)C(F)(F)C(F)(F)C(F)(F)C(F)(F)C(F)(F)C(F)(F)C(F)(F)C(F)(F)F,2.308354904
C[N+](C)(CCC(F)C(F)(F)C(F)(F)C(F)(F)C(F)(F)C(F)(F)C(F)(F)F)CC([O-])=O,1.951970186
OC(=O)C=C(F)C(F)(F)C(F)(F)C(F)(F)C(F)(F)C(F)(F)C(F)(F)C(F)(F)C(F)(F)F,2.021732474
OS(=O)(=O)CC=C(F)C(F)(F)C(F)(F)F,1.132939006
OS(=O)(=O)CC=C(F)C(F)(F)C(F)(F)C(F)(F)C(F)(F)C(F)(F)C(F)(F)C(F)(F)C(F)(F)F,2.139706319
C[N+](C)(CCCC(F)(F)C(F)(F)C(F)(F)C(F)(F)F)CC([O-])=O,1.70550674
C[N+](C)(CCCC(F)(F)C(F)(F)C(F)(F)C(F)(F)C(F)(F)C(F)(F)C(F)(F)C(F)(F)C(F)(F)C(F)(F)C(F)(F)C(F)(F)C(F)(F)C(F)(F)F)CC([O-])=O,2.309374671
OS(=O)(=O)CCCC(F)(F)C(F)(F)C(F)(F)C(F)(F)C(F)(F)C(F)(F)C(F)(F)C(F)(F)C(F)(F)C(F)(F)C(F)(F)C(F)(F)C(F)(F)F,2.26983117
OC(C(O)=O)C(=O)SC(=O)CCC(F)(F)C(F)(F)C(F)(F)C(F)(F)C(F)(F)C(F)(F)C(F)(F)C(F)(F)C(F)(F)C(F)(F)C(F)(F)F,1.89469151
OC(CSC(=O)CCC(F)(F)C(F)(F)C(F)(F)C(F)(F)C(F)(F)C(F)(F)C(F)(F)C(F)(F)F)C(O)=O,1.862292151
C[N+](C)(CC=O)CC(CC(F)(F)C(F)(F)C(F)(F)C(F)(F)C(F)(F)C(F)(F)C(F)(F)C(F)(F)C(F)(F)C(F)(F)C(F)(F)C(F)(F)C(F)(F)C(F)(F)F)OC=O,2.205804111
CNCC(O)CC(F)(F)C(F)(F)C(F)(F)C(F)(F)F,1.62126252
C[N+](C)(CCC(O)=O)CC(O)CC(F)(F)C(F)(F)C(F)(F)C(F)(F)C(F)(F)C(F)(F)C(F)(F)C(F)(F)C(F)(F)C(F)(F)C(F)(F)C(F)(F)F,2.023832888
CN(C)CC(O)C=C(F)C(F)(F)F,1.362630366
C[N+](C)(CC(O)C=C(F)C(F)(F)C(F)(F)C(F)(F)C(F)(F)C(F)(F)C(F)(F)C(F)(F)F)CC([O-])=O,1.967049794
C[N+](C)(CCCCC(F)(F)C(F)(F)C(F)(F)C(F)(F)C(F)(F)C(F)(F)C(F)(F)C(F)(F)C(F)(F)C(F)(F)C(F)(F)C(F)(F)C(F)(F)C(F)(F)F)CC([O-])=O,2.316375936
OS(=O)(=O)C(F)(Cl)C(F)(F)C(F)(F)C(F)(F)C(F)(F)C(F)(F)C(F)(F)C(F)(F)C(F)(F)C(F)(F)C(F)(F)C(F)(F)C(F)(F)F,2.168092151
FC(F)OC(F)(F)C(F)(Cl)Br,1.52073474
CCN(CCOC(C)=O)C1=CC=C(C=C1)N=NC1=C(C=C(C=C1)S(=O)(=O)OCC(F)(F)C(F)F)S(=O)(=O)OCC(F)(F)C(F)F,1.258686282
CN(CC(F)(F)C(F)(F)C(F)(F)C(F)(F)C(F)(F)C(F)(F)F)C1=CC=C(C=C1)N=NC1=CC=C(C=C1)N(=O)=O,1.991008471
FC(F)C(F)(F)C(F)(Br)Br,1.967809538
[NH4+].[O-]C(=O)C(F)(OC(F)(F)C(F)(F)C(F)(F)F)C(F)(F)F,1.435184981
CC1=C(NC(=O)NC(=O)C2=C(F)C=CC=C2F)C=CC(SC(F)(F)C(F)F)=C1,1.643944324
NC1=CC(Cl)=C(SC(F)(F)C(F)F)C=C1Cl,2.154463419
FC(F)C(F)(F)S(=O)(=O)C1=CC(Cl)=C(NC(=O)NC(=O)C2=C(F)C=CC=C2F)C=C1,1.497350418
FC(F)C(F)(F)S(=O)(=O)C1=C(Cl)C(Cl)=C(NC(=O)NC(=O)C2=C(F)C=CC=C2F)C=C1,1.711551276
OC(CC1=CC2=CC=CC=C2N1)(C(F)(F)F)C(F)(F)F,1.756328551
OC(CC(=O)CC(=O)CC(O)(C(F)(F)F)C(F)(F)F)(C(F)(F)F)C(F)(F)F,1.059994094
OC(CC(CC(O)(C(F)(F)F)C(F)(F)F)=NN=C(CC(O)(C(F)(F)F)C(F)(F)F)CC(O)(C(F)(F)F)C(F)(F)F)(C(F)(F)F)C(F)(F)F,1.85588232
CC(Cl)(Cl)CC(O)(C(F)(F)F)C(F)(F)F,1.534200243
CCO[Si](CCC(F)(F)C(F)(F)C(F)(F)C(F)(F)C(F)(F)C(F)(F)C(F)(F)C(F)(F)F)(OCC)OCC,2.0651811
CN1C(C)=CC=C1CC(O)(C(F)(F)F)C(F)(F)F,1.353588004
FC(F)(F)C#CC#CC(F)(F)F,2.407505068
C[Si](C)(C1=C(F)C(F)=C(F)C(F)=C1F)C1=C(F)C(F)=C(F)C(F)=C1F,3.279961109
CCN(C(=O)C1=CC(=CC(=C1)C(F)(F)F)C(F)(F)F)C1=NC(=C(Cl)S1)C(F)(F)F,2.432045959
C1CN2CCO[Si+](O1)OCC2.[H][C-](I)CC(F)(F)C(F)(F)C(F)(F)C(F)(F)F,1.220722813
OCC(C(F)(F)F)(C(F)(F)F)C(F)(F)F,1.569979096
FC1=C(F)C(F)=C(N=O)C(F)=C1F,2.304760774
FS(F)=NC(F)(F)F,0.89526109
[NH4+].[O-]C(=O)C(F)(F)C(F)(F)C(F)(F)C(F)(F)C(F)(F)C(F)(F)C(F)(F)Cl,1.669380473
FC(F)(F)C1(CC(=O)O1)C(F)(F)F,1.827795886
CC(=O)OC1=C(F)C(F)=C(F)C(F)=C1F,2.466355642
C[Si](C)(C)NC1=C(F)C(F)=C(F)C(F)=C1F,2.667366545
FC1=CC(F)=C(Cl)C=C1F,3.221666153
CC1=CC=C(C=C1)C(F)(C(F)(F)F)C(F)(F)F,2.179988037
FC(F)(F)C(F)(F)C(F)(F)C(F)(F)C(F)(F)C(F)(F)C(F)(F)C(=O)NC1=CC=C(NC(=O)C(F)(F)C(F)(F)C(F)(F)C(F)(F)C(F)(F)C(F)(F)C(F)(F)F)C=C1,1.822071092
FC(F)N(F)F,0.86972667
OC(=O)C1=C(C=CC=C1C(F)(F)F)C(F)(F)F,1.636820748
FC(F)(C(=O)C1=CC=CC=C1)C(F)(F)C(F)(F)C(=O)C1=CC=CC=C1,2.04406378
FC(F)(F)C1=C(SC(S1)=C1SC(=C(S1)C(F)(F)F)C(F)(F)F)C(F)(F)F,2.299912395
FC1=CC(F)=C(F)N=C1F,1.951448114
FC(F)=C.FC=C(F)F,1.695145531
FC(F)(F)C(F)(F)C(F)(F)C1NCCN1,0.990390155
FC(F)(F)C(F)(F)C(F)(F)C(=O)N1C=CN=C1,1.401303239
CC(F)=C(F)F,2.079135341
FC(Cl)(Cl)C(F)(F)OCCl,1.413398139
FC(F)(F)C(F)(F)C(F)(F)C(F)(F)C(F)(F)C(F)(F)C(F)(F)C(Cl)=O,2.133836293
FC1=C(F)C(F)=C(C(F)=C1F)C1=C(F)C(F)=C(F)C(Br)=C1Br,3.62551633
OC(CC(=O)C1=CC(Cl)=CC=C1)(C(F)(F)F)C(F)(F)F,1.899017944
FC1=CC=C(OC(F)(F)F)C=C1,2.844518922
FC(F)(F)C(=CC(=O)C1=CC=C(Cl)C=C1)C(F)(F)F,2.592797873
FC(F)(F)C(F)(F)C(F)(F)C(F)(C(F)(F)F)C(F)(F)F,2.325319224
FC(F)(F)C(F)(F)C(F)(F)C(F)(F)C(F)(F)C(F)(F)C(F)(F)C(F)(F)C(F)(F)C(F)(F)C(F)(F)C(F)(F)C(F)(F)C(F)(F)C(F)(F)C(F)(F)F,2.647863013
FC(F)(F)C(F)(F)N(C(F)(F)C(F)(F)F)C(F)(F)C(F)(F)F,1.73312497
FC1=C(F)C(F)=C(N=C=S)C(F)=C1F,2.746731629
FC1=C(F)C(F)=C(Cl)C=C1,3.162708562
FC(F)(F)C(F)(F)C(F)(F)C(F)(F)S(=O)(=O)OS(=O)(=O)C(F)(F)C(F)(F)C(F)(F)C(F)(F)F,1.723125583
FCCCCF,1.546550413
FC(F)(F)C(F)(F)C(F)(F)C(F)(F)C1(F)C(F)(F)C(F)(F)C(F)(F)C(F)(F)C1(F)F,2.593131725
[NH4+].[O-]C(=O)C(F)(F)C(F)(F)C(F)(F)C(F)(F)C(F)(F)C(F)(F)C(F)(F)C(F)(F)C(F)(F)C(F)(F)C(F)(F)F,1.904917068
FC(F)(F)C(C(F)(F)F)C(F)(F)F,2.179201042
[H][C@]12[C@@H]3CC[C@H](O)[C@@]3(C)CC[C@@H]1C1=C(C[C@@H]2CCCCCCCCCS(=O)CCCC(F)(F)C(F)(F)F)C=C(O)C=C1,1.970116534
CC(F)(F)CCl,1.509313375
FCC(F)(F)Cl,1.47118374
FC(F)(F)C(F)(F)CBr,1.70789694
COC(F)(F)C(F)F,1.491881781
NCC(F)F,0.109578005
CN(C)NC(=S)C(F)(F)C(F)(F)F,1.59050495
OCCCC(F)(F)F,0.877148821
CC(=C)C(=O)OCC(F)(F)C(F)(F)C(F)(F)C(F)(F)C(F)(F)C(F)(F)C(F)(F)C(F)(F)C(F)(F)C(F)(F)F,2.274794044
NC(=O)C(F)(F)C(F)(F)C(F)(F)C(N)=O,0.474528515
[NH4+].[O-]C(=O)C(F)(F)C(F)(F)C(F)(F)C(F)(F)C(F)(F)C(F)(F)C(F)(F)C(F)(F)C(F)(F)C(F)F,1.841826851
FC(F)(F)[C@H](Cl)Br,1.545760693
FC1(F)C(F)(F)C(F)(F)C(F)(C(F)(F)C1(F)F)C1(F)C(F)(F)C(F)(F)C(F)(F)C(F)(F)C1(F)F,2.691207622
FC(F)=C(F)C(F)(F)C(F)(F)C(F)(F)C(F)(F)C(F)(F)C(F)(F)F,2.535966975
CC(F)F.FC(F)(Cl)Cl,1.456297231
FC(F)(F)C1=CC=CC=C1C1=CC=CC=C1C(F)(F)F,3.231624263
FC1=C(F)C(F)=C(OC(=O)OC2=C(F)C(F)=C(F)C(F)=C2F)C(F)=C1F,3.204251416
FC#CC#CF,2.5371851
FC(F)(F)P(Cl)C(F)(F)F,1.47274683
CN(C)B(N=C(C(F)(F)F)C(F)(F)F)N(C)C,1.449773423
COC(=O)C(=C(F)F)C(F)(F)F,1.362277501
FC1=CC(F)=NC(F)=N1,1.064379803
Cl.NCCC1=CC(OC(F)(F)C(F)F)=CC(OC(F)(F)C(F)F)=C1,2.286239111
FC1=C(F)C(F)=C(C=O)C(F)=C1F,2.459820004
CC(Cl)(Cl)C(F)(F)F,1.673297577
FC(F)(F)C(F)(F)C(=O)N1C=CN=C1,1.181040862
[H][C@@]12CC[C@H](O)[C@@]1(C)CC[C@]1([H])C3=C(C[C@@H](CCCCCCCCCS(=O)CCCC(F)(F)C(F)(F)F)[C@@]21[H])C=C(O)C=C3,1.99489581
FC(F)(F)P1P(P(P(P1C(F)(F)F)C(F)(F)F)C(F)(F)F)C(F)(F)F,2.465917815
CCCCCCCCCCCCNS(=O)(=O)C(F)(F)C(F)(F)C(F)(F)C(F)(F)C(F)(F)C(F)(F)C(F)(F)C(F)(F)F,1.932191961
OP(O)(=O)OCCC(F)(F)C(F)(F)C(F)(F)C(F)(F)C(F)(F)C(F)(F)C(F)(C(F)(F)F)C(F)(F)F,2.022004268
[O-][N+](=O)C1=CC=C(C=C1)C(=O)OCC(F)(F)C(F)F,1.735780495
CO[Si](C)(CCC(F)(F)C(F)(F)C(F)(F)C(F)(F)C(F)(F)C(F)(F)F)OC,1.983837238
FC(F)(F)C1=NC2=C(C=C(Cl)C=C2N1)C(F)(F)F,2.550576668
FC1(F)C(F)(F)C1(F)F,2.354515542
CN(CCO)S(=O)(=O)C(F)(F)C(F)(F)C(F)(F)C(F)F,1.32475355
CCCCC(F)(F)C(F)(F)F,2.150234517
CC\C(C)=N\O[Si](CCC(F)(F)C(F)(F)C(F)(F)C(F)(F)C(F)(F)C(F)(F)F)(O\N=C(/C)CC)O\N=C(/C)CC,2.169527564
OP(O)(=O)OCCC(F)(F)C(F)(F)C(F)(F)C(F)(F)C(F)(F)C(F)(F)C(F)(F)C(F)(F)C(F)(F)C(F)(F)C(F)(F)C(F)(F)C(F)(F)C(F)(F)C(F)(F)C(F)(F)F,2.295707555
CN(C)C(=O)C(F)=C(F)F,0.961694742
FC1(F)C(F)(F)C(Cl)(CC(=O)C2=CC=CC=C2)C1(F)F,2.440292052
OC(=O)[C@@H]1[C@@H](C=C(C(F)(F)F)C(F)(F)F)C1(C(F)(F)F)C(F)(F)F,2.238136621
FC(F)(F)C(Cl)Br,1.370265537
FC(F)(F)[C@](F)(Br)C(F)(F)Br,2.058999995
OS(=O)(=O)C1(C(F)(F)F)C(F)(F)C(F)(F)C(F)(F)C(F)(F)C1(F)F,1.804088855
FC(F)=C(F)C(F)(F)C(F)(Cl)C(F)(F)C(F)(Cl)C(F)(F)Cl,2.406630892
FC1=CC(=C(F)C(F)=C1)C(F)(F)F,2.810087012
FC1=C(NC(=O)NC1=O)C(F)(F)C(F)(F)F,1.109600018
CCCCC(=O)C(F)(F)F,1.38035483
CC(C)C(=O)C(F)(F)F,1.311377276
CC(C)C(O)(C(F)(F)Cl)C(F)(F)Cl,1.383356882
FC(F)(F)C(F)(F)C(F)(F)C(=O)C1CCCCC1=O,1.401265764
OC(C1=CC(=CC=C1)C(F)(F)F)C(F)(F)F,1.749565802
NC(=N)C(F)(F)C(F)(F)C(F)(F)F,1.14287633
CNC(=O)NCC(F)(F)F,0.405699847
FC(F)(F)CNC(=O)NCC(F)(F)F,1.073611144
FC(F)(F)C(F)(F)C(F)(F)C(=O)CC(=O)C1=CSC2=CC=CC=C12,2.040862545
CC(O)C(F)(F)C(F)(F)C(F)(F)C(F)(F)C(F)(F)C(F)F,1.903334935
FC(F)C(F)(F)C(F)(F)C(F)(F)C(F)(F)C(F)(F)COC(=O)OCC(F)(F)C(F)(F)C(F)(F)C(F)(F)C(F)(F)C(F)F,2.247351697
NNC1=C(F)C(F)=C(C(F)=C1F)C1=C(F)C(F)=C(NN)C(F)=C1F,2.40648526
CC(=C)C1=C(F)C(F)=C(F)C(F)=C1F,2.70871894
FCCNC(=O)NCC(F)(F)F,0.870471099
OC(NC1=CC=CC=N1)(C(F)(F)F)C(F)(F)F,1.33451592
FC(F)(F)C1=C(P2C(=C(P1C(=C2C(F)(F)F)C(F)(F)F)C(F)(F)F)C(F)(F)F)C(F)(F)F,2.775576772
CS(=O)(=O)SC(F)(F)F,0.713839021
OC(CC(=O)C1=CC=C(C=C1)[N+]([O-])=O)(C(F)(F)F)C(F)(F)F,1.487405954
FC(F)(F)C(=C1CCC2=CC=CC=C2C1=O)C(F)(F)F,2.404384381
CC(C(=O)C1=CC=C(Cl)C=C1)C(O)(C(F)(F)F)C(F)(F)F,1.916539019
FC1=C(F)C(F)=C(C(F)=C1F)P(=O)(C1=C(F)C(F)=C(F)C(F)=C1F)C1=C(F)C(F)=C(F)C(F)=C1F,3.173901613
FC1=CC(F)=C(F)C(OC2=C(F)C(F)=C(C(F)=C2F)C2=C(F)C(F)=C(OC3=C(F)C(F)=CC(F)=C3F)C(F)=C2F)=C1F,3.937752482
FC1=C(F)C(F)=C(OC2=C(F)C(F)=C(C#N)C(F)=C2F)C(F)=C1F,3.123492365
NC(=O)C1=C(F)C(F)=C(OC2=C(F)C(F)=C(OC3=C(F)C(F)=C(C(N)=O)C(F)=C3F)C(F)=C2F)C(F)=C1F,2.544878068
FC1=C(F)C(=C(F)C(F)=C1P(C1=C(F)C(F)=C(C(F)=C1F)C(F)(F)F)C1=C(F)C(F)=C(C(F)=C1F)C(F)(F)F)C(F)(F)F,3.188314214
FC1=C(F)C(F)=C(OC2=NC(OC3=C(F)C(F)=C(F)C(F)=C3F)=NC(OC3=C(F)C(F)=C(F)C(F)=C3F)=N2)C(F)=C1F,3.396146021
NNC1=C(F)C2=C(C(F)=C(F)C(F)=C2F)C(F)=C1F,2.603791466
OC(CC=C)(C(F)(F)F)C(F)(F)F,1.304144697
CCOC(=O)C1OC1(C(F)(F)F)C(F)(F)F,2.213737941
OC(CCC(O)(C(F)(F)F)C(F)(F)F)(C(F)(F)F)C(F)(F)F,1.489565812
FC(F)(F)C1(OS2(=O)(OC(C3=CC=CC=C23)(C(F)(F)F)C(F)(F)F)C2=CC=CC=C12)C(F)(F)F,2.363226121
FC(F)(C1=NC2=CC=CC=C2N1)C(F)(F)C(F)(F)C1=NC2=CC=CC=C2N1,1.842225661
FC(F)(F)OS(=O)(=O)C(F)(F)F,0.753572177
FC(F)(F)C1(O[Si]2(OC(C3=CC=CC=C23)(C(F)(F)F)C(F)(F)F)C2=CC=CC=C12)C(F)(F)F,2.720344706
CC(C)(C)C1=CC2=C(C(=C1)C(O)(C(F)(F)F)C(F)(F)F)S(=O)(=O)OC2(C(F)(F)F)C(F)(F)F,2.276205375
FC(F)(F)SN1CN(CN(CN(C1)SC(F)(F)F)SC(F)(F)F)SC(F)(F)F,1.53991232
OC(CNCC=C)C(F)(F)C(F)(F)C(F)(F)C(F)(F)C(F)(F)C(F)(F)F,1.929058165
FC(F)C(F)(F)COP1(=O)OC2=CC=CC=C2O1,1.749898324
CCOC1=NC(N=C(O1)N1CCOCC1)(C(F)(F)F)C(F)(F)F,1.698972496
CC1=CC=CC=C1OS(=O)(=O)C(F)(F)C(F)(F)C(F)(F)C(F)(F)F,1.733488418
FC(F)(F)C(F)(F)C(F)(F)C(F)(F)S(=O)(=O)OC1=CC2=CC=CC=C2C=C1,2.042917456
OC(=O)C(F)(F)C(F)(Cl)C(F)(F)Cl,0.991958864
CCOC(=O)C(F)C(F)(F)F,1.078368645
FC1=C(C=C(C=C1)C(F)(F)F)C#N,1.930950429
CC=C(F)F,1.939795371
OC(=O)C=CC1=C(F)C(F)=C(F)C(F)=C1F,1.881657497
NNC1=CC(=CC(=C1)C(F)(F)F)C(F)(F)F,2.350905737
CCCCCCOC(=O)C(F)(F)C(F)(F)C(F)(F)C(F)(F)C(F)(F)C(F)(F)F,2.071138782
FC(F)(F)C(F)(F)C(F)(F)C(F)(F)C(F)(F)C(F)(F)CCOCC1CO1,2.091353313
OCCCC(F)(C(F)(F)F)C(F)(F)F,1.546666006
FN1N(F)C1(F)F,0.448930468
FC(F)C(F)(F)CCC(F)(F)C(F)F,2.040887229
FC(F)C(F)(F)CI,1.818543061
[H]C12CC([H])(C=C1)C(F)(OC(F)(F)C(F)(F)C(F)(F)F)C2(F)F,2.40783102
FC(F)(F)C(C(=S)C(F)(F)C(F)(F)F)C(F)(F)F,2.287813439
FC(C(F)(F)C(F)(F)F)C(F)(F)C(F)(F)C(F)(F)F,2.343039464
FN(F)C(F)(F)C(F)(F)N(Cl)Cl,1.037472372
FC(Cl)=NSC(F)(F)F,1.41578986
FC(F)(F)C(F)(F)C(F)(F)C(F)(C(=O)C(F)(C(F)(F)F)C(F)(F)F)C(F)(F)F,2.269268919
FC(F)(F)C1(F)C(F)(F)C2=C(C1(F)F)C(F)(F)C(F)(F)C(F)(F)C2(F)F,2.842739559
CCC(F)(F)C(F)(F)C1CC(F)(F)C1(F)F,2.576195417
FC(F)(Cl)C(F)(Cl)C(F)(Cl)C(F)(F)Cl,2.053423453
FC(F)(F)C(F)(F)C(F)(F)C(F)(F)C(F)(F)C(F)(F)C(F)(F)\C=N\CCC1=CC=CC=C1,2.235510207
OCC1=CC(=CC(F)=C1)C(F)(F)F,1.736937803
FC1=NC(Cl)=C(F)C(F)=C1F,2.137429304
FC1=C(F)C2=C(C(F)=C1F)C(=O)C(F)=C(F)C2=O,2.563034445
OC1=CC(=C(O)C=C1C(F)(F)F)C(F)(F)F,1.587032772
NC1=CC(F)=C(C(F)=C1)C(F)(F)F,2.039399818
FC(F)C(F)(F)C1=CC(=O)N(N1)C1=CC=CC=C1,1.870346111
FC1=C(Cl)C=C(C=N1)C(F)(F)F,2.118881151
CC(C)OC(=O)NC(NC1=CC=C(C=C1)S(N)(=O)=O)(C(F)(F)F)C(F)(F)F,0.872013698
FC(F)(F)C(F)(F)C(F)(F)S(=O)(=O)C1=CC=C(Cl)C=C1,1.817120006
NNC1=C(F)C(F)=NC(F)=C1F,1.455916229
COC1=CC=CC=C1NC(=O)CCCC(=O)OCC(F)(F)C(F)F,1.503199805
NC1=CC(F)=C(F)C(F)=C1,1.952378032
CCOC(=O)C1=CC(=CC(=C1)C(F)(F)F)C(F)(F)F,2.341781708
FC(F)C1=CC=C(C=C1)C(F)F,2.206399168
CC(=O)N1N=C(C=C1C(F)(F)C(F)(F)C(F)(F)C(F)(F)F)C(F)(F)C(F)(F)C(F)(F)C(F)(F)F,2.044525425
FC(F)(CC1CO1)C(F)(F)C(F)(F)C(F)(F)CC1CO1,1.78028012
[O-][N+](=O)C1=CC=C(OC2=CC=C(C=C2)C(C2=CC=C(OC3=CC=C(C=C3)[N+]([O-])=O)C=C2)(C(F)(F)F)C(F)(F)F)C=C1,3.128954159
FC(F)(F)C(F)(F)C(F)(F)C(F)(F)C(F)(F)C(F)(F)CCSCCCOC(=O)C=CC(=O)OCCCSCCC(F)(F)C(F)(F)C(F)(F)C(F)(F)C(F)(F)C(F)(F)F,2.109162973
FC(F)(F)C1=CC(=C(C=C1)C(Cl)=O)C(F)(F)F,2.354251654
OC(=O)CC1=C(C=C(C=C1)C(F)(F)F)C(F)(F)F,1.505999229
FC(F)(F)C1=NN(C(=C1)C(F)(F)F)C1=CC=CC=C1,2.459070927
FC(F)(F)C(F)(F)C(F)(F)C(CCBr)(C(F)(F)F)C(F)(F)F,2.209393383
FC(F)(F)C(F)(F)C(=O)CBr,1.200393143
FC(F)(F)C(F)(Br)C#N,1.523374041
FC(F)(F)CC(Cl)C(F)(F)F,1.856074723
FC(F)(F)C1=CC(=C(Cl)C(=C1)C(F)(F)F)C(F)(F)F,3.142166801
[O-][N+](=O)C1=C(F)C(F)=CC(=C1)C(F)(F)F,2.135116441
CCOC(=O)C(F)(F)C(F)(F)C(F)(F)C(F)(F)C(F)(F)C(F)(F)C(F)(F)C(F)F,2.115106089
CCOC(=O)C(F)(F)C(F)(F)C(F)(F)C(F)(F)C(F)(F)C(F)(F)C(F)(F)C(F)(F)C(F)(F)C(F)F,2.203452717
FC1=C(CBr)C=C(C=C1)C(F)(F)F,2.344827699
FC1=C(C=C(CBr)C=C1)C(F)(F)F,2.424172461
FC(F)(F)C(F)(F)C(F)(F)C(F)(F)C(F)(F)C(F)(F)C(F)(F)C(F)(F)CCSCC=C,2.336051971
NC1=C(F)C(F)=NC=C1F,1.218977081
NC(=S)CC1=CC(=CC(=C1)C(F)(F)F)C(F)(F)F,2.001983137
FC(F)(F)C1=CC(=C(C=C1)N=C=S)C(F)(F)F,2.733278505
NC1=CN=C(N)C(F)=C1C(F)(F)F,1.078608113
FC(F)(F)C(=O)C(=O)C(F)(F)F,1.352973702
COC(=O)C(O)C(F)(F)F,0.709589354
CC(=C)C(=O)OCCC(F)(F)C(F)(F)C(F)(F)C(F)(F)OC(=O)C(C)=C,1.844986618
FC(F)(F)CCS(Cl)(=O)=O,0.599911139
COC(=O)C(F)(F)OC(F)(F)C(F)(F)OC(F)(F)F,1.412404483
FC(F)(F)C(F)(F)C(F)(F)C(F)(F)C=O,1.891260314
OCCCCC(F)(F)F,1.013000262
FC(=O)C(F)(F)Br,0.892229465
FC(F)(F)C(=CBr)C(F)(F)F,1.908392188
OC1=C(F)C(Cl)=CC(=C1)C(F)(F)F,2.061846126
FC(F)(F)C(Cl)(CCl)C(F)(F)F,1.942768603
NC(=O)C1=CC(F)=C(C=C1F)C(F)(F)F,1.720872819
NC1=C(N)C=C(C(F)=C1)C(F)(F)F,2.026617018
FC1=CC=CC(CBr)=C1C(F)(F)F,2.37898313
CC(=O)CC(=O)C(F)(F)C(F)(F)C(F)(F)F,1.178326781
FC(C(=O)C(F)(F)F)C(=O)C(F)(F)F,0.949957016
FC(F)(F)C(F)(F)C(F)(F)C1CCCCC1I,2.289681673
FC(F)(F)C(I)=C,1.880404621
COC(=O)C(F)(F)C(F)(F)C(F)(F)C(F)(F)C(F)(F)C(F)(F)C(F)(F)C(F)(F)F,2.10052766
CN(C(=O)C(F)(F)C(F)(F)C(F)(F)F)[Si](C)(C)C,1.703050252
FC(F)(F)C(F)(F)C(F)(F)C(F)(F)C1CO1,2.036351737
CC(=C)C(=O)OCC(F)(F)C(F)(F)C(F)(F)C(F)(F)COC(=O)C(C)=C,1.755651044
FC(F)C(F)(F)C(F)(F)C(F)(F)C(Br)=O,1.666949292
FC(F)(Cl)C(F)(Cl)C(F)(F)C(Cl)(Cl)Cl,2.08499643
NC(=S)NC1=C(F)C(F)=C(F)C(F)=C1F,2.070632532
CC1=CC=C(C=C1)S(=O)(=O)OCC(F)(F)C(F)(F)F,1.281095326
FC1(F)C(F)(F)C(F)(F)C(F)(COC(=O)C=C)C(F)(F)C1(F)F,2.263876562
OC(=O)C(F)(F)C(F)(C(F)(F)F)C(F)(F)C(F)(F)C(F)(F)C(F)(C(F)(F)F)C(F)(F)F,1.940639581
CC(=C)C(=O)OCC(O)CC(F)(F)C(F)(F)C(F)(F)C(F)(F)C(F)(C(F)(F)F)C(F)(F)F,1.869557722
CC(=O)CC(F)(F)C(F)(F)C(F)(F)C(F)(F)C(F)(F)C(F)(F)F,1.973875391
NC(=N)C(F)(F)C(F)(F)C(F)(F)C(F)(F)C(F)(F)C(F)(F)C(F)(F)C(F)(F)C(N)=N,1.379444278
FC1(F)OC2=C(OC1(F)F)C=C(Br)C=C2,2.642784757
OC1=CC(OC(F)(F)C(F)F)=CC=C1,2.088304048
OC(=O)C=CC(F)(C(F)(F)F)C(F)(F)F,1.458714048
FC(F)(F)C(F)(F)C(F)(F)C(F)(F)C(Br)(Br)CBr,2.110769473
NC1=C(F)C(F)=CC(F)=C1,1.868708859
FC(F)C(F)OC(F)(F)F,1.450431325
FC(F)(F)C(F)(F)C(F)(F)COP(=O)(OCC(F)(F)C(F)(F)C(F)(F)F)OCC(F)(F)C(F)(F)C(F)(F)F,2.169555237
OCC(F)(F)OC(F)(F)C(F)(F)OC(F)(F)C(F)(F)OC(F)(F)F,1.587493034
FC(F)(F)COC(F)(Br)C(F)(Br)C(F)(F)F,1.833796788
FC(Cl)C(F)(F)OCC=C,1.548358294
OCC(F)(F)OC(F)(F)C(F)(F)OC(F)(F)F,1.304397304
FC(F)(Br)OC(F)(F)C(F)(F)OC(F)(F)Br,1.620399076
OCCCC(F)(F)C(F)(F)C(F)(F)C(F)(F)F,1.781522855
NC(=O)C(F)(OC(F)(F)C(F)(F)C(F)(F)F)C(F)(F)F,1.530091773
CCCCCCCCCCCCCCCCC(F)(F)C(F)(F)C(F)(F)C(F)(F)C(F)(F)C(F)(F)C(F)(F)C(F)(F)F,2.406887344
FC(F)(OCC=C)C(F)(F)S(F)(=O)=O,0.936838504
NC(=O)C(F)F,-0.181928547
CCOC(=O)CC(F)(F)F,1.113707221
FC(F)(F)C(F)(F)C(F)(F)C(F)(F)C(F)(F)C(F)(F)C(F)(F)CI,2.232864864
COC(=O)C(F)(F)C(F)(F)Cl,1.140972586
FC(=C)C(=O)OCC(F)(F)C(F)(F)F,1.735401351
FC(F)(F)C(=O)CC(=O)C(F)(F)C(F)(F)C(F)(F)C(F)(F)F,1.673207375
OC(=O)C(F)C(F)(F)F,0.248208591
NC1=C(F)C(=CC(F)=N1)C(F)(F)F,1.542417522
FC(F)(F)C(F)(F)C(F)(F)C(F)(F)C(F)(F)C(F)(F)C(F)(F)C(F)(F)C(F)(F)C(F)(F)CC[Si](Cl)(Cl)Cl,2.61452903
FC1=CC(F)=C(F)C(F)=C1CCl,2.754586918
FC1=NC(F)=C(F)C=C1,1.843869299
FC(F)C(F)(F)C(F)(F)C(F)(F)C(F)(F)C(F)(F)C(=O)NC1CC1,1.71878884
OC(=O)CSC(F)(F)C(F)(F)C(F)(F)F,1.438773914
FC(F)(F)C(=O)C(F)(F)C(F)(F)F,1.613699595
FC(F)C(F)(F)COC1=C(F)C(F)=C(F)C(F)=C1F,2.893434242
FC(F)(F)C(F)(F)C(F)(F)C(F)(F)C(F)(F)C(F)(F)C(F)(F)C(F)(F)C1=CC=C(Br)C=C1,2.462420562
FC(F)(F)S(=O)(=O)C(S(=O)(=O)C(F)(F)F)S(=O)(=O)C(F)(F)F,0.944807274
C[Si](C)(C)C#CC1=CC(=CC(=C1)C(F)(F)F)C(F)(F)F,2.768255681
OC(C(F)(F)F)C(F)(F)C(F)(F)F,1.377737922
CC1=C(F)C(F)=NC(F)=C1F,1.993542529
FC(F)(Br)C(F)(Cl)CC=C,1.96087585
CC1CCC2=C(C1)SC(NC(=O)C(F)(F)C(F)(F)C(F)(F)C(F)(F)C(F)(F)C(F)F)=C2C(N)=O,1.810720356
CCOC1=CC=CC=C1N1C(=S)NN=C1C1=CC(OC(F)(F)C(F)F)=CC=C1,2.670388284
C[N+](C)(CCCNS(=O)(=O)CCC(F)(F)C(F)(F)C(F)(F)C(F)(F)C(F)(F)C(F)(F)F)CC([O-])=O,1.397203345
FC1=C(F)C(F)=C(C#CC2=C(F)C(F)=C(F)C(F)=C2F)C(F)=C1F,3.049194383
FC1=CC(F)=C(C(F)=C1)C1=C(F)C=C(F)C=C1F,3.602019921
FC(F)C(F)(F)OC1=CC=C(N\C=C2/C=CC=CC2=O)C=C1,2.804425465
FC(F)(F)C(F)(F)C1=NC2=C(N1)N=C(Cl)C(Cl)=N2,1.48024617
FC(C(F)(F)F)C(F)(F)F,2.007733846
FC(F)(F)\C=C\C#N,1.664687318
CC(C(O)=O)C1=C(F)C(F)=C(F)C(F)=C1F,1.547409675
FC1=C(F)C(F)=C(F)C2=NNN=C12,1.819406389
OC(=O)C(F)(F)C(F)(Cl)C(F)(F)C(F)(Cl)C(F)(F)C(F)(Cl)C(F)(F)C(F)(Cl)C(F)(F)Cl,1.801556909
FC(F)(F)C1CCCCC1,2.225767609
CN(C)C(=O)NC1=CC(OC(F)(F)C(F)F)=CC=C1,1.871128834
CC1=C(N)C=CC(=C1)C(F)(C(F)(F)F)C(F)(F)F,1.825639661
OC(=O)CCCCCCCCCCC(F)(F)C(F)(F)F,1.538611767
FC1=CC(F)=C(F)C(NCCNC2=C(F)C(F)=CC(F)=C2F)=C1F,2.348335471
FC(F)(F)C1(Cl)N=N1,0.986201749
OCCCCC(I)CC(F)(F)C(F)(F)C(F)(F)C(F)(F)F,1.653958182
FC(=O)C1=CC(F)=C(F)C(F)=C1F,2.36332435
FC(F)(F)C(=CC(F)(F)C(F)(F)F)C(F)(F)F,2.45729241
C[C@@H](CN)CC(F)(F)F,0.97813513
FC(F)(F)COC(=O)CCC(F)(F)C(F)(F)C(F)(F)C(F)(F)C(F)(F)C(F)(F)C(F)(F)C(F)(F)F,2.186855479
NCCC(F)(F)C(F)(F)C(F)(F)C(F)(F)C(F)(F)C(F)(F)F,1.944978138
OC(=O)CNS(=O)(=O)C(F)(F)C(F)(F)C(F)(F)C(F)(F)C(F)(F)C(F)(F)C(F)(F)C(F)(F)F,1.731584653
FC(=O)C(F)(N(C(F)(F)F)C(F)(F)F)C(F)(F)F,1.332147985
CC(CCC(F)(F)C(F)C(F)(F)F)C(F)(F)C(F)C(F)(F)F,2.399439886
OC1(O)C(F)(F)C(O)(O)C(F)(F)C(O)(O)C1(F)F,0.349099587
OCCCC(I)CC(F)(F)C(F)(F)C(F)(F)C(F)(F)C(F)(F)C(F)(F)F,1.888692097
FC(F)C(F)(F)OC(F)(F)C(F)(F)S(F)(=O)=O,1.309625629
FC(F)(F)C(F)(F)C(F)(F)C(F)(F)C(F)(F)C(F)(F)C(F)(F)C(F)(F)C1=CC=CC=C1,2.44125812
C[Si](C)(C)C(F)(F)C(F)(F)C(F)(F)C(F)(F)C(F)(F)C(F)(F)F,2.588215537
OCCCCCC(F)(F)C(F)(F)C(F)(F)C(F)(F)C(F)(F)C(F)(F)F,2.04874819
FC(F)(F)C1=CC=CN1,1.496750439
FC1=C(F)C(=O)C(F)(Cl)C(F)=C1F,2.058626502
FC(F)(F)C1OC(F)(F)OC1(F)Cl,1.728787109
FC1=C(F)C(F)=C(C(F)=C1F)[Si](F)(F)F,2.747213437
FCOC(F)(F)F,1.131982318
FC1=CC(F)=C(F)C2=C1C(F)=C(F)C(F)=C2F,3.195697158
FC(F)(F)COP(=O)(COCCI)OCC(F)(F)F,1.196421475
FC(F)(F)S(Cl)=O,0.560992798
FC(F)(Cl)C(F)(F)C(F)(F)C(F)(F)C(F)(F)C(F)(F)Br,2.268691881
FC(Cl)OC(C(F)(F)F)C(F)(F)F,1.735969538
FC(F)(F)C(F)(F)C(F)(F)C(F)(F)C(F)(F)C(F)(F)C(F)(F)C(F)(F)CCC1=CC=C(COC(=O)ON2C(=O)CCC2=O)C=C1,1.67719026
FC(F)(F)C1=CC(=C(\P=P\C2=C(C=C(C=C2C(F)(F)F)C(F)(F)F)C(F)(F)F)C(=C1)C(F)(F)F)C(F)(F)F,3.226459903
FC(F)(F)C(F)(F)C(F)(F)C(F)(F)C(F)(F)C(F)(F)C(=O)C1CCCCC1=O,1.862850035
FC(F)(F)C(F)(F)C(F)(F)C(F)(F)C(F)(F)C(F)(F)C(F)(F)C(F)(F)CCCN1C(=O)C=CC1=O,2.041720614
FC(F)(F)C(F)(F)C(F)(F)C(F)(F)C(F)(F)C(F)(F)C(F)(F)C(F)(F)CCCI,2.28117034
CON(C)C(=O)C(F)C(F)(F)F,0.839531499
FC(F)(F)C(F)(F)C(F)(F)C(F)(F)C(F)(F)C(F)(F)C(F)(F)C(F)(F)CCCNC(=O)CI,1.863245856
FC1(F)C(Cl)=C(Cl)C(F)(Cl)C1(F)F,2.685481264
FC(F)(F)C1(OC(=O)C2(CCC(=O)O2)O1)C(F)(F)F,1.494529573
FC(=O)C(F)(F)C(F)(F)C(F)(F)OC(F)(C(F)=O)C(F)(F)F,1.718134571
CC(C)(N)C(F)(F)F,0.997136321
NS(=O)(=O)C(F)(F)C(F)(F)OC(F)(F)C(F)(F)Cl,1.085443425
[O-][N+](=O)C1=CC(=C(Cl)C(=C1)C(F)(F)F)C(F)(F)F,2.696124993
NC1=C(F)C=C(C=C1F)C(F)(F)F,1.955813944
FC(=O)C1(F)OC(F)(F)OC1(F)F,1.238063149
OCC(F)(F)C(F)(C(F)(F)F)C(F)(F)C(F)C(F)(F)F,1.879789454
FC(F)(F)C(F)(F)C(F)(F)C(F)(F)C(F)(F)C(F)(F)C(F)(F)C(F)(F)CCCN1C(=O)OC(=O)C2=CC=CC=C12,1.912075817
FC(F)(F)C(F)(F)C(F)(F)C(F)(F)C(F)(F)C(F)(F)S(=O)(=O)C=C,1.869116943
CN[C@@H](C)C1=CC(=CC(=C1)C(F)(F)F)C(F)(F)F,2.033991956
OCCC(F)=C(F)F,0.882813495
FC(F)(F)S(=O)(=O)OC=C,0.615773644
FC(C(F)(F)F)C(F)(F)OC(F)(F)F,1.883443657
FC1=C(F)C(F)=C(S1)C1=C(F)C(F)=C(S1)C1=C(F)C(F)=C(S1)C1=C(F)C(F)=C(S1)C1=C(F)C(F)=C(S1)C1=C(F)C(F)=C(F)S1,2.967358742
CC1=CC2=C(C=C1C)N=C(N2)C(F)(F)C(F)(F)F,1.843560331
FC(F)(F)C(F)(F)C(F)(F)C(F)(F)CCCI,2.049130143
CC1=CC(=CC=C1NC(=O)C1=CC=CC(I)=C1C(=O)NC(C)(C)CS(C)(=O)=O)C(F)(C(F)(F)F)C(F)(F)F,1.502098075
FC1(F)C2=CC=CC=C2C2=CC=CC=C2C1(F)F,3.166712424
FC(F)(F)OC(=O)C(F)(F)Cl,1.475224697
FC(F)=C(F)C1=CC=C(C=C1)C(F)(F)F,2.582339533
FC(F)(I)C1=NC(=NC(=N1)C(F)(F)I)C(F)(F)I,2.000333463
FC1=C(F)C(=O)C(F)=C(F)N1,1.751603624
FC(F)(F)C(=O)NS(=O)(=O)C(F)(F)F,0.415177839
FC(F)(F)C1=CC(=CC(=C1)C1=CC=CN1)C(F)(F)F,2.683457026
FC1=NC(F)=C(C=C1)C(F)(F)F,1.955968956
FC(F)(F)C1(CC(=NN=C(C1)C1=CC=CC=C1)C1=CC=CC=C1)C(F)(F)F,2.274406662
COC1=NC(=CC(=N1)C(F)(F)F)C(F)(F)F,1.732268624
FC1=C(F)C(F)=C(F)C2=CNC=C12,2.407106575
FC(F)(F)C(NC(=O)C1=CC=CC=C1)C(F)(F)F,1.726756469
FC(F)(Cl)C(F)(F)C1(F)OC1(F)F,2.00219828
FC(F)(F)C1(F)OC1(F)C(F)(F)F,2.234574347
FC1=C(C(F)(F)C1(F)F)C1(F)C(F)(F)C(F)(F)C1(F)F,2.870536165
FC(F)(F)C1(OC(=O)C=N1)C(F)(F)F,1.733842085
FC(F)(F)C(=NS(=O)(=O)C1=CC=CC=C1)C(F)(F)F,1.446319306
FN=C(F)F,1.193099091
FC(F)C(F)(F)C(=O)C1=CC=CC=C1,1.952899703
CCOC(=O)C(=C(F)F)C(F)(F)F,1.560448927
FC1=C(F)C(F)=C(N=C(Cl)Cl)C(F)=C1F,2.604032075
FC(=O)C1(F)C(F)=C(F)C(F)=C1F,1.633970497
FC1(F)C(F)(F)C(F)(F)C(F)(C#N)C(F)(F)C1(F)F,2.314978463
FC1=C(F)C(F)(F)C1=O,1.888475671
CCN(CC)C(F)(F)C(F)(F)F,0.978109527
FC(F)=C(C(=O)C(F)(F)C(F)(F)F)C(F)(F)F,1.90930555
FC(F)(F)C(=O)NBr,0.309112344
FC(F)C(F)(F)CNCC(F)(F)C(F)F,1.351636265
FC1=CC(F)(F)C(F)=C(F)C1(F)F,2.576084978
[O-][N+](=O)C1=C(F)C(F)(F)C(F)(F)C(F)(Br)C1(F)F,2.040495189
FCC(F)(F)C(F)(F)C(F)(F)C(F)(F)C(F)(F)C(F)F,2.342264531
CCOP(=O)(OCC)C(F)(F)C(F)(F)C(F)(F)C(F)(F)F,1.563963924
CC(=O)C(F)(C(F)(F)F)C(F)(F)F,1.439168225
FC(F)(F)C(F)(F)C1=NC2=CC=CC=C2N1,1.893805848
COP(=O)(OC)C(C)(C(F)(F)F)C(F)(F)F,1.169517001
CN(SC(F)(F)F)SC(F)(F)F,1.720000798
CC\C=N\CC(F)(F)F,1.318448042
FC(F)(F)C1=NNC(=O)S1,1.250597989
FC(F)(F)C(F)(F)C(=O)C(Cl)(C(F)(F)F)C(F)(F)F,1.98234989
CN(C)C(=O)C(=C(F)F)C(F)(F)F,1.280239444
FC(F)(F)N(C(F)(F)F)C(F)(F)C(F)(F)F,1.315964809
CC(C)(C)OOC(=O)C(F)(F)C(F)(F)C(F)(F)C(F)(F)C(F)(F)C(F)(F)F,2.196329542
CN1C(SC(F)(F)F)=CC=C1SC(F)(F)F,2.008320437
COC1=CC=C(C=C1)C(F)(F)C(F)(F)F,2.285629753
FC(F)C(F)(F)OC(F)(F)C(F)=O,1.450634755
FC(F)(F)C(ON=O)(C(F)(F)F)C(F)(F)F,1.917643891
CC(Br)C1=CC(=CC(=C1)C(F)(F)F)C(F)(F)F,2.574800775
OP(O)(=O)OCC1(F)C(F)(F)C(F)(F)C(F)(F)C(F)(F)C1(F)F,1.840724731
FC(F)(CCI)C(F)(F)OC(F)(F)C(F)(F)S(F)(=O)=O,1.365687636
FC(F)(F)C(F)(N=C=O)C(F)(F)F,1.406359652
FC(F)(F)OC(F)(F)C(F)(F)C(F)(F)F,1.930103446
CC(C)(C)C(=O)CC(=O)C(F)(F)C(F)(F)C(F)(F)C(F)F,1.765867635
CC1(C(F)=C(F)C(F)(F)C2=C1C(F)=C(F)C(F)=C2F)[N+]([O-])=O,2.48253717
CC1=C2C(=O)C(F)=C(F)C(F)(F)C2=C(F)C(F)=C1F,2.74483794
FC(F)(F)C1=NC2=CC=NN2C(=C1)C(F)(F)F,2.055901087
FC1=C(F)C(F)(F)C(Cl)=C(F)C1(F)F,2.534675716
CCN(CC)C1(OCCCO1)C(F)C(F)(F)F,1.050143381
FC(F)=NC(F)(F)C(F)(Cl)Cl,1.496836881
FC(F)(Cl)C(F)(Cl)CC=C,1.969499386
CC(C)COP(=O)(OCC(C)C)C(F)(F)C(F)(F)C(F)(F)F,2.077880606
OC(=O)C(F)(F)OC(F)(F)C(F)(F)C(F)(F)C(F)(F)I,1.4759491
CCCCCCCCCCOC(=O)C(F)C(F)(F)F,1.85020625
CCCCCCCCCCCCCCCCCCOC(=O)C(F)C(F)(F)F,1.921088559
COC(O)C(F)(F)C(F)(F)C(F)(F)C(F)F,1.398151752
FC1=C(F)C(F)=C(F)C1,2.163715864
OC1(NCCNC1=O)C(F)(F)C(F)F,0.674850884
OC(=O)C(F)(F)C(F)(F)OC1=C(F)C(F)=C(F)C(F)=C1F,2.271115648
FC(F)(F)Cl,1.510203436
FC1=C(F)C(F)=C(F)C2=C1C(F)(F)C(F)(Br)C2(Cl)Cl,3.283640075
COC(=O)CC(=O)C(F)(F)C(F)F,0.795390749
ONC(=O)C(F)(F)C(F)(F)C(F)(F)F,1.212568739
FC(F)(F)C(F)(F)C(F)(F)C(F)(F)C(F)(F)C(F)(F)C(F)(F)C(F)(F)C(F)(F)C(Cl)=O,2.236020238
OC(=O)C(F)(F)OC(F)(F)C(F)(F)S(O)(=O)=O,0.21387546
CCN(CC)CC(O)C(F)(F)C(F)(F)C(F)(F)C(F)(F)C(F)(F)C(F)(F)F,1.649536879
FC(F)C(F)(CC1=CC=CC=C1)C(F)(F)F,2.166924091
OC(O)(C(F)(F)F)C1(N=N1)C(F)(F)F,1.00639073
OC(NN(C(F)(F)F)C(F)(F)F)(C(F)(F)F)C(F)(F)F,1.092332561
FC(F)(F)N(Cl)Br,0.833941437
FC(F)(F)C(F)(F)C(F)(F)C(F)(F)C(F)(F)C(F)(F)S(=O)(=O)CC(SC1=CC=CC=C1)C1=CC=CO1,1.890399298
CC(=O)C(C(CS(=O)(=O)C(F)(F)C(F)(F)C(F)(F)C(F)(F)C(F)(F)C(F)(F)F)C1=CC=CO1)C(C)=O,1.35973212
FC(C(F)(F)C(F)S(F)(=O)=O)S(F)(=O)=O,0.463169087
FC(OCCCl)C(F)(F)Cl,1.254743132
FC1=C(F)C(F)=C(OC(=O)C(F)(F)S(F)(=O)=O)C(F)=C1F,2.042945996
FC(F)(F)C(=O)C(C(F)(F)F)(C(F)(F)F)C(F)(F)F,2.152755056
FC(F)(Cl)N1SN1C(F)(F)Cl,1.511677254
FC(F)(F)N1C(F)(F)N(C(F)(F)F)C(F)(F)C1(F)F,1.090653751
OC1=CC=C(SCC(F)(F)C(F)F)C=C1,1.609472996
FC(F)(F)C(F)(CC(I)C(F)(C(F)(F)F)C(F)(F)F)C(F)(F)F,2.271899876
FC(F)(F)NC(F)(F)C(F)(F)F,1.038941034
FC(F)(F)OC(Cl)C(F)(Cl)Cl,1.439836606
FC(=C(C1=CC=CC=C1)C1=CC=CC=C1)C(F)(F)F,2.906320045
FC(F)=C(C1=CC=C(F)C=C1)C(F)(F)F,2.769624214
FC(F)(F)C(Cl)(Cl)C=O,1.283447755
COC1=CC(OC(=O)C(F)(F)C(F)(F)C(F)(F)F)=C(OC)C=C1,2.303673071
FC(F)(F)C(F)(F)C(F)(F)C(F)(F)C(F)(F)P(=O)(C(F)(F)C(F)(F)C(F)(F)C(F)(F)C(F)(F)F)C(F)(F)C(F)(F)C(F)(F)C(F)(F)C(F)(F)F,2.478281673
FC(F)(F)N(C(F)(F)F)C(F)(F)C(F)(F)C(F)(F)F,1.589222374
FC(F)(F)OC(F)(F)C(F)(F)OC(F)(F)C(F)(F)OC(F)(F)F,1.854428265
COC(=O)C1=CC=C(O1)C(F)(F)C(F)(F)C(F)(F)F,1.882773612
FC(F)(F)C(F)(F)C(F)(F)C(F)(F)C(F)(F)C(F)(F)C(F)(F)C(=O)OOC(=O)C(F)(F)C(F)(F)C(F)(F)C(F)(F)C(F)(F)C(F)(F)C(F)(F)F,2.336398329
FC(=O)C(F)(OC(F)(F)C(F)(F)C(F)(F)F)C(F)(F)N=[N+]=[N-],1.620707769
Cl.NC(=N)C1=CC(=CC(=C1)C(F)(F)F)C(F)(F)F,1.751219854
FC(F)(F)C(F)(F)C(F)(F)C(F)(F)C(F)(F)C(F)(F)C(F)(F)C(Cl)(Cl)Cl,2.371021162
FC1=C(Cl)C=C(C(Cl)=C1)C(F)(F)F,3.265513695
OC(CF)C(F)(F)F,0.750149325
CCCC(N)C(F)(F)F,1.077238567
FC(F)(I)C(F)(F)C(F)(F)C(F)(F)C1=CC=CC=C1,2.256529256
CC1=C(N)ON=C1C(F)(F)C(F)(F)F,1.5284809
FC1=C(F)C(F)=C(N=C(Br)Br)C(F)=C1F,2.420286897
FC(F)(F)C(F)(F)C(=O)CC(=O)C1=CC2=CC=CC=C2C=C1,1.994589879
FC(F)(F)SSCl,1.318388935
FC(F)(F)C(=O)C#CBr,1.694839416
FC1=C(F)C(F)=C(I)C2(F)N=C12,1.85722149
OCC1=CC=C(OCCCC(F)(F)C(F)(F)C(F)(F)C(F)(F)F)C=C1,2.042387949
CCCCCCCCC[C@H](O)C(F)(F)C(F)(F)F,1.889840047
CCCC[N+](CCCC)(CCCC)CCCC.[O-]S(=O)(=O)C(F)(F)C(F)(F)C(F)(F)C(F)(F)C(F)(F)C(F)(F)C(F)(F)C(F)(F)F,1.418626844
FC(F)(F)C(F)(F)C(=O)CC(=O)C1=CC=CS1,1.559998425
FC(F)(F)C(F)(F)COC1=NC=C(Br)C=C1,2.018964842
OC1=CC(OC(F)(F)F)=C(F)C=C1,2.237251271
FC1=C(F)C(F)=C(CCl)C(Br)=C1F,2.76547341
CC(O)C(F)F,0.492587973
FC1=C(F)C(F)=C(C=C1)C1=C(F)C(F)=C(F)C(F)=C1F,3.662421078
OCC(F)(OC(F)(F)C(F)(OC(F)(F)C(F)(OC(F)(F)C(F)(OC(F)(F)C(F)(F)C(F)(F)F)C(F)(F)F)C(F)(F)F)C(F)(F)F)C(F)(F)F,2.317598921
FC(F)(F)C1=CN=NC=C1,1.520878894
CNC(C)C(F)(F)F,0.656307252
FC(F)C1=C(F)C=C(F)C=C1F,2.674956087
FC(F)(F)CC(Cl)Br,1.445887901
OOC(F)F,-0.048940411
CCCCC(=O)C1=CC(=CC(=C1)C(F)(F)F)C(F)(F)F,2.522428254
CC(COC(=O)C(C)=C)CC(O)(C(F)(F)F)C(F)(F)F,1.616720109
NC1=CC(=C(NC(=O)C(F)(F)F)C=C1)C(F)(F)F,1.575410048
FC1=NC(F)=C(F)C(C=O)=C1F,1.59985516
FC1(F)C=C1,2.460629707
FC(F)(F)C(OOC(C(F)(F)F)(C(F)(F)F)C(F)(F)F)(C(F)(F)F)C(F)(F)F,2.867655622
FC1=CC(Cl)=C(C=C1)C(F)(F)F,2.843277812
CCC(=O)C(C)C(F)(F)C(F)(F)F,1.390348008
CCC(=O)C(C)C(F)(F)C(F)(F)C(F)(F)F,1.659955631
[H]C12C(F)=C(F)C(F)(C1(F)F)C(F)(F)C2(F)F,2.755704321
C[Si](C)(C)C(F)(F)CF,2.191403171
FC(F)(F)C(C(F)(F)F)C(F)(F)S,2.034517587
NC1=CC=C(C=C1)C1=C(C2=CC=C(N)C=C2)C(F)(F)C1(F)F,2.114102895
FC(F)(F)C(=O)C(F)(F)C(F)(Cl)C(F)(F)Cl,1.7583312
CC(=C)C(=O)OCCC(F)(F)C(F)(F)C(F)(F)C(F)(F)C(F)(F)C(F)(F)C(F)(F)C(F)(F)C(F)(F)C(F)(F)C(F)(F)C(F)(F)C(F)(F)C(F)(F)F,2.382782084
FC1=C(F)C=C(CC(=O)C(F)(F)F)C=C1,2.305058039
FC(F)(F)C1=C(Br)C=CS1,2.167174649
CC(=O)OCC(F)(F)C(F)(F)F,1.325692831
FC1=CN=C(C=C1)C(F)(F)F,1.901815224
FC(F)(F)C1=NNC(=N)S1,1.340952104
FC1=CC=CC(NCC(F)(F)F)=C1,1.992987704
Cl.NC(=N)C(F)(F)C(F)(F)C(F)(F)F,1.055636861
FC(=O)C(F)(F)C(F)(F)C(F)(F)C(F)(F)C(F)(F)C(F)(F)C(F)(F)C(F)(F)C(F)(F)C(F)(C(F)(F)F)C(F)(F)F,2.406791143
FC(F)(F)C1=CC(=C(Cl)C=C1Cl)C(F)(F)F,3.308902411
CCCC(CCC)C(=O)OCC(F)(F)C(F)(F)C(F)(F)C(F)(F)C(F)(F)C(F)(F)C(F)(F)C(F)(F)COC(=O)C(CCC)CCC,1.836233642
OC(=O)C1=C(F)C(OC(F)(F)F)=C(F)C=C1,1.768580861
Cl.CC(C)(N)C(F)(F)F,0.915347744
OC(=O)C1=C(OC(F)(F)F)C=CC(OC(F)(F)F)=C1,2.056537824
FC(F)(F)CC(F)(F)C(Cl)(Cl)Cl,1.8816089
FC(F)(F)CC(F)(Cl)CI,1.666646873
FC(F)(F)CCCOC(CCC(F)(F)F)OCCCC(F)(F)F,2.000866108
OC(=O)C(F)(F)C(F)(F)N1C(F)(F)C(F)(F)N(C(F)(F)C(F)(F)C(O)=O)C(F)(F)C1(F)F,0.72748404
FC(F)(Br)C(F)(F)C=C,1.81014128
OB(O)C1=CC2=C(OC(F)(F)OC2(F)F)C=C1,1.56394694
OC(C1=CN=C(C=C1)C(F)(F)F)C(F)(F)F,1.39816861
FC(F)(F)CC1=CC(=CC(=C1)C(F)(F)F)C(F)(F)F,2.687325437
NC(C1=CC(F)=CC=C1)C(F)(F)F,1.596264811
CC(O)C1=C(C=CC(=C1)C(F)(F)F)C(F)(F)F,1.982275167
CC(=O)C1=C(F)C(F)=C(C=C1)C(F)(F)F,2.067209268
CCC(F)(F)C(F)(F)CCBr,1.765337726
FC(F)C1=CC(F)=C(F)C=C1,2.601956293
CCCCCCCCCCCCCCCCC(F)(F)C(F)(F)C(F)(F)C(F)(F)C(F)(F)C(F)(F)F,2.367578495
CC1=C(N)C=C(C=C1F)C(F)(F)F,1.889294168
FC(F)(F)S(=O)(=O)C=C,0.461847198
NC1=NC(C(=O)C(F)(F)F)=C(N1)C(F)(F)F,1.416227307
FC(F)(C(F)(Br)Br)C(F)(Br)Br,2.00744436
FC(F)(F)C(F)(F)C(F)(F)C(F)(F)C(F)(F)C(F)(F)C(F)(F)C(F)(F)C1=CC=C(C=C)C=C1,2.365643698
FC(F)(F)CC(I)(C(F)(F)F)C(F)(F)F,2.158063147
OC1=CC(OC(F)(F)F)=CC(=C1)C1=CC(=C(F)C=C1)C(F)(F)F,2.701161592
FC(F)(F)C(F)(F)CCC(CCCCCCCCCBr)SC(CCCCCCCCCBr)CCC(F)(F)C(F)(F)F,2.249797793
CN(C)[Si](N(C)C)(N(C)C)C(F)(F)C(F)(F)C(F)(F)CCC(F)(F)F,1.244370051
FC(Br)=C(F)Br,1.828756651
FCC=CF,2.127218143
FC(C1CCCO1)=C(F)C(F)(F)F,1.709607078
OCCC(F)(F)C(F)(F)C(F)(F)C(F)(F)C(F)(F)C(F)(F)C(F)(F)C(F)(F)C(F)(F)C(F)(F)C(F)(F)C(F)(F)C(F)(F)C(F)(F)F,2.384227552
FC(F)(F)COC(=O)CBr,0.981507453
FC(F)C(F)(F)OC1=CC=CC=C1Cl,2.918618164
CC1=CC=C(C=C1)S([O-])(=O)=O.FC(F)(F)C(F)(F)C(F)(F)C(F)(F)C(F)(F)C(F)(F)C(F)(F)C(F)(F)CC[N+]1=CC=CC=C1,1.223345552
FC(F)(F)CC(F)(F)OC(=O)C=C,1.760870814
[O-]C(=O)C(=C(C([O-])=O)C(F)(C(F)F)C(F)(F)F)C(F)(C(F)F)C(F)(F)F,2.02759876
FC(F)(F)C(=O)C1=CC(=CC(Cl)=C1)C(F)(F)F,2.675590837
FC(F)(F)C(F)(OCCCCBr)C(F)(F)F,1.712268919
CCO[Si](OCC)(OCC)C(F)(F)C(F)(F)C(F)(F)CCC(F)(F)F,1.738074367
FC(F)C(F)(F)CC(I)C=C,1.879684243
FC(F)(F)S1(C=CC=C1)(C(F)(F)F)(C(F)(F)F)C(F)(F)F,2.360669333
FC(=C)C(=O)OCC(F)(OC(F)(F)C(F)(F)C(F)(F)F)C(F)(F)F,2.029971268
NC(=C[N+]([O-])=O)C(F)(F)F,1.011067282
FC1=CC(Br)=CC(F)=C1C(F)(C(F)(F)F)C(F)(F)OC(F)(F)C(F)(C1=C(F)C=C(Br)C=C1F)C(F)(F)F,2.848763434
FC(F)(F)C(F)(F)C(F)(F)C(F)(F)C(F)(F)C(F)(F)C(F)(F)C(F)(F)C(F)(F)C(F)(F)C(F)(F)C(F)(F)C(F)(F)C(F)(F)CCI,2.412151201
CC(O)=O.CC(O)C(F)(F)C(F)C(F)(F)F,0.630877018
CC(C)CCOC(=O)[C@H](CC(C)C)NC(=O)C(F)(F)C(F)(F)C(F)(F)F,1.857960268
CN(CCOC(=O)C=C)S(=O)(=O)CC(F)(F)C(F)(F)C(F)(F)C(F)(F)C(F)(F)C(F)(F)C(F)(F)C(F)(F)C(F)(F)C(F)(F)F,1.98851625
CN(CCC[N+](C)(C)CCC([O-])=O)S(=O)(=O)CCC(F)(F)C(F)(F)C(F)(F)C(F)(F)C(F)(F)C(F)(F)F,1.401525385
CC(OC(=O)C(C)=C)C(F)(F)C(F)C(F)(F)F,1.694875856
FC(F)(F)C(F)(Cl)C(Cl)(Cl)C(Cl)(Cl)Cl,2.461390614
CC(=O)N[C@@H](CSC(F)(F)C(OCF)C(F)(F)F)C(O)=O,0.619702556
CN(CCCCOC(=O)C(C)=C)S(=O)(=O)C(F)(F)C(F)(F)C(F)(F)C(F)(F)F,1.427509166
CCN(CC=C)S(=O)(=O)C(F)(F)C(F)(F)C(F)(F)C(F)(F)C(F)(F)C(F)(F)C(F)(F)F,1.846928122
CCN(CCC[Si](Cl)(Cl)Cl)S(=O)(=O)C(F)(F)C(F)(F)C(F)(F)C(F)(F)C(F)(F)C(F)(F)C(F)(F)C(F)(F)F,2.130681596
CN(CCCCOC(=O)C(C)=C)S(=O)(=O)C(F)(F)C(F)(F)C(F)(F)C(F)(F)C(F)(F)C(F)(F)F,1.650628996
OC(=O)C=C(F)C(F)F,0.313549681
CSC1=CC=C(OS(=O)(=O)C(F)(F)C(F)(F)F)C=C1,1.515718379
FC(=O)C(F)(F)C(F)(F)C(F)(F)C(F)(F)C(F)(F)C(F)(F)C(F)(F)C(F)(F)C(F)(F)C(F)(F)C(F)(F)C(F)(C(F)(F)F)C(F)(F)F,2.461933134
OC(=O)C(OCF)C(F)(F)F,0.434291496
FC(F)(F)C(C=O)C(F)(F)F,1.555534893
CC(=C)C(=O)OCCC(F)(F)C(F)F,1.568904448
OC(=O)C(O)(F)C(F)(F)F,0.35050665
Cl.FC(F)(F)C1CNC1,0.905749173
C1CNCCN1.OC(=O)C(F)(F)C(F)(Cl)C(F)(F)C(F)(Cl)C(F)(F)C(F)(Cl)C(F)(F)Cl,1.139459562
CN(CCCCO)S(=O)(=O)C(F)(F)C(F)(F)C(F)(F)C(F)(F)C(F)(F)C(F)(F)C(F)(F)F,1.627745052
O.FC(F)C(F)(F)C=O,1.021162364
FC(F)(F)N(CC=C)C(F)(F)F,1.054597449
FC(F)(F)C(F)(F)C(F)(F)C(F)(F)CCOC(=O)CCC(=O)OCCC(F)(F)C(F)(F)C(F)(F)C(F)(F)F,1.88089968
OC1=C(F)C(F)=C(C(F)=C1F)S(=O)(=O)C1=C(F)C(F)=C(O)C(F)=C1F,0.919751536
OC(CC(O)(C(F)(F)F)C(F)(F)F)(C(F)(F)F)C(F)(F)F,1.494829331
COC(F)(F)C(F)(F)C(F)(F)C(F)(F)F,1.954423712
FC(F)(F)SSC(F)(F)F,1.601347525
FOC(F)(F)F,1.352530974
FC(F)=C(C(F)(F)F)C(F)(F)F,2.123703905
FC(F)(F)C=C(Cl)C(F)(F)F,2.127646844
CCN(CC(F)(F)F)C1=CC(=C(C=C1)C#N)C(F)(F)F,1.82624714
CCCC[C@@H](N)C(F)(F)F,1.063935511
FC1=C(C=C(I)C=C1Cl)C(F)(F)F,3.242547681
FC1COC(F)(F)O1,1.134507462
FC(F)OC(F)(F)F,1.265430673
FC1=CC(=C(C=C1)[13C]#[15N])C(F)(F)F,2.006163896
FC(F)(F)C(F)(F)C(F)(F)C(F)(F)C(F)(F)C(F)(F)CCC(=O)ON1C(=O)CCC1=O,1.646989681
FC(=C)C(F)(F)F,1.653873579
COC(F)(F)C(F)OC(F)(F)C(=O)C(F)(F)F,1.364739609
FC(F)(F)C(F)(C(=O)C(F)(C(F)(F)F)C(F)(F)F)C(F)(F)F,2.070172186
FC(F)(F)C(F)(F)C(=O)C(F)(C(F)(F)F)C(F)(F)F,1.910768192
FC(F)(C(Cl)Cl)C(F)(Cl)Cl,1.698704764
FC(F)(F)C(Cl)C(F)(F)F,1.90392582
FC(F)(F)C(F)(F)C(F)(F)C(F)(F)C(F)(F)C1=CC=C(C=C1)C(=O)OC1=CC=C(C=C1)C#N,2.132465733
COC(=O)C1CCC(CC1)C(F)(F)C(F)(F)C(F)(F)C(F)(F)C(F)(F)F,1.977583805
FC(F)(F)C(F)(F)C(F)(F)C(=O)OC1=C(Cl)C(Cl)=C(Cl)C(Cl)=C1Cl,3.496580726
FC(F)(F)C(F)(F)C(=O)C=CC1=CC=CC=C1,2.042573908
FC(F)C(F)(F)C(F)(F)C(F)(F)Cl,2.111547765
CCOC(F)(F)C(F)F,1.501578707
FC(F)C(F)(F)C(F)(F)F,2.052611151
FC(=NBr)C(F)(F)F,1.132229053
FC#CN(F)F,1.807582506
CCCCCCC(F)(C(F)(F)F)C(F)(F)C(C)(C)O,1.787131306
NS(=O)(=O)C1=CC=C(OC(F)(F)C(F)(F)C(F)(F)C(F)(F)C(F)(F)C(F)(F)C(F)(F)C(F)(F)F)C=C1,1.945810543
[O-][N+](=O)C1=CC=CC(NC(=O)OCC(F)(F)C(F)F)=C1,1.699249059
FC(F)(F)C1=CC(C#CC#CC2=C(C=CC(=C2)C(F)(F)F)C(F)(F)F)=C(C=C1)C(F)(F)F,2.797953242
FC(F)(F)C(F)(F)C(F)(F)C(F)(F)C(F)(F)C(F)(F)C(F)(F)C(F)(F)C(F)(F)C1=CC=C(C=C1)C(=O)N=[N+]=[N-],2.253063816
FC(F)(I)C(F)(F)OC(F)(F)C#N,1.654370174
FC(F)(F)C(F)(F)C(F)(F)C1=C(N=CC=C1)C(F)(F)C(F)(F)C(F)(F)F,2.265406254
FC(F)(F)P(C(F)(F)F)C(F)(Cl)Cl,1.477900965
FC1(F)C(F)(F)C(F)(F)C(F)(C(=O)C#CC2=CC=CC=C2)C(F)(F)C1(F)F,2.384354975
FC(F)(F)C1=C(C(=C(O1)C(F)(F)C(F)(F)F)C(F)(F)F)C(F)(F)F,2.818735908
FC(F)(F)C(F)(F)C(F)(F)C(F)(F)C(F)(F)C(F)(F)C(F)(F)C(=O)OC1=CC=CC(=C1)C1=CC=CC=C1,2.407003318
CC(C=O)C(F)(F)C(F)(F)F,1.660265274
CC(=O)NC1=CC=C(OC(F)=C(F)C(F)(F)C(F)(F)C(F)(F)C(F)(F)C(F)(F)C(F)(F)C(F)(F)F)C=C1,2.150342421
FC(F)(F)C(F)(F)C#COC1=CC=CC=C1,2.606046892
FC(F)(F)C(F)(F)C(F)(F)C(F)(F)C(I)CCl,2.05165911
CCCCCCC(OP(=O)(OCC)OCC)=C(F)C(F)(F)F,1.895380075
CCCCCCCCCC(F)(F)C(F)(F)C(F)(F)C(F)(F)C(F)(F)C(F)(F)F,2.365482772
COC(=O)C(Cl)C(F)(F)C(F)(F)C(F)(F)C(F)(F)F,1.66093412
FC(F)(F)C(F)(F)COCCCCCCCCCCCS,1.95245535
CCCCC(F)C(F)(F)C(F)(F)C(F)(F)C(F)(F)F,2.304388813
OC1=CC=C(OC(O)(C(F)(F)F)C(F)(F)F)C=C1,1.684565916
OC1=CC(=C2C=C(C=CC2=C1)C(F)(F)F)C(F)(F)F,2.473475712
OCCNC(=O)C1=CC=C(OC(F)=C(F)C(F)(F)C(F)(F)C(F)(F)C(F)(F)F)C=C1,1.876350615
O.O.OS(=O)(=O)C(F)(F)C(F)(F)C(F)(F)C(F)(F)S(O)(=O)=O,0.259205691
[O-][N+](=O)C1=C(F)C(F)=C(OC2=C(F)C(F)=C(F)C(F)=C2F)C(F)=C1F,3.202256498
CCOC(=O)C=C(F)C(F)(F)F,1.314875755
FC(=O)C(F)(F)OC(F)(F)C1=C(F)C(F)=C(F)C(F)=C1F,2.436830795
COCCCC1=C(F)C(F)(F)C(F)(F)C(F)(F)C(F)(F)C1(F)F,2.337467569
NC(=C(C#N)C(C#N)=C(N)C(F)(F)F)C(F)(F)F,1.443144245
OCCC(F)(F)C(F)(F)C(F)(F)C(F)(F)C(F)(F)C(F)(F)C(F)(F)CCO,1.785743518
NCC(F)(F)C(F)(F)C(F)(F)C(F)(F)OC(F)(F)C(F)(F)C(F)(F)C(F)(F)C(F)(F)C(F)(F)F,2.114911722
CCCCCCCCCCCCCCCCCCC(CCCCCCCCC(Cl)=O)CC(F)(F)C(F)(F)C(F)(F)C(F)(F)F,2.104809542
FC(F)C(F)(F)C(F)(F)C(F)(F)C1NCCNCCN1,0.860838391
FC(F)C(F)(F)COC(F)(F)C(F)(F)C(F)(F)F,2.015325833
FC(F)(F)O[SiH3],0.908421851
FC(F)C=C=O,0.8078702
COC(=O)C(C)(C(F)(F)F)C(F)(F)F,1.415818378
CC(O)=O.OCC(F)(F)C(F)(F)C(F)(F)C(F)F,0.904590703
OC(=O)C(F)(F)OC(F)(OC(F)F)C(F)(F)F,1.01225051
FC(F)C1=CC=C(C=C1)C(F)(F)Cl,2.350812789
FC(F)(F)C(F)(F)C(F)(F)C1=NC2=CC=CC=C2N=C1C(F)(F)C(F)(F)C(F)(F)F,2.342210579
CC1C(C)C(F)(F)C1(F)F,2.897057608
FC(F)(F)S(Br)=O,0.541828865
FC(F)(F)C(F)(F)C(F)(F)C(F)(F)C(F)(F)C(F)(F)CCNCC=C,2.0085074
FC(F)(F)C(F)(F)C(F)(F)C(F)(F)C(F)(F)C(F)(F)C(F)(F)CCS,2.255825787
FC(F)(F)C(F)(F)OC=O,1.547685266
CC1=C(SC(=S)N1)C(C(F)(F)F)C(F)(F)F,1.964794355
FCC#CCF,1.669015779
FC1=CC(F)=C(F)C(C(S(=O)(=O)C(F)(F)F)S(=O)(=O)C(F)(F)F)=C1F,1.781317884
FC(F)(F)OC(F)(C(=O)C(F)(OC(F)(F)F)C(F)(F)F)C(F)(F)F,2.027995859
COC(O)(O)C(F)(F)F,0.065905459
COCCOCC(O)C(F)(F)C(F)(F)C(F)(F)C(F)(F)C(F)(F)C(F)(F)F,1.867346621
FC(F)C(F)(F)OC(Br)C(F)(F)F,1.762308424
OCCOC(F)(F)C(F)(F)C(F)(F)C(F)(F)C(F)(F)C(F)(F)C(F)(F)C(F)(F)C(F)(F)F,2.169390339
[O-]C(CC[C@@H]1NC(OC1=O)(C(F)(F)F)C(F)(F)F)=C[N+]#N,0.987581435
FC(F)(F)C(F)(F)CCC1=CC=CC=C1,2.13403685
NC1=C(C=CC=C1C1=CC(=CC(=C1)C(F)(F)F)C(F)(F)F)C1=CC(=CC(=C1)C(F)(F)F)C(F)(F)F,2.815624431
OC(=O)CSSC(F)(F)F,0.970458809
FC(F)(F)C1(CCC(Cl)CC1)C(F)(F)F,2.330685872
FC(F)(F)C1=C(C2=CC=CC=C2N1)C(F)(F)F,2.572083017
FC(F)(F)C(F)(F)C(F)(F)C(F)(F)S(=O)(=O)C(=CC1=CC=CC=C1)S(=O)(=O)C(F)(F)C(F)(F)C(F)(F)C(F)(F)F,1.952980103
OP(O)(=O)CC1=CC=C(OC(F)=C(F)C(F)(F)C(F)(F)C(F)(F)C(F)(F)F)C=C1,1.981665354
FC(OC1=CC=CC=C1C(Cl)=O)=C(F)C(F)(F)C(F)(F)C(F)(F)C(F)(F)C(F)(F)C(F)(F)C(F)(F)F,2.496534505
CC1=C(F)C(F)(F)C(C)=C(F)C1(F)F,2.397139508
OCC(CO)(COCC(F)(F)C(F)F)COCC(F)(F)C(F)F,1.361834562
FC(F)(F)C(F)(F)C(F)(F)C(F)(F)C(F)(F)C(F)(F)C(F)(F)C(F)(F)S(=O)(=O)NCCOC(=O)C=C,1.705044958
CCCCCCCCOC(=O)C(F)(F)C(F)(F)C(F)(F)C(F)(F)C(F)(F)C(F)(F)C(F)(F)F,2.104751302
C[Si](O)(CCC(F)(F)F)O[Si](C)(O)CCC(F)(F)F,1.112483772
COC1=C(C=C(C=C1)C(F)(F)C(F)(F)C(F)(F)C(F)(F)C(F)(F)C(F)(F)F)C1=C(OC)C=CC(=C1)C(F)(F)C(F)(F)C(F)(F)C(F)(F)C(F)(F)C(F)(F)F,2.644063637
COCCOCC(F)(F)C(F)(F)C(F)(F)C(F)(F)C(F)(F)C(F)F,2.095304617
OC(C(F)(F)F)(C(F)(F)F)C(F)(F)C(F)(F)C(O)(C(F)(F)F)C(F)(F)F,1.699294561
CC=CC=CC(F)(F)F,2.52938144
[O-][Cl](=O)(=O)=O.FC1=C(F)C(F)=C([I+]C2=C(F)C(F)=C(F)C(F)=C2F)C(F)=C1F,2.455176533
FC1=C(F)C(F)=C(F)C2=C1OC(F)(C(F)(F)F)C2(F)F,2.878590784
FC(F)(F)C(F)(F)C(F)(F)C(F)(F)C(F)(F)C(F)(F)C(F)(F)C(F)(F)C1=CC=C(NC(=O)C=C)C=C1,2.093079494
FC1=CC(F)=[Si]([SiH3])C(F)=C1,2.442188951
CCC(=O)C(C)=C(F)C(F)(F)F,1.407660755
FC(F)(F)C(CCC[SiH2]C(Cl)Cl)(C(F)(F)F)C(F)(F)F,2.243004245
FC(F)(F)C(F)(F)C(F)(F)C(F)(F)C(F)(F)C(F)(F)C1=C(SC=C1)C1=C(C=CS1)C(F)(F)C(F)(F)C(F)(F)C(F)(F)C(F)(F)C(F)(F)F,2.580691439
FC1=C(F)C(F)=C([SiH2]Cl)C(F)=C1F,2.598966494
FC(F)(F)C(=C=O)C(Cl)=O,0.944951681
CCCCOC(=O)C(C(F)(F)F)C(F)(F)OCCCC,1.850893833
CCOC(=S)C(=C(F)F)C(F)(F)F,2.042268954
CCCCCC1(CC(SS1)(C(F)(F)F)C(F)(F)F)OCC,2.373352425
FC(F)=C(C(F)=CC1=CC=CC=C1)C(F)(F)F,2.409051469
FC1=C(F)C(F)=C(SSCl)C(F)=C1F,2.624782842
CCN(CC)C(=S)C(F)(F)C(F)(F)C(F)(F)F,1.692126306
FC(F)(F)C1(N=NCC1C#N)C(F)(F)F,1.477816847
FC(F)=C(C1=CC(Br)=CC=C1)C(F)(F)F,2.836291587
OC(=O)C1=CC=C(C=C1)C(=C(F)F)C(F)(F)F,1.589696958
FC(F)(C1=CC=CC=C1Br)C(F)(F)C1=CC=CC=C1Br,2.810553104
FC1(F)OC(F)(F)C(F)(I)OC1(F)F,1.774243591
CC(=O)C(=C(F)C(F)(F)F)C1=CC=CC=C1,1.890343313
NC(=O)C(F)(F)C(F)(F)C(F)(F)C(=O)NC1=CC=CC=C1N,0.885049063
CCC(C)C1=C2N=C(NC2=C(C=C1[N+]([O-])=O)[N+]([O-])=O)C(F)(F)C(F)(F)F,2.23606536
FC(F)(F)S(=O)(=O)O[SiH3],0.23748442
CC1=CC=C(C=C1)N=C(C1=C(F)C(F)=C(F)C(F)=C1F)C1=C(F)C(F)=C(F)C(F)=C1F,3.172336876
CC(C)OC(=O)C(F)(F)C(F)(F)C(F)(F)C(F)(F)C(F)(F)C(F)(F)C(F)(F)C(F)(F)C(F)(F)F,2.108098169
FC(F)=C(F)OC(F)(F)OC(F)(F)F,1.912575835
OCC1=CC(OCC2=CC(=CC(=C2)C(F)(F)F)C(F)(F)F)=CC(OCC2=CC(=CC(=C2)C(F)(F)F)C(F)(F)F)=C1,2.660611253
CC(C)(NC(=O)C(F)(F)C(F)(F)C(F)(F)F)C(O)=O,0.7874453
FC(F)(F)C(F)(F)C(F)(F)C(=O)OCC1=CSC=C1,1.679847073
CCCCCCC(O)C(F)(F)C(=O)C(F)(F)F,1.274694716
FC(=C(F)C(F)(F)F)C1=CC=C(Cl)C=C1,2.652193038
CC=CCC(F)(C(=O)OC(C)C=C)C(F)(F)F,1.884235927
FC1(F)C(F)(F)C(F)(Br)C(F)(F)C(F)(F)C1(F)Br,2.479919543
FC1(F)C(F)(F)C(F)(OC(C2=CC=CC=C2)(C2=CC=CC=C2)C2=CC=CC=C2)C1(F)F,3.21488154
CC1=CC=C(C=CS(=O)(=O)C(F)(F)C(F)(F)C(F)(F)C(F)(F)C(F)(F)C(F)(F)F)C=C1,1.79960968
CC(F)(F)C(F)(F)C(F)(F)C(F)(F)C(F)(F)CCN,1.857301594
FC(F)(F)[Si]1(OO1)C(F)(F)F,1.857976159
CCCCCCCCCCCCCCCCCCCCC(F)(F)C(F)(F)C(F)(F)C(F)(F)C(F)(F)C(F)(F)F,2.317083186
FC1(F)C(C2=CC=CC3=CC=CC=C23)C1(F)F,3.108223713
FC1(F)C(C2=CC(Cl)=CC=C2)C1(F)F,3.037894526
CN1CN=C(O1)C(F)(F)F,0.931760417
FC(F)(F)C(F)(F)C(=C)NC1CCCCC1,1.475178096
FC1=CC(F)=C(C(F)=C1C1=C(F)C(F)=C(F)C(F)=C1F)C1=C(F)C(F)=C(F)C(F)=C1F,3.861765466
FC#CC1=CC=C(C=C1)C(F)(F)F,2.50666816
[O-][N+](=O)C1=NN(CC(=O)NCC(F)(F)C(F)(F)F)C=N1,1.216934084
FC1=C(F)C2=C(F)C3=C(C(F)=C2C(F)=C1F)C(F)=C1C(F)=C2C(F)=C(Br)C(F)=C(F)C2=C(F)C1=C3F,3.017224159
CCCCC1=CSC(=C1)C1=C(CCCCCC(F)(F)C(F)(F)C(F)(F)C(F)(F)F)C=CS1,2.30645623
OC(=O)C(F)(F)C(F)OC(F)(F)F,0.594221285
FC(F)(F)C1=CC(=CC(=C1)C(F)(F)F)[Si](C1=CC(=CC(=C1)C(F)(F)F)C(F)(F)F)(C1=CC(=CC(=C1)C(F)(F)F)C(F)(F)F)C1=CC(=CC(=C1)C(F)(F)F)C(F)(F)F,3.135591406
FC1(F)C(F)(F)C(F)(C2=CC=C(Br)C=C2)C1(F)C1=CC=C(Br)C=C1,3.102515016
OC(=O)C1(C(F)(F)F)C(F)(F)C1(F)F,1.414372108
OS(O)(=O)=O.O[Si](CC(F)(F)F)(CC(F)(F)F)CC(F)(F)F.O[Si](CC(F)(F)F)(CC(F)(F)F)CC(F)(F)F,1.494145022
O.OS(=O)(=O)C(F)(F)F.OS(=O)(=O)C(F)(F)F,-0.149454206
FC(=CCI)C(F)(F)C(F)(F)I,2.311310651
FC(F)(F)CC(F)(F)OC1=CC=CC=C1,2.371886635
FC(CC(F)(F)F)C(F)(F)C(F)(F)C(F)(F)C(F)(F)OC(=O)C=C,2.128107676
FC(F)(F)C(F)(F)C(F)(F)N1C(F)(F)C(F)(F)C(F)(F)C(F)(F)C1(F)F,1.95135563
OCCCC(C(F)(F)F)(C(F)(F)F)C(F)(F)C(F)(F)C(F)(F)F,2.032608731
FC(F)(F)C(=CC=O)C(F)(F)F,1.837945944
OCC1=C(F)C(F)=C(Br)C(F)=C1F,1.868674204
FC(F)(F)S(=O)(=O)N(Cl)Cl,0.43736723
OC(=O)C(F)(F)C(F)(F)C(F)(F)S(O)(=O)=O,0.182900117
FC1=C(F)C(F)(Br)C(F)=C(F)C1(F)Cl,2.38150464
NC(F)(F)C(F)(F)C(F)(F)C(F)(F)F,1.50669127
FC1(F)C2CN=NC2C1(F)F,1.624495759
FC1=CC(F)=C(F)C(SCl)=C1F,2.665614052
FC(F)(F)C(Cl)=S,1.738810621
CC1OP(OCC(F)(F)C(F)F)OC1C,1.320455169
CCCCCC(=O)C(F)(F)C(F)(F)F,1.724497495
FC(F)(F)C(NC(=O)C1=CC=CC=C1)(N=[N+]=[N-])C(F)(F)F,1.697983994
CCCCCCCCCCCC(=O)OCCOC(=O)C(F)C(F)(F)F,1.463208253
FC1=NC(F)=C(F)C(N=O)=C1F,1.585785579
FC(F)(F)OC(OC(F)(F)F)(OC(F)(F)F)OC(F)(F)F,2.123436173
COC1=C(C2=C(C=C1)C(=CC=C2)C(O)=O)C(F)(F)C(F)(F)F,1.873535807
FC(F)(F)S(Br)(=O)=O,0.151859035
FC1=C(F)C(C#N)=C(F)C(F)=C1S,1.696945934
NC1=CC(F)=C(OC(F)(F)F)C=C1F,2.388535987
FC(F)=C(F)C(F)(F)Br,1.970280983
FC(F)(F)C(F)(F)CCN=[N+]=[N-],1.709675733
CC(I)C(F)(F)F,1.85687078
NN1C(=NN=C1C(F)(F)F)C(F)(F)F,1.370734839
OC(=O)C(F)(F)OC(F)=C(F)F,0.77225709
FC1=C(F)C2=C(C(F)=C1F)C(F)=C(S)C(F)=C2F,2.805325539
NC1=C(OC(F)(F)F)C=CC(F)=C1,2.357894877
FC1=C(F)C1=O,1.999719072
FC(F)=C(F)OC(F)(F)C(F)(F)C(F)(F)C(F)=C(F)F,2.473073712
CC(Br)C1=C(F)C(F)=C(F)C(F)=C1F,2.622380179
FC(Cl)C(F)(F)C(F)Cl,1.613207288
FC(Cl)C(F)(F)C(Cl)Cl,1.49571183
CCC1=C(C(=C(CC)O1)C(F)(F)F)C(F)(F)F,2.399856039
OCCOCC(F)(F)C(F)(F)F,1.325897148
C[SiH2]CCC(F)(F)C(F)(F)C(F)(F)C(F)(F)F,2.246854404
FC(F)(F)C1(OCC(O1)C1COC(O1)(C(F)(F)F)C(F)(F)F)C(F)(F)F,1.885306007
FC(F)(Br)C(F)(Br)C(F)(F)C(F)(F)C1(F)OC1(F)F,2.1425256
NCCC(F)(F)C(F)(F)C(F)(F)C(F)(F)CCN,1.184665158
OC1=C(F)C(F)=C(I)C(F)=C1F,2.034782035
FC(F)C(F)(Br)C(F)(Br)C(F)(F)F,2.029835015
[O-][N+](=O)C1=CC=CC(=C1)C(F)(F)C(F)(F)C(F)(F)C(F)(F)C(F)(F)C(F)(F)F,2.26661217
FC(F)C(F)(F)OCCCOC(F)(F)C(F)F,1.732370824
OC(C(F)(F)F)(C(F)(F)F)C(F)(F)Cl,1.38017523
FC(F)(F)C(F)(C=O)C(F)(F)F,1.590634338
FC(F)(F)C(F)(F)C(F)(F)C(F)(F)C(F)(F)S(=O)(=O)NCC=C,1.557660994
OC(=O)C(F)(F)C(F)(F)C(F)(F)C(F)(F)C(O)=O,0.664282444
FC(F)(F)C(F)(F)C(F)(F)C(F)(F)C(F)(F)N(C(F)(F)C(F)(F)C(F)(F)C(F)(F)C(F)(F)F)C(F)(F)C(F)(F)C(F)(F)C(F)(F)C(F)(F)F,2.364803406
FC1=C(F)C(F)=C(Cl)C(F)=C1F,3.153295549
COC(=O)C(F)(F)C(F)(F)C(F)(F)F,1.501269866
FC(F)(F)C(F)(F)C(=O)OOC(=O)C(F)(F)C(F)(F)F,1.542930933
FC=C(F)F,1.928821212
FC(F)C(=O)C(F)F,0.594657803
FC1=CC(Cl)=CC(=C1)C(F)(F)F,2.79426515
FC(F)(F)C(F)(F)C(F)(F)CI,1.987766524
OCC(F)(F)C(F)(F)C(F)(F)F,1.39936447
OC(=O)C(F)(F)C(F)(F)C(F)(F)F,1.047942203
FC(=O)C(F)(F)C(F)(F)C(F)(F)C(F)(F)C(F)(F)C(F)(F)F,2.120974952
FC(F)(F)SCl,1.327358206
OC(O)C(F)(F)F,0.06691893
OCC(F)(F)C(F)(F)F,0.984992918
FC(=O)C(F)(F)C(F)(F)F,1.386604865
OCCOCC(F)(F)C(F)(F)C(F)(F)C(F)F,1.728920426
FC1(F)CO1,1.248851539
[H]C12CCC(C1)(C=C2)C(F)(F)C(F)(F)C(F)(F)C(F)(F)C(F)(F)C(F)(F)F,2.58446724
FC(F)C(=O)C1=C(F)C=C(F)C=C1,2.265121516
FC(F)(F)COC(F)(F)C(F)(F)Cl,1.757125326
OC(=O)C1=C(F)C(F)=C(F)C(F)=C1F,1.628582534
OCCC(F)(F)C(F)(F)C(F)(F)C(F)(F)C(F)(F)C(F)F,1.962039931
FC(F)=C(F)C(F)=C(F)F,2.029695192
FC(F)C(F)(F)C(F)(F)C(F)(F)C(F)(F)C(F)(F)C(F)F,2.378997622
FC1=CC(=CC=C1)C(=O)C(F)(F)F,2.158529344
FC(F)(F)C1=NC(Br)=NN1,0.787308244
OC(=O)C1=CC=C(C=C1)C(F)(F)C(F)(F)C(F)(F)C(F)(F)F,1.623587276
FC(F)C(F)(F)C(F)(F)C(=O)OOC(=O)C(F)(F)C(F)(F)C(F)F,1.678709389
FC1=CC=C(NCC(F)(F)F)C=C1,2.026876586
FC(F)(F)C(=O)OC(C(F)(F)F)(C(F)(F)F)C(F)(F)F,2.238740192
CC1=CC(CC(F)(F)C(F)C(F)(F)F)=CC=C1,2.116649195
FC(F)(C(F)(F)C(F)(F)C(F)(F)S(F)(=O)=O)C(F)(F)C(F)(F)S(F)(=O)=O,1.455320939
COC1=C(F)C1(F)F,1.790372033
FC(F)(F)C1=CC(=O)C2=C(C=CC=C2N1)C(F)(F)F,2.240785597
FC1=C(F)C(F)=C(N2C(F)(F)C(F)(F)C(F)(F)C(F)(F)C2(F)F)C(F)=C1F,2.646076214
FC1=CC(=CNC1=O)C(F)(F)F,1.50953852
FC(F)(F)C1CC(=O)N1,0.859517853
CC(F)(F)C(F)(F)C(O)(F)F,1.289435676
CC1=CC=C(C=C1)C1=CC=C(C=C1)C(=C(F)F)C(F)(F)F,2.854945574
FC(F)(F)C(F)(F)C(F)(F)C(F)(Br)Br,2.067941455
FC(OC(F)(F)C(Cl)Cl)C(F)(F)F,1.58589154
FC1=C(I)C(F)=C(F)C(F)=CN1,1.917330004
CC1=C(C)C=C(C=C1)C(F)(F)C(F)(F)F,2.162006804
FC(F)(F)C1=CC=C(C=C1)C(F)(F)CBr,2.22487873
CCCCN(CCOC(=O)C=C)S(=O)(=O)C(F)(F)C(F)(F)C(F)(F)C(F)(F)C(F)(F)C(F)(F)C(F)(F)C(F)(F)F,1.867876129
FC(F)(F)C(Br)CBr,1.451570488
FC(F)C(F)(F)CBr,1.587062389
FC(=O)C(F)(OC(F)(F)C(F)(OC(F)(F)C(F)(F)S(F)(=O)=O)C(F)(F)F)C(F)(F)F,1.706315726
FC(F)(F)C(Cl)CCl,1.508053042
FCC(F)(F)OC(F)F,1.328800843
FC(F)(F)C(F)(C(F)(F)F)C1(F)C(F)(F)C(F)(F)C(F)(C(F)(C(F)(F)F)C(F)(F)F)C(F)(F)C1(F)F,2.697332219
CCCCCCCCCCCOC(=O)C(F)(F)C(F)(F)C(F)(F)F,2.028750323
[O-]S(=O)(=O)CCC(F)(F)C(F)(F)C(F)(F)C(F)(F)C(F)(F)C(F)(F)F,1.641372242
OP(O)(=O)C(F)(F)C(F)(F)C(F)(F)C(F)(F)C(F)(F)C(F)(F)C(F)(F)C(F)(F)C(F)(F)C(F)(F)F,2.043883482
FC(F)(F)C1(F)C(F)(F)C(F)(F)C2(F)C(F)(F)C(F)(F)C(F)(F)C(F)(F)C2(F)C1(F)F,2.710171125
FC(F)(F)C(F)(F)C(F)(F)C(F)(F)C(F)(F)C(F)(F)C(F)(F)C(F)(F)C(F)(F)C(F)(F)C(F)(F)C(F)(F)C(F)(F)C(F)(F)C(F)(F)I,2.519143556
COC(F)(F)C(C(F)(F)F)C(F)(F)F,1.926851054
FC(F)(F)C(F)(F)C(F)(F)C(F)(F)C1(F)C(F)(F)OC(F)(F)C1(F)F,2.341395974
CCCN(CCOC(=O)C=C)S(=O)(=O)C(F)(F)C(F)(F)C(F)(F)C(F)(F)C(F)(F)C(F)(F)C(F)(F)C(F)(F)F,1.857447681
FC(=O)C(F)(OC(F)(F)C(F)(F)S(F)(=O)=O)C(F)(F)F,1.262980353
NNC(=O)C(F)(F)C(F)(F)C(F)(F)C(F)(F)C(F)(F)C(F)(F)C(F)(F)C(F)(F)C(F)(F)C(F)(F)C(F)(F)C(F)(F)C(=O)NN,1.709012464
FC(F)(F)C(F)(OCCC[Si](Cl)(Cl)Cl)C(F)(F)F,2.013807807
FC(F)(F)C(F)(F)C(F)(F)CC(=O)OC=C,1.749288099
FC(=O)C(F)(OC(F)(F)C(F)(OC(F)(F)C(F)(OC(F)(F)C(F)(F)C(F)(F)F)C(F)(F)F)C(F)(F)F)C(F)(F)F,2.297368029
FC(F)(F)C(F)(F)C(F)(F)C(F)(F)CCS,2.050892162
OP(O)(=O)OCCC(F)(F)C(F)(F)C(F)(F)C(F)(F)C(F)(F)C(F)(F)C(F)(F)F,1.877539283
FC(F)(F)C(F)(F)C(F)(F)C(F)(F)C(F)(F)C(F)(F)\C=C\C(F)(F)C(F)(F)C(F)(F)C(F)(F)C(F)(F)C(F)(F)F,2.682487663
[H]N(CCC[Si](OCC)(OCC)OCC)S(=O)(=O)C1=CC=C(OC(=C(C(F)(F)F)C(C(F)(F)F)(C(F)(F)C(F)(F)F)C(F)(F)C(F)(F)F)C(F)(F)F)C=C1,2.234609519
FC(=CC(Br)[C](F)(F)F)C(F)(F)Br,2.180510236
OP(O)(=O)OCCC(F)(F)C(F)(F)C(F)(F)C(F)(F)C(F)(F)C(F)(F)C(F)(F)C(F)(F)C(F)(F)C(F)(F)C(F)(F)C(F)(F)F,2.158369305
FC(F)(F)C(F)(OC1(F)OC(F)(C(F)(F)F)C(F)(F)OC1(F)C(F)(F)F)C(=O)C(F)(OC1(F)OC(F)(C(F)(F)F)C(F)(F)OC1(F)C(F)(F)F)C(F)(F)F,2.355119577
CN(CCCCOC(=O)C(C)=C)S(=O)(=O)C(F)(F)C(F)(F)C(F)(F)C(F)(F)C(F)(F)C(F)(F)C(F)(F)C(F)(F)F,1.80822934
FC(F)(F)C(F)(F)C(F)(F)C(F)(F)CC(Cl)=O,1.76369449
[H]N(C(=O)OCCN(CC)S(=O)(=O)C(F)(F)C(F)(F)C(F)(F)C(F)(F)C(F)(F)C(F)(F)C(F)(F)F)C1=CC(N([H])C(=O)OC(C)COC(=O)C(C)=C)=C(C)C=C1,1.227359807
[H]N(C(=O)OCCN(CC)S(=O)(=O)C(F)(F)C(F)(F)C(F)(F)C(F)(F)F)C1=CC(N([H])C(=O)OC(C)COC(=O)C(C)=C)=C(C)C=C1,1.104904961
[H]C(F)(F)C(F)(F)C(F)(F)C(F)(F)S(O)(=O)=O,1.127682121
CC(=C)C(=O)OCCC(F)(F)C(F)(F)C(F)(F)C(F)(F)C(F)(F)C(F)(F)C(F)(F)C(F)(F)C(F)(F)C(F)(F)C(F)(C(F)(F)F)C(F)(F)F,2.358638123
FC(F)(F)C(F)(OC(F)(Cl)C(F)(F)Cl)C(F)(F)F,2.0902551
[I-].C[N+](CCO)(CCO)CC(O)CC(F)(F)C(F)(F)C(F)(F)C(F)(F)C(F)(F)C(F)(F)C(F)(F)C(F)(F)C(F)(F)C(F)(F)C(F)(F)C(F)(F)F,1.549109187
[I-].C[N+](CCO)(CCO)CC(O)CC(F)(F)C(F)(F)C(F)(F)C(F)(F)C(F)(F)C(F)(F)C(F)(F)C(F)(F)C(F)(F)C(F)(F)F,1.45983817
[NH4+].[NH4+].[O-]P([O-])(=O)OCCC(F)(F)C(F)(F)C(F)(F)C(F)(F)C(F)(F)C(F)(F)C(F)(F)C(F)(F)C(F)(F)C(F)(F)C(F)(F)C(F)(F)C(F)(F)C(F)(F)F,1.491654143
[NH4+].[NH4+].[O-]P([O-])(=O)OCCC(F)(F)C(F)(F)C(F)(F)C(F)(F)C(F)(F)C(F)(F)C(F)(F)C(F)(F)C(F)(C(F)(F)F)C(F)(F)F,1.368846347
FC(F)(F)C(F)(F)C(F)(F)C(F)(F)C(F)(F)C(F)(F)C(F)(F)C(F)(F)C(F)(F)C(F)(F)C(F)(F)C(F)(F)CC1CO1,2.402720866
OC(CN1CC1)CC(F)(F)C(F)(F)C(F)(F)C(F)(F)C(F)(F)C(F)(F)C(F)(F)C(F)(F)F,2.010738553
[NH4+].[NH4+].OC(COP([O-])([O-])=O)CC(F)(F)C(F)(F)C(F)(F)C(F)(F)C(F)(F)C(F)(F)C(F)(F)C(F)(F)C(F)(F)C(F)(F)F,1.179567975
CN(C)CCCNCC(O)CC(F)(F)C(F)(F)C(F)(F)C(F)(F)C(F)(F)C(F)(F)C(F)(C(F)(F)F)C(F)(F)F,1.96257002
CCCN(CC(O)=O)S(=O)(=O)C(F)(F)C(F)(F)C(F)(F)C(F)(F)C(F)(F)C(F)(F)C(F)(F)C(F)(F)F,1.807396895
FC(F)(F)C(=O)C(F)(C(F)(F)F)C(F)(F)C(F)(F)F,1.928091634
FC(F)(C1(F)C(F)(F)C(F)(F)C(F)(F)C(F)(F)C1(F)F)C1(F)C(F)(F)C(F)(F)C2(F)C(F)(F)C(F)(F)C(F)(F)C(F)(F)C2(F)C1(F)F,2.83833188
OC(=O)C(F)(F)C(F)OC(F)(F)C(F)(F)C(F)(F)OC(F)(F)F,1.335998652
CN(CCO)S(=O)(=O)CCC(F)(F)C(F)(F)C(F)(F)C(F)(F)C(F)(F)C(F)(F)F,1.813766907
CCCOP(CC)OCCC.FC(F)(F)C(F)(F)C(F)(F)I,1.460763045
C[N+](C)([O-])CCCNS(=O)(=O)C(F)(F)C(F)(F)C(F)(F)C(F)(F)C(F)(F)F,1.291114106
[O-]S(=O)(=O)C(F)(F)F.[NH3+]C1=C(F)C(F)=C(F)C(F)=C1F,1.014216529
CC1=CC=C(C=C1)S([O-])(=O)=O.C[N+](C)(C)CCCNS(=O)(=O)CCC(F)(F)C(F)(F)C(F)(F)C(F)(F)C(F)(F)C(F)(F)C(F)(F)C(F)(F)F,1.19413056
CCN(CC)CC.FC(F)(F)C(F)(F)S(=O)(=O)NS(=O)(=O)C(F)(F)C(F)(F)F,0.280244048
FC(C(F)(F)F)C(F)(F)[Si](Cl)(Cl)Cl,2.06959575
CC(O)(C(F)(F)F)C(F)(F)F,1.034454942
FC(F)(Cl)C1(F)OC1(F)F,1.877156944
C1=CC=C(C=C1)[C+](C1=CC=CC=C1)C1=CC=CC=C1.FC1=C(F)C(F)=C(C(F)=C1F)[B-](C1=C(F)C(F)=C(F)C(F)=C1F)(C1=C(F)C(F)=C(F)C(F)=C1F)C1=C(F)C(F)=C(F)C(F)=C1F,2.916836773
FC1=C(OC(F)(F)F)OC(F)(F)O1,1.982626199
CC1(COCC(F)(F)C(F)(F)F)COC1,1.694232761
FC1C(F)(F)C=C(F)C1(F)F,2.547646228
OS(=O)(=O)C(F)(F)C(F)(F)OC(F)(C(F)(F)F)C(F)(F)OC(F)(F)C(F)F,1.609819671
F[C@H]([C@@H](F)C(F)(F)C(F)(F)F)C(F)(F)F,2.246593706
OC(=O)CC(F)(F)C(F)(F)C(F)(F)C(F)(F)C(F)(F)C(F)(F)C(F)(F)C(F)(F)C(F)(F)C(F)(F)F,2.068612698
CCOC(=O)C(OC(F)(F)C(F)(F)C(F)(F)C(F)(F)F)(C(F)(F)F)C(F)(F)F,2.206050191
OC(=O)C(F)(OC(F)(F)C(F)(OC(F)(F)C(F)(OC(F)(C(F)(F)F)C(F)(F)F)C(F)(F)F)C(F)(F)F)C(F)(F)F,2.012387556
FC(F)(F)C(F)(F)OC(F)(F)C(F)(OC(F)(F)C(F)(F)C(F)(F)F)C(F)(F)F,2.294740008
[O-]C(=O)C(F)(F)C(F)(F)C(F)(F)C(F)(F)C(F)(F)C(F)(F)C(F)(F)C(F)(F)C(F)(F)F,2.114670247
[O-]C(=O)C(F)(F)C(F)(F)C(F)(F)C(F)(F)C(F)(F)C(F)(F)C(F)(F)F,2.003974537
OS(=O)(=O)C(F)(F)C(F)(F)OC(F)(F)C(F)(F)C(F)(F)C(F)(F)C(F)(F)C(F)(F)C(F)(F)C(F)(F)Cl,1.953046935
CC(C)(CS([O-])(=O)=O)NC(=O)CCSCCC(F)(F)C(F)(F)C(F)(F)C(F)(F)F,1.186302902
CN(C)CCCN(CCC(O)=O)S(=O)(=O)C(F)(F)C(F)(F)C(F)(F)C(F)(F)C(F)(F)C(F)(F)C(F)(F)F,1.446945184
OC(=O)CC(F)(F)C(F)(F)C(F)(F)C(F)(F)C(F)(F)F,1.670285787
[H]C(F)(F)C(F)(F)C(F)(F)C(F)(F)C(F)(F)C(F)(F)C(F)(F)C(F)(F)C(F)(F)C(F)(F)C(F)(F)C(F)(F)C(F)(F)C(F)(F)C(F)(F)C(F)(F)C([O-])=O,2.33238306
OC(=O)C(F)(F)C(F)(F)C(F)(F)C(F)(F)C(F)(F)C(F)(F)C(F)(F)C(F)(F)C(F)(F)C(F)(F)C(F)(F)C(F)F,2.090168014
CN(C)(=O)CCCNC(=O)C(F)(F)C(F)(F)C(F)(F)C(F)(F)C(F)(F)C(F)(F)C(F)(F)C(F)(F)F,1.748878135
CN(C)CCCNC(=O)C(F)(F)C(F)(F)C(F)(F)C(F)(F)C(F)(F)C(F)(F)C(F)(F)C(F)(F)C(F)(F)F,1.871691074
O[14C](=O)C(F)(F)C(F)OC(F)(F)C(F)(F)C(F)(F)OC(F)(F)F,1.331512432
C[N+](C)(C)CCCNS(=O)C(F)(F)C(F)(F)C(F)(F)C(F)(F)C(F)(F)C(F)(F)C(F)(F)C(F)(F)C(F)(F)F,1.831000099
CCOC(OCC)[SiH2]CCC(F)(F)C(F)(F)C(F)(F)C(F)(F)F,1.792271288
OC(COP(O)(O)=O)CC(F)(F)C(F)(F)C(F)(F)C(F)(F)C(F)(C(F)(F)F)C(F)(F)F,1.676887461
FC(F)(F)C(F)(F)C(F)(C(F)(F)F)C1(F)C(F)(F)C(F)(F)C(F)(F)C2(F)C(F)(F)C(F)(F)C(F)(F)C(F)(F)C12F,2.861291895
FC(F)(F)C(=O)N1N=C(C=C1C(F)(F)F)C(F)(F)C(F)(F)C(F)(F)C(F)(F)C(F)(F)C(F)(F)F,2.212377288
OS(=O)(=O)C1=CC=C(OC(F)(F)C(F)(F)C(F)(F)C(F)(F)C(F)=C(F)F)C=C1,1.830583058
CC(=O)O[Si](CCC(F)(F)C(F)(F)C(F)(F)C(F)(F)C(F)(F)C(F)(F)F)(OC(C)=O)OC(C)=O,1.595681161
CC(NC(=O)C(C)NC(=O)CCSCCC(F)(F)C(F)(F)C(F)(F)C(F)(F)C(F)(F)C(F)(F)F)C(O)=O,1.088049517
[O-]C(=O)CCS(=O)CCC(F)(F)C(F)(F)C(F)(F)C(F)(F)C(F)(F)C(F)(F)F,1.762438994
FC(F)(F)C(F)(F)C(F)(F)C=C,2.141573517
FC(F)(F)C(F)(F)C(F)(F)CCCCBr,1.919613562
CCCCCC(I)CC(F)(F)C(F)(F)C(F)(F)F,2.104431265
CCCCCCCCC(F)(F)C(F)(F)C(F)(F)C(F)(F)F,2.346148743
CCCCCC(F)(F)C(F)(F)C(F)(F)C(F)(F)C(F)(F)F,2.346042022
CCCCCCC(F)(F)C(F)(F)C(F)(F)C(F)(F)C(F)(F)F,2.369208381
CCCCCCCCCCCCCCC(F)(F)C(F)(F)C(F)(F)C(F)(F)F,2.368942085
FC(F)(F)C(F)(F)CC(I)C(F)(F)C(F)(F)C(F)(F)C(F)(F)F,2.155618847
CCCCC(F)(F)C(F)(F)C(F)(F)C(F)(F)C(F)(F)C(F)(F)C(F)(F)C(F)(F)F,2.47811217
CCCCCC=CC(F)(F)C(F)(F)C(F)(F)C(F)(F)F,2.639584726
F\C(=C(\F)C(F)(F)C(F)(F)C(F)(F)F)C(F)(F)F,2.404351638
FC(F)(F)C(F)(F)C(F)(F)CCCCCCCCCCC(F)(F)C(F)(F)C(F)(F)F,2.268586512
FC(F)(F)C(F)(F)C(F)(F)C(F)(F)C(F)(F)C(F)(F)CCCCCCCCCCCBr,2.228257221
CC(C)(O)CCC(F)(F)C(F)(F)C(F)(F)C(F)(F)F,1.760386407
FC(F)(F)C(F)(F)C(F)(F)C(F)(F)C(F)(F)C(F)(F)C(F)(F)C(F)(F)C(F)(F)C(F)(F)CCCI,2.340866508
CCCCCCCCCCC=CC(F)(F)C(F)(F)C(F)(F)C(F)(F)F,2.626047695
FC(F)(F)C(F)(F)C(F)(F)C(F)(F)C(F)(F)C(F)(F)C(F)(F)C(F)(F)C(F)(F)C=C,2.565922678
CCCOCCC(F)(F)C(F)(F)C(F)(F)C(F)(F)F,2.060213346
OC(=O)CCCC(F)(F)C(F)(F)C(F)(F)C(F)(F)F,1.607103688
FC(F)(F)C(F)(F)C(F)(F)C(F)(F)C(F)(F)C(F)(F)C(F)(F)C(F)(F)CCCCCCCCCCBr,2.223532273
FC(F)(F)C(F)(F)C(F)(F)C(F)(F)C(F)(F)C(F)(F)C(F)(F)C(F)(F)C(F)(F)C(F)(F)C(Br)CBr,2.39638646
CC(O)C(F)(F)C(F)(F)C(F)(F)C(F)(F)C(F)(F)C(F)(F)F,1.943642103
CCCCCCCCCCCCCCCC(F)(F)C(F)(F)C(F)(F)C(F)(F)C(F)(F)C(F)(F)C(F)(F)C(F)(F)C(F)(F)F,2.457491065
FC(F)(F)C(F)(F)C(F)(F)C(F)(F)C(F)(F)C(F)(F)C(F)(F)C(F)(F)C(F)(F)C(F)(F)C(F)(F)C=C,2.610591795
COC(=O)CCC(F)(F)C(F)(F)C(F)(F)F,1.543026543
CC(N)C(O)C(F)(F)C(F)(F)C(F)(F)F,1.317676193
COC(F)(F)C(F)(F)C(F)(F)C(F)(F)C(F)(F)F,2.082821943
FC(F)(F)C(F)(F)C(F)(F)C(F)(F)CC(I)CCCCC(I)CC(F)(F)C(F)(F)C(F)(F)C(F)(F)F,2.195528203
CCCCCCCCCCCCCCC(F)(F)C(F)(F)C(F)(F)C(F)(F)C(F)(F)C(F)(F)C(F)(F)C(F)(F)C(F)(F)C(F)(F)C(F)(F)C(F)(F)F,2.454547909
CCCCCCCCCCCCCCCCCCCCC(F)(F)C(F)(F)C(F)(F)C(F)(F)C(F)(F)C(F)(F)C(F)(F)C(F)(F)C(F)(F)C(F)(F)F,2.40404791
FC(F)(F)C(F)(F)C(F)(F)C(F)(F)C(F)(F)C(F)(F)C(F)(F)C(F)(F)CCC=O,2.27333531
FC(F)=C(F)C(F)(F)C(F)(F)C(F)(F)C(F)(F)C(F)(F)C(F)(F)C(F)(F)C(F)(F)C(F)(F)F,2.609290692
FC(F)(F)C(F)(F)C(F)(F)C(F)(F)C(F)(F)C(F)(F)C(F)(F)C(F)(F)C(F)(F)C(F)(F)C(F)(F)C(F)(F)C(F)(F)C(F)(F)C=C,2.670745204
FC(F)(F)C(F)(F)C(F)(F)C(C=CC=C)(C(F)(F)F)C(F)(F)F,2.834761325
OP(O)(=O)CCC(F)(F)C(F)(F)C(F)(F)C(F)(F)F,1.63787877
COC(=O)OCC(F)(F)C(F)(F)C(F)(F)F,1.691162414
CCCC(=O)OCC(F)(F)C(F)(F)C(F)(F)F,1.745588241
CCCCCCCCCCCCCCC=CC(F)(F)C(F)(F)C(F)(F)C(F)(F)C(F)(F)C(F)(F)F,2.565140267
FC(=CC=O)C(F)(F)C(F)(F)C(F)(F)C(F)(F)C(F)(F)F,2.250273919
FC(F)(F)C(F)(F)C(F)(F)C(F)(F)C(F)(F)C(F)(F)C(F)(F)C(F)(F)C(F)(F)C(F)(F)CC=O,2.332744628
CO[Si](CCC(F)(F)C(F)(F)C(F)(F)C(F)(F)C(F)(F)C(F)(F)C(F)(F)C(F)(F)C(F)(F)C(F)(F)F)(OC)OC,2.10532177
FC(F)(F)C(F)(F)C(F)(F)C(F)(F)C1=CC=C(C=C)C=C1,2.29639406
FC(F)(F)C(F)(F)C(F)(F)C(F)(F)C\C=C/C1=CC=CC=C1,2.634140931
FC(F)(F)C(F)(F)C(F)(F)COCC1CO1,1.721322307
CC(C)(C)OC(=O)C(F)(F)C(F)(F)C(F)(F)F,1.880618951
CC(=O)OCCC(F)(F)C(F)(F)C(F)(F)C(F)(F)F,1.751981014
CC1=CC=C(N)C=C1.OP(O)(=O)C(F)(F)C(F)(F)C(F)(F)C(F)(F)C(F)(F)C(F)(F)F,1.302657022
CCO[Si](OCC)(OCC)C(F)(F)C(F)(F)C(F)(F)C(F)(F)C(F)(F)C(F)(F)C(F)(F)C(F)(F)C(F)(F)C(F)(F)F,2.056160307
CN(C)[Si](CCC(F)(F)C(F)(F)C(F)(F)C(F)(F)C(F)(F)C(F)(F)C(F)(F)C(F)(F)F)(N(C)C)N(C)C,1.714439339
FC(F)(F)C(F)(F)C(F)(F)C(F)(F)C(F)(F)C(F)(F)CCN=C=O,2.090569254
CCOP(O)(=O)CCC(F)(F)C(F)(F)C(F)(F)C(F)(F)C(F)(F)C(F)(F)F,1.801817142
CCOC(=O)C(=C)C(F)(F)C(F)(F)C(F)(F)C(F)(F)F,1.965859077
FC(=O)C(F)(F)C(F)(F)C(F)(F)C(F)(F)C(F)(F)C(F)(F)C(F)(F)C(F)(F)C(F)(F)C(F)(F)C(F)(F)C(F)(F)C(F)(F)C(F)(F)C(F)(F)F,2.481466747
FC(F)(F)C(F)(F)C(F)(F)C(F)(F)C(F)(F)C(=O)OC=C,1.962853908
CCOC(=O)C(N)CC(F)(F)C(F)(F)C(F)(F)F,1.408087429
FC(F)(F)C(F)(F)C(F)(F)C1=CC(Br)=CC=N1,2.039492914
FC(F)(F)C(F)(F)C(F)(F)C1=C2C=CC=CC2=CC=N1,2.199488992
CCCCN(CCCC)C(=O)C(F)(F)C(F)(F)C(F)(F)F,1.829229588
OC(COCCC(F)(F)C(F)(F)C(F)(F)C(F)(F)F)COCCC(F)(F)C(F)(F)C(F)(F)C(F)(F)F,1.993004973
FC(F)(F)C(F)(F)C(F)(F)C(=O)OC(C(F)(F)F)(C(F)(F)F)C(F)(F)F,2.29069789
FC(F)(F)C(F)(F)C(F)(F)C(F)(F)C(F)(F)C(F)(F)C(F)(F)C(=O)OCC=C,2.133585292
OC1=CC=C(OCCC(F)(F)C(F)(F)C(F)(F)C(F)(F)F)C=C1,2.029363896
FC(F)=C.FC(F)=C(F)C(F)(F)F,1.832855764
OC(=O)C1=CC=CC=C1C(F)(F)C(F)(F)C(F)(F)C(F)(F)F,1.686459837
FC(F)(F)C(F)(F)C(F)(F)C(F)(F)C(F)(F)C(F)(F)C(F)(F)C(F)(F)C(F)(F)C(=O)OC=C,2.216138217
CC(C)CCOC(=O)C(F)(F)C(F)(F)C(F)(F)C(F)(F)C(F)(F)C(F)(F)C(F)(F)C(F)(F)F,2.280635108
FC(F)(F)C(F)(F)C(F)(F)C(F)(F)C(=O)C1=CC=C(Br)C=C1,2.228938128
COC(=O)C(F)(OC(F)(F)C(F)(F)C(F)(F)C(F)(F)C(F)(F)F)C(F)(F)F,1.990374798
FC(F)(F)C(F)(F)C(F)(F)C(F)(F)C(F)(F)C(F)(F)C(F)(F)C(F)(F)C1=CC=CS1,2.290606759
FC(F)(F)C(F)(F)C(F)(F)C1=C2C=CN=C(C=O)C2=CC=C1,2.074017413
FC(F)(F)C(F)(F)C(F)(F)C(F)(F)C(=O)C1CCCC1=O,1.623944957
CCN(CC)C(=O)C(F)(F)C(F)(F)C(F)(F)C(F)(F)C(F)(F)C(F)(F)C(F)(F)C(F)(F)F,1.962772647
COC1=CC=C(C=C1)C(=O)CC(=O)C(F)(F)C(F)(F)C(F)(F)F,1.7720401
FC(F)(F)C(F)(F)C(F)(F)COP(=O)(OCC(F)(F)C(F)(F)C(F)(F)F)C1=CC=CC=C1,2.172587306
FC1=C(F)C(F)=C(C(=O)C(F)(F)C(F)(F)C(F)(F)F)C(F)=C1F,2.57119942
FC(F)(F)C(F)(F)C(F)(F)C(=O)NCCCC1=CC=CC=C1,1.574531563
CC1=CC=C(OS(=O)(=O)C(F)(F)C(F)(F)C(F)(F)C(F)(F)F)C=C1,1.721269707
FC(F)(F)C(F)(F)C(F)(F)C(F)(F)C(F)(F)C(F)(F)C(F)(F)C(F)(F)CC(I)[Si]12OCCN(CCO1)CCO2,1.617467031
FC(F)(F)C(F)(F)C(F)(F)C(F)(F)C(=O)NC1=CC=CC=C1,1.774310133
FC(F)(F)C(F)(F)C(F)(F)C(=O)N1CCOCC1,1.162428279
CCOC(=O)CNC(=O)C(F)(F)C(F)(F)C(F)(F)F,1.189390466
FC(F)(F)C(F)(F)C(F)(F)C1=NCCN1CC1=CC=CC=C1,1.598427986
FC(F)(F)C(F)(F)C(F)(F)C(F)(F)C(F)(F)C(F)(F)C(=N)NC(=N)C1=CC=CC=C1,1.703211495
CC1=C(NC2=C1C=CC=C2)C(F)(F)C(F)(F)C(F)(F)C(F)(F)F,2.058186996
FC(F)(F)C(F)(F)C(F)(F)C(F)(F)S(=O)(=O)OC1=CC=CC=C1C#N,1.670705299
CNC1=NN=C(O1)C(F)(F)C(F)(F)C(F)(F)F,1.63158598
FC1=CC=C(C=C1)S(=O)(=O)C(F)(F)C(F)(F)C(F)(F)C(F)(F)C(F)(F)C(F)(F)F,1.89534401
FC(F)(F)C(F)(F)C(F)(F)C(=O)NC1=C(Cl)C(Cl)=CC=C1,2.309696102
FC1=C(F)C(F)=C(NC(=O)C(F)(F)C(F)(F)C(F)(F)F)C(F)=C1F,2.155565972
FC(F)(F)C(F)(F)C(F)(F)C(F)(F)S(=O)(=O)OC1=C2N=CC=CC2=CC=C1,1.856095953
CC[Si](CC)(CC)OC1=C(O[Si](CC)(CC)CC)C=C(CCCSCCC(F)(F)C(F)(F)C(F)(F)C(F)(F)C(F)(F)C(F)(F)F)C=C1,2.279012088
CCOC(=O)CC1=NNC(=C1)C(F)(F)C(F)(F)C(F)(F)F,1.467423529
FC(F)(F)C(F)(F)C(F)(F)C(F)(F)C(F)(F)C(F)(F)C(=N)ONC(=N)C1=CC=CC=C1,1.793418932
CN1C(SC2=CC=CC=C12)=CC(=O)C(F)(F)C(F)(F)C(F)(F)F,2.047401912
CC1=C(C)C=C2N=C(CC(=O)NC2=C1)C(F)(F)C(F)(F)C(F)(F)F,1.538047277
COC1=CC(CO)=C(C=C1OCCCC(F)(F)C(F)(F)C(F)(F)C(F)(F)C(F)(F)C(F)(F)C(F)(F)C(F)(F)F)[N+]([O-])=O,2.291650586
COC1=CC=C(NC(=O)C(F)(F)C(F)(F)C(F)(F)F)C(=C1)[N+]([O-])=O,1.8157332
Cl.FC(F)(F)C(F)(F)C(F)(F)C(F)(F)OC1=CC=C(NC(=O)C2=CC=CN=C2)C=C1,1.972794978
CCOC(=O)C(=CC1=CC=C(C=C1)N(C)C)S(=O)(=O)C(F)(F)C(F)(F)C(F)(F)C(F)(F)F,1.809693323
CC(=O)NS(=O)(=O)C1=CC=C(NS(=O)(=O)C(F)(F)C(F)(F)C(F)(F)C(F)(F)F)C=C1,0.500732415
[O-][N+](=O)C1=CC(=C2C(=C1)C(=O)C1=C2C(=CC(=C1)[N+]([O-])=O)C(=O)OCC(F)(F)C(F)(F)C(F)(F)C(F)(F)F)[N+]([O-])=O,2.140442953
CCOC(=O)C1C(C(C(=O)OCC)C(O)(OC1(O)C(F)(F)C(F)(F)C(F)(F)C(F)(F)F)C(F)(F)C(F)(F)C(F)(F)C(F)(F)F)C1=CC=CC=C1,1.792780463
OCC(F)(F)C(F)(C(F)(F)F)C(F)(F)F,1.567116636
OC\C=C\C(F)(C(F)(F)F)C(F)(F)F,1.800686187
NC1=CC=CC(=C1)C(F)(C(F)(F)F)C(F)(F)F,1.860224597
F\C(=C(/C(F)(F)C(F)(F)F)C(F)(C(F)(F)F)C(F)(F)F)C(F)(F)F,2.821962639
FC(F)(F)C(F)(C1=CC(Cl)=C(Br)C(Cl)=C1)C(F)(F)F,3.11610959
COC(=O)C1=CC=C(C=C1)C(F)(C(F)(F)F)C(F)(F)F,1.99433939
FC(F)(F)C(F)(C1=CC(=CC=N1)C#N)C(F)(F)F,1.699386136
NC1=C(C=C(C=C1I)C(F)(C(F)(F)F)C(F)(F)F)C(F)(F)F,2.285758465
[O-][N+](=O)C1=C(F)C(F)=C(C(F)=C1F)C(F)(C(F)(F)F)C(F)(F)F,2.430810004
FC(F)(F)C(F)(CCC1S(=O)(=O)C(CCC(F)(C(F)(F)F)C(F)(F)F)S1(=O)=O)C(F)(F)F,1.714617081
CCC(C)SC1=C(C)C(=CC=C1C(F)(C(F)(F)F)C(F)(F)F)C(O)=O,2.035630692
CCC1=C(SC(C)(C)C)C(=CC=C1C(O)=O)C(F)(C(F)(F)F)C(F)(F)F,2.168753054
CCC1=C(C(=CC=C1C(O)=O)C(F)(C(F)(F)F)C(F)(F)F)S(=O)C(C)C,1.772660739
CC(C)CS(=O)C1=C(C)C(=CC=C1C(F)(C(F)(F)F)C(F)(F)F)C(O)=O,1.759731673
FC1=C2C(=O)OC(F)(C2=C(F)C(F)=C1F)C(F)(C(F)(F)F)C(F)(F)F,2.556995107
CCCCS(=O)(=O)C1=C(CC)C(=CC=C1C(F)(C(F)(F)F)C(F)(F)F)C(O)=O,1.534900818
CC1=CC(=CC(C)=C1NC(=O)C1=CC=CC(NC(=O)C2=CC=C(Cl)C=C2[N+]([O-])=O)=C1)C(F)(C(F)(F)F)C(F)(F)F,1.852300516
CC1=CC(=CC(C)=C1NC(=O)C1=C(F)C(NC(=O)C2=CC=C(Cl)C=C2[N+]([O-])=O)=CC=C1)C(F)(C(F)(F)F)C(F)(F)F,1.909027662
FC(F)(F)OC(F)(F)C(F)(F)OC(F)(F)C(F)(F)OC(F)(F)C(F)(F)OC1(F)C(CC1(F)F)C=C,2.185949278
FC1=C(F)C(F)=C(OC(F)(F)C(F)(F)F)C(F)=C1F,3.144038182
OCC(F)(OC(F)(F)C(F)(OC(F)(F)C(F)(OC(F)(F)C(F)(F)C(F)(F)F)C(F)(F)F)C(F)(F)F)C(F)(F)F,2.196880406
COCCOC(=O)C(F)(OC(F)(F)C(F)(F)C(F)(F)F)C(F)(F)F,1.805706921
CCC(C)OC(=O)C(F)(OC(F)(F)C(F)(OC(F)(F)C(F)(F)C(F)(F)F)C(F)(F)F)C(F)(F)F,2.155944503
FC(OC(F)(F)C(F)(F)C(F)(F)F)C(F)(F)OC1=CC(C=C)=CC=C1,2.304647885
FC(F)(F)C(F)(F)C(F)(F)OC(F)(C(F)(F)F)C(F)(F)OC(F)(C(=O)OCC1=CC=CC=C1)C(F)(F)F,2.192063059
OCCNC(=O)C(F)(OC(F)(F)C(F)(OC(F)(F)C(F)(F)C(F)(F)F)C(F)(F)F)C(F)(F)F,1.816799842
FC(F)(F)C(F)(OC(F)(F)C(F)(F)C(F)(F)F)C(N1N=NC2=CC=CC=C12)N1CCCCC1,1.7433408
FC(F)(F)C(F)(OC(=O)C1=CC=CC=C1)C(F)(F)F,2.217284583
OC(=O)C(C(F)(F)F)(C(F)(F)F)C(F)(F)C(F)(C(F)(F)F)C(F)(F)F,1.784865086
OC(=O)C(F)(F)C(F)(C(F)(F)F)C(C(F)(F)F)(C(F)(F)F)C(F)(F)F,1.900354092
OC(=O)C(F)(F)C(F)(F)C(C(F)(F)F)(C(F)(F)F)C(F)(F)C(F)(F)F,1.83007458
CC(=C)C(=O)OC(C(F)(F)F)(C(F)(F)F)C(F)(F)C(F)(F)F,2.286756536
FC(F)(F)C(F)(F)C(F)(F)OC(F)(C(F)(F)F)C(F)(F)OC(F)(C(F)(F)F)C(F)(OC(F)(F)C(F)(OC(F)(F)C(F)(F)C(F)(F)F)C(F)(F)F)C(F)(F)F,2.609011003
F\C=C(/F)C(F)(F)C(F)(F)C(F)(F)C(F)(F)F,2.788893347
FC(F)(F)C(F)(F)C(F)(F)\C=C\C(F)(F)C(F)(F)C(F)(F)F,2.562743434
FC(F)=NC(F)(F)C(F)(F)C(F)(F)C(F)(F)F,1.941625203
FC(F)(F)C(F)(F)C(F)(F)C(F)(F)C(F)(F)C(F)(F)C(F)(F)\C=C\C(F)(F)C(F)(F)C(F)(F)C(F)(F)C(F)(F)C(F)(F)C(F)(F)F,2.717397917
COP(=O)(CCC(F)(F)C(F)(F)C(F)(F)C(F)(F)C(F)(F)C(F)(F)C(F)(F)C(F)(F)F)OC,1.92814924
FC(F)(F)C(F)(F)C(F)(F)C(F)(F)S(=O)(=O)C(S(=O)(=O)C(F)(F)C(F)(F)C(F)(F)C(F)(F)F)S(=O)(=O)C(F)(F)C(F)(F)C(F)(F)C(F)(F)F,2.159525219
NCC(=O)NC1=CC(=CC=C1C(F)(F)C(F)(F)C(F)(F)F)B(O)O,1.404538716
F\C(=C(/F)C(F)(C(F)(F)F)C(F)(F)F)C(=O)C(F)(F)C(F)(F)F,2.241044985
CO[Si](CCCOC(F)(F)C(F)(F)C(F)(F)F)(OC)OC,1.432067759
CC=CC(F)(F)C(F)(F)C(F)(F)C(F)(F)C(F)(F)C(F)(F)F,2.554178191
OC(C1=CC=CN1)C(F)(F)C(F)(F)C(F)(F)F,1.433268097
FC(F)(F)S(=O)(=O)[N-]S(=O)(=O)C(F)(F)F.C[NH+]1CN(CCC(F)(F)C(F)(F)C(F)(F)C(F)(F)F)C=C1,1.129273391
[H]\C(=C(\[H])C(=O)OCCC(F)(F)C(F)(F)C(F)(F)C(F)(F)C(F)(F)C(F)(F)F)C(=O)OCCC(F)(F)C(F)(F)C(F)(F)C(F)(F)C(F)(F)C(F)(F)F,2.213903325
CCOC(=O)C(CC(O)=O)NC(=O)C(F)(F)C(F)(F)C(F)(F)F,0.749574906
FC(F)(F)C(F)(F)C(F)(F)C(F)(F)N1OC1(F)C(F)(F)C(F)(F)C(F)(F)F,2.004627349
[H]C(CCCCCCCC[C@]1([H])CC2=CC(O)=CC=C2[C@@]2([H])CC[C@]3(C)C(=O)CC[C@@]3([H])[C@]12[H])(CCCC(F)(F)C(F)(F)C(F)(F)C(F)(F)F)C(O)=O,1.8711113
FC(=O)C(F)=C(F)C(F)(C(F)(F)F)C(F)(F)F,1.896303609
[H][C@@]1(CC[C@@]2([H])[C@]3([H])[C@H](O)C=C4C[C@@H](O)CC[C@]4(C)[C@@]3([H])CC[C@]12C)[C@H](C)CCCC(F)(C(F)(F)F)C(F)(F)F,2.127995378
[NH4+].[O-]S(=O)(=O)OCCC(F)(F)C(F)(F)C(F)(F)C(F)(F)C(F)(F)C(F)(F)C(F)(F)C(F)(F)F,1.487559276
CCC(C)(C)C1=CC(=C(OCCCCCC(=O)NC2=CC(O)=C(NC(=O)C(F)(F)C(F)(F)C(F)C(F)(F)F)C=C2)C=C1)C(C)(C)CC,1.766900562
OS(=O)(=O)C(F)(F)C(F)(F)C(F)(F)C(F)(F)C(F)(F)C(F)(F)C(F)(F)C(F)(F)C(F)(F)C(F)(F)C(F)(F)F,2.092608597
[O-]S(=O)(=O)C(F)(F)C(F)(F)C(F)(F)C(F)(F)C(F)(F)C(F)(F)C(F)(F)C(F)(F)C(F)(F)C(F)(F)C(F)(F)F,1.920896212
FC(F)OC(F)(F)[C@H](F)Cl,1.551992603
FC(F)O[C@H](Cl)C(F)(F)F,1.495233992
OC(=O)C(F)(OC(F)(F)C(F)(OC(F)(F)C(F)(F)S(O)(=O)=O)C(F)(F)F)C(F)(F)F,1.152279457
OS(=O)(=O)C(F)(F)C(F)OC(F)(F)C(F)(F)C(F)(F)F,1.257460298
CC1=CC(=CC=C1NC(=O)N=C(O)C1=C(F)C=CC=C1F)S(=O)C(F)(F)C(F)F,1.509337119
OC(=NC(=O)NC1=C(Cl)C=C(C(Cl)=C1)S(=O)C(F)(F)C(F)F)C1=C(F)C=CC=C1F,2.091025808
CCOB1OC(CC(O1)(C(F)(F)F)C(F)(F)F)C(C)(C)C,2.552305289
OC(CC1CCOC1=O)(C(F)(F)F)C(F)(F)F,0.979271969
OC(CC(=O)CC(O)(C(F)(F)F)C(F)(F)Cl)(C(F)(F)F)C(F)(F)Cl,1.189075625
OC(C1CCC(C1=O)C(O)(C(F)(F)Cl)C(F)(F)Cl)(C(F)(F)Cl)C(F)(F)Cl,1.385711466
FC1(F)SSC2C3CCC(C3)C2C1(F)F,2.349258614
FC(F)(F)C(F)(C1=CC2=C(NC(=O)NC2=O)C=C1)C(F)(F)F,1.560709308
[H][C@@]1(C=C(Br)Br)[C@@]([H])(C(O)=O)C1(C(F)(F)F)C(F)(F)F,1.819223957
COC1=CC=NC(CS(=O)C2=NC3=C(N2)C=C(OC(F)(F)C(F)F)C=C3)=C1,1.937405598
COC1=C(F)C=C(C=C1)C1=C(N=NC2=C(C=NN12)C1=CC=CC=C1)C(=O)C(F)(F)C(F)(F)F,2.375076864
FC(F)(F)N1N2N1C(CC21CCCCC1)(C(F)(F)F)C(F)(F)F,2.060949505
C[N+](C)(C)CC(CC([O-])=O)OC(=O)CCCCC(F)(F)C(F)(F)C(F)(F)C(F)(F)C(F)(F)C(F)(F)F,1.684196701
CC1=C(C=C(C=C1)N=C(O)OCC(F)(F)C(F)(F)C(F)(F)C(F)(F)C(F)(F)C(F)F)N=C(O)OCC(F)(F)C(F)(F)C(F)(F)C(F)(F)C(F)(F)C(F)F,1.95569871
FCCC(F)(F)C(F)(F)F,1.859671726
[H][C@@](N)(C(O)=O)C(F)(F)F,0.381188784
FC(OC(F)(F)F)C(F)(F)F,1.608416262
OC(=O)C1=C(F)C(F)=C(C=C1)C(F)(F)F,1.469452161
COC1=C(F)C(F)=C(N=NC2=C(F)C(F)=C(OC)C(F)=C2F)C(F)=C1F,2.505424727
CC1NC(OC1C1=CC=CC=C1)(C(F)(F)F)C(F)(F)F,1.736740141
FC(F)(F)C(F)(F)N(C(F)(F)C(F)(F)F)C1(F)C(F)(F)C(F)(F)C(F)(F)C(F)(F)C1(F)F,2.268616847
CC(CC(O)=O)C(F)(F)F,1.078968076
CCC(C(O)C1=CC=C(Cl)C=C1)C(O)(C(F)(F)F)C(F)(F)F,1.771513254
FC(F)OC(F)C(F)(F)C(F)F,1.574305403
FC(F)(F)C(F)(F)C(F)(F)OC(F)(F)C(F)(F)C(F)(F)F,2.177638101
OC(=N)C(F)(F)C(F)(F)C(O)=N,-0.350763007
CCOC(F)(F)C(F)Br,1.283229539
CC(F)(F)C(F)(F)C(F)(F)C(O)(F)F,1.572567529
FC1=C(F)C(F)=C(I)C=C1,3.46545954
CCOP(=O)(OCC)C1=C(C(F)(F)C(F)(F)C1(F)F)P(=O)(OCC)OCC,1.803512957
CC1=CC(N=C(O)C(C(F)(F)F)C(F)(F)F)=NC=C1,1.469603709
C[Si](C)(N)C1=C(F)C(F)=C(F)C(F)=C1F,2.065145664
OC(CC(O)=O)C(C(F)(F)F)C(F)(F)F,0.93575642
CC(CO)C(F)(F)C(F)C(F)(F)F,1.475564506
OC(C(O)=O)C1=C(F)C(F)=C(F)C(F)=C1F,1.412736561
FC(F)C(F)(F)COP1(OCC(F)(F)C(F)F)=NP(OCC(F)(F)C(F)F)(OCC(F)(F)C(F)F)=NP(Cl)(Cl)=N1,2.053994576
FC1(F)CCC1(F)Cl,2.309646712
CCOC1=CC=C(C=C1)C1(CC(F)(F)C1(F)F)C(=O)OC(C#C)C1=CC(OC2=CC=CC=C2)=CC=C1,3.027654868
FC(Cl)C(F)=S,1.316202799
FC(F)(F)C(F)(F)C(F)(F)C(=O)OC1=C(Br)C2=CC=C(Br)C=C2C=C1,2.719811861
FC(F)(F)C1(C2CCC(C2)C1(C#N)C#N)C(F)(F)F,2.39743035
FC(F)(F)C(F)(Cl)C(F)(F)OCC=C,1.871659841
FC(F)(Cl)C(F)(Cl)OC(F)(F)C(F)(F)Br,1.820616371
[H]N1N=C(C(C(O)=O)=C1OC(F)F)C(F)(F)F,1.097229231
OS(=O)(=O)C(F)(F)C(F)(F)C(F)(F)C(F)(F)C(F)(F)C(F)(F)C(F)(F)C(F)(F)C(F)(F)C(F)(F)C(F)(F)C(F)(F)C(F)(F)C(F)(F)C(F)(F)C(F)(F)F,2.30574446
FC(F)(F)S(=O)(=O)OS(=O)(=O)C(F)(F)F,0.501403837
[H]C(F)(F)CC(F)(F)C(O)=O,0.49566489
OC(=O)C(F)(OC(F)(F)C(F)(OC(F)(F)F)C(F)(F)F)C(F)(F)F,1.486612812
FC(F)OS(=O)(=O)C(F)(F)F,0.532625492
[H]C(C)(CCC(=O)OC(C(F)(F)F)C(F)(F)F)[C@@]1([H])CC[C@@]2([H])[C@]3([H])[C@@]([H])(OC(=O)C(F)(F)F)[C@@]([H])(OC(=O)C(F)(F)F)[C@]4([H])C[C@@]([H])(CC[C@]4(C)[C@@]3([H])CC[C@]12C)OC(=O)C(F)(F)F,2.171645807
OS(=O)(=O)C(F)(F)C(F)(C(F)(F)F)C(F)(F)C(F)(F)C(F)(F)C(F)(F)C(F)(F)F,1.891187128
[H]C(F)(F)C(F)(F)C(F)(F)C(F)(F)C(F)(F)C(F)(F)C(F)(F)C(F)(F)S(O)(=O)=O,1.86042583
CCOC(=O)C(F)(F)C(F)(F)C(F)(F)C(F)(F)C(F)(F)C(F)(F)C(F)(F)C(F)(F)C(F)(F)F,2.183383428
FCC(F)C(F)(F)Cl,1.658484813
CC(=C)C(=O)OCCNCS(=O)(=O)C(F)(F)C(F)(F)C(F)(F)C(F)(F)C(F)(F)C(F)(F)F,1.595742063
CN(CC(O)=O)S(=O)(=O)C1=CC=C(OC(F)(F)C(F)(F)C(F)(F)C(F)(F)C(F)(F)C(F)(F)C(F)(F)C(F)(F)CF)C=C1,1.842292024
C[N+](C)(C)CCCNS(=O)(=O)C1=CC=C(OC(=C(C(F)(C(F)(F)F)C(F)(F)F)C(F)(C(F)(F)F)C(F)(F)F)C(F)(F)F)C=C1,2.201328771
FC(=C(OC1=CC=C(C=C1)S(Cl)(=O)=O)C(F)(F)F)C(F)(C(F)(F)F)C(F)(F)F,2.126017445
FC(F)(F)C(F)(F)C(F)(F)C(F)(F)\C=C\C(F)(F)C(F)(F)C(F)(F)C(F)(F)F,2.599811264
OP(O)(=O)OC(F)(F)C(F)(F)C(F)(F)C(F)(F)C(F)(F)C(F)(F)C(F)(F)F,1.838526658
CN(CCC[N+](C)(C)CCCS(O)(=O)=O)S(=O)(=O)C(F)(F)C(F)(F)C(F)(F)C(F)(F)C(F)(F)C(F)(F)F,1.369252065
OS(=O)(=O)C(F)(F)C(F)(F)C(F)(F)C(F)C(F)=C(F)C(F)(F)F,1.62040442
OC1=CC=C(OCC(F)(F)C(F)(F)F)C=C1,2.003609732
FC(C(F)(F)F)C(F)(F)N1C=CN=C1,1.545737033
OCCOCCOC1=CC=C(C=C1)C(F)(F)C(F)(F)C1=CC=C(OCCOCCO)C=C1,1.946514428
C[Si](C)(C)OC(=O)C(F)(F)C(F)(F)C(F)(F)C(F)(F)C(F)(F)C(F)(F)C(F)(F)C(F)(F)F,2.270389027
OC1=CC=C(NCC(F)(F)C(F)(F)C(F)(F)F)C=C1,1.639144025
COCC(F)(F)C(F)(F)C(F)(F)C(F)(F)C(F)(F)F,2.088481642
FC(F)(F)C(F)(F)C#CC(F)(F)C(F)(F)F.FC(F)(F)C(F)(F)C#CC(F)(F)C(F)(F)F,2.425417161
FC(F)C(F)(F)C(F)(F)C(F)(F)C(F)(F)C(F)(F)C(F)(F)C(F)(F)C(Br)=O,2.14563338
N[C@@H](CCC(F)(F)C(F)(F)F)C(O)=O,0.943282166
CO[C@](F)(C(N)=O)C(F)(F)F,0.91130983
[H][C@]1(CCCN1C(=O)[C@@H](NC(=O)C1=CC=C(C=C1)C(=O)N1CCOCC1)C(C)C)C(=O)N[C@H](C(C)C)C(=O)C(F)(F)C(F)(F)F,1.04477631
NC1=C(C=CC=C1)C(=O)C(F)(F)C(F)(F)C(F)(F)F,1.735130345
FC1=C(C(F)=C(Br)N=C1Br)C(F)(C(F)(F)F)C(F)(F)F,2.211292099
NCC(F)(F)C(F)(F)C(F)F,1.275864846
CC(C)C1=NC(=NC=C1C(O)=O)C(F)(F)C(F)(F)C(F)(F)F,1.2124136
CC1=NN(CC(F)(F)C(F)F)C(C)=C1N,1.069835681
FC(F)(Cl)C1(F)OC(F)(F)C=C1,1.92759958
FC(F)(F)C(F)(F)C1=NC2=C(N1)C=NC=C2,1.562116836
FC(F)(F)C(F)(F)C1=CC(I)=C(Cl)N=C1,2.260746095
FC(F)(F)C(F)(F)COCCC#N,1.328507635
FC(F)C(F)(F)C(F)(F)C(F)(F)C(=S)N1CCOCC1,1.50413972
FC(F)(F)C1(F)CCNC1,1.019163053
FC(C(F)(F)F)C(F)(F)C=O,1.563394702
FC(Cl)O[C@@H](F)C(F)(F)F,1.253616307
[O-][N+](=O)C1=CC=CC=C1S(=O)(=O)OCC(F)(F)C(F)F,1.51156166
FC(F)(F)C(F)(F)C(Cl)Br,1.73651696
OC(CNCC1=CC=CC=C1)COC(F)(F)C(F)F,1.255145893
FC(F)=C(F)C(F)(F)OC(F)(F)C(F)(F)S(F)(=O)=O,1.549371385
OC(=O)C(F)(OC(F)(F)C(F)=C)C(F)(F)F,1.054755967
FC(F)=C(F)OC(F)(F)C(F)(F)C(F)(Cl)C(F)(F)Cl,2.262547807
OC(=O)C(F)(OC(F)(F)C(F)(OC(F)(F)C(F)(OC(F)(F)F)C(F)(F)F)C(F)(F)F)C(F)(F)F,1.79653532
OP(O)(=O)CCC(F)(OC(F)(F)C(F)(OC(F)(F)C(F)(OC(F)(F)C(F)(F)C(F)(F)F)C(F)(F)F)C(F)(F)F)C(F)(F)F,2.107485346
COC(=O)C(F)(F)C(F)(F)OC(F)(F)C(C(F)(F)OC(F)(F)C(F)(F)C(=O)OC)(C(F)(F)OC(F)(F)C(F)(F)C(=O)OC)C(F)(F)OC(F)(F)C(F)(F)C(=O)OC,1.805381033
CC(F)(F)C(F)(F)OC(F)(C(O)=O)C(F)(F)F,1.24316291
CC1=CC(=CC=C1NC(=O)C1=CC=CC(O)=C1C(=O)NC(C)(C)CS(C)(=O)=O)C(F)(C(F)(F)F)C(F)(F)F,1.140963122
[NH4+].[NH-]S(=O)(=O)C(F)(F)C(F)(F)C(F)(F)C(F)(F)F,0.88177611
CN(CCOC(=O)CCCCCCCCCCCCCCCCC(=O)OCCN(C)S(=O)(=O)C(F)(F)C(F)(F)C(F)(F)C(F)(F)F)S(=O)(=O)C(F)(F)C(F)(F)C(F)(F)C(F)(F)F,1.406408788
OC(=O)C=C(F)C(F)(F)C(F)(F)C(F)(F)C(F)(F)C(F)(F)C(F)(F)C(F)(F)C(F)(F)C(F)(F)C(F)(F)C(F)(F)F,2.176616877
CCNS(=O)(=O)C(F)(F)C(F)(F)C(F)(F)C(F)(F)F,1.15656681
[O-]C(=O)C(F)(F)C(F)(F)C(F)(F)C(F)(F)C(F)(F)C(F)(F)C(F)(F)C(F)(F)C(F)(F)C(F)(F)C(F)(F)C(F)(F)C(F)(F)C(F)(F)C(F)(F)C(F)(F)C(F)(F)F,2.376156413
[O-]C(=O)C(F)(F)C(F)(F)C(F)(F)C([O-])=O,1.07288784
CCCOCC(F)(F)C(F)(F)F,1.739958212
FCCCOCC(F)(F)C(F)(F)F,1.670770299
OS(=O)(=O)C(F)(F)C(F)(F)C(F)(F)S(O)(=O)=O,0.216468709
FC(F)(Cl)C(F)(Cl)C(F)(F)C(F)(Cl)I,2.083825423
OC(CN(CC1=CC(=CC=C1)C(F)(F)C(F)(F)C(F)(F)F)C1=CC(OC2=CC(=NC=C2)C(F)(F)F)=CC=C1)C(F)(F)F,2.36873029
NC1=C(F)C(OC(F)=C(F)C(F)(F)C(F)(F)C(F)(F)C(F)(F)C(F)(F)C(F)(F)C(F)(F)F)=C(N)C(F)=C1F,2.107338488
FC(F)(COC(=O)C=C)C(F)(F)COC(=O)C=C,1.645845977
CCN(C(F)(F)C(F)(F)OC(=O)C=C)S(=O)(=O)C(F)(F)C(F)(F)C(F)(F)C(F)(F)C(F)(F)C(F)(F)C(F)(F)C(F)(F)F,1.802153329
FC(CC(F)(F)F)C(F)(F)C(F)(F)OC(=O)C=C,1.951984751
FC(F)(F)C(F)(F)SC1=CC=C(Br)C=C1,2.357748062
FCOC(=O)OC(F)(F)C(F)(F)F,1.760445746
FC(F)C(F)(F)C(F)(F)C(F)C(F)(F)F,2.209825549
CN(CCOC(=O)C=C)S(=O)(=O)CCC(F)(F)C(F)(F)C(F)(F)C(F)(F)F,1.528211646
OC1C(F)(F)C(F)(F)C(F)(F)C1(F)F,1.715670435
OC1=CC=C(OC(F)(F)C(F)(F)C(F)(F)C(F)(F)C(F)(F)C(F)(F)F)C=C1,2.167749659
NC1=CC(CC(C(F)(F)F)(C(F)(F)F)C(F)(F)C(F)(F)C(F)(F)F)=CC(N)=C1,2.027535387
CC(OS(=O)(=O)C(F)(F)C(F)(F)F)OS(=O)(=O)C(F)(F)C(F)(F)F,0.847174275
[O-]S(=O)(=O)C(F)(F)C(F)(F)C(F)(F)C(F)(F)C(F)(F)CCCCCC(F)(F)F,1.592111874
FC(F)(F)C(F)(F)C(F)(F)C(F)(F)CC(F)(F)C(F)(F)C(F)(F)C(F)(F)C(F)(F)CCI,2.264438349
FC(F)(F)C(F)(F)CCOS(=O)(=O)C(F)(F)F,1.240295802
FC(C(F)(F)F)C(F)(F)C(F)(F)C(F)(F)C(F)(F)F,2.35231466
FC=C(Cl)C(F)C(F)(F)C(F)C(F)(F)C(F)(C(F)F)C(F)(F)C(F)(F)C(F)(F)C(F)(C(F)(F)F)C(F)(F)F,2.539665967
NC(=N)C1=NN(CCC(F)(F)C(F)(F)F)C2=C1C=C(F)C=N2,1.348757792
FC(C1=CC=CC=C1Br)C(F)(F)C(F)(F)C(F)(F)C(F)(F)F,2.436589806
FC(F)(F)C(F)(F)OC1=CC=C(Cl)C=C1,2.897385208
OC1=CC=C(C=C1)C(F)(F)C(F)(F)C(F)(F)C(F)(F)C(F)(F)C(F)(F)C(F)(F)C(F)(F)C(F)(F)C(F)(F)F,2.122075182
FC1(F)OCOC1(F)F,1.350064683
FC1=CC=CC=C1C(=O)NC1=CC=CC(=C1)C(=O)NC1=C(C=C(C=C1Br)C(F)(C(F)(F)F)C(F)(F)F)C(F)(F)F,2.209696816
FC1=C(C=CC=C1NC(=O)C1=CN=C(Cl)C=C1)C(=O)NC1=C(C=C(C=C1Br)C(F)(C(F)(F)F)C(F)(F)C(F)(F)F)C(F)(F)F,2.136452927
OC1=CC=C(C=C1)C(F)(F)C(F)(F)C(F)(F)C(F)(F)C(F)(F)C(F)(F)C(F)(F)C(F)(F)C(F)(F)C(F)(F)C(F)(F)C(F)(F)C(F)(F)F,2.188642446
CC(F)(F)OC(F)=O,1.245561687
FC(F)COC(F)(F)C(F)(F)F,1.653050545
FC(F)OC(F)(F)C(F)(F)OC(F)(F)C(F)(F)OC(F)(F)C(F)(F)OC(F)F,1.808726548
CCOCC(C)C(F)(F)F,1.592837164
FC(F)(F)C(F)(F)[C@]1(F)C(F)(F)C(F)(F)C(F)(F)C(F)(F)[C@]1(F)C(F)(F)F,2.72556137
FC1=C(F)C(F)=C(F)C2=C1C(F)(F)C(F)(C(F)(F)F)C2(F)F,2.964057905
CCN(C(=O)C=C)S(=O)(=O)C(F)(F)C(F)(F)C(F)(F)C(F)(F)C(F)(F)C(F)(F)C(F)(F)C(F)(F)F,1.874247382
CCCNS(=O)(=O)C(F)(F)C(F)(F)C(F)(F)C(F)(F)C(F)(F)C(F)(F)C(F)(F)C(F)(F)F,1.849585041
FC(F)(F)C(F)(F)C(F)(F)C(F)(F)C(F)(F)C(F)(F)C(F)(F)C(F)(F)C(=O)NC=C,1.980758414
NC(=N)C1=C(F)C(F)=CC=C1C(F)(F)F,1.990175108
FC(=O)C(F)(F)C(F)(F)OC(F)(F)C(F)(F)F,1.683057898
CC(F)(C(F)=O)C(F)=O,0.520039235
CC(OC(F)(F)C(F)(F)C(F)(F)F)C(O)=O,0.91137371
C[N+](C)(CCOCCCNS(=O)(=O)C(F)(F)C(F)(F)C(F)(F)C(F)(F)C(F)(F)C(F)(F)C(F)(F)C(F)(F)F)CC([O-])=O,1.520891484
[NH4+].[NH4+].[O-]P([O-])(=O)OCCC(F)(F)C(F)(F)C(F)(F)C(F)(F)C(F)(F)C(F)(F)F,1.006487058
CCOS([O-])(=O)=O.CC[N+](CC)(CCCNS(=O)(=O)C(F)(F)C(F)(F)C(F)(F)C(F)(F)C(F)(F)C(F)(F)C(F)(F)C(F)(F)F)C1CCOCC1,0.940124385
C[N+](C)(CC[O-])CCCN(CCO)S(=O)(=O)C(F)(F)C(F)(F)C(F)(F)C(F)(F)C(F)(F)C(F)(F)F,1.300264414
C[N+](C)(CCO)CCC[N-]S(=O)(=O)C(F)(F)C(F)(F)C(F)(F)F,0.943254366
OS(=O)(=O)C(F)(F)C(F)(F)C(F)(F)C(F)(F)C(F)(F)C(F)=C(F)C(F)(F)F,1.880900541
OS(=O)(=O)C(F)(F)C(F)(F)C(F)C(F)=C(F)C(F)(F)F,1.398916884
CCN(CCNCCNCCN)S(=O)(=O)C(F)(F)C(F)(F)C(F)(F)C(F)(F)C(F)(F)C(F)(F)C(F)(F)C(F)(F)F,1.510573158
CC(C)CCC(F)(F)C(F)(F)C(F)(F)C(F)(F)C(F)(F)C(F)(F)F,2.555979143
OS(=O)(=O)CCC(F)(F)C(F)(F)C(F)(F)C(F)(F)C(F)(F)C(F)(F)C(F)(F)C(F)(F)C(F)(F)C(F)(F)C(F)(F)C(F)(F)C(F)(F)C(F)(F)F,2.308634086
[H][N+]([H])([H])[H].OP([O-])(=O)OCCC(F)(F)C(F)(F)C(F)(F)C(F)(F)C(F)(F)C(F)(F)F,1.213346206
[H]N(CCC[N+](C)(C)CC([O-])=O)S(=O)(=O)CCC(F)(F)C(F)(F)C(F)(F)C(F)(F)C(F)(F)C(F)(F)C(F)(F)C(F)(F)C(F)(F)C(F)(F)C(F)(F)C(F)(F)C(F)(F)C(F)(F)F,2.037673869
FC(C(F)C(F)(F)C(F)(F)C(F)(F)F)C(F)(F)F,2.321682168
[I-].C[N+](C)(C)CCCNC(=O)C(F)(F)C(F)(F)C(F)(F)C(F)(F)C(F)(F)C(F)(F)F,1.069431104
OCC(CC(F)(F)C(F)(F)C(F)(F)C(F)(F)C(F)(F)C(F)(F)C(F)(F)C(F)(F)F)OC(=O)C=C,1.953445204
[Br-].C[N+](C)(C)CCCNS(=O)(=O)C(F)(F)C(F)(F)C(F)(F)C(F)(F)C(F)(F)C(F)(F)C(F)(F)C(F)(F)C(F)(F)F,1.224194421
CN(C)CCCNC(=O)CSCCC(F)(F)C(F)(F)C(F)(F)C(F)(F)C(F)(F)C(F)(F)F,1.807459054
C[N+](C)(CCCNS(=O)(=O)C(F)(F)C(F)(F)C(F)(F)C(F)(F)C(F)(F)F)CCC([O-])=O,1.112082828
OS([O-])(=O)=O.C[N+](C)(C)CCNS(=O)(=O)C(F)(F)C(F)(F)C(F)(F)C(F)(F)C(F)(F)C(F)(F)C(F)(F)C(F)(F)F,1.316083234
OS([O-])(=O)=O.C[N+](C)(C)CCCNS(=O)(=O)C(F)(F)C(F)(F)C(F)(F)C(F)(F)C(F)(F)C(F)(F)C(F)(F)C(F)(F)F,1.200945169
COCCOCCO[Si](CCCOCC(F)(F)C(F)(F)C(F)(F)C(F)(F)C(F)(F)C(F)(F)C(F)(F)F)(OCCOCCOC)OCCOCCOC,1.796788624
[NH4+].[O-]P(=O)(OCCCCC(F)(F)C(F)(F)C(F)(F)C(F)(F)F)OCCCCC(F)(F)C(F)(F)C(F)(F)C(F)(F)F,1.449046738
FC(F)(F)C(F)(F)C(F)(F)C(F)(Cl)C(F)(F)F,2.255695047
CC(O)(CCOC(=O)C(F)(F)OC(F)(F)C(F)(F)OC(F)(F)C(F)(F)OC(F)(F)C(F)(F)OC(F)(F)C(F)(F)OC(F)(F)C(F)(F)F)C#C,1.959600226
CCCCCCCCCCCCCCC(CCCCCCCCCCCC)COCC(O)CSCCC(F)(F)C(F)(F)C(F)(F)C(F)(F)C(F)(F)C(F)(F)C(F)(F)C(F)(F)F,2.059303618
C[N+](C)(CCCNC(=O)C(F)(F)C(F)(F)C(F)(F)C(F)(F)C(F)(F)C(F)(F)C(F)(F)C(F)(F)C(F)(F)C(F)(F)C(F)(F)C(F)(F)F)CC([O-])=O,1.931702389
CCN(CCOCCOCCOCCOCCOCCO)S(=O)(=O)C(F)(F)C(F)(F)C(F)(F)C(F)(F)C(F)(F)C(F)(F)C(F)(F)C(F)(F)F,1.593675935
[I-].C[N+](C)(C)CCSCCC(F)(F)C(F)(F)C(F)(F)C(F)(F)C(F)(F)C(F)(F)F,1.560560084
CC(C)(CS(O)(=O)=O)NC(=O)CCSCCC(F)(F)C(F)(F)F,1.066064612
CCCCCCNS(=O)(=O)C(F)(F)C(F)(F)C(F)(F)C(F)(F)F,1.511111961
CCC[Si](Cl)(CCC(F)(F)F)CCC(F)(F)C(F)(F)F,2.309546624
FC(F)(F)CC[Si](Cl)(CCC(F)(F)F)CCC(F)(F)C(F)(F)C(F)(F)C(F)(F)C(F)(F)C(F)(F)F,2.425234223
CCC[Si](CCC)(CCC(F)(F)C(F)(F)C(F)(F)C(F)(F)F)OC,2.053938174
CCC[Si](CCC)(CCC(F)(F)C(F)(F)C(F)(F)C(F)(F)C(F)(F)C(F)(F)F)OC,2.142171933
OC(=O)C(F)(F)C(F)(F)C(F)(F)C(F)(F)C(F)(F)C(F)(F)C(F)(F)C(F)(F)S(F)(F)(F)(F)F,1.856886798
[I-].C[N+](C)(C)CCCNC(=O)C(F)(F)C(F)(F)C(F)(F)C(F)(F)C(F)(F)C(F)(F)C(F)(F)C(F)(F)F,1.172132895
FC(F)(F)C(F)(F)C(F)(F)C(F)(F)S(=O)(=O)ON=C1C2=CC=CC=C2C2=C1C=CC=C2,2.350617852
CC[N+](CC)(CC=C(F)C(F)(F)C(F)(F)C(F)(F)C(F)(F)C(F)(F)C(F)(F)C(F)(F)F)CC(C)(C)COP([O-])=O,1.632072393
OS(=O)(=O)CC(F)(F)C(F)(F)C(F)(F)C(F)(F)C(F)(F)F,1.63207647
C[N+](C)(CCO)CCCN(CC(O)CS(O)(=O)=O)S(=O)(=O)C(F)(F)C(F)(F)C(F)(F)C(F)(F)C(F)(F)C(F)(F)C(F)(F)C(F)(F)F,1.622801148
[I-].CN(CCC[N+](C)(C)C)S(=O)(=O)C(F)(F)C(F)(F)C(F)(F)C(F)(F)C(F)(F)C(F)(F)F,0.960961636
CC[NH+](CC)CC.[O-]S(=O)(=O)C(F)(F)C(F)(F)C(F)(F)C(F)(F)C(F)(F)C(F)(F)C(F)(F)F,1.044833599
CC[NH+](CC)CC.[O-]S(=O)(=O)C(F)(F)C(F)(F)C(F)(F)C(F)(F)C(F)(F)F,0.723977957
OC(=O)C1=CC(OC(F)(F)C(F)C(F)(F)F)=C(OC(F)(F)C(F)C(F)(F)F)C(OC(F)(F)C(F)C(F)(F)F)=C1,2.475177674
OS(=O)(=O)C1=CC(OC(F)(F)C(F)C(F)(F)F)=C(OC(F)(F)C(F)C(F)(F)F)C(OC(F)(F)C(F)C(F)(F)F)=C1,2.388952859
CC(=O)OC(CC(F)(F)C(F)(F)C(F)(F)C(F)(F)C(F)(F)C(F)(F)C(F)(F)C(F)(F)C(F)(F)C(F)(F)C(F)(F)C(F)(F)F)C[N+](C)(C)CC([O-])=O,1.995047315
CN(CCCNS(=O)(=O)C(F)(F)C(F)(F)C(F)(F)C(F)(F)C(F)(F)C(F)(F)F)C(C)=O,1.333383898
[NH4+].[O-]CC(F)(F)C(F)(F)C(F)(F)C(F)F,1.395342357
[Cl-].C[N+]1(CCO)CCN(CC1)C(=O)C(F)(F)C(F)(F)C(F)(F)C(F)(F)C(F)(F)C(F)(F)F,0.931849309
[Cl-].C[N+](C)(CCO)CCCNS(=O)(=O)C(F)(F)C(F)(F)C(F)(F)C(F)(F)C(F)(F)C(F)(F)C(F)(F)C(F)(F)F,1.144509849
[NH4+].[O-]C(=O)C(F)(F)OC(F)(F)OC(F)(F)OC(F)(F)F,0.957742424
[NH4+].[O-]C(=O)C(F)(F)OC(F)(F)OC(F)(F)OC(F)(F)OC(F)(F)F,1.037581121
OC(=O)C(F)C(F)(F)OC(F)(F)C(F)(F)C(F)(F)OC(F)(F)F,1.338867069
OC(=O)C(F)(F)C(F)C(F)(F)OC(F)(F)C(F)(F)OC(F)(F)OC(F)(F)OC(F)(F)F,1.525117872
OC(=O)COC(F)(F)C(F)(F)OC(F)(F)C(F)(F)OC(F)(F)C(F)(F)C(F)(F)F,1.619490551
OC(=O)C(F)(F)C(F)OC(F)(F)C(F)(F)OC(F)(F)OC(F)(F)F,1.263571248
OC(CC(F)(F)C(F)(F)F)S(O)(=O)=O,0.962081575
CC[N+](C)(C)CCC(F)(F)C(F)(F)C(F)(F)C(F)(F)C(F)(F)C(F)(F)C(F)(F)C(F)(F)C(F)(F)C(F)(F)F,2.261390436
CC[N+](C)(C)CCC(F)(F)C(F)(F)C(F)(F)C(F)(F)C(F)(F)C(F)(F)F,1.983741263
CC[N+](C)(C)CCC(F)(F)C(F)(F)F,1.581168557
OC(=O)CC(F)(F)C(F)(F)C(F)(F)C(F)(F)C(F)(F)C(F)(F)C(F)(F)C(F)(F)C(F)(F)C(F)(F)C(F)(F)C(F)(F)C(F)(F)F,2.200418641
OS(=O)(=O)CC(=O)CC(F)(F)C(F)(F)F,0.776907448
OS(=O)(=O)CC(=O)CC(F)(F)C(F)(F)C(F)(F)F,1.049792206
OS(=O)(=O)CC(=O)CC(F)(F)C(F)(F)C(F)(F)C(F)(F)C(F)(F)C(F)(F)C(F)(F)C(F)(F)F,1.862973349
OC(CC(F)(F)C(F)(F)C(F)(F)C(F)(F)C(F)(F)C(F)(F)C(F)(F)C(F)(F)C(F)(F)C(F)(F)C(F)(F)C(F)(F)C(F)(F)C(F)(F)F)S(O)(=O)=O,2.282885526
OS(=O)(=O)CC(=O)CC(F)(F)C(F)(F)C(F)(F)C(F)(F)C(F)(F)C(F)(F)C(F)(F)C(F)(F)C(F)(F)C(F)(F)C(F)(F)C(F)(F)C(F)(F)F,2.13285115
CN(CCCNS(=O)(=O)CCC(F)(F)C(F)(F)F)CC(O)=O,0.694511329
CN(CCCNS(=O)(=O)CCC(F)(F)C(F)(F)C(F)(F)C(F)(F)F)CC(O)=O,1.062226789
CN(C)CCC(NS(=O)(=O)C(F)(F)C(F)(F)C(F)(F)C(F)(F)C(F)(F)C(F)(F)C(F)(F)F)C(O)=O,1.37586278
CN(C)CCC(NS(=O)(=O)C(F)(F)C(F)(F)C(F)(F)C(F)(F)C(F)(F)C(F)(F)C(F)(F)C(F)(F)C(F)(F)F)C(O)=O,1.584643924
CN(C)CCCNC(=O)C(F)(F)C(F)(F)C(F)(F)C(F)(F)C(F)(F)C(F)(F)C(F)(F)C(F)(F)C(F)(F)C(F)(F)C(F)(F)C(F)(F)C(F)(F)F,2.065539362
CN(C)CCCN(CCC(O)=O)S(=O)(=O)C(F)(F)C(F)(F)C(F)(F)C(F)(F)C(F)(F)C(F)(F)C(F)(F)C(F)(F)C(F)(F)C(F)(F)F,1.716564743
CNS(=O)(=O)C(F)(F)C(F)(F)C(F)(F)C(F)(F)C(F)(F)C(F)(F)C(F)(F)C(F)(F)C(F)(F)C(F)(F)C(F)(F)C(F)(F)C(F)(F)F,2.139397203
CNS(=O)(=O)C(F)(F)C(F)(F)F,0.397773411
C[N+](C)(CCCNC(=O)C(F)(F)C(F)(F)C(F)(F)C(F)(F)F)CC([O-])=O,1.179719226
OS(=O)(=O)OC(F)(F)C(F)(F)C(F)(F)C(F)(F)C(F)(F)C(F)(F)C(F)(F)C(F)(F)F,1.920908095
C[N+](C)(CCCNS(=O)(=O)C(F)(F)C(F)(F)C(F)(F)C(F)(F)C(F)(F)C(F)(F)C(F)(F)C(F)(F)C(F)(F)C(F)(F)C(F)(F)C(F)(F)C(F)(F)F)CCC([O-])=O,1.873013127
C[N+](C)(CCCN(CCC(O)=O)S(=O)(=O)C(F)(F)C(F)(F)C(F)(F)C(F)(F)C(F)(F)C(F)(F)C(F)(F)C(F)(F)C(F)(F)C(F)(F)C(F)(F)F)CCC([O-])=O,1.661958977
C[N+](C)(CCCN(CCC(O)=O)S(=O)(=O)C(F)(F)C(F)(F)C(F)(F)C(F)(F)C(F)(F)C(F)(F)C(F)(F)C(F)(F)C(F)(F)C(F)(F)C(F)(F)C(F)(F)F)CCC([O-])=O,1.72048888
OC(=O)C1(F)C(F)(F)C(F)(F)C(F)(C(F)(F)C(F)(F)C(F)(F)F)C1(F)F,1.844043777
OC(=O)C1(F)C(F)(F)C(F)(F)C(F)(F)C(F)(C(F)(F)C(F)(F)C(F)(F)C(F)(F)F)C1(F)F,2.008730581
[O-]S(=O)(=O)C1(F)C(F)(F)C(F)(F)C(F)(F)C(F)(F)C1(F)F,1.507861569
[O-]S(=O)(=O)C1(F)C(F)(F)C(F)(F)C(F)(F)C(F)(C(F)(F)C(F)(F)C(F)(F)F)C1(F)F,1.858471978
OS(=O)(=O)C1(F)C(F)(F)C(F)(F)C(F)(F)C(F)(C(F)(F)C(F)(F)C(F)(F)F)C1(F)F,1.96074322
C[N+](C)(CCCN(CC(O)=O)S(=O)(=O)C(F)(F)C(F)(F)C(F)(F)C(F)(F)C(F)(F)C(F)(F)C(F)(F)C(F)(F)C(F)(F)C(F)(F)C(F)(F)C(F)(F)F)CC(O)CS(O)(=O)=O,1.840547337
C[N+](C)(CCCNS(=O)(=O)C(F)(F)C(F)(F)C(F)(F)C(F)(F)C(F)(F)C(F)(F)C(F)(F)C(F)(F)C(F)(F)C(F)(F)F)CCCS([O-])(=O)=O,1.517892264
OS(=O)(=O)C(F)(F)C(F)(F)C(F)(F)C(F)(F)C(F)(F)C(F)C(\F)=C(/F)C(F)(F)C(F)(F)F,1.990705271
C[N+](C)(CCCN(CC(O)=O)S(=O)(=O)C(F)(F)C(F)(F)C(F)(F)C(F)(F)C(F)(F)F)CC([O-])=O,1.253214138
CN(CCC[N+](C)(C)CCCS([O-])(=O)=O)S(=O)(=O)C(F)(F)C(F)(F)C(F)(F)C(F)(F)C(F)(F)F,0.979869625
C[N+](C)(CCCN(CCCS(O)(=O)=O)S(=O)(=O)C(F)(F)C(F)(F)C(F)(F)C(F)(F)C(F)(F)C(F)(F)C(F)(F)C(F)(F)C(F)(F)C(F)(F)F)CCCS(O)(=O)=O,1.680927002
OS(=O)(=O)C(F)(F)C(F)(F)C(F)(F)C(F)(F)C(F)(F)C(F)C(\F)=C(/F)C(F)(F)C(F)(F)C(F)(F)C(F)(F)C(F)(F)F,2.183952671
OC(=O)C(F)(F)OC(F)(F)C(F)(F)C(F)(F)C(F)(F)C(F)(F)C(F)(F)C(\F)=C(/F)C(F)(F)F,2.025457888
C[N+](C)(C)CCCNS(=O)(=O)C(F)(F)C(F)(F)C(F)(F)C(F)(F)C(F)(F)C(F)(F)C(F)(F)C(F)(F)C(F)(F)C(F)(F)C(F)(F)F,1.946254596
C[N+](C)(C)CCCN(CCC([O-])=O)S(=O)(=O)C(F)(F)C(F)(F)C(F)(F)C(F)(F)C(F)(F)C(F)(F)C(F)(F)F,1.521960809
CN(CCC[N+](C)(C)C)S(=O)(=O)C(F)(F)C(F)(F)C(F)(F)C(F)(F)C(F)(F)C(F)(F)C(F)(F)C(F)(F)C(F)(F)C(F)(F)C(F)(F)F,1.999547995
C[N+](C)(CCCN(CCC(O)=O)S(=O)(=O)C(F)(F)C(F)(F)C(F)(F)C(F)(F)C(F)(F)C(F)(F)C(F)(F)C(F)(F)F)CC([O-])=O,1.489081215
C[N+](C)(C)CCNCC(F)(F)C(F)(F)F,1.387852945
C[N+](C)(CCCN(CCC(O)=O)S(=O)(=O)C(F)(F)C(F)(F)C(F)(F)C(F)(F)C(F)(F)C(F)(F)C(F)(F)C(F)(F)C(F)(F)C(F)(F)F)CC([O-])=O,1.648631143
C[N+](C)(CCCN(CCC(O)=O)S(=O)(=O)C(F)(F)C(F)(F)C(F)(F)C(F)(F)C(F)(F)C(F)(F)C(F)(F)C(F)(F)C(F)(F)C(F)(F)C(F)(F)F)CC([O-])=O,1.714067209
OS(=O)(=O)C(F)(F)C(Cl)(Cl)C(F)(F)C(F)(F)C(F)(F)F,1.416870719
CC[N+](C)(C)CC(F)(F)C(F)(F)C(F)(F)C(F)(F)C(F)(F)C(F)(F)C(F)F,2.063164023
CC[N+](C)(C)CC(F)(F)C(F)(F)C(F)(F)C(F)(F)C(F)(F)C(F)(F)C(F)(F)C(F)(F)C(F)(F)C(F)(F)C(F)(F)C(F)(F)C(F)(F)C(F)F,2.424295913
C[N+](C)(C)CC(F)(F)C(F)F,1.481305439
C[N+](C)(C)CC(F)(F)C(F)(F)C(F)(F)C(F)(F)C(F)(F)C(F)(F)C(F)(F)C(F)(F)C(F)F,2.259785097
C[N+](C)(CC(F)C(F)(F)C(F)(F)C(F)(F)C(F)(F)C(F)(F)F)CC(O)=O,1.798467476
C[N+](C)(CCCNS(=O)(=O)C(F)(F)C(F)(F)C(F)(F)C(F)(F)C(F)(F)C(F)(F)C(F)(F)C(F)(F)C(F)(F)F)CCC(O)CO,1.627613403
C[N+](C)(CCC(CO)NS(=O)(=O)C(F)(F)C(F)(F)C(F)(F)C(F)(F)C(F)(F)C(F)(F)C(F)(F)C(F)(F)C(F)(F)C(F)(F)F)CC(O)CO,1.780589362
C[N+](C)(CCC(CO)NS(=O)(=O)C(F)(F)C(F)(F)C(F)(F)C(F)(F)C(F)(F)C(F)(F)C(F)(F)C(F)(F)C(F)(F)C(F)(F)C(F)(F)C(F)(F)F)CC(O)CO,1.886519332
C[N+](C)(CCC(CO)N(CCCS([O-])(=O)=O)S(=O)(=O)C(F)(F)C(F)(F)C(F)(F)C(F)(F)C(F)(F)C(F)(F)C(F)(F)C(F)(F)C(F)(F)F)CC(O)CO,1.468765529
CCN(CCC[N+](C)(C)CC)S(=O)(=O)C(F)(F)C(F)(F)C(F)(F)C(F)(F)C(F)(F)C(F)(F)C(F)(F)C(F)(F)C(F)(F)C(F)(F)F,1.819754152
C[N+](C)(CC(F)C(F)(F)C(F)(F)C(F)(F)C(F)(F)C(F)(F)C(F)(F)C(F)(F)C(F)(F)C(F)(F)C(F)(F)F)CC(O)=O,2.153211937
OS(=O)(=O)CC(F)(F)C(F)(F)C(F)(F)C(F)(F)C(F)(F)C(F)(F)C(F)(F)C(F)(F)C(F)(F)C(F)(F)C(F)(F)C(F)(F)C(F)(F)F,2.250852562
C[N+](C)(CCO)CC(O)CNS(=O)(=O)C(F)(F)C(F)(F)C(F)(F)C(F)(F)C(F)(F)C(F)(F)C(F)(F)F,1.619466871
C[N+](C)(CCO)CC(O)CNS(=O)(=O)C(F)(F)C(F)(F)C(F)(F)C(F)(F)C(F)(F)C(F)(F)C(F)(F)C(F)(F)C(F)(F)C(F)(F)C(F)(F)F,1.912184965
C[N+](C)(CCO)CCCNS(=O)(=O)C(F)(F)C(F)(F)C(F)(F)C(F)(F)C(F)(F)C(F)(F)C(F)(F)C(F)(F)C(F)(F)F,1.740216353
OC(=O)C(F)(F)C(F)(Cl)C(F)(F)C(F)(F)C(F)(F)C(F)(F)C(F)(F)C(F)(F)F,1.820961398
C[N+](C)(CCO)CCCN(CC(O)CS([O-])(=O)=O)S(=O)(=O)C(F)(F)C(F)(F)C(F)(F)F,0.734807582
C[N+](C)(CCO)CCCN(CC(O)CS([O-])(=O)=O)S(=O)(=O)C(F)(F)C(F)(F)C(F)(F)C(F)(F)C(F)(F)F,1.049488266
C[N+](C)(CCO)CCCN(CCCS([O-])(=O)=O)S(=O)(=O)C(F)(F)C(F)(F)C(F)(F)C(F)(F)C(F)(F)C(F)(F)C(F)(F)C(F)(F)C(F)(F)F,1.518365665
OS(=O)CCC(F)(F)C(F)(F)C(F)(F)C(F)(F)C(F)(F)C(F)(F)C(F)(F)C(F)(F)C(F)(F)C(F)(F)F,2.139434805
[O-]C(=O)C(F)(F)C(F)(F)C(F)(F)C(F)(F)S(F)(F)(F)(F)F,1.704719386
[O-]S(=O)(=O)C(F)(F)S(F)(F)(F)(F)F,0.732448815
NS(=O)(=O)C(F)(F)C(F)(F)C(F)(F)C(F)(F)C(F)(F)C(F)(F)C(F)(F)C(F)(F)C(F)(F)C(F)(F)C(F)(F)C(F)(F)C(F)(F)C(F)(F)F,2.228089724
OC(=O)CNS(=O)(=O)C(F)(F)C(F)(F)F,0.582118611
OC(=O)CCS(=O)CCC(F)(F)C(F)(F)C(F)(F)C(F)(F)C(F)(F)C(F)(F)C(F)(F)C(F)(F)C(F)(F)C(F)(F)F,1.953648572
C[N+](C)(C)CC(O)CS(=O)(=O)CCC(F)(F)C(F)(F)C(F)(F)C(F)(F)C(F)(F)C(F)(F)C(F)(F)C(F)(F)F,1.854217273
OC(=O)CCS(=O)(=O)CCC(F)(F)C(F)(F)C(F)(F)C(F)(F)C(F)(F)C(F)(F)F,1.508949906
FC(F)(F)C(F)(F)C(F)(F)C(F)(F)CCSC(=O)NCCCCCC=O,1.793456787
FC(F)(F)C(F)(F)C(F)(F)C(F)(F)C(F)(F)C(F)(F)C(F)(F)C(F)(F)C(F)(F)C(F)(F)C(F)(F)C(F)(F)CCSC(=O)NCCCCCC=O,2.079656061
OC(=O)CCCCNC(=O)SCCC(F)(F)C(F)(F)C(F)(F)C(F)(F)C(F)(F)C(F)(F)C(F)(F)C(F)(F)C(F)(F)C(F)(F)F,1.863733849
CN(C)CCCNC(=O)CC(SCCC(F)(F)C(F)(F)F)C(O)=O,0.722323483
C[N+](C)(C)CCCNC(=O)CSCCC(F)(F)C(F)(F)C(F)(F)C(F)(F)F,1.651689554
OC(CC(O)=O)SCCC(F)(F)C(F)(F)C(F)(F)C(F)(F)C(F)(F)C(F)(F)C(F)(F)C(F)(F)C(F)(F)C(F)(F)C(F)(F)C(F)(F)C(F)(F)C(F)(F)F,2.191793933
C[N+](C)(CCC(F)C(F)(F)C(F)(F)C(F)(F)C(F)(F)C(F)(F)C(F)(F)C(F)(F)C(F)(F)C(F)(F)C(F)(F)C(F)(F)C(F)(F)F)CC([O-])=O,2.249868032
OCC(SCCC(O)=O)C(O)C(F)(F)C(F)(F)C(F)(F)C(F)(F)C(F)(F)C(F)(F)C(F)(F)C(F)(F)C(F)(F)C(F)(F)F,1.886568098
OC(=O)C=C(F)C(F)(F)C(F)(F)F,1.119691297
OS(=O)(=O)CC=C(F)C(F)(F)C(F)(F)C(F)(F)C(F)(F)C(F)(F)C(F)(F)F,1.989148286
OS(=O)(=O)CC=C(F)C(F)(F)C(F)(F)C(F)(F)C(F)(F)C(F)(F)C(F)(F)C(F)(F)C(F)(F)C(F)(F)C(F)(F)C(F)(F)C(F)(F)C(F)(F)F,2.352601447
CC(=O)OC(C(CO)C(F)(F)C(F)(F)C(F)(F)C(F)(F)C(F)(F)C(F)(F)C(F)(F)C(F)(F)C(F)(F)C(F)(F)C(F)(F)C(F)(F)F)C(CO)[N+](C)(C)CC([O-])=O,1.792382889
OC(=O)CCC(F)(F)C(F)(F)C(F)(F)C(F)(F)C(F)(F)C(F)(F)C(F)(F)C(F)(F)C(F)(F)C(F)(F)F,2.080117886
OC(C(O)=O)C(=O)SC(=O)CCC(F)(F)C(F)(F)C(F)(F)F,1.026761889
OC(CSC(=O)CCC(F)(F)C(F)(F)C(F)(F)C(F)(F)C(F)(F)C(F)(F)C(F)(F)C(F)(F)C(F)(F)C(F)(F)C(F)(F)F)C(O)=O,2.005099678
CC(=O)OC(CC(F)(F)C(F)(F)C(F)(F)C(F)(F)F)C[N+](C)(C)CC([O-])=O,1.449277376
CN(C)CC(O)CC(F)(F)C(F)(F)C(F)(F)C(F)(F)C(F)(F)C(F)(F)C(F)(F)C(F)(F)C(F)(F)C(F)(F)F,2.223400519
C[N+](C)(C)CC(O)CC(F)(F)C(F)(F)C(F)(F)C(F)(F)C(F)(F)C(F)(F)F,1.944804008
C[N+](C)(C)CC(O)CC(F)(F)C(F)(F)C(F)(F)C(F)(F)C(F)(F)C(F)(F)C(F)(F)C(F)(F)C(F)(F)C(F)(F)F,2.216433327
C[N+](C)(CCC(O)=O)CC(O)CC(F)(F)C(F)(F)C(F)(F)C(F)(F)C(F)(F)C(F)(F)C(F)(F)C(F)(F)C(F)(F)C(F)(F)C(F)(F)C(F)(F)C(F)(F)C(F)(F)C(F)(F)C(F)(F)F,2.176636163
C[N+](C)(CC(O)CC(F)(F)C(F)(F)F)CC([O-])=O,1.278795412
CN(C)CC(O)C=C(F)C(F)(F)C(F)(F)C(F)(F)C(F)(F)C(F)(F)C(F)(F)C(F)(F)F,2.176591485
C[N+](C)(CC(O)C=C(F)C(F)(F)C(F)(F)C(F)(F)C(F)(F)C(F)(F)C(F)(F)C(F)(F)C(F)(F)C(F)(F)C(F)(F)C(F)(F)C(F)(F)C(F)(F)F)CC([O-])=O,2.243614131
OS(=O)(=O)C(F)(Cl)C(F)(F)C(F)(F)C(F)(F)C(F)(F)C(F)(F)C(F)(F)F,1.759426317
OS(=O)(=O)C(F)(Cl)C(F)(F)C(F)(F)C(F)(F)C(F)(F)C(F)(F)C(F)(F)C(F)(F)C(F)(F)C(F)(F)C(F)(F)C(F)(F)C(F)(F)C(F)(F)F,2.21003635
FC(F)(F)C(F)(F)C(F)(F)C(F)(F)C(F)(F)C(F)(F)C(=O)NC1=CC(NC(=O)C(F)(F)C(F)(F)C(F)(F)C(F)(F)C(F)(F)C(F)(F)F)=C(C=C1)N=NC1=CC=CC=C1,1.945626738
FC(F)(Cl)C(F)(F)C(F)(F)C(F)(F)C(F)(F)C(F)(F)C(F)(F)C(F)(F)C(=O)NC1=CC=C(C=C1)N=NC1=CC=CC=C1,2.034784274
FC(F)C(F)(F)C(F)(F)C(F)(F)C(F)(F)C(F)(F)C(=O)NC1=CC=C(C=C1)N=NC1=CC=CC=C1,2.058600076
FC1(F)C(F)(F)C(F)(F)C(F)(C(=O)NC2=CC(NC(=O)C3(F)C(F)(F)C(F)(F)C(F)(F)C(F)(F)C3(F)F)=C(C=C2)N=NC2=CC=CC=C2)C(F)(F)C1(F)F,2.139417081
FC(F)(F)C(F)(F)C(=O)NC1=CC=C(C=C1)N=NC1=CC=CC=C1,1.995216766
FC(F)(F)C(F)(F)C(F)(F)C(F)(F)C(F)(F)C(F)(F)C(F)(F)C(F)(F)S(=O)(=O)NCN1CCOCC1,1.540219302
CC1=CC(NC(=O)NC(=O)C2=C(F)C=CC=C2F)=C(C)C=C1SC(F)(F)C(F)F,1.572967755
FC(F)(F)C(=CC(=O)C1=CC=C(C=C1)C(=O)C=C(C(F)(F)F)C(F)(F)F)C(F)(F)F,2.283711454
OC(CC(=O)C1=CC(=C(Cl)C=C1)[N+]([O-])=O)(C(F)(F)F)C(F)(F)F,1.767045529
FC(F)(F)C(=CC(=O)C1=CC(=CC=C1)S(F)(=O)=O)C(F)(F)F,1.533957649
OC(CC1=NC(C=C(C#N)C#N)=CC=C1)(C(F)(F)F)C(F)(F)F,1.757381271
CC(C)CC(=O)CC(Cl)(C(F)(F)F)C(F)(F)F,2.020572927
CC1=CC(=CC(=N1)C(CO)(C(F)(F)F)C(F)(F)F)C(CO)(C(F)(F)F)C(F)(F)F,1.63708077
CN1C(CC(O)(C(F)(F)F)C(F)(F)F)=CC=C1CC(O)(C(F)(F)F)C(F)(F)F,1.473839307
FC1=CC(Br)=C(F)C(F)=C1F,3.089516239
COC1=NC(=CC(=O)N1C1=C(F)C=C(Cl)C(=C1)C(=O)OC(C)C)C(F)(F)C(F)(F)F,1.989671504
CS(=O)(=O)NC1=C(NC(=O)C(F)(F)C(F)(F)F)C=C(C=N1)C(F)(F)F,1.070058926
CCS(=O)(=O)NC1=C(NC(=O)C(F)(F)C(F)(F)F)C=C(C=N1)C(F)(F)F,1.136875861
CCOP(=O)(OCC)C(NC(=O)OCC1=CC=CC=C1)(C(F)(F)F)C(F)(F)F,1.64934511
C[N+](C)(CCCCC([O-])=O)CCCC(F)(F)C(F)(F)C(F)(F)C(F)(F)C(F)(F)C(F)(F)C(F)(F)C(F)(F)F,1.854955227
FC(F)(F)C(C1=CC=C(NC(=O)CI)C=C1)(C(F)(F)F)C(F)(F)F,2.073585627
FC(F)(F)C(Cl)(Cl)C(F)(F)Cl,1.982270045
FC(F)(F)C(F)(F)OC1=CC=CC=C1,2.507210512
FC1=C(F)C(F)=C(CC=C)C(F)=C1F,2.904423821
FC1=C(F)C(F)=C(CBr)C(F)=C1F,2.553108782
FC(F)C(Cl)(Cl)C(F)F,1.773441756
OC(C1=CC=C(OC2=CC=C(C=C2)C(O)(C(F)(F)F)C(F)(F)F)C=C1)(C(F)(F)F)C(F)(F)F,2.293950753
CC(=O)OC(F)(F)OC(F)(F)F,1.244888278
FC(F)(F)N(C(F)(F)F)C(F)(F)C(F)(F)Br,1.244903911
FC1=C(F)C2=C(C(F)=C1F)C(F)(F)C(F)(F)C(F)(F)C2(F)F,2.957555094
NC1=NC(NC1(C(F)(F)F)C(F)(F)F)(C(F)(F)F)C(F)(F)F,1.701223105
[O-]S(=O)(=O)C(F)(F)F.FC(F)(F)C(F)(F)C(F)(F)C(F)(F)C(F)(F)C(F)(F)C(F)(F)C[N+]1=CC=CC=C1,1.353340213
FC(F)OC(F)(F)C(Cl)Cl,1.295447257
FC(F)(F)C1(C(F)(F)F)C(F)(F)C(F)(F)C(F)(F)C(F)(F)C1(F)F,2.640806485
OCCNCCC(F)(F)C(F)(F)C(F)(F)C(F)(F)C(F)(F)C(F)(F)C(F)(F)C(F)(F)F,2.117079903
CN(C)S(=O)(=O)C(F)(F)F,0.535905542
NCC(F)(F)C(F)(F)C(F)(F)C(F)(F)C(F)(F)C(F)(F)C(F)(F)F,2.036577526
OC(=O)C(F)(F)C(F)(F)C(F)(F)C(F)(F)C(F)(F)C(F)(F)C(F)(F)C(F)(F)C(O)=O,1.379748345
FC(F)(F)C(F)(F)C(F)(F)C(F)(F)COC(=O)C=C,1.998175781
CCC12COC(OC1)(OC2)C(F)(F)C(F)(F)C(F)(F)F,1.707060028
O.O.FC(F)(F)C(=O)C(F)(F)F,0.96134492
[O-][N+](=O)C(F)(F)F,0.74772372
FC(F)(F)C(F)(F)C(F)(F)C(=O)NC1=CC=CC=C1,1.713106803
OCCN(CCO)S(=O)(=O)C(F)(F)C(F)(F)C(F)(F)C(F)(F)F,1.37860462
OC(=O)CCC(F)(F)C(F)(F)C(F)(F)C(F)(F)C(F)(F)C(F)(F)C(F)(F)C(F)(F)F,1.966247471
FC(F)(F)C(F)(C(F)(F)F)C(F)(F)F,2.123562582
FC(F)(F)C(=CC(=O)C1=CC=CO1)C(F)(F)F,2.053093139
NC1=CC(F)=C(F)C=C1F,1.925953281
FC(F)(F)C1=CC=CC=N1,1.667730076
CCO[Si](CCCNC(=O)C(F)(F)C(F)(F)C(F)(F)C(F)(F)C(F)(F)C(F)(F)C(F)(F)F)(OCC)OCC,1.604531775
OC(=O)C(F)(F)C(F)(F)C(F)(F)C(F)F,1.250475974
FC1=C(F)C(I)=C(F)C(F)=C1I,3.561906776
FC(F)Cl.FC(F)(F)C(F)(F)Cl,1.561457751
FC(F)(F)C1=NC2=C(N1)C=C(C=C2)C(F)(F)F,2.203179555
CC(C)(N)C1=CC=C(C=C1)C(F)(F)C(F)(F)C1=CC=CC=C1,2.181302808
FC(F)=CC=C(F)F,2.067282485
FC(F)(F)S(Cl)(=O)=O,0.14412272
OC(C(F)(F)Cl)C(F)(F)Cl,0.966308934
CC(=C)C(=O)OCC(F)(F)C(F)F,1.560551001
FC(F)(F)CC(Cl)Cl,1.536022573
FC(F)=C=C(F)F,2.082094551
FC(F)(F)C(F)(F)C(F)(C(F)(C(F)(F)F)C(F)(F)F)C(F)(C(F)(F)F)C(F)(F)F,2.654384751
FC(F)(F)C(F)(C(F)(F)F)C(F)(F)C(F)(F)C(F)(F)C(F)(F)C(F)(F)C(F)(F)C(F)(F)C(F)(F)CCOC(=O)C=C,2.325172661
FC(F)(F)CCl,1.355963206
[2H]C(F)(F)F,1.63104893
FC(F)(F)C(F)(F)C(F)(F)C1=NN=C(O1)C1=CC=CC=C1,2.108228824
FC(F)C(F)(F)COC(F)(F)C(F)C(F)(F)F,1.975973834
CC(=O)C1=C(F)C(F)=C(F)C(F)=C1F,2.244365172
OC(=O)CC1=C(F)C(F)=C(F)C(F)=C1F,1.642745211
COC(O)(C(F)(F)F)C(F)(F)F,0.905013448
FC(=O)C(F)(F)C(F)(F)C(F)(F)C(F)=O,1.34480708
FC1=CC=C(C=C1)C1=C(N=NC2=C(C=NN12)C1=CC=CC=C1)C(=O)C(F)(F)C(F)(F)F,2.424354174
FC1(F)C(NC(=O)N(CCCl)N=O)C(F)(F)C(F)(F)C(F)(F)C1(F)F,1.962145683
FC(F)(F)C(F)(F)C(F)(F)C(=O)NC1=CC=C(C=C1)C1=CC=CC=C1,2.259296698
CC1=CC(=CC(=C1)C(F)(F)F)C(F)(F)F,2.417506949
FC(F)(F)C(=O)C(Cl)(Cl)Cl,1.321342865
OC(=O)C(F)(F)C(F)(F)C(F)(F)C(F)(F)C(F)(F)C(F)(F)C(F)(F)C(F)F,1.823899939
CCOC(OCC)=C=C(C(F)(F)F)C(F)(F)F,2.378439976
FC(F)(F)C(F)(F)C(F)(F)C(F)(F)C(F)(F)C(F)(F)CC[Si](Cl)(Cl)Cl,2.448980155
FC1=C(F)C(F)=C(Br)C(Br)=C1F,2.90797866
FC1=C(F)C(F)=C(C(F)=C1F)S(Cl)(=O)=O,1.476049483
FC(F)(Cl)C(F)(F)OCC=C,1.677543673
FC(F)(Cl)C(F)(F)C(=O)OC=C,1.483440286
FC(F)(F)C1=CC(=CC(CC#N)=C1)C(F)(F)F,2.23383672
FC(F)(F)C(F)(F)C(F)(C(F)(F)F)C(F)(F)C(F)(F)F,2.294036646
CCN(CC#C)S(=O)(=O)C(F)(F)C(F)(F)C(F)(F)C(F)(F)C(F)(F)C(F)(F)C(F)(F)C(F)(F)F,2.05792822
FC(F)(F)C(F)(F)C(F)(F)C1=NC(=NC(=N1)C(F)(F)C(F)(F)C(F)(F)F)C(F)(F)C(F)(F)C(F)(F)F,2.213551517
FC1=CC=C(SC(F)(F)F)C=C1,2.203228607
CC\C(C)=N\O[Si](CCCOC(F)(F)C(F)F)(O\N=C(/C)CC)O\N=C(/C)CC,2.097963267
C[Si](C)(C)O[Si](Cl)(CCC(F)(F)C(F)(F)C(F)(F)C(F)(F)C(F)(F)C(F)(F)F)O[Si](C)(C)C,2.297618481
C[Si](C)(CCC(F)(F)C(F)(F)C(F)(F)C(F)(F)C(F)(F)C(F)(F)F)OCC(COC(=O)C=C)(COC(=O)C=C)COC(=O)C=C,2.206707861
FC(F)(F)Br,1.527671914
FC(F)(F)C(F)(F)C(F)(F)C(F)(F)C(F)(F)C(F)(F)C(F)(F)C(F)(F)S(F)(=O)=O,2.052773377
FC(F)(F)C(Cl)(Cl)Cl,1.684153839
CC(S)=CC(=O)C(F)(F)C(F)(F)C(F)(F)C(F)F,1.970012976
CC(C)(C)C(=O)C=C(O)C(F)(F)C(F)(F)C(F)(F)F,1.628942095
FC1=C(F)C(F)=C(C(Cl)=C1F)C(F)(F)F,3.047026667
CC1=NC(=O)C(F)=C(N1)C(F)(F)C(F)(F)F,1.236629764
CC(C)CC(=O)CC(=O)C(F)(F)C(F)(F)C(F)(F)F,1.558921411
CC(O)(C(F)(F)Cl)C(F)(F)Cl,0.947535044
CCCCC(=O)C(F)(F)C(F)(F)F,1.608451392
FC(F)(F)C1=C(C(=C(C(=C1C(F)(F)F)C(F)(F)F)C(F)(F)F)C(F)(F)F)C(F)(F)F,3.277893016
FC(F)(F)C(F)(F)C1=NC(=NO1)C(F)(F)C(F)(F)C(F)(F)C1=NOC(=N1)C(F)(F)C(F)(F)F,1.979338671
COC(=N)C(F)(F)C(F)(F)C(F)(F)F,1.212632366
NCC(O)C(F)(F)C(F)(F)C(F)(F)F,1.369416583
CCCC1=C(CCC)C(F)(F)C1(F)F,2.753531958
CCOP(=O)(OCC)C(I)CC(F)(F)C(F)(F)C(F)(F)C(F)(F)C(F)(F)C(F)(F)C(F)(F)F,1.773939144
OC(C1=CC(=CC=C1)[N+]([O-])=O)(C(F)(F)F)C(F)(F)F,1.665193462
OS(=O)(=O)C(F)(F)C(F)(F)C(F)(F)C(F)(F)F,1.23951918
OC(=O)CSC(CC(O)=O)C(F)(F)C(F)(F)C(F)(F)F,1.170667528
CC(C(NC1=CC=C(C=C1)C(O)=O)C(F)(F)C(F)(F)C(F)(F)F)[N+]([O-])=O,1.322126797
CC1=CC=C(C=C1)C(=O)C=C(C(F)(F)F)C(F)(F)F,2.236236659
COC1=CC=CC=C1C(=O)C=C(C(F)(F)F)C(F)(F)F,2.397097216
OC(CC(O)(C(F)(F)F)C(F)(F)F)C1=CC=C(C=C1)[N+]([O-])=O,1.124795072
FC(F)(F)C(=CC(=O)C1=C(Cl)C=CC(Cl)=C1)C(F)(F)F,2.898261031
CCCC(C(O)C1=CC=C(OC)C=C1)C(O)(C(F)(F)F)C(F)(F)F,1.698884956
FC1=CC(F)=C(F)C(C#N)=C1F,2.102664366
FC1=CC(F)=C(F)C(OC2=C(F)C(F)=C(F)C(F)=C2F)=C1F,3.698549627
FC1=C(F)C(=C(F)C(F)=C1C#N)C(F)(F)F,2.192015234
CC(=O)OC1=CC=C(C=C1)C(F)(F)C(F)(F)C(F)(F)C1=CC=C(OC(C)=O)C=C1,2.109259174
CC1=CC=C(C=C1)S(=O)(=O)OCC(F)(F)C(F)(F)C(F)(F)C(F)(F)C(F)(F)C(F)(F)C(F)(F)F,1.809806688
OC(C[N+]([O-])=O)C(F)(F)C(F)(F)C(F)(F)F,1.490340956
OCC1OC(C(O)C1O)N1C=C(CC(F)(F)C(F)(F)F)C(=O)NC1=O,0.755662155
FC(F)(F)C(F)(F)C(F)(F)C(F)(F)S(=O)(=O)C(Br)S(=O)(=O)C(F)(F)C(F)(F)C(F)(F)C(F)(F)F,1.783187227
FC(F)(Cl)CCl,1.293605957
FC(F)(F)C(F)(F)S(Cl)(=O)=O,0.642017511
CC1=CC(=C(I)C=C1)C(O)(C(F)(F)F)C(F)(F)F,1.905122673
COC(C1=CC(=CC(=C1)C(O)(C(F)(F)F)C(F)(F)F)C(OC)(C(F)(F)F)C(F)(F)F)(C(F)(F)F)C(F)(F)F,2.466282382
NCC(F)(F)C(F)(F)C(F)(F)CN,0.757932368
FC(F)(F)C1=NNC(=O)C1,0.930152839
FC1=C(C=O)C=CC=C1C(F)(F)F,2.087940748
NC1=C(C=CC=C1F)C(F)(F)F,1.845512915
CCCOC(=O)C(F)(F)F,1.267187644
FC(F)(F)CCCBr,1.434058874
NC1=C(F)C=CC(F)=C1F,1.874482075
CCOC(=O)C(F)(F)C(F)(F)C(F)(F)C(F)(F)F,1.816439331
FC(F)(I)C(F)(F)C(F)(F)C(F)(F)C(F)(F)C(F)(F)C(F)(F)C(F)(F)I,2.544595717
OCC(F)(F)C(F)(F)C(F)(F)C(F)(F)C(F)(F)C(F)(F)C(F)(F)C(F)(F)C(F)(F)C(F)(F)C(F)(F)C(F)F,2.315011755
FC(=O)OC(F)(F)F,1.477226247
CC(F)(F)N(F)Cl,1.041738009
COC(=O)NC(F)(F)F,0.279046709
FC(F)(F)P(SP(C(F)(F)F)C(F)(F)F)C(F)(F)F,1.709122143
FC(F)(F)C(F)(F)C(=O)NC1=CC=CC2=CC=CC=C12,2.125200537
OC(=O)C1=CC(OC(F)(F)C(F)F)=CC=C1,1.569439956
CCCNC(=O)C(F)(F)F,0.786725629
CC1=CC(C)=C(C(=O)OCC(F)(F)C(F)(F)C(F)(F)C(F)F)C(C)=C1,1.827251232
FC(C(F)(F)F)C(F)(F)OC1=CC(Cl)=C(NC(=O)NC(=O)C2=C(F)C=CC=C2F)C=C1Cl,2.524140356
FC(F)(F)C1(C=CC2C=CC12)C(F)(F)F,2.727196072
FC1=CC(F)=C(F)C(C=O)=C1F,2.412231094
CCC1=C(F)C(F)=C(F)C(F)=C1F,2.832168414
FC(F)(F)C(C1=CC=CC=C1)(C(F)(F)F)C(F)(F)F,2.56124959
FC1=CC=C(C=C1)C(C(F)(F)F)(C(F)(F)F)C(F)(F)F,2.728955662
FC(F)(F)C1=CC(=CC(=C1)C1=NNN=N1)C(F)(F)F,2.241476285
FC(F)(F)C1=CC=C(C=C1)C1=CC=C(C=C1)C(F)(F)F,2.964752395
FC(F)(F)C1=CC(=CC(I)=C1)C(F)(F)F,2.821045327
CNC1=CC=C(C=C1)C(O)(C(F)(F)F)C(F)(F)F,1.737303089
CN(C)C1=C(F)C(F)=NC(F)=C1F,1.593869689
OC1=C(F)C2=C(C(F)=C1F)C(F)=C(F)C(F)=C2F,2.296405636
CC1=C(F)C(F)=C(S)C(F)=C1F,2.348164701
NCC1=CC(=CC(F)=C1)C(F)(F)F,1.824767027
OCC(F)(F)C(F)(F)C(F)(F)C(F)(F)C(F)(F)C(F)(F)C(F)(F)C(F)(F)CO,1.832933629
CC1=C(F)C(F)=C(CO)C(F)=C1F,1.92372452
FC1=CC(Br)=C(C=C1)C(F)(F)F,2.770224827
FC(F)(F)C1=CC(=C(CCl)C=C1)C(F)(F)F,2.697401507
FC(F)(F)C1=CC2=NC=CC(Cl)=C2C(=C1)C(F)(F)F,2.894721318
[O-][N+](=O)C1=CC(=C(C=C1)C(F)(F)F)C(F)(F)F,2.424339683
CC(C(F)=O)(C(F)(F)F)C(F)(F)F,1.603527324
FC1=CC(Br)=CC(=C1)C(F)(F)F,2.731182358
FC(F)(F)C(F)(F)C(F)(F)C(F)(F)CCBr,1.960393339
FC(F)(Cl)C(F)(F)C(F)(F)C(F)(F)C(F)(F)C(F)(F)I,2.325395272
FC1(F)C(F)(F)C(F)(F)C(F)(Cl)C(F)(F)C1(F)F,2.503008713
CC1=C(Cl)C(=NN1)C(F)(F)C(F)(F)C(F)(F)C(F)(F)C(F)(F)F,1.95390545
FC1(F)CC(Cl)C1(F)F,2.490740845
FC(F)(F)CC(Cl)(Cl)C(F)(F)F,1.954921395
FC(F)(F)C(Cl)(Cl)C=C,1.913008371
FC(F)OC(Cl)(Cl)C(F)(F)F,1.527461514
FC1=C(C=CC(=C1F)C(F)(F)F)C#N,1.981472165
COC(=O)C(F)(F)C(F)(F)C(F)(F)C(F)(F)C(F)(F)C(F)(F)C(=O)OC,1.622861944
[O-]S(=O)(=O)C1=CC(=CC(=[N+]1F)C(F)(F)F)C(F)(F)F,0.899712455
FC1=C(C=CC(I)=C1)C(F)(F)F,3.007650346
FC1=CC(C=O)=C(C=C1)C(F)(F)F,2.158700348
OCC1=CC(F)=C(C=C1)C(F)(F)F,1.752375515
NCC1=CC(F)=C(C=C1)C(F)(F)F,1.813361263
FC(F)(F)C(F)(F)P(Cl)Cl,1.68159177
FC1=CC(=C(CCl)C=C1)C(F)(F)F,2.52544374
COC1=CC=C(C=C1)C(=O)C(F)(F)C(F)(F)F,2.139305417
OC(=O)C(F)(F)OC(F)(F)C(F)(F)OC(F)(F)C(F)(F)OC(F)(F)C(F)(F)C(F)(F)C(F)(F)F,1.742826798
FC(F)C1=CC(F)=CC=C1,2.23380309
FC(F)(F)C1=CC(Br)=NO1,1.601134251
COC(=O)C(F)(F)C(F)(F)C(F)(F)C(F)(F)C(F)(F)C(F)(F)C(F)(F)C(F)(F)C(F)(F)C(F)(F)C(F)(F)C(F)(F)C(F)(F)F,2.31920671
FC(F)(F)C1=CC(=CC(Cl)=C1)C(F)(F)F,2.867789551
FC(F)(F)C1=CSC=C1,1.825326965
FC1=C(F)C(F)=C(OCC=C)C(F)=C1F,2.947256625
OC(=O)CC1=C(C=CC(=C1)C(F)(F)F)C(F)(F)F,1.448316125
NC1=CC(=CC(=C1N)C(F)(F)F)C(F)(F)F,2.117889628
CCCCCCC(F)(F)C(F)(F)Br,2.216225398
FC(=O)C(F)(F)C(F)=O,0.50179574
COC1=CC(=C(F)C=C1)C(F)(F)F,2.460337386
FC(F)C(F)(F)C(F)=C(F)F,2.235918396
CCO[Si](CCCOC(F)(C(F)(F)F)C(F)(F)F)(OCC)OCC,1.558396213
FC(F)(F)C(F)(N=O)C(F)(F)F,1.372945058
CC(O)C(F)(F)C(F)C(F)(F)F,1.281417982
FC(F)(F)C(F)(F)C(F)(C=C)C(F)(F)F,2.200005297
COC(=O)C(F)(F)C(F)(F)C(F)(F)C(F)F,1.62030017
COC(=O)C(F)(C(F)(F)F)C(F)(F)F,1.431372634
[O-][N+](=O)C=CC(F)(F)C(F)(F)C(F)(F)C(F)(F)F,2.080602271
CC1CC(CC1CC(F)(F)C(F)(F)C(F)(F)C(F)(F)F)(C(O)=O)C(O)=O,1.36866324
CC1=CC=C(C=C1)S(=O)(=O)OCC(F)(F)C(F)(F)C(F)(F)C(F)F,1.545319063
FC(F)=C(F)C(F)(F)OS(F)(=O)=O,1.190790516
OS(=O)(=O)C(F)(F)C(F)(F)OC(F)(F)C(F)(F)F,1.130739857
OC(O)C(F)(F)C(F)(F)C(F)(F)C(F)(F)C(F)(F)C(F)F,1.685575521
FC(F)C(F)(F)C(F)(F)C(F)(F)C(F)(F)C(F)(F)COCC1CO1,2.075397859
OCCCCCCC(F)(F)C(F)(F)C(F)(F)C(F)(F)C(F)(F)C(F)(F)F,2.011531542
FC(F)(F)C1(I)C(F)(F)C(F)(F)C(F)(F)C1(F)F,2.472791488
CC(=C)C(=O)OCCC(F)(F)C(F)(F)C(F)(C(F)(F)F)C(F)(F)F,2.027808538
FC(F)(F)C(F)(C(F)(F)F)C(F)(F)C(F)(F)C(F)(F)C(F)(F)CCOC(=O)C=C,2.201103837
OCCC(F)(F)C(F)(F)C(F)(F)C(F)(F)C(F)(C(F)(F)F)C(F)(F)F,2.072749866
FC(F)(F)C1(F)C(F)(F)OS1(=O)=O,1.346365184
NCC(F)(F)C(F)(F)C(F)(F)C(F)(F)C(F)(F)C(F)(F)C(F)(F)C(F)(F)F,2.104601592
OC(COC(=O)C=C)CC(F)(F)C(F)(F)C(F)(F)C(F)(F)C(F)(F)C(F)(F)C(F)(F)C(F)(F)F,1.952329937
FC(F)(F)C(C(F)(F)F)(C(F)(F)F)C(C(F)(F)F)(C(F)(F)F)C(F)(F)F,2.877233828
NC(=O)C1=CC(F)=C(F)C(F)=C1F,1.793117833
OC(=O)C1=C(F)C(F)=C(F)C=C1F,1.614421822
FC(F)C(F)(F)COC(=O)C(F)(F)F,1.525255435
F[B-](F)(F)F.FC(F)(F)[S+]1C2=CC=CC=C2C2=CC=CC=C12,1.767233442
FC(F)(F)C(F)(F)C(F)(F)C(F)(F)C(F)(F)C(F)(F)C(F)(F)C(=O)OCC1=CC=C(C=C)C=C1,2.052325463
FC(F)(Br)C(F)(Br)CCCl,1.749437281
FC(F)(OC(F)(F)C(F)(F)S(F)(=O)=O)C(F)(F)S(F)(=O)=O,0.897767222
CC1=C(F)C(F)=C(CBr)C(F)=C1F,2.4364533
FC(C(F)(F)F)C(F)(F)OCC(F)(F)C(F)(F)F,2.038231483
OCC(F)(F)OC(F)(F)C(F)(F)OC(F)(F)C(F)(F)C(F)(F)C(F)(F)F,1.867749076
OC(=O)C(F)(F)OC(F)(F)C(F)(F)OC(F)(F)C(F)(F)C(F)(F)C(F)(F)F,1.637579626
CC(=C)C(=O)OCC(O)CC(F)(F)C(F)(F)C(F)(F)C(F)(F)F,1.500987769
FC(F)(F)C1=CC(=CC(CC(Cl)=O)=C1)C(F)(F)F,2.118961255
OC(CC(=O)C1=CC=CC=C1)C(F)(F)C(F)(F)C(F)(F)C(F)F,1.512831076
CC(Br)CC(=O)NC(C1=CC(=CC(=C1)C(F)(F)F)C(F)(F)F)C1=CC(=CC(=C1)C(F)(F)F)C(F)(F)F,2.186584705
FC(F)(F)C(F)(F)CNCC(F)(F)C(F)(F)F,1.48556326
FC(F)(Br)C#N,1.126695943
NCC(F)(F)Br,0.308102929
COC(=O)CCC(F)(F)F,1.020884956
CC1=CC=C(C=C1)S(=O)(=O)OCC(F)(F)C(F)(F)C(F)(F)C(F)(F)F,1.559045328
NC(=O)C(=O)C(F)(F)F,0.72397576
CC(C)(C)OC(F)(F)C(F)F,1.857659549
FC(F)C(F)(F)C(F)(F)C(F)(F)C(F)(F)C(F)(F)Cl,2.320679513
OCCC(F)(F)C(F)(F)C(F)(F)F,1.507335061
FC(F)(F)C(F)(F)C(F)(F)C(F)(F)C(F)(F)C(F)(F)C(=O)CC(=O)C1=CC=CC=C1,1.896101991
CCOC(=O)C(F)(OC(F)(F)C(F)(F)C(F)(F)F)C(F)(F)F,1.910729627
FC(F)=CCBr,1.591657738
OC(CNCC1=CC=CC=C1C(F)(F)F)C(F)(F)F,1.576525931
CS(=O)(=O)OC1=C(F)C(F)=C(F)C(F)=C1F,1.942505745
FC1=CC(F)=NC(F)=C1,1.757392594
OCCCC(F)(F)C(F)(F)C(F)(F)C(F)(F)C(F)(F)C(F)(F)C(F)(F)F,2.102047254
FC(F)(F)C1=CC(=CC(NC(=O)CC#N)=C1)C(F)(F)F,1.908827023
CCCCCCCCC(F)(F)C(F)(F)C(F)(F)C(F)(F)C(F)(F)C(F)(F)C(F)(F)C(F)(F)F,2.409060257
NCC1=C(F)C(F)=C(F)C(F)=C1F,2.007523545
FC(F)(F)C1=CC(=CC(CS(Cl)(=O)=O)=C1)C(F)(F)F,1.737164786
OC(=O)C(\F)=C(/F)C(F)(C(F)(F)F)C(F)(F)F,1.464337318
OC(=O)C1=CC=C(SC(F)(F)C(F)(F)C(F)(F)F)C=C1,1.262131991
CCP(=O)(OCC(F)(F)F)OCC(F)(F)F,1.14007699
[O-][N+](=O)C(F)(F)C(=O)C(F)(F)F,1.002701202
CC(=O)C1=CC(F)=C(F)C(F)=C1F,2.211627662
CO[Si](CCCOC(F)(C(F)(F)F)C(F)(F)F)(OC)OC,1.44739087
CCCN(CC1CO1)S(=O)(=O)C(F)(F)C(F)(F)C(F)(F)C(F)(F)C(F)(F)C(F)(F)C(F)(F)C(F)(F)F,1.876361769
NC1=C(F)C2=C(C(F)=C1F)C(F)=C(F)C(F)=C2F,2.449367283
NC(=N)C1=C(F)C(F)=CC(F)=C1F,1.945621467
OC(=O)[C@](F)(OC(F)(F)C(F)(F)C(F)(F)F)C(F)(F)F,1.480167714
FC(F)C(F)(F)C(F)(F)C(F)(F)C(F)(F)C(F)(F)C(=O)NC1=CC=CC=N1,1.799272691
COC(=O)NC1=C(F)C(F)=C(F)C(F)=C1F,1.770286805
NC1=NC(=C(C(F)=N1)C(F)(F)F)C(F)(F)C(F)(F)F,1.735460923
FC(F)(F)C(F)(F)C(F)(F)C(F)(F)C(F)(F)C(F)(F)C1=CC=CC=C1P(=O)(C1=CC=CC=C1)C1=CC=CC=C1,2.534325175
NC(=O)C1=CC=C(NC(=O)C(F)(F)C(F)(F)C(F)(F)F)C=C1,1.198136112
CCCC\C=C\C(F)(F)C(F)(F)Br,2.665346024
CCC(=CC(F)(F)C(F)(F)C(F)(F)F)[N+]([O-])=O,2.001833776
FC(C(F)(F)Cl)C(F)(F)Cl,1.845378785
FC(F)(F)CCCl,1.480458049
FC(F)(F)C(F)(F)C(F)(F)C(F)(F)S(=O)(=O)O\C1=C\CCCCCC1,1.625629302
[O-][N+](=O)\C=C\C1=C(F)C(F)=C(F)C(F)=C1F,2.652383327
CP(C(F)(F)C(F)(F)F)C(F)(F)C(F)(F)F,1.920589307
COC(F)(F)C(F)(C(F)(F)F)C(F)(F)F,1.87010968
N\C(=N/C(=N)C(F)(F)F)C(F)(F)F,1.136190496
OC(=O)C1=C(F)C(=C(F)C=C1)C(F)(F)F,1.533300634
OC(=O)CCSCCC(F)(F)C(F)(F)C(F)(F)C(F)(F)C(F)(F)C(F)(F)F,1.846976075
FC(F)(F)C(=O)C(F)(F)C(=O)C(F)(F)F,1.248358661
CC1=CC2=C(C=C1)N=C(C=C2)C(F)(F)C(F)(F)C(F)(F)F,2.181936417
FC(F)(F)C(F)(F)C(F)(F)C(F)(F)C(F)(F)C(F)(F)C(F)(F)C(F)(F)OC(=O)C=C,2.309807301
NC1=NC=C(S1)C(F)(F)F,1.25244343
FC(F)(F)C1=CC(=CC(=C1)B(C1=CC(=CC(=C1)C(F)(F)F)C(F)(F)F)C1=CC(=CC(=C1)C(F)(F)F)C(F)(F)F)C(F)(F)F,3.091033826
NC1=CC=C(C=C1)S(=O)(=O)C(F)(F)C(F)(F)C(F)(F)C(F)(F)C(F)(F)C(F)(F)F,1.427728819
CCC(F)(F)C(F)C(F)(F)F,2.056764796
COC(=O)C1=CC(=CC=C1)S(=O)(=O)C(F)(F)C(F)(F)C(F)(F)F,1.35830972
FC(C1=CC=C(Br)C=C1)C(F)(F)C(F)(F)F,2.399707618
FC(F)(F)C(=O)CC(=O)C(F)(F)F,1.073330864
FC[Si](C(F)F)(C(F)F)C(F)F,1.663738973
FC(F)(F)C1(F)C2=CC=CC=C2CC1(F)F,2.667998338
FC(F)C=C(F)F,1.821027877
FC(F)(F)C(F)(F)C(F)(F)C(=O)N1C2=CC=CC=C2SC2=CC=CC=C12,1.975427276
FC(F)(F)CSCC(Cl)=O,1.175872616
FC1=C(F)C2=C(C(F)=C1F)C(=C(F)C(F)=C2F)C(F)(F)F,3.209941692
FC1=CC=CC(OS(=O)(=O)C(F)(F)F)=C1F,1.781143321
CC(F)(F)C(F)CF,1.810334358
FC(F)C(F)I,1.938257071
NC(=S)CC(F)(F)F,1.045044169
O.FC(F)(F)F,1.258539847
COC(OC)(C(F)(F)F)C(F)(F)F,1.571248386
NC1=C(C=C(C=C1C(F)(F)F)C#N)C(F)(F)F,1.65167219
FC(F)(F)OC(=O)C#N,1.832164252
CCCOC(F)(F)C(F)(F)C(F)(F)C(F)(F)F,2.05610758
[O-][N+](=O)C(F)(COC(F)(F)OCC(F)(F)F)[N+]([O-])=O,1.34815625
COC(=O)COP(=O)(OCC(F)(F)F)OCC(F)(F)F,1.069539262
FC(F)(F)C(F)(C(F)(F)F)C(F)(F)C(F)(F)C(F)(F)C(F)(F)C(F)(F)C(F)(F)C(F)(F)C(F)(F)C(F)(F)C(F)(F)I,2.490183368
FC1=CC(I)=CC(F)=C1OC(F)(F)F,3.27259743
FC(F)(F)N(C(S)=S)C(F)(F)F,1.789037152
Cl.NOCCCC(F)(F)F,0.870831568
FC(F)COC(=O)C(F)(F)F,1.196568586
FC(F)=C(CC1=CC=CC=C1)C(F)(F)F,2.548403079
NC1=CC(Cl)=C(OC(F)(F)C(F)C(F)(F)F)C=C1Cl,2.69484924
NC1=CC(Cl)=C(OC(F)(F)C(F)C(F)(F)F)C(Cl)=C1,2.710135974
CCOC(F)(F)C1(F)C(F)(F)C(F)(F)C(F)(F)C(F)(F)C1(F)F,2.315440203
FC(F)(F)C1(Br)N=N1,0.998711874
FC1=C(F)C(F)=C(C2=CC=CN2)C(F)=C1F,2.85399911
FC(F)(F)C1(F)C(F)(F)C(F)(F)C1(C(F)(F)F)C(F)(F)F,2.876940028
FC(F)(F)C(=O)CC=O,0.755405196
FC1=C(F)C(F)=C(F)C(F)=C1F,3.116109168
FC(F)(F)C1=CNC=C1,1.604686343
C[C@@]1(CCC2=C(C=CC(O)=C2)[C@H]1CCCCCCCCCS(=O)CCCC(F)(F)C(F)(F)F)C1=CC=C(O)C=C1,1.762455957
COC(=O)CCC(F)(F)C(F)(F)C(F)(F)C(F)(F)F,1.752306121
FC(F)(F)C(F)(F)C(F)(F)C(F)(F)C(F)(F)C(F)(F)CCNCC1=CC=CC=C1,1.962699471
FC(F)=C(F)CBr,1.524800581
FC(C(F)(F)F)C(F)(F)C1CCCC1,2.219066269
FC(F)C1(F)OC(F)(F)C(F)(F)C1(F)F,2.075745295
FC(=C)C(F)(F)Br,1.519891364
OCCC(F)(F)C(F)(F)C(F)(F)C(F)(F)C(F)(F)C(F)(F)F,1.98950395
OC(=O)CP(=O)(OCC(F)(F)F)OCC(F)(F)F,0.678069674
CC(C)CC(C)(C1=CC=C(OC(F)(F)C(F)F)C=C1)C1=CC=C(OC(F)(F)C(F)F)C=C1,3.201583808
FC(F)(F)C(F)(F)C(F)(F)C1=CC=NC2=CC=CC=C12,2.300245403
C[Si](C)(C1=CC=CC=C1)C(F)(F)C(F)(F)[Si](C)(C)C1=CC=CC=C1,2.613096997
FC(F)(OC(F)(F)C(F)(F)S(F)(=O)=O)C(F)(F)C=C,1.414725817
FC(F)(CC=C)C(F)(F)C(F)(F)C(F)(F)C(F)(F)C(F)(F)CC=C,2.422954166
CC(O)C(F)(F)C(F)(F)C(F)(F)C(F)(F)F,1.631670647
FC(F)(Br)C(F)(F)C(F)(F)Br,1.992593705
OC(=O)CC(F)(F)C(F)(F)C(F)(F)C(F)(F)C(F)(F)C(F)(F)C(F)(F)C(F)(F)F,1.942534981
FB(F)C(F)=C(F)F,2.021987701
FC1=C(F)C=C(C(Cl)=C1)C(F)(F)F,3.043650796
CCN(CC)C=C(C(=O)C(F)(F)F)C(=O)C(F)(F)F,1.674455518
FC(F)(F)C(F)(F)C(F)(F)C(=O)OOC(=O)C(F)(F)C(F)(F)C(F)(F)F,1.769765631
FC(F)(F)C(C1=NC2=CC=CC=C2S1)C(F)(F)F,2.359883457
CN(P(OCC(F)(F)F)OCC(F)(F)F)P(OCC(F)(F)F)OCC(F)(F)F,1.807282411
FC(F)(F)C(F)(F)CCCS,1.773294898
OC(=O)CC1SC(OC1=O)(C(F)(F)F)C(F)(F)F,1.354314984
OC(CBr)(C(F)(F)F)C(F)(F)F,1.077012703
OCC(I)CC(F)(F)C(F)(F)C(F)(F)C(F)(F)C(F)(F)C(F)(F)CC(I)CO,1.66866433
CS(=O)(=O)C(F)(F)F,0.267295716
FC(F)(F)C(F)(F)C(F)(F)C(F)(F)C(F)(F)C(F)(F)CCCN1C(=O)C=CC1=O,1.95813635
[H][C@@]12CC[C@H](O)[C@@]1(C)CC[C@]1([H])C3=CC=C(O)C=C3C[C@@H](CCCCCCCCCSCCCC(F)(F)C(F)(F)F)[C@@]21[H],2.145532595
FC1=CN=C(F)C(F)=C1F,2.100561153
COC(=O)C(F)(F)C(F)F,1.089485564
FC(F)(F)COCOCC(F)(F)F,1.398465241
OC(CCl)(C(F)(F)F)C(F)(F)F,1.079011085
FC(F)C(Br)Br,1.334910273
FC(F)(F)COCC(F)(F)F,1.522744403
FC(F)(F)C(F)(F)C(F)(F)C(F)(F)C(F)(F)C(F)(F)C(F)(F)C(F)(F)Br,2.38319904
FC(Cl)C(F)(Cl)C(F)(F)Cl,1.809039751
FC(F)=CC=C,2.112258194
NS(=O)(=O)C(F)(F)C(F)(F)C(F)(F)C(F)(F)C(F)(F)C(F)(F)F,1.677161404
CCO[Si](OCC)(OCC)C(F)(F)C(F)(F)C(F)(F)C(F)(F)C(F)(F)C(F)(F)C(F)(F)C(F)(F)F,1.995224994
NC1=C(F)C(F)=C(C=O)C(F)=C1F,1.53402529
OC(=O)CC(F)(F)C(F)(F)C(F)(F)C(F)(F)C(F)(F)C(F)(F)F,1.780574395
FC1(F)COC(=O)C1(F)F,1.305931918
FCC(F)=C(F)F,1.85069447
OC(=O)CCCC(F)(F)C(F)(F)F,1.08697901
FC(F)(Cl)C(F)(F)CC1CCC(=O)O1,1.255649882
FC1=C(F)C(F)=C(C=C(Br)Br)C(F)=C1F,2.738955853
FC(F)(F)C1=CC=CC(=C1[Si](F)(F)C1=C(C=CC=C1C(F)(F)F)C(F)(F)F)C(F)(F)F,2.917071002
CC1=NC(=NN1)C(F)(F)C(F)(F)C(F)(F)C(F)(F)C(F)(F)C(F)(F)C(F)(F)C(F)(F)F,1.913467798
FC(F)(I)C(F)(F)C1=NC(=NC(=N1)C(F)(F)C(F)(F)I)C(F)(F)C(F)(F)I,2.042795071
CNC(=O)C(F)(F)C(F)(F)C(F)(F)C(F)(F)C(F)(F)C(F)(F)C(F)(F)F,1.797373964
FC12OC1(F)C(F)(F)OC2(F)F,1.862818068
FC1=C(F)C(F)=C(B(C2=C(F)C(F)=C(F)C(F)=C2F)C2=C(B(C3=C(F)C(F)=C(F)C(F)=C3F)C3=C(F)C(F)=C(F)C(F)=C3F)C(F)=C(F)C(F)=C2F)C(F)=C1F,3.589232811
CSCOC(=O)C(F)(F)F,1.193052786
[2H]C([2H])(O)C(F)(F)F,0.845789434
FC(F)(F)C(C1=CC(=NN=C1C1=CC=CC=C1)C1=CC=CC=C1)C(F)(F)F,2.841852328
CSC1=NC(=CC(=N1)C(F)(F)F)C(F)(F)F,2.04396572
FC(F)(F)C(=NC(=O)C1=CC=C(Cl)C=C1)C(F)(F)F,2.292833307
FC(F)(F)C(F)(F)OC(F)(F)C(F)(F)OC(F)(F)C(F)(F)F,2.020378665
CCCCC(=O)CC(=O)C(F)(F)C(F)F,1.22812629
FC(F)(F)SC1=CC=C(N1)SC(F)(F)F,2.021294298
F[C@H]1O[C@H]1F,0.915123908
FC(F)(F)C(F)(F)C(F)(F)C(F)(F)C(F)(F)C(F)(F)[I+]C1=CC=CC=C1,2.166833171
FC1=CC(F)=C(F)C(I)=C1F,3.321817704
FC(F)=C(F)OC(F)(F)C(F)(F)C(F)(F)C(F)(F)C(F)(F)C(F)(F)OC(F)=C(F)F,2.511606741
FC1=C(F)C(F)(Cl)C(F)=C(F)C1=NCl,2.027795599
FC(F)(F)C(C#N)C(F)(F)F,1.61952171
FC(F)C(F)(F)C(F)(Cl)C(F)(F)Cl,2.069378061
FC1=NC(F)=C(F)C(Cl)=C1F,2.142592671
FC(F)(F)C(F)(I)C(F)(F)OS(F)(=O)=O,1.340190606
CC(=O)C(F)(F)C(F)(F)C(F)(F)C(F)(F)C(F)(F)C(F)(F)C(F)(F)F,2.124053115
FC1=C(F)C(F)=C(B(Cl)Cl)C(F)=C1F,3.05521471
FC(F)(F)ON(C(F)(F)F)C(F)(F)F,1.373942686
CCCNC(=O)C(F)(F)C(F)(F)F,1.127752339
CCOC1=C(F)C(F)=C(F)C(F)=C1F,2.748947509
FC(F)(Cl)C(F)(F)OS(F)(=O)=O,0.861511504
FC(F)(F)CC#N,1.076004302
OC(F)(F)C(F)(F)S(F)(=O)=O,0.247121945
FC1(F)CC2=CC=CC=C2C1(F)F,2.701335911
FC(F)(F)N(Cl)Cl,0.854049807
CCC(CC)C(=O)CC(=O)C(F)(F)C(F)(F)C(F)(F)F,1.449438134
FCC(F)CF,1.363417128
FC(F)(F)C1=CNN=C1,1.357087961
CC1=CC=C(SC(F)(F)C(F)(F)C(F)(F)F)C=C1,2.009395497
COC(=O)C(=O)C(F)(F)C(F)F,1.18744819
FCC(F)(F)C(F)C(F)(F)F,1.978398182
FC1=C(F)C(F)=NC=C1,1.97572799
FC(F)(F)C(F)(F)C(F)(F)SCC1=CC=CC=C1,2.132220942
FC1=C(F)C(F)(F)C(F)(Br)C(F)(F)C1(F)F,2.526966482
FC(F)(F)C1=CC(=CC(=C1)C(F)(F)F)C1(CCC2(CCC=C2)O1)C1=CC(=CC(=C1)C(F)(F)F)C(F)(F)F,2.924997438
FC1=C(F)C(=C(F)C(F)=C1N1CCCCC1)C(F)(F)F,2.318437945
OS(=O)C(F)(F)C(F)(F)OC(F)(F)C(F)F,1.132348533
FC(F)(F)C(F)(F)C(F)(F)C1(F)C(F)(F)C(F)(F)C(F)(F)C(F)(F)C1(F)F,2.575084139
OC(=O)C(F)(F)C(F)(F)C(F)(F)OC(F)(Cl)C(F)(F)Cl,1.317232324
FC(F)C(F)(F)C(F)(F)C(F)(F)C(F)(F)C(F)(F)CBr,2.268400067
[O-][N+](=O)C(F)(F)C(F)(OC(F)(F)F)OS(F)(=O)=O,1.0015936
COC1=CC=C(C=C1)C(=O)C#CC(F)(F)C(F)(F)C(F)(F)F,2.383191224
FC(F)(F)OC1(F)C(F)(F)C(F)(F)C(F)(F)C(F)(F)C1(F)F,2.412387035
FC(F)(I)C(F)(F)OC(F)(F)C(F)(F)I,2.037075812
COC(F)(F)C(=O)C(F)(F)F,1.117012198
FC(F)C(F)(F)C=O,1.263864711
C1=CC=NC=C1.FC(F)(F)SC1=C(SC(F)(F)F)C(SC(F)(F)F)=C(N1)SC(F)(F)F,2.269762832
FC1=CC(F)(F)C(F)(F)C(F)(F)C=C1F,2.425342042
COC(=O)C(=C)CC(F)(F)C(F)(F)C(F)(F)F,1.790221563
FC1=C(F)C(F)=C(F)C2=C1C(F)(F)C(F)(Cl)C2(Cl)Cl,3.414507138
FC1=C(F)C(Cl)=C(F)C2=C1C(Cl)(Cl)C(F)(F)C2(F)F,3.529955648
COC(=O)CC(O)(O)C(F)(F)C(F)(F)C(F)(F)F,1.092887799
OCC(Br)C(F)(F)C(F)(F)C(F)(F)C(F)(F)C(F)(F)C(F)(F)F,1.939354369
FC1=NC(F)(F)C(F)(F)N1C(F)(F)F,1.341192248
FC(F)(OC(F)(F)C(F)(F)S(F)(=O)=O)C(Cl)=O,0.866623728
CC(F)(F)C(CF)CF,1.814879663
CC(C)(CC1=CC=CC=C1)C(F)(F)C(F)C(F)(F)F,2.495676468
FC(F)(F)C(F)(F)C(F)(F)C(F)(F)C(F)(F)C(F)(F)SC1=CC=CC=C1,2.213163713
FC1=CC(F)=C(\N=N\C(F)(F)F)C(F)=C1,2.214318063
OC1=C(Br)C=C(OC(F)(F)C(F)F)C=C1,2.365569044
FC(F)(F)C1=NOC(=NO1)C(F)(F)F,1.562567972
CCOC(=O)C(Br)(C(F)(F)F)C(F)(F)F,1.603812886
FC(F)(F)C1=NSC(Cl)=N1,1.522757965
[H]C12OC([H])(C=C1)C(=C2C(F)(F)F)C(F)(F)F,2.26886299
CSC(F)(F)C(F)(F)C(O)=O,0.632674632
OC(=O)C(F)(OC(F)(F)C(F)(F)C(F)(F)F)C(F)(F)N=[N+]=[N-],1.230924701
CC(C)(C)C1=CC(=CC(=C1O)C(C)(C)C)C(F)(F)C(F)(F)F,2.852784026
FC(F)S(F)(=O)=O,0.104697559
FC1=C(F)C(F)=C(C(=O)OOC(=O)C2=C(F)C(F)=C(F)C(F)=C2F)C(F)=C1F,2.485575218
FC(F)(F)C(F)(F)C(F)(F)C1CCCCC1=O,1.827745947
FC(F)(F)C(F)(F)C(F)(F)C(F)(F)C(F)(F)C(F)(F)C(F)(F)C(F)(F)C1OCOO1,2.165722759
COC(=O)C#CC(F)(F)C(F)(F)F,2.016894277
COC(=O)C(F)(F)C(F)(F)SCl,1.161591241
CCSC(F)(F)C(F)(F)C(F)=O,1.357587725
OC1(OOC2(O)C(F)(F)C(F)(F)C(F)(F)C2(F)F)C(F)(F)C(F)(F)C(F)(F)C1(F)F,1.939948466
FC1=C(F)C(F)=C(C(F)=C1F)C1(ON1C1=CC=CC=C1)C1=C(F)C(F)=C(F)C(F)=C1F,3.13968323
[O-][N+](=O)C(C(F)(F)F)C(F)(F)F,1.353526658
OC(=O)C(Cl)(Cl)C(F)(F)F,0.475546211
FCC1=C(F)C(F)(F)C(F)(F)C(F)(F)C1(F)F,2.485539264
FC1=C(F)C(=C(C(F)=C1F)C(F)(F)C(F)(F)F)C(F)(F)F,2.953226083
CC(=O)CCC(F)(F)C(F)(F)C(F)(F)C(F)(F)C(F)(F)C(F)(F)F,2.003262841
FC(F)(F)[Si](F)(F)F,1.684351079
FC(F)(Cl)C(F)(Cl)C(F)(Cl)Cl,1.937245448
NC1=CC=C(C=C1)C(F)(F)C(F)(F)F,1.798863128
COC(=O)C1=C(C=C(C=C1C(F)(F)F)C(F)(F)F)C(F)(F)F,2.709187144
FC(=O)C(F)(F)OC(F)(F)C(F)(F)OC(F)(F)C(F)(F)OC(F)(F)C(F)=O,1.630053436
CCCCC#CC(=C(C)C)C(F)(F)C(F)(F)F,2.494961909
C[Si](C)(C)OP(OCC(F)(F)F)OCC(F)(F)F,1.7433994
OS(=O)(=O)C(CC(=O)OCC(F)(F)C(F)(F)C(F)(F)C(F)F)C(=O)OCC(F)(F)C(F)(F)C(F)(F)C(F)F,1.584073393
CCCCC(I)CC(F)(F)C(F)(F)C(F)(F)C(F)(F)Cl,2.125158605
CN(C)CCN(C)CC(F)(F)C(F)F,1.483100476
CCOC(=O)C(C(C)=O)C(=O)C(F)(F)C(F)F,0.607551633
CCCCCCC(=O)C(F)C(F)(F)C(F)(F)F,1.803081594
COC1=C(F)C(F)=NC(F)=C1F,1.889177529
CC1=CC(N)=C(N)C=C1OC(F)(F)C(F)F,2.134422373
FC(F)(F)C(F)(F)C(F)(F)C(F)(F)CC(I)CC1=CC=CC=C1,2.170452988
FC(F)(F)C1=CC=CC(=C1Cl)C(F)(F)F,2.801631448
FC(F)(F)C(OC1CCCCO1)C(F)(F)F,1.736731522
FC(F)(F)C1=CN=C(C=C1)C(F)(F)F,2.016425323
FC1=CC(F)=C(F)C=C1C(F)(F)F,2.894121634
FC(F)(F)C(F)(F)C1=C(Cl)C=CC(Cl)=C1,2.970400423
FC(F)=NN=C(F)F,1.50716598
FC(C(F)(F)C(F)(F)C(F)S(F)(=O)=O)S(F)(=O)=O,0.775451206
FC(F)(F)C(F)(F)CCSC#N,1.836570441
OCCC(O)C(F)(F)C(F)(F)F,0.873487684
FC1(F)COC1(F)Cl,1.670599592
FC1=CC(F)=C(C=C1)C(F)(F)F,2.682274051
FC(F)(F)C(F)(F)C(F)(F)C(F)(F)C(F)(F)C(F)(F)CCOC=C,2.165570409
OC(F)(F)C(F)F,0.676446126
OP(=O)(OCCC(F)(F)C(F)(F)C(F)(F)C(F)(F)C(F)(F)C(F)(F)F)OCCC(F)(F)C(F)(F)C(F)(F)C(F)(F)C(F)(F)C(F)(F)F,2.067704617
OC(=O)C(F)(F)C(F)(F)C(F)(F)C(F)(F)C(F)(C(F)(F)F)C(F)(F)F,1.770170747
FC1=C(F)C(F)=C(F)C(F)=C(F)O1,2.034682739
FC(F)(F)COCC#N,1.167953869
FN(F)C(F)(F)C(F)(F)C(F)(F)C(F)(F)F,1.877355246
NC(=O)C1=CC(F)=C(F)C(OC(F)F)=C1F,1.877167591
FC(F)(F)CCC(Cl)=O,1.055103846
FC(F)=NC(F)(F)C(F)(F)F,1.597920468
FC(=O)C1=C(F)C(F)=C(C(F)=O)C(F)=C1F,1.968778289
FC(F)(F)C(F)(F)C(F)(F)C(F)(F)C(F)(F)C(F)(F)C(F)(Cl)C(F)(Cl)Cl,2.378060072
FC1C(F)(F)C1(F)F,2.454005768
FC(F)(F)C(F)(F)OC(F)(OC(F)(F)C(F)(F)F)OC(F)(F)C(F)(F)F,2.201937453
FC1=CC(Br)=CC(F)=C1OC(F)(F)F,3.054172425
CCC1=CC(=NN1)C(F)(F)C(F)F,1.54276481
C[C@@H](ON1CC1(C(F)(F)F)C(F)(F)F)C(N)=O,1.292550955
FC(F)C(F)(F)C(F)(F)C(F)(F)CS(=O)(=O)CC1=CC=CC=C1,1.615445877
FC(F)(F)CC[Si](Cl)(CCC(F)(F)F)CCC(F)(F)F,2.186576466
FC1=C(F)C(F)=C2C(F)=C(F)C(F)=C(F)C2=C1,3.224857395
CC(C)(C)CC(C)(C)C1=CC=C(OC(F)(F)C(F)F)C=C1,2.980691963
FC(F)(Cl)C(F)(F)OC(F)(F)C(F)(F)S(F)(=O)=O,1.384199751
CCCCC(F)(F)C(F)C(F)(F)F,2.158572945
FC(F)(F)C(F)(F)C(F)(F)C(=O)N(Cl)Cl,1.540469332
OC(=O)C1=CC(SC(F)(C(F)(F)F)C(F)(F)F)=CC=C1,1.339150941
NC1=C(C=CC(F)=C1F)C(F)(F)F,2.032674312
FC(F)(F)CCCCCCCCC(F)(F)F,2.189522537
FC(=O)C1(CCCCC1)C(F)(F)F,1.636867179
FC(F)(F)SC(SC(F)(F)F)=C(SC(F)(F)F)SC(F)(F)F,2.479753335
FC1=C(OCC2=CC=CC=C2)C(F)(F)C(F)(F)C1(F)F,2.423393937
CC1=C(C(C)=CS1)C1=C(C2=C(C)SC=C2C)C(F)(F)C(F)(F)C1(F)F,2.323999024
NC(=O)C1=C(C=CC(=C1C(N)=O)C(F)(F)F)C(F)(F)F,1.227068373
[NH4+].[O-]S(=O)(=O)C(F)(F)F,-0.354815371
FC(F)(F)C(F)(F)C(=O)C(F)(Cl)Cl,1.613229532
FC(F)(Cl)C(F)(F)C(Cl)(Cl)Br,1.915584076
OCCS(=O)CCC(F)(F)C(F)(F)C(F)(F)C(F)(F)C(F)(F)C(F)(F)F,1.910308448
FC(F)(F)C1(C2CC(C=C2)C1(C#N)C#N)C(F)(F)F,2.452545344
FC(F)(F)C1=CC=CC(=C1P(=S)=S)C(F)(F)F,2.924994227
CC(C)[SiH](CCC(F)(F)C(F)(F)C(F)(F)C(F)(F)C(F)(F)C(F)(F)F)C(C)C,2.528612253
CC1(C)[C@H]2CC[C@]1(C)C(=O)C2C(=O)C(F)(F)C(F)(F)C(F)(F)F,2.111191331
OC1=CC=C(SCCC(F)(F)C(F)(F)C(F)(F)C(F)(F)F)C=C1,1.831872015
FC1=C(F)C(F)=C([Al](C2=C(F)C(F)=C(F)C(F)=C2F)C2=C(F)C(F)=C(F)C(F)=C2F)C(F)=C1F,3.60194421
NC1=CC(=NC2=C1C=CC=C2C(F)(F)F)C(F)(F)F,2.22654947
FC(F)(F)C(=O)NC1=NN=C(S1)C(F)(F)F,1.714245141
NC1=C(C=CC(F)=C1)C(F)(F)F,1.869451165
OCC1=C(F)C(F)=C(Cl)C(F)=C1F,2.118968923
CC1=C(F)C(F)=C(F)C=C1F,3.021559254
CC1=CC(=CC(F)=C1)C(F)(F)F,2.307796414
COC(=O)OCC(F)(F)C(F)(F)F,1.49824386
OCC1=CN=C(OCC(F)(F)C(F)F)C=C1,1.270645098
OC(=O)C1=CC(=C(F)C(F)=C1F)C(F)(F)F,1.615317482
COC(=O)C1=C(C=C(C=C1)C(F)(F)F)C(F)(F)F,2.311290963
NC1=CC(N)=C(C=C1)C(F)(C(F)(F)F)C(F)(F)F,1.583943519
FC1=CC=CC(=C1Cl)C(F)(F)F,2.837003653
FC(F)(F)C(F)(F)C(F)(F)COC=C,1.849065092
OCC(F)(F)C(F)(F)C(F)(F)C(F)(F)C(F)(F)C(F)(F)C(F)(F)F,2.060909432
FC(F)(F)C(F)(F)C(F)(F)C(F)(F)C(F)(F)C(F)(F)C(F)(F)C(F)(F)C(F)(F)C(F)(F)S(F)(=O)=O,2.172371815
FC(F)(F)C(F)(F)C(F)(F)C(F)(F)C(F)(F)C(F)(F)C(F)(F)C(F)(F)C(F)(F)C(F)(F)C(F)(F)C(F)(F)C(F)(F)C(F)(F)I,2.503121941
FC(F)(F)C(F)(F)C(F)(F)C(F)(F)C(F)(F)C(F)(F)C(F)(F)COC(=O)C=C,2.196660796
FC(F)(F)C(F)(F)C(F)(F)C(F)(F)C(F)(F)C(F)(F)C(F)(F)I,2.386808887
FC(F)(F)C(F)(F)CI,1.867659471
FC(F)C(F)(F)[Si](Cl)(Cl)Cl,1.820234323
FC(F)(F)C1(F)C(F)(F)C(F)(F)C(F)(F)C(F)(F)C1(F)F,2.523743721
FC(F)(F)C(F)(F)C(F)(F)C(F)(F)F,2.190947895
FC(F)(F)C(F)(F)C(F)(F)C(F)(F)C(F)(F)C(F)(F)C(F)(F)C(F)(F)C(F)(F)C(F)(F)C(F)(F)C(F)(F)C(F)(F)C(F)(F)C(F)(F)C(F)(F)I,2.535191197
FC1=CC=C(C=C1)C(F)(F)F,2.460384113
FC(F)(F)COC=C,1.333808036
NC1=C(N)N=C(OCC(F)(F)F)C(=C1)C(F)(F)F,1.890913322
FC1=C(F)C(F)=C(F)C(=C1)C#C,2.731193681
FC(F)(F)C1(F)C(F)(F)C(F)(F)C(F)(F)C(F)(F)C1(C(F)(F)F)C(F)(F)F,2.788905853
CC(I)CC(F)(F)C(F)(F)C(F)(F)C(F)(F)F,2.052092269
FC1(F)C(=O)C(F)(CC=C)C1(F)F,2.162070769
OC(=O)COC(F)(F)C(F)(F)C(F)(F)C(F)(F)F,1.459318421
FC(F)(F)C(F)(F)CCC=C,2.111525215
FC1=C(Cl)OC(F)(F)O1,1.606598706
FC(F)(F)SBr,1.246758096
FC(F)(F)CCC1=C(CCC(F)(F)F)C(CCC(F)(F)F)=C(C=C1)C(F)(F)F,2.546741675
FC(F)(F)C(F)(F)C(F)(F)C(F)(F)S,1.978682173
COC(F)(F)C(F)(F)C#N,1.204852365
[H]C12CC(OCC(O)(C(F)(F)F)C(F)(F)F)C([H])(C1)C=C2,1.789498924
FC(F)(F)C(F)(F)C(F)(F)C(F)(F)C(F)(F)I,2.274684534
FC(F)(F)C(F)(I)C(F)(F)F,2.074198091
FC(F)(F)C(F)(C(F)(F)F)C(F)(F)C(F)(F)C(F)(F)C(F)(F)C(F)(F)C(F)(F)C(F)(F)C(F)(F)I,2.462081344
FC(F)(COC(=O)C=C)C(F)(F)C(F)(F)COC(=O)C=C,1.771735336
OC1=C(C(=C(O)C=C1)C(F)(F)F)C(F)(F)F,1.638510289
FC1=CN=C(NC(=O)C(F)(F)F)S1,1.516177669
FC1=CC=CC=C1C(=O)C(F)(F)F,2.256712427
FC1(F)[C@H]2[C@H]([C@@H]3O[C@H]2C=C3)C1(F)F,2.305588307
FCC(F)(F)C(F)(F)C(F)(F)C(F)(F)C(F)(F)C(F)(F)C(F)(F)F,2.404831546
FC(F)C1(OC(F)C(F)(F)O1)C(F)(F)F,1.918540533
FC(F)CC(F)(F)Cl,1.566209802
FC1(F)C(F)(Br)C1(F)OC(Cl)Cl,2.149299439
OCCC(F)(F)C(F)(F)C(F)(F)C(F)(F)C(F)(F)C(F)(F)C(F)(F)C(F)F,2.13290318
NC1=C(F)C(F)=C(N)C(F)=C1F,1.089034851
OC(=O)C1=CC(=C(C=C1)C(F)(F)F)C(F)(F)F,1.590866772
FC(F)C(F)(F)C(F)(F)C(F)(F)C(F)(F)C(F)(F)C(F)(F)C(F)(F)C(F)(F)C(F)(F)C(F)(F)C(F)(F)C(F)(F)C(F)(F)C(F)(F)F,2.628489355
OSC(F)(F)F,0.350081624
OC(=O)CC(F)(F)C(F)(F)C(F)(F)F,1.25870014
FC(F)Br,1.270634747
NC(=O)SC(F)(F)F,1.131054021
FCC(F)(CF)C(F)F,1.811476774
CCN(CC)C(=O)C(F)C(F)(F)C(F)(F)C(F)(F)C(F)(F)C(=O)N(CC)CC,1.274692476
FC[Si](CF)(CF)CF,1.283262704
FC1=C(OCC=C)C(F)(F)C1(F)F,2.399506259
FC(F)(F)C(F)(F)C(F)(F)C(F)(F)C(F)(F)C(F)(F)S(=O)NS(=O)(=O)C1=CC=CC=C1,1.518032995
FC(F)(F)OC1=CC(Br)=C(OC(F)(F)F)C=C1Br,3.326666041
FC(F)N1C(F)(F)C(F)(F)OC(F)(F)C1(F)F,1.354072179
FC(F)(I)C(F)(F)C(F)(F)C(F)(F)OS(F)(=O)=O,1.576806338
FC(F)C(F)C(F)(F)C(F)(F)F,2.114435047
OC(=O)C(F)(F)C(F)(F)C(F)(F)C(F)(F)C(F)(F)C(F)(F)C(F)(F)C(F)(F)C(F)(F)C(F)F,1.978187967
OB(O)C(F)(F)F,0.039796366
FCCC(F)C(F)F,1.730263207
NCC(F)(F)C(F)(F)C(F)(F)C(F)(F)C(F)(F)F,1.771777353
NC1=NC=C(O1)C(F)(F)F,1.137946791
FC(F)C1=CC(F)=C(C=C1)C(F)(F)F,2.564952258
FC(I)CC(F)(F)C(F)(F)C(F)(F)C(F)(F)C(F)(F)C(F)(F)C(F)(F)C(F)(F)F,2.23604827
FC(F)(Cl)C(F)(F)C(F)(F)C(=O)OOC(=O)C(F)(F)C(F)(F)C(F)(F)Cl,1.720703506
FC(F)=C(F)OC(F)(F)C(F)(F)C=C,2.177892884
FC(F)(F)C1=C(C(I)=CC=C1)C(F)(F)F,2.866757406
Cl.CNCC(F)(F)F,0.63129089
FC(CC(F)(F)C(F)(F)C(F)(F)C(F)(F)C(F)(F)C(F)(F)F)[Si](Cl)(Cl)Cl,2.451040896
FC(F)(F)CC(Br)Br,1.429584949
FC1=C(F)C(F)=C(CC=O)C(F)=C1F,2.445692119
CCN(CC(O)=O)S(=O)(=O)C(F)(F)C(F)(F)C(F)(F)C(F)(F)C(F)(F)C(F)(F)C(F)(F)C(F)(F)F,1.728510631
NC1=C(F)C(F)=C(SC2=C(F)C(F)=C(N)C(F)=C2F)C(F)=C1F,1.953651356
FC(F)(F)N1CCNCC1,0.385104261
OC(=O)C1=CN=C(N=C1C1CC1)C(F)(F)C(F)(F)F,1.048315262
CCOC(=O)C(F)(F)C(F)(F)C(F)(F)C(F)(F)C(F)(F)C(F)(F)C(F)(F)F,2.087255426
FC(F)(F)C1=CC(Cl)=NN1,1.405288384
FC(=O)C(F)(C(F)(F)F)C(F)(F)C(F)(F)F,1.798372458
FC(F)(F)CC(C#N)C(CC(F)(F)F)C#N,1.704935976
FC1(F)OC(F)(F)C(F)(F)O1,1.521647954
FC(F)(F)C1(OB(OC1(C(F)(F)F)C(F)(F)F)C1=CC=CC=C1)C(F)(F)F,2.723424411
COC(=O)C(CC(F)(F)F)C(F)(F)F,1.343104315
FC1=C(F)C(F)=C(C(=C)C(F)(F)F)C(F)=C1F,2.846108924
COP(=O)(OC)OC(C#N)C(F)(F)C(F)(F)C(F)(F)F,1.328032628
FC(F)C(C(F)(F)F)[Si](Cl)(Cl)Cl,2.28877431
C[Si](C)(C)C(F)(F)C(F)C(F)(F)F,2.386551886
CCOC1=C(C#N)C(F)=C(C(F)(F)F)C(F)(F)O1,2.136980112
CC(=C)C(=O)OCC(F)(F)C(F)(F)C(F)(F)C(F)(F)C(F)(F)C(F)(F)C(F)(F)F,2.169464634
CNCC(F)F,0.401764598
NC1=NC(=C2NC(=NC2=N1)C(F)(F)F)C(F)(F)F,1.328785507
FC1=CC(Br)=CC(F)=C1C(F)(F)F,2.824780823
Cl.CCC(N)CC(F)(F)C(F)(F)C(F)(F)F,1.339031503
FC(F)(F)C1=CC(=CC(=C1)C(=O)CC#N)C(F)(F)F,2.008527463
OC(=O)C(F)(F)CC(F)(F)F,0.638473996
FC(F)(F)C(F)(F)C(=O)CCCCC1=CC=CC=C1,1.906569699
Cl.FC(F)(F)C1CCCN1,0.694657934
FC(F)(F)C1=CC=C(Br)S1,2.160601895
OC(=O)C1=C(Cl)C=C(C(F)=C1F)C(F)(F)F,1.652424181
NC1=C(NCC(F)(F)F)C=CC(=C1)C(F)(F)F,2.026965151
FC(F)(F)C1=CC(=CC(CN=[N+]=[N-])=C1)C(F)(F)F,2.180091864
F[B-](F)(F)F.CC(C)[C@H]1C[C@@H](F)C2=NN(C=[N+]12)C1=C(F)C(F)=C(F)C(F)=C1F,1.853112132
CCCOCCC(F)(F)C(F)(F)C(F)(F)C(F)(F)C(F)(F)C(F)(F)F,2.179887168
FC(=O)C(F)(F)C(F)(F)C(F)(F)C(F)(F)C(F)(F)C(F)(F)C(F)(F)C(F)(C(F)(F)F)C(F)(F)F,2.343593856
FC(F)(F)C1=NC2=C(C=C(C=C2N1)C(F)(F)F)C(F)(F)F,2.448650105
F[B-](F)(F)C(F)(F)F.CCCCN1C=C[N+](C)=C1,0.884847873
FC1(F)C(C2=CC=CC=C2)C1(F)F,2.694597097
FCC(F)(CF)CBr,1.427536206
CC(C)CC(=O)OC(C(F)(F)F)(C(F)(F)F)C(F)(F)F,2.298179549
FCCCOS(=O)(=O)C(F)(F)F,0.722441442
Cl.NCC1=C(F)C(F)=C(F)C(F)=C1F,1.843363239
FC(F)(F)C(F)(F)C(F)(F)CCCCI,1.968769939
FC(F)(F)CC(F)(F)CCl,1.557247671
FC(F)(F)CCCOC(=O)CCC(F)(F)F,1.518515184
COC(=O)C(F)(F)C(F)(F)C(F)(F)Br,1.459289988
FC1=C(F)C(F)=C(OC2=C(F)C(F)=C(OC3=C(F)C(F)=C(F)C(F)=C3F)C(F)=C2F)C(F)=C1F,3.911259091
FCC1=C(F)C=CC=C1F,2.453637483
FC1=C(OC(F)(F)F)C=CC=C1Br,2.919728977
FC1=C(Cl)N=C(C=C1)C(F)(F)F,2.097361957
FC1=C(CC(F)(F)F)C=CC(Cl)=C1,2.709408614
FC(OC(F)(F)C(F)(F)C(CI)C(F)(F)F)C(F)(F)F,1.957449449
FC(F)C1=CC(=CC(=C1)C(F)(F)F)C(F)(F)F,2.676252373
FC(F)C1=CC(=CC(F)=C1)C(F)(F)F,2.556910144
FC(F)(F)C(F)(F)C(F)(F)C(F)(F)C(F)(F)C(F)(F)C(F)(F)C(F)(F)CCOC(=O)C=C,2.230001306
CC(=C)C(=O)SCCC(F)(F)C(F)(F)C(F)(F)C(F)(F)C(F)(F)C(F)(F)C(F)(C(F)(F)F)C(F)(F)F,2.255104299
FC1=CC=CC=C1SC(F)(F)F,2.231485242
FC(F)(F)C(F)(F)C(F)(F)C(F)(F)C(F)(F)C(F)(F)C(F)(F)C(F)(F)C(F)(F)C(F)(F)C(F)(F)C(F)(F)CCOC(=O)C=C,2.346680194
CCN(CCO)S(=O)(=O)C(F)(F)C(F)(F)C(F)(F)C(F)(F)C(F)(F)C(F)(F)F,1.634417197
FC1=C(F)C(F)=C(C=CC2=C(F)C(F)=C(F)C(F)=C2F)C(F)=C1F,3.267134116
FC(F)(F)C(F)(F)C1(F)C(F)(F)C(F)(F)C(F)(F)C(F)(F)C1(F)C(F)(F)C(F)(F)F,2.620257669
CC[N+](CC)(CC)CC.[O-]S(=O)(=O)C(F)(F)C(F)(F)C(F)(F)C(F)(F)C(F)(F)C(F)(F)C(F)(F)C(F)(F)F,1.068865135
FC1=C(F)C(=C(F)C(F)=C1S(F)(F)(F)(F)F)S(F)(F)(F)(F)F,2.464223119
FC(F)(F)C=CC=C(Cl)C(F)(F)F,2.349367786
OCC1=CC=C(OCCCC(F)(F)C(F)(F)C(F)(F)C(F)(F)C(F)(F)C(F)(F)F)C=C1,2.123760815
CCN(F)CC(F)(F)F,0.981718191
FC1(F)CCS1(F)(F)(F)F,2.222896466
CC(=O)C1OC(C)=C(C1C1=CC=C(C=C1)[N+]([O-])=O)S(=O)(=O)C(F)(F)C(F)(F)C(F)(F)C(F)(F)Cl,1.44590949
FS(F)(=O)=O.FC(F)(F)C(F)(F)C1(F)C(F)(F)C(F)(F)C(F)(F)C(F)(F)C1(F)F,2.075329796
OCC1=CC(OC(F)(F)F)=CC(OC(F)(F)F)=C1,2.425809993
FC(F)OC1=C(OC(F)F)C=C(\C=N\OCC(F)(F)F)C=C1,2.587500809
FC(OC1=CC=C(CCl)C=C1)=C(F)C(F)(F)C(F)(F)C(F)(F)C(F)(F)C(F)(F)C(F)(F)C(F)(F)F,2.523319118
NC1=C(F)C(=C(Br)C=C1)C(F)(F)F,2.069152451
NC(F)(F)C(F)(F)CF,0.896018279
FC(C(F)(F)F)C(F)(F)OCCl,1.593005843
FC(F)(F)C(F)(F)C(F)(F)C(F)(F)CCOC(=O)C=CC(=O)OCCC(F)(F)C(F)(F)C(F)(F)C(F)(F)F,2.002327013
FC1=C(F)C(F)=C(C(F)=C1F)C1=C(F)C(=C(F)C(F)=C1F)C1=C(F)C(F)=C(F)C(F)=C1F,3.774631788
CCCCCCCCCCC(CCCCCCCC)COC(F)(F)C(F)F,2.31104127
CSC1=C(C)C=C(OS(=O)(=O)C(F)(F)C(F)(F)F)C=C1,1.495791469
NC1CCC(CC1C(F)(F)F)C(F)(F)F,1.60398898
FC1=CC(=C(Cl)C(F)=C1)C(F)(F)F,2.964871453
NC1=C(N)C=C(SCC(F)(F)C(F)(F)F)C=C1,1.73269817
Cl.NCC(F)(F)C(F)(F)C(F)(F)CN,0.670543928
C1C[NH2+]CC[NH2+]1.[O-]C(=O)C(F)(F)C(F)(F)C(F)(F)C(F)(F)C(F)(F)C(F)(F)C(F)(F)F.[O-]C(=O)C(F)(F)C(F)(F)C(F)(F)C(F)(F)C(F)(F)C(F)(F)C(F)(F)F,1.631732309
CN(CCCCO)S(=O)(=O)C(F)(F)C(F)(F)C(F)(F)C(F)(F)C(F)(F)F,1.388697927
CN(CCCCO)S(=O)(=O)C(F)(F)C(F)(F)C(F)(F)C(F)(F)C(F)(F)C(F)(F)F,1.521077592
FC(F)(F)[C@@H]1CCC(=O)N1,0.731916477
CCN(CC(O)=O)S(=O)(=O)C(F)(F)C(F)(F)C(F)(F)C(F)(F)C(F)(F)F,1.383014918
FC(OC1=CC=C(C=C1)C(=O)C1=CC(Cl)=CC=C1)C(F)(F)F,2.767144108
FC(F)(OC(F)(F)C(F)(F)S(F)(=O)=O)C(F)(F)C=CI,1.552899437
CCCC[NH+](CCCC)CCCC.[O-]S(=O)(=O)C1=CC=C(OC(=C(C(F)(F)F)C(C(F)(F)F)(C(F)(F)C(F)(F)F)C(F)(F)C(F)(F)F)C(F)(F)F)C=C1,1.957555462
[NH4+].[O-]C(=O)C1(F)C(F)C(OF)=C(OF)C(OF)=C1F,1.418215423
CCN(CCCP(O)(O)=O)S(=O)(=O)C(F)(F)C(F)(F)C(F)(F)C(F)(F)C(F)(F)C(F)(F)C(F)(F)C(F)(F)F,1.636540361
CCOP(=O)(CCCN(CC)S(=O)(=O)C(F)(F)C(F)(F)C(F)(F)C(F)(F)C(F)(F)C(F)(F)C(F)(F)C(F)(F)F)OCC,1.628416791
OC(=O)C(F)(F)OC(F)(F)OC(F)(F)OC(F)(F)OC(F)(F)OC(F)(F)F,1.167801857
CSC=CC(=O)C(F)(F)F,1.517399597
OB(O)C(F)=C(F)F,0.610604299
CN(C)CCCN(CCOCCOCCO)S(=O)(=O)C(F)(F)C(F)(F)C(F)(F)C(F)(F)C(F)(F)C(F)(F)F,1.550745621
FC(F)(F)C(F)(F)C(F)(F)COC(=O)C(Cl)=C,1.875403327
CCOC(F)(F)C(F)(C(F)(F)F)C(F)(F)F,1.876429642
FC(F)(F)C(Cl)=C(Cl)C(F)(F)F,2.158735794
FC(F)(I)C(F)(F)I,2.57706165
COC(F)=C(C(F)(F)F)C(F)(F)F,1.725731845
FC(F)(F)OOC(F)(F)F,1.677629228
OC(C(F)(F)F)(C(F)(F)F)C(F)(F)F,1.430335081
FC1=CC=CC(OCC(F)(F)F)=C1,2.441381656
FC1=CC=CC(=C1CCl)C(F)(F)F,2.566328776
FC1(F)C2(F)C(F)(F)C3(F)C(F)(F)C1(F)C(F)(F)C(F)(C2(F)F)C3(F)F,2.892876469
[O-][N+](=O)C1=CC(Br)=C(NC(=O)C(F)(F)C(F)(F)C(F)(F)F)C=C1,1.723391963
CC(F)(F)CC(F)(F)F,1.719917504
COC(F)(F)F,1.129220833
FC(F)(F)C(F)(F)CCl,1.697196049
FC1(F)OC(F)(F)C1(F)F,1.986825943
FC(F)OCC(F)(F)F,1.289697663
C[Si]1(CCC(F)(F)F)O[Si](C)(CCC(F)(F)F)O[Si](C)(CCC(F)(F)F)O[Si](C)(CCC(F)(F)F)O[Si](C)(CCC(F)(F)F)O1,1.768512005
FC(F)(F)C(OS(=O)(=O)C(F)(F)F)C1=NC=CC(Cl)=C1,1.589090388
FC(F)(F)C1OC(N=N1)C(F)(F)F,1.103534147
COC(=O)C1CCC(CC1)C(F)(F)C(F)(F)C(F)(F)C(F)(F)C(F)(F)C(F)(F)F,2.057264645
FC1=C(F)C=C2C(=C1)C(F)(F)C(F)(Cl)C2(F)F,3.067016063
FC(F)(F)C(F)(F)C(F)(F)C(=O)OC1=C(Cl)C=C(Cl)C=C1Cl,3.027840595
FC(F)C(F)(F)C(F)(F)C(F)(F)C(F)(F)C(F)F,2.300802457
FC1(F)C(F)(F)C(F)(F)C(F)(F)C(F)(F)C1(F)F,2.536453811
FC(F)C(F)(F)C(F)(F)C(F)(F)COC(=O)C=C,1.960778582
OCCC(I)=CC(F)(F)C(F)(F)C(F)(F)F,1.604877858
FC(N1CCCC1)=C(C(F)(F)F)C(F)(F)C(F)(F)C(F)(F)F,1.889819937
FC=C1CC(Cl)(Cl)C1(F)F,2.602337337
CC(O)CC(=O)C(F)(F)C(F)(F)F,0.904677737
N\C(=C/C(=O)C1=CC=CC=C1)C(F)(F)C(F)(F)C(F)(F)F,1.83793027
FC(F)(F)CC(=O)OC(F)(F)F,1.450897713
FC(F)C(F)(F)C(C(F)F)(C(F)F)C(F)F,2.160737324
FC(F)(F)C(=O)NC1(CCCCC1)NC(=O)C(F)(F)F,1.12616014
NC1=CC(N)=C(OC(F)(F)C(F)(F)C(F)(F)C(F)(F)C(F)(F)C(F)(F)C(F)(F)C(F)(F)F)C=C1,2.093405235
FC(F)(F)C1=NN=C(C1=[N+]=[N-])C(F)(F)F,2.073702467
CCOC(=O)C(F)(F)OC(F)(F)C(F)(F)I,1.492868635
FC(C(F)=C(F)C(F)(F)C(F)(F)F)=C(F)C(F)(F)C(F)(F)F,2.345485686
C[Si](C)(C)OC(F)(F)C(F)(F)C(F)(F)F,1.973325574
FC1(F)N2CCN(CC2)C1(F)F,0.679390803
OS(O)(=O)=O.OC(F)(F)C(F)(F)Br.OC(F)(F)C(F)(F)Br,0.573914514
CC(C=O)C(F)(F)C(F)(F)C(F)(F)C(F)(F)C(F)(F)C(F)(F)F,2.214883145
FC1=C(F)C(F)=C(F)C(F)=C(F)C2CCCCCCC12,2.470675823
OCCSC(F)=C(F)C(F)(F)C(F)(F)F,1.578584687
CCOP(=O)(OCC)OC(CCC(C)C)=C(F)C(F)(F)C(F)(F)F,2.100408412
FC(F)(F)C(OC1CCCCCCCCCCC1)C(F)(F)F,2.081805758
CC(=O)C=C(S)C(F)C(F)(F)F,1.315781448
CC(O)=O.OCCCCCCC=CC(F)(F)C(F)(F)C(F)(F)C(F)(F)F,1.521779687
FC(=C(OC(F)(F)C(F)(F)C(F)(F)F)C(F)(F)F)C(F)(F)C(F)(F)F,2.541285543
FC(F)(F)C(Br)(Br)C(F)(F)C(F)(F)Br,2.112907932
FC(F)(F)N(CCC(F)(F)C(F)(F)C(F)(F)C(F)(F)C(F)(F)C(F)(F)N(C(F)(F)F)C(F)(F)F)C(F)(F)F,1.861247331
FC(F)(F)C1=CN=C(C=C1C(F)(F)F)C1=NC=C(C(=C1)C(F)(F)F)C(F)(F)F,2.689396741
[O-][N+](=O)C1=CC=CC(=C1COC(=O)C(F)(F)C(F)(F)C(F)(F)C(F)(F)C(F)(F)C(F)(F)F)[N+]([O-])=O,2.078730542
FC(F)(F)C1=NC2=NC(=CC(=O)N2N1)C(F)(F)F,1.392361134
FC(F)(F)C(F)(F)C(F)(F)C(F)(F)CCOC1=CC=CC=CC1=O,2.252623961
FC(C(F)(F)COCC=C)C(F)(F)C(F)(F)C(F)(F)C(F)(F)C(F)(F)F,2.259977584
FC(F)(F)N(OCl)C(F)(F)F,0.944558511
FC(F)(F)C(F)(F)CCCCC(Cl)=O,1.498190626
FC(F)C(F)(F)C(F)(F)C(F)(F)C(F)(F)OC(F)(F)C(F)(F)C(F)(F)C(F)(F)F,2.350847011
OC(=O)CCCCCCCCC(I)CC(F)(F)C(F)(F)C(F)(F)C(F)(F)F,1.542915217
FC(F)(F)CCCC(F)(F)C(F)(F)C(F)(F)C(F)(F)C(F)(F)C(F)(F)OC(=O)C=C,2.1990075
C[Si](C)(C)OC(C=CC1=CC=CC=C1)(C(F)(F)F)C(F)(F)F,2.599620045
FC(F)(F)C1=C=C=C(C#C1)C(F)(F)F,2.251836142
FCCC(=O)C(F)(F)C(F)(F)F,1.386104256
FC(F)(F)C(F)(F)C(F)(F)C(F)(F)S(=O)(=O)CCCNCCOC(=O)C=C,1.27968184
FC(F)(F)CC[SiH3],1.673769583
NN=C(F)F,0.351904081
FC(F)(F)C(F)(F)C(F)(F)C(F)(F)C(F)(F)C(F)(F)C(F)(F)OC(F)(F)C1(F)OC1(F)F,2.318046634
CCN=C=C(C(F)(F)F)C(F)(F)F,1.216946674
CC(C)P(C(F)(F)F)C(F)(F)F,1.556491497
FC(F)(F)C1=CC(=NN1)C1=C(C=C(C=C1)C(F)(F)F)C(F)(F)F,2.716030145
OC1=C(O)C=C(CCCNCC(F)(F)C(F)(F)F)C=C1,1.021124593
CCOCOCC(F)(F)F,1.09958749
FC1=C(F)C2=C(OC(F)(Cl)C(F)(Cl)O2)C(F)=C1F,2.911713057
CCCCOC(=O)C(F)(F)C(F)(F)C(F)(F)C(C)F,1.855613083
FC(F)(F)C(F)(F)C(F)(F)C(F)(Cl)I,2.103616702
F.NCCF,0.058245361
FC(F)C(F)(F)C1=C(Cl)C=CC(Cl)=C1,3.012437253
C[Si](C)(C)N(C1=C(F)C(F)=C(F)C(F)=C1F)C1=C(F)C(F)=C(F)C(F)=C1F,3.375731092
CC(=O)CC(=O)C(F)(F)C(F)(F)C(=O)CC(C)=O,0.376176859
OCCOC(=O)C1=CC=C(OC(F)=C(F)C(F)(F)C(F)(F)C(F)(F)C(F)(F)C(F)(F)C(F)(F)C(F)(F)F)C=C1,2.198891336
FC(F)(F)C1(CC(OC2CC(S2)(C(F)(F)F)C(F)(F)F)S1)C(F)(F)F,2.482127861
NC1=NC(=O)N(C=C1COCC(F)(F)C(F)F)[C@@H]1O[C@H](CO)[C@@H](O)[C@H]1O,0.474679936
FC(F)(F)C1(OC(=CN1C1=CC=CC=C1)C1=CC=CC=C1)C(F)(F)F,2.405591396
CCN(CC)C(=S)C(F)(F)C(F)(F)C(F)(F)C(F)(F)C(F)(F)C(F)(F)F,1.964405986
CC(C)OS(=O)C(F)(F)F,0.611153537
FC(F)(F)CNC1=NN=C(NCC(F)(F)F)S1,1.804651898
CC(C)C(=O)NC1=CC(=C(C=C1)C(F)(F)F)C(F)(F)F,2.296288564
FC(F)=C(C1=CC=C(C=C1)C1=CC=CC=C1Cl)C(F)(F)F,3.361177632
FC(F)(F)SCS(Br)=O,1.047619842
CC(O)=O.OC1=CC=C(C=C1)C(F)(F)C(F)(F)C(F)(F)F,1.133011421
FC(F)(F)C(F)(F)C(F)(F)C(F)(F)C1=CC=C(C=C1)C(=O)OC1=CC=C(C=C1)C#N,2.091976445
OCC(F)(F)C(F)(F)C(F)(F)OC(F)=C(F)F,1.792895159
FC1=C(F)C(F)=C(C2=CC=C(S2)C2=C(F)C(F)=C(F)C(F)=C2F)C(F)=C1F,3.653448048
FC(F)(F)C1=C(C(=C(C1=[N+]=[N-])C(F)(F)F)C(F)(F)F)C(F)(F)F,2.579585019
CC(CCNC(=O)C(F)(F)F)COC(=O)C(F)(F)F,1.24021291
FC(F)(F)C(F)(F)C(F)(F)C(F)(F)C(F)(F)C(F)(F)C(F)(F)C(F)(F)S(=O)(=O)NC(=O)C1=CC=CC=C1,1.694611461
CCOC(=S)C(C(F)(F)F)C(F)(F)F,1.894173093
FC(F)(F)C(F)(F)C(F)(F)C(F)(F)C(F)(F)C(F)(F)S(=O)(=O)C=CC1=CC=CO1,1.765730019
CC([SiH2]C(Cl)Cl)C(F)(F)F,1.726140773
OS([O-])(=O)=O.FC1=CC=C([I+]C(F)(F)C(F)(F)C(F)(F)C(F)(F)C(F)(F)C(F)(F)C(F)(F)C(F)(F)F)C=C1,1.65262928
FC(F)(F)SCC(CBr)SC(F)(F)F,1.810430823
OC(=O)CC(=O)C(F)(F)C(F)(F)C(F)(F)F,0.949726504
FC(=O)C(F)(F)COC(F)(F)C(F)(F)C(F)(F)C(F)(F)F,1.855542748
FC(F)(F)C1=CC(=CC(CCN=[N+]=[N-])=C1)C(F)(F)F,2.182278698
FC(F)(F)C1=CC(=CC(=C1)C(F)(F)F)P(Cl)(=O)C1=CC(=CC(=C1)C(F)(F)F)C(F)(F)F,2.780792
NC(=CC(=O)C(F)(F)C(F)F)C1=CC=CC=C1,1.66770386
OC(O)(C(F)(F)Cl)C(F)(F)Cl,0.468059673
FC1(F)CC2=C(C=CC3=CC=CC=C23)C1(F)F,3.095113145
FC(F)(F)C1=C(C2=C(NC(=S)S2)C=C1)C(F)(F)F,2.55598679
NC1=CC=C(CCC(F)(F)C(F)(F)C(F)(F)C(F)(F)F)C=C1,1.814212423
OC(=O)CCOC(F)(F)C(F)(F)C(F)(F)C(F)(F)F,1.397696223
OC(=O)C(F)(F)C(F)C(F)(F)OC(F)(F)F,1.070239583
FC(F)(F)C(=C=C[N+]#N)C(F)(F)F,1.779462758
FC(F)=C=C(F)[N+]#N,1.803196839
[O-][N+](=O)C1=CN=C(OC(C(F)(F)F)C(F)(F)F)C=C1,1.841401424
FC(F)(F)C(F)(F)C(F)(F)CNC(=O)C1=CC(NC(=O)C2=CC=CC=C2)=CC=C1,1.672810212
FC(F)(F)C1=CC(=CC(=C1C(F)(F)F)C(F)(F)F)B(C1=CC(=C(C(=C1)C(F)(F)F)C(F)(F)F)C(F)(F)F)C1=CC(=C(C(=C1)C(F)(F)F)C(F)(F)F)C(F)(F)F,3.325610405
FC(F)(F)C(F)(F)C(F)(F)C(F)(F)C(F)(F)C(F)(F)CCC(C(=O)OCCCCOC=C)C(=O)OCCCCOC=C,1.664252849
[NH4+].[O-]CCNS(=O)(=O)C(F)(F)C(F)(F)C(F)(F)C(F)(F)F,0.674221204
OC(=O)C(F)(F)OC(F)(F)OC(F)(F)F,0.738168666
OC(=O)C(F)(F)C(F)(F)C(F)F,0.843310258
O[13C](=O)[13C](F)(OC(F)(F)C(F)(F)C(F)(F)F)[13C](F)(F)F,1.452812188
C[N+](C)(CCC(F)C(F)(F)C(F)(F)C(F)(F)C(F)(F)C(F)(F)C(F)(F)C(F)(F)F)CC([O-])=O,2.033833458
[Cl-].C[N+](C)(C)CC(O)CSCCC(F)(F)C(F)(F)C(F)(F)C(F)(F)C(F)(F)C(F)(F)F,1.518834587
CCN([O-])CCCNS(=O)(=O)C(F)(F)C(F)(F)C(F)(F)C(F)(F)C(F)(F)C(F)(F)C(F)(F)C(F)(F)F,1.443371545
OS(=O)(=O)CCC(F)(F)C(F)(F)C(F)(F)C(F)(F)C(F)(F)C(F)(F)C(F)(F)C(F)(F)C(F)(F)C(F)(F)F,2.144628253
C[N+](C)(C)CC([O-])CS(=O)CCC(F)(F)C(F)(F)C(F)(F)C(F)(F)C(F)(F)C(F)(F)F,1.570111885
C[N+](C)(C)CC([O-])CSCCC(F)(F)C(F)(F)C(F)(F)C(F)(F)C(F)(F)C(F)(F)C(F)(F)C(F)(F)F,1.846081271
C[N+](C)(CCC(F)C(F)(F)C(F)(F)C(F)(F)C(F)(F)C(F)(F)C(F)(F)C(F)(F)C(F)(F)C(F)(F)C(F)(F)C(F)(F)F)CC([O-])=O,2.212994674
[O-]C(=O)C(F)(F)C(F)(F)C(F)(F)C(F)(F)C(F)(F)C(F)(F)C(F)(F)C(F)(F)C(F)(F)C(F)(F)C(F)(F)Cl,2.154946051
[O-]C(=O)C(F)(F)C(F)(F)C(F)(F)C(F)(F)C(F)(F)C(F)(F)Cl,1.8778953
[O-]C(=O)C(F)(F)C(F)(F)C(F)(F)C(F)(F)Cl,1.639573107
OC(=O)C(F)(F)C(F)(F)C(F)(F)C(F)(F)C(F)(F)C(F)(F)C(F)(F)C(F)(F)C(F)(F)C(F)(F)C(F)(F)C(F)(F)C(F)(F)C(F)F,2.17805567
C[N+](C)(CCCNC(=O)C(F)(F)C(F)(F)C(F)(F)C(F)(F)C(F)(F)C(F)(F)C(F)(F)C(F)(F)C(F)(F)C(F)(F)C(F)(F)F)CC([O-])=O,1.881517874
CN(C)(=O)CCCNS(=O)(=O)C(F)(F)C(F)(F)C(F)(F)C(F)(F)C(F)(F)C(F)(F)C(F)(F)F,1.571515231
[O-][13C](=O)[13C](F)(F)[13C](F)(F)[13C](F)(F)C(F)(F)C(F)(F)C(F)(F)C(F)(F)F,2.008766704
OP([O-])(=O)O[13CH2][13CH2]C(F)(F)C(F)(F)C(F)(F)C(F)(F)C(F)(F)C(F)(F)F,1.48849015
CC(COC(=O)C(C)=C)OC(=O)NC1=C(C)C=CC(NC(=O)OCCCCN(C)S(=O)(=O)C(F)(F)C(F)(F)C(F)(F)C(F)(F)C(F)(F)C(F)(F)F)=C1,1.263418433
FC(F)(F)C(F)(C(F)(F)F)C(F)(F)C1(F)C(F)(F)C(F)(F)C2(F)C(F)(F)C(F)(F)C(F)(F)C(F)(F)C2(F)C1(F)F,2.74261023
FC(F)(F)C(F)(F)C(F)(F)C(=O)N1CCC2=CC=CC=C12,1.869120946
[NH4+].[O-]C(=O)C(F)(F)OC(F)(F)C(F)(F)OC(F)(F)C(F)(F)F,1.306083381
FC(F)(F)C(F)(F)C(F)(F)C(F)(F)C(F)(F)C(F)(F)CCOC(=O)C(Cl)=C,2.159162024
C[N+](C)([O-])CCCNS(=O)(=O)C(F)(F)C(F)(F)C(F)(F)C(F)(F)F,1.072450984
FC(F)(F)C(F)(F)C(F)(F)C1=NC(Cl)=CC=N1,1.739367992
COC(=O)C(F)(F)C(F)(F)C(F)(F)C(F)(F)C(F)(F)C(F)(F)C(F)(F)C(F)(F)C(F)(F)C(F)(F)C(F)(F)C(F)(F)F,2.287405419
FC(F)(F)C(F)(F)C(F)(F)C(F)(F)C(F)(F)COS(=O)(=O)C(F)(F)F,1.769234063
CCCCCCCCCC[N+](CC)(CC)CC.[O-]S(=O)(=O)C(F)(F)C(F)(F)C(F)(F)C(F)(F)C(F)(F)C(F)(F)C(F)(F)C(F)(F)F,1.3338096
FC(F)(F)C(F)(F)C(F)(F)C1=CC2=CC=CC=C2N1,2.116062165
CCC(C)NCC(O)C(F)(F)C(F)(F)C(F)(F)C(F)(F)C(F)(F)C(F)(F)C(F)(F)C(F)(F)C(F)(F)F,1.998646536
CCOC(=O)C1=CC=CC=C1C(F)(F)C(F)(F)C(F)(F)F,2.188993072
CCCCCCCCCCCNC(=O)C(F)(F)C(F)(F)C(F)(F)F,1.773488399
FC(F)(F)C(F)(F)C(F)(F)C1=CC=C(N1)C=O,1.746305356
CCN(C)S(=O)(=O)C(F)(F)C(F)(F)C(F)(F)C(F)(F)F,1.383039549
FC(F)(F)C(F)(F)C(F)(F)C(C1=CC=CN1)C1=CC=CN1,1.980194083
CN(C)CCCNC(=O)C(F)(F)C(F)(F)C(F)(F)C(F)(F)F,1.347634685
CC1=C(NC2=C1C=CC=C2)C(F)(F)C(F)(F)C(F)(F)F,2.020723355
CCOC(=O)\C=C\S(=O)C(F)(F)C(F)(F)C(F)(F)C(F)(F)F,1.795691394
FC(F)(F)C(F)(F)C(F)(F)C(=O)NN=CC1=CC=CC=C1,1.782485744
CCN(C)S(=O)(=O)C(F)(F)C(F)(F)C(F)(F)C(F)(F)C(F)(F)C(F)(F)F,1.699528621
FC(F)(F)C(F)(F)C(F)(F)C(F)(F)C(F)(F)C1=NC(=NC(=N1)C(F)(F)C(F)(F)C(F)(F)C(F)(F)C(F)(F)F)C(F)(F)C(F)(F)C(F)(F)C(F)(F)C(F)(F)F,2.311657558
OC1=CC=C(OS(=O)(=O)C(F)(F)C(F)(F)C(F)(F)C(F)(F)F)C=C1,1.48193419
CC1=CC(=C(N1)C=O)C(F)(F)C(F)(F)C(F)(F)F,1.749417212
FC(F)(F)C(F)(F)C(F)(F)C(F)(F)S(=O)(=O)OC1=CC=C(C=C1)C#N,1.560334601
CC(C)[C@H](N)CNS(=O)(=O)C(F)(F)C(F)(F)C(F)(F)C(F)(F)F,1.379661016
FC(F)(F)C(F)(F)C(F)(F)C(=N)NNS(=O)(=O)C1=CC=CC=C1,1.227879302
FC(F)(F)C(F)(F)C(F)(F)C(=O)N(C1CCCCC1)C1CCCCC1,1.909156326
FC(F)(F)C(F)(F)C(F)(F)C(=O)NN=CC1=CC=NC=C1,1.574136238
CN(C)C1=CC=C(OS(=O)(=O)C(F)(F)C(F)(F)C(F)(F)C(F)(F)F)C=C1,1.754416526
FC(F)(F)C(F)(F)C(F)(F)C(F)(F)C(F)(F)C(F)(F)C1=CC=C(S1)C1=CC=C(Br)S1,2.42608588
FC1=CC=C(NC(=O)C(F)(F)C(F)(F)C(F)(F)C(F)(F)C(F)(F)C(F)(F)C(F)(F)C(F)(F)F)C=C1,2.077163724
CN1CCN(CC1)C(=O)C(F)(F)C(F)(F)C(F)(F)C(F)(F)C(F)(F)C(F)(F)F,1.472703229
CC(=O)NC1=NN=C(S1)C(F)(F)C(F)(F)C(F)(F)F,1.519528149
FC(F)(F)C(F)(F)C(F)(F)C(F)(F)C(F)(F)C(F)(F)C(=O)CCCCCC1=NC2=CC3=CC=CC=C3C=C2N1,1.828726887
Cl.OCCN1CCN(CC1)C(=O)C(F)(F)C(F)(F)C(F)(F)C(F)(F)C(F)(F)C(F)(F)F,1.35029849
CC(=O)NC1=NC=NC2=C1N=C(N2)C(F)(F)C(F)(F)C(F)(F)F,1.085448579
CCOC(=O)CC1=CC(=NN1C)C(F)(F)C(F)(F)C(F)(F)F,1.364715992
CC(C)COC(=O)C(CC(C(=O)OCC(C)C)C(=O)OCC(C)C)NC(=O)C(F)(F)C(F)(F)C(F)(F)F,1.67452506
FC(F)(F)C(F)(F)C(F)(F)C(F)(F)C(F)(F)C(F)(F)C(F)(F)C(F)(F)S(=O)(=O)NC1CCCCCCC1=O,1.625396277
FC(F)(F)C(F)(F)C(F)(F)C(=O)NC1=CC=CC2=C1C(=O)C1=CC=CC=C1C2=O,2.001472113
FC1=CC=C(C=C1F)C1=CSC(NC(=O)C(F)(F)C(F)(F)C(F)(F)F)=N1,2.398855581
CCOC(=O)C1=C(N=C2C=CC=CN12)C(F)(F)C(F)(F)C(F)(F)C(F)(F)C(F)(F)C(F)(F)C(F)(F)F,2.072022559
FC(F)(F)C(F)(CCBr)C(F)(F)F,1.789156759
FC(F)=CC(F)(C(F)(F)F)C(F)(F)F,2.245260156
FC(F)(F)C(F)(C1=CC=C(Br)C=C1)C(F)(F)F,2.522020804
FC(F)(F)C(F)(C1=CC=C2C=CC=CC2=C1)C(F)(F)F,2.584914151
OCCCCCCC(F)(F)C(F)(F)C(F)(F)C(F)(F)C(F)(F)C(F)(F)C(F)(C(F)(F)F)C(F)(F)F,2.187813033
CC1=CC(=CC(C)=C1Br)C(F)(C(F)(F)F)C(F)(F)F,2.253369805
FC(F)(F)C(F)(C1=CC2=C(NCC2)C=C1)C(F)(F)F,2.136962409
NC1=CC=C(C#N)C(=C1)C(F)(C(F)(F)F)C(F)(F)F,1.655217755
FC(F)(F)C(F)(F)C(F)(F)OC(F)(C(=O)C(F)(C(F)(F)F)C(F)(F)F)C(F)(F)F,2.248346769
OC(=O)C1=C(F)C(F)=C(C(F)=C1F)C(F)(C(F)(F)F)C(F)(F)F,1.940990608
FC(F)(F)C(F)(C1=CC=C2NC(=O)OC2=C1)C(F)(F)F,1.898044277
CCC1=C(SC(C)C)C(=CC=C1C(O)=O)C(F)(C(F)(F)F)C(F)(F)F,2.025818204
FC1=C(F)C(F)=C(NC(=O)C(F)(C(F)(F)F)C(F)(F)F)C(F)=C1F,2.158897334
OC(=O)C1=CC=C(OC(=C(C(F)(C(F)(F)F)C(F)(F)F)C(F)(C(F)(F)F)C(F)(F)F)C(F)(F)F)C=C1,2.445751733
CCC1=C(C(=CC=C1C(O)=O)C(F)(C(F)(F)F)C(F)(F)F)S(=O)C(C)(C)C,1.982777086
OC(=O)C1=CC(=CC(OC(=C(C(F)(C(F)(F)F)C(F)(F)F)C(F)(C(F)(F)F)C(F)(F)F)C(F)(F)F)=C1)C(O)=O,2.120764932
OC1(OC(=O)C2=C(F)C(F)=C(F)C(F)=C12)C(F)(C(F)(F)F)C(F)(F)F,2.160214639
CC1=CC(=CC(C)=C1NC(=O)C1=CC=CC(NC(=O)C2=CC(F)=CC=C2F)=C1)C(F)(C(F)(F)F)C(F)(F)F,1.849671757
CN(C(=O)C1=CC=C(F)C=C1[N+]([O-])=O)C1=CC=CC(C(=O)NC2=C(C)C=C(C=C2C)C(F)(C(F)(F)F)C(F)(F)F)=C1F,1.882096449
FC(F)(F)OC(F)(F)C(F)(F)OC(F)(F)I,1.647252851
FC(F)(F)C(F)(F)OC(F)(F)C(F)(OC(F)(F)C(F)(OC(F)(F)C(F)(OC(F)(F)C(F)(F)Br)C(F)(F)F)C(F)(F)F)C(F)(F)F,2.399510062
OCCCC(F)(OC(F)(F)C(F)(F)C(F)(F)F)C(F)(F)F,1.787144509
FC(F)=C(F)OC(F)(F)C(F)(OC(F)(F)C(F)(OC(F)(F)C(F)(F)C(F)(F)F)C(F)(F)F)C(F)(F)F,2.504794286
CCCOC(=O)C(F)(OC(F)(F)C(F)(OC(F)(F)C(F)(F)C(F)(F)F)C(F)(F)F)C(F)(F)F,2.20653764
FC(F)(F)C(F)(F)C(F)(F)OC(F)(C(F)(F)F)C(OC(=O)C=C)(C(F)(F)F)C(F)(F)F,2.540241146
CCN(CC)C(=O)C(F)(OC(F)(F)C(F)(F)C(F)(F)F)C(F)(F)F,1.753071062
FC(F)(F)C(F)(F)C(F)(F)OC(F)(C(=O)N1CCOCC1)C(F)(F)F,1.591865266
FC(F)(F)C(F)(F)C(F)(F)OC(F)(C(F)(F)F)C(F)(F)OC(F)(C(=O)N1CCCCC1)C(F)(F)F,1.939184465
OC(=O)C(F)(C(F)(C(F)(F)F)C(F)(F)F)C(F)(C(F)(F)F)C(F)(F)F,1.708081041
OC(=O)C(F)(C(F)(F)F)C(F)(C(F)(F)C(F)(F)F)C(F)(F)C(F)(F)F,1.714852662
OC(=O)C(F)(F)C(F)(C(F)(F)F)C(F)(C(F)(F)F)C(F)(F)C(F)(F)F,1.767790856
OC(=O)C(F)(F)C(F)(F)C(F)(F)C(F)(C(F)(F)F)C(F)(F)C(F)(F)F,1.760731096
FC(F)(COCC1CO1)C(F)(F)C(F)(F)COCC1CO1,1.461172649
FC(F)=C(F)OC(F)(F)C(F)=C(F)F,2.242382655
FC(F)(F)C(F)(F)C(F)(F)C(F)(F)C(F)(F)C(F)(F)\C=C\C=C,2.590493565
CCCCCCCCCC\C=C\C(F)(F)C(F)(F)C(F)(F)C(F)(F)C(F)(F)C(F)(F)F,2.632080358
FC(F)(F)C(F)(F)C(F)(F)C(F)(F)C(F)(F)C(F)(F)C(F)(F)C(F)(F)\C=C\C(F)(F)C(F)(F)C(F)(F)C(F)(F)C(F)(F)C(F)(F)C(F)(F)C(F)(F)F,2.749979401
OOS(=O)(=O)C(F)(F)C(F)(F)C(F)(F)C(F)(F)F,1.427754211
OC(=O)\C=C(\C1=CC=CC=C1)C(F)(F)C(F)(F)C(F)(F)F,1.820513526
CCCCCCCCCCCCCCCCOC[C@H](COC(=O)C(F)(F)C(F)(F)C(F)(F)F)OC(C)=O,1.756124952
NC1=C2N=C(N([C@@H]3O[C@H](CO)[C@@H](O)[C@H]3O)C2=NC=N1)C(F)(F)C(F)(F)C(F)(F)F,0.659644508
Cl\C=C\Cl.COC(F)(F)C(F)(F)C(F)(F)F,1.718374229
N[S@](=O)C(F)(F)C(F)(F)C(F)(F)C(F)(F)F,1.304136078
FC(F)(F)C(F)(F)C(F)(F)C(=O)NCC=C,1.401031746
OC(=O)\C=C/C(=O)OC(F)(F)C(F)(F)C(F)(F)C(F)(F)C(F)(F)C(F)(F)C(F)(F)C(F)(F)F,2.002126509
FC(F)(F)C(F)(F)C(F)(F)C(=O)NC1=CC=CC=N1,1.500498314
[H]\C(=C(\[H])C(=O)OC(F)(F)C(F)(F)C(F)(F)C(F)(F)C(F)(F)C(F)(F)C(F)(F)C(F)(F)F)C(=O)OC(F)(F)C(F)(F)C(F)(F)C(F)(F)C(F)(F)C(F)(F)C(F)(F)C(F)(F)F,2.444318728
[H]\C(=N/[S@@](=O)C(F)(F)C(F)(F)C(F)(F)C(F)(F)F)C1=CC(F)=CC=C1,2.025664776
FC(F)(F)C(F)(F)C(F)(F)C(F)(F)C(F)(F)C(F)(F)S(=O)(=O)N[N+]1=CC=CC=C1,1.545604202
CC(C)(C)C(=O)C(=N\NC1=CC=C(C=C1)[N+]([O-])=O)\C(=O)C(F)(F)C(F)(F)C(F)(F)F,2.240326011
CC(Br)(Br)C(F)(F)F,1.63319624
FC(F)(F)C(F)(F)C(F)(F)C(F)(F)S(=O)(=O)C(=[I]C1=CC=CC=C1)S(=O)(=O)C(F)(F)C(F)(F)C(F)(F)C(F)(F)F,1.972085088
FC(F)(F)C(F)(F)C(F)(F)C(=O)C(C(=O)N1CCCCC1)=P(C1=CC=CC=C1)(C1=CC=CC=C1)C1=CC=CC=C1,2.186361207
C[NH3+].[O-]C(=O)C(F)(OC(F)(F)C(F)(OC(F)(F)C(F)(F)C(F)(F)F)C(F)(F)F)C(F)(F)F,1.648260196
[H]\C(CCCCCCCC)=C(/[H])CCCCCCCC(=O)OCCC(F)(F)C(F)(F)C(F)(F)C(F)(F)C(F)(F)C(F)(F)C(F)(F)C(F)(F)C(F)(F)C(F)(F)F,2.410924625
[H][C@](C)(O)C(F)(F)C(F)(F)C(F)(F)F,1.379910708
CC1=C(C)C(=CC=C1NC(=O)N=C(O)C1=C(F)C=CC=C1F)S(=O)C(F)(F)C(F)F,1.669206703
OC(C=C(C(F)(F)F)C(F)(F)F)C1=CC(Cl)=CC=C1,2.060875664
OC1C2CCC(C2)C1C(O)(C(F)(F)F)C(F)(F)F,1.526146849
CC(O)C(CCCCC#N)C(O)(C(F)(F)F)C(F)(F)F,1.324437104
CC(O)(CCC1=CC=CC=C1)CC(O)(C(F)(F)F)C(F)(F)F,1.470087081
OC(CC1=CC=CC=C1)CC(O)(C(F)(F)F)C(F)(F)F,1.331736944
CC1=CC(=O)C(C(=O)CC(O)(C(F)(F)F)C(F)(F)F)C(=O)O1,0.725965946
FC(F)(F)C(F)(F)C1=NC2=C(N1)C=C(Cl)C(Cl)=C2,2.527349428
CC1(CC(N2N(N12)C(F)(F)F)(C(F)(F)F)C(F)(F)F)C1=CC=CC=C1,2.277859342
FC(=O)C(F)(F)OC(F)(F)OC(F)(F)OC(F)(F)OC(F)(F)F,1.509303911
FC(Cl)C(F)(Cl)C(F)(F)Cl,1.809039719
FC1=C(F)C(F)=C(NN=C2C(F)=C(F)C(F)=C(F)C2=O)C(F)=C1F,2.601272914
OC(=NCC(F)(F)F)N(CC(F)(F)F)N=O,1.679287695
OC1C(O)C(OC(=O)C(F)(F)F)(C(=O)C(F)(F)F)C(OC(=O)C(F)(F)F)(C(=O)C(F)(F)F)C(OC(=O)C(F)(F)F)(C1O)C(=O)C(F)(F)F,1.659669245
FC1(F)CC(C2CC3(Cl)C(Cl)=C(Cl)C2(Cl)C3(Cl)Cl)C1(F)F,3.663682805
FC(Br)C(F)Br,1.324757479
CCOC1=C(F)C(F)(F)C(F)(F)C(F)(F)C1(F)F,2.322729988
CN=C(O)NNC1=CC(=CC(=C1)C(F)(F)F)C(F)(F)F,1.916325959
CC1=CC=C(C=C1)S(=O)(=O)OCC(F)(F)C(F)(F)C(F)(F)CO,1.064521929
FC(F)(F)C(F)(F)C(F)(F)C(=O)CC(=O)C1=CC=C(Cl)S1,1.876033245
FC(F)OC(F)(F)C(F)F,1.55126106
FC(F)(F)C(Cl)C1=CC(=CC=C1)C(F)(F)F,2.539146261
[H][C@]1(O)CCCCCCCCCC[C@@]1([H])C(O)(C(F)(F)F)C(F)(F)F,1.260358121
CC(C)(C)C(O)CC(O)(C(F)(F)F)C(F)(F)F,1.328723612
CC(C(O)C1=CC=CS1)C(O)(C(F)(F)F)C(F)(F)F,1.260586308
FC(F)(F)C1CO1,1.523502689
FC(Cl)C(F)(F)OCCl,1.31047378
CC(Cl)C(F)F,1.58838863
ONC(=N)C(F)(F)C(F)(F)C(F)(F)C(=N)NO,0.767689288
FC(F)=C(F)C=C,1.820104196
FC(F)CC(F)F,1.569050842
CCOC(=O)C(C(C)=O)C(O)(C(F)(F)F)C(F)(F)F,0.932196681
FC1(F)CC(Cl)(Cl)C1(F)Cl,2.619586035
COC1=CC=CC(OC)=C1C(O)=NC1=NN=C(S1)C1=CC=C(OC(F)(F)C(F)(F)F)C=C1,2.588315709
NC1=CC=C(C=C1)C(O)(C(F)(F)F)C(F)(F)F,1.494117307
CC(O)C1=C(F)C(F)=C(F)C(F)=C1F,1.982561526
[H]C(=C(F)C(F)(F)F)C(F)(F)F,2.140871401
CC1=C(F)C=C(F)C=C1F,2.80971522
FC(F)(F)C1(F)C(F)(F)C(F)(F)C(F)(N2C(F)(F)C(F)(F)C(F)(F)C(F)(F)C2(F)F)C(F)(F)C1(F)F,2.221834937
C[N+](C)(CCCN(CCC(O)=O)S(=O)(=O)C(F)(F)C(F)(F)C(F)(F)C(F)(F)C(F)(F)C(F)(F)F)CCC(O)=O,1.105882351
OS(=O)(=O)C(F)(F)C(F)(F)C(F)(F)C(F)(F)C(F)(F)C(F)(F)C(F)(F)C(F)(F)C(F)(F)C(F)(F)C(F)(F)C(F)(F)C(F)(F)C(F)(F)C(F)(F)F,2.269167395
[H]C(=O)C(F)(F)C(F)(F)OC(F)(C(F)(F)F)C(F)(F)OC(F)C(F)(F)F,1.982119067
OC(=O)C(F)(F)OC(F)(F)C(F)(OC(F)(OC(F)(F)C(F)(F)C(F)(F)Cl)C(F)(F)F)C(F)(F)F,1.865675781
[NH4+].[NH-]S(=O)(=O)C(F)(F)C(F)(F)C(F)(F)C(F)(F)C(F)(F)C(F)(F)C(F)(F)C(F)(F)F,1.519580495
COC(=O)C(F)(F)C(F)(F)OC(F)(F)C(F)(OC(F)=C(F)F)C(F)(F)F,1.956532263
[H]C(C)(CCC(=O)OC(C(F)(F)F)C(F)(F)F)[C@@]1([H])CC[C@@]2([H])[C@]3([H])CC[C@]4([H])C[C@]([H])(CC[C@]4(C)[C@@]3([H])CC[C@]12C)OC(=O)C(F)(F)F,2.4258522
FC(F)(F)C(F)(F)C(=O)NN1C=NN=C1,1.167249746
OP(=O)(OCCC(F)(F)C(F)(F)C(F)(F)C(F)(F)F)OCCC(F)(F)C(F)(F)C(F)(F)C(F)(F)C(F)(F)C(F)(F)F,1.973435475
FC1C(F)C(F)(F)C(F)(F)C(F)(F)C1(F)F,2.612282562
OC(=O)C1=CC(=CC(OC(F)(F)C(F)(F)C(F)(F)C(F)(F)C(F)(F)C(F)(F)C(F)(F)C(F)(F)CF)=C1)C(O)=O,1.712518568
OS(=O)(=O)C1=CC=C(OC(F)(F)C(F)(F)C(F)(F)C(F)(F)C(F)(F)C(F)(F)C(F)(F)C(F)(F)C(F)(F)C(F)(F)F)C=C1,2.041080519
F\C(=C(\F)C(F)(F)Cl)C(F)(F)Cl,2.033993825
CCN(CCOS(O)(=O)=O)S(=O)(=O)C(F)(F)C(F)(F)C(F)(F)C(F)(F)C(F)(F)C(F)(F)C(F)(F)C(F)(F)F,1.654557697
CCCCCCCCCC(CCC(F)(F)C(F)(F)C(F)(F)C(F)(F)C(F)(F)C(F)(F)C(F)(F)C(F)(F)F)OP(O)(=O)OC[C@@H](O)[C@H](O)[C@H](O)[C@@H](O)C=O,1.548376756
FC(F)(F)C(F)(F)C(F)(F)C(F)(F)C(F)(F)C(F)(F)\C=C/C(F)(F)C(F)(F)C(F)(F)C(F)(F)C(F)(F)C(F)(F)F,2.816053935
OS(=O)(=O)CCCNS(=O)(=O)C(F)(F)C(F)(F)C(F)(F)F,0.664822387
[Cl-].C[N+](C)(CCO)CCCNS(=O)(=O)C(F)(F)C(F)(F)C(F)(F)C(F)(F)C(F)(F)C(F)(F)F,0.911132468
FC(F)(F)C(=O)OCCC(F)(F)C(F)(F)C(F)(F)C(F)(F)F,1.904792565
C[N+](C)(CCCNS(=O)(=O)C(F)(F)C(F)(F)C(F)(F)C(F)(F)C(F)(F)C(F)(F)F)CCC([O-])=O,1.278095852
CC(=O)C1=CC(=CC=C1)C(F)(F)C(F)(F)F,1.87753463
FC1(F)NC(F)(F)C(F)(F)C(F)(F)C1(F)F,1.467469792
NCC1=CC=C2OC(F)(F)C(F)(F)OC2=C1,1.927097059
OC1=CN=C(C=C1)C(F)(F)C(F)(F)F,1.444886682
CN1C=C(CNCC(F)(F)C(F)F)C=N1,0.92957259
FC(F)(F)C(F)(F)C1=CC=C(Cl)N=C1Cl,2.171544726
OC(=O)C1=CC=NC(=C1)C(F)(F)C(F)(F)F,0.972864388
FC(F)C(F)(F)C(=O)C1CCCCC1=O,1.223871046
FC(F)(F)C1(F)C(F)(F)OC(F)(F)C1(F)F,2.126286402
CCC(F)(F)C(F)(F)I,2.173722941
[H]C(OCOC)(C1=C(Br)C=CC=C1)C(F)(F)C(F)(F)C(F)(F)C(F)(F)C(F)(F)C(F)(F)C(F)(F)F,2.206948428
FC(F)C(F)(F)C(=O)C1=COC2=CC=CC=C2C1=O,2.064187972
CC1(F)C(F)(F)C(F)(F)C(F)(F)C(C)(F)C(F)(F)C(F)(F)C1(F)F,2.554169361
FCCCOS(=O)(=O)C(F)(F)C(F)(F)C(F)(F)C(F)(F)F,1.495213459
FC1=C(F)C(F)=C(C(F)=C1F)C(F)(F)C(F)(Br)C(F)(F)Br,2.746982926
FC(F)(F)C(F)(F)C1=C2CCC(=O)C2=CC=C1,2.20289336
CC(=O)NC1=CN=C(C=C1)C(F)(F)C(F)(F)F,1.222130299
OCC(I)CC(F)(F)C(F)(F)C(F)(F)C(F)(F)C(F)(F)F,1.751444936
FC(F)(F)C(F)(F)CCC(=O)OC(=O)C1=CC=CC=C1,1.50338963
FC(F)(F)C(F)(F)SCCCl,1.623943669
OC(=O)C1CCN(CC(F)(F)C(F)F)CC1,0.299665955
OC1(CCCCC1)C#CC(F)(F)C(F)(F)F,1.974868529
CCOP(=O)(CC)C(F)(F)C(F)(F)C(F)(F)F,1.447087606
CCCCOP(=O)(CC)C(F)(F)C(F)(F)C(F)(F)F,1.65344963
CC(CCC(O)=O)(SCCC(F)(F)C(F)(F)C(F)(F)C(F)(F)C(F)(F)C(F)(F)F)SCCC(F)(F)C(F)(F)C(F)(F)C(F)(F)C(F)(F)C(F)(F)F,2.133068057
COC(=O)C(F)(OC(F)(F)C(F)(OC(F)(F)C(F)(F)CI)C(F)(F)F)C(F)(F)F,1.83831574
FC(F)(F)C(F)(F)C(F)(F)OC(F)(C(F)(F)F)C(F)(F)OCCC[Si](Cl)(Cl)Cl,2.261275941
FC(F)(F)C(F)(F)C(F)(F)OC(F)(C(F)(F)F)C(F)(F)OC(F)(F)C(F)(F)I,2.220324912
OC(=O)C(F)(OC(F)(F)C(F)(OC(F)(F)C(F)=C)C(F)(F)F)C(F)(F)F,1.581014094
FC(F)(F)C(F)(F)C(F)(F)OC(F)(C(=O)OC(F)(C(F)(F)F)C(F)(F)C(F)(Cl)C(F)(F)Cl)C(F)(F)F,2.315669743
FC(=O)C(F)(F)C(F)(F)OC(F)(F)C(F)(F)C(F)=O,1.444040517
OC(=O)C(F)(F)OC(F)(F)C(F)(OC(F)(F)C(F)(F)S(O)(=O)=O)C(F)(F)F,1.010713066
FC(F)(F)C(F)(C(F)(F)F)C1(F)OC(F)(F)C(F)(F)C(F)(F)C1(F)F,2.354447394
OC(=O)CC(F)(F)C(F)(F)C(F)(F)C(F)(F)C(F)(F)C(F)(F)C(F)(F)C(F)(F)C(F)(F)C(F)(F)C(F)(F)C(F)(F)F,2.161540057
NS(=O)(=O)C(F)(F)C(F)(F)C(F)(F)C(F)(F)C(F)(F)C(F)(F)C(F)(F)F,1.812700751
OS(=O)(=O)C(F)(F)C(F)OC(F)(F)C(F)(F)F,0.986636746
FC(F)(F)C1(F)C2CC(C3C4CC(C=C4)C23)C1(F)F,2.960736028
O[C@H](CN(CC1=CC(=CC=C1)C(F)(F)C(F)(F)C(F)(F)F)C1=CC(OCC2=CC(OC(F)(F)F)=CC=C2)=CC=C1)C(F)(F)F,2.366840108
COC1=C(OC(F)=C(F)C(F)(F)C(F)(F)C(F)(F)C(F)(F)C(F)(F)C(F)(F)C(F)(F)F)C=C(N)C(N)=C1,2.257854905
NC1=C(I)C=C(C=C1I)C(F)(C(F)(F)F)C(F)(F)F,2.301349414
CCOP(=O)(OCC)OCC(F)(F)C(F)(F)C(F)(F)F,1.344776534
CCC(OC(C)=O)C(F)(F)C(F)(F)C(F)(F)F,1.662795889
FC1(F)COC(F)(F)C(F)(F)O1,1.696614891
OS(=O)(=O)C(F)(F)C(F)(F)SC1=C(F)C=C(F)C=C1,1.624493245
OC1C2CCC(C2)C1OC(=O)C(F)(C(F)(F)F)S(O)(=O)=O,0.885294023
CC1(CC(F)(F)C1(F)F)C(Cl)=O,1.972919634
FC(F)C1(F)C(F)(F)CS(=O)(=O)C1(F)F,1.557510925
OCCNS(=O)(=O)CCCC(CC(F)(C(F)(F)F)C(F)(F)F)CC(F)(C(F)(F)F)C(F)(F)F,1.994588395
FC1C(F)(F)S(=O)(=O)CC1(F)C(F)(F)F,1.554915099
[O-]S(=O)C(F)(F)C(F)(F)C(F)(F)C(F)(F)C(F)(F)C(F)(F)F,1.685003722
CC(OC(=O)C(C)=C)C(F)(F)C(F)(F)C(F)(F)C(F)(F)C(F)(F)C(F)(F)C(F)(F)C(F)(F)F,2.144406657
CCC1(F)C(F)(F)C(F)(F)C(F)(C(F)(F)C1(F)F)S([O-])(=O)=O,1.521999932
FCC(F)C(F)(F)C(F)(F)C(F)(F)C(F)(F)F,2.225772066
CCCCCCCCC(F)(F)C(F)(F)F,2.330674972
FC(F)(F)C(F)(F)C(F)(F)C(F)(F)S(=O)(=O)N1CCNCC1,1.100122702
CCCCCCCCCCN(CC(O)=O)S(=O)(=O)C(F)(F)C(F)(F)C(F)(F)C(F)(F)C(F)(F)C(F)(F)C(F)(F)C(F)(F)F,1.860950933
FC(F)(F)C(F)(F)CCCCCCCOCC1=CC=CC=C1,2.247541163
CN(C(=O)C1=C(F)C=CC=C1F)C1=CC=CC(=C1)C(=O)NC1=C(C=C(C=C1I)C(F)(C(F)(F)F)C(F)(F)F)C(F)(F)F,2.304597313
FC(F)C(F)(F)C(F)(F)C(F)(F)C(=NOS(=O)(=O)C(F)(F)C(F)(F)C(F)(F)C(F)(F)F)C1=CC2=C(C=C1)C1=CC=CC3=C1C2=CC=C3,2.525068906
FC(F)(F)C(F)(F)CCCCCCCCOCC1=CC=CC=C1,2.248840069
OC(=O)CCN1CCC2(COC3=C2C=CC(OCCCC(F)(F)C(F)(F)F)=C3F)CC1,1.535551665
CC1=[N+](C)C=CN1C(F)(F)C(F)C(F)(F)C(F)(F)F,1.375361664
CC1=[N+](C)C=CN1C(F)(F)C(F)OC(F)(F)F,0.965238765
OC(F)(CF)C(F)(F)F,0.898523903
FC(F)(F)C(F)(F)CCCS(=O)(=O)CCCCCOC1=CC=C(C=C1)C1=C(CCCC2=C1C=CC(OC1CCCCO1)=C2)C1=CC=CC=C1,2.125255503
FC(F)(F)C(F)(F)C(F)(Br)C(F)(F)Br,2.098714921
FC(F)OC(F)(F)OC(F)F,1.143698244
FC1=C(F)C2=C(F)C(F)=[N+](C(F)=C2C(F)=C1F)C(F)(F)F,2.143572153
[H][C@@]1(CC[C@@]2([H])\C(CCC[C@]12C)=C\C=C1\C[C@@H](O)C[C@H](O)C1=C)[C@H](C)CCCC(O)(C(F)(F)F)C(F)(F)F,2.198878894
FC(F)(F)C1(C(F)(F)F)C2(F)C(F)(F)C3(F)C(F)(F)C(F)(C2(F)F)C(F)(F)C1(F)C3(F)F,3.153710097
CN(CCOC(=O)C=C)C(=O)C(F)(F)C(F)(F)OC(F)(F)C(F)(F)OC(F)(F)C(F)(F)OC(F)(F)C(F)(F)OC(F)(F)C(F)(F)F,1.739937002
O[13C](=O)[13C](F)(F)C(F)(F)C(F)(F)C(F)(F)C(F)(F)C(F)(F)C(F)(F)C(F)(F)C(F)(F)C(F)(F)C(F)(F)C(F)(F)C(F)(F)C(F)(F)C(F)(F)F,2.237843307
CCCCCCCCCCCCCCCCCC(=O)OCCC(F)(F)C(F)(F)C(F)(F)C(F)(F)C(F)(F)C(F)(F)C(F)(F)C(F)(F)F,2.135408783
OS(=O)(=O)C(F)(F)C(F)(F)C(F)(F)C(F)(F)C(F)(F)C(F)(F)C(F)(F)OC(F)(F)F,1.772264876
OS(=O)(=O)C(F)(F)C(F)(F)C(F)(F)C(F)(F)C(F)(F)C(F)(F)C(F)(F)C(F)(F)C(F)(F)S(F)(F)(F)(F)F,1.98878336
CN(C)CCCN(CCC(O)=O)S(=O)(=O)C(F)(F)C(F)(F)F,0.584574973
OS(=O)(=O)C(F)(F)C(F)(F)C(F)(F)C(F)(F)C(F)(F)C(=O)C(F)(F)F,1.428390609
OCCOCCOCCC(F)(F)C(F)(F)C(F)(F)C(F)(F)C(F)(F)C(F)(F)C(F)(F)C(F)(F)C(F)(F)C(F)(F)C(F)(F)C(F)(F)C(F)(F)C(F)(F)F,2.329449748
[NH4+].[NH4+].[O-]P([O-])(=O)CCC(F)(F)CC(F)(F)CC(F)(F)C(F)(F)C(F)(F)C(F)(F)F,1.033317681
C[N+](C)(CC[O-])CCCN(CCO)S(=O)(=O)C(F)(F)C(F)(F)C(F)(F)C(F)(F)C(F)(F)C(F)(F)C(F)(F)C(F)(F)F,1.494503717
C[N+](C)(CCO)CCC[N-]S(=O)(=O)C(F)(F)C(F)(F)C(F)(F)C(F)(F)C(F)(F)C(F)(F)C(F)(F)F,1.598099837
CC(F)(F)C(F)(F)C(F)(F)C(F)(F)C(F)(F)C(F)(F)C(F)(F)F,2.452416104
C[N+](C)(CCCNS(=O)(=O)C(F)(F)C(F)(F)C(F)(F)C(F)(F)C(F)(F)C(F)(F)F)CC(O)=O,1.314517102
OCC(O)COCC(F)(F)C(F)(F)C(F)(F)C(F)(F)C(F)(F)C(F)(F)C(F)(F)F,2.060489645
OS(=O)(=O)C(F)(F)C(F)(F)C(F)(F)C(F)(F)C(F)(F)C(F)(F)C(F)(F)C(F)(F)C(F)=C(F)C(F)(F)F,2.130955941
OS(=O)(=O)C(F)(F)C(F)(F)C(F)(F)C(F)(F)C(F)(F)C(F)C(F)=C(F)C(F)(F)F,1.898280169
[I-].C[N+](C)(C)CCCNC(=O)C(F)(F)C(F)(F)C(F)(F)C(F)(F)C(F)(F)C(F)(F)C(F)(F)C(F)(F)C(F)(F)F,1.254669914
FC(F)(F)C(F)(F)CC=O,1.468569662
CCN(CC1CO1)C(=O)C(F)(F)C(F)(F)C(F)(F)C(F)(F)F,1.543284474
CCCCCCCCCCCCCCCCCCCCC(=O)OCC(O)COCC(F)(F)C(F)(F)C(F)(F)C(F)(F)C(F)(F)C(F)(F)C(F)(F)F,1.905922031
CN(C)CCCNC(=O)C(F)(F)C(F)(F)C(F)(F)C(F)(F)C(F)(F)C(F)(F)C(F)(F)C(F)(F)C(F)(F)C(F)(F)C(F)(F)C(F)(F)F,2.020797386
C[N+](C)(CCCNS(=O)(=O)CCC(F)(F)C(F)(F)C(F)(F)C(F)(F)F)CC([O-])=O,1.134716341
FC(F)(F)C(F)(F)C(F)(F)C(F)(F)CCCCC(F)(F)C(F)(F)C(F)(F)C(F)(F)F,2.372995589
C[N+](C)(CCNS(=O)(=O)CCC(F)(F)C(F)(F)C(F)(F)C(F)(F)C(F)(F)C(F)(F)C(F)(F)C(F)(F)F)CCC([O-])=O,1.67587775
CO[Si](O)(O)CCC(F)(F)C(F)(F)C(F)(F)C(F)(F)C(F)(F)C(F)(F)F,1.793330557
CO[Si](CCCNC(=O)C(F)(F)C(F)(F)C(F)(F)C(F)(F)C(F)(F)C(F)(F)C(F)(F)C(F)(F)C(F)(F)F)(OC)OC,1.821329166
C[N+](C)(C)CCC[N-]S(=O)(=O)C(F)(F)C(F)(F)C(F)(F)C(F)(F)C(F)(F)C(F)(F)C(F)(F)C(F)(F)F,1.769252822
OP(=O)(OCCC(F)(F)C(F)(F)C(F)(F)C(F)(F)C(F)(F)C(F)(F)F)OCCC(F)(F)C(F)(F)C(F)(F)C(F)(F)C(F)(F)C(F)(F)C(F)(F)C(F)(F)C(F)(F)C(F)(F)F,2.222826776
CC(O)(CCO[Si](C)(C)CCCC(F)(F)C(F)(F)C(F)(F)C(F)(F)C(F)(F)C(F)(F)F)C#C,2.147328963
[O-]S(=O)(=O)C1=CC=CC=C1.C[N+](C)(C)CNS(=O)(=O)C(F)(F)C(F)(F)C(F)(F)C(F)(F)C(F)(F)C(F)(F)C(F)(F)C(F)(F)F,1.208685456
FC(F)(F)C(F)(F)C(F)(F)C(F)(F)C(F)(F)C(F)(F)C(F)(F)C(F)(F)C(F)(F)C(F)(F)C(F)(F)C=O,2.358752999
FC(F)(F)C(F)(F)CCCCCCC(F)(F)C(F)(F)F,2.216888266
OC(=O)CC(F)(F)C(F)(F)C(F)(F)C(F)(F)C(F)(F)C(F)(F)C(F)(F)C(F)(F)C(F)(F)F,2.010390093
CC[Si](Cl)(CC)CCC(F)(F)C(F)(F)C(F)(F)F,2.151718516
CCC[Si](Cl)(CCC(F)(F)F)CCC(F)(F)C(F)(F)C(F)(F)C(F)(F)C(F)(F)F,2.345552566
CO[Si](C)(C)CCC(F)(F)C(F)(F)C(F)(F)C(F)(F)C(F)(F)F,2.097705696
CC[Si](CC)(CCC(F)(F)C(F)(F)F)OC,1.753172586
CCC[Si](CCC(F)(F)F)(CCC(F)(F)C(F)(F)C(F)(F)C(F)(F)F)OC,2.095154569
CCCN(CCC[N+](C)(C)C)S(=O)(=O)C(F)(F)C(F)(F)C(F)(F)C(F)(F)C(F)(F)C(F)(F)C(F)(F)C(F)(F)F,1.824869059
CCC[Si](CCC(F)(F)F)(CCC(F)(F)C(F)(F)C(F)(F)C(F)(F)C(F)(F)C(F)(F)F)OC,2.169603971
CCO[Si](C)(C)CCC(F)(F)C(F)(F)F,1.766132505
CC(C)C1=CC2=C(SC3=C(C=CC4=C3C(=O)N(OS(=O)(=O)C(F)(F)C(F)(F)C(F)(F)C(F)(F)F)C4=O)C2=O)C=C1,1.881612755
CC(=C)C(=O)OCCNC(=O)OCC(F)(F)OC(F)(F)C(F)(F)OC(F)(F)C(F)(F)OC(F)(F)C(F)(F)OC(F)(F)C(F)(F)C(F)(F)C(F)(F)F,1.785691985
[Cl-].C[N+](C)(CCO)CC=C(F)C(F)(F)C(F)(F)C(F)(F)C(F)(F)C(F)(F)C(F)(F)C(F)(F)F,1.693418811
OCCOCCOCCOCCOC(=O)C1=CC(OC(F)(F)C(F)C(F)(F)F)=C(OC(F)(F)C(F)C(F)(F)F)C(OC(F)(F)C(F)C(F)(F)F)=C1,2.377231905
CN(CCC[N+](C)(C)C)S(=O)(=O)C(F)(F)C(F)(F)C(F)(F)C(F)(F)C(F)(F)C(F)(F)F,1.576051896
FC(F)C(F)(F)OC[C@H](CN1C=NC=N1)C1=C(Cl)C=C(Cl)C=C1,2.382722935
[Br-].C[N+](C)(CCO)CCOCCCNS(=O)(=O)C(F)(F)C(F)(F)C(F)(F)C(F)(F)C(F)(F)C(F)(F)C(F)(F)C(F)(F)F,1.08492562
[I-].COCC[N+](CCCNS(=O)(=O)C(F)(F)C(F)(F)C(F)(F)C(F)(F)C(F)(F)C(F)(F)C(F)(F)C(F)(F)F)(CCOC)CCOC,0.881460341
OC(=O)C(F)OC(F)(F)C(F)(F)OC(F)(F)OC(F)(F)OC(F)(F)OC(F)(F)F,1.24416903
OC(=O)C(F)(F)C(F)C(F)(F)OC(F)(F)C(F)(F)C(F)(F)F,1.526999435
OC(CC(F)(F)C(F)(F)C(F)(F)C(F)(F)F)S([O-])(=O)=O,1.188249064
C[N+](C)(CCCNS(=O)(=O)C(F)(F)C(F)(F)C(F)(F)C(F)(F)C(F)(F)C(F)(F)C(F)(F)C(F)(F)C(F)(F)C(F)(F)C(F)(F)C(F)(F)F)CC(O)CS([O-])(=O)=O,1.653339064
OCC(SCCC(O)=O)C(CO)C(F)(F)C(F)(F)C(F)(F)C(F)(F)C(F)(F)C(F)(F)C(F)(F)C(F)(F)C(F)(F)C(F)(F)F,1.870452331
OS(=O)(=O)CC(=O)CC(F)(F)C(F)(F)C(F)(F)C(F)(F)C(F)(F)F,1.525969318
OC(CC(F)(F)C(F)(F)C(F)(F)C(F)(F)C(F)(F)C(F)(F)C(F)(F)C(F)(F)C(F)(F)C(F)(F)C(F)(F)C(F)(F)C(F)(F)C(F)(F)C(F)(F)C(F)(F)C(F)(F)F)S(O)(=O)=O,2.373210384
OS(=O)(=O)OCCC(F)(F)C(F)(F)C(F)(F)C(F)(F)F,1.514945305
CN(C)CCC(NS(=O)(=O)C(F)(F)C(F)(F)F)C(O)=O,0.361428547
CN(CCCNS(=O)(=O)CCC(F)(F)C(F)(F)C(F)(F)C(F)(F)C(F)(F)C(F)(F)C(F)(F)C(F)(F)C(F)(F)C(F)(F)F)CC(O)=O,1.801713632
CN(C)CCC(NS(=O)(=O)C(F)(F)C(F)(F)C(F)(F)C(F)(F)C(F)(F)C(F)(F)C(F)(F)C(F)(F)C(F)(F)C(F)(F)F)C(O)=O,1.663793834
CN(C)CCCNS(=O)(=O)CCC(F)(F)C(F)(F)C(F)(F)C(F)(F)C(F)(F)C(F)(F)C(F)(F)C(F)(F)C(F)(F)C(F)(F)C(F)(F)C(F)(F)C(F)(F)C(F)(F)F,2.130699277
CC(C)OC(=O)C[N+](C)(C)CCCNC(=O)C(F)(F)C(F)(F)C(F)(F)C(F)(F)C(F)(F)C(F)(F)C(F)(F)F,1.67674487
CN(C)CCCN(CCC(O)=O)S(=O)(=O)C(F)(F)C(F)(F)C(F)(F)C(F)(F)C(F)(F)C(F)(F)C(F)(F)C(F)(F)C(F)(F)C(F)(F)C(F)(F)F,1.786797433
C[N+](C)([O-])CCCNS(=O)(=O)C(F)(F)C(F)(F)C(F)(F)C(F)(F)C(F)(F)C(F)(F)C(F)(F)C(F)(F)C(F)(F)C(F)(F)C(F)(F)F,1.856536151
C[N+](C)(CCCNS(=O)(=O)C(F)(F)C(F)(F)F)CCC([O-])=O,0.514442582
OS(=O)(=O)OC(F)(F)C(F)(F)C(F)(F)C(F)(F)C(F)(F)F,1.575559018
C[N+](C)(CCCNS(=O)(=O)C(F)(F)C(F)(F)C(F)(F)C(F)(F)C(F)(F)C(F)(F)C(F)(F)C(F)(F)C(F)(F)F)CCC([O-])=O,1.6190534
C[N+](C)(CCCN(CCC(O)=O)S(=O)(=O)C(F)(F)C(F)(F)F)CCC([O-])=O,0.469594498
CCN(CCC[N+](C)(C)CCC([O-])=O)S(=O)(=O)C(F)(F)C(F)(F)F,0.602890038
CCN(CCC[N+](C)(C)CCC([O-])=O)S(=O)(=O)C(F)(F)C(F)(F)C(F)(F)C(F)(F)C(F)(F)C(F)(F)C(F)(F)C(F)(F)C(F)(F)C(F)(F)F,1.700634005
OC(=O)C1(F)C(F)(F)C(F)(F)C(F)(F)C(F)(C(F)(F)C(F)(F)F)C1(F)F,1.891073694
[O-]S(=O)(=O)C1(F)C(F)(F)C(F)(F)C(F)(F)C(F)(C(F)(F)C(F)(F)F)C1(F)F,1.799373994
[O-]S(=O)(=O)C1(F)C(F)(F)C(F)(F)C(F)(F)C(F)(C(F)(F)C(F)(F)C(F)(F)C(F)(F)C(F)(F)F)C1(F)F,1.956404988
C[N+](C)(CCCN(CC(O)CS(O)(=O)=O)S(=O)(=O)C(F)(F)C(F)(F)C(F)(F)C(F)(F)C(F)(F)C(F)(F)C(F)(F)C(F)(F)C(F)(F)F)CC(O)CS(O)(=O)=O,1.612084539
OS(=O)(=O)CCCNS(=O)(=O)C(F)(F)C(F)(F)C(F)(F)C(F)(F)C(F)(F)C(F)(F)C(F)(F)C(F)(F)C(F)(F)C(F)(F)F,1.771045578
C[N+](C)(CCCNS(=O)(=O)C(F)(F)C(F)(F)C(F)(F)C(F)(F)C(F)(F)C(F)(F)C(F)(F)C(F)(F)C(F)(F)C(F)(F)C(F)(F)F)CCCS([O-])(=O)=O,1.615164329
C[N+](C)(CCCN(CC(O)=O)S(=O)(=O)C(F)(F)C(F)(F)C(F)(F)C(F)(F)C(F)(F)C(F)(F)F)CCCS([O-])(=O)=O,1.115068571
C[N+](C)(CCCN(CC(O)=O)S(=O)(=O)C(F)(F)C(F)(F)C(F)(F)C(F)(F)C(F)(F)C(F)(F)F)CC([O-])=O,1.394214898
OS(=O)(=O)C1=CC=C(O\C(F)=C(/F)C(F)(F)C(F)(F)C(F)(F)C(F)(F)C(F)(F)C(F)(F)C(F)(F)C(F)(F)F)C=C1,2.040603643
OC(=O)C(F)C(F)(F)C(F)(F)C(F)(F)C(F)(F)C(F)(F)C(F)(F)F,1.704401969
OC(=O)C(F)(F)OC(F)(F)C(\F)=C(/F)C(F)(F)F,1.343228654
OC(=O)C(F)C(F)(F)C(F)(F)C(F)(F)F,1.161738183
C[N+](C)(C)CCCN(CCC([O-])=O)S(=O)(=O)C(F)(F)C(F)(F)C(F)(F)C(F)(F)C(F)(F)C(F)(F)C(F)(F)C(F)(F)C(F)(F)F,1.685259984
C[N+](C)(CCCN(CCC(O)=O)S(=O)(=O)C(F)(F)C(F)(F)C(F)(F)C(F)(F)C(F)(F)F)CC([O-])=O,1.123246727
CN(CCC[N+](C)(C)C)S(=O)(=O)C(F)(F)C(F)(F)C(F)(F)C(F)(F)C(F)(F)C(F)(F)C(F)(F)F,1.702015635
OS(=O)(=O)OC(F)C(F)(F)C(F)(F)F,0.973760491
C[N+](C)(C)CCNCC(F)(F)C(F)(F)C(F)(F)C(F)(F)F,1.769250097
C[N+](C)(C)CCNCC(F)(F)C(F)(F)C(F)(F)C(F)(F)C(F)(F)C(F)(F)C(F)(F)C(F)(F)C(F)(F)C(F)(F)C(F)(F)C(F)(F)C(F)(F)F,2.313810994
CN(C)CCC(CO)N(CCCS(O)(=O)=O)S(=O)(=O)C(F)(F)C(F)(F)C(F)(F)F,0.963494215
C[N+](C)(CCCNS(=O)(=O)C(F)(F)C(F)(F)C(F)(F)C(F)(F)F)CCC(O)CO,1.016145707
CCC[N+](C)(C)CC(F)(F)C(F)F,1.448148523
C[N+](C)(C)CC(F)(F)C(F)(F)C(F)(F)C(F)(F)C(F)(F)C(F)(F)C(F)(F)C(F)(F)C(F)(F)C(F)(F)C(F)F,2.357443192
C[N+](C)(C)CC(F)(F)C(F)(F)C(F)(F)C(F)(F)C(F)(F)C(F)(F)C(F)(F)C(F)(F)C(F)(F)C(F)(F)C(F)(F)C(F)F,2.396935191
C[N+](C)(CCCNS(=O)(=O)C(F)(F)C(F)(F)C(F)(F)C(F)(F)C(F)(F)C(F)(F)C(F)(F)C(F)(F)C(F)(F)C(F)(F)C(F)(F)C(F)(F)F)CCC(O)CO,1.838519043
CCNS(=O)(=O)C(F)(F)F,-0.017004831
CCN(CC(O)=O)S(=O)(=O)C(F)(F)C(F)(F)C(F)(F)C(F)(F)C(F)(F)C(F)(F)C(F)(F)C(F)(F)C(F)(F)C(F)(F)C(F)(F)F,1.913606565
C[N+](C)(CC(F)C(F)(F)C(F)(F)C(F)(F)C(F)(F)C(F)(F)C(F)(F)C(F)(F)C(F)(F)C(F)(F)C(F)(F)C(F)(F)C(F)(F)C(F)(F)F)CC(O)=O,2.25071388
C[N+](C)(CCO)CC(O)CNS(=O)(=O)C(F)(F)C(F)(F)C(F)(F)C(F)(F)C(F)(F)C(F)(F)C(F)(F)C(F)(F)F,1.714987563
C[N+](C)(CCO)CCCNS(=O)(=O)C(F)(F)C(F)(F)C(F)(F)C(F)(F)C(F)(F)C(F)(F)C(F)(F)C(F)(F)C(F)(F)C(F)(F)C(F)(F)F,1.869572541
C[N+](C)(CCO)CCCNS(=O)(=O)C(F)(F)C(F)(F)C(F)(F)C(F)(F)C(F)(F)C(F)(F)C(F)(F)C(F)(F)C(F)(F)C(F)(F)C(F)(F)C(F)(F)F,1.944492316
C[N+](C)(CCO)CCCN(CC(O)CS([O-])(=O)=O)S(=O)(=O)C(F)(F)C(F)(F)C(F)(F)C(F)(F)C(F)(F)C(F)(F)C(F)(F)C(F)(F)C(F)(F)C(F)(F)F,1.594709136
OC(=O)C(F)C(F)(F)C(F)(F)C(F)(F)C(F)(F)C(F)(F)C(F)(F)C(F)(F)C(F)(F)F,1.89109353
[O-]C(=O)C(F)(F)C(F)(F)S(F)(F)(F)(F)F,1.441044761
C[N+](C)(C)CCCNC(=O)CS(=O)CCC(F)(F)C(F)(F)C(F)(F)C(F)(F)C(F)(F)C(F)(F)C(F)(F)C(F)(F)C(F)(F)C(F)(F)C(F)(F)C(F)(F)F,2.058987141
C[N+](C)(C)CCCNC(=O)CS(=O)CCC(F)(F)C(F)(F)C(F)(F)C(F)(F)C(F)(F)C(F)(F)C(F)(F)C(F)(F)C(F)(F)C(F)(F)C(F)(F)C(F)(F)C(F)(F)C(F)(F)F,2.132521164
OS(=O)(=O)C(F)(F)C(F)(F)C(F)(F)C(F)(F)C(F)(F)C(F)(F)C(F)(F)C(F)(F)C(F)(F)C(F)(F)C(F)(F)C(F)(F)C(F)(F)S(F)(F)(F)(F)F,2.191166217
OC(=O)CNS(=O)(=O)C(F)(F)C(F)(F)C(F)(F)C(F)(F)C(F)(F)C(F)(F)C(F)(F)C(F)(F)C(F)(F)F,1.810165742
C[N+](C)(C)CC(O)CS(=O)(=O)CCC(F)(F)C(F)(F)C(F)(F)C(F)(F)C(F)(F)C(F)(F)C(F)(F)C(F)(F)C(F)(F)C(F)(F)C(F)(F)C(F)(F)F,2.10718298
CN(C)CCCNC(=O)CC(SCCC(F)(F)C(F)(F)C(F)(F)C(F)(F)C(F)(F)C(F)(F)C(F)(F)C(F)(F)C(F)(F)C(F)(F)C(F)(F)C(F)(F)F)C(O)=O,1.82914116
C[N+](C)(C)CC(O)CSCCC(F)(F)C(F)(F)C(F)(F)C(F)(F)C(F)(F)C(F)(F)C(F)(F)C(F)(F)C(F)(F)C(F)(F)F,2.180936593
OC(=O)CSCCC(F)(F)C(F)(F)F,1.290571205
C[N+](C)(CCC(F)C(F)(F)C(F)(F)C(F)(F)C(F)(F)F)CC([O-])=O,1.743348807
C[N+](C)(CCC(F)C(F)(F)C(F)(F)C(F)(F)C(F)(F)C(F)(F)C(F)(F)C(F)(F)C(F)(F)C(F)(F)C(F)(F)C(F)(F)C(F)(F)C(F)(F)C(F)(F)C(F)(F)F)CC(O)=O,2.33277961
OCC(SCCC(O)=O)C(O)C(F)(F)C(F)(F)C(F)(F)C(F)(F)F,1.253278103
OC(=O)C=C(F)C(F)(F)C(F)(F)C(F)(F)C(F)(F)C(F)(F)C(F)(F)C(F)(F)C(F)(F)C(F)(F)C(F)(F)C(F)(F)C(F)(F)F,2.217109799
OS(=O)(=O)CC=C(F)C(F)(F)C(F)(F)C(F)(F)F,1.415224948
CCCCSCC=C(F)C(F)(F)C(F)(F)C(F)(F)F,2.357169122
FC1=C(F)C(=C(F)C(F)=C1CC#N)C(F)(F)F,2.314401763
CCN(CCP(O)(O)=O)S(=O)(=O)C(F)(F)C(F)(F)C(F)(F)C(F)(F)C(F)(F)C(F)(F)C(F)(F)C(F)(F)F,1.672528136
FC(F)(Cl)C(F)(Cl)C(F)(F)C(F)(Cl)C(F)(Cl)C(F)(F)Cl,2.248237407
FC(F)(F)C1=CC=CC(=C1)C1=NN=C(N=N1)C(F)(F)F,2.071033138
FC(F)(F)CCC(F)(F)OC(F)(F)CCC(F)(F)F,1.933410704
OC(=O)CCCCCSCCC(F)(F)C(F)(F)C(F)(F)C(F)(F)F,1.581340722
NC=C(S(=O)(=O)C(F)(F)F)S(=O)(=O)C(F)(F)F,0.825820993
FC(F)(F)C(=O)CS(=O)(=O)C(F)(F)F,0.82639237
CC1=CC2=C(C=C1)S(=O)OC2(C(F)(F)F)C(F)(F)F,2.04978644
FC(F)(F)[I]=O,1.197624813
CCCC1=CC=C(C=C1)C(F)(F)C(F)(F)F,2.352135355
O[C@@H]1[C@@H](O)[C@H](OCCC(F)(F)C(F)(F)C(F)(F)C(F)(F)C(F)(F)C(F)(F)C(F)(F)C(F)(F)F)O[C@@H]([C@H]1O)C(O)=O,1.3618428
CN(CCCNS(=O)(=O)CCC(F)(F)C(F)(F)C(F)(F)C(F)(F)C(F)(F)C(F)(F)C(F)(F)C(F)(F)F)CC(O)=O,1.6483433
CC1(C)C(C=CC(=O)OC(C(F)(F)F)C(F)(F)F)C1C(=O)OC(C#N)C1=CC(OC2=CC=CC=C2)=CC=C1,2.895232616
FC(=O)C(F)(OC(F)(F)C(F)(F)F)C(F)(F)F,1.75012949
C[N+](C)(CCO)CCCN(CCCS(O)(=O)=O)S(=O)(=O)C(F)(F)C(F)(F)C(F)(F)C(F)(F)C(F)(F)C(F)(F)F,1.380581032
C[N+](C)(C)CCCNS(=O)(=O)C(F)(F)C(F)(F)C(F)(F)C(F)(F)C(F)(F)C(F)(F)F,1.477686931
C[N+](C)(C)CCCNS(=O)(=O)C(F)(F)C(F)(F)C(F)(F)C(F)(F)C(F)(F)C(F)(F)C(F)(F)F,1.622026236
[O-][N+](=O)C(F)(F)C(F)(F)[N+]([O-])=O,0.903668152
CC(CO)CC(F)(F)F,1.085059465
FC1(F)C(F)(F)C(F)(F)C(F)(F)C(F)(F)C(F)(C(F)(F)C(F)(F)C(F)(F)C1(F)F)C1(F)C(F)(F)C(F)(F)C(F)(F)C(F)(F)C(F)(F)C(F)(F)C(F)(F)C(F)(F)C1(F)F,2.7319011
FC(F)(F)C(F)(F)C(F)(F)C(F)(F)C(F)(F)C(F)(F)C(F)(F)Cl,2.393336075
CCOC1=CC=C(C=C1)C1(CC(F)(F)C1(F)F)C(=O)OC,2.444181207
CC(O)=NC1=CC(=CC(=C1Br)C(F)(F)F)C(F)(F)F,2.174267658
CC(F)(F)C(F)(Cl)Cl,1.767977787
FC(F)(F)C1=CC=C(NS(=O)(=O)C(F)(F)F)C=C1,1.318391386
FC(F)(F)C1(F)OC(F)(F)C(F)(F)C(F)(F)C1(F)F,2.281054599
FC(F)(F)C(F)(F)C(F)(F)C(F)(F)C(F)(F)S(F)(=O)=O,1.743867245
FC1(F)COC1(F)F,1.771595407
FC(F)(F)C(F)(F)C(F)(F)C(F)(F)C(F)(F)C(F)(F)C(F)(F)CCOC(=O)C=C,2.193343038
FC(C(F)(F)F)S(F)(=O)=O,0.660023904
FC(OC(F)(F)C(F)(OC(F)(F)C(F)(F)C(F)(F)F)C(F)(F)F)C(F)(F)F,2.262929021
[H][NH+]([H])[H].[O-]C(=O)C(F)(F)C(F)(F)C(F)(F)C(F)(F)C(F)(F)C(F)(F)C(F)(F)C(F)(C(F)(F)F)C(F)(F)F,1.86857655
COC(=O)C(F)(OC(F)(F)C(F)(F)C(F)(F)F)C(F)(F)F,1.789431748
FC1CC(F)(F)C(F)(F)C1(F)F,2.449394534
FC(F)(F)C(F)(F)C(F)(F)C(F)(F)C(F)(F)C(F)(I)C(F)(F)F,2.363191941
[I-].FC(F)(F)C(F)(F)C(F)(F)C(F)(F)C(F)(F)C(F)(F)C(F)(F)C(F)(F)CC[N+]1=CC=CC=C1,1.330924578
[I-].C[N+](CCO)(CCO)CCC(F)(F)C(F)(F)C(F)(F)C(F)(F)C(F)(F)C(F)(F)C(F)(F)C(F)(F)F,1.456153965
FC(F)(F)[C@]1(F)C(F)(F)[C@@](F)(C(F)(F)F)C1(F)F,2.664203862
[Cl-].[H]N(CCC[N+](C)(C)C)S(=O)(=O)C(F)(F)C(F)(F)C(F)(F)C(F)(F)C(F)(F)C(F)(F)C(F)(F)C(F)(F)F,1.185932547
CC(NC(=O)C(C)NC(=O)CCSCCC(F)(F)C(F)(F)C(F)(F)C(F)(F)C(F)(F)C(F)(F)F)C([O-])=O,1.206566411
CN(C(=O)C1=CC=CC=C1)C1=CC=CC(C(=O)NC2=C(C=C(C=C2Br)C(F)(C(F)(F)F)C(F)(F)F)C(F)(F)F)=C1F,2.194919098
CC(F)(F)C(F)(F)C(F)(F)F,2.147781493
FC(F)C(F)(F)C(F)(F)C(F)(F)C(F)(F)F,2.263421666
CCCCC(F)(F)C(F)(F)C(F)(F)C(F)(F)F,2.301667127
FC(F)(F)C(F)(F)C(F)(F)C(F)(F)CC=C,2.294774653
C[C@H](O)C(F)(F)C(F)(F)C(F)(F)F,1.465871974
CCCCCCCCCCCCC(F)(F)C(F)(F)C(F)(F)C(F)(F)F,2.394614279
FC(F)(F)C(F)(F)C(F)(F)C1=CC=CC=C1,2.268777731
CCCCCCCC(F)(F)C(F)(F)C(F)(F)C(F)(F)C(F)(F)C(F)(F)F,2.382174711
FC(F)(F)C(F)(F)C(F)(F)C(F)(F)C(F)(F)C(F)(F)C(Cl)CCl,2.228971209
CCCCCCCC(F)(F)C(F)(F)C(F)(F)C(F)(F)C(F)(F)C(F)(F)C(F)(F)F,2.403778191
CCCCCC(F)(F)C(F)(F)C(F)(F)C(F)(F)C(F)(F)C(F)(F)C(F)(F)C(F)(F)F,2.425894027
FC(=CC(F)(F)C(F)(F)C(F)(F)F)C(F)(F)C(F)(F)F,2.437818706
OCCCCC(F)(F)C(F)(F)C(F)(F)C(F)(F)C(F)(F)C(F)(F)F,2.057127547
CCCCCC=C(C)C(F)(F)C(F)(F)C(F)(F)C(F)(F)F,2.592570869
CCCCC(I)CC(F)(F)C(F)(F)C(F)(F)C(F)(F)C(F)(F)C(F)(F)C(F)(F)C(F)(F)F,2.261650754
CC(I)CC(F)(F)C(F)(F)C(F)(F)C(F)(F)C(F)(F)C(F)(F)C(F)(F)C(F)(F)C(F)(F)C(F)(F)F,2.355210117
FC(=CCC(F)(F)C(F)(F)F)C(F)(F)C(F)(F)C(F)(F)F,2.482267367
CCCCCCCCCCCCCCCCC(F)(F)C(F)(F)C(F)(F)C(F)(F)C(F)(F)C(F)(F)C(F)(F)F,2.38722166
FC(F)(F)C(F)(F)C(F)(F)C(F)(F)C(F)(F)CCCCCCC(F)(F)C(F)(F)C(F)(F)C(F)(F)C(F)(F)F,2.418552994
FC(F)C(F)(F)C(F)(F)C(F)(F)C(F)(F)C(F)(F)C(F)(F)C(F)(F)C(F)(F)C(F)(F)C(F)(F)C(F)(F)C(F)(F)C(F)(F)F,2.608848091
CCCCC(I)CC(F)(F)C(F)(F)C(F)(F)C(F)(F)C(F)(F)C(F)(F)C(F)(F)C(F)(F)C(F)(F)C(F)(F)F,2.301912848
FC(F)(F)C(F)(F)C(F)(F)C#CC1=CC=CC=C1,2.357119818
FC(F)(F)C(F)(F)C(F)(F)C1=CC=C(I)C=C1,2.652444842
FC(=C(F)C(F)(F)C(F)(F)C(F)(F)C(F)(F)C(F)(F)F)C(F)(F)F,2.519240137
CCCCCCCCCCCCCCCCCCC(F)(F)C(F)(F)C(F)(F)C(F)(F)C(F)(F)C(F)(F)C(F)(F)C(F)(F)C(F)(F)C(F)(F)F,2.426433083
FC(F)(F)C(F)(F)C(F)(F)C(F)(F)C(F)(F)C(F)(F)C(F)(F)C(F)(F)C(Cl)=C,2.464507836
FC(F)(F)C(F)(F)C(F)(F)C(F)(F)C(F)(F)CCCCCCCCCCCCCC(F)(F)C(F)(F)C(F)(F)C(F)(F)C(F)(F)F,2.278503261
CCCCCCCCCC(I)CC(F)(F)C(F)(F)C(F)(F)C(F)(F)C(F)(F)C(F)(F)C(F)(F)C(F)(F)C(F)(F)C(F)(F)F,2.26043172
CCCCCCCCCCCCCCCCC(F)(F)C(F)(F)C(F)(F)C(F)(F)C(F)(F)C(F)(F)C(F)(F)C(F)(F)C(F)(F)C(F)(F)C(F)(F)F,2.459783754
CC(CC(F)(F)C(F)(F)C(F)(F)C(F)(F)C(F)(F)C(F)(F)F)C#N,2.270233339
CCCCCCCCCCCCCCCCCC(F)(F)C(F)(F)C(F)(F)C(F)(F)C(F)(F)C(F)(F)C(F)(F)C(F)(F)C(F)(F)C(F)(F)C(F)(F)C(F)(F)F,2.469161108
CCSC(SCC)C(F)(F)C(F)(F)C(F)(F)F,1.998853958
OCC(I)CC(F)(F)C(F)(F)C(F)(F)C(F)(F)C(F)(F)C(F)(F)C(F)(F)C(F)(F)F,1.979632925
OC(=O)CC(CC(O)=O)C(F)(F)C(F)(F)C(F)(F)F,0.944266317
CCCCCCCCCCCCCCCCCCC(I)CC(F)(F)C(F)(F)C(F)(F)C(F)(F)C(F)(F)C(F)(F)C(F)(F)C(F)(F)C(F)(F)C(F)(F)F,2.241046401
CCCCCCCCCCCCC=CC(F)(F)C(F)(F)C(F)(F)C(F)(F)C(F)(F)C(F)(F)F,2.584440454
OCCOCC(F)(F)C(F)(F)C(F)(F)C(F)(F)C(F)(F)F,1.94197972
Cl.NOCCCC(F)(F)C(F)(F)C(F)(F)C(F)(F)C(F)(F)C(F)(F)C(F)(F)C(F)(F)F,1.967868653
FC(F)(F)C(F)(F)C(F)(F)C(F)(F)C(F)(F)C(F)(F)C(F)(F)C(Br)=O,2.093682431
OS(=O)(=O)CC=C(F)C(F)(F)C(F)(F)C(F)(F)C(F)(F)C(F)(F)C(F)(F)C(F)(F)C(F)(F)C(F)(F)C(F)(F)F,2.24004459
CC(=O)OC(C(CO)C(F)(F)C(F)(F)C(F)(F)C(F)(F)F)C(CO)[N+](C)(C)CC([O-])=O,1.217482139
CC(=O)OC(C(CO)C(F)(F)C(F)(F)C(F)(F)C(F)(F)C(F)(F)C(F)(F)F)C(CO)[N+](C)(C)CC([O-])=O,1.430048041
OS(=O)(=O)CCCC(F)(F)C(F)(F)C(F)(F)C(F)(F)C(F)(F)C(F)(F)C(F)(F)C(F)(F)C(F)(F)C(F)(F)F,2.146502148
OCC(=O)SC(=O)CCC(F)(F)C(F)(F)F,1.144272832
OCC(=O)SC(=O)CCC(F)(F)C(F)(F)C(F)(F)C(F)(F)C(F)(F)C(F)(F)C(F)(F)C(F)(F)F,1.994830873
OCC(=O)SC(=O)CCC(F)(F)C(F)(F)C(F)(F)C(F)(F)C(F)(F)C(F)(F)C(F)(F)C(F)(F)C(F)(F)C(F)(F)F,2.083950723
OC(C(O)=O)C(=O)SC(=O)CCC(F)(F)C(F)(F)C(F)(F)C(F)(F)C(F)(F)C(F)(F)C(F)(F)C(F)(F)F,1.731000243
CC(=O)OC(C(O)[N+](C)(C)CC([O-])=O)C(CO)C(F)(F)C(F)(F)C(F)(F)C(F)(F)C(F)(F)C(F)(F)C(F)(F)C(F)(F)F,1.473706729
CC(=O)OC(C(O)[N+](C)(C)CC([O-])=O)C(CO)C(F)(F)C(F)(F)C(F)(F)C(F)(F)C(F)(F)C(F)(F)C(F)(F)C(F)(F)C(F)(F)C(F)(F)F,1.616830612
C[N+](C)(CC=O)CC(CC(F)(F)C(F)(F)C(F)(F)C(F)(F)C(F)(F)C(F)(F)C(F)(F)C(F)(F)F)OC=O,1.957462002
CN(C)CC(O)CC(F)(F)C(F)(F)C(F)(F)C(F)(F)C(F)(F)C(F)(F)C(F)(F)C(F)(F)C(F)(F)C(F)(F)C(F)(F)C(F)(F)C(F)(F)C(F)(F)C(F)(F)C(F)(F)F,2.428601644
CNCC(O)CC(F)(F)C(F)(F)C(F)(F)C(F)(F)C(F)(F)C(F)(F)C(F)(F)C(F)(F)C(F)(F)C(F)(F)F,2.182218155
C[N+](C)(C)CC(O)CC(F)(F)C(F)(F)C(F)(F)C(F)(F)C(F)(F)C(F)(F)C(F)(F)C(F)(F)C(F)(F)C(F)(F)C(F)(F)C(F)(F)C(F)(F)C(F)(F)C(F)(F)C(F)(F)F,2.444908483
C[N+](C)(CC(O)CC(F)(F)C(F)(F)C(F)(F)C(F)(F)C(F)(F)C(F)(F)C(F)(F)C(F)(F)F)C(O)=O,1.81930347
C[N+](C)(CC(O)CC(F)(F)C(F)(F)C(F)(F)C(F)(F)C(F)(F)C(F)(F)C(F)(F)C(F)(F)F)CC([O-])=O,1.932859895
C[N+](C)(CC(O)CC(F)(F)C(F)(F)C(F)(F)C(F)(F)C(F)(F)C(F)(F)C(F)(F)C(F)(F)C(F)(F)C(F)(F)C(F)(F)C(F)(F)F)CC([O-])=O,2.124838779
OS(=O)(=O)C(F)(Cl)C(F)(F)C(F)(F)C(F)(F)C(F)(F)C(F)(F)C(F)(F)C(F)(F)C(F)(F)C(F)(F)C(F)(F)F,2.071479658
OC(=O)C(F)C(F)(F)C(F)(F)C(F)(F)C(F)(F)C(F)(F)C(F)(F)C(F)(F)C(F)(F)C(F)(F)C(F)(F)C(F)(F)C(F)(F)F,2.126208495
CN(CC(O)=O)S(=O)(=O)C(F)(F)C(F)(F)C(F)(F)C(F)(F)C(F)(F)C(F)(F)C(F)(F)C(F)(F)C(F)(F)C(F)(F)C(F)(F)F,2.014941725
OS(=O)(=O)C(F)(F)C(F)(F)OC(F)(F)F,0.794131219
OS(=O)(=O)CCC(F)(F)C(F)(F)C(F)(F)C(F)(F)C(F)(F)C(F)(F)C(F)(F)C(F)(F)C(F)(F)C(F)(F)C(F)(F)C(F)(F)C(F)(F)C(F)(F)C(F)(F)C(F)(F)F,2.374332857
FC(F)(Br)CCl,1.267184644
[O-][N+](=O)C1=CC(Cl)=C(C=C1)N=NC1=CC=C(NCC(F)(F)C(F)F)C=C1,2.077184637
FC(F)(F)C(F)(F)C(F)(F)C(=O)NC1=CC=C(C=C1)N=NC1=CC=CC=C1,2.073749015
CC(NC(=O)NC1=CC=C(C=C1)N=NC1=CC=CC=C1)(C(F)(F)F)C(F)(F)F,1.951161514
CCN(CCOC(C)=O)C1=CC=C(C=C1)N=NC1=CC=C(C=C1)S(=O)(=O)OCC(F)(F)C(F)(F)C(F)(F)C(F)F,1.457471883
CC1=C(SC(F)(F)C(F)F)C=CC(NC(=O)NC(=O)C2=C(F)C=CC=C2F)=C1,1.679662824
NC1=C(Br)C=C(SC(F)(F)C(F)F)C=C1,1.765077535
FC(F)C(F)(F)S(=O)(=O)C1=C(Cl)C=C(NC(=O)NC(=O)C2=C(F)C=CC=C2F)C=C1,1.481302862
CC1=CC(NC(=O)NC(=O)C2=C(F)C=CC=C2F)=C(C)C=C1S(=O)(=O)C(F)(F)C(F)F,1.148690988
OC(CCC1=CC=CC=C1)(C(F)(F)F)C(F)(F)F,1.687166622
CN(C)N=C(CC(O)(C(F)(F)F)C(F)(F)F)CC(O)(C(F)(F)F)C(F)(F)F,1.612044952
OC(CC(=O)CCl)(C(F)(F)F)C(F)(F)F,1.044804786
OC(CC(=O)CC(O)(C(F)(F)F)C(F)(F)F)(C(F)(F)F)C(F)(F)F,1.223994076
CCN1C2=CC=CC=C2N(C)C(=O)C2=C1N=CC(=C2)C(F)(F)C(F)(F)F,1.915658112
FC(F)(F)C(F)(F)C(F)(F)C(F)(F)C(F)(F)C(F)(F)C(F)(F)C(F)(F)CCOP(=O)(N1CCOCC1)N1CCOCC1,1.587930692
CC(C)N(C(=O)C1=CC(=CC(=C1)C(F)(F)F)C(F)(F)F)C1=NC(=C(Cl)S1)C(F)(F)F,2.57733872
C1CN2CCO[Si+](O1)OCC2.[H][C-](I)CC(F)(F)C(F)(F)C(F)(F)C(F)(F)C(F)(F)C(F)(F)C(F)(F)C(F)F,1.558717644
FC(F)(F)C(F)(F)C(F)(F)C(F)(F)C(F)(F)C(F)(F)S(F)(F)(F)(F)F,2.299788648
[O-]C(=O)C(F)(F)F,0.76023283
FC(F)(F)S,1.562503078
CCOC(=O)C=C(C(F)(F)F)C(F)(F)F,1.743588296
CC(=C)C(=O)OCCC(F)(F)C(F)(F)C(F)(F)C(F)(F)C(F)(F)C(F)(F)C(F)(C(F)(F)F)C(F)(F)F,2.257219479
FC1=CC(F)=C(F)C(Br)=C1F,2.951631771
FC1(F)SC(F)(F)S1,2.616876643
FC1=NC2=C(N=C1F)C(F)=C(F)C(F)=C2F,1.983138063
FC(F)=C(F)C(F)(C(F)(F)F)C(F)(F)F,2.261583345
OC(C1=CC=C(C=C1)C1=CC=C(C=C1)C(O)(C(F)(F)F)C(F)(F)F)(C(F)(F)F)C(F)(F)F,2.035286954
FC(F)=C=C=C(F)F,1.912943603
FC(F)(F)C(F)(F)C(F)(F)COC(=O)CCN1CC1,1.482037574
FC(F)(F)P(P(C(F)(F)F)C(F)(F)F)C(F)(F)F,1.766422408
FC1=C(F)C2=C(N=N1)C(F)=C(F)C(F)=C2F,2.27948213
FC(F)(F)C(F)(F)C(F)(F)C(Cl)(Cl)Cl,2.086269374
CCOC(=O)C(F)(F)C(F)(F)C(F)(F)C(F)(F)C(F)(F)C(F)(F)C(F)(F)C(F)(F)F,2.138518697
FC(F)(F)C(F)(F)C(F)(F)C(F)(F)C(F)(F)C(F)(F)C(F)(F)C(F)(F)C(F)(F)C(F)(F)C=C,2.588980921
FC(F)(F)C(F)(F)C(F)(F)C(F)(F)OC(F)(F)C(F)(F)C(F)(F)C(F)(F)F,2.305955705
FC1=C(F)C2=C(C(F)=C1F)C(F)=C(F)C(F)=C2F,3.112231884
NC(=S)NC(=O)C(F)(F)F,0.837834184
OC(CC(=O)COC1=CC=CC=C1)(C(F)(F)F)C(F)(F)F,1.493900865
OC1=CC(=CC(=C1)C(F)(F)F)C(F)(F)F,2.048627357
FC(F)=C(F)C(F)(F)C(F)(F)C(F)(F)C(F)(F)C(F)(F)C(F)(F)C(F)(F)C(F)(F)F,2.589117681
[O-][N+](=O)C1=CC=C(C=C1)C(=O)C=C(C(F)(F)F)C(F)(F)F,2.131363475
COC1=C(F)C=C(C=C1)C(=O)C=C(C(F)(F)F)C(F)(F)F,2.404901215
FC(F)(Cl)C(F)(F)C(F)(F)C(F)(F)Cl,2.098252082
OCC(F)(F)C(F)(F)C(F)(F)C(F)(F)CO,1.135515863
FC(F)(F)C(F)(F)C(F)(F)C(=O)OC=C,1.678166214
FC(F)(F)C1=C(SS1)C(F)(F)F,2.414505573
FC(F)(F)SC(F)(F)F,1.639516979
FC(F)(F)S(F)(F)(F)(F)F,1.786506875
FC(F)C(F)(F)C(F)(F)C(F)(F)C(F)(F)C(F)(F)C(F)(F)C(F)(F)C(F)(F)C(F)(F)F,2.522117976
CC(C)C(=O)CC(=O)C(F)(F)C(F)(F)C(F)(F)F,1.36972703
CC(=O)OCC(F)(F)F,0.940720266
FC(F)(F)P(Cl)Cl,1.30547436
CC1=CC=CC=C1OC(F)(F)C(F)F,2.465163795
FC(F)(F)C(F)(F)C=O,1.392049463
NC(=O)C(F)(F)C(F)(F)C(F)(F)C(F)(F)C(F)(F)C(F)(F)C(F)(F)F,1.863625892
CC(=C)C(=O)OCC(F)(F)C(F)(F)C(F)(F)C(F)(F)C(F)(F)C(F)(F)F,2.126684156
FC(F)(F)C(F)(C1=CC=C(C=C1)C(F)(C(F)(F)F)C(F)(F)F)C(F)(F)F,2.565122607
FC(F)Cl,1.1916393
FC(F)(Cl)Cl,1.469199639
FCC(F)(F)CCl,1.367804062
Cl.NOCC1=C(F)C(F)=C(F)C(F)=C1F,1.826611475
FC(F)(F)CCCN(CCCC(F)(F)F)N=O,1.624595868
FC(F)=C(F)F,2.162670748
FC(F)(Cl)C(F)(Cl)Cl,1.692687691
FC1(F)C(=O)C(=O)C1(F)F,1.611362122
O.O.FC(F)(F)C(=O)CC(=O)C(F)(F)F,0.748313179
FC(F)(F)C(=O)NC1=CC=C(C=C1)C(F)(F)F,1.959265811
FC1=C(C=C(C=C1)C#N)C(F)(F)F,1.944706458
FC1=C(F)C(F)=C(F)C2=NSN=C12,2.323099583
COCCOC(F)(F)C(F)F,1.317752791
OC1=C(F)C(F)=CC(F)=C1F,1.844899152
FC(F)(F)C(F)(F)C(F)(F)C(=O)NC1=CC=CC=C1C(=O)SCC1=CC=CC=C1,2.140038101
FC1=C(F)C(F)=C(C(=O)C2=C(F)C(F)=C(F)C(F)=C2F)C(F)=C1F,3.101531626
OC(F)(F)C(F)(F)C(F)(F)C(F)(F)C(F)(F)C(F)(F)C(F)(F)C(F)(F)C(F)(F)C(F)(F)F,2.213366022
COC(=O)CP(=O)(OCC(F)(F)F)OCC(F)(F)F,1.055816504
OC(C(O)(C(F)(F)F)C(F)(F)F)(C(F)(F)F)C(F)(F)F,1.624748471
CN(CCO)S(=O)(=O)C(F)(F)C(F)(C(F)(F)F)C(F)(F)F,1.425440186
OP(O)(=O)OCCC(F)(F)C(F)(F)C(F)(F)C(F)(F)C(F)(F)C(F)(F)C(F)(F)C(F)(F)C(F)(F)C(F)(F)C(F)(C(F)(F)F)C(F)(F)F,2.205808167
FC(F)C(F)(F)COC(=O)C(F)=C,1.647391575
CCOC(OCC)C=C(C(F)(F)F)C(F)(F)F,1.707585269
CCN(CCO)S(=O)(=O)C(F)(F)C(F)(F)C(F)(F)C(F)(F)C(F)(F)C(F)(F)C(F)(F)C(F)(F)F,1.816168028
CC(CC(=O)OCC(F)(F)C(F)(F)C(F)(F)C(F)F)CC(=O)OCC(F)(F)C(F)(F)C(F)(F)C(F)F,1.933846652
CC1=NC(=O)C(F)=C(N1)C(F)(F)F,0.998956158
CSC(=S)C(F)(F)C(F)(F)F,1.867676655
FC(F)(F)C1(F)OC1(F)F,1.95052549
CC1=CC(C(=O)CC(=O)C(F)(F)C(F)(F)C(F)(F)F)=C(C)S1,1.544364783
C1CN(CCN1)C1=CC=CC=C1.OC(=O)C(F)(F)C(F)(F)C(F)(F)C(F)(F)C(F)(F)C(F)(F)C(F)(F)F,1.174688289
FCF,1.370465586
OC(=O)CC(C[N+]([O-])=O)C(F)(F)C(F)(F)C(F)(F)F,1.223004264
FC(F)=C(F)CC=C,2.047572947
CC(CCO)C(F)(F)F,1.343325658
FC(F)(F)C1(F)N(CC2=CC=CC=C2)C1(F)C(F)(F)F,2.1955473
CC(C(=O)C1=CC=CC=C1)=C(C(F)(F)F)C(F)(F)F,2.340557372
CCC(C(=O)C1=CC=CC=C1)C(O)(C(F)(F)F)C(F)(F)F,1.755721579
CC(C(=O)C1=CC=CS1)=C(C(F)(F)F)C(F)(F)F,2.301261324
OC(=O)C1=C(F)C(F)=C(C(F)=C1F)C1=C(F)C(F)=C(C(O)=O)C(F)=C1F,1.759786005
CCOC(=O)C1=C(F)C(F)=C(OC2=C(F)C(F)=C(F)C(F)=C2F)C(F)=C1F,3.117799047
FC1=C(F)C(OC2=C(F)C(F)=C(C#N)C(F)=C2F)=C(F)C(F)=C1OC1=C(F)C(F)=C(C#N)C(F)=C1F,3.103546992
NNC1=C(F)C(F)=C(C(F)=C1F)C(F)(F)F,2.286303774
FC1=C(F)C(F)=C(C(=O)NNC(=O)C2=C(F)C(F)=C(F)C(F)=C2F)C(F)=C1F,2.411327512
FC(F)(F)C1=CC=CC(=C1)C(OCC1CO1)(C(F)(F)F)C(F)(F)F,2.597201622
OC(C1=CC=C(NC(=O)NC(=O)C2=CC=CC=C2Cl)C=C1)(C(F)(F)F)C(F)(F)F,1.581909225
FC(F)(F)C1(OS2(OC(C3=CC=CC=C23)(C(F)(F)F)C(F)(F)F)C2=CC=CC=C12)C(F)(F)F,2.599312852
FC(F)(F)SN1CN(CN(CN(CN(C1)SC(F)(F)F)SC(F)(F)F)SC(F)(F)F)SC(F)(F)F,1.570532348
FC(F)(F)C(OC(=O)C1=CC=CC=C1SC1=CC=CC=C1)(C1=CC=CC=C1)C(F)(F)F,2.795029774
CS(=O)(=O)C(F)(F)C(F)(F)C(F)(F)C(F)(F)F,1.48785502
FC(F)(F)C(F)(F)C(F)(F)C(F)(F)S(=O)(=O)OC1=CC=C(Cl)C=C1,2.074047029
CCOC(=O)C(C(=O)C(F)(F)C(F)(F)C(F)(F)C(=O)C(C(=O)OCC)=P(C1=CC=CC=C1)(C1=CC=CC=C1)C1=CC=CC=C1)=P(C1=CC=CC=C1)(C1=CC=CC=C1)C1=CC=CC=C1,2.30165027
CC(C)(O)C#CC(F)(F)C(F)(F)C(F)(F)C(F)(F)C(F)(F)C(F)(F)F,2.218447912
FC(F)(F)C1=CC(=NN1)C(F)(F)F,1.734903298
OCC1=C(C=CC=C1F)C(F)(F)F,1.758936756
FC(F)(Cl)C(F)(Cl)C(F)(F)C(F)(Cl)C(F)(F)C(F)(Cl)C(F)(F)C(F)(Cl)Cl,2.320102095
FC(F)(F)C(F)(F)C(F)(F)C(F)(F)C(F)(F)C(F)(F)C(F)(F)C(F)(F)C(F)(F)F,2.491099117
CCCOC(=O)C(F)(F)C(F)(F)C(F)(F)C(F)(F)C(F)(F)C(F)(F)F,2.069530221
FC#CC(F)(F)F,2.00836895
CCCCCCCCCC(=O)OCC(F)(F)C(F)(F)C(F)(F)C(F)(F)C(F)(F)C(F)F,2.06824418
OC1=CSC(=N1)C(F)C(F)(F)F,1.444650763
FC(F)C(F)(F)C(F)(F)C(F)(F)C(F)(F)C(F)(F)C=O,2.110884613
COC(=O)C(F)(F)C(F)(F)C(F)(F)C(F)(F)C(F)(F)C(F)(F)C(F)(F)C(=O)OC,1.720180441
COC(=O)C(F)(F)C(F)(F)C(F)(F)C(F)(F)C(F)(F)C(F)(F)C(F)(F)C(F)(F)C(F)(F)C(F)(F)C(F)(F)F,2.252745427
COC(=O)C(F)(Br)C(F)(F)F,1.1775701
FC1(F)COCOCC(F)(F)C(F)(F)C1(F)F,1.760317604
CCCCCCC1COC(O1)(C(F)(F)F)C(F)(F)F,2.198701574
FS(=O)C(F)(F)F,0.695294459
FC(F)(F)C1(Br)C(F)(F)C(F)(F)C(F)(F)C1(F)F,2.387404008
FC(F)(Br)C=C,1.602721634
FCC(Cl)CF,1.206052408
FC(F)(F)SS,1.004270755
FC(F)(F)C1(N=C(NC(=N1)C1=CC=CC=C1)C1=CC=CC=C1)C(F)(F)F,2.074452959
CC(I)CC(F)(F)F,1.730373668
FC1=C(F)C2(F)CCC1(F)C(F)(F)C2(F)F,2.691988047
FC1=C(F)C2(F)C(F)(F)C(F)(F)C12F,2.807906621
[H]C12CC([H])(C=C1)C(=C2C(F)(F)F)C(F)(F)F,2.744058613
FC(F)(F)C(F)(F)CCC(F)(F)C(F)(F)C=CC(F)(F)C(F)(F)F,2.50065603
FC(F)(F)C(F)(F)C(F)(F)C(F)(F)C(F)(F)C(F)(F)C=CI,2.39575585
CP(C)(=O)C1=C(F)C(F)=C(F)C(F)=C1F,2.251810983
FC1=C(F)C(F)(F)C2=C1C(F)=C(F)C(F)=C2F,3.074524234
CC1=CC=C(C=C1)C(C1=CC=C(C)C=C1)(C(F)(F)F)C(F)(F)F,2.793475599
FC(F)(F)C1=CC2=C(C=C1)N=C(C=C2Cl)C(F)(F)F,2.848762843
OC(C1=CC=C(C=C1)C(O)(C(F)(F)F)C(F)(F)F)(C(F)(F)F)C(F)(F)F,1.878788794
OC(=O)C1=C(C=CC(=C1)C(F)(F)F)C(F)(F)F,1.519034848
CCCCCCCCCCCCCCCCOC(=O)C(F)(F)C(F)(F)C(F)(F)F,2.024569585
NC1=C(F)C(F)=NC(F)=C1F,1.267788215
ON=CC1=C(F)C(F)=C(F)C(F)=C1F,2.031943847
CC1=CC=CC=C1NC(=O)CCCC(=O)OCC(F)(F)C(F)F,1.133584319
NC1=CC(=CC(N)=C1)C(F)(F)C(F)(F)C(F)(F)F,1.559418176
CCOC(=O)NC(NC1=CC=C(F)C=C1)(C(F)(F)F)C(F)(F)F,1.905868871
FC(F)C(F)(F)C(F)(F)C(F)(F)C1=NC2=CC=CC=C2NC1=O,1.716508234
FC(F)(F)C1=C2C(=O)NC(=O)C2=C(C=C1)C(F)(F)F,1.710560809
FC(F)(F)CNC(=O)CCl,0.857086165
CC(CBr)CC(F)(F)F,1.738821458
COC(=O)C(F)(F)C(F)(F)C(F)(F)C(F)(F)C(F)(F)C(F)(F)C(F)(F)C(F)(F)C(F)(F)F,2.149647149
FC(F)(F)C(=O)OS(=O)(=O)C(F)(F)F,0.824925651
CC(=O)N1N=C(C=C1C(F)(F)C(F)(F)C(F)(F)C(F)(F)C(F)(F)C(F)(F)F)C(F)(F)C(F)(F)C(F)(F)C(F)(F)C(F)(F)C(F)(F)F,2.219611832
FC(F)(F)C(F)(F)C(F)(F)C1=NN(C(=O)C2=CC=CC=C2)C(=C1)C(F)(F)C(F)(F)C(F)(F)F,2.315457779
CCN(CC)C(N(CC)CC)=C(F)C(F)(F)F,1.474754422
FC1=C(F)C(F)=C(OC(=O)C(=O)OC2=C(F)C(F)=C(F)C(F)=C2F)C(F)=C1F,2.859077197
CC(=O)C1=C(C=C(C=C1)C(F)(F)F)C(F)(F)F,2.254028722
FC(F)(F)C1=CC=CC(=C1C(Cl)=O)C(F)(F)F,2.325811468
FC(F)(F)C1=CC(=C(Cl)N=C1Cl)C(F)(F)F,2.425252136
FC(F)(F)C1=CC=C(O1)C(F)(F)F,2.292471739
FC(F)(F)C1=CC(=C(CC#N)C=C1)C(F)(F)F,2.330576193
NNC(=S)NC1=CC(=CC(=C1)C(F)(F)F)C(F)(F)F,2.408355373
FC(F)(F)C(F)(F)C(F)(F)C(Br)=C,2.035365389
FC(F)C(F)(F)C(F)(F)C(F)(F)C(F)(F)C(F)(F)Br,2.266912434
FC(F)(F)OC(F)(C(Br)=C)C(F)(F)F,1.706455106
FC1=CC=CC(=N1)C(F)(F)F,1.841621256
FC(F)(F)C(F)(F)C(=O)C(Br)Br,1.19817177
FC(F)OCC(F)(F)C(F)F,1.500550787
FC1=C(CC#N)C=CC(=C1F)C(F)(F)F,2.121556532
COC(=O)C(F)(F)C(F)(F)C(F)(F)C(F)(F)C(=O)OC,1.343955212
FC1=C(C=CC(=C1)C#N)C(F)(F)F,1.837968527
FC1=C(C=CC(CBr)=C1)C(F)(F)F,2.407911209
OC1=CC=CC(=C1F)C(F)(F)F,1.649324239
COC1=CC(=CC(=C1)C(F)(F)F)C(F)(F)F,2.585502089
OC(F)(F)C(F)(F)C(F)(F)F,1.272431601
COC(=O)C(F)(F)C(F)(F)C(F)(F)C(F)(F)C(F)(F)C(F)(F)C(F)(F)C(F)(F)C(F)(F)C(F)(F)C(F)(F)C(F)(F)C(F)(F)C(F)(F)C(F)(F)F,2.377533184
OC(C1=CC=CC=N1)C(F)(F)C(F)(F)F,1.2687193
FC(F)(Br)OC(F)(F)C(F)(F)OC(F)(F)C(F)(F)OC(F)(F)Br,1.835764635
OP(O)(=O)C(F)(F)F,0.147542699
C[Si](C)(C)C(F)(F)C(F)(F)F,2.369133177
FC(F)C1=CC=CC=C1F,2.25653103
NC1=NC(=CO1)C(F)(F)F,1.107272515
COC(=O)C(F)(F)OC(F)(F)C(F)(F)OC(F)(F)C(F)(F)OC(F)(F)C(F)(F)C(F)(F)C(F)(F)F,1.915096017
OCCCCC(F)(F)C(F)(F)C(F)(F)C(F)(F)F,1.856143504
NCC(F)(F)C(F)(F)C(F)(F)C(F)(F)F,1.597855257
FC(F)(F)C1=CC(CC#N)=C(C=C1)C(F)(F)F,2.278583154
FC1=C(C(Br)=CC=C1)C(F)(F)F,2.740065145
FC(F)(F)C(F)(F)C(Br)=C,1.821754013
FC(F)(F)C(F)(F)C(F)(F)C(Cl)=C,2.028088533
FCC=C(Cl)C(F)(F)F,1.958851485
FC(F)(F)C(F)(F)C(Br)CBr,1.637527659
FC(F)(Cl)C(F)(F)C(F)(F)C(F)(F)C(F)(F)C(F)(F)C(F)(F)C(F)(F)Cl,2.396570877
NC(=O)C1=CC(F)=C(C(F)=C1)C(F)(F)F,1.703972803
NNC1=C(F)C=C(C=C1)C(F)(F)F,2.145676009
OC(=O)C=CC(C(F)(F)F)(C(F)(F)F)C(F)(F)C(F)(F)C(F)(F)F,2.035816018
OCCCC(F)(F)C(F)(F)C(F)(F)F,1.594037841
OCC(F)(OC(F)(F)C(F)(F)C(F)(F)F)C(F)(F)F,1.681216007
CC1=C(C(=NN1)C(F)(F)C(F)(F)C(F)(F)F)[N+]([O-])=O,1.641971841
FC(C(F)(F)F)C(F)(F)C1CCCO1,1.78421689
FC(F)(F)OC1=CC=CC2=C1NC(=CC2=O)C(F)(F)F,2.457818833
FC(F)(F)C(F)(OC(F)(F)C(F)(F)I)C(F)(F)F,2.106071385
FC(C(F)C(F)(F)F)C(F)(F)F,2.078477501
OC(COC(=O)C=C)CC(F)(F)C(F)(F)C(F)(F)C(F)(F)F,1.536076188
FC(F)(F)C(F)(F)C(F)(F)C(F)(F)CC1CO1,1.959234892
FC(F)C(F)(F)C(F)(F)C(F)(F)I,2.128232501
CCOC(F)(F)C(F)(F)F,1.58045573
FC(F)(F)C(F)(F)COS(=O)(=O)C(F)(F)F,1.192807149
OC(=O)C(F)(F)C(F)(F)C(F)(F)C(F)(F)C(F)(F)C(F)(F)C(F)(F)C(F)(F)C(F)(F)C(F)(F)C(O)=O,1.581423234
OC(COC(=O)C=C)CC(F)(F)C(F)(F)C(F)(C(F)(F)F)C(F)(F)F,1.638502578
CC(=C)C(=O)OCCC(F)(F)C(F)(F)C(F)(F)C(F)(F)C(F)(C(F)(F)F)C(F)(F)F,2.179274957
FC(F)C(F)(F)C(F)(F)C(F)(F)C(F)(F)C(F)(F)C(F)(F)C(F)F,2.430879039
FC1=C(C(F)=C(C(F)=C1C(F)(F)F)C(F)(F)F)C(F)(F)F,2.877956964
OC1CC(F)(F)C1(F)F,1.403782373
FC(F)C(F)(F)COC(F)(F)C(F)F,1.817022621
NC(=O)C(F)(F)C(F)F,0.653442764
OC(=O)C1=C(F)C(F)=C(C(F)=C1F)C(F)(F)F,1.657418425
FC1=CC(=CC(F)=C1F)C(F)(F)F,2.813179814
FC(Cl)C(F)(F)OCC(F)(F)F,1.632494589
FC(F)(F)COS(=O)(=O)C(F)(F)C(F)(F)C(F)(F)C(F)(F)F,1.567835378
FC1=CC=CC=C1OC(F)(F)F,2.786416875
FC(F)(F)C1=CC(=C(Br)C(=C1)C(F)(F)F)C(F)(F)F,2.944632534
CC(C(F)(F)F)C(F)(F)F,2.052297325
FC(C(F)(F)F)C(F)(F)OC(Cl)(Cl)Cl,1.80369954
FC(F)C(F)(F)OC1=CC(Br)=CC=C1,2.787748989
OC(=O)C(F)(F)OC(F)(F)C(F)(F)OC(F)(F)C(F)(F)OC(F)(F)C(O)=O,0.99804738
FC(F)(F)OC(F)(F)C(F)(F)OC(F)(F)Br,1.626895
OB(O)C1=C(C=CC(=C1)C(F)(F)F)C(F)(F)F,1.769238838
OC(=O)CC(C(F)(F)F)C(F)(F)F,1.186498008
NCC(C(O)=O)C(F)(F)F,0.033078085
FC1(F)CC(CCl)C1(F)F,2.368759188
CC1=CC=C(C=C1)S(=O)(=O)OCC(F)(F)C(F)(F)C(F)(F)C(F)(F)C(F)(F)F,1.672205585
CC1=CC=C(C=C1)S(=O)(=O)OCC(F)(F)C(F)(F)C(F)(F)C(F)(F)COS(=O)(=O)C1=CC=C(C)C=C1,1.215105036
NC(=O)C(F)(Cl)C(F)(F)F,0.687132779
FC(F)(F)C(F)(Cl)C(Cl)=O,1.231914343
FC(F)C(F)(F)C(F)(F)C(F)(F)COC(=O)C(F)=C,1.966282345
FC(F)(F)C(F)(F)OC(F)(F)C(F)(F)S(F)(=O)=O,1.391229281
FC(F)(F)C(F)(F)C(F)(F)C(F)(F)C#N,1.966985853
FC(F)(F)C(F)(C#C)C(F)(F)F,1.967887498
FC(F)(Cl)C(F)(Cl)CCCl,1.690194361
FC(F)(F)[C@@H]1CCCN1,0.676076953
CCO[Si](CCC(F)(F)C(F)(F)C(F)(F)C(F)(F)C(F)(F)C(F)(F)C(F)(F)C(F)(F)C(F)(F)C(F)(F)F)(OCC)OCC,2.165744961
CC1=NC(=NN1)C(F)(F)F,0.755197499
OB(O)C1=C(F)C(F)=C(F)C=C1F,1.786882395
NC(CC(N)=O)C(F)(F)F,0.358304142
FC(F)C(F)(F)COCC=C,1.59954653
OP(O)(=O)C(F)(F)C(F)(F)F,0.710692477
NC1=NC=C(F)C(=C1F)C(F)(F)F,1.618308126
COC(=O)CC1=C(F)C(F)=C(F)C(F)=C1F,1.977915315
FC(F)(F)C(F)(F)C(F)(F)C(F)(F)C(F)(F)C(F)(F)C(=O)NC1=CC=CC=C1,1.927534271
FC(F)(F)COB(OCC(F)(F)F)OCC(F)(F)F,1.929883502
FCC(F)(F)OC(F)(F)F,1.469832192
CC(=O)C1=C(C=CC(=C1)C(F)(F)F)C(F)(F)F,2.182856117
OC1=C(F)C=CC(OC(F)(F)F)=C1,2.128290551
FC(F)(F)C1=NC2=C(C=CC=C2C(F)(F)F)C(Br)=C1,2.680138613
NC(=O)C(F)(F)C(F)(F)C(F)(F)C(F)(F)F,1.426310982
FC1=C(F)C(F)=C(OC(=O)C(F)(F)F)C(F)=C1F,2.787178288
CCC(O)C1=C(F)C(F)=C(F)C(F)=C1F,1.966265825
NC(=S)C(F)(F)F,0.676948552
OC(C1=CC=C(C=C1)N(CC(F)(F)F)S(=O)(=O)C1=CC=CC=C1)(C(F)(F)F)C(F)(F)F,1.567499666
OC(=O)CCCCCCCCCCC(F)(F)C(F)(F)C(F)(F)C(F)(F)F,1.687859063
FC(F)(F)C(=NN=C(C(F)(F)F)C(F)(F)F)C(F)(F)F,2.081750063
FC(CC=C)=C(F)C(F)(F)F,2.098900246
CCOC(=O)C(F)(F)C(F)(F)C(F)(F)Cl,1.60062591
FC1=NC2=C(N=C(N2)C(F)(F)F)N=C1F,1.218159814
FC(F)C(F)(Cl)Cl,1.627422543
FC(F)C(Cl)(Cl)C(F)(F)F,1.931027386
FC(F)C(F)(Cl)C(F)(F)Cl,1.909653793
FC(Cl)C(F)(F)C(F)(F)Cl,1.837118042
FC(F)(F)C(F)(F)C(=O)NC1=CC2=CC=CC=C2C=C1,2.132602958
[O-]C(=O)CC(F)(F)F,0.910352212
C[C@](O)(C(O)=O)C(F)(F)F,0.26913372
FN(S(=O)(=O)C(F)(F)F)S(=O)(=O)C(F)(F)F,0.645156365
OB(C1=C(F)C(F)=C(F)C(F)=C1F)C1=C(F)C(F)=C(F)C(F)=C1F,2.71804399
FC(C(F)(F)F)C(F)(Br)C(F)(F)F,2.052892424
FC(F)(F)C(=O)C(F)(F)CC(=O)CC(F)(F)C(=O)C(F)(F)F,1.261604976
COC(=O)C1=C(O)C=C(OCC(F)(F)C(F)(F)F)C=C1,1.711325327
FC(F)(F)C(F)(C(F)(F)F)C1(F)C(F)(F)C(F)(F)C(F)(F)C(F)(F)C1(F)F,2.570899071
FC(F)(F)C(=C)C(Cl)=O,1.150356785
OC1=C(C=CC=C1C(F)(F)F)C(F)(F)F,1.818521735
FC(F)(F)C(F)(F)C(F)(F)C(F)(F)C(F)(F)C(F)(F)C(F)(F)C(F)(F)CCN=[N+]=[N-],2.31991641
FC(F)(Br)C(F)(F)C(Cl)=O,1.223198525
FC(F)CC(F)(F)C(F)(F)F,1.920563723
FC(F)(F)C1=CC(OS(=O)(=O)C(F)(F)F)=CC=C1,1.740460595
CC1=C(C(C)=C(S1)C1=CC=CC=C1)C1=C(C2=C(C)SC(=C2C)C2=CC=CC=C2)C(F)(F)C(F)(F)C1(F)F,2.914066838
FC(F)=C(F)OCC(F)(F)C(F)(F)F,1.985697713
FC(=O)C(F)(C(F)(F)F)C(F)(F)F,1.589857335
FC(F)(I)C(F)(F)C(F)(F)I,2.348307967
OC(=O)C1=CC=C(C=C1)C(F)(F)C(F)(F)C(F)(F)C(F)(F)C(F)(F)C(F)(F)F,1.793213242
FC(F)OC(C(F)(F)F)C(F)(F)F,1.798504296
FC1=C(F)C(F)=C(F)C(=C1)C1=C(F)C(F)=C(F)C(F)=C1F,3.671502267
FC(F)=NN(C(F)(F)F)C(F)(F)F,1.417874388
FC1=C(F)C2=C(F)C(F)=C(F)C(B(C3=C4C(F)=C(F)C(F)=C(F)C4=C(F)C(F)=C3F)C3=C4C(F)=C(F)C(F)=C(F)C4=C(F)C(F)=C3F)=C2C(F)=C1F,3.415848969
FC(F)(F)S(=O)(=O)N=S=O,0.634640651
FC(F)(F)C(=O)NCC#C,1.044016671
FC(F)C(F)(F)CO[P+](=O)OCC(F)(F)C(F)F,1.361662566
FC1=CC(=C(F)C=C1)C(F)(F)F,2.689599199
CC(=O)CC(F)(F)C(F)(F)F,1.241226972
FC1=NC(F)(F)C(F)(F)OC1(F)F,1.581916408
FC1=C(F)C(F)=C(C(F)=C1F)[Si](OS(=O)(=O)C(F)(F)F)(C1=C(F)C(F)=C(F)C(F)=C1F)C1=C(F)C(F)=C(F)C(F)=C1F,2.965675031
FC1=C(F)C2=C(F)C3=C(C(F)=C2C(F)=C1F)C(F)=C1C(F)=C(F)C(F)=C(F)C1=C3F,3.112493322
OCCC1=CC(=CC(=C1)C(F)(F)F)C(F)(F)F,1.95681675
[O-][N+](=O)C1=CC=C(C=C1)N=C(C(F)(F)F)C(F)(F)F,1.952652551
FC(F)(F)C(=CCBr)C(F)(F)F,1.956162045
FC(F)(F)CN(CC(F)(F)F)C1=CC(=C(Br)C=C1)C(F)(F)F,2.293312116
FC(F)(F)OC1=CC=C(C=C1)S(=O)C(F)(F)F,2.079806541
FC(F)(F)C(F)(F)C(F)(F)C(F)(F)C(F)(F)C(F)(F)C(F)(F)C(F)(F)CCCN=[N+]=[N-],2.315009474
FC1=C(F)C(F)(F)OC1(F)F,1.984915239
OC(CP(C1=CC=CC=C1)C1=CC=CC=C1)(C(F)(F)F)C(F)(F)F,2.160595874
OC(OCC(F)(F)F)C(F)(F)F,1.008727527
FC(F)(F)C(F)(F)C(F)(F)C(F)(F)C(F)(F)C(F)(F)CCCN=[N+]=[N-],2.206950646
ONC1=C(F)C(F)=CC(F)=C1F,1.953198272
CC(=O)C=C(C(F)(F)F)C(F)(F)F,1.44212976
CC(C(F)(F)F)(C(F)(F)F)C(F)(F)C(F)(F)C(F)(F)F,2.383604251
FC(F)=C(F)OC(F)(F)C(F)(F)S(Cl)(=O)=O,1.282693102
OC(=O)C1(OC(F)(F)C(F)(O1)C(F)(F)F)C(F)(F)F,1.355922013
OC(C1=CC=CC=C1)C(F)(F)C(O)(O)C(F)(F)F,0.809332272
FC(F)(F)C(=O)C(F)(F)C(F)(F)C(F)(F)F,1.82100726
FC(F)(F)COCC1(COCC(F)(F)F)COC1,1.719619331
OC(CCC(O)C(F)(F)C(F)OC(F)(F)C(F)(F)C(F)(F)F)C(F)(F)C(F)OC(F)(F)C(F)(F)C(F)(F)F,1.65753292
COC(F)(F)C(F)(F)OC(F)(F)C(F)(F)OC(F)(F)C(F)(F)OC,1.745432933
FC(F)(F)C(F)(F)C(F)(F)C(F)(F)C=C,2.248719342
CC(C)(C)C(F)(F)F,2.535794852
FC(F)(Cl)C(F)(F)C(F)(F)C(F)(F)CC1CCC(=O)O1,1.683930215
CC(=O)CC(Cl)C(F)(F)F,1.131421504
FC(F)C(F)(F)OC(F)(F)C(F)(F)S(=O)(=O)N=[N+]=[N-],1.53148988
FC(F)(Cl)COC(F)(F)OCC(F)(F)Cl,1.454334888
FC(F)(F)CN=[N+]=[N-],1.253718761
CC1=CC2=C(OC=C(C(=O)C(F)(F)C(F)F)C2=O)C=C1,1.970700847
NNC(=O)C1=C(N)N=C(C=C1C(F)(F)F)C(F)(F)F,1.722550911
OC1=C(C=C(C=C1)C(F)(F)C(F)(F)C(F)(F)F)[N+]([O-])=O,1.878415133
COS(=O)(=O)C(F)(F)F,0.225538744
CC1=CC=C(F)C(F)=C1F,2.687409513
CNS(=O)(=O)C(F)(F)F,-0.073710883
FC(F)(F)S(=O)(=O)NS(=O)(=O)NS(=O)(=O)C(F)(F)F,0.190565454
OC(=O)C(F)(F)C(F)(F)C(F)(F)OC(F)(F)F,1.168158693
FC1=C(C(F)(F)F)C(F)(F)C2=C1C(F)=C(F)C(F)=C2F,3.030182124
FC(OC(F)C(F)(F)F)C(F)(F)F,1.716944921
FC(F)(F)C(F)(F)C(F)(F)C1(F)OC1(F)C(F)(F)F,2.348177629
FC1=C(Cl)C(F)(F)C1(F)F,2.586932559
C[Si](C)(C)OC1=CC(=O)C1(C(F)(F)F)C(F)(F)F,2.516588711
FC1=CC(F)=C(F)C(=C1F)C1=C(F)C(F)=C(I)C(F)=C1F,3.723223602
FC1(F)C(=C2C(F)(F)C(F)(F)C2(F)F)C(F)(F)C1(F)F,3.012089543
FC1=CC=C(C=C1)C(=O)CC(=O)C(F)(F)C(F)(F)F,1.835919773
OS(=O)(=O)C(F)(F)C(=O)C(F)(F)F,0.441133652
COC(=O)C(F)(F)C(F)(F)C(F)(F)I,1.496572275
FC(F)=C(Cl)C(F)(F)Cl,2.016356077
FC(F)(F)C(=O)C(=O)C(F)(F)C(F)(F)C(F)(F)F,1.68435974
FC(F)=C1CC1(F)F,2.56075553
C\C(N)=C\C(=O)C(F)(F)F,1.197381374
FC=C=CF,1.892870786
FC(F)(F)S(=O)(=O)CC=C,0.728611668
FC(F)C(F)(F)C(=O)OC(=O)C(F)(F)C(F)F,1.45451263
FC1=CC(F)=C(Cl)N=C1F,2.040320162
OCC(F)(F)C(F)(Cl)Cl,0.834053651
FC1(F)C=CC(F)(F)C=C1,2.510898477
FC(F)C(F)(F)COP(=O)(OCC(F)(F)F)OCC(F)(F)C(F)F,1.77454113
FC1=C(C(F)(F)F)C(F)(F)C(F)(F)C(Br)C1(F)F,2.474341269
FC1=NC(F)(F)C(F)(F)C(F)=C1Cl,1.769875563
FC(F)=C(C1=C(F)C(F)=C(F)C(F)=C1F)C(F)(F)F,3.0993934
CCNCC(F)(F)F,0.651747223
FC(F)C(F)(F)SC1=CC=CC=C1,1.939504412
CCCCNCC(F)(F)F,1.054130934
FC(F)C(F)(F)COCC(F)(F)C(F)F,1.757696154
FC1=C(C(F)(F)C(F)(F)F)C(F)(F)C1(F)F,2.611246994
COC(=O)C1=CC=C(C=C1)C(F)(F)C(F)(F)C(F)(F)C(F)(F)C(F)(F)C(F)(F)C(F)(F)C(F)(F)F,2.173577203
OP(=O)(OCC1(F)C(F)(F)C(F)(F)C(F)(F)C(F)(F)C1(F)F)OCC1(F)C(F)(F)C(F)(F)C(F)(F)C(F)(F)C1(F)F,2.228634167
CC(C)(C)NCC(O)(C(F)(F)F)C(F)(F)F,1.259557416
FC(=O)C(F)(OC(F)(F)C(F)(F)C(F)(F)C(F)(F)F)C(F)(F)F,2.039055953
CC(C)(OCC(F)(F)C(F)F)C#CC=C,2.120032164
CC1=C2C(=C(F)C(F)=C1F)C(F)(F)C(F)=C(F)C2(F)[N+]([O-])=O,2.422607597
FC(F)(F)C(F)(Cl)S(Cl)=O,0.935309003
FC1=C(F)C(F)(Cl)C(F)=C(F)C1(F)F,2.422168798
CCC(=C(F)F)C(F)(F)F,1.985528828
OOC(F)(F)F,0.325681592
FC1(F)OC2(OC1(F)F)C(F)(F)C(F)(F)C(F)(F)C2(F)F,2.216487681
FC(F)CC(F)(F)F,1.645580209
CCOC(=O)C(F)(F)OC(F)(F)C(F)F,1.426343641
CCCCCCCCCCCCCCOC(=O)C(F)C(F)(F)F,1.906720481
FC(F)(Cl)C(F)(F)C(F)(F)C(F)(F)C=O,1.862848313
FC(F)C(F)(F)COP1OC2=CC=CC=C2O1,2.178166257
CC(C)(O)C(F)(F)C(F)(F)C(F)(F)C(F)(F)C(F)(F)C(F)(F)C(F)(F)F,1.992880507
C[Si](C)(C)OCC(F)(F)C(F)(F)C(F)(F)C(F)(F)F,2.020429776
COC(=O)CC(=O)C(F)(F)C(F)(F)C(F)(F)C(F)(F)F,1.420643393
FC1=C(F)C2=C(C(F)=C1F)C(F)(Cl)C(F)=C(F)C2(F)Cl,3.150959597
FC(F)(F)C(F)(F)C(F)(F)C(F)(F)C(F)(F)C(F)(F)C(F)(F)N=C=O,2.069203404
FC(C(=O)C(F)(F)F)=C(C(F)(F)F)C(F)(F)F,1.907347917
FC(F)(F)C(F)(F)C(F)(F)C(F)(F)C(F)(F)C(F)(F)C1CO1,2.241576648
FC(F)(F)C(F)(F)C(F)(F)C(F)(F)OC(F)(F)C(F)(F)S(F)(=O)=O,1.754246727
CCOCC(O)C(F)(F)C(F)(F)C(F)(F)C(F)(F)F,1.58231769
FC(F)(F)C(F)(C1=CC=CC=C1)C(F)(F)CC1=CC=CC=C1,2.389714483
CC(C(F)(F)F)[Si](Cl)(Cl)Cl,2.150857649
FC(F)(F)SC1=C(SC(F)(F)F)C(SC(F)(F)F)=C(SC(F)(F)F)C(SC(F)(F)F)=C1SC(F)(F)F,2.736007289
[O-][N+](=O)CC(CS(=O)(=O)C(F)(F)C(F)(F)C(F)(F)C(F)(F)C(F)(F)C(F)(F)F)C1=CC=CS1,1.780494312
FC(F)(F)C(F)(C(F)(F)F)C(F)(F)C(=O)C(C(F)(F)F)(C(F)(F)F)C(F)(F)F,2.435525003
FC(F)(F)C(F)(CC=C)C(=O)OCC=C,1.692413895
FC(F)(Cl)N1SSSN1C(F)(F)Cl,1.659661577
FC(F)(F)N1C(F)(F)C(F)(F)N(C(F)(F)F)C1(Cl)Cl,1.148372514
CN1C2=CC(=O)C=CC2=C(C=C1C(F)(F)F)C(F)(F)F,2.698992016
FC1=C(F)C2=C(OC3=C(N2)C(F)=C(F)C(F)=C3F)C(F)=C1F,2.894192275
FC(F)(F)C(SC1=CC=CC=C1)(C(Cl)=O)C(F)(F)F,1.910275269
OC1=CC=C(SCC(F)(F)C(F)(F)F)C=C1,1.638913852
CC(O)C(=C)C(F)(F)F,0.786503822
FC(F)(F)C(F)(F)C(F)(F)C(F)(F)C(F)(F)C(F)(F)CCCI,2.192611368
COC(F)(F)C(F)C(F)(F)C(F)(F)C(F)(F)C(F)(F)C(F)(F)F,2.247943163
FC(F)(F)C(F)(Cl)Br,1.717748499
FC(=O)C(F)(Cl)C(F)(F)Cl,1.280413848
CC(F)(F)CF,1.713621819
FC1=C(F)C(=C(F)C(F)=C1OC1=CC=CC=C1)C(F)(F)F,3.279349257
FC(F)(F)C1=CC(=O)OC1,1.188103136
FC(F)(Cl)C(F)(F)C(F)(F)C(F)(F)C(F)(F)C(F)(F)C1=CC=CC=C1,2.371833317
FC(F)(F)C(F)(F)P(Cl)(=O)CCl,1.290525661
FC1=C(F)C(F)(F)C(Cl)=C1F,2.288134828
NC1=NC(=CC(=N1)C(F)(F)F)C(F)(F)F,1.433934704
FC(=O)C1=CC(Cl)=C(F)C(F)=C1F,2.510715201
FC(F)(CN=C=O)C(F)(F)C(F)(F)C(F)(F)CN=C=O,1.506016045
FC(F)C(F)(F)C(F)(F)OS(F)(=O)=O,1.095365792
FC1=CC(C(=O)CC(=O)C(F)(F)C(F)(F)F)=C(F)C=C1,1.97698293
Cl.CCC(N)C(F)(F)F,0.72020393
FC(F)(SCl)C(F)(F)SCl,1.495853237
OCCC(I)CC(F)(F)C(F)(F)C(F)(F)F,1.468795399
FC1(F)C(=O)N(Br)C(=O)C1(F)F,1.125102983
FC(F)(C(F)(F)C(F)(Cl)Cl)C(F)(Cl)Cl,2.063206272
NNC(=O)C(C(F)(F)F)C(F)(F)F,1.285603219
FC1(F)CC=CC1(F)F,2.552284672
FC(F)(Cl)C(F)(F)C(F)(F)C(Cl)=O,1.577795389
[O-][N+](=O)C(F)(F)COC(F)(F)OCC(F)(F)[N+]([O-])=O,0.961512057
OC(F)C(F)(F)C(F)(F)C(F)(F)CF,1.538489244
FC(F)(F)C(F)(F)C(F)(F)C(CC1=CC=C(C=C1)C#N)(C(F)(F)F)C(F)(F)F,2.332553239
FC(F)(F)C(F)(F)C(F)(F)C(=O)CC1=CC=CC=C1,1.893260745
CCC(C(F)(F)F)(C(F)(F)F)C(F)(F)C(F)(F)C(F)(F)F,2.328430024
FC(F)(Cl)C(F)(Cl)C(F)(F)C(F)(Cl)C(F)(F)C(F)(Cl)C(F)(F)C(F)(Cl)C(F)(F)C(F)(Cl)Cl,2.35419297
FC(F)(F)C(F)(F)C(F)(F)C(Cl)(Cl)C(Cl)(Cl)Cl,2.428391075
ONC1=CC(=CC(=C1)C(F)(F)F)C(F)(F)F,2.210198502
FC(F)(F)C1(OC(C(F)(F)F)(C(F)(F)F)C(F)(F)C1(F)F)C(F)(F)F,2.733756764
NC1=CC=CC(CCCC2=CC(OC(F)(F)C(F)F)=CC=C2)=C1,2.298893643
NC1=CC(=CC(=N1)C(F)(F)F)C(F)(F)F,1.769899761
FC(F)(F)C1=NC=CC=N1,1.11287128
[H]C12CC(C([H])(C1)C=C2)C(F)(F)C(F)(F)C(F)(F)C(F)(F)F,2.519416189
FC(F)(I)C#N,1.481640475
OP(=O)(C(F)(F)C(F)(F)C(F)(F)C(F)(F)F)C(F)(F)C(F)(F)C(F)(F)C(F)(F)F,1.851240064
FC(F)(F)C(=O)C(F)(C(F)(F)F)C(F)(F)F,1.779472169
CC(=O)C1=CNC=C1C(F)(F)C(F)(F)C(F)(F)F,1.742079074
FC1=C(F)C(F)=C(C(=O)C(=O)C(F)(F)F)C(F)=C1F,2.385166115
FC(F)(F)C(F)(F)C(F)(F)C(F)(F)C(F)(F)N1C(F)(F)C(F)(F)C(F)(F)C1(F)F,1.993034194
NNC1=CC(F)=C(C(F)=C1Cl)C(F)(F)F,2.513419396
OCCOCCC(F)(F)C(F)(F)C(F)(F)C(F)(F)C(F)(F)C(F)(F)F,2.047810292
NC1=CC(OC(F)(F)F)=C(F)C=C1F,2.34980067
CCCCC(Br)CC(C(F)(F)F)(C(F)(F)F)C(F)(F)C(F)(F)C(F)(F)F,2.449276743
FC(F)(OCC1CO1)C(F)(F)S(F)(=O)=O,0.777329347
FC(F)(F)C(C1=CC=CC(=C1)C#C)(C1=CC=CC(=C1)C#C)C(F)(F)F,2.834790055
FC(F)(Br)C(F)(Br)C(F)(F)C(Cl)=O,1.562640683
CCOC(=O)C(F)(F)C(F)F,1.224856887
FC(F)(F)C(F)(F)C1=CC=C(C=C1)C#N,1.734500981
FCC(F)(F)C(F)Cl,1.62097624
FC(Cl)C(F)(F)CCl,1.484902611
FC1=C(F)OC(F)(F)C(F)(F)O1,1.85907651
FC1=C(F)C(=S)C(F)=C(F)N1,2.085299187
FC1=C(F)C(F)=C(OC(=O)CCCC(=O)OC2=C(F)C(F)=C(F)C(F)=C2F)C(F)=C1F,2.687206379
C[Si](C)(C)OC(C1=CC=CC=C1)(C(F)(F)F)C(F)(F)F,2.650640215
CC1(CC(F)(F)F)CO1,1.503779167
NC1=CC=C(C=C1)C(F)(F)C(F)(F)C(F)(F)C(F)(F)C(F)(F)C(F)(F)F,2.040601541
CCOC(OCC)C(I)CC(F)(F)C(F)(F)C(F)(F)F,1.539254882
FC(F)(F)C\N=C(/CC(=O)C(F)(F)F)C(F)(F)F,1.674473601
CSC1=NC(=C(N=N1)C(F)(F)F)C(F)(F)F,1.943294073
FC1(F)C(F)(F)S(=O)(=O)C(C2=CC=CC=C2)S(=O)(=O)C1(F)F,1.514481833
FC(F)C(F)(F)C(F)(F)C(F)(F)C(Cl)N=C=O,1.547499285
FC1C(F)(F)COC2=C(C(F)=C(F)C(F)=C2F)C1(F)F,2.640139119
CCN(CC)C1=C(F)C(F)=C(C(F)=C1F)C(F)(F)F,2.169201697
OCC1=C(C=CC=C1C(F)(F)F)C(F)(F)F,1.966534598
CN1N=CC=C1C(F)(F)F,1.161143147
CCNC(=S)C(F)(F)F,1.168369431
C[C@]12CC[C@H]3[C@H]([C@@H]1CC[C@@H]2O[C@@H]1O[C@@H]([C@@H](O)[C@H](O)[C@H]1O)C(O)=O)[C@H](CCCCCCCCCS(=O)CCCC(F)(F)C(F)(F)F)CC1=C3C=CC(O)=C1,1.464718278
OC(=O)C1=CC=C(C=C1)S(=O)(=O)C(F)(C(F)(F)F)C(F)(F)F,0.774104052
FC(F)(F)C(F)(F)C1=CC(=NO1)N1C(=O)C2=CC=CC=C2C1=O,1.741543735
FC(F)(F)C1(OC(F)(I)C(F)(I)O1)C(F)(F)F,2.103430331
CN1C(=CC=C1C(F)(F)F)C(F)=O,1.569991433
FC(F)C(F)(F)C(F)(F)C(F)(F)SC1=CC=C(Cl)C=C1,2.454992792
CSC1=C(F)C(F)=NC(F)=C1F,1.798257118
CCOC(=O)C1=CC2=C(C=C(C=C2)C(F)(F)C(F)(F)F)N=C(N)C1,1.676397794
CC(=O)N1C(=O)N(CC2=C1C=CC(=C2)C(F)(C(F)(F)F)C(F)(F)F)NCC1=CN=CC=C1,1.425127163
FC(F)(F)C(F)(F)C(F)(F)C(F)(F)C(F)(F)C(F)(F)C(F)(F)C(F)(F)CCN=C=O,2.219350944
OCC1=CC=C(CCC(F)(F)C(F)(F)C(F)(F)C(F)(F)C(F)(F)C(F)(F)C(F)(F)C(F)(F)F)C=C1,2.018684171
FC(F)(F)C(F)(F)C(F)(F)C(F)(F)C(F)(F)C(F)(F)CCC1=CC2=C(C=C1)C1=C(C=C(CCC(F)(F)C(F)(F)C(F)(F)C(F)(F)C(F)(F)C(F)(F)F)C=C1)C2COC(Cl)=O,2.194009686
FC1=C(C(Cl)=CC=C1)C(F)(F)F,2.826002075
FC1=C(F)C(F)=C(C(Br)=C1F)C(F)(F)F,2.892077539
CC1=CC(F)=C(F)C(F)=C1,2.616527285
OC(F)F,0.113799027
FC(F)(F)C1=NC=CN=C1,1.245544491
[O-][N+](=O)C1=CC(Cl)=C(OC(F)(F)C(F)C(F)(F)F)C=C1Cl,2.825521703
COCC(F)(F)C(F)(F)C(F)(F)F,1.817522914
COB(OC)C1=C(F)C(F)=C(F)C(F)=C1F,2.480850925
FC(Br)=C(C(F)(F)F)C(F)(F)F,1.972781889
FC(C(F)C(F)(F)C(F)(F)C(F)(F)C(F)(F)F)C(F)(F)F,2.395559772
FC(Cl)C(F)(F)C(F)=C(F)F,2.081639592
FC(C(F)(F)F)C(Cl)(Cl)Cl,1.848864641
O[Si](O)(O)CCC(F)(F)C(F)(F)C(F)(F)C(F)(F)C(F)(F)C(F)(F)C(F)(F)C(F)(F)F,2.094833011
FC(=O)C(F)(F)Cl,0.95826927
FC(=O)C(F)(F)F,1.035845275
FC1=C(C=CC=C1)C(F)(F)F,2.452268317
FC1(F)OC(F)(F)C(F)(Br)O1,1.443187888
CCCCC(F)(F)C(F)(F)C(F)(F)F,2.207647016
FC(F)(F)C(F)(F)C(F)(F)C(F)(F)C(F)(F)C(F)(F)N(C(F)(F)C(F)(F)C(F)(F)C(F)(F)C(F)(F)C(F)(F)F)C(F)(F)C(F)(F)C(F)(F)C(F)(F)C(F)(F)C(F)(F)F,2.456468257
FC(F)(F)C(F)(F)C(F)(F)C(F)(F)C(F)(F)C(F)(F)C(F)(F)C(F)(F)C(F)(F)C1=CC=C(C=C1)N=C=O,2.282534965
FC(C(Cl)Cl)C(F)(F)F,1.664909506
FC1=C(C=C)C=CC=C1C(F)(F)F,2.445696809
CC(=C)C(=O)OC(F)(F)C(F)(F)C(F)(F)C(F)(F)C(F)(F)F,2.113741993
FC(F)(F)C(F)(F)N1C(F)(F)C(F)(F)C(F)(F)C(F)(F)C1(F)F,1.848278952
FC(F)(F)C(=C)C(=O)OCC(F)(F)C(F)(F)F,1.794074437
FC(=O)C(F)(F)C#N,0.735443177
FC(F)C(F)(F)OC(F)C(F)(F)F,1.801346213
CC(=C)C1=CC=C(C=C1)C(F)(F)C(F)(F)C1=CC=CC=C1,2.442675745
OC(=O)COC(F)(F)C(F)(F)C(F)(F)C(F)(F)C(F)(F)C(F)(F)F,1.751059772
FC(F)(F)CNS(=O)(=O)C(F)(F)F,0.539200126
FC(F)(F)C1=NC(Cl)=C(C=C1)C(F)(F)F,2.226924495
FC1=NC(F)=NC(F)=N1,0.453639213
FC1(F)C(=O)OC(=O)C1(F)F,1.034573831
CC(C)(C)OC(F)(F)CF,1.694953509
NCC(F)(F)F,0.395377888
COC(=O)C(F)(F)C(F)(F)OC,0.977591047
OC1=C(F)C=C(C=C1)C(C1=CC(F)=C(O)C=C1)(C(F)(F)F)C(F)(F)F,2.212727723
CNC(=O)C(F)(F)F,0.168851281
FC(F)C(F)(F)OC1=CC=CC=C1S(=O)(=O)N=C=O,1.374950665
CCC(F)C(F)(F)C(F)(F)C(F)(F)F,2.254607809
CCOCOC(CC=C)(C(F)(F)F)C(F)(F)F,1.816108488
FC(F)(F)C1(OCC(COCC#C)O1)C(F)(F)F,1.921380773
FC(Cl)OC1(F)C(F)(F)C1(F)Br,2.050155518
FCC(F)=C,1.333972554
FC1=C(F)C(F)=C(C(F)=C1F)C(F)(Cl)C(F)(F)Br,2.789801365
CC1(CC(O)(CC(O)(O1)C(F)(F)F)C(F)(F)F)C(F)(F)F,1.31204684
CCN(CC)C(=O)C(F)C(F)(F)C(F)(F)C(F)(F)C(F)(F)F,1.607404861
OCCCC(O)(C(F)(F)F)C(F)(F)F,0.866748025
FCC(F)C(F)C(F)(F)F,1.867469244
CC(C)C(F)(F)F,2.40846615
NC(F)(F)C(F)(F)C(F)(F)C(F)(F)C(F)(F)F,1.689045692
CCN(CCOC(=O)C=C)S(=O)(=O)C(F)(F)C(F)(F)C(F)(F)C(F)(F)C(F)(F)C(F)(F)F,1.62696319
FC(F)(F)C(F)(F)C(F)(F)C(F)(F)C(F)(F)C(F)(F)C(F)(F)C(F)(F)CCI,2.303903456
CC(C)OC(F)(F)C(F)F,1.450798343
CNC(C)C1=CC(=CC(=C1)C(F)(F)F)C(F)(F)F,1.989565771
FC1=CC(C=O)=CC(=C1F)C(F)(F)F,2.270515753
CC(=C)C(=O)OCCC(F)(F)C(F)(F)C(F)(F)C(F)(F)C(F)(F)C(F)(F)C(F)(F)C(F)(F)C(F)(F)C(F)(F)F,2.28354007
CCOC(F)C(F)(F)F,1.33267931
FC(F)(F)C(=O)OC[C@@H](OC(=O)C(F)(F)F)[C@H](OC(=O)C(F)(F)F)[C@@H](OC(=O)C(F)(F)F)C=O,1.327029804
Cl.CC(N)C1=CC(=CC(=C1)C(F)(F)F)C(F)(F)F,1.834281523
OC(=O)C(F)(F)C(F)(F)C(F)(F)C(F)(F)F,1.346586358
COC1=CC(OC(F)(F)C(F)F)=CC=C1,2.601459232
FC(F)(F)C(F)(F)C(F)(F)SCl,1.862445093
FC(Cl)C(F)C(F)(F)Cl,1.737864642
FC1=CC(Br)=CC(F)=C1OCC(F)(F)F,2.727248208
FC#CC(F)F,1.977580337
FC(F)(F)C(F)(F)CC(F)(F)I,1.926041243
FC1=C(F)C(F)=C(B2NB(NB(N2)C2=C(F)C(F)=C(F)C(F)=C2F)C2=C(F)C(F)=C(F)C(F)=C2F)C(F)=C1F,2.39503001
FC(F)(F)C(F)(C1=CC2=C(NC(=O)N(C2)NCC2=CN=CC=C2)C=C1)C(F)(F)F,1.620480785
FC1=CC(F)=C(F)C(F)=C1C=O,2.501661052
FC1=CC(=CC=C1)S(F)(F)(F)(F)F,2.194365719
FC(F)=C(F)B(Cl)Cl,1.908044441
NC1=C(F)C(F)=NN=C1F,0.92373385
FC(=O)C(F)(F)OC(F)(F)C(F)(F)OC(F)(F)C(F)=O,1.403131653
CC(=O)OC(C(F)(F)F)(C(F)(F)F)C(F)(F)F,1.827986366
FC(F)(F)N1OC(OC1(C(F)(F)F)C(F)(F)F)(C(F)(F)F)C(F)(F)F,2.279089087
FC(F)(F)C(OC(=O)CC(=O)OC(C(F)(F)F)C(F)(F)F)C(F)(F)F,1.821488614
C[Si](C)(C)OC(=O)C(C(F)(F)F)C(F)(F)F,1.779812982
CC(C)(C)C(F)(F)C(F)(F)F,2.54724934
C[Si](Cl)(Cl)C(F)(F)C(F)C(F)(F)F,2.127485706
C[Si](C)(Cl)C(F)(C(F)F)C(F)(F)F,2.123161174
FC(F)(F)C=C1C(F)(F)C(F)(F)C1(F)F,2.78451068
CCOC1=CC(F)=C(C(F)(F)F)C(F)(F)O1,2.144785462
CC(=O)C(C1=C(F)C(F)=CC(F)=C1F)C1=C(F)C(F)=CC(F)=C1F,2.67464826
OC1=C(F)C(F)=C(CC2=C(F)C(F)=C(F)C(F)=C2F)C(F)=C1F,2.496955052
COC(=O)C(=NNC1=CC2=C(OC(F)(F)C(F)(F)O2)C=C1)C#N,2.234223743
CCP(CC)OC(C(F)(F)F)C(F)(F)F,1.654829549
Cl.FC(F)(F)C1=CC(=CC(CNCCCl)=C1)C(F)(F)F,1.813078701
NC(C1=CC=C(F)C=C1)C(F)(F)F,1.732574528
FC1=CC(CC(=O)C(F)(F)F)=C(F)C=C1,2.236998832
OCCOC(C(F)(F)F)C(F)(F)F,1.437235033
CC[C@@H](N)C(F)(F)F,0.648533673
FC(F)(F)[C@@H]1CCCCN1,0.795954013
FC(F)(F)C(=O)CC(=O)C1=CC=CC=C1C(F)(F)F,2.019057394
[O-][N+](=O)C1=C(C=C(NCC(F)(F)F)C=C1)C(F)(F)F,2.081882757
CCCCCOCCC(F)(F)C(F)(F)C(F)(F)C(F)(F)C(F)(F)C(F)(F)F,2.199014788
[O-]S(=O)(=O)C(F)(F)F.FC(F)(F)C(F)([I+]C1=CC=CC=C1)C(F)(F)F,1.187425714
FC(F)(F)C(Br)CCl,1.462301968
COC(=O)C(F)(C(F)(F)F)S(F)(=O)=O,0.74678917
FC(F)(F)C(F)(F)C(F)(F)OC(F)(C(=O)OC1=C(Br)C=C(Br)C=C1Br)C(F)(F)F,2.625169548
CC(O)(CC(=O)C(F)(F)F)C(F)(F)F,0.890719229
CC(F)(Br)C(Br)C(F)(F)F,1.799074669
OC(=O)C(F)(F)C(F)(F)C(F)(F)OC(F)(C(F)(F)F)C(F)(F)F,1.541195552
OC(=O)C1=CC(=C(Cl)C(=C1)C(F)(F)F)C(F)(F)F,1.874608094
FC(F)(F)C(=O)N1CCC(F)(F)CC1,1.320260317
FB(F)C1=C(F)C=CC=C1F,2.710144762
FC(F)OC1=C(Br)C=C(C=C1)C(F)(F)F,2.769969051
FC1=CC(F)=C(Br)N=C1F,1.910931279
FC(F)(F)C(I)CC(F)(F)C(F)(F)F,2.052780443
OS(=O)(=O)CCC(F)(F)C(F)(F)C(F)(F)C(F)(F)C(F)(F)C(F)(F)F,1.848108931
FC(F)(F)C(F)(F)C(F)(F)C(F)(F)C(F)(F)C(F)(F)C(F)(F)C(F)(F)C(F)(F)C(F)(F)C(F)(F)C(F)(F)C(F)(F)C(F)(F)CCOC(=O)C=C,2.395881583
FC(F)(F)C1CNC1,0.939387307
CC(C)C[C@H](N)C(F)(F)F,1.506420622
FC(F)(F)C(CBr)CBr,1.522344811
CC(F)(F)C(=O)OC(=O)C(C)(F)F,1.070872305
FC(F)(F)[C@H]1CCNC1,0.812047368
C[N+](C)(C)CCCN(CC([O-])=O)S(=O)(=O)C(F)(F)C(F)(F)C(F)(F)C(F)(F)C(F)(F)C(F)(F)F,1.529011802
FC(F)(F)SC1=CC=C(OS(=O)(=O)C(F)(F)F)C=C1,1.693327405
OCCC(F)(F)C(F)(F)F,1.133975461
CC(=C)C(=O)OC(F)(F)F,1.611534625
FC1=CC(F)=C(C(F)=C1)S(F)(F)(F)(F)F,2.547561604
CC(F)=C(Br)C(F)(F)F,2.020180517
FC(=CC(F)(F)F)C(F)(F)C(F)(F)F,2.252208652
CCCCCC(I)CC(F)(C(F)(F)F)C(F)(F)F,2.146190941
Cl.NC1(CCC1)C(F)(F)F,0.789799251
NC(CC(O)=O)C1=CC(OC(F)(F)C(F)F)=CC=C1,1.341051981
OC(=O)C(F)(F)C(F)(F)C(F)=CCl,0.904329097
FC(F)(F)C(CC#C)(C(F)(F)F)C(F)(F)F,2.308672913
OCCCCCCC(O)(C(F)(F)F)C(F)(F)F,1.180387016
FC(F)(F)CCC(F)(F)C(F)(F)C(F)(F)[Si](Cl)(Cl)C(F)(F)C(F)(F)C(F)(F)CCC(F)(F)F,2.302781996
COC1=CC(CBr)=C(C=C1)\N=C(/Cl)C(F)(F)C(F)(F)C(F)(F)F,2.294767048
OCCC(F)(F)C(F)(F)C(F)(F)C(F)(F)C(F)(F)C(F)(F)C(F)(F)C(F)(F)C(F)(F)C(F)(F)C(F)(F)C(F)(F)C(F)(F)C(F)(F)C(F)(F)C(F)(F)F,2.441501897
FC(F)(Cl)C(F)(F)C(F)(F)C(F)(F)C(F)(F)C(F)(F)CCI,2.202526849
CC1=CC=C(C=C1C)C(C1=CC(C)=C(C)C=C1)(C(F)(F)F)C(F)(F)F,2.660082802
FC(F)C(F)(OB(OC(F)(C(F)F)C(F)(F)F)OC(F)(C(F)F)C(F)(F)F)C(F)(F)F,2.546889632
OC(=O)C(CC(F)F)CC(F)F,0.756481196
CN(CCOC(=O)C(C)=C)S(=O)(=O)C(F)(F)C(F)(F)C(F)(F)C(F)(F)F,1.390162281
CN(CCOC(=O)C(C)=C)S(=O)(=O)C(F)(F)C(F)(F)C(F)(F)C(F)(F)C(F)(F)C(F)(F)F,1.629244683
CCOC(=O)CN(CC)S(=O)(=O)C(F)(F)C(F)(F)C(F)(F)C(F)(F)F,1.448285494
FCC(F)(F)C(F)(F)C(F)(F)C(F)(F)C(F)(F)F,2.281740365
C[Si](O)(CCC(F)(F)F)O[Si](C)(CCC(F)(F)F)O[Si](C)(O)CCC(F)(F)F,1.41739241
NCC1=C(F)C(F)=CC(F)=C1F,1.941924936
C[Si](C)(C)CC(I)=CC(F)(F)C(F)(F)C(F)(F)F,2.427829204
FC(F)=NC(F)(F)C(F)(F)C(F)(F)F,1.790504896
FCOC(F)(F)C(F)C(F)(F)F,1.707694018
OC([O-])=C([N+]#N)C(F)(F)F,0.808725068
CC1=C(C=C(C=C1)C(F)(F)C(F)(F)F)[N+]([O-])=O,1.952620811
CC[NH3+].[O-]C(=O)C(F)(F)C(F)(F)C(F)(F)C(F)(F)C(F)(F)C(F)(F)C(F)(F)C(F)(C(F)(F)F)C(F)(F)F,1.833612086
CC[NH3+].[O-]C(=O)C(F)(F)C(F)(F)C(F)(F)C(F)(F)C(F)(F)C(F)(F)C(F)(F)C(F)(F)C(F)(F)C(F)(C(F)(F)F)C(F)(F)F,1.916902295
CC=CC(F)(F)C(F)(F)C(F)(F)C(F)(F)C(F)(F)C(F)(F)C(F)(F)C(F)(F)F,2.599068187
C[Si](C)(C)C(I)=C(C(F)(F)C(F)(F)C(F)(F)F)[Si](C)(C)C,2.921370438
COC(=O)C(F)(F)C(F)(F)C(F)(F)C(F)=O,1.222265834
COCC[C@@H](O)C(F)(F)F,0.632994711
FC(F)(F)C(=C(C(F)(F)F)C(F)(F)C(F)(F)F)C(F)(F)C(F)(F)F,2.663777907
C1CNCCN1.OC(=O)C(F)(F)C(F)(F)C(F)(F)F,0.491314586
FC(F)(F)C(F)(F)C(F)(F)C(F)(F)C(F)(F)S(=O)(=O)NCC1=CC=CC=C1,1.592970417
FC(F)(F)C(F)(F)C(F)(F)C(F)(F)C(F)(F)C(F)(F)C(F)(F)S(=O)(=O)NCC1=CC=CC=C1,1.779338609
CNS(=O)(=O)C(F)(F)C(F)(F)C(F)(F)C(F)(F)C(F)(F)F,1.401844745
CCCCN(CCO)S(=O)(=O)C(F)(F)C(F)(F)C(F)(F)C(F)(F)C(F)(F)C(F)(F)C(F)(F)F,1.851171262
CCN(CCO)S(=O)(=O)C(F)(F)C(F)(F)C(F)(F)C(F)(F)C(F)(F)F,1.517818412
CN(CCO)S(=O)(=O)C(F)(F)C(F)(F)C(F)(F)C(F)(F)C(F)(F)F,1.590590737
CN(CCO)S(=O)(=O)C(F)(F)C(F)(F)C(F)(F)C(F)(F)C(F)(F)C(F)(F)C(F)(F)F,1.81547641
CN(C)CCCNS(=O)(=O)C(F)(F)C(F)(F)C(F)(F)C(F)(F)C(F)(F)F,1.331139711
NC(=O)C(=C)C(F)(F)F,0.903755608
CC(C)[C@@H](Br)C(F)(F)F,2.117379048
CCOC(=O)CN(CC)S(=O)(=O)C(F)(F)C(F)(F)C(F)(F)C(F)(F)C(F)(F)C(F)(F)F,1.725872661
Cl.CN(C)CCCNS(=O)(=O)C(F)(F)C(F)(F)C(F)(F)C(F)(F)F,1.044121533
Cl.CN(C)CCCNS(=O)(=O)C(F)(F)C(F)(F)C(F)(F)C(F)(F)C(F)(F)C(F)(F)F,1.357201822
CCN(CC(O)=O)S(=O)(=O)C(F)(F)C(F)(F)C(F)(F)C(F)(F)C(F)(F)C(F)(F)C(F)(F)F,1.636175731
OCC[NH2+]CCO.[O-]S(=O)(=O)C(F)(F)C(F)(F)C(F)(F)C(F)(F)C(F)(F)F,0.9068561
[O-]S([O-])(=O)=O.C[N+](C)(C)CCCNS(=O)(=O)C(F)(F)C(F)(F)C(F)(F)C(F)(F)C(F)(F)F.C[N+](C)(C)CCCNS(=O)(=O)C(F)(F)C(F)(F)C(F)(F)C(F)(F)C(F)(F)F,1.030222597
COC1=CC2=C(NC(=C2)C(F)(F)C(F)(F)C(F)(F)F)C=C1,2.188172594
CN(CCOC(=O)C=C)S(=O)(=O)CCC(F)(F)C(F)(F)C(F)(F)C(F)(F)C(F)(F)C(F)(F)C(F)(F)C(F)(F)C(F)(F)C(F)(F)C(F)(F)C(F)(F)C(F)(F)C(F)(F)F,2.175126075
CC(N)(CN)C(F)(F)F,0.700936993
FC(F)C(F)(F)COCC1COC(=O)O1,1.119187857
FC(F)(F)C(I)CC(F)(C(F)(F)F)C(F)(F)F,2.074558972
FC(F)(F)C1(CC1)N=C=O,1.324178455
CCN(CS(O)(=O)=O)S(=O)(=O)C(F)(F)C(F)(F)C(F)(F)C(F)(F)C(F)(F)C(F)(F)C(F)(F)C(F)(F)F,1.793330737
CCC(N)C(O)C(F)(F)C(F)(F)F,1.135641681
CO[Si](C)(C)CCC(F)(F)C(F)(F)C(F)(F)C(F)(F)F,1.994222513
FC(F)=C(Cl)Cl,1.863111245
FC(F)(F)C(=O)C(F)(F)Cl,1.318855281
FC(F)(F)[Si](F)(C(F)(F)F)C(F)(F)F,1.837625453
FC(F)(F)C(Cl)(Br)Br,1.625471734
FC(F)C1=C(F)N=CC=C1,1.551453927
OC(C1=CC(F)=C(F)C=C1)C(F)(F)F,1.954506457
FC1=C(F)OC(O1)(C(F)(F)F)C(F)(F)F,2.044161534
N[C@@H](C1=CC=CC=C1C(F)(F)F)C(F)(F)F,1.907550412
COC1=NC(OC)=NC(NC(=O)NS(=O)(=O)C2=C(OC(F)(F)C(F)(F)F)C=CC=C2)=N1,0.907578644
FC1C(F)(F)OC1(F)F,2.028508415
FC(F)(Cl)CBr,1.230220915
FC1=C(F)C(F)=C(B(C2=C(F)C(F)=C(F)C(F)=C2F)C2=C(F)C(F)=C(F)C(F)=C2F)C(F)=C1F,3.711132082
Cl.FC(F)(F)C1=CC(=CC(=C1)C([C@@H]1CCCN1)C1=CC(=CC(=C1)C(F)(F)F)C(F)(F)F)C(F)(F)F,2.328261281
FC(=NN=C(Cl)C(F)(F)F)C(F)(F)F,1.573606561
FC(=O)C(F)(F)C(F)(F)OC(F)(F)F,1.409117335
COC(=O)C1=CC=C(C=C1)C(F)(F)C(F)(F)C(F)(F)C(F)(F)C(F)(F)C(F)(F)F,2.135710188
FC(F)(F)C(F)(F)C(F)(F)C(F)(F)C(F)(F)C(F)(F)C(F)(F)C(F)(F)C(F)(F)C1=CC=C(C=C1)C(=O)OC1=CC=C(C=C1)C#N,2.258803313
CC(C)C=CC(=O)C(F)(F)C(F)(F)F,2.135975745
CCCCCCC=CC(=O)C(F)(F)C(F)(F)C(F)(F)C(F)(F)C(F)(F)C(F)(F)F,2.280665569
FC1(F)N2N=NN=C2C(F)(F)C(F)(F)C1(F)F,1.771411888
FC(=NBr)C(F)(F)C(F)(F)C(F)(F)F,1.810711051
FC1=C(F)C2=C(C(F)=C(F)C(F)=C2F)C(=C1)C1=C(F)C(F)=C(F)C2=C1C(F)=C(F)C(F)=C2F,3.63334779
OC1=CC=CC(NCC(F)(F)C(F)(F)C(F)(F)C(F)(F)C(F)(F)C(F)(F)C(F)F)=C1,1.916569747
FC(=C(C(C(F)(F)F)C(F)(F)C(F)(F)F)C(F)(F)F)C(F)(F)F,2.641816872
CNC(C)=CC(=O)C(F)(F)C(F)F,1.066797296
CO[Si](CCCC(F)(F)C(F)(F)C(F)(F)C(F)(F)F)(OC)OC,1.762361172
FC(F)C(F)(F)C(F)(F)C(F)(F)C(F)(F)C(F)(F)CO[P+](=O)OCC(F)(F)C(F)(F)C(F)(F)C(F)(F)C(F)(F)C(F)F,2.159882942
OC=O.OCC(F)(F)C(F)C(F)(F)F,0.626319947
FC(=C(Cl)Cl)C1=C(C(=CO1)C(F)(F)F)C(F)(F)F,2.735730219
FC1(F)C(F)(F)C(F)(F)C(F)(C(=O)CC(=O)C2=CC=C(Cl)S2)C(F)(F)C1(F)F,2.144362591
FC(F)(F)C(F)(F)C(F)(F)C(F)(F)C=C(I)C1=CC=CC=C1,2.368216499
CCCSSC(C(F)(F)F)C(F)(F)F,1.989282121
FC(F)(OS(F)(=O)=O)C(F)(F)C(Cl)=O,0.602545708
OC(=O)C=C(F)C(F)(F)C(F)(F)C(F)(F)C(F)(F)C(F)F,1.695402554
FN(F)SC(F)(F)C(F)(F)F,1.631139217
FC(F)(F)C(F)(F)C(F)(F)C(F)(F)C(F)(F)C1=CN=CN1,1.908413571
FC(F)(F)SC(Br)=C(Br)SC(F)(F)F,2.083376537
NNC1=C(C=CC(Cl)=C1OC(F)(F)F)C(F)(F)F,2.720485734
FC(F)(F)C(F)(F)C(F)(F)C1=C(CCl)C=CC(CCl)=C1,2.520831365
FC(F)(F)C(F)(F)C(=O)[Si](C1=CC=CC=C1)(C1=CC=CC=C1)C1=CC=CC=C1,2.760487932
CN1C(Br)C(=O)OC1(C(F)(F)F)C(F)(F)F,1.330678984
FC(F)(CC[Si](Cl)(Cl)Cl)C(F)(F)C(F)(F)C(F)(F)CC[Si](Cl)(Cl)Cl,2.458654182
OC1=CC=C(SC(F)(F)C(F)(F)C(F)(F)C(F)(F)C(F)(F)C(F)(F)C(F)(F)C(F)(F)C(F)(F)C(F)(F)C(F)(F)C(F)(F)F)C=C1,2.012721831
FC(F)C(F)(F)OC1=CC=CC(C#N)=C1C#N,1.978297656
FC1=C(F)C(F)=C(SC(=O)CBr)C(F)=C1F,2.17234186
CC=CC(=O)C(F)(C(F)(F)F)C(F)(F)F,1.805154852
NC1=NC(=NC(N)=N1)C(F)C(F)(F)F,0.736511826
CC1=CC=C(C=C1)S(O)(=O)=O.OCCCCC(F)(F)C(F)(F)C(F)(F)C(F)(F)F,1.098127277
FC(F)(F)OC(=O)C(=O)OC(F)(F)F,1.919724276
FC(F)(F)COCCCCOCC(F)(F)F,1.539024498
OC(O)=O.OCC(F)(F)C(F)(F)F.OCC(F)(F)C(F)(F)F,0.545589963
ON=C(F)C(F)C(F)(F)F,0.935970539
FC(F)(I)CC(F)(F)CC(F)(Cl)C(F)(F)Cl,1.973921492
CC(C)C(=O)CC(=O)C(F)(F)C(F)(F)F,1.116544839
CS(=O)(=O)CCC(F)(F)F,0.64301966
OC(=O)CCCCCCCCCCCCCCCCCCCCCCC(F)(F)C(F)(F)C(F)(F)C(F)(F)F,1.847651268
FC(F)C(F)(F)C(F)(F)C#CSCC1=CC=CC=C1,2.492469171
FC(C#N)C(F)(F)C(F)(F)C(F)(F)C(F)(F)C(F)(F)C(F)(F)C(F)(F)F,2.333919026
FC(F)(F)C(F)(F)C(F)(F)C(F)(F)C(F)(F)C(F)(F)CC(F)(F)CCI,2.195906649
FC1C(F)C(F)(C(F)C(F)(C(F)(F)F)C1(F)F)C(F)(F)F,2.591896277
FC(F)C(F)(F)C(=O)CC(=O)CC(=O)C(F)(F)C(F)F,1.06883987
CC=CC1(F)C(F)(F)C1(F)F,2.634606262
CN(C)C=C(F)C(F)(F)F,1.307022916
[O-][N+](=O)C1=CC(OC(F)(F)C(F)(F)OC(F)(F)F)=CC=C1,2.123736733
FC(F)(F)C(F)(F)C(F)(F)C1=NNC(=NN1)C1=CC=C(Cl)C=C1,2.230023085
FC(F)(F)SSSC(=O)C(F)(F)F,1.676605934
FC(F)(F)SC(F)(F)SCl,1.864426164
FC(F)C(F)(F)C(F)(F)C(F)(F)C(F)(F)C(F)(F)SC(F)(F)F,2.253536647
[Cl-].FC1=CC(F)=CC(F)=C1,1.863394536
CC=CS(=O)(=O)C(F)(F)C(F)(F)C(F)(F)C(F)(F)F,1.633984101
FC(SC1=CC=CC=C1)=C(F)C(F)(F)C(F)(F)C(F)(F)C(F)(F)F,2.311837666
OC(C=CC1=CC=CC=C1)C(F)(F)C(F)(F)C(F)(F)C(F)(F)C(F)(F)C(F)(F)F,1.993833916
FC1=CC(C2=CC=CC=C2)=C(F)C(F)=C(F)C(F)=C1F,2.67126715
FC(F)=C(F)OC(F)(F)Br,1.977119326
FC1=C(F)C(F)=C(SC2=C(SC(=C2SC2=C(F)C(F)=C(F)C(F)=C2F)C2=C(F)C(F)=C(F)C(F)=C2F)C2=C(F)C(F)=C(F)C(F)=C2F)C(F)=C1F,3.348843687
NC1=CC(=CC=C1)S(=O)(=O)C(C(F)(F)F)(C(F)(F)F)C(F)(F)F,1.500156096
FC(F)(F)C(F)(F)C(F)(F)C(F)(F)C(=O)C1CCCC(C(=O)C(F)(F)C(F)(F)C(F)(F)C(F)(F)F)C1=O,1.692956141
C[SiH](CCC(F)(F)F)CCC(F)(F)F,1.994858821
OP(O)O.OCC(F)(F)C(F)(F)C(F)(F)C(F)F.OCC(F)(F)C(F)(F)C(F)(F)C(F)F.OCC(F)(F)C(F)(F)C(F)(F)C(F)F,1.337208961
FC(F)(F)C(F)(F)C(F)(F)C(F)(F)C(F)(F)C(F)(F)C(F)(F)C(F)(F)C1=CC=C(OCCCCOC(=O)C=C)C=C1,2.295834006
CO[C@@H](C)C1=C(F)C(F)=C(F)C(F)=C1F,2.495444436
CCC(OC(=O)C(C([O-])=O)C(F)(F)F)(C(F)(F)F)C(F)(F)F,1.670137366
CC(C)COC(=O)C(=C(F)F)C(F)(F)F,2.003912928
OC(=O)CCCCCCCCCCOC(C(F)(F)F)(C(F)(F)F)C(F)(F)F,1.756912285
CCC(=O)CC(=O)C(F)(F)C(F)(F)C(F)(F)C(F)F,1.450611602
CC(O)=O.OC(F)(F)C(C(F)(F)F)C(F)(F)F,0.799040225
CC=CC(C(F)(F)F)(C(F)(F)F)C(F)(F)F,2.421907867
CCOC(CC(=C(F)F)C(F)(F)F)SC1=CC=CC=C1,2.391407447
CCCCSC(CC(=C(F)F)C(F)(F)F)OCC,2.401768445
FC(F)(F)CCC(=O)C=C,1.414848762
FC(F)(F)C(CC[Si](Cl)(Cl)Cl)(C(F)(F)F)C(F)(F)F,2.510502096
CCOC(=O)C=C(F)C(C(F)(F)F)C(F)(F)F,1.847282476
CC1=NC(C)=C(C(C)=C1C(F)(F)F)C(F)(F)F,1.902277081
FC(F)(F)C1(CNN=C1C(=O)C1=CC=CC=C1)C(F)(F)F,1.97246335
COC1=CC=C(C=C1)C(F)=C(F)C(F)(F)F,2.331014359
CCCC(=O)OC(F)(F)C(F)(F)F,1.687544286
CCOC(F)=NC(F)(F)F,1.240178561
OC(=O)C1=CC=C(C=C1)C(Br)(C(F)(F)F)C(F)(F)Br,1.7191912
NCC1=C(C=CC(F)=C1)C(F)(F)C(F)(F)C1=CC=CC=C1,2.205729964
CC(=NO)C1=CC=CC=C1C(F)(F)C(F)(F)C1=CC=CC=C1,2.081317464
CCC(=O)C(C)=C(F)C(F)(F)C(F)(F)C(F)(F)C(F)(F)C(F)(F)F,2.049031533
FC(F)C(F)(F)C(F)(F)C(F)(F)C(F)(F)C(F)(F)C1OCCO1,2.041386413
CC1=C2N=C(NC2=C(C=C1[N+]([O-])=O)[N+]([O-])=O)C(F)(F)C(F)(F)F,1.876556854
FCC(F)(F)[SiH2]C(Cl)Cl,1.359293532
OC(=O)CC(F)(F)CC(F)(F)CC(F)(F)CC(F)(F)CC(F)(F)Cl,1.397167011
OC(=O)C=C(F)C(F)(F)C(F)(F)C(F)(F)C(F)(F)C(F)(F)C(F)(F)C(F)(F)F,1.951691186
CC(=O)C=C(N)C(F)(F)F,0.513894358
FC(F)(F)C(F)(F)C(F)(F)N1C(F)(F)C(F)(F)C(F)(F)C(F)(F)C1(F)C(F)(F)F,2.138136617
CCO[Si](CCCOC(F)(F)C(F)(F)C(F)(F)C(F)(F)C(F)(F)C(F)(F)C(F)(F)C(F)(F)F)(OCC)OCC,1.934323573
COC(=O)C(F)=C(F)C(F)(F)C(F)(F)C(F)(F)F,1.861255808
OC(=O)C1=CC=CC=C1.OCC(F)(F)C(F)(F)C(F)(F)C(F)(F)C(F)(F)C(F)F,1.447784124
COCOC(C=C)(C(F)(F)F)C(F)(F)F,1.5815229
FC(F)(F)C(F)(F)C(F)(F)C(F)(F)S(=O)(=O)CCCOC(=O)C=C,1.589555508
FC(F)(F)C(F)(F)C(F)(F)C(F)(F)C(F)(F)C(F)(F)C1CC2C1C(=O)OC2=O,1.993276587
FC(F)(F)C1=CC(OS(=O)(=O)C(F)(F)F)=CS1,1.696894264
OCC(F)(F)F.FC1=CC(F)=C(F)C=C1F,1.883605714
FC(F)(F)P=O,1.094575143
F[Al](F)C(F)(F)F,1.605141577
OC(CC(=N)CC(O)(C(F)(F)F)C(F)(F)F)(C(F)(F)F)C(F)(F)F,1.260717703
OC(=O)C(F)(F)COC(F)(F)C(F)(F)C(F)(F)F,1.223422361
[O-]C(=O)NNC(=O)OC(CCC(F)(F)C(F)(F)C(F)(F)C(F)(F)C(F)(F)C(F)(F)C(F)(F)C(F)(F)F)C(C1CCCCC1)C1CCCCC1,2.065324409
CC1=CC2=C(C=C1)C(F)(F)C(F)(F)C2,2.64155083
COC1=CC=CC(=C1)C1C(F)(F)C1(F)F,2.755292393
[O-][N+](=O)C1=CC=C(OC(=O)N2CC(F)(F)C(F)(F)C2)C=C1,1.719507983
FC(=C(S)S)C(F)(F)F,2.14640168
OC(=O)C(F)(F)C(F)(F)C(F)(F)OC(F)(F)C(F)(F)F,1.391190581
OC(=O)C(F)OC(F)(F)C(F)(F)C(F)(F)F,1.038770517
OC(=O)C(F)(C(F)F)C(F)F,0.654379933
FC1=C(F)C(F)=C(C(F)=C1F)C(F)(F)C(F)(F)C(F)(F)C(F)(F)C(F)(F)C(F)(F)C(F)(F)C(F)(F)F,2.751961897
OC(=O)CCCCCCCCCCSCCC(F)(F)C(F)(F)C(F)(F)C(F)(F)F,1.796378692
OC(CC=C)(C(F)(F)F)C(F)(F)C(F)(Cl)C(F)(F)Cl,1.697670485
FC(F)(F)C(F)(F)C(F)(F)C(F)(F)S(=O)(=O)CC(=O)C1=CC=CC=C1,1.627761909
FC(C(F)(F)F)C(F)(F)C1CC1,2.297304697
FC(F)(F)C1(F)CC(C=C)C1(F)F,2.489260014
FC1=NC=CN=C1C(F)(F)F,1.378858706
FC1=C(N=C(Cl)C=C1)C(F)(F)F,2.041782551
FC(F)(Br)C(F)(Cl)Br,1.72131654
FC=C(F)Cl,1.735049902
FC(=O)C(F)(OC(F)(F)C(F)(F)C(F)(F)F)C(F)(F)F,1.920414853
FC(F)=C(F)OC(F)(F)C(F)(OC1=C(F)C(F)=C(F)C(F)=C1F)C(F)(F)F,3.09647196
C[N+](C)(C)CCCNS(=O)(=O)C(F)(F)C(F)(F)C(F)(F)C(F)(F)F,1.202361443
OS(=O)(=O)C1(F)C(F)(F)C(F)(F)C(F)(C(F)(F)F)C(F)(F)C1(F)C(F)(F)F,1.917501899
C[N+](C)(CCO)CCCN(CC(O)CS(O)(=O)=O)S(=O)(=O)C(F)(F)C(F)(F)C(F)(F)C(F)(F)C(F)(F)C(F)(F)F,1.407171975
OS(=O)(=O)C(F)(F)C(F)(F)OC(F)=C(F)F,1.160855853
CC(C)(F)F,2.01376175
FC1=CC=C(F)C(F)=C1F,3.023538201
FC(F)(F)C1(F)CO1,1.709328509
FC(F)(F)C(F)(F)C(F)(F)C(F)(F)C1(F)OC(F)(F)C(F)(F)C1(F)F,2.336212264
[O-]S(=O)(=O)C(F)(F)C(F)(F)C(F)(F)C(F)(F)C(F)(F)C(F)(F)C(F)(F)C(F)(F)C(F)(F)F,1.807555625
[O-]S(=O)(=O)C(F)(F)C(F)(F)C(F)(F)C(F)(F)F,1.094637587
OP(O)(=O)OCCC(F)(F)C(F)(F)C(F)(F)C(F)(F)C(F)(F)C(F)(F)C(F)(F)C(F)(F)F,1.954969419
FC(F)(F)C(F)(F)C(F)(F)C(=O)NC1=NC(=N)NN1,1.273803344
NS(=O)(=O)C1=CC2=C(C=C1C(F)(F)C(F)(F)F)N=CNS2(=O)=O,0.616293815
[NH4+].[O-]C(=O)C(F)(F)C(F)(F)C(F)(F)C(F)(F)C(F)(F)C(F)(F)C(F)(F)C(F)(F)C(F)(F)F,1.822152622
CCC(OC1=C(C=C(C=C1)C(C)(C)CC)C(C)(C)CC)C(=O)NC1=CC(O)=C(NC(=O)C(F)(F)C(F)(F)C(F)(F)F)C=C1,1.73048962
FC(F)(F)C(F)(Br)C(F)(F)Br,1.946884438
FC(F)(F)C(F)(F)C(F)(F)CCI,1.935003073
FC(F)(F)C(F)(N1C(F)(F)C(F)(F)OC(F)(F)C1(F)F)C(F)(F)F,1.893925798
[NH4+].CCN(CC([O-])=O)S(=O)(=O)C(F)(F)C(F)(F)C(F)(F)C(F)(F)C(F)(F)C(F)(F)C(F)(F)C(F)(F)F,1.457150283
[O-][N+](=O)C1=CC2=C(C=C1)N=C(N2)C(F)(F)C(F)(F)F,1.75989505
[NH4+].[O-]C(=O)C(F)(F)C(F)(F)C(F)(F)C(F)(F)C(F)(F)C(F)(F)F,1.628232099
OC(COC(=O)C=C)CC(F)(F)C(F)(F)C(F)(F)C(F)(F)C(F)(F)C(F)(F)C(F)(F)C(F)(F)C(F)(F)C(F)(F)C(F)(F)C(F)(F)C(F)(C(F)(F)F)C(F)(F)F,2.247376751
COC(=O)C(F)(F)C(F)(F)C(F)(F)OC(F)=C(F)F,1.833462608
FC(=O)C(F)(OC(F)(F)C(F)(F)OC(F)(C(F)=O)C(F)(F)F)C(F)(F)F,1.740288261
FC(OC(F)(F)C(F)(OC(F)(F)C(F)(OC(F)(F)C(F)(OC(F)(F)C(F)(OC(F)(F)C(F)(F)C(F)(F)F)C(F)(F)F)C(F)(F)F)C(F)(F)F)C(F)(F)F)C(F)(F)F,2.567491893
FC(F)(F)C(F)(C(F)(F)F)C(F)(F)C(F)(F)C(F)(F)C(F)(F)C(F)(F)C(F)(F)CC1CO1,2.332363457
[H]N(S(=O)(=O)C(F)(F)C(F)(F)C(F)(F)C(F)(F)F)S(=O)(=O)C(F)(F)C(F)(F)C(F)(F)C(F)(F)F,1.5516146
[Cl-].[H]N(CCC[N+](C)(C)C)S(=O)(=O)C(F)(F)C(F)(F)C(F)(F)C(F)(F)F,0.698624532
[NH4+].[NH4+].OC(COP([O-])([O-])=O)CC(F)(F)C(F)(F)C(F)(F)C(F)(F)C(F)(F)C(F)(F)C(F)(C(F)(F)F)C(F)(F)F,1.110455477
FC(F)(F)C(F)(F)C(F)(F)C(F)(F)C(F)(F)C(F)(F)C(F)(F)C(F)(F)C(F)(F)C(F)(F)CC(Cl)=O,2.245076372
[I-].[H]N(CCC[N+](C)(C)C)S(=O)(=O)C(F)(F)C(F)(F)C(F)(F)C(F)(F)C(F)(F)C(F)(F)C(F)(F)F,1.005478065
FC(F)(F)C(F)(F)C(F)(F)C(F)(F)C(F)(F)C(F)(F)C(F)(F)C(F)(F)C(F)(F)C1(F)OC(F)(F)C(F)(F)C(F)(F)C1(F)F,2.530127517
OCC[NH2+]CCO.[O-]S(=O)(=O)C(F)(F)C(F)(F)C(F)(F)C(F)(F)C(F)(F)C(F)(F)C(F)(F)F,1.184539087
FC(=O)C(F)(OC(F)(F)C(F)(F)S(F)(=O)=O)C(F)(F)Cl,1.219791728
FC(F)(F)C(F)(F)C(F)(F)C(F)(F)C(F)(F)C(F)(F)C(F)(F)C(F)(F)CC1CO1,2.287974134
F\C(=C/C(Br)[C](F)(F)F)C(F)(F)Br,2.717033476
FC(C(F)(F)F)C(F)(F)OCC=C,1.83611132
OC(COP(O)(O)=O)CC(F)(F)C(F)(F)C(F)(F)C(F)(F)C(F)(F)C(F)(F)C(F)(F)C(F)(F)C(F)(F)C(F)(F)C(F)(F)C(F)(F)C(F)(C(F)(F)F)C(F)(F)F,2.144515321
FC(F)(F)C1(F)C(F)(F)C(F)(F)C(F)(F)C(F)(F)C1(F)S(F)(=O)=O,2.003823772
FC(F)(F)C(C1OC(F)(F)C(F)(F)C1(F)F)(C(F)(F)F)C(F)(F)F,2.539391813
CCOP(CC)OCC.FC(F)(F)C(F)(F)C(F)(F)I,1.335065454
FC(F)(F)C(F)(F)OC1(F)OC(F)(C(F)(F)F)C(F)(F)OC1(F)C(F)(F)F,2.253011089
FC(F)C(F)(F)OCC1CO1,1.467207763
COCCOCCOCCOCCOCCOCCOCCOCCOCCOCC(O)CC(F)(F)C(F)(F)C(F)(F)C(F)(F)C(F)(F)C(F)(F)C(F)(C(F)(F)F)C(F)(F)F,1.881492604
[I-].CC[N+](C)(CC)CCCNS(=O)(=O)C(F)(F)C(F)(F)C(F)(F)C(F)(F)C(F)(F)C(F)(F)C(F)(F)C(F)(F)F,0.982862719
OS(=O)(=O)C(F)(Cl)C(F)(F)C(F)(F)C(F)(F)C(F)(F)C(F)(F)F,1.623905095
CC[N+](CC)(CC)CC.[O-]S(=O)(=O)C(F)(F)C(F)(F)C(F)(F)C(F)(F)C(F)(F)C(F)(C(F)(F)F)C(F)(F)F,1.096578595
[I-].C[N+](CCO)(CCO)CC(O)CC(F)(F)C(F)(F)C(F)(F)C(F)(F)C(F)(F)C(F)(F)C(F)(F)C(F)(F)C(F)(F)C(F)(F)C(F)(C(F)(F)F)C(F)(F)F,1.581238394
[I-].C[N+](CCO)(CCO)CC(O)CC(F)(F)C(F)(F)C(F)(F)C(F)(F)C(F)(F)C(F)(F)C(F)(C(F)(F)F)C(F)(F)F,1.397509144
CC1(C)OCC(CC(F)(F)C(F)(F)C(F)(F)C(F)(F)C(F)(F)C(F)(F)C(F)(C(F)(F)F)C(F)(F)F)O1,2.134516018
OC(COP(O)(O)=O)CC(F)(F)C(F)(F)C(F)(F)C(F)(F)C(F)(F)C(F)(F)C(F)(F)C(F)(F)C(F)(F)C(F)(F)C(F)(F)C(F)(F)C(F)(F)C(F)(F)F,2.100458636
C[Si](CCC(F)(F)C(F)(F)C(F)(F)C(F)(F)C(F)(F)C(F)(F)F)(OCC(COC(=O)C=C)(COC(=O)C=C)COC(=O)C=C)OCC(COC(=O)C=C)(COC(=O)C=C)COC(=O)C=C,2.047746527
FC(F)(F)OC(F)(F)C(F)(F)C(F)(F)C(F)(F)C(F)(F)C(F)(F)C(F)(F)F,2.335606666
F[C@H]([C@H](F)C(F)(F)C(F)(F)F)C(F)(F)F,2.447753495
[I-].C[N+](C)(C)CCNS(=O)(=O)C(F)(F)C(F)(F)C(F)(F)C(F)(F)C(F)(F)C(F)(F)C(F)(F)C(F)(F)F,1.230342508
OC(COP(O)(O)=O)CC(F)(F)C(F)(F)C(F)(F)C(F)(F)C(F)(F)C(F)(F)C(F)(F)C(F)(F)C(F)(F)F,1.8488958
CCCCCCCCCCCCCCCCCCCCC(F)(F)C(F)(F)C(F)(F)C(F)(F)C(F)(F)C(F)(F)C(F)(F)F,2.336774346
CC(C)(C)C1=CC=C([I+]C2=CC=C(C=C2)C(C)(C)C)C=C1.[O-]S(=O)(=O)C(F)(F)C(F)(F)C(F)(F)C(F)(F)C(F)(F)C(F)(F)C(F)(F)C(F)(F)F,1.563272983
C[N+](C)(CCCNS(=O)(=O)C(F)(F)C(F)(F)C(F)(F)C(F)(F)C(F)(F)C(F)(F)C(F)(F)C(F)(F)F)CC([O-])=O,1.617556641
CCOC(O)C(F)(F)C(F)(F)F,1.021967209
CC(=C)C(=O)OC(C(F)(F)F)C(F)(F)F,1.887372077
CC(CC(F)(F)C(F)(F)C(F)(F)F)OC(C)=O,1.545230678
CCCCCCOC(=O)C(F)(F)C(F)(F)C(F)(F)F,1.876593901
CCC(C(O)=O)C(F)(F)C(F)(F)C(F)(F)C(F)(F)C(F)(F)C(F)(F)F,1.765409274
CN(C)[Si](C)(CCC(F)(F)C(F)(F)C(F)(F)C(F)(F)C(F)(F)C(F)(F)C(F)(F)C(F)(F)F)N(C)C,1.950828433
COC1=CC=C(C=C1)C(F)(F)C(F)(F)C(F)(F)C(F)(F)F,2.333256264
CC(=O)C(C(C)=O)C(=O)C(F)(F)C(F)(F)C(F)(F)C(F)(F)F,0.983153224
FC1=C(F)C(F)=C(C(F)=C1F)C(F)(F)C(F)(F)C(F)(F)F,2.808109754
FC(F)(F)C(F)(F)C(F)(F)C(CC1CO1)(C(F)(F)F)C(F)(F)F,2.276135875
FC(F)(F)C(F)(F)C(F)(F)C(F)(F)C(F)(F)C(F)(F)C1=CC=C(I)C=C1,2.524336054
FC(F)(F)C(F)(F)C(F)(F)C(F)(F)C1=CC=CS1,2.08580193
FC(=NC(F)(F)C(F)(F)C(F)(F)C(F)(F)F)C(F)(F)C(F)(F)C(F)(F)F,2.133339022
FC(F)(F)C(F)(F)C(F)(F)C(F)(F)C(F)(F)COC(=O)C=C,2.087530531
CCOC(=O)C(I)CC(F)(F)C(F)(F)C(F)(F)C(F)(F)C(F)(F)C(F)(F)F,1.836085664
NC1=CC=C(OCC(F)(F)C(F)(F)C(F)(F)F)C=C1,2.028749604
FC(F)(F)C(F)(F)C(F)(F)C(F)(F)C(F)(F)C(F)(F)C(=O)OCC=C,2.07863752
FC(F)(F)C(F)(F)C(F)(F)C(F)(F)CCOS(=O)(=O)C(F)(F)F,1.657177943
[2H]C(F)(F)C(F)(F)F,1.941758232
[NH4+].[NH4+].[O-]P([O-])(=O)OCCC(F)(F)C(F)(F)C(F)(F)C(F)(F)C(F)(F)C(F)(F)C(F)(F)C(F)(F)C(F)(F)C(F)(F)C(F)(C(F)(F)F)C(F)(F)F,1.455888936
CN(C)CCCNCC(O)CC(F)(F)C(F)(F)C(F)(F)C(F)(F)C(F)(F)C(F)(F)C(F)(F)C(F)(F)C(F)(F)C(F)(F)C(F)(F)C(F)(F)F,2.062269166
[NH4+].[NH4+].OC(COP([O-])([O-])=O)CC(F)(F)C(F)(F)C(F)(F)C(F)(F)C(F)(F)C(F)(F)C(F)(F)C(F)(F)C(F)(F)C(F)(F)C(F)(F)C(F)(F)C(F)(F)C(F)(F)F,1.385349476
CCCCCCCC\C=C/CCCCCCCCOC(=O)NC1=CC(NC(=O)OCCN(C)S(=O)(=O)C(F)(F)C(F)(F)C(F)(F)C(F)(F)C(F)(F)C(F)(F)C(F)(F)C(F)(F)F)=CC=C1C,1.67997532
CC(=C)C(=O)OCCC(F)(F)C(F)(F)C(F)(F)C(F)(F)C(C)(F)F,2.050745463
FC(F)(F)C(F)(F)C(F)(F)OC(F)(F)C(F)(OC(F)(F)C(F)(F)C(F)(F)F)C(F)(OC(F)(F)C(F)(F)C(F)(F)F)C(F)(F)OC(F)(F)C(F)(F)C(F)(F)F,2.519244067
FC(F)(F)C(F)(F)C(F)(F)OC(F)(Cl)C(F)(F)Cl,2.018583005
FC(F)(C1(F)C(F)(F)C(F)(F)C(F)(F)C(F)(F)C1(F)F)C1(F)C(F)(F)C(F)(F)C(F)(F)C2(F)C(F)(F)C(F)(F)C(F)(F)C(F)(F)C12F,2.853037099
OC(=O)C(F)(F)C(F)(Cl)C(F)(F)C(F)(Cl)C(F)(F)C(F)(Cl)C(F)(F)C(F)(Cl)Cl,1.727010893
CCCCCCCCCCCCCCCCCCC(F)(F)C(F)(F)C(F)(F)C(F)(F)C(F)(F)C(F)(F)C(F)(F)C(F)(F)F,2.381681749
OS(=O)(=O)C(F)(F)C(F)(F)C(F)(F)C(F)(F)C(F)(F)C(F)(F)C(F)(C(F)(F)F)C(F)(F)F,1.969061574
OC(=O)C(F)(F)OC1(F)OC(F)(F)OC1(F)OC(F)(F)F,0.984477986
NC1=CC=C(C=C1)C(C1=CC=C(N)C=C1)(C(F)(F)F)C(F)(F)F,2.196396908
FC(F)C(F)F,1.72710382
[H]C([H])(CC(O)=O)C([H])([H])C(F)(F)C(F)(F)C(F)(F)C(F)(F)C(F)(F)C(F)(F)F,1.830276203
OC(=O)C(F)(F)C(F)(F)OC(F)(F)C(F)(F)F,1.199514361
[O-]C(=O)C(F)(F)C(F)(F)C(F)(F)C(F)(F)C(F)(F)C(F)(F)F,1.921225275
[O-]C(=O)C(F)(F)C(F)(F)C(F)(F)C(F)(F)C(F)(F)C(F)(F)C(F)(F)C(F)(F)C(F)(F)C(F)(F)C(F)(F)C(F)(F)C(F)(F)F,2.265116383
CCN(CC([O-])=O)S(=O)(=O)C(F)(F)C(F)(F)C(F)(F)C(F)(F)C(F)(F)C(F)(F)C(F)(F)C(F)(F)F,1.742434748
[H]N(CCCN(C)C)S(=O)(=O)CCC(F)(F)C(F)(F)C(F)(F)C(F)(F)C(F)(F)C(F)(F)C(F)(F)C(F)(F)F,1.804948993
O[13C](=O)[13CH2]C(F)(F)C(F)(F)C(F)(F)C(F)(F)C(F)(F)C(F)(F)F,1.787219533
CC(C)(CS(O)(=O)=O)NC(=O)CCSCCC(F)(F)C(F)(F)C(F)(F)C(F)(F)C(F)(F)C(F)(F)C(F)(F)C(F)(F)C(F)(F)C(F)(F)F,1.915986044
CN(C)CCCNC(=O)CC(SCCC(F)(F)C(F)(F)C(F)(F)C(F)(F)C(F)(F)C(F)(F)C(F)(F)C(F)(F)C(F)(F)C(F)(F)F)C(O)=O,1.726090328
OC(=O)CSCCC(F)(F)C(F)(F)C(F)(F)C(F)(F)C(F)(F)C(F)(F)F,1.931873568
CC(C)(CS(O)(=O)=O)NC(=O)CCS(=O)CCC(F)(F)C(F)(F)C(F)(F)C(F)(F)C(F)(F)C(F)(F)C(F)(F)C(F)(F)F,1.69555277
[H]C(F)(F)C(F)(F)C(F)(F)C(F)(F)C(F)(F)C(F)(F)C(F)(F)C(F)(F)C(F)(F)C(F)(F)C(F)(F)C(O)=O,2.038426505
OC(=O)C(F)(F)C(F)(F)C(F)(F)C(F)(F)C(F)(F)C(F)(F)C(F)(F)C(F)(F)C(F)(F)C(F)(F)C(F)(F)C(F)(F)C(F)(F)C(F)(F)C(F)F,2.21679217
C[N+](C)(CCCNC(=O)C(F)(F)C(F)(F)C(F)(F)C(F)(F)C(F)(F)C(F)(F)F)CC([O-])=O,1.486796131
CN(C)CCCNC(=O)C(F)(F)C(F)(F)C(F)(F)C(F)(F)C(F)(F)C(F)(F)C(F)(F)C(F)(F)C(F)(F)C(F)(F)C(F)(F)F,1.97416659
OS(=O)(=O)C(F)(F)C(F)(F)C(F)(F)C(F)(F)C(F)(F)C(F)(F)Cl,1.632124339
OC(=O)C(F)=C(F)C(F)(C(F)(F)F)C(F)(F)F,1.470793274
[Br-].C[N+](C)(C)CCCNS(=O)(=O)C(F)(F)C(F)(F)C(F)(F)C(F)(F)C(F)(F)C(F)(F)C(F)(F)C(F)(F)F,1.142726937
C[N+](C)(CCCNC(=O)C(F)(F)C(F)(F)C(F)(F)C(F)(F)C(F)(F)C(F)(F)C(F)(F)C(F)(F)C(F)(F)F)CCC([O-])=O,1.637754727
CCCCCCCCCCCCC(OC1=CC=CC=C1C#N)C(\O)=N/C1=CC(O)=C(NC(=O)C(F)(F)C(F)(F)C(F)(F)F)C=C1,1.597817571
FC(F)(F)C(F)(F)C(F)(F)C(F)(F)C1(F)C(F)(F)C(F)(F)C2(F)C(F)(F)C(F)(F)C(F)(F)C(F)(F)C2(F)C1(F)F,2.720936785
FC(F)(F)C(F)(F)C(F)(F)C(F)(F)C(F)(F)C(F)(C(F)(F)F)C(F)(F)F,2.474413008
[H]C#CC(C(F)(F)F)(C(F)(F)F)C(F)(F)C(F)(F)C(F)(F)F,2.390747178
[NH4+].OCCN(CC(O)CS([O-])(=O)=O)S(=O)(=O)C(F)(F)C(F)(F)C(F)(F)C(F)(F)F,0.680593127
COC(=O)C(F)(F)C(F)OC(F)(F)C(F)(F)C(F)(F)OC(F)(F)F,1.611796992
[H][C@@]12CC[C@@](O)(C(F)(F)C(F)(F)F)[C@@]1(C)C[C@H](C1=CC=C(C=C1)C(C)=O)C1=C3CCC(=O)C=C3CC[C@@]21[H],2.215469097
CC(NC(=O)CCSCCC(F)(F)C(F)(F)C(F)(F)C(F)(F)C(F)(F)C(F)(F)F)C(O)=O,1.435751752
FC(F)(F)C(F)(F)C(F)(F)CCBr,1.84935492
C\C=C\C(F)(F)C(F)(F)C(F)(F)F,2.413508115
CCCCCCCC(F)(F)C(F)(F)C(F)(F)C(F)(F)F,2.354002342
OC(O)C(F)(F)C(F)(F)C(F)(F)F,1.122487173
CCCCCC(I)CC(F)(F)C(F)(F)C(F)(F)C(F)(F)F,2.146469025
FC(F)(F)C(F)(F)C(F)(F)C(F)(F)CC(F)(F)CC(F)(F)CCI,2.051292039
FC(F)OCC(F)(F)C(F)(F)C(F)(F)F,1.80171923
CCCCCCCCCCCCCCCCCCC(F)(F)C(F)(F)C(F)(F)C(F)(F)F,2.324419233
FC(F)(F)C(F)(F)C(F)(F)CCCCCCCCC(F)(F)C(F)(F)C(F)(F)F,2.263815935
CCC(F)(F)C(F)(F)C(F)(F)C(F)(F)C(F)(F)C(F)(F)C(F)(F)C(F)(F)C(F)(F)C(F)(F)F,2.505995893
CCCCCCCC(F)(F)C(F)(F)C(F)(F)C(F)(F)C(F)(F)C(F)(F)C(F)(F)C(F)(F)F,2.421322506
CCCCCCC(I)CC(F)(F)C(F)(F)C(F)(F)C(F)(F)C(F)(F)C(F)(F)C(F)(F)F,2.238264066
CCCCCC(I)CC(F)(F)C(F)(F)C(F)(F)C(F)(F)C(F)(F)C(F)(F)C(F)(F)F,2.241227396
FC(F)(F)C(F)(F)C(F)(F)C1CO1,1.936210463
CC(F)(F)OCC(F)(F)C(F)(F)C(F)(F)F,1.80561955
OCCCCCCOCC(F)(F)C(F)(F)C(F)(F)F,1.573928499
FC(F)(F)C(F)(F)C(F)(F)C(=N)NCl,1.070363288
FC(F)(F)C(F)(F)C(F)(F)C(F)(F)C(F)(F)C(F)(F)C(F)(F)C(F)(F)C(F)(F)C(F)(F)C(F)(F)C(F)(F)Br,2.45138962
FC(F)(F)C=CC(F)(F)C(F)(F)C(F)(F)C(F)(F)C(F)(F)C(F)(F)F,2.593352477
CCCCCCCCCCC(F)(F)C(F)(F)C(F)(F)C(F)(F)C(F)(F)C(F)(F)C(F)(F)C(F)(F)C(F)(F)C(F)(F)F,2.419780541
FC(F)(F)C(F)(F)C(F)(F)C1=CC=C(Br)C=C1,2.482961309
CCCCC\C=C\C(F)(F)C(F)(F)C(F)(F)C(F)(F)C(F)(F)C(F)(F)F,2.652052264
FC(F)(F)C(F)(F)C(F)(F)C(F)(F)C(F)(F)CCCCCCCCC(F)(F)C(F)(F)C(F)(F)C(F)(F)C(F)(F)F,2.412003709
CCCCCCCCCCCCCCCCCC(F)(F)C(F)(F)C(F)(F)C(F)(F)C(F)(F)C(F)(F)C(F)(F)C(F)(F)C(F)(F)C(F)(F)F,2.438695036
CCCCCCCCCC(F)(F)C(F)(F)C(F)(F)C(F)(F)C(F)(F)C(F)(F)C(F)(F)C(F)(F)C(F)(F)C(F)(F)C(F)(F)C(F)(F)F,2.466570225
CCCCCCCCCCCCCCCCCCCC(F)(F)C(F)(F)C(F)(F)C(F)(F)C(F)(F)C(F)(F)C(F)(F)C(F)(F)C(F)(F)C(F)(F)F,2.4155509
FC(F)(F)C(F)(F)C(F)(F)C=CC(F)(F)C(F)(F)C(F)(F)C(F)(F)C(F)(F)F,2.581353313
FC(F)(F)C(F)(F)C(F)(F)C(F)(F)CCOCC=C,2.059862246
CCCCCCCCCCCCCCCC(F)(F)C(F)(F)C(F)(F)C(F)(F)C(F)(F)C(F)(F)C(F)(F)C(F)(F)C(F)(F)C(F)(F)C(F)(F)C(F)(F)F,2.460477653
CCCCCCCCCCCCCCCCCCC(F)(F)C(F)(F)C(F)(F)C(F)(F)C(F)(F)C(F)(F)C(F)(F)C(F)(F)C(F)(F)C(F)(F)C(F)(F)C(F)(F)F,2.44448502
CCCCCCCCCCCCCCCCCCCC(F)(F)C(F)(F)C(F)(F)C(F)(F)C(F)(F)C(F)(F)C(F)(F)C(F)(F)C(F)(F)C(F)(F)C(F)(F)C(F)(F)F,2.434034624
FC(F)(F)C(F)(F)C(F)(F)C(F)(F)C(F)(F)C(F)(F)C(F)(F)C(F)(F)CCCCC(F)(F)C(F)(F)C(F)(F)C(F)(F)C(F)(F)C(F)(F)C(F)(F)C(F)(F)F,2.569205347
NCC(O)C(F)(F)C(F)(F)C(F)(F)C(F)(F)F,1.555471688
OCCSCCC(F)(F)C(F)(F)C(F)(F)C(F)(F)F,1.902211814
FC(F)=C(F)C(F)(F)C(F)(F)C(F)(F)C(F)(F)C(F)(F)C(F)(F)C(F)(F)C(F)(F)C(F)(F)C(F)(F)F,2.628776606
FC(F)=C(F)C(F)(F)C(F)(F)C(F)(F)C(F)(F)C(F)(F)C(F)(F)C(F)(F)C(F)(F)C(F)(F)C(F)(F)C(F)(F)F,2.647298734
FC(F)(F)C(F)(F)C(F)(F)C(F)(F)C(F)(F)C(F)(F)C=CC(F)(F)C(F)(F)C(F)(F)C(F)(F)C(F)(F)C(F)(F)F,2.657630157
N[C@@H](CC(F)(F)C(F)(F)C(F)(F)F)C(O)=O,1.153492344
CN(C)[Si](C)(CCC(F)(F)C(F)(F)C(F)(F)C(F)(F)C(F)(F)C(F)(F)F)N(C)C,1.776374033
OCCOCC(F)(F)C(F)(F)C(F)(F)C(F)(F)C(F)(F)C(F)(F)F,2.045375255
FC(F)(F)C(F)(F)C(F)(F)C1=CN=CN=C1,1.584916347
[O-][N+](=O)C1=CC=C(C=C1)C(F)(F)C(F)(F)C(F)(F)F,1.995880631
CNC.OC(=O)C(F)(F)C(F)(F)C(F)(F)C(F)(F)C(F)(F)C(F)(F)C(F)(F)C(F)(F)F,1.535338096
CCOC=CC(=O)C(F)(F)C(F)(F)C(F)(F)F,1.623216984
CC(=O)OC(=C)CC(F)(F)C(F)(F)C(F)(F)F,1.691106223
FC(F)(F)C(F)(F)C(F)(F)C(F)(F)C(F)(F)C(F)(F)CCC1=CC=C(Br)C=C1,2.319149758
COC1=CC(=CC=C1)C(F)(F)C(F)(F)C(F)(F)C(F)(F)F,2.380982949
FC(F)(F)C(F)(F)C(F)(F)C(F)(F)C(F)(F)OC(F)(F)C(F)(C(F)(F)F)C(F)(F)F,2.372285973
OC(=O)C(CCC(F)(F)C(F)(F)C(F)(F)C(F)(F)C(F)(F)C(F)(F)F)C(O)=O,1.364265955
CC(=O)SCCC(F)(F)C(F)(F)C(F)(F)C(F)(F)C(F)(F)C(F)(F)F,2.05590489
CS(=O)(=O)OCC(F)(F)C(F)(F)C(F)(F)C(F)(F)C(F)(F)F,1.65320017
FC(F)(F)C(F)(F)C(F)(F)C(F)(F)C(F)(F)C(F)(F)CCCCOC(=O)C=C,2.190673909
COC(=O)CCC(=O)C(F)(F)C(F)(F)C(F)(F)C(F)(F)C(F)(F)F,1.627586279
CCC(C)NC(=O)C(F)(F)C(F)(F)C(F)(F)F,1.441706593
CC(=C)C(=O)OCCOC(=O)C(F)(F)C(F)(F)C(F)(F)F,1.583848374
CC(=C)C(=O)OCC(F)(F)C(F)(F)C(F)(F)C(F)(F)C(F)(F)F,2.059824623
CC(=C)C(=O)OCCCC(F)(F)C(F)(F)C(F)(F)C(F)(F)C(F)(F)C(F)(F)C(F)(F)C(F)(F)F,2.200681789
CC(C)(C)NC(=O)C(F)(F)C(F)(F)C(F)(F)F,1.622905334
CC1=C2C=CC=CC2=C(N=C1)C(F)(F)C(F)(F)C(F)(F)F,2.086275754
FC(F)(F)C(F)(F)C(F)(F)C1=NC(Cl)=CC(Cl)=N1,1.835925551
FC(F)(F)C(F)(F)C(F)(F)C(F)(F)C(F)(F)C(F)(F)C(F)(F)C(F)(F)C(F)(F)C(F)(F)C1=NC=CN1,2.140320515
CN(C)CCCNC(=O)C(F)(F)C(F)(F)C(F)(F)F,1.195909838
OC1=CC=CC(CCCCCCCCCCCC(F)(F)C(F)(F)C(F)(F)C(F)(F)F)=C1O,1.761812694
[O-][N+](=O)C1=CC=C(C=C1)C(=O)C(F)(F)C(F)(F)C(F)(F)F,1.863143661
OCCNC(=O)C(F)(F)C(F)(F)C(F)(F)C(F)(F)F,1.349051381
FC(F)(F)C(F)(F)C(F)(F)C(F)(F)CC(I)[Si]12OCCN(CCO1)CCO2,1.235211251
FC(F)(F)C(F)(F)C(F)(F)C(F)(F)C(F)(F)C(F)(F)C(F)(F)COS(=O)(=O)C(F)(F)C(F)(F)C(F)(F)C(F)(F)F,2.149274153
CN(C)S(=O)(=O)C(F)(F)C(F)(F)C(F)(F)C(F)(F)C(F)(F)C(F)(F)F,1.77943536
CCOC(F)(C1=CC=CC=C1N)C(F)(F)C(F)(F)C(F)(F)F,1.848955159
FC(F)(F)C(F)(F)C(F)(F)C(F)(F)C(F)(F)C(F)(F)CC(I)[Si]12OCCN(CCO1)CCO2,1.431327554
OC(=O)C1=CC=C(OCC(F)(F)C(F)(F)C(F)(F)C(F)(F)C(F)(F)C(F)(F)C(F)(F)F)C=C1,1.935674664
CCOC(=O)C(=[N+]=[N-])C(=O)C(F)(F)C(F)(F)C(F)(F)F,2.039544521
FC(F)(F)C(F)(F)C(F)(F)C1=NCCN1C1=CC=CC=C1,1.665194011
FC(F)(F)C(F)(F)C(F)(F)C(=O)NC1=CC=C(Cl)C=C1,2.070280755
FC(F)(F)C(F)(F)C(F)(F)C(=S)N1CCOCC1,1.418355014
CCOC(=O)C1=CC=C(SC(F)(F)C(F)(F)C(F)(F)C(F)(F)F)C=C1,1.93264245
CC1=CC=C(C=C1)S(=O)(=O)OCC(F)(F)C(F)(F)C(F)(F)C(F)(F)C(F)(F)C(F)(F)F,1.740289444
CN(C)CCCCNC(=O)C(F)(F)C(F)(F)C(F)(F)C(F)(F)C(F)(F)C(F)(F)C(F)(F)F,1.664205087
FC(F)(F)C(F)(F)C(F)(F)C(F)(F)C1=CC(=O)C2=CC=CC=C2O1,2.16537188
COCCN(CCOC)S(=O)(=O)C(F)(F)C(F)(F)C(F)(F)C(F)(F)F,1.482858516
COC1=NN(C)C(=N1)C(F)(F)C(F)(F)C(F)(F)F,1.344816502
FC(F)(F)C(F)(F)C(F)(F)C(F)(F)C1=NNC(=C1)C1=CC=CC=C1,2.159014892
FC(F)(F)C(F)(F)C(F)(F)C(F)(F)C(F)(F)C(F)(F)C1=CC(OC2=CC(OC3=CC=CC(=C3)C(F)(F)C(F)(F)C(F)(F)C(F)(F)C(F)(F)C(F)(F)F)=CC=C2)=CC=C1,2.842819663
FC1=C(F)C(F)=C(F)C2=C1NN=C2C(F)(F)C(F)(F)C(F)(F)F,2.35130685
CC(C)(C)C1=NCCCN=C(CC(=NCCCN=C(C1)C(F)(F)C(F)(F)C(F)(F)F)C(C)(C)C)C(F)(F)C(F)(F)C(F)(F)F,1.490195788
FC(F)(F)C(F)(F)C(F)(F)C(F)(F)C(F)(F)C(F)(F)C(F)(F)C(F)(F)S(=O)(=O)N1CCOCC1,1.804229122
FC(F)(F)C(F)(F)C(F)(F)C(F)(F)C(F)(F)C(F)(F)C1=CC=CC=C1NC(=O)NC1=CC=CC=C1,2.014668305
COC1=CC2=C(OS(=O)(=O)C(F)(F)C(F)(F)C(F)(F)C(F)(F)F)C=CN=C2C=C1,1.858921065
FC(F)(F)C(F)(F)C(F)(F)C(F)(F)S(=O)(=O)N1N=NC2=CC=CC=C12,1.732033296
COC1=C2OC=CC2=C(OC)C2=C1OC(=CC2=O)C(F)(F)C(F)(F)C(F)(F)F,2.324163753
C\C(NNC(=O)C1=CC=C(C=C1)[N+]([O-])=O)=C/C(=O)C(F)(F)C(F)(F)C(F)(F)F,1.628172845
FC1=C(F)C(F)=C(C2=NC(=NO2)C(F)(F)C(F)(F)C(F)(F)C(F)(F)C(F)(F)C(F)(F)C(F)(F)F)C(F)=C1F,2.559701668
CC(C)(C)C1=NC2=CC(=NN2C(=C1)C(F)(F)C(F)(F)C(F)(F)F)C1=CC=CC=C1,2.669728015
COC1=C(OC)C=C2C(CC(C)(C)N=C2NNC(=O)C(F)(F)C(F)(F)C(F)(F)F)=C1,2.010071065
CCOC(=O)C1=C(NC(=O)C(F)(F)C(F)(F)C(F)(F)F)N(N=C1)C1=CC=CC=C1,1.84561313
FC(F)(F)C(F)(CC=O)C(F)(F)F,1.672606043
FC(I)=C(F)C(F)(C(F)(F)F)C(F)(F)F,2.145130257
OCC(I)=CC(F)(C(F)(F)F)C(F)(F)F,1.599571415
FC(F)(F)C(F)(C1=CC=C(C=O)C=C1)C(F)(F)F,2.003405131
OC(=O)C1=CC(=CC=C1)C(F)(C(F)(F)F)C(F)(F)F,1.512127544
CCOC(=O)C(=O)C(F)(C(F)(F)F)C(F)(F)F,1.650198774
FC(F)(F)C(F)(C1=CC=CN=C1Cl)C(F)(F)F,2.126667341
COC1=CC(=CC=C1N)C(F)(C(F)(F)F)C(F)(F)F,2.119312683
OCCNCCCS(=O)(=O)CCC(F)(C(F)(F)F)C(F)(F)F,1.021087668
NC1=C(OC(F)F)C=C(C=C1Cl)C(F)(C(F)(F)F)C(F)(F)F,2.43661579
CC(C)CSC1=C(C)C(=CC=C1C(F)(C(F)(F)F)C(F)(F)F)C(O)=O,2.050461507
CCCCSC1=C(C)C(=CC=C1C(F)(C(F)(F)F)C(F)(F)F)C(O)=O,2.063447588
CCC1=C(C(=CC=C1C(O)=O)C(F)(C(F)(F)F)C(F)(F)F)S(=O)CC,1.627949833
CCCS(=O)C1=C(C)C(=CC=C1C(F)(C(F)(F)F)C(F)(F)F)C(O)=O,1.581506549
CCC(C)S(=O)(=O)C1=C(C)C(=CC=C1C(F)(C(F)(F)F)C(F)(F)F)C(O)=O,1.36950518
CCCCS(=O)(=O)C1=C(C)C(=CC=C1C(F)(C(F)(F)F)C(F)(F)F)C(O)=O,1.408327192
CC1=CC(=CC(C)=C1NC(=O)C1=C(F)C(NC(=O)C2=CC=C(Cl)C=C2F)=CC=C1)C(F)(C(F)(F)F)C(F)(F)F,1.944128791
CN(C(=O)C1=CC=C(Cl)C=C1F)C1=CC=CC(C(=O)NC2=C(C)C=C(C=C2C)C(F)(C(F)(F)F)C(F)(F)F)=C1F,1.988864219
FC(F)=C(F)OC(F)(F)C(F)(F)C(F)(F)OC(F)(F)F,2.175352784
OC(=O)C(F)(OC(F)(F)C(F)(F)F)C(F)(F)F,1.254394028
CC(C)OC(=O)C(F)(OC(F)(F)C(F)(F)C(F)(F)F)C(F)(F)F,1.850576648
CCC(C)OC(=O)C(F)(OC(F)(F)C(F)(F)C(F)(F)F)C(F)(F)F,1.947074646
OC(=O)C(F)(OC(F)(F)C(F)(OC(F)(F)C(F)(OC(F)(F)C(F)(OC(F)(F)C(F)(F)C(F)(F)F)C(F)(F)F)C(F)(F)F)C(F)(F)F)C(F)(F)F,2.123644672
FC(F)(F)C(F)(F)C(F)(F)OC(F)(C(F)(F)F)C(F)(F)OC(F)(C(=O)OC1=CC=CC=C1)C(F)(F)F,2.386992248
CCCCNC(=O)C(F)(OC(F)(F)C(F)(OC(F)(F)C(F)(F)C(F)(F)F)C(F)(F)F)C(F)(F)F,1.980974508
FC(F)(F)C(F)(I)C(F)(F)OC(F)(C(F)(F)F)C(F)(F)F,2.183902479
OC(=O)C(F)(F)C(C(F)(F)F)(C(F)(F)F)C(F)(F)C(F)(F)C(F)(F)F,1.816076538
OC(=O)C(F)(C(F)(F)F)C(F)(C(F)(F)F)C(F)(C(F)(F)F)C(F)(F)F,1.738848349
OC(=O)C(F)(C(F)(F)C(F)(F)C(F)(F)F)C(F)(F)C(F)(F)C(F)(F)F,1.701192306
OC(=O)C(F)(C(F)(F)F)C(F)(C(F)(F)F)C(F)(F)C(F)(F)C(F)(F)F,1.722190209
FC(F)(I)C(F)(F)C(F)(F)C(F)(F)C=C,2.198032898
OC(=O)C(F)(F)C(F)(F)C(F)(F)C(F)(F)C(F)(F)C(F)(F)C(F)(F)C(F)(F)C(F)(F)C(F)(F)C(F)(F)C(F)(F)C(F)(F)C(F)(F)C(F)(F)C(F)(F)F,2.271090447
[I-].CC[N+](C)(CC)CCCNC(=O)C(F)(OC(F)(F)C(F)(OC(F)(F)C(F)(OC(F)(F)C(F)(F)C(F)(F)F)C(F)(F)F)C(F)(F)F)C(F)(F)F,1.140637297
OC\C=C\C(F)(F)C(F)(F)C(F)(F)F,1.86544509
C\C=C\C(F)(F)C(F)(F)C(F)(F)C(F)(F)C(F)(F)C(F)(F)C(F)(F)F,2.598448477
CCCCCCCCCC\C=C\C(F)(F)C(F)(F)C(F)(F)C(F)(F)C(F)(F)C(F)(F)C(F)(F)C(F)(F)F,2.611021046
CO\C(F)=C(/F)C(F)(F)C(F)(F)C(F)(F)C(F)(F)F,2.088448096
COP(=O)(CCC(F)(F)C(F)(F)C(F)(F)C(F)(F)C(F)(F)C(F)(F)C(F)(F)C(F)(F)C(F)(F)C(F)(F)F)OC,2.045631105
CC(C)OP(=O)(CCC(F)(F)C(F)(F)C(F)(F)C(F)(F)C(F)(F)C(F)(F)C(F)(F)C(F)(F)F)OC(C)C,1.887884464
FC(F)(F)C(F)(F)C(F)(F)C(=O)N1CCN(CC1)C(=O)C(F)(F)C(F)(F)C(F)(F)F,1.332027491
F\C(=C(/F)C(F)(C(F)(F)F)C(F)(F)F)C(=O)C(F)(C(F)(F)F)C(F)(F)F,2.332017944
C[Si](C)(C)OC(=O)C(F)(OC(F)(F)C(F)(F)C(F)(F)F)C(F)(F)F,2.074911446
[H]C(O)(C1=CC=CC=C1)C(F)(F)C(F)(F)C(F)(F)F,1.669267753
FC(F)(F)C(F)(F)C(F)(F)C(F)(F)CC(F)(F)CCS(Cl)(=O)=O,1.699893822
OC(C1=C(F)C(F)=C(F)C(F)=C1F)C(F)(F)C(F)(F)C(F)(F)F,2.224599717
FC(F)(F)C(F)(F)C(F)(F)C(F)(F)S(=O)(=O)OCCOS(=O)(=O)C(F)(F)C(F)(F)C(F)(F)C(F)(F)F,1.606019534
FC(F)(F)C(F)(F)C(F)(F)C(F)(F)C(=O)NCCNC(=O)C(F)(F)C(F)(F)C(F)(F)C(F)(F)F,1.48522531
[O-][N+](=O)C1=CC=C(NC(=O)C(F)(F)C(F)(F)C(F)(F)F)C=C1,1.61115339
[O-][N+](=O)C1=CC(=C(N\N=C\CC(F)(F)C(F)(F)C(F)(F)C(F)(F)C(F)(F)C(F)(F)F)C=C1)[N+]([O-])=O,2.260215277
CC(=O)\N=S(/C1=CC=CC=C1)C(F)(F)C(F)(F)C(F)(F)C(F)(F)F,1.85175958
FC(F)(F)C(F)(F)C(F)(F)C(F)(F)C(F)(F)C(F)(F)C(F)(F)C(F)(F)C(=O)NCCNC(=O)C(F)(F)C(F)(F)C(F)(F)C(F)(F)C(F)(F)C(F)(F)C(F)(F)C(F)(F)F,1.972105088
FC(F)(F)C(F)(F)C(F)(F)C(=O)NC1CCCCC1NC(=O)C(F)(F)C(F)(F)C(F)(F)F,1.201960415
CCCCCCN1C[NH+](C)C=C1.[O-]S(=O)(=O)C(F)(F)C(F)(F)C(F)(F)C(F)(F)F,0.860971729
FC(F)(F)C(F)(F)C(F)(F)C(F)(F)C(F)(F)C(F)(F)C(F)(F)C(=O)N[C@@H]1CCCC[C@H]1NC(=O)C(F)(F)C(F)(F)C(F)(F)C(F)(F)C(F)(F)C(F)(F)C(F)(F)F,1.786135072
COC(=O)C(C)(C(C)C1=CSC(=C1)C#N)S(=O)CCC(F)(F)C(F)(F)C(F)(F)F,1.6425271
FC(C(Cl)=O)=C(F)C(F)(C(F)(F)F)C(F)(F)F,1.821050671
[H]C(C)(CCCC(F)(C(F)(F)F)C(F)(F)F)[C@@]1([H])CC[C@@]2([H])[C@]3([H])C(=O)C=C4C[C@@]([H])(O)CC[C@]4(C)[C@@]3([H])CC[C@]12C,2.176686334
FC(F)(F)C(F)(F)C(F)(F)OC=C,1.974226716
OC(C1=CC(=CC(=C1)C(F)(F)C(F)(F)C(F)(F)C(F)(F)C(F)(F)C(F)(F)C(F)(F)C(F)(F)F)C(O)(C(F)(F)F)C(F)(F)F)(C(F)(F)F)C(F)(F)F,2.226552132
FC(F)(F)C(F)(F)C(F)(F)C(=O)OCCCCCCCCCCOC(=O)C(F)(F)C(F)(F)C(F)(F)F,1.820629046
FC(F)(F)OC(F)(F)C(F)(F)C(=O)OC(=O)C(F)(F)C(F)(F)OC(F)(F)F,1.548733804
OC(=O)C(F)(F)C(F)(F)OC(F)(C(F)(F)F)C(F)(F)OC(F)C(F)(F)F,1.54181429
OS(=O)(=O)C(F)(F)C(F)(F)OC(F)(F)C(F)(F)C(F)(F)C(F)(F)C(F)(F)C(F)(F)F,1.806753389
OC(CC=O)(C(F)(F)F)C(F)(F)Cl,1.093932365
FC1(F)SC2CCCCCC2C1(F)F,2.139528323
CC(C(=O)CC(O)(C(F)(F)Cl)C(F)(F)Cl)C(O)(C(F)(F)Cl)C(F)(F)Cl,1.188755462
OC(CC(=O)C(C1=CC=CC=C1)C(O)(C(F)(F)F)C(F)(F)F)(C(F)(F)F)C(F)(F)F,1.703975211
OC(C1CCC(C1=O)C(O)(C(F)(F)F)C(F)(F)F)(C(F)(F)F)C(F)(F)F,1.433584966
FC1(F)SC2=C(C3CCC2C3)C1(F)F,2.464388144
[H][C@@]1(C=C(C)C)[C@@]([H])(C(O)=O)C1(C(F)(F)F)C(F)(F)F,2.243482378
[H][C@](N)(CSC(F)(F)C([H])(F)C(F)(F)F)C(O)=O,1.087770251
FC(F)(F)C(O[P+](=O)OC(C(F)(F)F)C(F)(F)F)C(F)(F)F,1.923038347
N.OC(=O)C(F)(OC(F)(F)C(F)(OC(F)(F)C(F)(F)C(F)(F)F)C(F)(F)F)C(F)(F)F,1.494574864
OCC(F)(F)C(F)(F)OC(F)(C(F)(F)F)C(F)(F)OC(F)=C(F)F,2.004100302
C[N+](C)(C)CC(CC([O-])=O)OC(=O)CCCCC(F)(F)C(F)(F)C(F)(F)C(F)(F)C(F)(F)C(F)(F)C(F)(F)C(F)(F)F,1.75854122
[H][C@]1(O)CC[C@@]2([H])[C@]3([H])CCC4=CC(O)=CC=C4[C@@]3([H])C([H])(C[C@]12C)C1=CC=C(OCCCCCS(=O)(=O)CCCC(F)(F)C(F)(F)F)C=C1,1.778376566
FC=CC(F)(F)F,2.041999806
FC1C(F)C(F)(F)C(F)(F)C(F)C1(F)F,2.704593908
OC(=O)CC1=C(F)C(F)=C(C(F)=C1F)C(F)(F)F,1.671667163
FC1(F)C(F)(F)C(F)(F)C(F)(Br)C(F)(Br)C1(F)F,2.484871263
CCCCCC(C=O)C(O)(C(F)(F)F)C(F)(F)F,1.676162868
CCC(C(O)C1=CC=CC=C1)C(O)(C(F)(F)F)C(F)(F)F,1.541531981
CCC(C(O)C1=CC=C(F)C=C1)C(O)(C(F)(F)F)C(F)(F)F,1.717397599
NC1=C(F)C(F)=C(F)C=C1,1.957097915
COC(F)(F)C(F)Cl,1.331271359
CCC(O)C(F)(F)F,0.830635953
CCOP(=O)(OCC)C1=C(C(F)(F)C1(F)F)P(=O)(OCC)OCC,1.701362358
CCC(O)=NC(OCC1=CC=CC=C1)(C(F)(F)F)C(F)(F)F,1.866420305
COC(=O)C1=C(C=C(C=C1)C(C1=CC(C(O)=O)=C(C=C1)C(=O)OC)(C(F)(F)F)C(F)(F)F)C(O)=O,1.538949633
CC(F)(F)OC(F)(F)F,1.367790078
ONC(=N)C1=CC(=CC(=C1)C(F)(F)F)C(F)(F)F,2.071961815
OC(=NN=C(O)C(F)(F)C(F)(F)F)C(F)(F)C(F)(F)F,1.635351197
FC(F)=C(F)OC(F)(F)C(F)(Cl)C(F)(F)F,2.201880945
FC(F)(F)N1C(F)(F)C(F)(F)C2(F)C(F)(F)C(F)(F)C(F)(F)C(F)(F)C2(F)C1(F)F,2.179076851
C[N+](C)(CCCNS(=O)(=O)CCC(F)(F)C(F)(F)C(F)(F)C(F)(F)F)CC(O)=O,1.070966858
FC(F)(F)C(F)(F)C(F)(F)OC=O,1.745235081
OC(=O)C(F)(F)C(F)(F)C(F)(F)C(F)(F)C(F)(F)C(F)(F)C(F)(F)C(F)(F)C(F)(F)C(F)(F)C(F)(F)C(F)(F)C(O)=O,1.74241808
[H]C(C)(CCC(=O)OC(C(F)(F)F)C(F)(F)F)[C@@]1([H])CC[C@@]2([H])[C@]3([H])C[C@]([H])(OC(=O)C(F)(F)F)[C@]4([H])C[C@@]([H])(CC[C@]4(C)[C@@]3([H])CC[C@]12C)OC(=O)C(F)(F)F,2.229271326
OS(=O)(=O)C(F)(F)C(F)(F)C(F)(F)C(F)(F)C(F)(F)C(F)(C(F)(F)F)C(F)(F)F,1.881605673
FC(F)CCCl,1.371711765
FC(F)C(F)CCl,1.46326981
OC(=O)C1=CC=C(OC(F)(F)C(F)(F)C(F)(F)C(F)(F)C(F)(F)C(F)(F)C(F)(F)C(F)(F)CF)C=C1,2.054603048
CN(C)CCCNS(=O)(=O)C1=CC=C(OC(=C(C(F)(C(F)(F)F)C(F)(F)F)C(F)(C(F)(F)F)C(F)(F)F)C(F)(F)F)C=C1,2.177060408
ON(C(F)(F)F)C(F)(F)C(F)(F)N(O)C(F)(F)F,0.362937346
OS(=O)(=O)C(F)(F)C(F)(F)C(F)=C(F)C(F)(F)F,1.326036147
OC(=O)CCS(=O)(=O)CCC(F)(F)C(F)(F)C(F)(F)C(F)(F)C(F)(F)C(F)(F)C(F)(F)C(F)(F)F,1.730300027
C[N+](C)(CCCNS(=O)(=O)C(F)(F)C(F)(F)C(F)(F)C(F)(F)C(F)(F)F)CC(O)=O,1.129186527
CN(CCC[N+](C)(C)C)S(=O)(=O)C(F)(F)C(F)(F)C(F)(F)C(F)(F)C(F)(F)F,1.512613493
OCC1=CN(\C(S1)=N\C(=O)N1CC[C@@H](F)C1)C1=CC2=C(OC(F)(F)C(F)(F)O2)C=C1,1.949163293
C[N+](C)(CCO)CCCN(CCCS([O-])(=O)=O)S(=O)(=O)C(F)(F)C(F)(F)C(F)(F)C(F)(F)F,0.876651042
FC(F)(F)C(F)(OC(F)(F)C(F)(F)C(F)(F)C(F)(F)C(F)(F)C(F)(F)C(F)(F)C(F)(F)OC(F)(C(F)(F)F)C(F)(F)F)C(F)(F)F,2.483755296
FC(F)(F)C(F)(F)OC1=C(OC(F)(F)C(F)(F)F)C=CC=C1,2.948567698
OC1=C(\C=N\NC(=O)C2=CC=C(COCC(F)(F)C(F)F)C=C2)C=CC=C1,1.809500667
NC1=NC(Cl)=NC(=N1)C(F)(F)C(F)F,1.042360084
CCN1N=C(C(=C1C(O)=O)C(F)(F)F)C(F)(F)C(F)(F)F,1.354190476
CCC(=O)C1=CC(OC(F)(F)C(F)F)=CC=C1,2.245262691
OC\C=C\C(F)(F)C(F)(F)F,1.639397076
CN1C=C(C(=N1)C(F)(F)C(F)(F)F)C(F)(F)F,1.800492707
NC1=CN=C(N=C1)C(F)(F)C(F)(F)F,1.023283099
OC(=O)\C=C\C(F)(C(F)(F)F)C(F)(F)C(F)(F)F,1.651123902
CC1COC(F)(F)C1(F)F,2.022892977
OC(=O)C(F)(F)C(F)(F)C#N,0.388564461
OCC1(F)CCCC1(F)F,1.208229335
COC1=CC=C(N\C=C2/C(=O)C3=C(OC2(O)C(F)(F)C(F)F)C=C(OC)C=C3)C=C1,2.272480759
CCOC(=O)C(SCCC(F)(F)C(F)(F)C(F)(F)C(F)(F)C(F)(F)C(F)(F)F)SCCC(F)(F)C(F)(F)C(F)(F)C(F)(F)C(F)(F)C(F)(F)F,2.300954469
CN(CC1CO1)S(=O)(=O)C(F)(F)C(F)(F)C(F)(F)C(F)(F)F,1.454240841
FC(F)(F)C(F)(F)C1=CC(=O)C=CO1,1.784473236
CC(C)(C)OC(=O)N1CC(F)(F)C(F)(F)C1,1.843377583
FC(F)C1(F)OC(F)(F)C=C1,1.949926513
CCOC(=O)C(F)(F)C(F)C(F)(F)F,1.50485749
CN(CC(O)CCl)S(=O)(=O)C(F)(F)C(F)(F)C(F)(F)C(F)(F)C(F)(F)C(F)(F)F,1.694525589
CCNCCOC(F)(F)C(F)(F)F,1.16967121
FC(F)(F)C(F)(F)OC1CCNC1,1.061481938
FC1(F)CC2(CCNC2)C1(F)F,1.546860648
CCSC(F)(F)C(F)C(F)(F)F,1.776325267
OS(=O)(=O)C(CC(=O)OCC(F)(F)C(F)(F)C(F)(F)C(F)(F)C(F)(F)C(F)(F)F)C(=O)OCC(F)(F)C(F)(F)C(F)(F)C(F)(F)C(F)(F)C(F)(F)F,1.907073631
OCCN(CCO)CC(O)C(F)(F)C(F)(F)C(F)(F)C(F)(F)C(F)(F)C(F)(F)C(F)(F)C(F)(F)F,1.963515019
CC(CC=C)OC(=O)C(F)(OC(F)(F)C(F)(F)C(F)(F)F)C(F)(F)F,2.028391353
FC(=O)C(F)(F)C(F)(F)C(F)(F)C(F)(F)OC(F)(C(F)=O)C(F)(F)F,1.832774677
C[Si](Cl)(Cl)CCCOCC(F)(OC(F)(F)C(F)(F)C(F)(F)F)C(F)(F)F,2.116475023
FC(=O)C(F)(OC(F)(F)C(F)(OC(F)(F)C(F)(F)S(F)(=O)=O)C(F)(F)OC(F)(F)C(F)(F)S(F)(=O)=O)C(F)(F)F,1.598571421
OP(O)(=O)CCC(F)(OC(F)(F)C(F)(OC(F)(F)C(F)(F)C(F)(F)F)C(F)(F)F)C(F)(F)F,1.937800493
CC1=CC(=CC=C1NC(=O)C1=CC=CC(Cl)=C1C(=O)NC(C)(C)C#N)C(F)(C(F)(F)F)C(F)(F)F,1.796682832
[H]C(F)(OC(F)(F)C(F)(OC(F)(F)C(F)(F)S(O)(=O)=O)C(F)(F)F)C(O)=O,0.874165613
CC[NH3+].[O-]C(=O)C(F)(F)C(F)(F)C(F)(F)C(F)(F)C(F)(F)C(F)(F)C(F)(F)C(F)(F)C(F)(C(F)(F)F)C(F)(F)F,1.877427751
FC(F)=C(F)OC(F)(F)C(F)(F)C(F)(F)C(F)(F)S(F)(=O)=O,1.812028652
OC(=O)\C=C\C(F)(F)C(F)(F)C(F)(F)C(F)(F)C(F)(F)C(F)(F)C(F)(F)F,2.046371404
FC(=CC=O)C(F)(F)C(F)(F)C(F)(F)C(F)(F)C(F)(F)C(F)(F)C(F)(F)F,2.355478779
[O-]C(=O)C(F)(F)C(F)(F)C(F)(F)C(F)(F)C(F)(F)C(F)(F)C(F)(F)C(F)(F)C(F)(F)C(F)(F)C(F)(F)C(F)(F)C(F)(F)C(F)(F)C(F)(F)F,2.323335037
OCCNS(=O)(=O)C(F)(F)C(F)(F)C(F)(F)C(F)(F)C(F)(F)F,1.473333501
CCC(F)(F)C(F)(F)F,1.994001566
CCCCS(=O)(=O)C(F)(F)C(F)(F)F,1.177878434
FC(F)(F)C1(F)CCC1(F)F,2.378459326
O[C@H](CN(CC1=CC(=CC=C1)C(F)(F)C(F)(F)C(F)(F)F)C1=CC(OC2=CC(OC(F)F)=CC=C2)=CC=C1)C(F)(F)F,2.534740145
OS(=O)(=O)CC(F)(F)C(F)(F)C(F)(F)F,1.102139082
CCC(=O)OC(F)(F)C(F)(F)F,1.579309639
FC(F)(F)CCCCC(F)(F)C(F)(F)C(F)(F)C(F)(F)C(F)(F)C(F)(F)C(F)(F)C1=CC=CC=C1,2.390478051
CCCOC(F)(C(F)(F)C(F)(F)F)C(F)(C(F)(F)F)C(F)(F)F,2.28136551
FC1(F)C(F)(F)C(F)(F)C(F)(SC2(F)C(F)(F)C(F)(F)C(F)(F)C(F)(F)C2(F)F)C(F)(F)C1(F)F,2.52346268
CNCCCS(=O)(=O)CCCC(F)(F)C(F)(F)F,0.924831397
[O-][N+](=O)C1=CC=CC(C(=O)NC2=C(Br)C=C(C=C2Br)C(F)(C(F)(F)F)C(F)(F)F)=C1F,2.267453751
CCCCCCCCC(CCC(F)(F)C(F)(F)C(F)(F)C(F)(F)C(F)(F)C(F)(F)C(F)(F)C(F)(F)F)C(OCCCC)(OCCCC)OCCCC,2.402946138
CCC(F)(F)C(F)(F)C(O)(F)F,1.384771339
[O-]S(=O)(=O)C(F)(F)C(F)(F)CCCCCCCCCC(F)(F)F,1.313026681
[O-]S(=O)(=O)C(F)(F)C(F)(F)C(F)(F)C(F)(F)C(F)(F)C(F)(F)C(F)(F)C(F)(F)CCCC(F)(F)F,1.775828703
[O-]S(=O)(=O)C(F)(F)C(F)(F)C(F)(F)C(F)(F)C(F)CCC(F)(F)F,1.431180105
[O-]S(=O)(=O)C(F)(F)C(F)(F)C(F)(F)C(F)(F)C(F)(F)C(F)CC(F)(F)F,1.548081773
OC(=O)CC1=CC=C(C=C1)C1=NN(C=N1)C1=CC=C(OC(F)(F)C(F)(F)F)C=C1,1.948748917
[O-]S(=O)(=O)C(F)(F)C(F)(F)C(F)(F)C(F)(F)C(F)(F)CCC(F)(F)F,1.506421044
FC(F)C(F)(F)C(F)(F)C(F)(F)OC(=O)C1CC2CC1C=C2,2.140646551
FC1=CC2=C(N=C1)N(CCC(F)(F)C(F)(F)F)N=C2I,1.704121203
FC(F)(F)C1=CC2=C(OC(=N2)C2=C(OCC(F)(F)C(F)(F)F)C=NC=C2)C=C1,2.530370576
CCCCC(F)C(F)(F)C(F)(F)C(O)=O,1.22635411
CN(C(=O)C1=CC=CC=C1F)C1=CC=CC(C(=O)NC2=C(C=C(C=C2I)C(F)(C(F)(F)F)C(F)(F)F)C(F)(F)F)=C1F,2.254558631
FC1=CC=C(C=C1)C1=CC2=C(NC(=N2)C(F)(F)C(F)(F)C(F)(F)F)C=C1Cl,2.637922478
CS(=O)C(F)(F)C(F)(F)F,1.032631133
OC(=O)\C=C\C(=O)OC(F)(F)C(F)(F)C(F)(F)C(F)(F)C(F)(F)C(F)(F)C(F)(F)C(F)(F)F,1.995970088
FC1=C(F)C(F)(Cl)C(F)(F)C1(F)F,2.462127733
OC(F)(F)C(F)(F)C(F)(F)C(F)(F)C(F)(F)C(F)(F)C(F)(F)C(F)(F)CF,2.087744121
CN1C2=C(C=C(C=C2)N2C=C(C(O)=O)C(=O)N(CC3=C(C)C(=CC=C3)C(F)(F)F)C2=O)C(F)(C1=O)C(F)(F)F,1.34953019
OC(=O)CC(F)C(F)(F)C(F)(F)F,1.144028547
CC(F)(C(F)(F)C(F)(F)F)S(=O)(=O)OCCCOS(=O)(=O)C(C)(F)C(F)(F)C(F)(F)F,1.318886756
CN(C(=O)C1=C(Cl)N=CC=C1)C1=CC=CC(C(=O)NC2=C(Br)C=C(C=C2Br)C(F)(C(F)(F)F)C(F)(F)F)=C1F,1.978448517
CS(=O)CC(F)(F)C(F)(F)F,1.160572361
CC(C)(CC(O)(C(=O)NC1=CC2=C(C=C1)C(=O)OC2)C(F)(F)C(F)(F)F)C1=CC=CC=C1,1.928285791
CCC(=O)NCCN(C)S(=O)(=O)C(F)(F)C(F)(F)C(F)(F)C(F)(F)F,1.152128796
CC(C)(C)OC(=O)NC1=CC=C(C=C1)C1=NN(C=N1)C1=CC=C(OC(F)(F)C(F)(F)F)C=C1,2.371667489
FC(CC(F)(F)F)C(F)(F)OP(F)(F)=O,1.277458313
CC(=O)OC(F)(F)C(F)(F)C(F)(F)C(F)(F)F,1.802753456
FC(F)(F)OC(F)(F)OC(F)(F)C(F)(OC(F)(F)F)C(F)(F)F,1.951598505
FC(F)COC(F)(F)C(F)F,1.587340304
FC(F)(F)C1(F)C(F)(F)C(F)(F)C(F)(C(F)(F)C1(F)F)[N+]1(C(F)(F)F)C(F)(F)C(F)(F)C(F)(F)C(F)(F)C1(F)F,2.307300029
FC(F)(F)N(C(F)(F)C(F)(F)C(F)(F)F)C1(F)C(F)(F)C(F)(F)C(F)(C(F)(F)F)C(F)(F)C1(F)F,2.292853798
CC(=C)C(=O)OCCCCCCCCCCCC(F)(F)C(F)(F)C(F)(F)C(F)(F)C(F)(F)C(F)(F)C(F)(F)C(F)(F)F,2.167360841
[H][N+]([H])([H])[H].[O-]C(=O)CCCCCNC(=O)C(F)(F)C(F)(F)C(F)(F)C(F)(F)C(F)(F)C(F)(F)C(F)(F)C(F)(F)C(F)(F)C(F)(F)F,1.495291874
[O-]C(=O)C(F)(OC(F)(F)C(F)(F)C(F)(F)F)C(F)(F)F,1.73779396
[NH4+].[O-]C(=O)C(F)(F)C(F)(F)OC(F)(F)C(F)(F)C(F)(F)OC(F)(F)F,1.371709864
OS(=O)(=O)C(F)(F)C(F)(F)C(F)(F)C(F)(F)C(F)(F)C(F)(F)C(F)(F)C(F)(F)OC(F)(F)F,1.864030907
OS(=O)(=O)C(F)(F)C(F)(F)C(F)(F)C(F)(F)C(F)(F)C(F)(F)S(F)(F)(F)(F)F,1.739017198
OS(=O)(=O)C(F)(F)C(F)(F)C(F)(F)C(F)(F)C(F)(F)C(F)(F)C(F)(F)C(\F)=C(/F)C(F)(F)F,2.06230812
OS(=O)(=O)C(F)(F)C(F)(F)C(F)(F)C(F)(F)C(F)(F)C(F)C(\F)=C(/F)C(F)(F)F,1.900212009
OS(=O)(=O)C(F)(F)C(F)(F)C(F)(F)C(F)C(F)(F)F,1.384778014
OS(=O)(=O)C(F)(F)C(F)(F)C(F)(F)C(F)(F)C(F)(F)C(F)(F)C(F)(F)C(=O)C(F)(F)F,1.688622293
C[N+](C)(CCO)CCCN(CC(O)CS([O-])(=O)=O)S(=O)(=O)C(F)(F)C(F)(F)C(F)(F)C(F)(F)C(F)(F)C(F)(F)F,1.198147181
CO[Si](CCCNC(=O)C(F)(F)C(F)(F)C(F)(F)C(F)(F)C(F)(F)C(F)(F)C(F)(F)C(F)(F)F)(OC)OC,1.735620962
C[N+](C)(CCC(CO)[N-]S(=O)(=O)C(F)(F)C(F)(F)C(F)(F)C(F)(F)C(F)(F)C(F)(F)F)CC(O)CO,1.416358153
C[N+](C)(CCC(CO)N(CCCS([O-])(=O)=O)S(=O)(=O)C(F)(F)C(F)(F)C(F)(F)C(F)(F)C(F)(F)C(F)(F)F)CC(O)CO,1.193130693
COCCOCCOCCOCCOCCOCCOCCOCC(O)CSCCC(F)(F)C(F)(F)C(F)(F)C(F)(F)C(F)(F)C(F)(F)C(F)(F)C(F)(F)F,1.873717562
C[N+](C)(C)CCCN(CCC(O)=O)S(=O)(=O)C(F)(F)C(F)(F)C(F)(F)C(F)(F)F,1.125509673
C[N+](C)(CCCCC(F)(F)C(F)(F)C(F)(F)C(F)(F)C(F)(F)C(F)(F)C(F)(F)C(F)(F)F)CC([O-])=O,2.076040817
CCCC[P+](CCCC)(CCCC)CCCC.[O-]S(=O)(=O)C(F)(F)C(F)(F)C(F)(F)C(F)(F)C(F)(F)C(F)(F)C(F)(F)C(F)(F)F,1.601514282
CCOC(F)(F)C(F)(F)C(F)(F)C(F)(F)C(F)(F)C(F)(F)C(F)(F)C(F)(F)F,2.288923449
CCN(CCC[N+](C)(C)CCC([O-])=O)S(=O)(=O)C(F)(F)C(F)(F)C(F)(F)C(F)(F)C(F)(F)F,1.186234374
CCN(CCC[N+](C)(C)CCC([O-])=O)S(=O)(=O)C(F)(F)C(F)(F)C(F)(F)C(F)(F)C(F)(F)C(F)(F)C(F)(F)C(F)(F)F,1.517705988
CCN(CCC[N+](C)(C)CCC([O-])=O)S(=O)(=O)C(F)(F)C(F)(F)C(F)(F)C(F)(F)C(F)(F)C(F)(F)C(F)(F)C(F)(F)C(F)(F)C(F)(F)C(F)(F)C(F)(F)F,1.824093155
OS(=O)(=O)C(F)(Cl)C(F)(F)F,0.418907758
C[N+](CCO)(CCCNS(=O)(=O)C(F)(F)C(F)(F)C(F)(F)C(F)(F)C(F)(F)C(F)(F)C(F)(F)C(F)(F)C(F)(F)F)CCCS(O)(=O)=O,1.548299145
C[N+](CCO)(CCCNS(=O)(=O)C(F)(F)C(F)(F)C(F)(F)C(F)(F)C(F)(F)C(F)(F)C(F)(F)C(F)(F)C(F)(F)C(F)(F)F)CCCS(O)(=O)=O,1.647021452
C[N+](C)(CCCNS(=O)(=O)C(F)(F)C(F)(F)C(F)(F)C(F)(F)C(F)(F)C(F)(F)C(F)(F)F)CC([O-])=O,1.510721833
OS(=O)(=O)CCCNS(=O)(=O)C(F)(F)C(F)(F)C(F)(F)C(F)(F)C(F)(F)C(F)(F)C(F)(F)C(F)(F)C(F)(F)C(F)(F)C(F)(F)C(F)(F)F,1.903565535
C[N+](C)(CCCNS(=O)(=O)C(F)(F)C(F)(F)F)CCCS([O-])(=O)=O,0.319886031
C[N+](C)(CCCN(CC(O)=O)S(=O)(=O)C(F)(F)C(F)(F)C(F)(F)C(F)(F)C(F)(F)F)CCCS([O-])(=O)=O,0.949319646
FCC(F)=O,0.541459608
FC(F)(F)COCC=C,1.450884278
FC(F)(F)SC(Cl)=S,1.954542131
OC(=O)C(F)(F)C(F)(F)C(F)(F)C(F)(F)C(F)(F)C(F)F,1.612804252
FC(F)(C=C)C(F)(F)C=C,1.904711283
FC(F)(F)C(F)(F)C(=O)NCC1=CC=CC=C1,1.430258315
FC(F)=C(F)OC(F)(F)C(F)(F)OC(F)=C(F)F,2.322066551
CC(=C)C(=O)OCC(F)(F)C(F)(F)C(F)(F)C(F)(F)C(F)(F)C(F)F,2.09760077
COC1=C(F)C(F)=CC(F)=C1F,2.831999418
FC(F)C(F)(F)COC(=O)CCN1CC1,1.10319176
FC(F)(F)C(F)(OC(F)(F)C(F)(F)C(F)(F)C(F)(F)C(F)(F)C(F)(F)I)C(F)(F)F,2.33009806
FC1=C(F)C(F)=C(I)C(I)=C1F,3.547695872
FC(F)C(F)(F)OC1=CC2=CC=CC=C2C=C1,2.909818523
[O-][N+](=O)C1=CC=CC=C1OC(F)(F)C(F)F,2.372093487
FC(F)(F)C(F)(F)C1NCCN1,0.648350819
FC(F)(F)C(S)=O,0.726037093
O.OC(N1CCCCC1)(C(F)(F)F)C(F)(F)F,0.848106712
C[N+](C)([O-])CCCC(F)(F)C(F)(F)C(F)(F)C(F)(F)C(F)(F)C(F)(F)C(F)(F)C(F)(F)F,2.1102038
FC(F)(F)C(F)(F)C(F)(F)C(F)(F)C(F)(F)C(F)(F)C(F)(F)C(F)(F)C(F)(F)C(F)(F)Br,2.404475428
CCCCCCCCOC(F)(F)C(F)F,2.104120206
FC(F)(F)C(=CC(=O)C=C(C(F)(F)F)C(F)(F)F)C(F)(F)F,2.247092795
CC12COC(OC1)(OC2)C(F)(F)C(F)(F)F,1.525687812
FC(F)C1=CC=CC=C1C(F)(F)F,2.434473169
FC(F)(F)COC(F)(F)Cl,1.392401229
FC1(F)C2=C(C3=C(C4=C2C(F)(F)C(F)(F)C4(F)F)C(F)(F)C(F)(F)C3(F)F)C(F)(F)C1(F)F,3.231093023
[O-][N+](=O)OCCC(F)(F)C(F)(F)C(F)(F)C(F)(F)F,1.961525377
FC(F)(F)C(=CC(=O)C1=CC=C(C=C1)C#N)C(F)(F)F,1.918535088
FC(F)(F)C(F)(F)C(=O)OC=C,1.508923754
F.NCC(F)(F)F,0.494169779
FC(F)(F)C(Cl)(Cl)C(Cl)(Cl)C(F)(F)F,2.136136249
[NH4+].[O-]C(=O)C(F)(F)C(F)(F)C(F)(F)C(F)(F)C(F)(F)C(F)F,1.585851446
OC(=O)C(F)(F)C(F)(F)OC(F)(F)F,0.8238919
FC(F)(F)C1=CC=NC=C1,1.720680607
FC(F)(F)C(=C)CCl,1.422560784
FC(F)(F)C(=O)OCC=C,1.228172764
OCC[N+](CCO)(CCCNC(=O)C(F)(F)C(F)(F)C(F)(F)C(F)(F)C(F)(F)C(F)(F)C(F)(F)F)CCC([O-])=O,1.362414684
NC(=O)NN=C(C(F)(F)F)C(F)(F)F,1.28200309
FC1=C(Br)C=CC(=C1)C(F)(F)F,2.84883492
FC(F)(F)CNC(=O)C(F)(F)F,1.035971684
CC(F)(F)I,2.133109503
FC(F)(F)C(F)(F)C(F)(F)C(F)(F)C(F)(F)C(F)(F)C(F)(F)C(F)(F)CCSSCCC(F)(F)C(F)(F)C(F)(F)C(F)(F)C(F)(F)C(F)(F)C(F)(F)C(F)(F)F,2.509944408
OC(=O)C(F)=C(F)F,0.386034586
FC(F)(F)PC(F)(F)F,0.971802668
FCCCF,1.456337875
COC(=O)C(F)(F)C(F)(F)OCC(=O)OC(F)F,1.096048453
FC(F)F.FC(F)(F)Cl,1.470369347
C[S+](C)OC(=O)C(F)(F)F,1.229733192
FC(F)(F)C(Cl)Cl,1.42741381
FC(F)(F)CN(CC(F)(F)F)N=O,1.496604088
OC(C(F)(F)F)(C(F)(F)F)C(F)(F)C(F)(F)F,1.627558226
FC(F)(F)C(F)(F)C(F)(F)C(F)(F)C(F)(F)C(F)(F)C(F)(F)C#N,2.292925494
FC1=CC(F)=C(F)C(=C1F)C(F)(F)F,2.892333653
OCCC1=C(F)C(F)=C(F)C(F)=C1F,1.946243337
FC(F)(F)C#CC#N,2.092739622
OCC1=CC(=C(F)C=C1)C(F)(F)F,1.874218341
CCOC(=O)C(C(=O)OCC)C(O)(C(F)(F)F)C(F)(F)F,1.327817369
FC#CF,2.001952823
FC1=C(Cl)CC1(F)F,2.520212458
FC1=NC(F)=C(F)C(F)=C1F,2.092029752
FC1(F)SC(F)(F)C(F)(F)SC1(F)F,1.748435259
FC(F)N(C(F)F)C(F)F,0.507599244
FC(F)N(C(F)(F)F)C(F)(F)F,0.926842285
[O-][N+](=O)C1=CC(=CC2=C1N=C(N2)C(F)(F)C(F)F)C(F)(F)F,2.178387409
CC(=O)NC1=C(Cl)C=C(C=C1)C1=CC(Cl)=C(NC(=O)C(F)(F)C(F)(F)C(F)(F)F)C=C1,2.102749962
CCCCP(=O)(CCCC)OC1=CC=C(CC(F)(F)C(F)(F)C(F)(F)F)C=C1,2.406605839
OC1=C(F)C(F)=C(O)C(F)=C1F,0.929529158
FC1=C(Cl)C=C(C=C1Cl)C(F)(F)F,3.234390903
[2H]OC([2H])([2H])C(F)(F)F,1.657132906
FC(F)(Cl)C(=O)C(F)(Cl)Cl,1.321580094
FC(F)(F)C(F)(F)C(F)(F)C(=O)NC1=CC2=C(C=C1)C1=C(C2)C=CC=C1OC(=O)C(F)(F)C(F)(F)C(F)(F)F,2.332213219
FN1C(F)(F)C(F)(F)C(F)(F)C(F)(F)C1(F)F,1.815431267
Cl.NCCCC(F)(F)F,0.778873213
FC(F)(F)C(C(F)(F)F)(C(F)(F)F)C1(F)C(F)(F)C(F)(F)C(F)(F)C(F)(F)C1(F)F,2.767850428
NCC1=CC(=CC(=C1)C(F)(F)F)C(F)(F)F,1.96152327
CCC(=O)C1=CC(=CC(=C1)C(F)(F)F)C(F)(F)F,2.290875864
CN(C=C)S(=O)(=O)C(F)(F)C(F)(F)C(F)(F)C(F)(F)C(F)(F)C(F)(F)C(F)(F)C(F)(F)F,1.910778099
CC1=C(F)C2=C(N=C(N2)C(F)(F)F)C(F)=C1F,2.28037986
FC(F)(F)C(F)(F)C(F)(F)C(F)(F)C(F)(F)C(F)(F)SCl,2.218463861
FC(F)(F)C(=O)NC1=C(Cl)C=CC(=C1)C(F)(F)F,2.331129445
FC(F)C(F)(F)C(F)(F)C(F)(F)C(F)(F)C(F)(F)C(F)(F)C(F)(F)C(F)(F)C(F)(F)COC=C,2.286781801
CO[Si](C)(C)CCC(F)(F)C(F)(F)C(F)(F)C(F)(F)C(F)(F)C(F)(F)F,2.166238684
O.O.O.FC(F)(F)C(=O)C(F)(F)F.FC(F)(F)C(=O)C(F)(F)F,0.912738947
OS(=O)(=O)C1(F)C(F)(F)C(F)(F)C(F)(C(F)(F)C(F)(F)F)C(F)(F)C1(F)F,1.852181511
OC(=O)C(F)(OC(F)(F)C(F)(OC(F)(F)C(F)(OC(F)(F)C(F)(F)C(F)(F)F)C(F)(F)F)C(F)(F)F)C(F)(F)F,1.970821951
OC(CBr)C(F)(F)F,0.538406013
CN(CCO)S(=O)(=O)C(F)(F)C(F)(F)C(F)(F)C(F)(F)C(F)(F)C(F)(F)C(F)(F)C(F)(F)F,1.893273631
CCC(CC(F)(F)C(F)(F)C(F)(F)F)[N+]([O-])=O,1.758123968
NNC(=O)C(F)(F)C(F)(F)F,0.98894549
FC(F)(F)C(F)(F)C1=NC(=NO1)C(F)(F)C(F)(F)F,1.881433873
FC(F)(C1=NNN=N1)C(F)(F)C(F)(F)C1=NNN=N1,1.235347251
CC1=CC=C(S1)C(=O)CC(=O)C(F)(F)C(F)(F)C(F)(F)F,1.57466
FC(Cl)C(F)(F)F,1.598861039
FC(F)(F)C(F)(F)C(F)(F)C(=O)NC=C,1.371376857
FC(F)(F)COC(=N)C(F)(F)C(F)(F)C(F)(F)F,1.604796022
CC(C)(O)C(F)(F)C(F)(F)C(F)(F)C(F)F,1.563880144
OC(C(F)(F)F)C(F)(F)Cl,1.005430239
CC1=C(F)C(F)=C(C(F)=C1F)C1=C(F)C(F)=C(C)C(F)=C1F,3.442395593
COC1=C(F)C(F)=C(C(F)=C1F)C1=C(F)C(F)=C(OC)C(F)=C1F,3.229491445
NC(=O)NNC(O)(C(F)(F)F)C(F)(F)F,0.970613187
OP(O)(=O)CCC(F)(F)C(F)(F)C(F)(F)C(F)(F)C(F)(F)C(F)(F)C(F)(F)F,1.997869338
OCCC(F)(F)C(F)(F)C(F)(F)C(F)(F)C(F)(F)C(F)(F)C(F)(F)C(F)(F)F,2.143232111
FC(F)(F)C(F)(F)C(F)(F)C1=NN=NN1C1=CC=CC=C1,1.84325901
FCCC1=CC(=CC=C1)C(F)(F)F,2.189194008
OC(=O)CC(SC(CC(O)=O)C(F)(F)C(F)(F)C(F)(F)F)C(F)(F)C(F)(F)C(F)(F)F,1.586822287
FC(F)(F)C(=O)NCCBr,0.538431193
COC1=CC(C(=O)C=C(C(F)(F)F)C(F)(F)F)=C(OC)C=C1,2.506136751
OC(C1CCC2=C(C=C(C=C2)[N+]([O-])=O)C1=O)(C(F)(F)F)C(F)(F)F,1.520326741
FC(F)(F)C(=CC(=O)C1=CC(=CC=C1)C(F)(F)F)C(F)(F)F,2.480204175
FC1=C(F)C(OC2=C(F)C(F)=C(C(F)=C2F)C(F)(F)F)=C(F)C(OC2=C(F)C(F)=C(C(F)=C2F)C(F)(F)F)=C1F,3.631022569
COC1=C(F)C(F)=C(OC2=C(F)C(F)=C(Br)C(F)=C2F)C(F)=C1F,3.36615035
CC(O)(C(C)(O)C(F)(F)F)C(F)(F)F,0.836479932
FC(F)C(F)(F)COCC1=CNC(=O)NC1=O,0.844538354
CCN(CC)C(=O)C(F)C(F)(F)C(F)(F)COCC1=CC=CC=C1,1.54426592
CC1=CC=C(SC(F)(F)C(F)C(F)(F)F)C=C1,2.023139855
CC1=CC2=C(NC(C)(C)OC2(C(F)(F)F)C(F)(F)F)C(=C1)C(O)(C(F)(F)F)C(F)(F)F,2.016793122
CC(C)(C)C(\OC(C1=CC=CC=C1)(C(F)(F)F)C(F)(F)F)=N/C1=CC=CC=C1,2.899475101
CC(C)(C)C1=CC(=C(N)C=C1)C(O)(C(F)(F)F)C(F)(F)F,2.269533885
FC(F)(F)C(F)(F)C(F)(F)C(=O)OCC(COC(=O)C(F)(F)C(F)(F)C(F)(F)F)(COC(=O)C(F)(F)C(F)(F)C(F)(F)F)COC(=O)C(F)(F)C(F)(F)C(F)(F)F,2.014216076
CN(C)C(=O)C(F)(F)F,0.613983719
FC(F)(F)C(F)(F)C(F)(F)C1=NC2=CC=CC=C2N1,1.885058179
CCOP(=O)(OCC)C(I)CC(CC(F)(F)C(F)(F)C(F)(F)C(F)(F)C(F)(F)C(F)(F)C(F)(F)F)P(=O)(OCC)OCC,1.710277972
FC1=C(F)C(F)=C(C(F)=C1F)[Si](C1=C(F)C(F)=C(F)C(F)=C1F)(C1=C(F)C(F)=C(F)C(F)=C1F)C1=C(F)C(F)=C(F)C(F)=C1F,3.631481056
CNCC(F)(F)F,0.641868626
CCC(C)(F)F,1.949245584
FC(F)(F)C(F)(C(F)(F)F)C(F)(C(F)(F)F)C(F)(F)F,2.295822641
FC(F)=CC(F)(F)Cl,1.890774492
FC(F)(F)C(Cl)=CCl,1.749871073
NCC1=CC(=C(F)C=C1)C(F)(F)F,1.882537186
NC1=NN=C(O1)C(F)(F)F,1.146432605
[O-][N+](=O)CC(F)(F)F,1.044560248
CO[Si](C)(C)C1=C(F)C(F)=C(F)C(F)=C1F,2.558783089
CCCCCCOC(=O)C(F)(F)C(F)(F)C(F)(F)C(F)(F)C(F)(F)F,2.0157785
FC(F)C(F)(F)C(F)(F)C(F)(F)C(F)(F)C(F)(F)C(F)(F)C(F)(F)C(F)(F)F,2.495585126
FC(F)(F)C(F)(F)C(F)(F)C(F)(F)C(F)(F)C(F)(F)C(F)(F)C=O,2.199259136
FC(F)(F)CCC#N,1.191142535
FC1(F)CC(C=C)C1(F)F,2.447023768
CC(=C)OC(=O)C(F)(F)F,1.229467023
FC(F)(F)OC1(F)OC2(F)C(F)(F)C(F)(F)C(F)(F)C2(F)C1(F)F,2.346021024
FC1CC=CCC1(F)F,2.49949756
C[Si](C)(O)C1=C(F)C(F)=C(F)C(F)=C1F,1.991422042
FC(F)(F)C(F)(F)C(=O)NCCC1=CC=CC=C1,1.609399229
FC1=C(F)C(F)(F)C(F)=C1F,2.252163784
FC(F)=C(F)C(F)(F)C(F)(Cl)Cl,2.13542281
FC(F)(C1=CC=CS1)C(F)(F)C(F)(F)C1=CC=CS1,2.113233081
OC(=O)C(=C)C(F)(F)F,0.621248873
FC=C(F)Br,1.660473055
FC(F)(F)C#CC(F)(F)C(F)(F)F,2.316317083
FC(F)(F)C1=C(N=CC=C1)C(F)(F)F,2.112159553
COC1=C(OC)C=C(CCNC(=O)C(F)(F)C(F)(F)C(F)(F)F)C=C1,1.830572559
FC(F)=C1C(=C(F)C1(F)F)C(F)(F)F,2.633350282
OC1=CC(=C(F)C=C1)C(F)(F)F,1.909775415
OC1=C(F)C(F)=C(F)C(O)=C1F,1.223690558
COC(=O)C1=C(F)C(F)=C(F)C(F)=C1F,2.219848089
FC1=C(F)C(F)=C(C2=NN=C(S2)C2=C(F)C(F)=C(F)C(F)=C2F)C(F)=C1F,3.275011712
FC1=CC(Br)=CC(F)=C1F,2.984284149
CC1=C(C)C2(F)C(F)(F)C(F)(F)C12F,2.809404943
FC(F)(F)C(F)(F)C(F)(F)C(=O)CC(=O)C(F)(F)C(F)(F)C(F)(F)F,1.719873311
FC1=C(F)C(Br)=C(F)C(F)=C1Cl,3.063358982
FC(F)(F)OC1=CC2=C(C=C1)N=C(C=C2Cl)C(F)(F)F,2.90198005
FC(F)(F)C(F)(\C=C/I)C(F)(F)F,2.590087974
FC(F)(F)C(F)(CCI)C(F)(F)F,1.873800708
FC1=C(F)C(F)=C(C2=C(C(=C(C2=O)C2=C(F)C(F)=C(F)C(F)=C2F)C2=C(F)C(F)=C(F)C(F)=C2F)C2=C(F)C(F)=C(F)C(F)=C2F)C(F)=C1F,3.324865807
CC1=NC2=CC=CC=C2N1C(F)(F)C(F)F,1.621373445
NC(=O)CCC(F)(F)F,0.848589028
C[C@@H](N)C1=CC(=CC(=C1)C(F)(F)F)C(F)(F)F,2.001862305
FC(F)(F)C1=CC(=CC(=C1)C#C)C(F)(F)F,2.594320699
NC(=O)C(F)(F)C(F)(F)C(F)(F)C(F)F,1.350910257
OC(C1=CC=C(NS(=O)(=O)C2=CC=CS2)C=C1)(C(F)(F)F)C(F)(F)F,1.356902445
FC1=C(F)C(Cl)=C(F)C(F)=C1S,2.638975156
FC1=C(F)C(F)=C(F)C(CBr)=C1,2.533035057
NC1=C(F)C(F)=C(C=C1)C(F)(F)F,1.976144808
FC(F)(F)COC1=CC=CC(OCC(F)(F)F)=C1C#N,2.219500844
CC1=C(C=C(N)C=C1C(F)(F)F)C(F)(F)F,2.22898682
FC(F)(F)C1=CC(=CC(=C1)C(=O)CBr)C(F)(F)F,2.188815625
FC1=C(C=CC=C1Br)C(F)(F)F,2.753805309
FC(F)(F)C(=O)C(F)(F)Br,1.294486893
CCC(F)(F)C(F)(F)Br,1.94709162
CCCC(F)(F)C(F)(F)Br,2.039426646
FC(F)(F)C(F)(F)C(F)(F)C(F)(F)Cl,2.147203272
FC(=O)C(F)(F)C(F)(F)C(F)(F)C(F)(F)C(F)(F)C(F)(F)Cl,2.093490335
FC(F)(F)C(F)(F)C(F)(F)C(I)(C(F)(F)F)C(F)(F)F,2.326640775
FC(F)(F)C(Cl)(Cl)OC(F)(F)Cl,1.68923839
FC(F)(CCI)C(F)(F)C(F)(F)C(F)(F)CCI,2.037168876
COC(=O)C(F)(F)C(F)(F)C(F)(F)C(F)(F)C(F)(F)C(F)(F)C(F)(F)C(F)(F)C(F)(F)C(F)(F)C(=O)OC,1.922104341
COC(=O)C(F)(F)C(F)(F)C(=O)OC,0.772175803
CCOC(F)=C(F)F,1.488079574
OCC1=C(C=CC(F)=C1)C(F)(F)F,1.846909332
OC1=CC(F)=CC(=C1)C(F)(F)F,1.733993126
NC1=C(F)C=C(F)C(=C1)C(F)(F)F,2.08670962
FC(F)(Cl)C(F)(F)C(F)(F)C(F)(F)OC(F)(F)C(F)(F)C(F)(F)C(F)(F)Cl,2.237581553
FC(F)(F)C1=CC(C(Cl)=O)=C(C=C1)C(F)(F)F,2.273827807
CC(C)COC(=O)C(C(F)(F)F)C(F)(F)F,1.883771689
FC(F)(F)C(F)(F)P(Cl)C(F)(F)C(F)(F)F,1.935557782
FC1=CC(CCl)=C(C=C1)C(F)(F)F,2.517118684
FC1(F)C(F)(F)C(F)(F)C(F)(I)C(F)(F)C1(F)F,2.518451854
[O-]S(=O)(=O)C(F)(F)F.FC(F)(F)C(F)(F)C(F)(F)[I+]C1=CC=CC=C1,1.114634419
FC1=CC(F)=C(I)C=C1F,3.509171462
FC(F)C1=C(F)C=C(F)C=C1,2.555735155
FC(F)(F)C1=CC(=CC(CS)=C1)C(F)(F)F,2.333347987
OC1=CC=C(C=C1)C(C1=CC=C(O)C=C1)(C(F)(F)F)C(F)(F)F,2.208574004
CC(=C)C(=O)OCC(F)(F)C(F)(F)C(F)(F)C(F)(F)C(F)(F)C(F)(F)C(F)(F)C(F)(F)C(F)(F)F,2.243308734
FC(F)(F)C(F)(F)C(=O)CC(=O)C(F)(F)C(F)(F)F,1.484184757
FC(F)(F)C(Br)C(Cl)(Br)C(F)(F)F,2.100647521
FC1=NC(F)=C(F)C(C#N)=C1F,1.401897853
COC1=CC=CC(=C1F)C(F)(F)F,2.399724772
NNC1=C(C=C(F)C=C1)C(F)(F)F,2.249473045
FC(F)(F)C(F)(F)C(F)(F)C(CCI)(C(F)(F)F)C(F)(F)F,2.166824995
FC(F)(F)C(F)(F)C(F)(F)COS(=O)(=O)C(F)(F)F,1.473432533
CC=CC(F)(F)C(F)(F)C(F)(F)F,2.390897204
CC1=CC(=NN1)C(F)(F)C(F)(F)C(F)(F)F,1.544285017
OC(O)(C(F)C(O)(O)C(F)(F)F)C(F)(F)F,0.405978353
CC(=O)C(F)(F)C(F)C(F)(F)F,1.446403382
FC1(F)C(F)(Cl)C(F)(Cl)C(F)(Cl)C1(F)Cl,2.35995
CC(=O)CC(=O)C(F)(F)C(F)(F)C(F)(F)C(F)(F)F,1.436950908
FC(F)C(F)(F)C(F)(F)C(F)(F)C(F)=O,1.807408493
OC(=O)CCC1(C(F)(F)F)C(F)(F)C(F)(F)C(F)(F)C1(F)F,1.9179257
FC1=C(F)C(F)=C(C(=O)CBr)C(F)=C1F,2.254199852
FC(F)(F)OCC(F)(F)C(F)(F)F,1.717887477
FC1=C(F)C2(F)C(F)=C(F)C1(F)C2(F)F,2.653350916
FC(F)(F)C(F)(F)C(F)(F)OC1(F)C(F)(F)C(F)(F)C(F)(F)C(F)(OC(F)(F)C(F)(F)C(F)(F)F)C1(F)F,2.46905257
FC(F)C(F)(F)C(F)(F)C(F)(F)C(F)(F)C(F)(F)C(F)=O,2.096384377
OCCCC(F)(F)C(F)(F)C(F)(F)C(F)(F)C(F)(F)C(F)(F)F,2.026031826
FC(F)(F)C(F)(C(F)(F)F)C(F)(F)C(F)(F)I,2.210737728
FC(F)(F)C(F)(C(F)(F)F)C(F)(F)C(F)(F)C(F)(F)C(F)(F)C(F)(F)C(F)(F)CCI,2.338235573
FC(F)(F)C(F)(C(F)(F)F)C(F)(F)C(F)(F)C(F)(F)C(F)(F)CCI,2.267618649
OC(=O)CCC(F)(F)C(F)(F)C(F)(F)C(F)(F)C(F)(F)C(F)(F)F,1.804581405
FC(F)C(F)(F)C(F)(F)C(F)(F)C(F)(F)C(F)(F)C(F)(F)C(F)(F)I,2.413562405
OCC=CC(F)(F)C(F)(F)C(F)(F)C(F)(F)C(F)(F)C(F)(F)C(F)(F)C(F)(F)F,2.339037588
FC(F)(F)C(F)(F)C(F)(F)C(F)(F)C(F)(F)C(F)(F)C#C,2.3815313
CC1=CC(=NN1)C(F)(F)C(F)(F)C(F)(F)C(F)(F)C(F)(F)F,1.836136955
NC(=O)C(F)C(F)(F)F,0.537667921
OC(=O)C1=C(F)C(F)=NC(F)=C1F,0.780103507
CCC(O)(C#N)C(F)(F)F,1.098235012
OC(=O)CC(F)(F)F,0.437634751
FC1(F)C(F)(F)C(F)(F)C(F)(C(Cl)=O)C(F)(F)C1(F)F,2.120504657
FC(F)=CC(F)(F)Br,1.912674899
FC(F)(C#N)C(F)(F)C#N,1.106997643
F[C@H]1[C@@H](F)C(F)(F)C1(F)F,2.354797765
FC(CC(F)(F)F)C(F)(F)F,1.886264232
CC(=C)C(=O)OCC(F)(F)C(F)(F)C(F)(F)COC(=O)C(C)=C,1.628237528
OC1=CC=CC=C1OC(F)(F)C(F)F,2.167684173
OCC(F)(F)OC(F)(F)C(F)(F)OC(F)(F)CO,0.937956077
NC(=N)C(F)(F)C(F)(F)C(F)(F)C(F)(F)C(F)(F)C(F)(F)C(F)(F)F,1.797371852
FC(C(F)(F)F)C(F)(F)OC(Cl)Cl,1.600570353
FC(F)C(F)=O,0.534441865
FC(F)(F)C(=O)C(Cl)Cl,0.841621646
CC(=C)C1=CC(=CC(=C1)C(F)(F)F)C(F)(F)F,2.552432755
OC(C[N+]([O-])=O)C(F)(F)F,0.972503327
CCCCCCCCCCCCC(F)(F)C(F)(F)C(F)(F)C(F)(F)C(F)(F)C(F)(F)C(F)(F)C(F)(F)F,2.418508928
CC(N)C1=CC(=CC(=C1)C(F)(F)F)C(F)(F)F,1.998095587
FC(Cl)CC(F)(F)F,1.470469519
FC(Cl)C(Cl)C(F)(F)F,1.667585309
FC(F)(F)C(F)(F)C(F)(F)COS(=O)(=O)C(F)(F)C(F)(F)C(F)(F)C(F)(F)F,1.852962084
COC(=O)CC(F)(F)F,0.906166679
CC(C)(O)CCC(F)(F)C(F)(F)C(F)(F)C(F)(F)C(F)(F)C(F)(F)C(F)(F)C(F)(F)F,2.11093115
FC(F)(F)C(F)(Cl)C(F)(Cl)Cl,1.946931337
COC(CC(F)(F)F)OC,1.012157477
FC(F)(F)C(F)(F)C(F)(C(Cl)=C)C(F)(F)F,2.092148346
COC(=O)C(F)(F)C(F)(F)C(F)(F)C(F)(F)Cl,1.660009667
FC(F)(Cl)C(F)(Cl)C=C,1.778873468
FC1=CC(F)=C(F)C(F)=C1C(F)(F)F,2.93033992
FC(F)(F)C(Cl)(C(F)(F)F)C(F)(F)F,2.1476678
FC1=CC(F)=C(F)C(CCl)=C1F,2.710744192
OCC(I)CC(F)(C(F)(F)F)C(F)(F)F,1.374419763
FC(F)(F)CC1CO1,1.424202457
C[Si](C)(Cl)C1=CC(=CC(=C1)C(F)(F)F)C(F)(F)F,2.896131001
FC1=C(F)C(F)=C(C(Br)Br)C(F)=C1F,2.565654861
CC1=CC(F)=C(C=C1)C(F)(F)F,2.394608956
COC(F)(C(N)=O)C(F)(F)F,0.790030015
NC1=NN=C(S1)C(F)(F)C(F)(F)C(F)(F)F,1.666139165
FC(F)(F)C(F)(F)C1=NC2=CC=CC=C2NC1=O,1.526855239
FC(F)C(F)(F)C1=NC2=CC=CC=C2N1,1.949473502
CCC1=CC=CC=C1NC(=O)C(F)(Cl)C(F)(F)F,1.77095958
CC=CC(F)=C(F)F,2.023808415
FC(F)(F)C1=CC(=C(C=C1C#C)C(F)(F)F)C(F)(F)F,2.914858502
FC(Br)=C(F)C(F)(F)F,1.997878902
C[Si](C)(C)C(F)(F)C(F)(F)C(F)(F)C(F)(F)C(F)(F)C(F)(F)C(F)(F)C(F)(F)F,2.586688824
C[Si](C)(C)C(F)(F)C(F)(F)C(F)(F)F,2.454402783
FC1=C(F)C2=C(C(F)=C1F)C(F)(F)C(F)=C(F)C2=O,2.799202463
OS(=O)(=O)C(F)(F)C(F)(F)C(F)(F)C(F)(F)C(F)(F)C(F)(F)F,1.6520894
C[Si](=O)CCC(F)(F)F,1.007410961
FC(F)(F)C1=CC=NO1,1.564500826
CC1=C(F)C(F)=C(NN)C(F)=C1F,2.171440054
C[Si](C)(Cl)CCC(F)(F)C(F)(F)C(F)(F)C(F)(F)F,2.281682167
FC(F)(F)C(F)(F)C(F)(F)C(F)(F)C(F)(F)C(F)(F)C(=O)N1CCOCC1,1.705712346
CCCCCC(C)NC(=O)C(F)(F)C(F)(F)C(F)(F)F,1.605742866
FC(F)(Cl)C(F)(Cl)CCI,1.859193292
FC(F)C(F)(F)C(=O)N1CCCCC1,1.200019745
FC(F)(F)C(=O)NCCCCCCNC(=O)C(F)(F)F,0.941342342
FC(F)(F)C1=CC(=CC(PC2=CC(=CC(=C2)C(F)(F)F)C(F)(F)F)=C1)C(F)(F)F,2.736857172
CCN(CC)C(=O)C(F)(F)C(F)(F)C(F)(F)C(F)(F)C(F)(F)C(F)F,1.782032844
NC(=O)C(F)(F)C(F)(F)C(F)(F)C(F)(F)C(F)(F)C(F)F,1.729683317
FC1=C(F)C(C#N)=C(F)C(F)=C1I,2.303928974
FC(F)(F)C1=C(/SS\C(=C(/SS\1)C(F)(F)F)C(F)(F)F)C(F)(F)F,2.519019682
CC1(SC(S1)=C(C(F)(F)F)C(F)(F)F)C(=C1/SSC2(C)SC(C12)=C(C(F)(F)F)C(F)(F)F)\C1(SC(S1)=C(C(F)(F)F)C(F)(F)F)C(C(F)(F)F)C(F)(F)F,2.951568229
CSC(=O)C(F)(F)F,0.940699986
NC(=O)OCC(F)(F)F,1.100551615
OS(=O)(=O)C(F)(F)C(F)C(F)(F)F,0.842854981
FC(=C)C(F)=O,0.992268211
NC1=CC=C(C=C1)C(F)(C(F)(F)F)C(F)(F)F,1.908886653
FC(F)(F)C(F)(F)C(F)(F)C(F)(F)OC(=O)C=C,2.040141945
CC(C)(C(O)=O)C1=CC(=CC(=C1)C(F)(F)F)C(F)(F)F,1.63522895
FC(F)OC(F)(F)C(F)(F)OC(F)(F)C(F)(F)OC(F)F,1.695697389
FC(F)(F)C(C(F)(F)F)(C(F)(F)F)C(F)(F)F,2.287667806
OC(=O)C1=C(O)C=C(OCC(F)(F)C(F)F)C=C1,1.111746947
FC1=C(F)C(C#N)=C(C=C1)C(F)(F)F,2.163194489
CC(CO)C(F)(F)F,1.060292964
FC1=C(F)C(F)=C(C(S(=O)(=O)C(F)(F)F)S(=O)(=O)C(F)(F)F)C(F)=C1F,1.843348885
NNCC(F)(F)C(F)F,0.659393886
C[C@H](O)CC(F)(F)F,0.799304282
FC(F)(F)OC(F)(F)F,1.494161668
FC(F)(F)C(F)(F)C(F)(F)C(F)(F)C(F)(F)C(F)(F)C1=CC=C(Br)C=C1,2.469669238
CC(CN)C(F)(F)F,1.063109119
FC(F)(F)C(F)(F)C(F)(F)C(F)(F)C(F)(F)C(F)(F)C(F)(F)C(F)(F)C1=CC=CN1,2.223734033
FC(F)(F)C(F)(F)C(F)(F)C(F)(F)C(F)(F)C(F)(F)C(F)(F)C(F)(F)CCCC=O,2.257891197
[O-][N+](=O)C1=CC(=CC(=C1Cl)C(F)(F)F)C(F)(F)F,2.59520662
OC1=CC=C(C=C1)C(F)(F)C(F)(F)F,1.727958921
FC1=C(F)C2=C(C(F)=C1F)C(F)=C(B(C1=C(F)C3=C(C(F)=C(F)C(F)=C3F)C(F)=C1F)C1=C(F)C3=C(C(F)=C(F)C(F)=C3F)C(F)=C1F)C(F)=C2F,3.360976696
OC(CN=[N+]=[N-])C(F)(F)F,1.036638882
FN(F)C(F)(F)C(F)(F)C(F)(F)F,1.706960553
OC(CC=C)C(F)(F)F,1.024547953
FC(F)=C(F)C(F)(F)C(F)(F)I,2.236105264
CC1=CC=C(O1)C(F)(F)F,1.778197335
FC1=C(F)C(F)=C(B(Cl)C2=C(F)C(F)=C(F)C(F)=C2F)C(F)=C1F,3.473841083
FC(F)(F)C(=NC1=CC=CC=C1)C(F)(F)F,2.188484245
FC(F)(F)C(F)(F)C(F)(F)SC1=CC=C(Cl)C=C1,2.458547208
FC(F)(F)S(=O)(=O)N=[N+]=[N-],0.998957172
C[Si](C)(C)N(S(=O)(=O)C(F)(F)F)S(=O)(=O)C(F)(F)F,0.874915788
FC(F)(F)COC(=O)C=O,1.304924615
FC(C(F)(F)F)C(F)(F)N=[N+]=[N-],1.551124299
CCOC(OCC)(C1=CC=CC=C1N)C(F)(F)C(F)(F)C(F)(F)F,2.003216958
FC(F)(I)C(F)(F)C(F)(F)C(F)(F)OC(F)(F)C(F)(F)S(F)(=O)=O,1.753212068
FCC(F)(F)C(F)C(F)F,1.937323334
COC(C(F)(F)F)(C(F)(F)F)C(F)(F)F,1.903228013
CC1(O)COC(=CC1=O)C(F)(F)C(F)(F)C(F)(F)F,1.270834374
C[C@]12CC[C@H]3[C@H]([C@@H]1CC[C@@H]2O)[C@H](CCCCCCCCCS(=O)CCCC(F)(F)C(F)(F)F)CC1=C3C=CC(O[C@@H]2O[C@@H]([C@@H](O)[C@H](O)[C@H]2O)C(O)=O)=C1,1.609750784
FC1=C(F)C(F)=C(OC(=O)CCCCC(=O)OC2=C(F)C(F)=C(F)C(F)=C2F)C(F)=C1F,2.641645383
FC1=C(Cl)OC(O1)(C(F)(F)F)C(F)(F)F,2.047414101
FC1(F)C(F)(F)C(F)(F)C(F)(Cl)C1(F)F,2.4144174
COCCNCC(O)(C(F)(F)F)C(F)(F)F,1.102991669
FC(F)C(F)(F)C(F)(F)C(F)(F)COS(Cl)=O,1.568138092
FC(F)(F)C1CCCCN1,0.840658536
FC(F)(F)COC(=O)C#C,2.053467962
FC1=C(F)C(F)=C(\C=N\C2=C(F)C(F)=C(F)C(F)=C2F)C(F)=C1F,3.11334388
FC(F)=C(F)C1=CC=CC=C1F,2.556321572
COC(F)(F)C(F)(F)OC,1.297397391
OC1=CC=C(SCCC(F)(F)C(F)(F)C(F)(F)C(F)(F)C(F)(F)C(F)(F)C(F)(F)C(F)(F)F)C=C1,1.92880407
CC1=C(C2=CC=CC=C2S1)C1=C(C2=C(C)SC3=CC=CC=C23)C(F)(F)C(F)(F)C1(F)F,2.669729198
FC(F)(F)C(F)(F)C(F)(F)C(F)(F)C(F)(F)C(F)(F)F,2.364697783
FC(F)(F)C(F)(F)C(F)(F)C(F)(F)C(F)(C(F)(F)F)C(F)(F)F,2.419119512
FC(F)(F)COC(=O)CC(=O)OCC(F)(F)F,1.16119393
FC(F)=C(F)OC(F)(F)C(F)(F)C(F)=C(F)F,2.367856283
FC(F)(F)C(F)(F)C(F)(F)C(F)(F)C(F)(F)C(F)(F)CCC=O,2.178792853
FC1=C(F)C(Cl)=C(F)C(C#N)=C1F,2.292990178
NS(=O)(=O)C(F)(F)C(F)(F)C(F)(F)C(F)(F)S(N)(=O)=O,0.480770903
CC(O)(CC=C)C(F)(F)F,1.078551584
FC(F)(F)C(F)(F)C(F)(F)C(F)(F)C(F)(F)C(F)(F)CCC1=CC=C(C=C1)P(C1=CC=CC=C1)C1=CC=C(CCC(F)(F)C(F)(F)C(F)(F)C(F)(F)C(F)(F)C(F)(F)F)C=C1,2.412171142
CC(Br)(Br)C(=O)C(F)(F)F,1.146102048
FC(F)(F)OC(F)(C(F)(F)F)C(F)(F)OCC=C,1.875877526
FC(=C)CC(F)(F)F,1.539647081
FC1(F)C2=C(N=CC=C2)C2=C(C=CC=N2)C1(F)F,2.512372801
FC(F)(F)C(F)(F)C(F)(F)C(F)(F)C(F)(F)C(F)(F)I,2.336271159
FC1=C(F)C(F)=C(F)C#C1,2.048525579
FC1=CC(F)=C(Cl)C(F)=C1F,3.236251552
FC(F)(F)C(F)(F)C(F)(F)C(F)(F)C(F)(F)C(F)(F)C1=NC(=S)NN1,1.943414593
FC(F)(F)C(F)(F)C(F)(F)C(F)(F)C(F)(F)C(F)(F)C1(F)OC1(F)F,2.343689508
FC(F)C(F)(F)C(F)(F)C(F)(F)COCC(F)(F)C(F)(F)C(F)(F)C(F)F,2.166924682
FC1=C(F)C2=C(F)C3=C(F)C4=C(C(F)=C5C(F)=C(F)C(F)=C(F)C5=C4F)C(F)=C3C(F)=C2C(F)=C1F,3.07487507
FC1=NC(F)=C(F)C(Br)=C1,1.985803236
NC(C(F)(F)F)C(F)(F)F,0.97301809
FC(F)(F)C1(OC(N=C(S1)C1=CC=CC=C1)(C(F)(F)F)C(F)(F)F)C(F)(F)F,2.473675677
OCCSC1=C(F)C(F)=C(F)C(F)=C1F,1.928339081
Cl.NNC1=CC(=CC(=C1)C(F)(F)F)C(F)(F)F,2.22603325
FP1OC(C(F)(F)F)(C(F)(F)F)C(O1)(C(F)(F)F)C(F)(F)F,2.361135805
FC(F)(F)SC1=CC=CN1,1.472830061
FC1=C(F)C(F)=C(F)C2=C1C(F)(F)C(F)(F)C2(F)C(F)(F)F,3.058367421
OOC(=O)C(F)(F)C(F)(F)C(F)(F)C(F)(F)C(F)(F)C(F)(F)F,2.009783154
FC(F)(F)C(F)(F)CCBr,1.664213452
OC(CCCC(O)(C(F)(F)F)C(F)(F)F)(C(F)(F)F)C(F)(F)F,1.498491566
FC(F)(F)C(F)(F)C(F)(F)C1(F)OC(F)(F)C(F)(F)C1(F)F,2.285789919
NC(=N)C(F)(OC(F)(F)C(F)(F)C(F)(F)F)C(F)(F)F,1.448368556
CC1=CC=C(C=C1)C(=O)C(F)(F)C(F)(F)C(F)(F)C(F)(F)C(=O)C1=CC=C(C)C=C1,1.879796441
FC(F)(F)C(F)(F)C(=O)CC(=O)C1=CC=CC=C1,1.593764024
FC(C(=O)C1=CC=CC=C1)C(F)(F)F,1.774102067
FC(=O)C(C(F)=O)(C(F)(F)F)C(F)(F)F,1.273840988
FC1=C(F)C(F)=C(F)C2=C1C(Cl)(Cl)C(F)(F)C2(Cl)Cl,3.526847298
FC1(F)C(Cl)=C(I)C(F)(F)C1(F)F,2.620475167
OC(=O)C1=CC(SC(F)(F)C(F)(F)C(F)(F)F)=CC=C1,1.325133834
CCN(CC(F)(F)C(F)F)C1=CC=CC=C1,1.878926643
FC1C2=C(C(F)=C(F)C(F)=C2F)C(F)(F)C1(F)F,3.086715631
FC(F)(F)N=S=O,0.631052014
FC(F)(Cl)C(F)(Cl)SCl,1.512669051
COC(=O)C(=O)C(F)(F)C(F)(F)C(F)(F)C(F)F,1.636816396
FC(F)(F)COC1=CCC1,1.940130155
FC1=C(Cl)C(F)(F)C(F)(F)C(F)(F)C1(F)F,2.576227188
FC1(F)C(Cl)=C(C#N)C(F)(F)C1(F)F,2.004020969
CC(SC(F)(F)F)C(O)=O,0.50000573
FC(F)(F)P(=O)(C(F)(F)F)C(F)(F)F,1.516160051
FC(F)(F)C(F)(F)C#CC#N,2.26531056
CC(=O)CC(F)(F)C(F)(F)C(F)(F)C(F)(F)C(F)(F)C(F)(F)C(F)(F)C(F)(F)F,2.113915119
CC(F)C(F)(F)C(F)(F)F,2.048925066
FC(F)(F)C(=C1CCCCC1=O)C(F)(F)F,1.931214948
FC1C(F)(F)C(F)(F)C(F)=C(F)C(F)(F)C1(F)F,2.612648059
FC(F)(F)C1(C=C(SC(=N1)C1=CC=CC=C1)C1=CC=C(Cl)C=C1)C(F)(F)F,2.62855408
FC(F)(F)OCC(F)(Cl)Cl,1.307905584
FC(F)(F)C1=C(O1)C(F)(F)F,2.158225214
FC(F)C(F)(F)COC(=O)C(Cl)Cl,1.273421412
CC1=C2C(F)=C(F)C(F)=C(F)C2=C(O)C(F)=C1F,2.267822501
C[Si]1(CCC(F)(F)F)O[Si](C)(CCC(F)(F)F)O[Si](C)(CCC(F)(F)F)O1,1.62927825
FC(F)=C(C(=C=O)C(F)(F)F)C(F)(F)F,1.911373368
OC(=O)C(F)(F)OC(F)(F)C(F)F,0.830975382
CN(CC(F)(F)F)C(N)=S,1.052242231
NC1=C(C#N)C(=CC(=N1)C(F)(F)F)C(F)(F)F,1.710395002
C[Si](C)(C)C1C(=O)OC1(C(F)(F)F)C(F)(F)F,2.654004594
FC(F)C(F)(F)C(F)(F)C(F)(F)C(F)(F)C(F)(F)COC(=O)CCl,1.970347557
FC(F)(F)SC1=C(SC(F)(F)F)C(SC(F)(F)F)=C(SC(F)(F)F)N1SSN1C(SC(F)(F)F)=C(SC(F)(F)F)C(SC(F)(F)F)=C1SC(F)(F)F,2.730201081
FC1=C(F)C(F)=C(C(=O)CC(=O)C(F)(F)Cl)C(F)=C1F,2.082081856
FC1=C(F)C(F)=C(F)C(F)(F)C(F)=C1F,2.366741625
FC1=C(Cl)C(Cl)=C(F)C2=C1C(F)(F)C(F)(F)C2(F)F,3.363883433
FC1=C(F)C(F)=C(F)C2=C1C(F)(Cl)C(F)(F)C2(F)Cl,3.1494437
FC(F)(F)C(F)(F)C(F)(F)P(Cl)(=O)C(F)(F)C(F)(F)C(F)(F)F,2.025509416
OC(CI)C(F)(F)C(F)(F)C(F)(F)C(F)(F)C(F)(F)C(F)(F)F,1.827410152
COP(Cl)(=O)C(F)(F)F,0.537470449
CC(C)(F)C(C)(F)F,2.256146183
FC1=C(C(F)(F)F)C(F)(F)OC1(F)C(F)(F)F,2.177067463
CCCCSC(F)(F)C(F)(F)C(F)(F)C(F)(F)C(F)(F)C(F)(F)C(F)(F)C(F)(F)F,2.32639235
OC1=C(OC(F)(F)C(F)F)C=CC(Br)=C1,2.366889497
FC(F)(Cl)C(F)(F)S(Cl)(=O)=O,0.617501717
CCOC(C)C1=C(F)C(F)=C(F)C2=C1C(F)=C(F)C(F)=C2F,2.905943183
CC(NC1=NC(F)=NC(F)=N1)C(F)(F)F,1.087215858
FC1=NC(NCCC(F)(F)F)=NC(F)=N1,0.988202159
CC(C(Cl)=O)C(F)(F)F,1.081482826
CCOC1=CC=C(C=C1)C1(CC(F)(F)C1(F)F)C(O)=O,1.813537367
OC(=O)C(O)=O.FC(F)(F)C1=C(C(=NN1)C(F)(F)F)C(F)(F)F,1.453903187
FC(F)(F)C(=O)ONC(=O)C(F)(F)C(F)(F)C(F)(F)F,1.334136903
FC(F)(F)SC1=C(SC(F)(F)F)C(SC(F)(F)F)=C(SC(F)(F)F)N1C(=O)C1=CC=CO1,2.363520386
FC(F)C(F)(F)C(F)(F)CCl,1.876165189
COC(=O)C(F)(F)C(F)(F)SC,1.107838315
COC(F)(C(F)F)C(F)(F)F,1.718897167
FC1=C(I)C(F)(F)C(F)(F)C(F)(F)C1(F)F,2.496565051
CC(CF)(CF)C(F)=O,1.403238627
OC(CC(=O)C1=CC=CC=C1)C(F)(F)C(F)F,1.153183756
FC(F)(C(Cl)=O)C(F)(F)S(Cl)(=O)=O,0.466604445
FC1=C(F)C1(F)F,2.349489421
FC(F)(F)C(F)(F)C(F)(F)CCCCCCCCCCCCCCCOCC1=CC=CC=C1,2.226249354
FC(F)(F)C(F)(F)C(F)(F)C(F)(F)C(F)(F)C(F)(F)CCOCC=C,2.227847215
FC(F)C(F)(F)COC(=O)C(=O)OCC(F)(F)C(F)F,1.760060878
FC(F)C(F)(F)C1=CC(=S)SS1,2.440683236
FC(F)(F)C(F)(F)OS(=O)(=O)C(F)(F)F,1.204833015
OCCC(F)(Cl)C(F)(F)Cl,1.021980475
FC1=CC(=CC=C1)S(=O)C(F)(F)F,1.656491543
OC1=CC=CC=C1OC(F)(F)C(F)C(F)(F)F,2.168210871
FC1(F)C(=O)C(=O)C(F)(F)C(F)(F)C1(F)F,1.836644493
FC(F)(F)N(C1=CC=CC=C1Br)C(F)(F)F,2.210806699
COC(F)(F)C(F)(F)C(F)(F)OC(F)=C(F)F,2.052464631
FC(Cl)C(F)(F)C(F)(Cl)Cl,1.804862351
FC1=C(F)C(=C(C(F)=C1F)C(F)(F)C(F)(F)F)C(F)(F)C(F)(F)F,2.922249135
OC(OCC(F)(F)F)C(F)(F)Cl,0.945010239
FC(F)C(F)(F)OC1=CC=C(C=C1)C(=O)C1=CC(Cl)=CC=C1,2.927845196
FCC(F)(CF)OC(F)(CF)CF,1.479343307
CC1=CC(F)(F)C1(F)F,2.544238332
FC(F)(Br)C(F)(F)C1CCCCC1Br,2.344368451
FC(F)(F)C(=O)CC#N,0.774635883
OCCOCCSCCC(F)(F)C(F)(F)C(F)(F)C(F)(F)F,1.806948527
OCC(=O)C(F)(F)F,0.486733263
CSCOC1=C(F)C(F)=C(F)C(F)=C1F,2.706775904
NC1=CC2=C(OC(F)(F)C(F)(F)O2)C=C1N,2.121090651
COC1=CC=C(\C=N\C2=CC=C(C=C2)C(F)(F)C(F)(F)C(F)(F)C(F)(F)F)C=C1,2.420395265
CN1N=C(C(=C1C1=CC=CC=C1)C(F)(F)F)C(F)(F)C(F)(F)F,2.461489814
FC12OC1(F)C(F)(F)C(F)(F)C2(F)F,2.347736295
OC(=O)C1=C(C=C(C=C1)C(C1=CC(=C(C=C1)C(O)=O)[N+]([O-])=O)(C(F)(F)F)C(F)(F)F)[N+]([O-])=O,1.829403263
FC(F)(F)C1=CC(C#C)=C(C=C1)C(F)(F)F,2.724817786
FCC(Cl)C(F)(F)F,1.587977061
FC(F)(F)C(F)(F)C1=CC=CC2=CC=CC=C12,2.639039797
FC1=C(F)C(F)=C(F)C2=C1C(F)(F)OC2(F)F,2.768486699
Cl.NC(C(O)=O)C(F)(F)F,0.302913389
FC(F)(F)C(F)(F)C(F)(F)C(F)(F)C(F)(F)C(F)(F)C1=CC=CC2=CC=CC=C12,2.453949957
C[Si](C)(C)OCC(I)CC(F)(F)C(F)(F)C(F)(F)F,1.815499774
FC1=C(Cl)C(F)=C(C=C1)C(F)(F)F,2.983771499
FC(F)(F)OC(F)(F)C(F)(F)C(=O)CC(=O)C1=CC=CC=C1,1.565563686
FC(F)(F)C1=CC(=O)C(F)(F)O1,1.554416137
FC(F)(F)C(F)(F)C(F)(F)C(F)(F)C(F)(F)C(F)(F)C1=CSC=C1,2.192268728
CC1=C(N)C=CC(=C1)C(O)(C(F)(F)F)C(F)(F)F,1.398695076
CCCC(F)(F)F,1.873689107
FC(F)(F)N(C(F)(F)F)C(F)(F)C(F)(F)I,1.306761606
FC(=S)C(C(F)(F)F)C(F)(F)F,1.94622986
C1=CC=[NH+]C=C1.[O-]C(=O)C(F)(F)C(F)(F)C(F)(F)C(F)(F)C(F)(F)C(F)(F)C(F)(F)F,1.582998703
FC(F)(F)C1=NC(=NN1)C(F)(F)F,1.446645511
OC(=O)C(F)(F)C(F)(F)C(F)(F)C(F)(F)C(F)(F)C(F)(F)C(F)F,1.72648992
FC(F)C(F)(F)C(F)(F)C(F)(F)CO[P+](=O)OCC(F)(F)C(F)(F)C(F)(F)C(F)F,1.853400989
CN1CC1C(F)(F)F,1.184947382
FC1(F)C2(F)C(=O)C3(F)C(F)(F)C1(F)C(F)(F)C(F)(C2(F)F)C3(F)F,2.630249832
FC(F)(F)C(F)(Cl)C(=O)C(F)(F)Cl,1.605069141
CC(CF)C(F)(F)F,2.051764944
OC1=C(C=C(F)C=C1Br)C(F)(F)F,1.92473122
FC(F)(F)C1(F)OC(F)(F)C(F)(C(F)(F)F)C1(F)F,2.259533018
CCCCNCCC(F)(F)C(F)(F)C(F)(F)C(F)(F)C(F)(F)C(F)(F)F,1.981379138
CCCCCCCCCCOC(=O)C(F)(OC(F)(F)C(F)(F)C(F)(F)F)C(F)(F)F,2.116662461
FC(F)C(F)(F)OC1=CC=C(C=C1)C1=CC=CC=C1,2.961885456
CC1=CC(=CC=C1)C(=C(F)F)C(F)(F)F,2.462538859
FC(F)(Cl)C(F)(F)CC=O,1.411125138
FC(F)C(F)(F)COCC(=O)NCC1=CC=CC=C1,1.416052988
FC(I)CC(F)(F)I,2.24721726
FC(F)(F)C1(CC1)C#N,1.753148103
FC(F)(Cl)C(F)(F)OC(F)(F)C(=O)NC1=CC=CC=C1,1.589200235
FC(F)=C(F)C1=CC(=CC=C1)C(F)(F)F,2.619695038
OC(=O)C1=CC=C(C=C1)S(=O)(=O)C(C(F)(F)F)(C(F)(F)F)C(F)(F)F,1.224569424
OC(=O)C1=CC(SC(C(F)(F)F)(C(F)(F)F)C(F)(F)F)=CC=C1,1.723978507
FC1=CC=CC(F)=C1C(F)(F)F,2.652632175
CC1=NC(=CS1)C(F)(F)F,1.346095466
FN1C(F)(F)C(F)(F)OC(F)(F)C1(F)F,1.503473537
CC(C)(F)C(F)(F)Br,1.999931865
FN(F)C(F)(Cl)C#N,1.025974789
FC(F)(F)C(F)(F)C(Br)=O,1.225181613
FC(F)(F)C(F)(F)C1=CC=NN1,1.585500567
COC1=CC=C(C=C1)\N=C\C(F)(F)C(F)(F)F,2.253473168
NC(=O)C1=NN(C(=N1)C1=CC=CC=C1)C1=CC(COCC(F)(F)C(F)(F)F)=C(Cl)C=C1,2.166530456
FC(F)(F)C1=CC(=CC(=C1)[I](=O)=O)C(F)(F)F,1.816786671
FC1(F)C(C2=CC=C(Cl)C=C2)C1(F)F,3.043003117
OC(=O)C(F)(F)C(F)F,0.379343344
C[N+](C)(CCCN(CC(O)=O)S(=O)(=O)C(F)(F)C(F)(F)C(F)(F)C(F)(F)F)CC([O-])=O,1.094028609
CN(CCC[N+](C)(C)CCCS([O-])(=O)=O)S(=O)(=O)C(F)(F)C(F)(F)C(F)(F)F,0.640186943
CN(CCC[N+](C)(C)CCCS([O-])(=O)=O)S(=O)(=O)C(F)(F)C(F)(F)C(F)(F)C(F)(F)C(F)(F)C(F)(F)C(F)(F)C(F)(F)C(F)(F)C(F)(F)F,1.586210394
OC1=C(F)C(F)=C(F)C(F)=C1Br,1.819667921
OC(=O)C(F)(F)OC(F)(F)C(F)(F)C(F)(F)C(F)(F)C(\F)=C(/F)C(F)(F)F,1.853511418
C[N+](C)(C)CCCN(CCC([O-])=O)S(=O)(=O)C(F)(F)C(F)(F)C(F)(F)C(F)(F)F,1.208553301
C[N+](C)(C)CCCN(CCC([O-])=O)S(=O)(=O)C(F)(F)C(F)(F)C(F)(F)C(F)(F)C(F)(F)C(F)(F)C(F)(F)C(F)(F)C(F)(F)C(F)(F)C(F)(F)C(F)(F)F,1.888858041
CN(CCC[N+](C)(C)C)S(=O)(=O)C(F)(F)C(F)(F)C(F)(F)C(F)(F)C(F)(F)C(F)(F)C(F)(F)C(F)(F)F,1.792035242
C[N+](C)(CCCN(CCC(O)=O)S(=O)(=O)C(F)(F)C(F)(F)C(F)(F)C(F)(F)C(F)(F)C(F)(F)C(F)(F)F)CC([O-])=O,1.394662611
OS(=O)(=O)OC(F)C(F)C(F)C(F)C(F)C(F)(F)C(F)(F)F,1.426585812
C[N+](C)(C)CCNCC(F)(F)C(F)(F)C(F)(F)C(F)(F)C(F)(F)C(F)(F)C(F)(F)F,1.986190243
CN(C)CCC(CO)N(CCCS(O)(=O)=O)S(=O)(=O)C(F)(F)C(F)(F)C(F)(F)C(F)(F)C(F)(F)C(F)(F)C(F)(F)C(F)(F)C(F)(F)F,1.666794449
CC[N+](C)(C)CC(F)(F)C(F)(F)C(F)F,1.586785784
CC[N+](C)(C)CC(F)(F)C(F)(F)C(F)(F)C(F)(F)C(F)(F)C(F)(F)C(F)(F)C(F)(F)C(F)F,2.19903849
OC(=O)C(F)C(F)(F)C(F)(F)C(F)(F)C(F)(F)C(F)(F)C(F)(F)C(F)(F)C(F)(F)C(F)(F)F,1.963587624
CCC[N+](C)(C)CC(F)(F)C(F)(F)C(F)(F)C(F)(F)C(F)(F)C(F)(F)C(F)(F)C(F)(F)C(F)(F)C(F)(F)C(F)(F)C(F)F,2.3296149
C[N+](C)(C)CC(F)(F)C(F)(F)C(F)(F)C(F)(F)C(F)(F)C(F)F,2.056931384
C[N+](C)(CCC(CO)N(CCCS([O-])(=O)=O)S(=O)(=O)C(F)(F)C(F)(F)C(F)(F)C(F)(F)C(F)(F)C(F)(F)C(F)(F)C(F)(F)F)CC(O)CO,1.39339366
CCN(CCC[N+](C)(C)CC)S(=O)(=O)C(F)(F)C(F)(F)C(F)(F)C(F)(F)F,1.274267408
CCNS(=O)(=O)C(F)(F)C(F)(F)C(F)(F)C(F)(F)C(F)(F)C(F)(F)C(F)(F)C(F)(F)C(F)(F)F,1.869441273
CCNS(=O)(=O)C(F)(F)C(F)(F)C(F)(F)C(F)(F)C(F)(F)C(F)(F)C(F)(F)C(F)(F)C(F)(F)C(F)(F)C(F)(F)F,1.987811409
OS(=O)(=O)CC(F)(F)C(F)(F)C(F)(F)C(F)(F)F,1.393616439
OS(=O)(=O)CC(F)(F)C(F)(F)C(F)(F)C(F)(F)C(F)(F)C(F)(F)C(F)(F)C(F)(F)C(F)(F)C(F)(F)F,2.111684641
OS(=O)(=O)C(F)(F)C(F)(F)C(F)(F)OC(F)(F)F,1.075306769
C[N+](C)(CCO)CCCN(CCCS([O-])(=O)=O)S(=O)(=O)C(F)(F)C(F)(F)C(F)(F)C(F)(F)C(F)(F)C(F)(F)C(F)(F)C(F)(F)C(F)(F)C(F)(F)C(F)(F)F,1.666467694
OC(=O)C(F)(F)C(F)(F)C(F)(F)C(F)(F)C(F)(F)C(F)(F)C(F)(F)C(F)(F)C(F)(F)C(F)(F)C(F)(F)S(F)(F)(F)(F)F,2.02492228
NS(=O)(=O)C(F)(F)C(F)(F)C(F)(F)C(F)(F)C(F)(F)C(F)(F)C(F)(F)C(F)(F)C(F)(F)C(F)(F)F,2.043255893
OC(=O)CNS(=O)(=O)C(F)(F)C(F)(F)C(F)(F)C(F)(F)C(F)(F)C(F)(F)C(F)(F)C(F)(F)C(F)(F)C(F)(F)C(F)(F)C(F)(F)F,1.984410552
C[N+](C)(C)CC(O)CS(=O)CCC(F)(F)C(F)(F)C(F)(F)C(F)(F)C(F)(F)C(F)(F)C(F)(F)C(F)(F)C(F)(F)C(F)(F)C(F)(F)C(F)(F)F,2.170437483
OC(=O)CCS(=O)CCC(F)(F)C(F)(F)F,0.824863798
C[N+](C)(C)CCCNC(=O)CS(=O)(=O)CCC(F)(F)C(F)(F)C(F)(F)C(F)(F)C(F)(F)C(F)(F)C(F)(F)C(F)(F)C(F)(F)C(F)(F)C(F)(F)C(F)(F)F,1.958178832
OC(=O)CCS(=O)(=O)CCC(F)(F)C(F)(F)C(F)(F)C(F)(F)F,1.136845611
CC(C)(CS(O)(=O)=O)NC(=O)CCS(=O)(=O)CCC(F)(F)C(F)(F)F,0.723004961
OC(=O)CCCCNC(=O)CCNC(=O)SCCC(F)(F)C(F)(F)C(F)(F)C(F)(F)F,1.050161548
C[N+](C)(C)CCCNC(=O)CSCCC(F)(F)C(F)(F)C(F)(F)C(F)(F)C(F)(F)C(F)(F)C(F)(F)C(F)(F)C(F)(F)C(F)(F)C(F)(F)C(F)(F)C(F)(F)C(F)(F)F,2.198604064
OC(CC(O)=O)SCCC(F)(F)C(F)(F)C(F)(F)C(F)(F)C(F)(F)C(F)(F)F,1.740645942
OC(=O)CSCCC(F)(F)C(F)(F)C(F)(F)C(F)(F)C(F)(F)C(F)(F)C(F)(F)C(F)(F)C(F)(F)C(F)(F)C(F)(F)C(F)(F)F,2.247832851
OC(=O)CCSCCC(F)(F)C(F)(F)F,1.131543181
OC(=O)CCSCCC(F)(F)C(F)(F)C(F)(F)C(F)(F)C(F)(F)C(F)(F)C(F)(F)C(F)(F)C(F)(F)C(F)(F)C(F)(F)C(F)(F)C(F)(F)C(F)(F)F,2.215941992
OS(=O)(=O)CC=C(F)C(F)(F)F,0.854742861
C[N+](C)(CCCC(F)(F)C(F)(F)C(F)(F)F)CC([O-])=O,1.506241951
OC(=O)CCC(F)(F)C(F)(F)C(F)(F)C(F)(F)C(F)(F)C(F)(F)C(F)(F)C(F)(F)C(F)(F)C(F)(F)C(F)(F)C(F)(F)C(F)(F)C(F)(F)F,2.237265361
OS(=O)(=O)CCCC(F)(F)C(F)(F)C(F)(F)C(F)(F)C(F)(F)C(F)(F)C(F)(F)C(F)(F)C(F)(F)C(F)(F)C(F)(F)C(F)(F)F,2.232452894
FC1=CN=CC(F)=C1F,1.957919174
[I+](C1=CC=CC=C1)C1=CC=CC=C1.[O-]S(=O)(=O)C(F)(F)C(F)(F)C(F)(F)C(F)(F)F,0.998092164
FC(F)(F)C(=O)CC(=O)C1=CC(=CC=C1)C(F)(F)F,1.87536957
OC(=O)CSCC(F)(F)F,0.991645206
CC1=C(F)C(F)=C(F)C(F)=C1Br,2.812657277
FC1=C(F)C(CCl)=C(F)C(F)=C1Cl,2.86356929
FCOC(F)C(F)(F)F,1.372666552
NC1=C(C=C(OC(F)(F)F)C=C1)C(F)(F)F,2.414284695
FCCC(F)(F)C(F)(F)C(F)(F)C(F)(F)C(F)(F)C(F)(F)F,2.329693061
NC(=N)CC(F)(F)F,0.664362379
CC(CCC(C)OC(F)=C(F)F)OC(F)=C(F)F,1.857670143
NC(F)(F)C(F)Cl,0.469763494
FC1(F)C(F)(F)C2(F)C(F)(F)C(F)(F)C3(F)C(F)(F)C(F)(F)C4(F)C(F)(F)C(F)(F)C5(F)C(F)(F)C(F)(F)C6(F)C(F)(F)C(F)(F)C1(F)C1(F)C2(F)C3(F)C4(F)C5(F)C61F,3.212056597
CC(C)(O)C(F)(F)C(F)(F)F,1.152814922
FC(F)(F)C1(OC(Cl)C(Cl)(Cl)O1)C(F)(F)F,2.355317894
FC(F)=O,0.6337072
FC(F)(F)C1=NCC(=O)O1,0.82796167
FC1=CC=C([I+]C(F)(F)C(F)(F)C(F)(F)C(F)(F)C(F)(F)C(F)(F)C(F)(F)C(F)(F)F)C=C1,2.251968973
FC(F)(F)N1C(F)(F)C(F)(F)OC(F)(F)C1(F)F,1.440766466
FC(F)C(F)(F)C(F)(F)C(F)(F)C(F)(F)C(F)(F)C(F)(F)C(F)(F)C(F)(F)C(F)(F)C(F)(F)F,2.545387592
C[Si]1(CCC(F)(F)F)O[Si](C)(CCC(F)(F)F)O[Si](C)(CCC(F)(F)F)O[Si](C)(CCC(F)(F)F)O1,1.702427669
FC(F)C(=O)C(F)(F)F,1.029232954
[B]C1=C(F)C(F)=C(F)C(F)=C1F,2.899688543
FC(F)(F)C(F)(F)C(F)(F)C(=O)CC(=O)C1=CC=CS1,1.603596359
FC1=COC(F)(F)O1,1.438112547
CC1=C(F)C=CC(=C1)C(F)(F)F,2.406961322
NNC1=CC(OC(F)(F)C(F)F)=CC=C1,2.300222631
CC(C)CC(N)C(F)(F)F,1.464982884
CCCCOC(F)(F)F,1.529700884
FC1(F)C(F)(F)S(=O)(=O)OS(=O)(=O)C1(F)F,0.913401329
FC(F)(F)CC[Si](Cl)(Cl)CCC(F)(F)F,2.108595747
FC1(F)OS(=O)(=O)C1(F)F,0.97002677
FC1=CC(OC(F)(F)C=O)=CC(F)=C1F,2.667017314
OC(=O)C1=CC=C(C=C1)C(F)(F)C(F)(F)C(F)(F)C(F)(F)C(F)(F)C(F)(F)C(F)(F)C(F)(F)C(F)(F)F,2.004676411
NS(=O)(=O)CC(F)(F)F,0.352604402
FC(F)(F)CS(=O)(=O)OC(F)(F)F,0.829347609
CCCCC(F)(F)C(F)(F)C(F)(F)C(F)(F)C(F)(F)C(F)(F)F,2.405974933
NC1=CC(OC(F)(F)C(F)F)=CC=C1,2.185957432
NC1CC1C(F)(F)F,1.05195443
Cl.NCC(F)(F)C(F)F,0.752541046
FC(F)(F)C(F)(C(F)(F)F)C(F)(F)C(F)(F)C(F)(F)C(F)(F)C(F)(F)C(F)(F)I,2.435831139
FC(F)(F)C(F)(F)C(F)(F)C1=CC(Br)=CC=C1,2.467381323
FC(F)(F)C1(F)C(=O)C=CC2=CC=CC=C12,2.228756669
OCCSC(F)(F)C(F)Cl,1.068464783
FC(C(F)(F)F)C(F)(F)OC1=CC=C(Br)C=C1,2.774218295
FC(F)(F)C(C1=CC2=C(C=C1)C(=O)OC2=O)(C1=CC2=C(C=C1)C(=O)OC2=O)C(F)(F)F,1.975669015
COC1(F)C(F)(F)C1(F)Br,2.00472035
COC(OC)(OC)C(F)C(F)(F)F,1.317510619
CC(=C)COC(F)(C(F)(F)F)C(F)(F)F,1.848579586
C[Si](C)(Cl)CCC(F)(F)F,1.964795805
FC(F)(F)SS(=O)C(F)(F)F,1.27872249
FC[Si](CF)(C(F)F)C(F)F,1.628524864
FC1=C(F)C(F)(F)C(=O)C(Cl)=C1F,2.165001081
FC1(F)C2=C(C(Br)=C(Br)C(Br)=C2Br)C1(F)F,3.25533817
FC(F)(F)C1(ON(C(=N1)C1=CC=CC=C1)C1=CC=CC=C1)C(F)(F)F,2.351457975
FC(F)(F)C(F)(I)I,2.563653057
F[C@@H]1O[C@H]1F,1.192435949
FC(F)(F)C(F)(F)C(F)(F)C(F)(F)S(=O)(=O)ON1C(=O)CCC1=O,1.223480918
NC(N)(C(F)(F)F)C(F)(F)F,0.365326786
FC(F)(F)C1(F)C(F)(F)C(F)(F)C(F)(F)C1(F)F,2.451455233
FC(F)CCC(F)(F)F,1.733565375
FC(F)(F)OCC=C,1.36835761
CCCOC(F)(F)C(F)F,1.70935221
O.FC(F)(F)C(F)(F)C(F)(F)C=O,1.446126016
CCCCN(CCO)S(=O)(=O)C(F)(F)C(F)(F)C(F)(F)C(F)(F)C(F)(F)C(F)(F)C(F)(F)C(F)(F)F,1.914167691
OC(F)(F)C(F)(F)C(F)(F)C(F)(F)C(F)(F)C(F)(F)C(F)(F)F,2.00975952
FC(F)(F)C1=CC(Cl)=C(C=C1C(F)(F)F)C(F)(F)F,3.2022276
FC(F)OC(F)C(F)(F)C(F)(F)F,1.677520817
FC1=CC(F)=C(S)C=C1F,2.462322628
[H]C12CCC([H])(C1)C(C2)C(F)(F)C(F)(F)Br,2.483151472
FC(F)(F)C(F)(F)C(Cl)(Cl)C(=O)C(F)(F)Cl,1.871634666
FC(F)OC(F)(Cl)C(F)F,1.464510201
FC(F)(F)C(F)(F)C(F)(F)C(F)(F)CCCCCCBr,2.053140712
FC(F)C(=O)C(F)(F)C(F)(F)F,1.373737905
CCC1=NC(=NC=C1C(O)=O)C(F)(F)C(F)(F)C(F)(F)F,0.971264668
OS(=O)(=O)CCC(F)(F)C(F)(F)C(F)(F)C(F)(F)C(F)(F)C(F)(F)C(F)(F)F,1.952538589
FC(F)(F)C1=CSC(Br)=N1,1.633918087
OC(=O)C(F)(OC(F)(F)C(F)(F)C(F)(F)C(F)(F)F)C(F)(F)F,1.597739199
FC1=CC=C(C=C1)S(F)(F)(F)(F)F,2.240907634
FC(=NC(F)(F)C(F)(F)F)C(F)(F)F,1.669243354
FC(F)=C(F)B(C(F)=C(F)F)C(F)=C(F)F,2.640307355
FC(F)(F)N1C(F)(F)C(F)(F)C1(F)F,1.425507447
F\S(=N/C(=O)C(F)(F)F)C(F)(F)F,1.506866012
FC1=CC2(F)C=CC12F,2.939417813
FC(C(F)(F)F)C(F)(F)I,2.090334317
FC(F)(F)SSC(F)(F)C(F)(F)F,1.834980048
FC(F)(F)C(F)(F)C(F)(F)C1(F)C(F)(F)OC(F)(F)C(F)(F)C1(F)F,2.359475627
FC(F)(F)C(F)(F)C(F)(F)C(F)(F)C(F)(F)C(F)(F)C1=CC=C(OC2=CC=C(C=C2)C(F)(F)C(F)(F)C(F)(F)C(F)(F)C(F)(F)C(F)(F)F)C=C1,2.650351822
C[Si](C)(Cl)C(C(F)F)C(F)(F)F,2.17355029
C[Si](C)(C)C(C(F)F)C(F)(F)F,2.373952785
FC(F)(F)CCC(CCl)C(F)(F)F,1.986397152
CC(C)C(F)(F)C(=C(F)F)C(F)(F)F,2.476768522
OC(=O)C1=CC=C(C=C1)C(F)(F)C(F)(F)C(F)(F)C(F)(F)C(F)(F)C(F)(F)C(F)(F)C(F)(F)F,1.958386357
FC1=C(F)C(F)=C(P2P(P(P2C2=C(F)C(F)=C(F)C(F)=C2F)C2=C(F)C(F)=C(F)C(F)=C2F)C2=C(F)C(F)=C(F)C(F)=C2F)C(F)=C1F,2.894162954
OC(=O)CCC(F)(F)C(F)(F)F,1.020797585
CC1=CC(F)=CC(F)=C1F,2.647884982
CNCCCC(F)(F)C(F)(F)C(F)(F)C(F)(F)C(F)(F)C(F)(F)F,1.958242302
Cl.FC(F)(F)C1(NC=CC=N1)C(F)(F)F,1.611731633
FC1=CC(=CC(F)=C1F)C(=O)C(F)(F)F,2.457123793
NC1=C(F)C(OC(F)(F)F)=CC=C1,2.126642562
FC(F)(F)CC(CC(F)(F)F)C=O,1.570721666
FC(F)C(F)(F)OC1=CC=C(I)C=C1,3.00727433
FC1=CN=C(F)C(F)=C1Br,1.964990489
CC(C)[C@H](N)C(F)(F)F,1.306360958
[O-][N+](=O)C1=C(NCC(F)(F)F)C=CC(=C1)C(F)(F)F,2.246768744
FC1=CC(CBr)=CC(=C1F)C(F)(F)F,2.481153681
OC(=O)C(F)(F)C(F)(F)C(F)(F)C(F)(C(F)(F)F)C(F)(F)F,1.648958911
C[N+](C)(C)C.[O-]C(F)(F)F,0.884606377
FC(C(Br)=O)C(F)(F)F,0.906483632
CC(C)C(N)C(F)(F)F,1.294180503
FC(F)(F)CC(I)C(F)(F)F,2.048202458
FC(F)(F)CC(F)(F)CBr,1.492402163
FC(F)C(F)(C(F)(F)F)C(F)(F)C(F)(F)C(F)(F)C(F)(C(F)(F)F)C(F)(F)F,2.507644959
OC(=O)C(F)(F)C(F)(F)C(F)(F)C(F)(F)C(F)(F)C(F)(F)C(F)(F)C(F)(C(F)(F)F)C(F)(F)F,2.010657509
FC(F)(F)C1=NC2=NC=CN2C(=C1)C(F)(F)F,1.961841606
FC(F)(F)C(F)(F)[C@@H]1CCCC[C@H]1I,2.409743552
OC(=O)C(F)(F)C(F)(F)C(F)(F)C(F)(F)C(F)(F)C(F)(F)C(F)(F)C(F)(F)C(F)(F)C(F)(F)C(F)(F)C(F)(C(F)(F)F)C(F)(F)F,2.201848413
FC(F)=C(F)C1(F)C(F)(F)OC1(C(F)(F)F)C(F)(F)F,2.656976395
FC(F)(F)C1(Br)OC1(F)F,2.043613257
FC(F)(F)C(F)(OC(F)(F)C(F)(F)C(F)(F)C(F)(F)C(F)(F)C(F)(F)CCI)C(F)(F)F,2.239934975
FC(=O)N1CCCC1(F)F,0.898911581
FN(F)C1=CC=C(F)C=C1,2.122675035
CCN(CC=C)S(=O)(=O)C(F)(F)C(F)(F)C(F)(F)C(F)(F)C(F)(F)C(F)(F)C(F)(F)C(F)(F)F,1.921353189
FC1=CC(Br)=C(CC(F)(F)F)C=C1,2.597729736
FC(F)(F)C(I)C(F)(F)Cl,2.027876126
FC(F)(F)C(F)(F)C(F)(F)C(F)(F)C(F)(F)C(F)(F)C(F)(F)CCS(Cl)(=O)=O,1.985479845
FC(F)(F)C(F)(F)C(F)(F)C(F)(F)C(F)(F)C(F)(F)CCS(Cl)(=O)=O,1.881940846
FC1=C(I)C=C(C=C1)C(F)(F)F,3.014785711
FC(F)C(F)(F)OC1=CC=C(C=O)C=C1,2.335396392
OCC1(CC1)C(F)(F)F,1.215269216
CCCCC(N)C(F)(F)F,1.149109676
N[C@@H](C1=CC=C(C=C1)C(F)(F)F)C(F)(F)F,1.84086693
FC(F)C(=O)OCC(F)(F)F,1.148574718
OB(C1=C(C(F)=CC=C1)C(F)(F)F)C1=C(C(F)=CC=C1)C(F)(F)F,2.728355472
CN(C)CCCNS(=O)(=O)C(F)(F)C(F)(F)C(F)(F)C(F)(F)C(F)(F)C(F)(F)F,1.477344587
OC1=CC(OC(F)(F)F)=CC(=C1)C1=C(F)C(=CC=C1)C(F)(F)F,2.698338169
FC(F)(F)C(OC1=CC=C(C=C1)S(Cl)(=O)=O)=C(C(F)(F)F)C(C(F)(F)F)(C(F)(F)C(F)(F)F)C(F)(F)C(F)(F)F,2.610765059
OCC(F)=CC(F)(F)F,1.031136191
CC(C)COC(F)(F)C(F)F,2.035179768
NC(=CC#N)C(F)(F)F,0.96498696
CC(F)(C(O)=O)C(F)(F)F,0.505153022
CC(C)OC(=O)CCON=C(C(F)(F)F)C(F)(F)F,1.233683735
FC(F)(C#N)C(F)(F)C(F)(F)C(F)(F)C(F)(F)C#N,1.922698749
COC1=CC=C(C=C1)C1CC(OCC(C)C)OC(C2=CC=CC=C2)=C1S(=O)(=O)C(F)(F)C(F)(F)C(F)(F)C(F)(F)Cl,2.027716445
[Cl-].[Cl-].OP(O)(=O)C(F)(F)F,-0.162033957
FC1=C(C(Cl)=CC(Br)=C1)C(F)(C(F)(F)F)C(F)(F)OC(F)(F)C(F)(C1=C(F)C=C(Br)C=C1Cl)C(F)(F)F,3.110295693
FC(F)(F)C(F)(F)C(F)(F)C(F)(F)C(F)(F)CCS(Cl)(=O)=O,1.747910039
FC1=CC(F)=C(F)C(N2CC2)=C1F,2.38231033
FC(F)(F)C(F)(F)C(F)(F)C(F)(F)C(F)(F)C(F)(F)C(F)(F)S(=O)(=O)NCC=C,1.808535255
CN(CCOC(=O)C=C)S(=O)(=O)C(F)(F)C(F)(F)C(F)(F)C(F)(F)F,1.444339218
CN(CCOC(=O)C=C)S(=O)(=O)C(F)(F)C(F)(F)C(F)(F)C(F)(F)C(F)(F)C(F)(F)F,1.672488718
FC=C(F)C(F)(F)C(F)(F)C(F)(F)F,2.277436725
[O-]C(=C[N+]#N)C1=C(F)C(F)=C(F)C(F)=C1F,2.071103229
CCCC(F)C(F)(F)C(F)(F)C(F)(F)C(F)(F)C(F)(F)F,2.406356991
COS(=O)(=O)C(F)(C(=O)C(F)(F)F)C(F)(F)F,0.973294906
FC(OCCl)C(F)(F)F,1.231117526
FC(F)(F)C1=CN=C(C=N1)C(F)(F)F,1.568274388
CCCCCCCCCCC1=CN=C(N=C1)C1=CC=C(OCC(F)(F)C(F)(F)C(F)(F)F)C=C1,2.253486561
ON=CC(F)(F)F,0.438786799
CCN(CCOC(=O)C(C)=C)S(=O)(=O)C(F)(F)C(F)(F)C(F)(F)C(F)(F)C(F)(F)F,1.502312827
FCC(F)C(F)C(F)CF,1.645361655
[NH4+].[NH4+].CCN(CCOP([O-])([O-])=O)S(=O)(=O)C(F)(F)C(F)(F)C(F)(F)C(F)(F)C(F)(F)C(F)(F)C(F)(F)C(F)(F)F,0.865521618
FC(F)C(F)(F)COC(=O)CC(=C)C(=O)OCC(F)(F)C(F)F,1.536551743
CS(=O)(=O)C(F)(F)C(F)(F)C(=O)OC(=O)C(F)(F)C(F)(F)S(C)(=O)=O,0.70988459
FC(F)(F)C(Cl)=CCCl,1.939367028
FC(F)(F)C(=CC=C)C(F)(F)Cl,2.165384914
FC(F)C(F)(F)OC1=CC=C(C=C1)N1CCNCC1,1.530538726
FC(F)(F)C(F)(F)C(F)(F)C(F)(F)S(=O)(=O)NCC1=CC=CC=C1,1.46536566
FC1=C(N=CC(Br)=C1)C(F)(F)F,2.060027091
CCC(NC)C(F)(F)F,0.75874617
CCC[C@H](N)C(F)(F)F,1.116725242
ONC(=O)C(F)(F)C(F)(F)C(F)(F)C(F)(F)C(F)(F)C(F)(F)C(=O)NC1=CC=CC=C1,1.481396993
FC(F)C(F)=C(F)C(F)F,1.787381991
OC(=O)C1CCC(CC1)C(F)(F)C(F)(F)C(F)(F)C(F)(F)C(F)(F)F,1.720403432
O.OC(=O)C(F)(F)C(F)(F)C(F)(F)C(F)(F)C(O)=O,0.51488586
FC(OC(F)=C(F)C(F)(F)F)=C(F)C(F)(F)F,2.129477835
FC=C(F)C(F)=CF,1.767506815
FC(F)(F)C(F)(F)C(F)(F)C(F)(F)C(F)(F)C(F)(F)C(F)(F)C(F)(F)[Si](F)(O[Si](F)(F)O[Si](F)(F)F)C(F)(F)C(F)(F)F,2.257009522
CO[Si](CCC(F)(F)C(F)(F)C(F)(F)C(F)(F)C(F)(F)C(F)(F)C(F)(F)C(F)(F)F)(OC)OC,2.003874845
OC(=O)COC(F)(F)C(F)C(F)(F)F,1.084327964
FC(F)(F)CNC1=CC(=C(Br)C=C1)C(F)(F)F,2.464216866
FC(F)(F)C(I)CC(CC(F)(C(F)(F)F)C(F)(F)F)C(F)(F)F,2.362225831
FC1=C(F)C(F)(F)C(F)(F)C1(F)F,2.520834787
FC1(F)OC1(F)F,1.694572951
OC(=O)C1=CC(=C(C=C1C(F)(F)F)C(O)=O)C(F)(F)F,0.999109353
FCC(F)(Cl)Cl,1.426290745
FC(F)=C(Cl)C(F)(F)F,2.064060792
FC(=O)C(F)(F)OC(F)(F)OC(F)(F)OC(F)(F)OC(F)(F)OC(F)(F)F,1.596768653
OCCCSCCC(F)(F)C(F)(F)C(F)(F)C(F)(F)C(F)(F)C(F)(F)C(F)(F)C(F)(F)F,2.096269691
Cl.CNC1(CC1)C(F)(F)F,0.83458937
FC1=CC(=CC(Cl)=C1F)C(F)(F)F,3.039498555
[O-][N+](=O)C1=CC(Br)=C(NC(=O)C(F)(C(F)(F)F)C(F)(F)F)C=C1,1.720409896
[O-][N+](=O)C1=CC(Br)=C(NC(=O)C2(F)C(F)(F)C(F)(F)C(F)(F)C(F)(F)C2(F)F)C=C1,1.991847728
[O-][N+](=O)C1=CC(C#N)=C(NC(=O)C2(F)C(F)(F)C(F)(F)C(F)(F)C(F)(F)C2(F)F)C=C1,1.872947504
FC1(F)OC(F)(F)C(F)(F)C1(F)F,2.038394174
NC1=C[13CH]=[13C](OC(F)(F)F)[13CH]=C1,2.204510613
FC(F)(F)C(F)(F)C(F)(F)C(F)(F)C(F)(F)C(F)(F)C(F)(F)C(F)(F)C=C,2.540695324
FC(F)(F)C(F)(F)C(F)(F)C(F)(F)C(F)(F)C(F)(F)CCCOC(=O)N=NC(=O)OCCCC(F)(F)C(F)(F)C(F)(F)C(F)(F)C(F)(F)C(F)(F)F,2.25073868
COC(F)(F)C(F)(F)C(F)(F)F,1.811828994
FC(F)(F)C(F)(C(F)(F)F)C(F)(F)C(F)(F)C(Cl)(Cl)Cl,2.260711451
FC(Cl)(I)C(F)(F)C(Cl)=O,1.385120612
FC(C#N)=C(F)C(F)(C#N)C(F)(F)F,1.524433437
CC1=CC=C(C=C1)C(F)(F)C(F)(F)C(F)(F)C(F)(F)C(F)(F)F,2.263712361
NC1=C(F)C(F)=C(C#N)C(F)=C1F,1.183435879
FC(F)(F)C(F)(F)C(F)(F)C(=O)OC1=C(Cl)C(Cl)=C(Cl)C=C1Cl,3.302142641
FC(F)(F)C(F)(F)S(=O)(=O)C(F)(F)C(F)(F)F,1.388514228
FC(F)(F)C(F)(F)C(F)(F)C(F)(F)C(F)(F)C(F)(F)C(=O)C=CC1=CC=CC=C1,2.150695983
FC(F)(F)C1(F)CC(F)(F)C1(F)F,2.458363044
FC(F)(F)C1(OC(F)(F)C(F)(F)O1)C(F)(F)F,2.046940563
FC1=C(F)C(F)=C(C(F)=C1F)C1=C(F)C(F)=C(F)C(F)=C1F,3.621718305
FC1=NC1(F)F,1.063417622
FC1=C(F)C(F)=C(C(F)=C1F)C(F)(F)NCCC1=CC=CC=C1,2.291571897
FC(F)(F)C(F)(F)C(F)(F)C=C1CCOC1=O,1.695965713
CCCCCCCCCCNC(=O)C(F)(F)C(F)(F)C(F)(F)C(F)(F)C(F)(F)C(F)(F)C(F)(F)F,1.941434128
CC1=C(N)C(C)=C(C(C)=C1C(F)(F)F)C(F)(F)F,2.213234374
CCCCCCCCOC(F)(F)C(F)(F)C(F)(F)C(F)(F)C(F)(F)C(F)(F)C(F)(F)F,2.277416825
CCCCCOC(=O)CCC(F)(F)C(F)(F)C(F)(F)C(F)(F)F,1.962729106
FC1(F)CC([SiH](C=CCl)C2CC(F)(F)C2(F)F)C1(F)F,2.759438888
FC(F)(F)OC(F)(F)C(F)(OC(F)(F)F)C(F)(F)F,1.919525919
NC(=N)C(F)(F)OC(F)(F)C(F)(F)I,1.069079676
FC(F)(F)C(Cl)(Cl)C(S)=O,1.102078243
FC(F)(F)C(F)(C(=O)OOC(=O)C(F)(C(F)(F)F)C(F)(F)F)C(F)(F)F,1.860141007
OC1=CC=C(CC(F)(F)C(F)(F)C(F)(F)C(F)F)C=C1,1.819074871
CC(=C)C(=O)OCC(F)(Cl)C(F)(F)F,1.630509769
FC(F)(F)C1OCCCO1,1.193784202
COCC(F)(F)C(F)(F)C(F)(F)C(F)(F)C(F)(F)C(F)(F)C(F)(F)C(F)F,2.280104839
CC(C(F)(F)F)(C(F)(F)C(F)(F)F)C(F)(F)C(F)(F)F,2.368618034
CCOP([O-])OCC(F)(F)C(F)F,0.838725555
FC1=C(N=C(O1)C1=CC=C(C=C1)C1=NC(=C(F)O1)C(F)(F)F)C(F)(F)F,2.482112609
FC(F)(F)C1(F)OOC(F)(F)O1,1.452353786
[O-][N+](=O)C1=CC(=CC(COCCC(F)(F)C(F)(F)C(F)(F)C(F)(F)F)=C1)[N+]([O-])=O,1.977994722
FC(F)(F)C(F)(F)C(F)(F)C(F)(F)CCN(CC=C)C(=O)C=C,1.919569351
CC1=[N+](C)C=CC(OCC(F)(F)C(F)(F)C(F)(F)F)=C1,1.600504528
FC1=C(F)C(F)=C(NC(=O)C(=O)NC2=C(F)C(F)=C(F)C(F)=C2F)C(F)=C1F,2.303154337
CC(=C)C(=O)OC(F)(F)C(F)(F)C(F)(F)C(F)(F)C(F)(F)C(F)(F)C(F)(F)CC(F)(F)F,2.226613245
CC1=CC=C(O1)C(=O)C=C(C(F)(F)F)C(F)(F)F,1.933646692
FC(F)(F)C(F)(F)C(F)(F)OC(F)(C1OC(=O)C=C1)C(F)(F)F,1.954279645
FC(F)C(F)(F)C(=O)C(Br)=C(NBr)C1=CC=CC=C1,1.907103295
FC(F)(F)C(F)(F)C(F)(F)C1CCOC1,1.875759841
FC(Cl)C(F)(F)OC1=C(F)C=C(N=C=O)C(F)=C1F,2.461899504
CN(C)C1=CC=C(C=C1)N=NC1=CC=C(C=C1)C(F)(F)C(F)(F)C(F)(F)F,2.299873526
OP(O)(=O)C(F)(F)C(F)=C(F)F,0.951058618
FC(F)(F)C(Cl)=C(CCl)C(F)(F)F,2.175001905
[Br-].FC(F)(F)C(F)(F)C(F)(F)C(F)(F)CC[N+]1=CC=CC=C1,0.969263413
COC1=C(F)C(F)=C(C(C2=C(F)C(F)=C(OC)C(F)=C2F)C2=C(F)C(F)=C(OC)C(F)=C2F)C(F)=C1F,3.169293505
NC1=C(F)C(=O)C(F)(F)C(F)(F)C1(F)F,1.488725351
FC(F)C(F)(F)C(F)(F)C(F)(F)C(F)(F)C(F)(F)C(F)(F)C(F)=O,2.182213931
FC(F)(F)C(C(=O)OC(=O)C(C(F)(F)F)C(F)(F)F)C(F)(F)F,1.793616488
OC(O)(CC#N)C(F)(F)F,0.553800229
OP(O)O.OC(F)(F)F.OC(F)(F)F.OC(F)(F)F,0.025406157
FC(F)(F)CC[SiH](CCC(F)(F)F)CCC(F)(F)F,2.113020262
FC(F)(F)OC(F)(F)C(F)(F)C#N,1.449638859
FC1=C(F)C(F)(F)C(Cl)(Cl)O1,1.995906546
OC(CC#N)(C(F)(F)F)C(F)(F)F,1.024897521
FC(F)(F)C1=C2C(=O)OC(=O)C2=C(C=C1)C(F)(F)F,1.942962632
CCC(F)(OC(F)(F)F)C(F)(F)F,1.813218746
CCO[Si](CCCOC(=O)C(F)(F)C(F)(F)C(F)(F)F)(OCC)OCC,1.437692422
CCCOC(F)(F)C(F)Cl,1.593413695
ON=C1C(F)C(F)(F)C1(F)F,1.447908759
FC(F)(F)C(F)(C(=O)C(F)(F)C(F)(F)Cl)C(F)(F)F,1.88499723
CCC(C)C1=NC(OC1=O)C(F)(F)C(F)F,1.787630257
CCSC(F)(F)C(F)(F)C(=O)C(F)(F)C(F)(F)SCC,1.722331912
FC(F)(F)C(Br)(C(Br)=O)C(F)(F)F,1.616307293
FC(F)C(F)(F)COCC1(CCl)COC1,1.734111022
CC=CC(O)C(F)(F)F,1.267896499
CCNC(=O)CC(F)(F)C(F)(F)F,1.142178122
FC1=C(F)C2=C(C(F)=C1F)C(F)(Cl)C(=NCl)C(F)=C2F,2.871304591
CCOC(=O)C(F)(F)C(F)(F)OC(F)=C(F)F,1.785366741
FC(F)C(F)(F)COC(=O)CC(F)(F)F,1.427718764
CN1C(=O)C2=CC=CC=C2N=C1C(F)C(F)(F)F,1.464218091
FC(F)(F)SN=C(Cl)C(F)(F)F,1.634720883
FB(F)C#CC(F)(F)F,1.972817128
COC(F)(C(F)Cl)C(F)(F)C(F)(F)C(F)(F)C(F)(F)C(F)(F)F,2.150631194
OC(=O)C1=CC(OC(F)(F)F)=C(SC(F)(F)F)C=C1,1.799236378
FC(F)C(F)(F)COCCC[Si](Cl)(Cl)C1=CC=CC=C1,2.325725618
CO[C@H](C)C1=C(F)C(F)=C(F)C(F)=C1F,2.63086481
FN=C(Cl)C(F)(F)SC(F)(F)F,1.529352118
FC(F)(F)NC(=O)N=[N+]=[N-],1.453192303
FC(F)(F)C(F)(F)C(F)(F)\C=N\C1=CC=CC=C1,2.134480677
NC(=O)COC(F)(C(F)(F)F)C(F)(F)F,1.363790779
OC1CC2=CC=CC=C2C(F)(C(F)(F)F)C1(F)F,1.987635024
FC(F)(F)C1(C(C#N)N1C1=CC=CC=C1)C(F)(F)F,2.26791116
COP(C)(=O)OCCC(F)(F)C(F)(F)F,0.927376567
FC(F)(F)C(F)(F)C(F)(F)C(F)(F)C(F)(F)C(F)(F)S(Cl)=O,1.931393968
FC(F)(F)C1(F)OC(F)(F)C(F)(F)C1(F)C(F)(F)F,2.24814184
CC(F)C(=O)C1=C(F)C(F)=C(F)C(F)=C1F,2.376592423
FC(F)(F)C1(F)C2=CC=CC=C2C(=O)C1(F)F,2.518792551
CC(=C)C(=O)OC(F)(F)C(F)CC(F)(F)F,1.840070546
CC1=C(SC=C1)C1=C(F)C(F)(F)C(F)(F)C1(F)F,2.597972288
OP(O)O.CC(O)C(F)(F)C(F)(F)F.CC(O)C(F)(F)C(F)(F)F.CC(O)C(F)(F)C(F)(F)F,0.818662223
OCCCS(=O)(=O)C(F)(F)C(F)(F)C(F)(F)C(F)(F)F,1.349174875
FC1=C(F)C(F)=C(C(C#N)C#N)C(F)=C1F,2.333514068
FC(OCC1CO1)=CC(F)(F)F,1.398318848
OC(=CC(=O)C(F)(F)C(F)(F)C(F)(F)F)C1=CC2=CC=CC=C2C=C1,1.901561173
OC(=O)[C@H](CNC(=O)C(F)(F)F)NC(=O)C(F)(F)F,0.030855952
CN(C)C(=NO)C(F)(F)F,0.616973518
COC(=O)C(F)(F)C(F)=CF,1.11777792
CC(O)(C(CC=C)CC(F)=C(F)F)C(F)(F)F,1.809430302
CC=C1OC(OC1=O)(C(F)(F)F)C(F)(F)F,2.159983368
OCC(CSC(F)(F)F)SC(F)(F)F,1.521070663
CCC(CO)SC(F)(F)F,1.087218478
FC1(F)CC2=C(C(Cl)=CC=C2)C1(F)F,3.006047078
COC1=CC=CC=C1SC(F)=C(F)C(F)(F)F,2.45426615
C1COCCN1.FC(F)(F)C(=O)CC(=O)C(F)(F)F,0.538531915
OC(=O)C(F)(F)C(F)(F)C(F)(F)OC(F)C(F)(F)F,1.287231415
OC(=O)COC(F)(F)C(F)C(F)(F)C(F)(F)C(F)(F)C(F)(F)F,1.720938347
CC(C=C(F)C(F)(F)F)C(F)(F)F,2.402731386
CCCCC\C=C(/F)C(F)(F)C(F)(F)C(F)(F)F,2.955365915
ON=C(Cl)C1=CC(=CC(=C1)C(F)(F)F)C(F)(F)F,2.185352615
FC(F)(F)C(F)(F)C(=O)C1=CC=CC=C1Br,2.218295477
FC(F)(F)C(F)(F)C(F)(F)C(F)(F)COCCOC=C,1.871129314
CC1CCC(C(O)C1)C(F)(C(F)(F)F)C(F)(F)F,1.844987294
C[SiH](C)O[Si](CCC(F)(F)F)(CCC(F)(F)F)CCC(F)(F)F,1.975338886
CC(C)(C=O)C(F)(F)C(F)(F)C(F)(F)C(F)(F)C(F)(F)C(F)(F)C(F)(F)F,2.343746587
C1CO1.FC=C(F)F,1.292031376
FC(I)=C=C(F)C(F)=C(F)C#N,1.926971463
FC1=C(F)C(F)=C(OCCCCCCCCCOC2=C(F)C(F)=C(F)C(F)=C2F)C(F)=C1F,3.065132261
Cl.FC(F)(F)CC1CNC1,0.93732158
CC1=C(C=CC(N)=C1)C(O)(C(F)(F)F)C(F)(F)F,1.522855518
[H][C@@]12CC[C@H](O)[C@@]1(C)CC[C@]1([H])C3=CC=C(O)C=C3CC(CCCCCCCCCS(=O)CCCC(F)(F)C(F)(F)F)[C@@]21[H],2.048648545
FCC(F)Cl,1.15715872
FC(Cl)C(F)(F)Br,1.567419013
FC(Cl)C(F)Cl,1.317268828
OS(=O)(=O)C1(F)C(F)(F)C(F)(F)C(F)(F)C(F)(F)C1(F)F,1.617956656
OP(=O)(OCCC(F)(F)F)OCCC(F)(F)F,1.047373699
CCN(CCOCCO)S(=O)(=O)C(F)(F)C(F)(F)C(F)(F)C(F)(F)F,1.315484015
CCN(CCOCCOC)S(=O)(=O)C(F)(F)C(F)(F)C(F)(F)C(F)(F)C(F)(F)C(F)(F)C(F)(F)F,1.706794979
OCCCC(F)(F)C(F)(F)F,1.308431416
FC(F)(Cl)C(F)(Cl)I,1.964155161
FC(F)(F)C(F)(F)C(=O)OC(=O)C(F)(F)C(F)(F)F,1.51933469
FC1(F)C(F)(F)C2(F)C(F)(C1(F)F)C(F)(F)C(F)(F)C(F)(F)C2(F)F,2.670728474
CC(C)CC(F)(F)C(F)(F)C(F)(F)C(F)(F)C(F)(F)C(F)(F)F,2.565371074
FC(F)(Br)C(F)(F)C(F)(F)C(F)(F)C(F)(F)C(F)(F)C(F)(F)Br,2.334471264
FC(F)(F)S(=O)(=O)[N-]S(=O)(=O)C(F)(F)F,0.439680114
CCCCCCCCCCCCCOC(=O)C(F)(F)C(F)(F)C(F)(F)F,2.028991554
[O-]P(=O)(OCCC(F)(F)C(F)(F)C(F)(F)C(F)(F)C(F)(F)C(F)(F)F)OCCC(F)(F)C(F)(F)C(F)(F)C(F)(F)C(F)(F)C(F)(F)F,1.860367452
FC(F)(C(F)(F)C1(F)C(F)(F)C(F)(F)C(F)(F)C(F)(F)C1(F)F)C1(F)C(F)(F)C(F)(F)C(F)(F)C(F)(F)C1(F)F,2.706743541
CC(O)C(F)(F)C(F)(F)F,1.107265248
FC(F)=C(F)C(F)(F)C(F)(F)C(F)(F)F,2.335780352
F\C(=C(\F)C(F)(C(F)(F)F)C(F)(F)F)C(F)(F)F,2.332250651
FC(F)(CCI)C(F)(F)C(F)(F)C(F)(F)C(F)(F)C(F)(F)CCI,2.229835098
NC(=O)C(F)(F)C(F)(F)C(F)(F)C(F)(F)C(F)(F)C(F)(F)C(N)=O,1.212965965
FC(F)(F)C1(F)OC(F)(F)C(F)(OC1=O)C(F)(F)F,1.764596677
OC(=O)C(F)(OC(F)(F)C(F)(F)C(F)(F)F)C(F)(F)F,1.445164427
FC(F)C(F)(F)COCC1CO1,1.433494595
CC(I)CC(F)(F)C(F)(F)C(F)(F)C(F)(F)C(F)(F)C(F)(F)C(F)(F)F,2.278421086
FC(=C(C(F)(C(F)(F)F)C(F)(F)F)C(F)(C(F)(F)F)C(F)(F)F)C(F)(F)F,2.741373853
CC(I)CC(F)(F)C(F)(F)C(F)(F)C(F)(F)C(F)(F)C(F)(F)F,2.242331005
C[N+](C)(CCO)CCCN(CCCS([O-])(=O)=O)S(=O)(=O)C(F)(F)C(F)(F)C(F)(F)C(F)(F)C(F)(F)C(F)(F)F,1.198388508
C[N+](C)(CCCNS(=O)(=O)CCC(F)(F)C(F)(F)C(F)(F)C(F)(F)C(F)(F)C(F)(F)C(F)(F)C(F)(F)F)CC([O-])=O,1.624142514
F\C(=C\C(Br)C(F)(F)F)C(F)(F)Br,2.249686593
CN(CCOC(=O)C=C)S(=O)(=O)CC(F)(F)C(F)(F)C(F)(F)C(F)(F)C(F)(F)C(F)(F)C(F)(F)C(F)(F)F,1.878931575
C[N+](C)(CCO)CCCN(CCCS([O-])(=O)=O)S(=O)(=O)C(F)(F)C(F)(F)C(F)(F)C(F)(F)C(F)(F)C(F)(F)C(F)(F)C(F)(F)F,1.436173736
OCC[N+]1(CC([O-])=O)CCN(CC1)C(=O)C(F)(F)C(F)(F)C(F)(F)C(F)(F)C(F)(F)C(F)(F)C(F)(F)C(F)(F)C(F)(F)F,1.620321717
CN(CCOC(=O)C=C)S(=O)(=O)CCC(F)(F)C(F)(F)C(F)(F)C(F)(F)C(F)(F)C(F)(F)C(F)(F)C(F)(F)C(F)(F)C(F)(F)F,2.013872718
FC(F)(F)C(F)(C(F)(F)F)C(F)(F)C(F)(C(F)(F)F)C(F)(F)C(F)(C(F)(F)F)C(F)(F)F,2.593373644
COCCOCCOCCOCCOCCOCCOCCOCCOCCOCC(O)CC(F)(F)C(F)(F)C(F)(F)C(F)(F)C(F)(F)C(F)(F)C(F)(F)C(F)(F)F,1.828983466
OP(O)(=O)OCCC(F)(F)C(F)(F)C(F)(F)C(F)(F)C(F)(F)C(F)(F)C(F)(F)C(F)(F)C(F)(F)C(F)(F)C(F)(F)C(F)(F)C(F)(C(F)(F)F)C(F)(F)F,2.272906355
OS(=O)(=O)C(F)(F)C(F)(F)C(F)(F)C(F)(F)C(F)(F)C(F)(F)C(=O)C(F)(F)F,1.574317402
[I-].CC[N+](C)(CC)CCCNS(=O)(=O)C(F)(F)C(F)(F)C(F)(F)C(F)(F)C(F)(F)C(F)(C(F)(F)F)C(F)(F)F,0.989137385
OC(COP(O)(O)=O)CC(F)(F)C(F)(F)C(F)(F)C(F)(F)C(F)(F)C(F)(F)C(F)(F)C(F)(F)F,1.773968422
OC(COC1=CC=CC=C1)CC(F)(F)C(F)(F)C(F)(F)C(F)(F)C(F)(F)C(F)(F)C(F)(C(F)(F)F)C(F)(F)F,2.103449808
[H]C([H])(C([H])([H])P(O)(=O)C([H])([H])C([H])([H])C(F)(F)C(F)(F)C(F)(F)C(F)(F)C(F)(F)C(F)(F)C(F)(F)C(F)(F)F)C(F)(F)C(F)(F)C(F)(F)C(F)(F)C(F)(F)C(F)(F)C(F)(F)C(F)(F)F,2.326666167
[I-].C[N+](C)(C)CC(O)CC(F)(F)C(F)(F)C(F)(F)C(F)(F)C(F)(F)C(F)(F)C(F)(F)C(F)(F)F,1.481087138
CN(CCOP(O)(O)=O)S(=O)(=O)C(F)(F)C(F)(F)C(F)(F)C(F)(F)F,1.095849713
F[C@@H]([C@H](F)C(F)(F)C(F)(F)F)C(F)(F)F,2.259437049
FCC(F)C(F)(F)F,1.758891782
OC(C1=CC(=CC=C1)C(O)(C(F)(F)F)C(F)(F)F)(C(F)(F)F)C(F)(F)F,1.851976888
FC(=O)C1(OC(F)(F)C(F)(O1)C(F)(F)F)C(F)(F)F,1.861952078
FC(=O)C(F)(OC1=C(F)C(F)=C(F)C(F)=C1F)C(F)(F)F,2.718273149
F\C=C/C(F)(F)F,2.908488353
COC(O)C(F)(F)C(F)(F)F,0.888750083
CC1=CC=C(C=C1)S(=O)(=O)OC(C(F)(F)F)C(F)(F)F,1.474049834
COC(=O)C(F)(F)C(F)(F)OC(F)(C(F)=O)C(F)(F)F,1.399867488
NC1=C(O)C=CC(=C1)C(C1=CC(N)=C(O)C=C1)(C(F)(F)F)C(F)(F)F,1.941666081
CCC(C)C1=CC=C(OCC(O)COCC(F)(F)C(F)F)C=C1,1.690390629
CC(C)(CS([O-])(=O)=O)NC(=O)CCSCCC(F)(F)C(F)(F)C(F)(F)C(F)(F)C(F)(F)C(F)(F)F,1.444587896
[O-]S(=O)(=O)C(F)(F)C(F)(F)C(F)(F)C(F)(F)C(F)(F)F,1.352763893
[O-]C(=O)CCC(F)(F)C(F)(F)C(F)(F)C(F)(F)C(F)(F)F,1.855461424
O[13C](=O)C(F)(F)C(F)(F)C(F)(F)C(F)(F)C(F)(F)C(F)(F)C(F)(F)F,1.775903209
C[N+](C)(CCCNC(=O)C(F)(F)C(F)(F)C(F)(F)C(F)(F)C(F)(F)C(F)(F)C(F)(F)F)CC([O-])=O,1.588495056
CN(C)CCCNC(=O)CC(SCCC(F)(F)C(F)(F)C(F)(F)C(F)(F)C(F)(F)C(F)(F)F)C(O)=O,1.396617688
[H]N(C)CCCN([H])S(=O)(=O)CCC(F)(F)C(F)(F)C(F)(F)C(F)(F)C(F)(F)C(F)(F)C(F)(F)C(F)(F)C(F)(F)C(F)(F)F,1.833363334
OC(=O)C(F)(F)C(F)(F)C(F)(F)C(F)(F)C(F)(F)C(F)(F)C(F)(F)C(F)(F)C(F)(F)Cl,1.902417512
[O-]C(=O)C(F)(F)C(F)(F)C(F)(F)C(F)(F)C(F)(F)Cl,1.78402979
[O-]C(=O)C(F)(F)C(F)(F)C(F)(F)C(F)(F)C(F)(F)C(F)(F)C(F)(F)C(F)(F)C(F)(F)C(F)(F)Cl,2.115643265
[H]C(F)(F)C(F)(F)C(F)(F)C(F)(F)C(F)(F)C(F)(F)C(F)(F)C(F)(F)C(F)(F)C(F)(F)C(F)(F)C(F)(F)C(F)(F)C(O)=O,2.136364627
CN(C)CCCNC(=O)C(F)(F)C(F)(F)C(F)(F)C(F)(F)C(F)(F)C(F)(F)F,1.603678238
O[13C](=O)[13C](F)(F)[13C](F)(F)[13C](F)(F)C(F)(F)C(F)(F)C(F)(F)C(F)(F)F,1.774828033
OP(O)(=O)O[13CH2][13CH2]C(F)(F)C(F)(F)C(F)(F)C(F)(F)C(F)(F)C(F)(F)C(F)(F)C(F)(F)F,1.958161502
CC(C)(CS(O)(=O)=O)NC(=O)CCSCCC(F)(F)C(F)(F)C(F)(F)C(F)(F)C(F)(F)C(F)(F)C(F)(F)C(F)(F)C(F)(F)C(F)(F)C(F)(F)C(F)(F)C(F)(F)C(F)(F)F,2.074293468
CC(COC(=O)C(C)=C)OC(=O)NC1=C(C)C=CC(NC(=O)OCCCCN(C)S(=O)(=O)C(F)(F)C(F)(F)C(F)(F)C(F)(F)C(F)(F)C(F)(F)C(F)(F)F)=C1,1.286332439
CC(COC(=O)C(C)=C)OC(=O)NC1=C(C)C=CC(NC(=O)OCCCCN(C)S(=O)(=O)C(F)(F)C(F)(F)C(F)(F)C(F)(F)C(F)(F)F)=C1,1.207360271
COCCOCCOCCOCCOCCOCCOCCOC(=C(C(F)(C(F)(F)F)C(F)(F)F)C(F)(C(F)(F)F)C(F)(F)F)C(F)(F)F,2.288395822
[H]\C(=C(/[H])C(=O)NCC(O)CC(F)(F)C(F)(F)C(F)(F)C(F)(F)C(F)(F)C(F)(F)C(F)(F)C(F)(F)F)C(O)=O,1.596365364
FC(F)(F)C(F)(F)C(F)(F)C(F)(F)C(F)(F)C(F)(F)C(F)(F)C(F)(F)S(=O)(=O)CCCNCCOC(=O)C=C,1.695562213
C[N+](C)(CCCNC(=O)C(F)(F)C(F)(F)C(F)(F)C(F)(F)C(F)(F)C(F)(F)C(F)(F)C(F)(F)F)CCC([O-])=O,1.566595747
FC(F)(F)OC(F)(F)C(F)(F)N(C(F)(F)F)C(F)(F)F,1.474309455
FC(F)(F)OC(F)(F)C(F)(F)OC(F)(F)OC(F)(Cl)C(F)(F)Cl,1.816892146
CC(F)(Cl)C(F)(F)F,1.734260499
O[13C](=O)[13C](F)(F)[13C](F)(F)[13C](F)(F)[13C](F)(F)C(F)(F)C(F)(F)C(F)(F)C(F)(F)F,1.864998427
CC(OC(=O)CCSCCC(F)(F)C(F)(F)C(F)(F)C(F)(F)C(F)(F)C(F)(F)F)C(O)=O,1.481234926
FC(F)(F)C(F)(F)C(F)(F)C(F)(F)C(F)(F)C(F)(F)CC[S-],2.025625337
FC(F)(F)C(F)(F)C(F)(F)C(Br)CBr,1.850189308
CCCCCC(F)(F)C(F)(F)C(F)(F)C(F)(F)F,2.314120469
FC(F)(F)C(F)(F)C(F)(F)C(F)(F)CCCCI,2.129113035
CCCC(F)(F)C(F)(F)C(F)(F)C(F)(F)C(F)(F)F,2.372770148
FC(F)(F)C(F)(F)C(F)(F)CCC(F)(F)C(F)(F)C(F)(F)F,2.28406341
FC(F)(F)C(F)(F)C(F)(F)C(F)(F)C(Br)=C,2.147476074
CCNCC(F)(F)C(F)(F)C(F)(F)F,1.395497538
CC(C)(C)C(I)CC(F)(F)C(F)(F)C(F)(F)C(F)(F)F,2.375797338
FC(F)(F)C(F)(F)C(F)(F)COCCCl,1.751599483
OC(O)C(F)(F)C(F)(F)C(F)(F)C(F)(F)F,1.366535533
CCCCCCCCCC(F)(F)C(F)(F)C(F)(F)C(F)(F)C(F)(F)C(F)(F)C(F)(F)C(F)(F)F,2.405037806
OCC(O)C(F)(F)C(F)(F)C(F)(F)C(F)(F)F,1.559687176
FC(=C(F)C(F)(F)C(F)(F)C(F)(F)F)C(F)(F)C(F)(F)F,2.456789857
CCCCCCC(F)(F)C(F)(F)C(F)(F)C(F)(F)C(F)(F)C(F)(F)C(F)(F)C(F)(F)C(F)(F)C(F)(F)F,2.459866985
CCCCCCCCC(I)CC(F)(F)C(F)(F)C(F)(F)C(F)(F)C(F)(F)C(F)(F)F,2.194797716
CCCCCCCCCCCC(F)(F)C(F)(F)C(F)(F)C(F)(F)C(F)(F)C(F)(F)C(F)(F)C(F)(F)F,2.404767454
CCCCCC[C@@H](CO)C(F)(F)C(F)(F)C(F)(F)C(F)(F)F,1.955827628
FC(F)(F)C(F)(F)C(F)(F)C(F)(F)C(F)(F)C(F)(F)C(F)(F)C(F)(F)CCCCCCCCCCCBr,2.256910152
CCCCCCCCCCC(I)CC(F)(F)C(F)(F)C(F)(F)C(F)(F)C(F)(F)C(F)(F)C(F)(F)F,2.23938823
FC(F)(F)C(F)(F)C(F)(F)C(F)(F)C(Br)=O,1.718994636
CCCCCCCCCCCCCC(F)(F)C(F)(F)C(F)(F)C(F)(F)C(F)(F)C(F)(F)C(F)(F)C(F)(F)C(F)(F)C(F)(F)F,2.434190143
FC(F)(F)C(F)(F)C(F)(F)C(F)(F)CC(I)CCC(I)CC(F)(F)C(F)(F)C(F)(F)C(F)(F)F,2.224009012
CCCCCCCCCCC(F)(F)C(F)(F)C(F)(F)C(F)(F)C(F)(F)C(F)(F)C(F)(F)C(F)(F)C(F)(F)C(F)(F)C(F)(F)C(F)(F)F,2.45341876
CCCCCCC=CC(F)(F)C(F)(F)C(F)(F)C(F)(F)C(F)(F)C(F)(F)F,2.603691843
CCCCCCCCCCC(I)CC(F)(F)C(F)(F)C(F)(F)C(F)(F)C(F)(F)C(F)(F)C(F)(F)C(F)(F)F,2.24340766
CCCCCCCC(I)CC(F)(F)C(F)(F)C(F)(F)C(F)(F)C(F)(F)C(F)(F)C(F)(F)C(F)(F)C(F)(F)C(F)(F)F,2.280381697
CCCCCCCCCCCCC(I)CC(F)(F)C(F)(F)C(F)(F)C(F)(F)C(F)(F)C(F)(F)C(F)(F)C(F)(F)F,2.274453981
CCCCCCCCCCCCC(I)CC(F)(F)C(F)(F)C(F)(F)C(F)(F)C(F)(F)C(F)(F)C(F)(F)C(F)(F)C(F)(F)C(F)(F)F,2.275247144
CCCCCCCC\C=C\C(F)(F)C(F)(F)C(F)(F)C(F)(F)C(F)(F)C(F)(F)F,2.613640532
FC(F)(F)C(F)(F)C(F)(F)C(F)(F)C(F)(F)C(F)(F)CC(I)C(F)(F)C(F)(F)C(F)(F)C(F)(F)C(F)(F)C(F)(F)C(F)(F)C(F)(F)F,2.421687327
FC(F)(F)C(F)(F)C(F)(F)C(F)(F)C=CC(F)(F)C(F)(F)C(F)(F)C(F)(F)C(F)(F)F,2.590394364
CCCCC\C=C\C(F)(F)C(F)(F)C(F)(F)C(F)(F)C(F)(F)C(F)(F)C(F)(F)C(F)(F)F,2.650286505
CC(CO)C(F)(F)C(F)(F)C(F)(F)C(F)(F)C(F)(F)C(F)(F)C(F)(F)C(F)(F)F,2.184936441
CCCCCCCCC=CC(F)(F)C(F)(F)C(F)(F)C(F)(F)C(F)(F)C(F)(F)C(F)(F)F,2.597098788
FC(F)(F)C(F)(F)C(F)(F)C(F)(F)C(F)(F)C(F)(F)C(F)(F)C(F)(F)CC(I)C(F)(F)C(F)(F)C(F)(F)C(F)(F)C(F)(F)C(F)(F)C(F)(F)C(F)(F)F,2.461525008
FC(F)(F)C(F)(F)C(F)(F)C(F)(F)C(F)(F)C(F)(F)CC(I)CCC(I)CC(F)(F)C(F)(F)C(F)(F)C(F)(F)C(F)(F)C(F)(F)F,2.307088826
FC(F)(F)C(F)(F)C(F)(F)C(F)(F)CCSC#N,2.091083024
NC(CC(F)(F)C(F)(F)C(F)(F)F)C(O)=O,1.193929454
FC(F)(F)C(F)(F)C(F)(F)C(F)(F)C(F)(F)COCC=C,2.175386245
FC(=CCC(F)(F)C(F)(F)C(F)(F)C(F)(F)F)C(F)(F)C(F)(F)C(F)(F)C(F)(F)C(F)(F)C(F)(F)C(F)(F)F,2.626440189
CCCCCCCCCCCCCCCCC=CC(F)(F)C(F)(F)C(F)(F)C(F)(F)C(F)(F)C(F)(F)C(F)(F)C(F)(F)F,2.571360347
OCC(I)=CC(F)(F)C(F)(F)C(F)(F)C(F)(F)C(F)(F)C(F)(F)F,2.008971982
CCCCCCCCCCCCCCC=CC(F)(F)C(F)(F)C(F)(F)C(F)(F)C(F)(F)C(F)(F)C(F)(F)C(F)(F)C(F)(F)C(F)(F)C(F)(F)C(F)(F)F,2.580661737
CC[N+]1=CC=CC(C)=C1.[O-]S(=O)(=O)C(F)(F)C(F)(F)C(F)(F)C(F)(F)F,0.338773064
CC(=O)C=C(N)C(F)(F)C(F)(F)C(F)(F)F,1.198560884
FC(F)(F)C(F)(F)C(F)(F)C(F)(F)CCOC(Cl)=O,1.788483763
C[SiH](O[Si](C)(C)CCC(F)(F)C(F)(F)C(F)(F)C(F)(F)F)O[Si](C)(C)CCC(F)(F)C(F)(F)C(F)(F)C(F)(F)F,2.168580635
CCOC(=O)CC(S)C(F)(F)C(F)(F)C(F)(F)F,1.662890253
OC(=O)C1CCC(CC1)C(F)(F)C(F)(F)C(F)(F)F,1.340572918
COC(=O)CCC(F)(F)C(F)(F)C(F)(F)C(F)(F)C(F)(F)C(F)(F)C(F)(F)C(F)(F)F,2.092147659
CCSC(=O)C(CC(C)=O)C(F)(F)C(F)(F)C(F)(F)F,1.384600695
FC(F)(F)C(F)(F)C(F)(F)CNC(=O)C=C,1.589744277
OC(=O)C(CCC(F)(F)C(F)(F)C(F)(F)C(F)(F)C(F)(F)C(F)(F)C(F)(F)C(F)(F)F)C(O)=O,1.578699942
CCOC(=O)CC(C(F)(F)F)(C(F)(F)F)C(F)(F)C(F)(F)C(F)(F)F,2.301419505
OC(=O)C=C(F)C(F)(F)C(F)(F)C(F)(F)C(F)(F)C(F)(F)C(F)(F)C(F)(F)C(F)(F)C(F)(F)F,2.081151013
FC(F)(F)C(F)(F)C(F)(F)C(F)(F)C(F)(F)C(F)(F)C(F)(F)C(F)(F)C(F)(F)C(F)(F)CCN=[N+]=[N-],2.418651392
FC(F)(F)C(F)(F)C(F)(F)C1(F)OC1(F)F,2.145727405
FC(F)C(F)(F)COS(=O)(=O)C(F)(F)C(F)(F)C(F)(F)C(F)(F)F,1.693657476
CCCCOC(=O)C(F)(F)C(F)(F)C(F)(F)C(F)(F)C(F)(F)C(F)(F)C(F)(F)C(F)(F)F,2.159136105
CCCC[N+](C)(CCCC)CCCC.[O-]S(=O)(=O)C(F)(F)C(F)(F)C(F)(F)C(F)(F)C(F)(F)C(F)(F)C(F)(F)C(F)(F)F,1.419082712
COC1=CC=C(OC)C(=C1)C(F)(F)C(F)(F)C(F)(F)F,2.47062918
CC(C)C(O)C(F)(F)C(=O)OCCC(F)(F)C(F)(F)C(F)(F)C(F)(F)F,1.799056904
CCOC(=O)COC(=N)C(F)(F)C(F)(F)C(F)(F)F,1.184214107
FC(F)(F)C(F)(F)C(F)(F)C(F)(F)CC1COC(=O)O1,1.736965265
NC(=N)NNC(=O)C(F)(F)C(F)(F)C(F)(F)F,1.278491514
OC1=CC=CC(CCCCCC(F)(F)C(F)(F)C(F)(F)C(F)(F)C(F)(F)C(F)(F)F)=C1O,1.72676399
FC(F)(F)C(F)(F)C(F)(F)C(F)(F)C1=C2SC=CC2=CC=C1,2.339589361
FC(F)(F)C(F)(F)C(F)(F)C(F)(F)S(=O)(=O)CC1=CC=CC=C1,1.71863761
OC1OCCCC1C(F)(F)C(F)(F)C(F)(F)C(F)(F)C(F)(F)C(F)(F)F,1.918446663
CC(C)NC(=O)C(F)(F)C(F)(F)C(F)(F)C(F)(F)C(F)(F)C(F)(F)C(F)(F)C(F)(F)F,1.975278446
FC(F)(F)C(F)(F)C(F)(F)C(F)(F)S(=O)C(=C)C1=CC=CC=C1,1.860895724
FC(F)(F)C(F)(F)C(F)(F)C(F)(F)C(F)(F)C(F)(F)C(F)(F)C(F)(F)C(=O)OCC1=CC=CC=C1,2.134445103
FC(F)(F)C(F)(F)C(F)(F)C(F)(F)S(=O)(=O)OC1=CCCC1,1.582111387
CNC(=O)C(O)(NC)C(F)(F)C(F)(F)C(F)(F)C(F)(F)F,1.21523229
FC(F)(F)C(F)(F)C(F)(F)C(=O)NC1=CC=CC(Cl)=C1,2.036544942
FC(F)(F)C(F)(F)C(F)(F)C(=O)NC1=CC=CC=C1I,1.908946335
CCCCCC1=CC=C(N=C1)C1=CC=C(C=C1)C(F)(F)C(F)(F)C(F)(F)C(F)(F)C(F)(F)C(F)(F)F,2.34488558
FC(F)(F)C(F)(F)C(F)(F)C(F)(F)C(F)(F)C(F)(F)C1=CC=C(S1)C1=CC=CS1,2.377001732
CN(CC(O)CSCCC(F)(F)C(F)(F)C(F)(F)C(F)(F)C(F)(F)C(F)(F)C(F)(F)C(F)(F)F)CC(O)=O,1.974239359
FC(F)(F)C(F)(F)C(F)(F)C(F)(F)C(F)(F)C(=O)NCCC1=CC=CC=C1,1.824056081
FC(F)(F)C(F)(F)C(F)(F)C(F)(F)C1(F)C(F)(F)OS1(=O)=O,1.747039877
CO[Si](CCCNC(=O)OCCC(F)(F)C(F)(F)C(F)(F)C(F)(F)C(F)(F)C(F)(F)F)(OC)OC,1.654688437
FC(F)(F)C(F)(F)C(F)(F)C(=O)NC1=CC=NC(=O)N1,1.209113524
FC(F)(F)C(F)(F)C(F)(F)C(F)(F)CCC(=O)ON1C(=O)CCC1=O,1.343822042
FC(F)(F)C(F)(F)C(F)(F)C(=O)NS(=O)(=O)OC1=CC=C(Cl)C=C1,1.474471987
FC(F)(F)C1=CC=CC(NC(=O)C(F)(F)C(F)(F)C(F)(F)C(F)(F)C(F)(F)C(F)(F)C(F)(F)C(F)(F)F)=C1,2.108949087
FC(F)(F)C(F)(F)C(F)(F)C1=NNC(=C1Br)C1=CC=CC=C1,2.231976472
COC1=CC=CC(NC(=O)C(F)(F)C(F)(F)C(F)(F)C(F)(F)C(F)(F)C(F)(F)F)=C1,1.958362513
CCOC(=O)C(CCC(F)(F)C(F)(F)C(F)(F)C(F)(F)F)N=C(C1=CC=CC=C1)C1=CC=CC=C1,2.266233787
NS(=O)(=O)C1=CC=C(CNC(=O)C(F)(F)C(F)(F)C(F)(F)C(F)(F)F)C=C1,1.030168518
NS(=O)(=O)C1=CC=C(CCNS(=O)(=O)C(F)(F)C(F)(F)C(F)(F)C(F)(F)F)C=C1,0.95124519
NC1=C(C=C(C=C1NC(=O)C(F)(F)C(F)(F)C(F)(F)F)C(F)(F)F)[N+]([O-])=O,1.875891822
FC(F)(F)C(F)(F)C(F)(F)C(F)(F)S(=O)(=O)ON1C(=O)C2C3CC(C=C3)C2C1=O,1.659460472
CC(C)(C)C1=CC=C(C=C1)C1=CC(=NO1)C(=O)NCC(F)(F)C(F)(F)C(F)(F)F,2.34635344
CCC(OC1=CC=C(C=C1C(C)(C)CC)C(C)(C)CC)C(=O)NC1=CC=C(C(=O)NC(F)(F)C(F)(F)C(F)(F)C(F)(F)F)C(O)=C1,1.695251894
FC(F)(F)C(F)(CCCCI)C(F)(F)F,1.997086589
CC1=CC=CC=C1C(F)(C(F)(F)F)C(F)(F)F,2.204417834
FC(F)(F)C(F)(C1=CC=C(CCl)C=C1)C(F)(F)F,2.394758856
OC(C(F)(F)C(F)(F)C(F)(F)C(F)F)C(F)(C(F)(F)F)C(F)(F)F,1.967988653
[O-][N+](=O)C1=CC=C(C=C1)C(F)(C(F)(F)F)C(F)(F)F,2.051384068
CC1=CC(=CC(C)=C1C=O)C(F)(C(F)(F)F)C(F)(F)F,1.974811945
FC(F)(F)C(F)(C(=O)C1=CC=C(Cl)C=C1)C(F)(F)F,2.407447736
FC(F)(F)C(F)(C1=CC=C2N=NNC2=C1)C(F)(F)F,1.964499153
FC1=NC(=NC(=N1)C(F)(C(F)(F)F)C(F)(F)F)C(F)(C(F)(F)F)C(F)(F)F,1.940927361
CCC1=C(SC)C(=CC=C1C(O)=O)C(F)(C(F)(F)F)C(F)(F)F,1.727499166
CCSC1=C(CC)C(=CC=C1C(F)(C(F)(F)F)C(F)(F)F)C(O)=O,1.824295507
CCC(C)SC1=C(CC)C(=CC=C1C(F)(C(F)(F)F)C(F)(F)F)C(O)=O,2.140427954
CC1=C(C(=CC=C1C(O)=O)C(F)(C(F)(F)F)C(F)(F)F)S(C)(=O)=O,1.037718515
CCC(C)S(=O)C1=C(C)C(=CC=C1C(F)(C(F)(F)F)C(F)(F)F)C(O)=O,1.682784969
CCCCS(=O)C1=C(C)C(=CC=C1C(F)(C(F)(F)F)C(F)(F)F)C(O)=O,1.726075499
CC1=CC(=CC=C1N1C(=O)C2=CC=CC(I)=C2C1=O)C(F)(C(F)(F)F)C(F)(F)F,2.054313282
CC1=CC(=CC(C)=C1NC(=O)C1=CC=C(F)C(NC(=O)C2=CC=C(F)C=C2F)=C1)C(F)(C(F)(F)F)C(F)(F)F,1.906038412
FC(F)(F)OC(F)(F)C(F)(F)Cl,1.728862734
F\C(OC(F)(F)F)=C(/F)C(F)(F)F,2.218983504
OCC(F)(F)C(F)OC(F)(F)C(F)(F)C(F)(F)F,1.541203833
FC(F)(F)C(F)(F)C(F)(F)OC(F)(C#N)C(F)(F)F,2.080799649
CC(=O)CC(=O)C(F)(OC(F)(F)C(F)(F)C(F)(F)F)C(F)(F)F,1.57694652
FC(F)(F)C(F)(F)C(F)(F)OC(F)(C(F)(F)F)C(F)(F)OC(F)(C(=O)OCC=C)C(F)(F)F,2.20311352
C[N+](C)([O-])CCCNC(=O)C(F)(F)C(F)(F)C(F)(F)OC(F)(F)C(F)(F)C(F)(F)F,1.420069693
COC(=O)C1=CC(OC(F)(F)C(F)OC(F)(F)C(F)(F)C(F)(F)F)=C(OC(F)(F)C(F)OC(F)(F)C(F)(F)C(F)(F)F)C(OC(F)(F)C(F)OC(F)(F)C(F)(F)C(F)(F)F)=C1,2.420183386
OC(=O)C(C(F)(F)F)(C(F)(F)C(F)(F)F)C(F)(F)C(F)(F)C(F)(F)F,1.744237432
OC(=O)C(F)(F)C(F)(C(F)(F)C(F)(F)F)C(F)(C(F)(F)F)C(F)(F)F,1.76553731
OC(=O)C(F)(C(F)(F)F)C(F)(F)C(F)(F)C(F)(F)C(F)(F)C(F)(F)F,1.72750111
OC(=O)C(F)(F)C(F)(F)C(F)(F)C(C(F)(F)F)(C(F)(F)F)C(F)(F)F,1.798254298
FC(F)=C(F)OC(F)(F)C(F)(F)C(F)(F)Cl,2.206939302
CC(=C)C(=O)OC(F)(C(F)(F)F)C(F)(F)F,1.918805625
[NH4+].[O-]C(=O)C(F)(OC(F)(F)C(F)(F)C(F)(F)C(F)(F)C(F)(F)F)C(F)(F)F,1.646510133
[NH4+].[O-]C(=O)C(F)(OC(F)(F)C(F)(OC(F)(F)F)C(F)(F)F)C(F)(F)F,1.469645113
CCCCC\C=C\C(F)(F)C(F)(F)C(F)(F)F,2.704575318
C[Si](C)(C)OC(=O)C(F)(F)C(F)(F)C(F)(F)F,1.859021681
OCCCC\C(I)=C/C(F)(F)C(F)(F)C(F)(F)C(F)(F)F,1.950173897
OCCCCCCCCC\C=C\C(F)(F)C(F)(F)C(F)(F)C(F)(F)C(F)(F)C(F)(F)C(F)(F)C(F)(F)F,2.283721319
OC(=O)[C@H]1CC[C@@H](CC1)C(F)(F)C(F)(F)C(F)(F)F,1.205184865
NC(=O)[C@H]1CC[C@@H](CC1)C(F)(F)C(F)(F)C(F)(F)C(F)(F)F,1.558340951
CC[C@H](C)CC1=CC=C(C=C1)C1=CC=C(C=C1)C(=O)OCC(F)(F)C(F)(F)C(F)(F)C(F)(F)C(F)(F)C(F)(F)C(F)(F)F,2.474745171
FC(F)(F)C(F)(F)C(F)(F)C(F)(F)C(F)(F)C(F)(F)C1=NC(=NO1)C1=CC=C(C=C1)C1=NOC(=N1)C(F)(F)C(F)(F)C(F)(F)C(F)(F)C(F)(F)C(F)(F)F,2.146677672
CC(C)COC(=O)C(F)(OC(F)(F)C(F)(OC(F)(F)C(F)(F)C(F)(F)F)C(F)(F)F)C(F)(F)F,2.311648094
OC(C1=CC=CC=C1)C(F)(F)C(F)(F)C(F)(F)C(F)(F)C(F)(F)C(F)(F)C(F)(F)C(F)(F)F,2.097608428
FC(F)(F)C(F)(F)C(F)(F)C(F)(F)C(F)(F)C(F)(F)C(F)(F)C(F)(F)C(=O)NCC=C,2.004577437
[H]\C(=N/[S@@](=O)C(F)(F)C(F)(F)C(F)(F)C(F)(F)F)C1=CC=C(C)C=C1,1.820951808
[H]\C(=N/S(=O)C(F)(F)C(F)(F)C(F)(F)C(F)(F)F)C(=O)OCC,1.843088947
FC(F)(F)C(F)(F)C(F)(F)C(F)(F)C(F)(F)C(F)(F)C(F)(F)C(F)(F)C(F)(F)C(F)(F)CCOC(=O)NC1=CC=CC2=CC=CC=C12,2.101836072
FC(F)(F)OC(F)(CC1CO1)C(F)(F)F,1.66028642
[H][C@@]12C[C@@]3([H])[C@]4([H])CC[C@]([H])([C@H](C)CCCC(F)(C(F)(F)F)C(F)(F)F)[C@@]4(C)CC[C@]3([H])[C@@]3(C)CC[C@H](O)C[C@@]13O2,2.488524204
FC(F)(F)C1(C(F)(F)F)C(F)(F)C(F)(F)C1(F)F,2.717408733
FC(F)(F)C(F)(F)C(F)(F)OC(F)(C(F)(F)F)C(F)(F)OC(F)(C(=O)NC1=NC=CC=N1)C(F)(F)F,1.90383631
CCCCC(OC1=C(C=C(C=C1)C(C)(C)CC)C(C)(C)CC)C(=O)NC1=CC(O)=C(NC(=O)C(F)(F)C(F)(F)C(F)C(F)(F)F)C=C1,1.716791726
C[N+](C)(C)CCCNC(=O)C1=CC=C(OC(F)(F)C(F)(F)C(F)(F)C(F)(F)C(F)(F)C(F)(F)C(F)(F)CC(F)(F)F)C=C1,1.883280559
OC(=O)C(F)(OC(F)(F)C(F)(F)S(O)(=O)=O)C(F)(F)F,0.558346653
CC12CCCCC1SC(F)(F)C2(F)F,2.209050911
OC(C=C(C(F)(F)F)C(F)(F)F)C1=CC(=CC=C1)N(=O)=O,1.614617837
OC(CC(O)(C(F)(F)F)C(F)(F)F)C1=CC=C(C=C1)C(O)CC(O)(C(F)(F)F)C(F)(F)F,1.080047709
CC(=O)CC(=O)CC(O)(C(F)(F)F)C(F)(F)Cl,0.668803772
CC1=C(Br)C(=O)C(C(O)(C(F)(F)F)C(F)(F)F)C(C)(C)C1,1.83002837
OC(COC(C(F)(F)F)C(F)(F)F)CN1C=CN=C1N(=O)=O,1.341430491
FC(F)(F)C(F)(F)CCC(F)(F)C(F)(F)F,2.147054766
CC(O)(C(O)=O)C(F)(F)F,0.243113858
FC(F)C(F)(F)C(F)(F)C(F)(F)CC(I)[Si]12OCCN(CCO1)CCO2,1.191930565
CCOC1(O)C(F)(F)C(F)(F)C11CCCCC1,1.839948794
Cl.NC(CC(C(F)(F)F)C(F)(F)F)C(O)=O,1.000129753
FC1=C(F)C(Br)=C(C#N)C(F)=C1F,2.096153549
FC(F)C(F)(F)COS(=O)(=O)C1=CC=C(C=C1)C1=CC(N2C(N1)=NC1=CC=CC=C21)C1=CC=CC=C1,1.622527078
OC(C1=C(F)C(F)=C(F)C(F)=C1F)C1=C(F)C(F)=C(F)C(F)=C1F,2.529881416
FC(F)(Br)CCCCC(F)(F)Br,1.770364903
FC(F)(F)C1=NNC=C1Br,1.52188362
COC(F)(Br)C(Br)(C(F)(F)F)C(F)(F)F,1.875852578
[H][C@@](C)([NH3+])C1=CC(=CC(=C1)C(F)(F)F)C(F)(F)F,2.166320436
FC1=C(F)C(F)=C(NN=C2C(F)=C(F)C(=O)C(F)=C2F)C(F)=C1F,2.497912374
FC(F)(F)C=CCl,1.810071083
FC1OC1(F)F,1.675408193
FC(F)(F)C1NCCCO1,0.567192092
FC(F)(F)CO[Si](OCC(F)(F)F)(OCC(F)(F)F)OCC(F)(F)F,1.941460597
CC(C)C1CCC(C)C(C1O)C(O)(C(F)(F)F)C(F)(F)F,1.912342346
CC(O)CC(O)(C(F)(F)F)C(F)(F)F,0.910867566
FC(F)(F)C(=C1C2CCC(C2)C1=O)C(F)(F)F,2.27844933
FC(F)(Br)C(F)(Br)C(F)(Br)C(F)(F)Br,2.204611736
COC(=O)C(F)C(F)(F)F,0.91699436
C[Si](C)(C)OC(C(F)(F)F)C(F)(F)F,1.987370745
FC(F)(F)C(F)(F)C(=N)NOC(=O)C(F)(F)C(F)(F)F,1.298127413
FC(F)(F)C(F)(F)C(=N)NNS(=O)(=O)C1=CC=CC=C1,1.04086548
FC1=CC=C(CC(F)(F)F)C=C1,2.323923694
FC1=C(F)C(=C(F)C2=C1C(=O)N(C2=O)C1=C(F)C(F)=C(F)C(F)=C1F)C1=C(F)C2=C(C(=O)N(C2=O)C2=C(F)C(F)=C(F)C(F)=C2F)C(F)=C1F,2.416870677
FC1OC(F)(F)OC1F,1.416764166
CC(O)(C(F)F)C(F)F,0.74353861
COC(=O)C(F)(Br)C(F)(F)C(F)(F)F,1.447838668
FC(F)C(F)(F)C(F)(F)C(F)(F)COC(F)(F)C(F)Cl,2.024364783
C.C.C.C.C.FC(F)(F)C(=O)C(F)(F)Cl.FC(F)(F)C(=O)C(F)(F)Cl,1.132671147
Cl.CC(CN1CCCC1)C(O)(C1=CC(=CC(=C1)C(F)(F)F)C(F)(F)F)C1=CC(=CC(=C1)C(F)(F)F)C(F)(F)F,2.200140071
FC(F)(F)C(F)(F)OC(F)(F)C(F)(OC(F)(F)C(F)(OC(F)(F)C(F)(F)C(F)(F)F)C(F)(F)F)C(F)(F)F,2.416328115
COC1=CC=CC2=C1C(=O)C1=C(C(O)=C3CC(O)(CC(OC4CC(N=C(O)C(F)(F)C(F)(F)F)C(O)C(C)O4)C3=C1O)C(=O)CO)C2=O,0.814609183
FC(F)(F)C(C(C(=O)OC(C#N)C1=CC(OC2=CC=CC=C2)=CC=C1)C1=CC=C(Cl)C=C1)C(F)(F)F,2.869361471
FC(F)(F)C(F)(F)OC(F)(Cl)C(F)(F)Cl,1.866300291
OS(=O)(=O)CCC(F)(F)C(F)(F)C(F)(F)C(F)(F)C(F)(F)C(F)(F)C(F)(F)C(F)(F)C(F)(F)C(F)(F)C(F)(F)F,2.19168831
OP(O)(=O)C(F)(F)C(F)(F)C(F)(F)C(F)(F)C(F)(F)C(F)(F)C(F)(F)C(F)(F)Cl,1.892441635
OS(=O)(=O)C(F)(F)C(F)(F)C(F)(F)C(F)(F)C(F)(F)C(F)(F)C(F)(F)C(F)(F)C(F)(F)C(F)(F)C(F)(F)C(F)(F)C(F)(F)C(F)(F)C(F)(F)C(F)(F)C(F)(F)F,2.340402782
[O-]C(=O)C(F)(F)C(F)(F)C(F)(F)C(F)(F)C(F)(F)C(F)(F)C(F)(F)C(F)(F)S(F)(F)(F)(F)F,2.014979628
FC(=O)C(F)(OC(F)(F)C(F)(OC(F)(F)F)C(F)(F)F)C(F)(F)F,1.952776436
[H][C@@]1(CC[C@@]2([H])[C@]3([H])CC=C4C[C@H](CC[C@]4(C)[C@@]3([H])CC[C@]12C)OC(=O)C(F)(F)C(F)(F)F)[C@H](C)CCCC(C)C,2.735289392
OS(=O)(=O)C(F)(F)C(F)(F)C(F)(C(F)(F)F)C(F)(F)C(F)(F)C(F)(F)C(F)(F)F,1.88713431
[H]C(F)(F)C(F)(F)C(F)(F)C(F)(F)C(F)(F)C(F)(F)S(O)(=O)=O,1.604035116
[H]C(F)(F)C(F)(F)C(F)(F)C(F)(F)C(F)(F)C(F)(F)C(F)(F)C(F)(F)C(F)(F)C(F)(F)C(F)(F)C(F)(F)C(F)(F)C(F)(F)S(O)(=O)=O,2.219711265
FCCC(F)(F)Cl,1.512839568
OS(=O)(=O)C1(F)C(F)(F)C(F)(F)C(F)(F)C(F)(F)C1(F)C(F)(F)C(F)(F)F,1.885564888
OP(O)(=O)CC1=CC=C(OC(F)(F)C(F)(F)C(F)(F)C(F)(F)C(F)(F)C(F)(F)C(F)(F)C(F)(F)CF)C=C1,2.071960959
OS(=O)(=O)C1=CC=C(OC(=C(C(F)(C(F)(F)F)C(F)(F)F)C(F)(C(F)(F)F)C(F)(F)F)C(F)(F)F)C=C1,2.347398725
FC(F)(F)C(F)(F)C(F)(F)C(F)(F)\C=C/C(F)(F)C(F)(F)C(F)(F)C(F)(F)F,2.788661484
FC1(F)C(F)(F)C(F)(F)[C@]2(F)C(F)(F)C(F)(F)C(F)(F)C(F)(F)[C@]2(F)C1(F)F,2.811256636
FC1(F)C(F)(F)[C@]2(F)[C@](F)(C1(F)F)C(F)(F)C(F)(F)C(F)(F)C2(F)F,2.798057767
CCNC1=NC(=NN1C1=C(Cl)C=C(C=C1Cl)C(F)(F)F)C(F)(F)C(F)(F)F,2.507491088
NCCC(F)(F)C(F)(F)C(F)F,1.371424894
C[N+](C)(CCC(F)(F)C(F)(F)C(F)(F)C(F)(F)C(F)(F)C(F)(F)F)CC(O)=O,1.857927097
CN(C)CCC(CO)N(CCCS(O)(=O)=O)S(=O)(=O)C(F)(F)C(F)(F)C(F)(F)C(F)(F)C(F)(F)F,1.263121549
FC(F)C(F)(F)COC(=O)OCC(F)(F)C(F)(F)F,1.830499162
FC(F)(F)C(F)(F)C(F)(F)C(F)(F)C(F)(F)C(F)(F)C(F)(F)C(F)(F)C1=CC=C(C=O)C=C1,2.220020951
FC(F)C(F)(F)COC(=O)OCC(F)(F)F,1.724995739
FC(F)OC(F)(F)C(F)(F)OC(F)(F)F,1.6190489
FC(C(F)(F)F)C(F)(F)OC1=CC=C(C=C1)C(=O)NCCC1=CC=CC=C1,2.164296282
OC(=O)\C=C\C(=O)OCC(F)(F)C(F)(F)C(F)(F)F,1.356696312
FC(F)(F)C(F)(F)C(F)(F)C(F)(F)C(F)(F)C(Br)=O,1.890012756
NS(=O)(=O)C(F)(F)C(F)(F)C(F)(F)F,0.891846012
CC(C)C(NC(=O)OC(C)(C)C)C(=O)C(F)(F)C(F)(F)F,1.75803402
NCC1=C(C=CC=C1)C(F)(F)C(F)(F)F,1.679050698
FC(F)(F)C(F)(F)C(F)(F)C(F)(F)S(=O)(=O)OC1=CC=C(I)C=C1,2.132153935
CCOC(=O)COC(F)(F)C(F)(F)F,1.324493295
FC(F)(F)C(F)(F)C#CC1=CC=CC=C1,2.284223576
FC(F)(Br)C(F)(F)N1C=CN=C1,1.350724868
F[C@H](Cl)[C@@](F)(Cl)C(F)(F)F,1.978770547
FC(=O)C(F)(F)C(F)(F)OC(F)(F)C(F)(F)S(F)(=O)=O,1.177207603
O.FC(F)C(F)(F)C(F)(F)C(F)(F)C=O,1.585410407
FC(F)(Cl)C(F)(F)C(F)(F)C(F)(F)C1(F)C(F)(F)OS1(=O)=O,1.722326378
FC(F)(F)C(F)(F)C(F)(F)C(F)(F)C(F)(F)C(F)(F)CC1CN(CC1CCI)C#N,1.991592951
OC(C1CCCC1)C1=CC(OC(F)(F)C(F)F)=CC=C1,2.21639262
FC(F)(F)C(F)(F)C1=CN=C(N=C1)C#N,1.551547424
CN(C)N=C(SSC(=NN(C)C)C(F)(F)C(F)(F)C(F)(F)F)C(F)(F)C(F)(F)C(F)(F)F,2.272035031
CN(SC(Cl)(Cl)Cl)S(=O)C(F)(F)C(F)(F)C(F)(F)C(F)(F)F,1.888303844
[H]C(CN(C)C(=O)C(F)(F)C(F)(F)F)(OC(=O)C(F)(F)C(F)(F)F)C1=CC(OC(=O)C(F)(F)C(F)(F)F)=C(OC(=O)C(F)(F)C(F)(F)F)C=C1,1.959286835
CC1=CC=C(OC(F)(F)C(F)(F)Br)C=C1,2.388866586
FC(F)(F)C(F)(F)SCC1CCCN1,0.939404798
CN1C(=O)N(C)C(=O)C(NC(=O)C(F)(F)C(F)(F)F)=C1N,0.788681424
OCC(F)(OC(F)(F)C(F)=C)C(F)(F)F,1.339640735
FC(F)(F)C(F)(F)C(F)(F)OC(F)(C(F)(F)F)C(F)(F)OC(F)(F)C(F)(F)CC[Si](Cl)(Cl)Cl,2.398607114
CCOP(=O)(CCC(F)(OC(F)(F)C(F)(OC(F)(F)C(F)(F)C(F)(F)F)C(F)(F)F)C(F)(F)F)OCC,2.014993264
CC[NH3+].[O-]C(=O)C(F)(F)C(F)(F)C(F)(F)C(F)(F)C(F)(F)C(F)(F)C(F)(C(F)(F)F)C(F)(F)F,1.782247142
CN(C)S(=O)(=O)C(F)(F)C(F)(F)C(F)(F)C(F)(F)C(F)(F)C(F)(F)C(F)(F)C(F)(F)F,1.967417187
FC(C(Cl)=C(F)F)C(F)(F)C(F)(C(F)(F)F)C(F)(F)F,2.337512269
FC(F)=CC(F)(F)C(F)(F)C(F)(F)F,2.283107735
CCC(F)(F)C(F)(F)C(F)(F)C(F)(F)C(F)(F)C(O)=O,1.554322302
CC(F)C(F)(F)C(F)(F)C(F)(F)C(F)(F)C(F)(F)C(F)(F)C(F)(F)C(O)(F)F,2.14315095
OC(CN(CC1=CC(=CC=C1)C(F)(F)C(F)(F)C(F)(F)F)C1=CC(OC2=CC=CC(=C2)C2CC2)=CC=C1)C(F)(F)F,2.616327278
O[C@H](CN(CC1=CC(=CC=C1)C(F)(F)C(F)(F)C(F)(F)F)C1=CC(OC2=C(F)C=CC(Br)=C2)=CC=C1)C(F)(F)F,2.563243283
NC1=C(Br)C=C(C=C1Br)C(F)(C(F)(F)F)C(F)(F)F,2.196196879
CCN(C(F)(F)C(F)(F)OC(=O)C(C)=C)S(=O)(=O)C(F)(F)C(F)(F)C(F)(F)C(F)(F)C(F)(F)C(F)(F)C(F)(F)C(F)(F)F,1.778978858
OCC(O)CC(F)(F)C(F)(F)C(F)(F)C(F)(F)C(F)(F)C(F)(F)C(F)(F)C(F)(F)C(F)(F)F,2.166462688
[O-]S(=O)(=O)C(F)(F)C(F)(F)C(F)(F)C(F)(F)C(F)(F)C(F)(F)C(F)(F)CCC(F)(F)F,1.704867723
CCSCC(F)(F)C(F)(F)F,1.716820117
FN1C(F)(F)C(F)(F)OC(F)(C(F)(F)F)C1(F)F,1.667997196
FC1C(F)(CC(F)(F)S1(=O)=O)C(F)(F)F,1.489869879
CC1C(F)(F)C(F)(F)C(F)(F)C1(F)F,2.538774427
FC(F)(F)C(F)(F)C(F)(F)C(F)(F)[PH3+],1.924556753
N[Si](N)(N)CCC(F)(F)C(F)(F)C(F)(F)C(F)(F)C(F)(F)C(F)(F)C(F)(F)C(F)(F)F,1.963994982
COC1=CC=C(C=CC2=C(C)C(=C(C)S2)C2=C(C3=C(C)SC4=C3C=CC(C=CC3=CC=C(OC)C=C3)=C4)C(F)(F)C(F)(F)C2(F)F)C=C1,2.624033343
CC1(F)CS(=O)(=O)C(F)C1(F)F,1.24301094
COC1=CC=C(C=CC2=CC=C3C(SC(C)=C3C3=C(C4=C(C)SC(C=CC5=CC=C(C=C5)C#N)=C4C)C(F)(F)C(F)(F)C3(F)F)=C2)C=C1,2.398499506
CC1=C(N)C=CC(SC(F)(F)C(F)(F)C(F)(F)F)=C1,1.675634669
FC(F)(F)C(F)(F)C(F)(F)COOCC(F)(F)C(F)(F)C(F)(F)F,2.061040943
NC1=C(Cl)C=C(C=C1Cl)S(=O)C(F)(C(F)(F)F)C(F)(F)F,1.786116346
FC(F)(F)C(F)(F)C(F)(F)S(=O)(=O)OC1=CC=C(C=C)C=C1,1.799499114
CC(F)(C(F)(F)F)C(F)(F)C(F)(F)C(F)(F)F,2.308054894
FC(F)=C(F)C(F)(F)C(F)(F)C#N,1.91848774
CC1=CC(SC(F)(F)C(F)(F)C(F)(F)C(F)(F)F)=CC(C)=C1N,1.633583179
CCC1=C(NC(=O)C2=C(F)C(=CC=C2)[N+]([O-])=O)C(C)=CC(=C1)C(F)(C(F)(F)F)C(F)(F)C(F)(F)F,2.049995362
CC(=C)C(=O)OC(F)(F)C(F)(F)C(F)(F)F,1.898049267
CC1=CC(=CC(C)=C1C(Cl)=NO)C(F)(C(F)(F)F)C(F)(F)F,1.873574169
FC(F)(F)C(F)(F)C(F)(F)C(F)(F)S(=O)C1=CC=CC=C1,1.809971967
FC(F)(F)CS(=O)(=O)C(F)(F)C(F)(F)C(F)(F)F,1.483988256
CC(=O)OC(F)(F)C(F)(F)C(F)(F)F,1.680609859
FC(F)OC(F)(F)OC(F)(F)OC(F)(F)C(F)(F)OC(F)F,1.593598408
FC(F)(F)N(C(F)(F)C(F)(F)C(F)(F)F)[C@]1(F)C(F)(F)C(F)(F)[C@](F)(C(F)(F)F)C(F)(F)C1(F)F,2.383237233
CCN(CCC(=O)OC=C)S(=O)(=O)C(F)(F)C(F)(F)C(F)(F)C(F)(F)C(F)(F)C(F)(F)C(F)(F)C(F)(F)F,1.738848835
CCN(CCOC(=O)C(C)=C)C(=O)C(F)(F)C(F)(F)C(F)(F)C(F)(F)C(F)(F)C(F)(F)C(F)(F)C(F)(F)F,1.849654086
CN(CCCOC=C)S(=O)(=O)C(F)(F)C(F)(F)C(F)(F)C(F)(F)C(F)(F)C(F)(F)C(F)(F)C(F)(F)F,1.804089161
CN(CCOC(=O)C=C)S(=O)(=O)C(F)(F)C(F)(F)C1(F)C(F)(F)C(F)(F)C(F)(C(F)(F)C(F)(F)F)C(F)(F)C1(F)F,1.966098276
CN(CC(=O)C=C)S(=O)(=O)C(F)(F)C(F)(F)C(F)(F)C(F)(F)C(F)(F)C(F)(F)C(F)(F)C(F)(F)F,1.913716101
O[13C](=O)[13C](F)(F)[13C](F)(F)[13C](F)(F)C(F)(F)[13C](F)(F)F,1.532914435
OC(=O)C(F)(F)C(F)(F)OC(F)(F)C(F)(F)C(F)(F)OC(F)(F)F,1.39966596
FC(=O)C1(F)OC1(F)F,1.260015565
OS(=O)(=O)C(F)(F)C(F)(F)C(F)(F)C(F)(F)C(F)(F)C(F)(F)C(F)(F)C(F)(F)C(F)(F)C(F)(F)OC(F)(F)F,2.006354365
OS(=O)(=O)C(F)(F)C(F)(F)S(F)(F)(F)(F)F,1.11700265
OS(=O)(=O)C(F)(F)C(F)(F)C(F)(F)C(\F)=C(/F)C(F)(F)F,1.578578941
OS(=O)(=O)C(F)(F)C(F)(F)C(F)(F)C(F)(F)C(F)(F)C(F)(F)C(F)(F)C(F)(F)C(F)C(F)(F)F,2.025945944
OS(=O)(=O)C(F)(F)C(F)(F)C(F)(F)C(F)(F)C(F)(F)C(F)(F)C(F)(F)C(F)(F)C(F)(F)C(=O)C(F)(F)F,1.858543802
OS(=O)(=O)C(F)(F)C(F)(F)C(=O)C(F)(F)F,0.723049322
OP(=O)(C(F)(F)C(F)(F)F)C(F)(F)C(F)(F)F,1.256940592
C[N+]1(CCO)CCC(CC1)C(=O)C(F)(F)C(F)(F)C(F)(F)C(F)(F)C(F)(F)C(F)(F)C(F)(F)F,1.569438899
CN(CC(O)=O)S(=O)(=O)C(F)(F)C(F)(F)C(F)(F)C(F)(F)C(F)(F)F,1.477929314
OCC(O)CN(CC(O)CO)C(=O)C(F)(F)C(F)(F)C(F)(F)C(F)(F)C(F)(F)C(F)(F)C(F)(F)C(F)(F)F,1.742228762
C[N+](C)([O-])CCCNC(=O)C(F)(F)C(F)OC(F)(F)C(F)(F)C(F)(F)OC(F)(F)F,1.23503841
C[N+](C)(CC[O-])CCCN(CCO)S(=O)(=O)C(F)(F)C(F)(F)C(F)(F)C(F)(F)C(F)(F)F,1.186558425
OS(=O)(=O)C(F)(F)C(F)(F)C(F)(F)C(F)(F)C(F)=C(F)C(F)(F)F,1.743600801
OS(=O)(=O)C(F)(F)C(F)C(F)=C(F)C(F)(F)F,1.169114367
C[N+](C)(CCCNS(=O)(=O)C(F)(F)C(F)(F)C(F)(F)C(F)(F)C(F)(F)C(F)(F)C(F)(F)C(F)(F)F)CC(O)CS([O-])(=O)=O,1.352093654
CC(C)CCC(F)(F)C(F)(F)C(F)(F)C(F)(F)F,2.492617507
[Cl-].C[N+](C)(CCO)CCCNC(=O)C(F)(OC(F)(F)C(F)(OC(F)(F)C(F)(F)C(F)(F)F)C(F)(F)F)C(F)(F)F,1.155163802
OCC=C(F)C(F)(F)C(F)(F)C(F)(F)C(F)(F)C(F)(F)C(F)(F)C(F)(F)F,2.23602497
[NH4+].CN(CCOP(O)([O-])=O)CCC(F)(F)C(F)(F)C(F)(F)C(F)(F)C(F)(F)F,0.920823818
[NH4+].CCN(CC([O-])=O)C(=O)C(F)(F)C(F)(F)C(F)(F)C(F)(F)C(F)(F)C(F)(F)C(F)(F)F,1.445809359
CCCCCCC(=O)OCC(O)CN(CC)C(=O)C(F)(F)C(F)(F)C(F)(F)C(F)(F)F,1.370423717
OCC(CC(F)(F)C(F)(F)C(F)(F)C(F)(F)C(F)(F)C(F)(F)F)OC(=O)C=C,1.818000413
CC(=O)C(F)(F)C(F)(F)C(F)(F)C(F)(F)C(F)(F)C(F)(F)C(F)(F)C(F)(F)C(F)(F)F,2.228719679
C[Si](C)(Cl)CCC(F)(F)C(F)(F)C(F)(F)F,2.174407038
[Br-].FC(F)(F)C(F)(F)C(F)(F)C(F)(F)C(F)(F)C(F)(F)C(F)(F)C(=O)NCC[N+]1=CC=CC=C1,1.069956007
FC(F)(F)C(F)(F)C(F)(F)C(F)(F)C(F)(F)C(F)(F)C(F)(F)C(F)(F)C(F)(F)C=O,2.289586887
C[N+](C)(CCCNS(=O)(=O)C(F)(F)C(F)(F)C(F)(F)C(F)(F)F)CCC([O-])=O,0.884497712
OS(=O)(=O)CCCNS(=O)(=O)C(F)(F)C(F)(F)C(F)(F)C(F)(F)C(F)(F)C(F)(F)C(F)(F)C(F)(F)F,1.598799228
FC(F)(F)C(F)(F)C(F)(F)CCCCC(F)(F)C(F)(F)C(F)(F)F,2.316685749
CCCCCCCCCC[N+](C)(C)CCCNS(=O)(=O)C(F)(F)C(F)(F)C(F)(F)C(F)(F)C(F)(F)C(F)(F)C(F)(F)C(F)(F)F,1.892317518
OC(COCCC(F)(F)C(F)(F)C(F)(F)C(F)(F)C(F)(F)C(F)(F)F)CSCCC(F)(F)C(F)(F)C(F)(F)C(F)(F)C(F)(F)C(F)(F)F,2.218795854
[NH4+].[O-]C(=O)C(F)(F)C(F)(F)C(F)(F)C(F)(F)C(F)(F)C(F)(F)C(F)(F)C(F)(F)C(F)(F)C(F)(F)C(F)(F)C(F)(F)F,1.939882061
FC(F)C(F)(F)C(F)(F)C(F)(F)C=C,2.22022381
CC(O)(CCOC(=O)C(F)(OC(F)(F)C(F)(OC(F)(F)C(F)(F)C(F)(F)F)C(F)(F)F)C(F)(F)F)C#C,2.124380102
CCCCCCCCCCCCC(CCCCCCCCCC)COCC(O)CSCCC(F)(F)C(F)(F)C(F)(F)C(F)(F)C(F)(F)C(F)(F)C(F)(F)C(F)(F)F,2.104520664
CCCN(CCO[PH](O)=O)S(=O)(=O)C(F)(F)C(F)(F)C(F)(F)C(F)(F)C(F)(F)C(F)(F)F,1.523350508
FC(F)(F)C(F)(F)C(F)(F)C(F)(F)C(F)(F)CCCCC(F)(F)C(F)(F)C(F)(F)C(F)(F)C(F)(F)F,2.432018539
OC(=O)CSCCC(F)(F)C(F)(F)C(F)(F)C(F)(F)C(F)(F)C(F)(F)C(F)(F)C(F)(F)C(F)(F)C(F)(F)F,2.142998811
CN(CC(O)=O)S(=O)(=O)C(F)(F)C(F)(F)C(F)(F)C(F)(F)C(F)(F)C(F)(F)C(F)(F)F,1.713976416
CCC[Si](Cl)(CCC)CCC(F)(F)C(F)(F)C(F)(F)F,2.272077069
C[N+](C)([O-])CCCNS(=O)(=O)C(F)(F)C(F)(F)C(F)(F)C(F)(F)C(F)(F)C(F)(F)C(F)(F)C(F)(F)C(F)(F)C(F)(F)F,1.808175747
OS(=O)(=O)CCCNS(=O)(=O)C(F)(F)C(F)(F)C(F)(F)C(F)(F)C(F)(F)C(F)(F)F,1.358177311
CCC[Si](CCC)(CCC(F)(F)C(F)(F)C(F)(F)F)OC,2.020422737
C[N+](C)([O-])CCCNC(=O)C1(F)C(F)(F)C(F)(F)C(F)(F)C1(F)C1(F)C(F)(F)C(F)(F)C(F)(F)C(F)(F)C1(F)F,1.973957108
CO[Si](CCC(F)(F)F)(CCC(F)(F)F)CCC(F)(F)C(F)(F)C(F)(F)C(F)(F)C(F)(F)F,2.169008872
CN(CCOS(O)(=O)=O)S(=O)(=O)C(F)(F)C(F)(F)C(F)(F)C(F)(F)C(F)(F)C(F)(F)C(F)(F)C(F)(F)C(F)(F)C(F)(F)C(F)(F)C(F)(F)F,2.006188548
CCN(CC)CCCNC(=O)C(F)(F)C(F)(F)C(F)(F)C(F)(F)C(F)(F)C(F)(F)C(F)(F)C(F)(F)F,1.653286506
OP(O)(=O)OCC(Cl)CC(F)(F)C(F)(F)C(F)(F)C(F)(F)C(F)(F)C(F)(F)C(F)(C(F)(F)F)C(F)(F)F,2.049899235
OC(=O)C=C(F)C(F)(F)F,0.699488357
[I-].C[N+](C)(C)CCOCCSCCC(F)(F)C(F)(F)C(F)(F)C(F)(F)C(F)(F)C(F)(F)C(F)(F)C(F)(F)F,1.580529328
C[N+](C)(C)CCCNS(=O)(=O)C(F)(F)C(F)(F)C(F)(F)C(F)(F)C(F)(F)C(F)(F)C(F)(F)C(F)(F)C(F)(F)F,1.810404661
FC(F)(F)C(F)(F)C(F)(F)C(F)(F)C(F)(F)C(F)(F)C(F)(F)COCC1CO1,2.141520537
C[N+](C)(CCO)CCCN(CCO)S(=O)(=O)C(F)(F)C(F)(F)C(F)(F)C(F)(F)C(F)(F)C(F)(F)C(F)(F)C(F)(F)C(F)(F)C(F)(F)F,1.895848079
OC(=O)CCCCN(CCCCC(O)=O)S(=O)(=O)C(F)(F)C(F)(F)C(F)(F)C(F)(F)C(F)(F)C(F)(F)C(F)(F)C(F)(F)F,1.351123995
CNCCCNS(=O)(=O)C(F)(F)C(F)(F)C(F)(F)C(F)(F)C(F)(F)C(F)(F)F,1.367275568
[Cl-].CCCN(CCC[N+](C)(C)CC1=CC=CC=C1)C(=O)C(F)(F)C(F)(F)C(F)(F)C(F)(F)C(F)(F)C(F)(F)C(F)(F)C(F)(F)F,1.492323622
OC(=O)C(F)OC(F)(F)C(F)(F)OC(F)(F)OC(F)(F)OC(F)(F)F,1.159570889
OC(=O)C(F)C(F)(F)OC(F)(F)C(F)(F)OC(F)(F)OC(F)(F)OC(F)(F)OC(F)(F)F,1.39772115
OC(=O)CCOC(F)(F)C(F)(F)OC(F)(F)C(F)(F)C(F)(F)F,1.439455308
C[N+](C)(CCO)CCCN(CCCS([O-])(=O)=O)S(=O)(=O)C(F)(F)C(F)(F)C(F)(F)C(F)(F)C(F)(F)F,1.051301344
OC(CC(F)(F)C(F)(F)C(F)(F)C(F)(F)C(F)(F)C(F)(F)C(F)(F)C(F)(F)F)S(O)(=O)=O,2.0237531
C[N+](C)(CCC(F)(F)C(F)(F)F)CC([O-])=O,1.375257097
OS(=O)(=O)CC(=O)CC(F)(F)C(F)(F)C(F)(F)C(F)(F)C(F)(F)C(F)(F)C(F)(F)C(F)(F)C(F)(F)C(F)(F)C(F)(F)C(F)(F)F,2.089950146
OS(=O)(=O)OCCC(F)(F)C(F)(F)C(F)(F)C(F)(F)C(F)(F)C(F)(F)C(F)(F)C(F)(F)C(F)(F)C(F)(F)C(F)(F)C(F)(F)C(F)(F)C(F)(F)F,2.273836975
CN(CCCNS(=O)(=O)CCC(F)(F)C(F)(F)C(F)(F)C(F)(F)C(F)(F)C(F)(F)C(F)(F)C(F)(F)C(F)(F)C(F)(F)C(F)(F)C(F)(F)C(F)(F)C(F)(F)F)CC(O)=O,2.024599783
C[N+](C)(CCCNS(=O)(=O)CCC(F)(F)C(F)(F)F)CC([O-])=O,0.853660778
CN(C)CCCNS(=O)(=O)C(F)(F)C(F)(F)C(F)(F)C(F)(F)C(F)(F)C(F)(F)C(F)(F)C(F)(F)C(F)(F)F,1.797072939
CN(C)CCCNS(=O)(=O)C(F)(F)C(F)(F)C(F)(F)C(F)(F)C(F)(F)C(F)(F)C(F)(F)C(F)(F)C(F)(F)C(F)(F)C(F)(F)F,1.930004815
CNS(=O)(=O)C(F)(F)C(F)(F)C(F)(F)C(F)(F)C(F)(F)C(F)(F)C(F)(F)C(F)(F)C(F)(F)C(F)(F)C(F)(F)C(F)(F)C(F)(F)C(F)(F)F,2.182182518
C[N+](C)([O-])CCCNS(=O)(=O)C(F)(F)C(F)(F)C(F)(F)F,0.817469362
C[N+](C)(CCCNC(=O)C(F)(F)C(F)(F)C(F)(F)F)CC([O-])=O,1.004826669
OS(=O)C(F)(F)C(F)(F)C(F)(F)C(F)(F)C(F)(F)C(F)(F)C(F)(F)C(F)(F)C(F)(F)F,1.996694956
OS(=O)(=O)C1(F)C(F)(F)C(F)(F)C(F)(F)C1(F)F,1.389535727
C[N+](C)(CCCN(CCC(O)=O)S(=O)(=O)C(F)(F)C(F)(F)C(F)(F)C(F)(F)C(F)(F)C(F)(F)C(F)(F)C(F)(F)C(F)(F)C(F)(F)F)CCC([O-])=O,1.597174202
CCN(CCC[N+](C)(C)CCC([O-])=O)S(=O)(=O)C(F)(F)C(F)(F)C(F)(F)C(F)(F)C(F)(F)C(F)(F)C(F)(F)C(F)(F)C(F)(F)F,1.617869792
OC(=O)C1(F)C(F)(F)C(F)(F)C(F)(F)C(F)(C(F)(F)C(F)(F)C(F)(F)C(F)(F)C(F)(F)F)C1(F)F,2.062479461
C[N+](C)(CCCNS(=O)(=O)C(F)(F)C(F)(F)C(F)(F)C(F)(F)C(F)(F)C(F)(F)C(F)(F)C(F)(F)C(F)(F)C(F)(F)F)CC(O)CS(O)(=O)=O,1.720959514
OS(=O)(=O)C(F)(Cl)C(F)(F)C(F)(F)F,0.870293061
C[N+](CCO)(CCCNS(=O)(=O)C(F)(F)C(F)(F)C(F)(F)C(F)(F)C(F)(F)C(F)(F)C(F)(F)C(F)(F)C(F)(F)C(F)(F)C(F)(F)C(F)(F)F)CCCS(O)(=O)=O,1.81862496
C[N+](C)(CCCN(CC(O)=O)S(=O)(=O)C(F)(F)C(F)(F)C(F)(F)C(F)(F)C(F)(F)C(F)(F)C(F)(F)C(F)(F)C(F)(F)C(F)(F)C(F)(F)F)CC(O)CS(O)(=O)=O,1.781747293
C[N+](C)(CCCNS(=O)(=O)C(F)(F)C(F)(F)C(F)(F)C(F)(F)C(F)(F)C(F)(F)C(F)(F)C(F)(F)C(F)(F)F)CCCS([O-])(=O)=O,1.42290372
C[N+](C)(CCCN(CC(O)=O)S(=O)(=O)C(F)(F)C(F)(F)C(F)(F)C(F)(F)C(F)(F)C(F)(F)C(F)(F)C(F)(F)C(F)(F)C(F)(F)F)CCCS([O-])(=O)=O,1.561215072
OC1=C(F)C(F)=C(F)C(F)=C1I,2.042599807
FC1=C(F)C(F)=C(C(F)=C1F)[Si](Cl)(Cl)CCC(F)(F)C(F)(F)C(F)(F)C(F)(F)C(F)(F)C(F)(F)F,2.809677956
OC(=O)C(F)(F)OC(F)(F)C(F)(F)C(F)(F)C(F)(F)C(F)(F)C(\F)=C(/F)C(F)(F)F,1.944783069
OC(=O)C(F)(F)OC(F)(F)C(F)(F)C(F)(F)C(F)(F)C(F)(F)C(F)(F)C(\F)=C(/F)C(F)(F)C(F)(F)C(F)(F)C(F)(F)C(F)(F)C(F)(F)F,2.261273089
CN(CCC[N+](C)(C)C)S(=O)(=O)C(F)(F)C(F)(F)C(F)(F)C(F)(F)C(F)(F)C(F)(F)C(F)(F)C(F)(F)C(F)(F)C(F)(F)F,1.938890973
OS(=O)(=O)OC(F)C(F)C(F)C(F)C(F)C(F)C(F)C(F)C(F)C(F)C(F)C(F)(F)C(F)(F)F,1.614788396
C[N+](C)(C)CCNCC(F)(F)C(F)(F)C(F)(F)C(F)(F)C(F)(F)C(F)(F)C(F)(F)C(F)(F)C(F)(F)C(F)(F)C(F)(F)F,2.20965068
CCCC[N+](C)(C)CC(F)(F)C(F)(F)C(F)(F)C(F)(F)C(F)(F)C(F)(F)C(F)(F)C(F)F,2.19137216
CCCC[N+](C)(C)CC(F)(F)C(F)(F)C(F)(F)C(F)(F)C(F)(F)C(F)(F)C(F)(F)C(F)(F)C(F)(F)C(F)F,2.264513615
OS(=O)(=O)C(F)(F)C(Cl)(Cl)C(F)(F)C(F)(F)C(F)(F)C(F)(F)C(F)(F)C(F)(F)C(F)(F)C(F)(F)C(F)(F)F,2.041556222
CN(C)CCC(CO)N(CCCS(O)(=O)=O)S(=O)(=O)C(F)(F)C(F)(F)C(F)(F)C(F)(F)C(F)(F)C(F)(F)C(F)(F)C(F)(F)C(F)(F)C(F)(F)C(F)(F)C(F)(F)F,1.857875289
CC[N+](C)(C)CC(F)(F)C(F)(F)C(F)(F)C(F)(F)C(F)F,1.842965231
CC[N+](C)(C)CC(F)(F)C(F)(F)C(F)(F)C(F)(F)C(F)(F)C(F)F,1.94562563
CC[N+](C)(C)CC(F)(F)C(F)(F)C(F)(F)C(F)(F)C(F)(F)C(F)(F)C(F)(F)C(F)(F)C(F)(F)C(F)(F)C(F)(F)C(F)(F)C(F)F,2.387408106
OC(=O)C(F)(F)C(F)(Cl)C(F)(F)C(F)(F)C(F)(F)C(F)(F)C(F)(F)C(F)(F)C(F)(F)F,1.901428965
C[N+](C)(C)CC(F)(F)C(F)(F)C(F)(F)C(F)(F)C(F)(F)C(F)(F)C(F)(F)C(F)F,2.194072299
C[N+](C)(CC(F)C(F)(F)C(F)(F)C(F)(F)C(F)(F)F)CC(O)=O,1.689844644
C[N+](C)(CCC(CO)NS(=O)(=O)C(F)(F)C(F)(F)C(F)(F)C(F)(F)C(F)(F)C(F)(F)C(F)(F)C(F)(F)C(F)(F)F)CC(O)CO,1.707977784
C[N+](C)(CCC(CO)NS(=O)(=O)C(F)(F)C(F)(F)C(F)(F)C(F)(F)C(F)(F)C(F)(F)C(F)(F)C(F)(F)C(F)(F)C(F)(F)C(F)(F)F)CC(O)CO,1.841247299
CCN(CCC[N+](C)(C)CC)S(=O)(=O)C(F)(F)C(F)(F)C(F)(F)C(F)(F)C(F)(F)C(F)(F)C(F)(F)F,1.648086932
CCN(CCC[N+](C)(C)CC)S(=O)(=O)C(F)(F)C(F)(F)C(F)(F)C(F)(F)C(F)(F)C(F)(F)C(F)(F)C(F)(F)C(F)(F)F,1.779569553
CCNS(=O)(=O)C(F)(F)C(F)(F)C(F)(F)C(F)(F)C(F)(F)C(F)(F)C(F)(F)C(F)(F)C(F)(F)C(F)(F)C(F)(F)C(F)(F)C(F)(F)C(F)(F)F,2.11772342
C[N+](C)(CC(F)C(F)(F)C(F)(F)C(F)(F)C(F)(F)C(F)(F)C(F)(F)C(F)(F)C(F)(F)C(F)(F)F)CC(O)=O,2.101320528
C[N+](C)(CCO)CCCN(CC(O)CS([O-])(=O)=O)S(=O)(=O)C(F)(F)C(F)(F)C(F)(F)C(F)(F)F,0.893309351
OCCOC1(F)OC(F)(F)OC1OC(F)(F)F,1.042004347
OC(=O)C(F)(F)C(F)(F)C(F)(F)S(F)(F)(F)(F)F,1.266536416
OC(=O)C(F)(F)C(F)(F)C(F)(F)C(F)(F)C(F)(F)C(F)(F)C(F)(F)C(F)(F)C(F)(F)C(F)(F)C(F)(F)C(F)(F)C(F)(F)C(F)(F)S(F)(F)(F)(F)F,2.147689263
NS(=O)(=O)C(F)(F)C(F)(F)C(F)(F)C(F)(F)C(F)(F)C(F)(F)C(F)(F)C(F)(F)C(F)(F)C(F)(F)C(F)(F)C(F)(F)C(F)(F)F,2.188288061
C[N+](C)(C)CCCNC(=O)CS(=O)(=O)CCC(F)(F)C(F)(F)C(F)(F)C(F)(F)F,1.171379256
C[N+](C)(C)CC(O)CS(=O)(=O)CCC(F)(F)C(F)(F)C(F)(F)C(F)(F)C(F)(F)C(F)(F)F,1.646170429
CC(C)(CS(O)(=O)=O)NC(=O)CCS(=O)(=O)CCC(F)(F)C(F)(F)C(F)(F)C(F)(F)C(F)(F)C(F)(F)C(F)(F)C(F)(F)F,1.583459175
FC(F)(F)C(F)(F)C(F)(F)C(F)(F)C(F)(F)C(F)(F)C(F)(F)C(F)(F)C(F)(F)C(F)(F)CCSC(=O)NCCCCCC=O,2.05543227
OC(=O)CCCCNC(=O)CCNC(=O)SCCC(F)(F)C(F)(F)C(F)(F)C(F)(F)C(F)(F)C(F)(F)C(F)(F)C(F)(F)C(F)(F)C(F)(F)C(F)(F)C(F)(F)C(F)(F)C(F)(F)F,1.722796969
OC(CC(O)=O)SCCC(F)(F)C(F)(F)C(F)(F)C(F)(F)C(F)(F)C(F)(F)C(F)(F)C(F)(F)C(F)(F)C(F)(F)C(F)(F)C(F)(F)F,2.120846811
OC(=O)CCSCCC(F)(F)C(F)(F)C(F)(F)C(F)(F)C(F)(F)C(F)(F)C(F)(F)C(F)(F)C(F)(F)C(F)(F)F,2.07418136
C[N+](C)(CCC(F)C(F)(F)F)CC([O-])=O,1.327303662
C[N+](C)(CCC(F)C(F)(F)C(F)(F)C(F)(F)C(F)(F)C(F)(F)C(F)(F)C(F)(F)C(F)(F)C(F)(F)C(F)(F)F)CC([O-])=O,2.172831739
[H]\C(CS(O)(=O)=O)=C(\F)C(F)(F)C(F)(F)C(F)(F)C(F)(F)C(F)(F)F,2.070371971
OS(=O)(=O)CC=C(F)C(F)(F)C(F)(F)C(F)(F)C(F)(F)C(F)(F)C(F)(F)C(F)(F)C(F)(F)C(F)(F)F,2.193514337
CC(=O)OC(C(CO)C(F)(F)C(F)(F)C(F)(F)C(F)(F)C(F)(F)C(F)(F)C(F)(F)C(F)(F)C(F)(F)C(F)(F)F)C(CO)[N+](C)(C)CC([O-])=O,1.688117712
C[N+](C)(CCCC(F)(F)C(F)(F)C(F)(F)C(F)(F)C(F)(F)C(F)(F)C(F)(F)C(F)(F)C(F)(F)C(F)(F)C(F)(F)C(F)(F)C(F)(F)C(F)(F)C(F)(F)F)CC([O-])=O,2.320926163
OS(=O)(=O)CCCC(F)(F)C(F)(F)C(F)(F)C(F)(F)C(F)(F)C(F)(F)C(F)(F)F,1.967586677
OS(=O)(=O)CCCC(F)(F)C(F)(F)C(F)(F)C(F)(F)C(F)(F)C(F)(F)C(F)(F)C(F)(F)C(F)(F)C(F)(F)C(F)(F)C(F)(F)C(F)(F)C(F)(F)F,2.304828288
OC(C(O)=O)C(=O)SC(=O)CCC(F)(F)C(F)(F)F,0.765195493
OC(C(O)=O)C(=O)SC(=O)CCC(F)(F)C(F)(F)C(F)(F)C(F)(F)C(F)(F)F,1.447008135
OC(CSC(=O)CCC(F)(F)C(F)(F)C(F)(F)F)C(O)=O,1.188061732
OC(CSC(=O)CCC(F)(F)C(F)(F)C(F)(F)C(F)(F)C(F)(F)C(F)(F)C(F)(F)C(F)(F)C(F)(F)C(F)(F)F)C(O)=O,1.962528608
CC(=O)OC(CC(F)(F)C(F)(F)F)C[N+](C)(C)CC([O-])=O,1.097979574
C[N+](C)(CC=O)CC(CC(F)(F)C(F)(F)C(F)(F)C(F)(F)F)OC=O,1.613119177
CN(C)CC(OCO)C(OC=O)C(F)(F)C(F)(F)F,1.122872062
CN(C)CC(OCO)C(OC=O)C(F)(F)C(F)(F)C(F)(F)C(F)(F)C(F)(F)C(F)(F)C(F)(F)C(F)(F)C(F)(F)C(F)(F)C(F)(F)C(F)(F)F,2.046733542
CN(C)CC(O)CC(F)(F)C(F)(F)C(F)(F)C(F)(F)C(F)(F)C(F)(F)C(F)(F)C(F)(F)F,2.124337029
C[N+](C)(C)CC(O)CC(F)(F)C(F)(F)C(F)(F)C(F)(F)F,1.762829862
C[N+](C)(CCC(O)=O)CC(O)CC(F)(F)C(F)(F)C(F)(F)C(F)(F)C(F)(F)C(F)(F)F,1.605693942
C[N+](C)(CC(O)CC(F)(F)C(F)(F)C(F)(F)C(F)(F)C(F)(F)C(F)(F)F)C(O)=O,1.622908967
C[N+](C)(CC(O)CC(F)(F)C(F)(F)C(F)(F)C(F)(F)C(F)(F)C(F)(F)C(F)(F)C(F)(F)C(F)(F)C(F)(F)F)C(O)=O,1.9560913
[H]C(C(O)CN(C)C)=C(F)C(F)(F)C(F)(F)C(F)(F)C(F)(F)C(F)(F)F,1.986402159
C[N+](C)(CC(O)C=C(F)C(F)(F)C(F)(F)C(F)(F)C(F)(F)C(F)(F)C(F)(F)C(F)(F)C(F)(F)C(F)(F)C(F)(F)C(F)(F)F)CC([O-])=O,2.183360634
C[N+](C)(CC(O)C=C(F)C(F)(F)C(F)(F)C(F)(F)C(F)(F)C(F)(F)C(F)(F)C(F)(F)C(F)(F)C(F)(F)C(F)(F)C(F)(F)C(F)(F)C(F)(F)C(F)(F)C(F)(F)F)CC([O-])=O,2.310126831
OS(=O)(=O)C(F)(F)C(F)(F)C(F)(F)C(F)(F)C(F)(F)C(F)(F)C(F)(F)C(F)(F)C(F)(F)C(F)(F)C(F)(F)C(F)(F)C(F)C(F)(F)F,2.228078465
FC(F)OC(Cl)(Br)C(F)(F)F,1.544584267
FC1(F)C(F)(F)[C@](F)(Cl)[C@@]1(F)Cl,2.600656373
CC1=C(OC2=C1C(CCC2)=NNC(=O)C(F)(F)C(F)(F)C(F)(F)F)C(=O)NC1=CC=C(C=C1)N=NC1=CC=CC=C1,1.707382051
CCN(CCOC=O)C1=CC=C(C=C1)N=NC1=CC=C(C=C1)S(=O)(=O)OCC(F)(F)C(F)F,1.419116258
FC(Cl)C(F)(F)C(F)Br,1.64882646
[O-]S(=O)(=O)C(F)(F)C(F)(F)C(F)(F)C(F)(F)C(F)(F)C(F)(F)C(F)(F)C(F)(F)F,1.736890167
FC(F)C(F)(F)SC1=CC(Cl)=C(NC(=O)NC(=O)C2=C(F)C=CC=C2F)C=C1,1.985129616
NC1=CC(Cl)=C(SC(F)(F)C(F)F)C=C1,1.900983342
CC1=CC(N)=C(C)C=C1SC(F)(F)C(F)F,1.540293449
FC(F)C(F)(F)S(=O)(=O)C1=CC(F)=C(NC(=O)NC(=O)C2=C(F)C=CC=C2F)C=C1,1.325083177
FC(F)C(F)(F)S(=O)(=O)C1=C(Cl)C=C(NC(=O)NC(=O)C2=C(F)C=CC=C2F)C(Cl)=C1,1.708534965
FC(F)(F)C(=CC(=O)C1=C2C=CC=CC2=CC2=CC=CC=C12)C(F)(F)F,2.704174628
ON=C(CC(O)(C(F)(F)Cl)C(F)(F)Cl)CC(O)(C(F)(F)Cl)C(F)(F)Cl,1.362571597
OC(CC(=O)C(=O)C1=CC=C(C=C1)[N+]([O-])=O)(C(F)(F)F)C(F)(F)F,1.482132634
OC(CC(=O)CC1=CC=CC=C1)(C(F)(F)F)C(F)(F)F,1.443531796
OC(CC1=CC=CC(C=O)=N1)(C(F)(F)F)C(F)(F)F,1.435628132
FC(F)=C(F)OC(F)(C(F)(F)F)C(F)(F)F,2.285469903
O.FC(F)(F)C(=O)C(F)(F)F,1.088620725
NC1=CC=CC(=C1F)C(F)(F)F,1.741598807
COC(C(F)(F)F)C(F)(F)F,1.619562438
CC1(C)OC2=C(C=C(C=C2)C(F)(F)C(F)(F)F)[C@H]([C@@H]1O)N1CCCCC1=O,1.514894944
FC(F)(F)C(=C=C(C(F)(F)F)C(F)(F)F)C(F)(F)F,2.097180687
FC(F)(F)C(F)(F)C(F)(F)C(F)(F)C(F)(F)C(F)(F)C(F)(F)C(F)(F)CCCCCCCCCCCOP(=O)(N1CCOCC1)N1CCOCC1,1.786831855
CN(C(=O)C1=CC(=CC(=C1)C(F)(F)F)C(F)(F)F)C1=NC(=C(Cl)S1)C(F)(F)F,2.386910665
FC1=C(F)C(F)=C(NC2=C(F)C(F)=C(F)C(F)=C2F)C(F)=C1F,3.012917794
CC1=CC=C(OC(F)(F)C(F)F)C=C1,2.446302365
FC1=CC(F)=C(F)C(Cl)=C1F,3.192071933
CCOC(=O)C(F)(F)C(F)(F)C(F)(F)C(Cl)=O,1.313200578
FC1=CC(F)=C(F)C(N=C=S)=C1F,2.740824361
Cl.NCCSC(O)(C(F)(F)F)C(F)(F)F,1.055345596
NC(=O)C1=CC(=CC(=C1)C(F)(F)F)C(F)(F)F,1.717227187
[NH4+].[O-]C(=O)C(F)(F)C(F)(F)C(F)(F)C(F)F,1.287305351
FC1=CC(F)=C(NS(=O)(=O)C(F)(F)F)C=C1,1.237404106
FC1=CC(F)=C(Br)C(F)=C1,2.880945833
NNC(=O)C1=CC(=CC(=C1)C(F)(F)F)C(F)(F)F,2.151953928
FC(F)(F)C1=CC(=CC(=C1)C#N)C(F)(F)F,2.092837523
FC(F)C(F)(F)C(F)(F)C(F)(F)C(F)(F)C(F)(F)COC(=O)C=C,2.120087743
[O-][N+](=O)C1=CC(=CC(=C1)C(F)(F)F)C(F)(F)F,2.30737105
FC(F)(F)C(F)(F)C(F)(F)C(F)(F)C(F)(F)C(F)(F)Br,2.281675365
NC1=NC(=CS1)C(F)(F)F,1.313272359
FC(F)(F)CI,1.587175194
[O-][N+](=O)C1=CC=CC(=C1)C(=O)C=C(C(F)(F)F)C(F)(F)F,2.120509029
[NH4+].[O-]P(=O)(OCC(F)(F)C(F)(F)C(F)(F)F)OCC(F)(F)C(F)(F)C(F)(F)F,1.113721754
C[N+](C)(CCCN(CCC([O-])=O)S(=O)(=O)C(F)(F)C(F)(F)C(F)(F)C(F)(F)C(F)(F)C(F)(F)F)CCC([O-])=O,1.28598532
FC(F)(F)C(F)(F)C(F)(F)C(F)(F)C(F)(Cl)C(F)(F)F,2.341843561
C[N+](C)(CCC(F)(F)C(F)(F)C(F)(F)C(F)(F)C(F)(F)C(F)(F)C(F)(F)C(F)(F)F)CC([O-])=O,2.04203106
OS(=O)(=O)CCC(F)(F)C(F)(F)F,0.894046852
C[N+](C)(CCCNC(=O)C(F)(F)C(F)(F)C(F)(F)C(F)(F)C(F)(F)C(F)(F)C(F)(F)C(F)(F)C(F)(F)C(F)(F)C(F)(F)C(F)(F)C(F)(F)C(F)(F)F)CC([O-])=O,2.018233436
CCCCCCCCCCCCCCCC[N+]1=CC=CC=C1.[O-]S(=O)(=O)C(F)(F)C(F)(F)C(F)(F)C(F)(F)C(F)(F)C(F)(F)C(F)(F)C(F)(F)F,1.391798841
CC(C)(CS(O)(=O)=O)NC(=O)CCS(=O)CCC(F)(F)C(F)(F)C(F)(F)C(F)(F)C(F)(F)C(F)(F)C(F)(F)C(F)(F)C(F)(F)C(F)(F)F,1.822251073
OS(=O)C(F)(F)C(F)(F)C(F)(F)F,1.024919745
CC(F)(F)C(F)(F)C(F)(F)C(F)(F)C(F)(F)C(F)(F)F,2.399775428
CC(O)(CCO[Si](C)(C)CCC(F)(OC(F)(F)C(F)(OC(F)(F)C(F)(F)C(F)(F)F)C(F)(F)F)C(F)(F)F)C#C,2.21912244
OCC=C(F)C(F)(F)C(F)(F)C(F)(F)F,1.776114634
FC(F)(F)C(F)(F)C(F)(F)C(F)(F)C(F)(F)C(F)(F)C(F)(F)C(F)(F)C(F)(F)C(F)(F)C(F)(F)Br,2.428813988
[I-].C[N+](C)(C)CCCNCS(=O)(=O)C(F)(F)C(F)(F)C(F)(F)C(F)(F)C(F)(F)C(F)(F)C(F)(F)C(F)(F)F,1.201889267
CCOS([O-])(=O)=O.CC[N+](C)(C)CCCNS(=O)(=O)C(F)(F)C(F)(F)C(F)(F)C(F)(F)C(F)(F)C(F)(F)C(F)(F)C(F)(F)F,1.074797076
OCCOCCOCCC(F)(F)C(F)(F)C(F)(F)C(F)(F)C(F)(F)C(F)(F)F,1.933533973
FC(F)(F)C(F)(F)C(F)(F)C(F)(F)C(F)(F)Br,2.201913097
[NH4+].[O-]P(=O)(OCCC(F)(F)C(F)(F)C(F)(F)C(F)(F)C(F)(F)C(F)(F)C(F)(F)F)OCCC(F)(F)C(F)(F)C(F)(F)C(F)(F)C(F)(F)C(F)(F)C(F)(F)F,1.678677871
CC[Si](Cl)(CC)CCC(F)(F)C(F)(F)C(F)(F)C(F)(F)C(F)(F)F,2.232394611
FC(F)(F)CC[Si](Cl)(CCC(F)(F)F)CCC(F)(F)C(F)(F)C(F)(F)C(F)(F)F,2.378028005
CC[Si](CC)(CCC(F)(F)C(F)(F)C(F)(F)C(F)(F)C(F)(F)F)OC,1.9877871
C[N+](C)([O-])CCCNC(=O)C1(F)C(F)(F)C(OC(F)(F)F)C(F)(OC(F)(F)F)C(F)(F)C1(F)F,1.642000254
OP(=O)(C(F)(F)C(F)(F)C(F)(F)C(F)(F)F)C(F)(F)C(F)(F)C(F)(F)C(F)(F)C(F)(F)C(F)(F)C(F)(F)C(F)(F)F,2.117660891
OP(=S)(C(F)(F)C(F)(F)C(F)(F)C(F)(F)C(F)(F)C(F)(F)C(F)(F)C(F)(F)F)C(F)(F)C(F)(F)C(F)(F)C(F)(F)C(F)(F)C(F)(F)C(F)(F)C(F)(F)F,2.393126478
[NH4+].[NH4+].[O-]P([O-])(=O)OCCCC(F)(F)C(F)(F)C(F)(C(F)(F)F)C(F)(F)F,0.8835248
C[Si](C)(Cl)CCC(F)(F)C(F)(F)F,2.051549854
FC(F)(F)C(F)(F)CCCCCCCCC(F)(F)C(F)(F)F,2.241211827
C[N+](C)(CCOS([O-])(=O)=O)CC=C(F)C(F)(F)C(F)(F)C(F)(F)C(F)(F)C(F)(F)C(F)(F)C(F)(F)F,1.805077072
CC(=O)OC(CC(F)(F)C(F)(F)C(F)(F)C(F)(F)C(F)(F)C(F)(F)F)C[N+](C)(C)CC([O-])=O,1.681078338
[Cl-].C[N+](C)(CCO)CCCNC(=O)C(F)(F)C(F)(F)C(F)(F)C(F)(F)C(F)(F)C(F)(F)C(F)(F)C(F)(F)F,1.218305489
C[N+](C)(CCCNS(=O)(=O)C(F)(F)C(F)(F)C(F)(F)C(F)(F)F)CCCS([O-])(=O)=O,0.660781515
OCCOCCOCCOCCOCCOCCOCCC(F)(F)C(F)(F)C(F)(F)C(F)(F)C(F)(F)C(F)(F)C(F)(F)C(F)(F)F,1.829077523
C[N+](C)(CCCNS(=O)(=O)C(F)(F)C(F)(F)C(F)(F)F)CCC([O-])=O,0.670744611
[I-].C[N+](C)(C)CCCCCNC(=O)C(F)(F)C(F)(F)C(F)(F)C(F)(F)C(F)(F)C(F)(F)C(F)(F)F,1.157771416
OC(=O)C(F)OC(F)(F)C(F)(F)C(F)(F)OC(F)(F)C(F)(F)C(F)(F)F,1.501479802
OCC(=O)SC(=O)CCC(F)(F)C(F)(F)C(F)(F)C(F)(F)C(F)(F)F,1.782416741
OCC(=O)SC(=O)CCC(F)(F)C(F)(F)C(F)(F)C(F)(F)C(F)(F)C(F)(F)C(F)(F)F,1.94063152
OC(C(O)=O)C(=O)SC(=O)CCC(F)(F)C(F)(F)C(F)(F)C(F)(F)C(F)(F)C(F)(F)C(F)(F)C(F)(F)C(F)(F)C(F)(F)F,1.846139089
OC(C(O)=O)C(=O)SC(=O)CCC(F)(F)C(F)(F)C(F)(F)C(F)(F)C(F)(F)C(F)(F)C(F)(F)C(F)(F)C(F)(F)C(F)(F)C(F)(F)C(F)(F)F,1.938880329
OC(CSC(=O)CCC(F)(F)C(F)(F)C(F)(F)C(F)(F)C(F)(F)C(F)(F)C(F)(F)F)C(O)=O,1.763964313
CN(C)CC(OCO)C(OC=O)C(F)(F)C(F)(F)C(F)(F)C(F)(F)C(F)(F)C(F)(F)C(F)(F)C(F)(F)C(F)(F)C(F)(F)F,1.952698988
CNCC(O)CC(F)(F)C(F)(F)C(F)(F)C(F)(F)C(F)(F)C(F)(F)C(F)(F)C(F)(F)C(F)(F)C(F)(F)C(F)(F)C(F)(F)C(F)(F)C(F)(F)C(F)(F)C(F)(F)F,2.376561074
C[N+](C)(CCC(O)=O)CC(O)CC(F)(F)C(F)(F)C(F)(F)C(F)(F)F,1.368838574
C[N+](C)(CCC(O)=O)CC(O)CC(F)(F)C(F)(F)C(F)(F)C(F)(F)C(F)(F)C(F)(F)C(F)(F)C(F)(F)C(F)(F)C(F)(F)F,1.91581427
C[N+](C)(CC(O)CC(F)(F)C(F)(F)C(F)(F)C(F)(F)F)C(O)=O,1.366745638
C[N+](C)(CC(O)CC(F)(F)C(F)(F)C(F)(F)C(F)(F)C(F)(F)C(F)(F)C(F)(F)C(F)(F)C(F)(F)C(F)(F)C(F)(F)C(F)(F)C(F)(F)C(F)(F)F)C(O)=O,2.148746673
C[N+](C)(CC(O)CC(F)(F)C(F)(F)C(F)(F)C(F)(F)C(F)(F)C(F)(F)C(F)(F)C(F)(F)C(F)(F)C(F)(F)C(F)(F)C(F)(F)C(F)(F)C(F)(F)C(F)(F)C(F)(F)F)C(O)=O,2.22205628
[H]C(C(O)C[N+](C)(C)CC([O-])=O)=C(F)C(F)(F)C(F)(F)C(F)(F)C(F)(F)C(F)(F)F,1.789804987
C[N+](C)(CCCCC(F)(F)C(F)(F)C(F)(F)C(F)(F)C(F)(F)C(F)(F)C(F)(F)C(F)(F)C(F)(F)C(F)(F)C(F)(F)C(F)(F)F)CC([O-])=O,2.253118212
OS(=O)(=O)C(F)(F)C(F)(F)C(F)(F)C(F)(F)C(F)(F)C(F)(F)C(F)(F)C(F)(F)C(F)(F)C(F)(F)C(F)(F)C(F)C(F)(F)F,2.185636973
FC(F)OC(F)(F)C(F)(Cl)Cl,1.522857504
FC(F)(Cl)OC(F)(F)C(F)(F)Cl,1.676624164
CC(F)(F)C(C)(F)F,1.986827037
COC1=CC=C(NC2=C(C=C(C=C2)C(=O)NC2=CC=C(C=C2)N=NC2=CC=CC=C2)S(=O)(=O)C(F)(F)C(F)(F)C(F)(F)F)C=C1,1.841917855
CCCCCCC(F)(F)F,2.057427684
[O-]S(=O)(=O)C(F)(F)F,-0.139995987
FC(F)(F)C(F)(F)C(F)(F)C(F)(F)C(F)(F)C(F)(F)C(F)(F)C(F)(F)S(=O)(=O)NC(=O)NC1CCCCC1,1.527427081
NC1=C(Cl)C=C(SC(F)(F)C(F)F)C=C1,1.825840334
FC(F)C(F)(F)SC1=CC=C(NC(=O)NC(=O)C2=C(F)C=CC=C2F)C=C1,1.717663832
CC1=C(NC(=O)NC(=O)C2=C(F)C=CC=C2F)C=CC(=C1C)S(=O)(=O)C(F)(F)C(F)F,1.345956551
CC(C)(O)CC(O)(C(F)(F)F)C(F)(F)F,1.003396453
FC(F)(F)C(C(=O)NCC(Br)=C)C(F)(F)F,1.092661766
OC[C@H]1O[C@H]([C@H](O)[C@@H]1O)N1C=C(C=NC1=O)C(NC(=O)C(F)(F)F)(C(F)(F)F)C(F)(F)F,0.851315869
FC1=C(F)C(F)=C(P(C2=C(F)C(F)=C(F)C(F)=C2F)C2=C(F)C(F)=C(F)C(F)=C2F)C(F)=C1F,3.493055124
FC1=C(F)C(F)=C(C=C1)C(F)(F)OCCN1C=NC2=C1C(=O)N(C(=O)N2C(F)(F)C1=C(F)C(F)=C(F)C=C1)C(F)(F)C1=C(F)C(F)=C(F)C=C1,2.0549292
FC(F)(F)C(F)(OC(=O)C=C)C(F)(F)F,1.9329177
FC1=NC2=C(C(F)=C1F)C(F)=C(F)C(F)=C2F,2.622532402
FC1=CC=CC(=C1C#N)C(F)(F)F,1.94959153
FC(F)(F)C1=C(Cl)SC(NC(=O)C2=CC(=CC(=C2)C(F)(F)F)C(F)(F)F)=N1,2.392525484
FC(F)(F)C1=C(Cl)SC(=N1)N(COC(=O)C1=CC(=CC(=C1)C(F)(F)F)C(F)(F)F)C(=O)C1=CC(=CC(=C1)C(F)(F)F)C(F)(F)F,2.349412485
CCCS(=O)(=O)NC1=C(NC(=O)C(F)(F)C(F)(F)F)C=C(C=N1)C(F)(F)F,1.195472138
FN(F)C(F)(N(F)F)N(F)F,0.773774171
OC(=O)C1(CCCCC1)C(F)(F)C(F)F,1.071682305
FC(F)(F)C(NC(=O)OCC1=CC=CC=C1)(C(F)(F)F)P(=O)(C1=CC=CC=C1)C1=CC=CC=C1,2.18479854
C[N+](C)(CCC(F)(F)C(F)(F)C(F)(F)C(F)(F)F)CC([O-])=O,1.67942004
COC1=CC(=CC(OC)=C1OC)C(=O)C=C(C(F)(F)F)C(F)(F)F,2.437394187
FC(F)(F)C(F)(F)P1P(P(P1C(F)(F)C(F)(F)F)C(F)(F)C(F)(F)F)C(F)(F)C(F)(F)F,2.261381183
FC(F)(F)C(F)(F)C(F)(F)C(F)(F)C(F)(F)C(F)(F)Cl,2.335388787
COC(=O)C(F)(F)C(F)(F)OC(F)(F)F,1.253768699
CCCCOC(F)(F)C(F)F,1.756574694
OP(C(F)(F)F)C(F)(F)F,0.532703906
NC1=C(F)C=C(F)C=C1F,1.802545242
FC(F)(F)C(F)(F)C=C,1.925878014
FC1=C(F)C(Cl)=C(F)C=C1,3.160870642
FC(F)(F)C1=CC(=C(C=C1)C(F)(F)F)C(F)(F)F,2.877925192
CC(C)OC(=O)C(F)(F)F,0.964844834
FC(F)(F)C1=CC(=CC(C=O)=C1)C(F)(F)F,2.263897539
CCOC(=O)C(F)(F)C(F)(F)C(F)(F)C(F)(F)C(F)(F)C(F)(F)F,2.019284229
FC(F)(F)P,0.697561714
CSC(F)(F)F,1.317738342
FC(F)(F)C1=CC=CC(=C1C(F)(F)F)C(F)(F)F,2.829625864
OCC(F)(F)C(F)(F)CO,0.31440531
FC(F)=C=C,1.684456258
CC(=C)C(=O)OCC(F)(F)C(F)(F)C(F)(F)C(F)(F)C(F)(F)C(F)(F)C(F)(F)C(F)(F)F,2.20880912
CC(C)(O)C(F)(F)F,0.743443127
FC(F)(C1=NN=C(O1)C1=CC=CC=C1)C(F)(F)C(F)(F)C1=NN=C(O1)C1=CC=CC=C1,2.127159311
CC1=C(F)C(F)=CC(F)=C1F,2.95336297
FC1=CC(F)=C(F)C(CBr)=C1F,2.502734432
NC1=C(F)C=CC(=C1)C(F)(F)F,1.807845982
FC1=C(F)C(F)=C(OCC(Cl)=O)C(F)=C1F,2.275406656
NC1=CC(F)=C(F)C(F)=C1F,2.059511314
FC(F)(F)C(F)(F)C(F)(F)C(F)(F)C(F)(F)C(F)(F)COC(=O)C=C,2.148555581
FC1=NC2=NC(F)=C(F)C(F)=C2C(F)=C1F,1.996470207
FC(F)(F)C(Cl)(Cl)CCl,1.828284423
CP(C)P(C(F)(F)F)C(F)(F)F,1.291320239
FC1=C(F)C2(F)C(F)=C(F)C12F,2.786042801
FC(F)C(F)(F)CCl,1.601475391
FC1=C(Br)C=C(C=C1)C(F)(F)F,2.836576431
FC(F)(F)C(F)(F)C(F)(F)C1=NC2=C(N1)C=C(Cl)C=C2,2.221812355
NC1=C(F)C(F)=C(F)C(F)=C1F,2.043539236
NC1=CC=C(SC(F)(F)C(F)F)C=C1,1.518879118
FC1=C(F)C(=C(F)C(F)=C1CBr)C(F)(F)F,2.495926963
FC1(F)C=CC(F)(F)C(F)(F)C1(F)F,2.569302351
ONC(=O)C1=C(F)C(F)=C(F)C(F)=C1F,1.93317364
NCCCC(F)(F)F,0.827763776
FC(F)C(F)(F)OC1=CC=CC=C1C=O,2.297574711
CO[Si](CCC(F)(F)C(F)(F)C(F)(F)C(F)(F)C(F)(F)C(F)(F)F)(OC)OC,1.888633297
FC1=CC2=C(N=C(N2)C(F)(F)F)C(F)=C1,2.28641774
FC(F)(F)C(F)(C(F)(F)F)C(F)(F)C(F)(F)C(F)(F)C(F)(F)C(F)(F)C(F)(F)C(F)(F)C(F)(F)C(F)(F)C(F)(F)C(F)(F)C(F)(F)CCOC(=O)C=C,2.420045359
FC(F)C(=O)C(F)(F)Cl,0.988723259
CC(=C)C(=O)OCCC(F)(F)C(F)(F)C(F)(F)C(F)(F)C(F)(F)C(F)(F)C(F)(F)C(F)(F)C(F)(F)C(F)(F)C(F)(F)C(F)(F)C(F)(F)C(F)(F)C(F)(C(F)(F)F)C(F)(F)F,2.452410992
OP(O)(=O)OCCC(F)(F)C(F)(F)C(F)(F)C(F)(F)C(F)(F)C(F)(F)C(F)(F)C(F)(F)C(F)(F)C(F)(F)C(F)(F)C(F)(F)C(F)(F)C(F)(F)F,2.23105428
CCOC(=O)[C@@H]1[C@@H](C=C(Br)Br)C1(C(F)(F)F)C(F)(F)F,2.459605927
FC(F)(Cl)C(F)(F)Cl,1.748352937
C[Si](Cl)(Cl)CCC(F)(F)F,1.79376192
FC(F)(F)C1(C2CC(C(Cl)C2Cl)C1(C#N)C#N)C(F)(F)F,2.848094378
FC1=NC(=NC(F)=N1)C(F)(F)F,0.824756232
FC1=NC(=NC(=N1)C(F)(F)F)C(F)(F)F,1.322595889
CNC1=NC(=NC(=N1)C(F)(F)F)C(F)(F)F,1.45580748
CC(F)(C(F)(F)C(F)(F)F)C(F)(F)C(F)(F)C(F)(F)CCO,2.004176847
FC(F)C(F)(F)C(F)(F)C(F)(F)COC(=O)C1=CC=CC=C1C(=O)OCC(F)(F)C(F)(F)C(F)(F)C(F)F,2.075899398
NC1=CC(F)=CC(=C1F)C(F)(F)F,1.925834529
FC(F)(F)C(=O)NCCNC(=O)C(F)(F)F,0.520724853
CCCC(=O)C(F)(F)F,1.272017982
CC(C)C(=O)C(F)(F)C(F)(F)F,1.575542837
FC(F)(F)C(F)(F)C(=O)C1=CC=CC=C1,1.936964539
CC(C)=CC(=O)CC(=O)C(F)(F)C(F)(F)C(F)(F)F,1.60474207
NC(=N)C(F)(F)C(F)(F)C(F)(F)C(F)(F)C(N)=N,0.721107469
NC(=O)CC1=C(F)C(F)=C(F)C(F)=C1F,1.754667507
CC(=C)CC(Cl)(Cl)C(F)(F)C(F)(F)F,2.069497859
FC(F)(Cl)C(F)(Cl)N=O,0.871690239
OC1=C(CC=C(C(F)(F)F)C(F)(F)F)C(=O)C(=O)C2=CC=CC=C12,2.060717864
CN1N=NN=C1C(F)(F)F,0.996091247
FC(F)(F)C(=NC(N=C(C(F)(F)F)C(F)(F)F)(C(F)(F)F)C(F)(F)F)C(F)(F)F,2.309854916
FC(F)(F)C(=CC(=O)C1=CC=CS1)C(F)(F)F,2.251230628
CC(C(=O)C1=CC=C(Br)C=C1)C(O)(C(F)(F)F)C(F)(F)F,1.812226082
OC(=O)C1=CC(F)=C(F)C(F)=C1F,1.561900183
FC1=C(F)C(F)=C(OC2=C(F)C(F)=C(Br)C(F)=C2F)C(F)=C1F,3.564674936
FC1=C(F)C(F)=C(OC2=C(F)C(F)=C(C(F)=C2F)C(F)(F)F)C(F)=C1F,3.543789014
NNC1=C(F)C(F)=C(Br)C(F)=C1F,2.167532815
FC(F)(F)C(F)(F)CC1=CNC(=O)NC1=O,1.128571971
FC(F)(F)OOC(F)(F)C(F)(F)Cl,1.823802861
NC(=O)C(F)(F)C(F)(F)C(F)(F)C(F)(F)C(N)=O,0.813333937
FC(F)(F)C(OC(=O)C1=CC=CC=C1)C(F)(F)F,2.206219884
OC(CC(=C)CC(O)(C(F)(F)F)C(F)(F)F)(C(F)(F)F)C(F)(F)F,1.478516704
FC(F)(F)C(F)(F)C(F)(F)C(F)(F)S(=O)(=O)C#CC1=CC=CC=C1,1.969891959
FC(F)(F)C(F)(F)C(F)(F)C(F)(F)S(Cl)(=O)=O,1.421373922
OC(NC(=O)C1=CC=CC=C1OCC=C)(C(F)(F)F)C(F)(F)F,1.660032947
FC(F)(F)C(OCC1CO1)(C1=CC=CC=C1)C(F)(F)F,2.308665858
CC1=CC2=C(NC(C)(C)OC2(C(F)(F)F)C(F)(F)F)C(Br)=C1,2.143903238
CC1=CC2=S(S1)SC(C)=C2C1(SC(S1)=C(C(F)(F)F)C(F)(F)F)C(C(F)(F)F)C(F)(F)F,3.012946185
OC(=O)C(F)(F)C(F)(F)C(F)(F)C(F)(F)C(F)(F)C(F)(F)C(F)(F)C(F)(F)C(F)(F)C(F)(F)C(F)(F)F,2.063524218
OC(=O)C(F)(F)C(F)(F)C(F)(F)C(F)(F)C(F)(F)C(F)(F)C(F)(F)C(F)(F)F,1.861023802
OC(=O)C(F)(F)C(F)(F)C(F)(F)C(F)(F)C(F)(F)C(F)(F)C(F)(F)F,1.769756706
FC(F)(F)COP(OCC(F)(F)F)C1=CC=CC=C1,2.114740275
NC1=CC=CC=C1NC(=O)C(F)(F)C(F)(F)C(F)(F)C(=O)NC1=CC=CC=C1N,1.23480604
FC(F)(F)C(OC(=O)C1=CC=C(Cl)C=C1)(C1=CC=CC=C1)C(F)(F)F,2.875732296
FC(F)(F)C1=CNC=C1C(F)(F)F,2.063106268
FC(F)(F)N1C(=O)NC(=O)N(C(F)(F)F)C1(F)F,0.881072663
CCOC(=O)NC(NC1=NC=CC=N1)(C(F)(F)F)C(F)(F)F,1.365709141
FC(F)=C(C1=CC=C(C=C1)C1=CC=C(Cl)C=C1)C(F)(F)F,3.250700403
FC(F)(F)C(=O)CC(=O)C(F)(F)C(F)(F)C(F)(F)F,1.530046693
FC(F)(F)C(F)(F)C(F)(F)C(F)(F)S(=O)(=O)OC1=CC=CC=C1,1.780676036
FC(F)(F)C(F)(F)C(F)(F)C(F)(F)S(=O)(=O)OC1=CC=CC2=CC=CC=C12,2.005746454
CCOC(=O)CC(=O)C(F)(F)C(F)(F)C(F)(F)F,1.284090533
FC(F)(F)NC(F)(F)F,0.609739714
OC1=C(F)C=C(C=C1)C(F)(F)F,1.664899767
CCCOC(=O)C(F)(F)C(F)(F)C(F)(F)C(F)(F)C(F)(F)F,1.994379811
OCC(F)(F)C(F)(F)C(F)(F)C(F)(F)C(F)(F)C(F)(F)C(F)(F)C(F)(F)F,2.129871723
CCOC(=O)C(C(C)=O)C(F)(F)C(F)(F)C(F)(F)F,1.191706476
NC(=O)NC(F)(F)F,0.227343625
FC(F)C(F)(F)C=CC(F)(F)C(F)F,2.317062906
CC1CN1C(=O)C(C(F)(F)F)C(F)(F)F,1.591384429
ON=C(C(F)(F)F)C(F)(F)F,0.818143658
FC1=C(F)C(F)=C(P(Br)C2=C(F)C(F)=C(F)C(F)=C2F)C(F)=C1F,3.145408067
FC(F)(C(Br)CBr)C(F)(F)C1CC(F)(F)C1(F)F,2.190932495
FC(F)(F)C(OC(=O)C(F)(F)F)C(F)(F)F,1.825840714
[O-][N+](=O)C1=C(F)C(F)=CC(F)=C1F,2.098806887
FC(F)(F)C(F)(F)C1=CN=CN1,1.373160655
F\C=C1/CC2(F)C=CC1(F)C(F)(F)C2(F)F,2.834656548
OC(=O)C1=CC=C(C=C1)C(O)(C(F)(F)F)C(F)(F)F,1.075326035
CC1=NC=C(N1)C(F)(F)F,0.866298663
FC(F)(F)C(F)(F)C(F)(F)C1=CNC(=O)NC1=O,1.30337758
FC(F)(F)C1=CC(=O)C=C(N1)C(F)(F)F,1.729482867
FC1=C(F)C=C(C=C1)C(F)(F)F,2.724442952
CCC1(C(C)CC(C)OC(=O)C(F)(F)C(F)(F)C(F)(F)F)C(=O)N(C)C(=O)N(C)C1=O,1.23289655
FC1=CC(=C(C=C1)C#N)C(F)(F)F,1.995351224
CC(CC1=CC=CC=C1)NC(=O)C(F)(F)C(F)(F)F,1.648855359
FC1=CC(C=O)=CC(=C1)C(F)(F)F,2.088250561
FC(F)(F)C(F)(F)C1(C=CC=CC=C1)C(F)(F)C(F)(F)F,2.724915973
FC(F)(F)C1(NC(=O)NC(=N1)C1=CC=CC=C1)C(F)(F)F,1.530664755
NC1=C(F)C(F)=C(Br)C(F)=C1F,2.003902508
FC(I)=C(F)I,3.071244944
FC1=C(F)C(=C(F)C(F)=C1C#N)C1=C(F)C(F)=C(C#N)C(F)=C1F,2.56458748
FC(F)(F)SC1=C(SC(F)(F)F)C(SC(F)(F)F)=C(N1)SC(F)(F)F,2.453996812
FC1=C(F)C(F)=C(B2OB(OB(O2)C2=C(F)C(F)=C(F)C(F)=C2F)C2=C(F)C(F)=C(F)C(F)=C2F)C(F)=C1F,2.93395678
FC(F)C(F)(F)OCC(CN1C=NC=N1)C1=C(Cl)C=C(Cl)C=C1,2.321969842
CCOC1=CC2=C(C=C1)N=C(NC(NC(C)=O)(C(F)(F)F)C(F)(F)F)S2,1.736879541
FC(F)(F)C1=CC(=CC(NC(=O)CCl)=C1)C(F)(F)F,2.238547705
COC1=CC=C(C=C1)C(=O)OCCCC(F)(F)C(F)(F)F,2.042479861
NC1=CC=C(SC(C(F)(F)F)(C(F)(F)F)C(F)(F)F)C=C1,1.88594522
FC(F)(F)CCBr,1.362155866
NC1=NC(=CS1)C1=CC(=CC(=C1)C(F)(F)F)C(F)(F)F,2.44378246
FC1=CC(F)=C(C(F)=C1)C(F)(F)F,2.761419778
CC(=O)N1N=C(C=C1C(F)(F)C(F)(F)C(F)(F)F)C(F)(F)C(F)(F)C(F)(F)F,1.972970413
FC(F)(F)C(F)(F)C(F)(F)C(F)(F)C(F)(F)C(F)(F)C1=NN(C(=O)C2=CC=CC=C2)C(=C1)C(F)(F)C(F)(F)C(F)(F)C(F)(F)C(F)(F)C(F)(F)F,2.300003865
OC1=C(F)C=C(C=C1F)C(C1=CC(F)=C(O)C(F)=C1)(C(F)(F)F)C(F)(F)F,2.293623914
FC(F)(F)C1=CC(=C(C=O)C=C1)C(F)(F)F,2.339902173
OCC1=C(C=C(C=C1)C(F)(F)F)C(F)(F)F,2.045150669
OCC(F)(OC(F)(F)C(F)(OC(F)(F)C(F)(F)C(F)(F)F)C(F)(F)F)C(F)(F)F,2.017225996
FC(F)(F)C1=CC(=O)C2=C(N1)C=CC(=C2)C(F)(F)F,2.155704084
OCC#CC1=CC(=CC(=C1)C(F)(F)F)C(F)(F)F,2.332210599
CC(CO)(C(F)(F)F)C(F)(F)F,1.343913977
CC(=O)OCC1OC(OC(C)=O)C(OS(=O)(=O)C(F)(F)C(F)(F)C(F)(F)C(F)(F)F)C(OC(C)=O)C1OC(C)=O,0.979460653
NC1=CC(=CC(=C1Br)C(F)(F)F)C(F)(F)F,2.176645501
FC(=C(F)C(F)(F)C(F)(F)C(F)(F)F)C(F)(F)F,2.39124897
FC(F)(F)S(=O)(=O)CC#N,0.603373367
NC(=N)C1=C(F)C(F)=C(F)C(F)=C1F,1.965438583
OC(=O)COCC(F)(F)F,0.767013556
FC(F)(F)C(F)(F)C(F)(F)C(F)(F)C(F)(F)C(F)(F)C(F)(F)C(=O)CC(=O)C(F)(F)C(F)(F)C(F)(F)C(F)(F)C(F)(F)C(F)(F)C(F)(F)F,2.195813807
FC(F)(F)C(F)(F)C(F)(F)C(F)(F)OC1=CC=C(NC(=O)C2=CC=NC=C2)C=C1,2.030915673
[H]C12CC([H])(C=C1)C1C2C(F)(F)C1(F)F,2.97824667
CC(C)OC1=C(C=NNC(=O)C(F)(F)C(F)(F)C(F)(F)F)C=C(Br)C=C1,2.125340213
NNC(=NNC(=O)C(F)(F)C(F)(F)C(F)(F)F)C(F)(F)C(F)(F)C(F)(F)F,1.724840389
CCOC(=O)C(F)(F)F,1.033363986
OCC=CC(F)(F)C(F)(F)C(F)(F)C(F)(F)C(F)(F)C(F)(F)F,2.223549278
NC(=O)\C=C\C(F)(F)F,1.126036012
FC(F)(F)C1(O[P+]2(OC(C3=CC=CC=C23)(C(F)(F)F)C(F)(F)F)C2=CC=CC=C12)C(F)(F)F,2.39732308
NC1=CC(=C(Br)C(=C1)C(F)(F)F)C(F)(F)F,2.301414393
NC1=C(F)C=C(Br)C(=C1)C(F)(F)F,2.159667831
FC(F)(F)C1=CC(=O)NN1,1.080511857
FC(F)(F)C1(OC=CO1)C(F)(F)F,1.879604181
FC(F)(F)C(F)(F)N=O,1.043774668
FC(F)(F)OC(F)(F)C(F)(F)F,1.785281493
CN(C)SC(F)(F)F,1.24032056
OC(=O)C(=C(F)F)C(F)(F)F,0.783268217
FCC(=C)CF,1.256462036
FC(F)(F)C(=O)CI,1.022507997
FC1(F)C(F)(F)C(F)(Cl)C1(F)F,2.494157656
CCOC(=O)C#CC(F)(F)C(F)(F)F,2.269369261
CC(=O)OC1=C(C=CC(OCC(F)(F)C(F)(F)F)=C1)C(O)=O,1.521399318
FC(F)(Br)C(F)(F)C1CCC2C(I)CCC12,2.546856297
FC(F)=CC1=C(F)C(F)=C(F)C(F)=C1F,2.994481474
OCC(I)CC(F)(F)C(F)=C(F)F,1.309429551
NOCC(F)(F)F,0.633734831
CCC(C)C(F)(F)C(F)C(F)(F)F,2.318158552
OC(=O)CCC(F)(F)C(F)(F)C(F)(F)C(F)(F)F,1.535107205
FC(F)=C(F)C(F)(F)CC=C,2.174547009
FC(=C(Cl)Cl)C(F)(F)Cl,1.942563204
FC1=NC(F)=C(F)C(=C1F)C(F)(F)F,2.154442738
FC1=C(F)C(F)=C(F)C2=C1CCN2,2.15953464
FC(F)(F)C(=C)C(F)(F)C(F)(F)F,2.02611456
CN(C)C1=CC=C(C=C1)C(F)(F)C(F)(F)C(F)(F)C(F)(F)C(F)(F)C(F)(F)C(F)(F)C(F)(F)F,2.231190364
CC(C(F)(F)F)C(F)(F)C(F)(F)F,2.196305819
COC(=O)C(F)(F)C(F)(F)OC(F)(C(F)(F)F)C(F)(F)OC(F)=C(F)F,2.013235881
CCN(CC)C=C(SC(F)(F)F)SC(F)(F)F,2.106061108
FC(F)(F)CC[Si](F)(F)F,1.703309281
FC(=C(Cl)Cl)C(F)(F)F,1.928991856
CCCC1=NC(C(=O)OC)=C(N1)C(F)(F)C(F)(F)F,1.67135471
FC(F)(F)S(=N)(=O)NS(=O)(=O)C(F)(F)F,0.245667562
FC(F)(I)C(F)(F)OS(Cl)(=O)=O,0.835718181
OC(=O)C1=C(C=C(C=C1C(F)(F)F)C(F)(F)F)C(F)(F)F,2.034673994
FC(F)(F)C(F)(F)C(F)(F)C(F)(F)C(F)(F)C(F)(F)C(F)(F)C(F)(F)CC=C,2.494333412
COC(F)(C(O)=O)C(F)(F)F,0.592523717
FC(F)(F)C1=NC2=C(C=CC=C2C(F)(F)F)C(I)=C1,2.764770807
C[C@@H](OCBr)C1=CC(=CC(=C1)C(F)(F)F)C(F)(F)F,2.355256717
FC(F)(F)C(F)(F)C(F)(F)C(F)(F)C(F)(F)C(F)(F)C(F)(F)C1=NC(=NO1)C1=CC=CC=C1,2.193639774
CS(=O)CCC(F)(F)C(F)(F)C(F)(F)C(F)(F)F,1.747690936
FC(=O)C1(F)OC(F)(F)C(F)(F)C(F)(F)C1(F)F,1.925827906
NS(=O)(=O)C(F)(F)C(F)(F)F,0.481959285
FC(F)=C(F)[Si](Cl)(Cl)Cl,2.015749211
OC1=CC=CC=C1C(O)(C(F)(F)F)C(F)(F)F,1.591855738
FC1(F)OC(F)(F)C(=O)C(F)(F)O1,1.373141263
FC1=C(F)C(F)=C([Al](Cl)C2=C(F)C(F)=C(F)C(F)=C2F)C(F)=C1F,3.366205443
CCCCCCC(I)CC(F)(F)C(F)(F)C(F)(F)C(F)(F)F,2.149735555
FC(F)(F)C(F)(F)C(=O)OC(F)(F)C(F)(F)C(F)(F)F,2.004225787
FC(F)(F)C(F)(F)C(F)(F)C(F)(F)C(F)(F)C(F)(F)C(F)(F)C(F)(F)CCC1=CC=C(C=C1)P(C1=CC=CC=C1)C1=CC=CC=C1,2.694354418
FCOC(C(F)(F)F)C(F)(F)F,1.667985683
FC(F)(F)C(F)(F)C1(F)OC1(C(F)(F)F)C(F)(F)F,2.676000738
FC1=CC(=C(C=C1)\N=N\C1=C(C=C(F)C=C1)C(F)(F)F)C(F)(F)F,2.872683517
FC(F)(F)C(F)(F)P(C1=CC=CC=C1)C1=CC=CC=C1,2.618892981
FC(=O)C(F)(F)C(F)(F)C(F)(F)S(F)(=O)=O,0.993089534
FC(F)(F)C(F)(F)C(F)(F)C(F)(F)C(F)(F)C(F)(F)CC[C@H]1OC(=O)N[C@H]1CC1=CC=CC=C1,1.84604819
FC(F)(F)C(F)(F)C1(F)OC1(F)C(F)(F)C(F)(F)F,2.418577118
FC1=C(F)C(F)=C(F)C2=C1C(C1=C2C(F)=C(F)C(F)=C1F)C1=C(F)C(F)=C(F)C(F)=C1F,3.678056284
CCOC(=O)CP(=O)(OCC(F)(F)F)OCC(F)(F)F,1.266070451
COC(=O)C1=C(O)C=C(OCC(F)(F)C(F)F)C=C1,1.651864994
CC(F)(F)OCC(F)(F)F,1.340652558
FC(F)C(F)(F)C(F)(F)C(F)(F)C(F)F,2.202033126
CC1=C(C=CC=C1F)C(F)(F)F,2.518486371
OC(=O)C(F)(F)C(F)(F)C(F)(F)C(F)(F)C(F)(F)C(F)(F)C(F)(F)C(F)(F)C(F)(F)C(F)(F)F,2.006541159
CN(C1=CC=C(F)C=C1)C(F)(F)F,1.984591532
FC(F)(F)C1=CC(=CC(=C1)[P+](=O)C1=CC(=CC(=C1)C(F)(F)F)C(F)(F)F)C(F)(F)F,2.479978523
CCOC(=O)C1=CC=C(OC(F)(F)C(F)F)C=C1,2.353003996
OC(=O)C1=CC=C(C=C1)C(F)(C(F)(F)F)C(F)(F)F,1.487316217
FC(F)(F)C1=CC(=NC=C1)C1=NC=CC(=C1)C(F)(F)F,2.396099208
FC(F)(F)C(F)(F)C(F)(F)C(F)(F)C(=O)C1CCC(C(=O)C(F)(F)C(F)(F)C(F)(F)C(F)(F)F)C1=O,1.699421858
FC(F)(F)C1=CC(=CC(=C1)\N=C\C=N\C1=CC(=CC(=C1)C(F)(F)F)C(F)(F)F)C(F)(F)F,2.673013811
FC(F)(F)C(F)(I)C#N,1.685306711
FC(F)(F)C(F)(F)C(F)(F)C(F)(F)S(=O)(=O)OC1=CN=CC=C1,1.57576925
FC1=CC=CC=C1S(F)(F)(F)(F)F,2.200153253
FC(F)(F)C(SC1CCCC=C1)C(F)(F)F,2.120869414
FC(F)(F)C(\Cl)=N\C1=CC=CC=C1C(F)(F)F,2.56008905
FC(F)=C(F)C(F)(F)C(F)(F)Cl,2.177603076
FC1(F)C(=C(C1(F)F)C1(F)C(F)(F)C(F)(F)C1(F)F)C1(F)C(F)(F)C(F)(F)C1(F)F,3.151224752
FC(F)(F)C(C(=O)C(F)(F)C(F)(F)F)C(F)(F)F,1.945724629
FC1=C(F)C2=C(C#C1)C(F)=C(F)C(F)=C2F,2.703140539
CC1=C(F)C(F)=C(N)C(F)=C1F,1.975729067
FC(F)(F)N1C(=O)N(C(=O)C1=O)C(F)(F)F,1.328215862
FC(=O)C(C(F)(F)F)(C(F)(F)F)C(F)(F)F,1.824949681
FC(F)(F)C(OCl)(C(F)(F)F)C(F)(F)F,1.9828088
FC1=C(F)C(=O)C(F)(F)C(F)=C1F,2.082900432
COP(=O)(OC)C(C(F)(F)F)C(F)(F)F,1.139358924
NCC(F)(F)C(F)F,0.806710547
FC(F)(F)C(F)(F)C(F)(F)C(F)(F)C(F)(F)C(F)(F)C(F)(F)C(F)(F)C#C,2.46616776
CCN(CC)C(F)(F)F,0.512667952
OC(F)(C(F)(F)F)C(F)(F)F,1.139723196
FC(F)(F)N1C(F)(F)C(F)(F)C(F)(F)C1(F)F,1.50235609
[O-][N+](=O)C1=C(F)C(F)(F)C(F)(Br)C(F)(F)C1(F)F,2.027609249
FCC(F)(F)C(F)(F)C(F)(F)C(F)F,2.149319719
FC(F)(F)C(F)(F)C(F)(F)OC(F)(C(F)(F)F)C(F)(F)OC(F)(C1=NC2=CC=CC=C2N1)C(F)(F)F,2.233298467
FC(F)(F)C(Cl)=C(C(F)(F)F)C(F)(F)F,2.309832439
CCOP(=O)(OCC)C(CC)(C(F)(F)F)C(F)(F)F,1.467256054
C\C=N\CC(F)(F)F,0.985485543
CC(C)(C)SC1=C(F)C(F)=C(F)C(F)=C1F,2.974374625
FC(F)(Cl)C(F)(F)C(F)(F)C(F)(F)C(F)(F)C(F)(F)C(F)(F)C(F)(F)OC(F)(F)C(F)(F)S(F)(=O)=O,2.074938242
FC(F)(F)OCCBr,0.953261739
CC1=CC(C)=C(C)C(=C1C)C(F)(F)C(F)(F)C(F)(F)C(F)(F)C(F)(F)C(F)(F)C(F)(F)C(F)(F)F,2.252376508
FC(=O)C(F)(F)OC(F)(F)C(F)(F)I,1.514764986
FC1=C(Cl)N=CC(=C1)C(F)(F)F,2.040264023
CC(O)CC(F)(F)C(F)(F)C(F)(F)C(F)(F)C(F)(F)C(F)(F)F,1.954841468
[I-].C[N+](C)(C)CCCNS(=O)(=O)C(F)(F)C(F)(F)C(F)(F)C(F)(F)C(F)(F)C(F)(F)C(F)(F)C(F)(F)F,1.099365767
OS(=O)(=O)C(F)(F)C(F)(F)OC(F)(F)C(F)F,1.060987708
FC(F)(F)C1=CC(=CS1)C(F)(F)F,2.37140039
FC(F)(F)C(F)(F)COC(=O)C(Cl)=C,1.715594387
FC(F)C(F)(F)C(F)(F)C(F)(F)CNC1=CC=CC=C1,1.991801312
CC1=C2C(=C(F)C(F)=C1F)C(F)(F)C(F)=C(F)C2(F)F,3.026567545
CC1=C2C(=C(F)C(F)=C1F)C(=O)C(F)=C(F)C2(F)F,2.723834481
FC1=CC(F)(F)C(F)=C(F)C1=O,2.185296023
CCOC(F)(F)C(C(=O)OC)C(F)(F)F,1.138937448
CCC1COC(O1)(C(F)C(F)(F)F)N(CC)CC,1.407321791
FC(Cl)(Cl)C(F)(F)N1OC1(F)F,1.126850405
FC(OC(F)(F)C(F)(F)C(F)(F)F)C(F)(F)F,2.03643577
FC(F)(F)C(F)(F)C(F)(F)C(F)(F)C(F)(F)C(F)(F)C(F)(F)F,2.422897341
FC(F)(Br)C(F)(F)CC=C,2.001090245
CN(CC(F)(F)F)C#N,1.004046244
COC(O)C(F)(F)C(F)F,0.686360297
FC1C(F)=C(F)C(F)=C1F,2.117741883
C[Si](C)(C)OC(=O)C=C(C(F)(F)F)C(F)(F)F,1.952500721
NC(N)=NC1=NC(N=C(O1)C1=CC=CC=C1)(C(F)(F)F)C(F)(F)F,1.990050816
FC(F)(F)CC(F)(F)F,1.720209952
COC(=O)C(F)(F)C(F)=O,0.425676907
NNC(=O)C(O)(NN)C(F)(F)C(F)(F)F,0.997835797
FC1=C(F)C(F)=C(F)C2=C1C(F)(F)C(F)(Br)C2(F)Br,3.16515884
FC1(F)N=C(N=[N+]=[N-])C(F)(F)C(F)(F)C1(F)F,2.016545965
CC(C)OCC(F)(F)C(F)F,1.345126779
FC1=CC(F)(F)C(F)=C(F)C1(F)Cl,2.499061719
CCNCC(O)C(F)(F)C(F)(F)C(F)(F)C(F)(F)C(F)(F)C(F)(F)F,1.784673592
FC(C(F)(F)F)C(F)(F)C(F)(C1=CC=CC=C1)C(F)(F)F,2.335063258
FC(F)(F)C(=O)C1(N=N1)C(F)(F)F,1.511649834
OC(=O)C(F)(OC(F)(F)F)C(F)(F)F,0.925342527
NN(C(F)(F)F)C(F)(F)F,0.195595631
CC(C(F)(F)F)[Si](C)(O)O[Si](C)(O)C(C)C(F)(F)F,1.116000755
FC(F)(F)C(F)(F)C(F)(F)C(F)(F)C(F)(F)C(F)(F)S(=O)(=O)CC(SC1=CC=CC=C1)C1=CC=CS1,1.980933595
CC(=O)C(C(CS(=O)(=O)C(F)(F)C(F)(F)C(F)(F)C(F)(F)C(F)(F)C(F)(F)F)C1=CC=CS1)C(C)=O,1.458479904
FC1=C(F)C(F)(F)C2=C(C1(F)F)C(F)(F)C(F)=C(F)C2(F)F,2.87802828
OC1=C(Cl)C=C(OC(F)(F)C(F)F)C=C1,2.507447571
FC(F)(OC(F)(F)C(F)(Cl)Cl)C(=O)OC1=CC=CC=C1,1.933456751
FC(F)C(F)(F)C(F)(F)C(F)(F)C(F)(F)C(F)(F)C(F)(F)C(F)(F)C(F)(F)C#C,2.495840733
OC(=O)C#CC(F)(F)F,1.647131258
OC(C=C)C(F)(F)F,0.853854363
CC(=O)NC1=C(OC2=C(F)C(F)=C(F)C(F)=C2F)C(F)=C(F)C(F)=C1F,2.80600482
FC(F)(F)C(F)(F)C(F)(F)C(F)(F)C(=O)OCCC[Si](F)(F)F,1.88512394
C[Si](C)(C)OC(C#N)(C(F)(F)F)C(F)(F)F,1.928383928
COC(F)(F)C(F)C(F)(F)OC,1.487403124
CN(C)C1=C(F)C(F)=CC(F)=C1F,2.249340383
FC(F)(Cl)SSC(F)(F)Cl,1.430564832
FC1=NC=CC(=C1F)C(F)(F)F,1.991003465
FC1(F)CC(C#N)C1(F)Cl,2.152951767
FC(F)(F)OC(F)(F)C(F)(F)OC(F)(F)F,1.693380956
COC(CC(=O)C1=CC=CC=C1)C(F)(F)C(F)(F)C(F)(F)C(F)(F)F,1.91704012
OP(=O)(C(F)(F)C(F)(F)C(F)(F)C(F)(F)C(F)(F)C(F)(F)C(F)(F)C(F)(F)F)C(F)(F)C(F)(F)C(F)(F)C(F)(F)C(F)(F)C(F)(F)C(F)(F)C(F)(F)F,2.267958078
FC(F)(F)C(F)(C(F)(F)F)C(F)(F)C(F)(F)OC(F)(F)C(F)(F)C(F)(C(F)(F)F)C(F)(F)F,2.383867294
FC1=CC(=CC(F)=C1Cl)C(F)(F)F,2.98175233
FC(F)=[Si](F)F,1.771984838
FC(=O)C1=CC(F)=C(F)C(Cl)=C1F,2.498368327
FC(F)(F)C(F)(F)C(F)(F)C(F)(F)C(F)(F)C#N,2.117127285
FC(C1=NC(=O)C2=CC=CC=C2N1)C(F)(F)F,1.32770017
COC(=O)C(F)(F)C(F)(F)S(C)(=O)=O,0.530540077
FC(F)(F)CNS(Cl)(=O)=O,0.082736651
FC(F)(F)C(F)(F)C(F)(F)C(F)(F)C(F)(F)C(F)(F)CCSCC1CO1,2.10805028
FC1=CC(=C(Cl)C=C1)C(F)(F)F,2.858370455
COC1=C(F)C=CC(=C1)C(=O)CC(=O)C(F)(F)C(F)(F)F,1.895666862
CC[C@H](N)C(F)(F)F,0.829660929
FC(F)(F)C(F)(F)C(F)(F)C(CC=C)(C(F)(F)F)C(F)(F)F,2.484183659
FC1=C(F)C(C=O)=C(F)C(F)=C1Br,2.34854283
CCCCCCC(I)CC(F)(F)C(F)(F)C(F)(F)C(F)(F)C(F)(F)C(F)(F)F,2.223532801
FC1=C(F)C(F)(Cl)C(F)=C(F)C1(F)Cl,2.331333424
FC1=NC(F)=C(Cl)C(F)=C1,2.144006642
CC1(F)C(=O)OC(C1=O)C(F)(F)F,1.059357992
FC(F)(F)C(F)(Br)SCC1=CC=CC=C1,2.135255483
C[Si]1(C)O[Si](C)(C)O[Si](C)(CCCOCC(F)(F)C(F)F)O[Si](C)(C)O1,1.236915917
FC(F)(F)C(F)(F)C(F)(F)C(CC1=CC=CC=C1C#N)(C(F)(F)F)C(F)(F)F,2.437167816
COC1=CC=C(C=C1)C(=O)N=C(C(F)(F)F)C(F)(F)F,2.060435703
OC(CSCCC(F)(F)C(F)(F)F)CSCCC(F)(F)C(F)(F)F,1.916596388
FC(F)(F)C1=CNC(=O)C=C1C(F)(F)F,1.854856586
OCC1=C(F)C(F)=C(O)C(F)=C1F,1.015426543
COC1=C(C2=CC=CC(C#N)=C2C=C1)C(F)(F)C(F)(F)F,2.393116718
FC(F)=N,0.28795569
FC(F)(Cl)C(F)(F)C(=O)OOC(=O)C(F)(F)C(F)(F)Cl,1.461725014
FC(=O)C1=C(F)C(F)=C(C(F)=C1F)C(F)(F)F,2.39573312
FC1=C(F)C(F)=C(C(C2=C(F)C(F)=C(F)C(F)=C2F)C2=C(F)C(F)=C(F)C(F)=C2F)C(F)=C1F,3.579409391
NCCC[Si](OCC(F)(F)F)(OCC(F)(F)F)OCC(F)(F)F,1.534893466
FC1(F)C(F)(F)C(F)(F)C(F)(N2C(F)(F)C(F)(F)OC(F)(F)C2(F)F)C1(F)F,2.027496475
FC(F)(F)COC(Cl)(Cl)OCC(F)(F)F,1.705249317
OC1=CC(F)=C(C(F)=C1)C(F)(F)F,1.881214647
FC1=C(C=CC(Cl)=C1)C(F)(F)F,2.85935452
FC1(F)C=CC(F)(Cl)C=C1,2.579548263
CC(Cl)C(F)(F)F,1.626188595
FC(F)=C=C=O,1.55249693
FC(F)C(F)(F)OC1=CC=C(F)C=C1,2.829068007
FC(F)=C(F)OCC=C,1.650978122
OC(F)(F)C(F)(F)C(F)(F)C(F)(F)F,1.534744285
FC1=C(F)C(F)=C(C#CC#CC2=C(F)C(F)=C(F)C(F)=C2F)C(F)=C1F,2.96876927
CC(=C)C(=O)OCCC(F)(F)C(F)(F)C(F)(F)F,1.850753154
FC(F)(F)C(F)(F)OC(F)(F)C(F)(OC(F)(F)C(F)(F)S(F)(=O)=O)C(F)(F)F,1.810715234
FC(F)(CCl)C(F)(Cl)Cl,1.629173789
CCO[Si](CCCC(C(F)(F)F)(C(F)(F)F)C(F)(F)C(F)(F)C(F)(F)F)(OCC)OCC,2.156829811
CC(=C)C(=O)OC(C1=CC=CC=C1)(C(F)(F)F)C(F)(F)F,2.50549203
NC(C1=CC=C(C=C1)C(F)(F)F)C(F)(F)F,1.83772851
FC(F)(F)C1=C(C=NC=C1)C(F)(F)F,2.120836375
C[SiH2]CCC(F)(F)F,1.731029563
FC1=NC(OC(F)(F)F)=NC(F)=N1,1.119263229
FC(F)=C(F)C(F)(F)C(F)(F)C(F)(Br)C(F)(F)Br,2.356561792
OCCCC(O)CC(F)(F)C(F)(F)C(F)(F)C(F)(F)C(F)(F)C(F)(F)F,1.758390475
OP(O)(=O)CC1=C(F)C(F)=C(F)C(F)=C1F,1.733431488
CC1=C(C(=C(C)O1)C(F)(F)F)C(F)(F)F,2.014089138
FC(C(F)=C(Cl)Cl)C(F)(F)F,1.923253395
FC(F)C(F)(F)OCCOC(F)(F)C(F)F,1.656713647
FC1(F)OC(F)(F)C(F)(F)C(F)(F)C1(F)F,2.200975484
FC1=C(F)C(F)=C(SC(SC2=C(F)C(F)=C(F)C(F)=C2F)=C=O)C(F)=C1F,3.186709932
FC(F)(F)SC(SC(F)(F)F)(SC(F)(F)F)C(SC(F)(F)F)(SC(F)(F)F)SC(F)(F)F,2.692445435
NC1=CC=C(OC(F)(F)C(F)C(F)(F)F)C=C1,2.258973154
FC1C(=O)C(F)(F)C1(F)F,1.908714157
FC(F)=C(F)OC(F)(F)OC(F)(F)C(F)(F)F,2.11624899
FC(F)(F)C1=CC(=NC(=S)N1)C(F)(F)F,1.859143052
OC(=O)C1=CC(=CC=C1)S(=O)(=O)C(F)(F)C(F)(F)C(F)(F)F,0.795348415
FC1=C(Br)N=CC(=C1)C(F)(F)F,1.917394302
NC1=NOC(=C1)C(F)(F)F,1.317573655
CC1(F)C(F)(F)C(C)(F)C(F)(F)C(F)(F)C1(F)F,2.558582448
NS(=O)(=O)C(F)(F)C(F)(F)OC(F)(F)C(F)(F)I,1.098658855
CC1=C(C)C=C(C=C1)C1(C2=CC(C)=C(C)C=C2)C(F)(F)C(F)(F)C(F)(F)C1(F)F,2.658814906
CC(F)(F)C(F)(F)C(F)F,2.082352736
FC(F)(F)C(F)(C(=O)C(=O)C(F)(C(F)(F)F)C(F)(F)F)C(F)(F)F,1.977110749
FC(F)(F)C(S)(C(F)(F)F)C(F)(F)F,1.76990518
FC(F)(F)SN=S=O,1.526310648
FC(F)(F)C(F)(F)C(=O)C=C,1.563920704
COC1=C(F)C(F)(F)C1(F)F,2.100637159
FC1=C(F)C(F)=C([SiH3])C(F)=C1F,2.822045194
OC(=O)C(F)C(F)(F)C(F)(F)C(F)F,1.017376592
FC1=C(F)C(F)=C(C2=CCNC2)C(F)=C1F,1.927704611
FC(F)(F)C(F)(F)C(F)(F)C(F)(F)S(=O)(=O)OC1=CC2=C(C=C1)N=CC=C2,1.826844986
CC(C)(O)C#CC1=CC(=CC(=C1)C(F)(F)F)C(F)(F)F,2.274087808
NC1=C(F)C(F)=C(F)C(I)=C1F,2.193017044
FC#CC(F)=C=C(F)C#N,2.604331536
O.OC1=C(F)C(F)=C(C(F)=C1F)C1=C(F)C(F)=C(O)C(F)=C1F,1.966770905
OC(C1=CC=CC=C1)(C1=CC=CC=C1)C1=CC=C(CCC(F)(F)C(F)(F)C(F)(F)C(F)(F)C(F)(F)C(F)(F)C(F)(F)C(F)(F)F)C=C1,2.320753195
OCC1=CC=C(OCCCC(F)(F)C(F)(F)C(F)(F)C(F)(F)C(F)(F)C(F)(F)C(F)(F)C(F)(F)F)C=C1,2.206255015
FC(F)(Br)C(F)(F)C(F)(F)C(F)(F)C(F)(F)C(F)(F)C=C,2.357297982
FC(F)(F)C(F)(F)C1=CC(Cl)=CC=C1,2.566295737
FC(F)(Cl)C(F)(Cl)C(F)(F)Cl,1.94569205
OCC(F)(F)C(F)F,0.823687076
OB(O)C1=CC(=C(F)C(F)=C1)C(F)(F)F,1.810103066
OCC1=C(F)C(F)=C(F)C(Br)=C1F,1.910885206
OC1=C(F)C(F)=C(F)C(F)=C1Cl,2.014307693
FC(F)(F)C(F)(F)C(F)(F)C(F)(F)C(F)(F)C=O,2.041976136
CC1=CC(F)=C(F)C=C1F,2.752931683
Cl.CNC(C)C(F)(F)F,0.626081239
FC(F)(F)C1=NC2=C(C=CC=C2C(F)(F)F)C(=C1)C#N,2.351417585
CS(=O)(=O)OCC1=CC(=CC(=C1)C(F)(F)F)C(F)(F)F,1.843518019
[H+].FC(F)(F)C(=O)CC(=O)C(F)(F)F,0.965555802
COC(C)(F)F,1.105533712
CC(O)C(F)(F)C(F)(F)C(F)(F)C(F)(F)C(F)(F)F,1.800117134
FC1(F)C(F)(F)C1(F)CCBr,1.987959407
OC1=CC=C(C=C1)C(F)(F)C(F)(F)C(F)(F)C(F)(F)F,1.868113738
FC1=CC(F)=C(F)C(F)=C1F,3.11119881
OS(=O)(=O)C(F)(F)C(F)(F)C(F)(F)C(F)(F)C(F)(F)C(F)(F)C(F)(F)F,1.787036657
CCN(CCOC(=O)C(C)=C)S(=O)(=O)C(F)(F)C(F)(F)C(F)(F)C(F)(F)C(F)(F)C(F)(F)C(F)(F)C(F)(F)F,1.755453614
COC(=O)C(F)(F)C(F)(F)C(F)(F)C(F)(F)C(F)(F)C(F)(F)C(F)(F)F,2.041640594
OC(=O)C(F)(F)C(F)(F)C(F)(F)C(O)=O,0.303047572
OC(=O)C(F)(F)C(F)(F)C(O)=O,-0.287515613
OC(=O)C(F)(F)C(F)(F)F,0.517745278
FC(F)(F)C(F)(F)C(F)(F)Cl,2.03459635
FC(F)(F)C(F)(F)C(F)(F)C(F)(F)C(F)(F)C(F)(F)C(F)(F)C(F)(F)C(F)(F)C(F)(F)I,2.442224948
FC(F)(F)C(F)(F)C(F)(F)C(F)(F)C(F)(F)C(F)(F)C(F)(F)C(F)(F)S(=O)(=O)NCC=C,1.880755616
FC(F)(F)C(F)(F)C(F)(F)COC(=O)C=C,1.89227107
FCC(Cl)(Cl)C(F)(F)F,1.770382204
FC(Cl)=CC(F)(F)F,1.849678897
OC(=O)CC(=C)C(F)(F)F,0.614583403
Cl.NOCC(F)(F)F,0.618185814
CCCCCCCC(F)C(F)(F)C(O)(F)F,1.758202404
FC(F)(F)C(F)(F)C(F)(Cl)C(Cl)(C(F)(F)F)C(F)(F)F,2.319181656
FC(F)(F)CC[Si](Cl)(Cl)Cl,1.879925031
FC(F)C(F)(F)OC(Cl)C(F)(F)F,1.742738899
FC(F)=CC(F)(F)F,1.993337801
FC(F)(F)C1=CC=CC1,2.32411542
FC(F)=C(F)C(F)(F)C#N,1.641174854
FC(F)OC(F)C(F)(F)Cl,1.346863301
OCCC1COC(O1)(C(F)(F)F)C(F)(F)F,1.425673739
COC1=C(F)C(F)(F)C(F)(F)C1=O,1.854126057
NC1=C(F)C(F)=C(C(F)=C1F)C1=C(F)C(F)=C(N)C(F)=C1F,2.415191276
FC(F)=CCC(F)(F)F,2.117742453
FC(C(F)(F)F)C(F)(F)C1CCCC=C1,2.273704503
CNC(=O)NC(F)(F)F,-0.018602523
FC(F)(F)C1=CC2=C(C=C1)N=C(C=C2Br)C(F)(F)F,2.671927249
FC(F)(F)P(C#N)C(F)(F)F,1.012777187
FC(F)=C(C1=CC=C(C=C1)C1=CC=CC=C1)C(F)(F)F,3.029992764
FC(F)(F)C1=CC(=CC(=C1)[Al](C1=CC(=CC(=C1)C(F)(F)F)C(F)(F)F)C1=CC(=CC(=C1)C(F)(F)F)C(F)(F)F)C(F)(F)F,3.044374016
CC1=C(SC(F)(F)F)C(SC(F)(F)F)=C(C)N1,1.748090063
COC1=NC(F)=C(F)C(C(F)C(F)(F)OC)=C1F,1.864891727
FC(F)(F)C(C(F)(F)F)(C(F)(F)F)C(F)(F)C(C(F)(F)F)(C(F)(F)F)C(F)(F)F,2.821157034
CCC(C=O)C(F)(F)C(F)(F)C(F)(F)C(F)(F)C(F)(F)C(F)(F)F,2.232478349
FN=C(C#N)C(F)(F)F,1.251083643
FC(F)(F)C(=N)C(F)(F)F,0.915373601
FC(F)=P,0.651994465
CC(=C)C(=O)OCCC(F)(F)C(F)(F)C(F)(F)C(F)(F)F,1.958241696
CC(=C)C(=O)OCC(F)(F)C(F)(F)C(F)F,1.756490048
CC(F)C(F)C(F)(F)F,2.020579011
FCC(F)C(F)CF,1.558994206
FC(F)(F)C(F)(F)C(=O)C(F)(Br)C(F)(F)F,1.723639374
CC(=C)C(=O)OCCC(F)(F)C(F)(F)C(F)(F)C(F)(F)C(F)(F)C(F)(F)C(F)(F)C(F)(F)F,2.217518094
CC(C)=CC(=O)C(F)(F)F,1.599242168
FC(F)=CC(F)(F)C(F)(F)C(F)(F)C(F)(F)C(F)(F)C(F)(F)F,2.50922047
OC1=CC=C(C=C1)C(F)(C1=CC=C(O)C=C1)C(F)(F)C(F)(F)F,2.073087257
FC(F)(F)C=C=C,1.506837113
COC1=CC(F)=C(C=C1)C(F)(F)F,2.406123565
OS(=O)(=O)C(F)(F)C(F)(F)C(F)(F)C(F)(F)C(F)(F)F,1.484669016
CC(=O)C1=CC2=C(OC(F)(F)C(F)(F)O2)C=C1,2.003506824
CCP(CC)C1=C(F)C(F)=C(F)C(F)=C1F,2.414473253
FC(F)(F)C(F)(F)C1=NCCO1,1.027593774
CC#CC(F)(F)F,1.932523711
CC(=C)CC1=C(F)C(F)=C(F)C(F)=C1F,2.65766176
OC(=O)C1=CC=C(C=C1C(O)=O)C(C1=CC(C(O)=O)=C(C=C1)C(O)=O)(C(F)(F)F)C(F)(F)F,0.877562609
FC(F)(F)C(F)(F)C(=O)C1CCCN1,0.850830934
FC(F)(F)C1=NNC(=S)S1,1.671889182
FC1=C(C=C(Cl)C=N1)C(F)(F)F,2.069308667
FC(F)(F)C(Cl)C(Cl)(Br)C(F)(F)F,2.068195266
CC1=CC(OCC(F)(F)F)=C(N)C(OCC(F)(F)F)=N1,1.853705626
Cl.NOCCC(F)(F)F,0.789450189
FC(F)(F)N(CCBr)C(F)(F)F,0.800298149
CC(C)O[Si](CCC(F)(F)C(F)(F)C(F)(F)C(F)(F)C(F)(F)C(F)(F)C(F)(F)C(F)(F)F)(OC(C)C)OC(C)C,1.991440204
CC(=C(F)F)C(F)(F)F,2.020593148
OC(C1=CC(F)=CC=C1)C(F)(F)F,1.640379853
FC(F)(F)CC(F)(I)C(F)(F)F,1.999270761
FC(F)(F)C(=CC=C)C(F)(F)F,2.196953899
FC(F)(F)C1(C(F)(F)F)C(F)(F)OC(F)(F)C1(F)F,2.343124891
CCCC(C)OC(=C(F)F)C(F)(F)F,2.086578025
C[Si](C)(C)C(F)C(F)F,2.308095453
CCOC(OCC)=CC(F)=C(C(F)(F)F)C(F)(F)F,2.233609293
OC(=O)C(F)(F)C(F)=CF,0.456453679
CCN(CCOP(O)(O)=O)S(=O)(=O)C(F)(F)C(F)(F)C(F)(F)C(F)(F)C(F)(F)C(F)(F)C(F)(F)C(F)(F)F,1.579994539
FC(F)(Cl)C(F)(Cl)C(F)(F)C1(F)OC1(F)F,2.077735375
FC(F)(F)C1(NC(=O)NC(=O)N1)C(F)(F)F,0.776357196
FC1=NC(=C(F)C=C1)C(F)(F)F,1.991092151
FC(F)(F)C1(F)C(F)(F)C(F)(C(F)(F)F)C1(F)F,2.596392637
NC1=C(Cl)C=C(C(F)=C1F)C(F)(F)F,2.253443044
CN(C)C(CN)C(F)(F)F,0.895625954
FC(F)(F)C(Br)(CC(F)(F)Br)C(F)(F)F,2.127683221
FC(F)C(F)(F)C(F)(F)C(F)(F)COC1=CC(C#N)=C(C=C1)C#N,1.930546121
CC1=C(Cl)C=C(C(F)=C1F)C(F)(F)F,2.960161609
F\C(CBr)=C/C(F)(F)F,2.325853675
FC(F)(F)C1(F)OC2=CC=CC=C2C(F)(F)O1,2.321846095
NC(=O)CC(O)C(F)(F)F,0.416282568
FC(F)(F)C(F)(F)CC(I)=C,1.879609066
COC(=O)C(I)C(F)(F)F,0.933458239
FC(F)(F)C(F)(Br)CBr,1.671826949
NC1=CC(=C(Cl)C(=C1)C(F)(F)F)C(F)(F)F,2.479142878
FC(C(=O)N1CCCC1)C(F)(F)F,0.956256777
C[Si](C)(Cl)C1=C(F)C(F)=C(F)C(F)=C1F,2.894018969
FC(F)OC1=C(C=C(Br)C=C1)C(F)(F)F,2.898974449
FC(F)(F)C(F)(F)C(F)(F)C(F)(F)C(F)(F)C(F)(F)C=C,2.445062904
Cl.NCC(F)(F)C(F)(F)C(F)(F)C(F)(F)C(F)(F)C(F)(F)C(F)(F)F,1.876206762
FC(F)C1=C(F)C=CC=C1F,2.535493447
[O-][N+](=O)C1=CC=C(OC(F)(F)C(F)F)C=C1,2.222756453
FC1=CC(=C(Br)C(Br)=C1)C(F)(F)F,2.928152769
FC(F)(F)C1=CC(=CC(=C1)[N+]#N)C(F)(F)F,1.956804733
CC(=C)C(=O)SCCC(F)(F)C(F)(F)C(F)(F)C(F)(F)C(F)(F)C(F)(F)C(F)(F)C(F)(F)C(F)(C(F)(F)F)C(F)(F)F,2.343700746
FC(F)(F)C(=O)C1CCCN(C1)C(=O)C(F)(F)F,1.181625843
FC1=CC(F)=C(C(Cl)=C1)C(F)(F)F,2.930355299
FC(F)(Cl)C(F)(Cl)C(F)(Br)C(F)(F)Br,2.074817706
C[Si](C)(CCC(F)(F)F)N[Si](C)(C)CCC(F)(F)F,1.652185326
FC(F)(F)C(F)(F)CCI,1.804724778
OC1=CC(=CC(=C1)C(F)(F)F)C1=CC(=C(F)C=C1)C(F)(F)F,2.626502803
[2H]O[2H].[2H]O[2H].[2H]O[2H].FC(F)(F)C(=O)C(F)(F)F,0.882063489
FC(Cl)=C(F)C(F)(F)F,1.998268866
FC(=CI)C(F)(F)F,1.969286471
CCN(CCC[Si](OC)(OC)OC)S(=O)(=O)C(F)(F)C(F)(F)C(F)(F)C(F)(F)C(F)(F)C(F)(F)C(F)(F)C(F)(F)F,1.727173827
FC(F)(F)C1=CC(=CC(CCBr)=C1)C(F)(F)F,2.285771456
NC1CCCC1C(F)(F)F,1.229171026
OC(=O)C1=CN=C(Cl)N=C1C(F)(F)C(F)(F)F,0.946496308
OC(NC1=CC(=C(OC(F)(F)F)C=C1)C(F)(F)F)C(F)(F)F,2.213098501
[O-][N+](=O)C1=CC(=CC(=C1)[N+]([O-])=O)C(F)(C(F)(F)F)C(F)(F)F,2.085302271
FC(F)C(F)(F)COC1=CC=C(C=CC#N)C=C1,2.216342471
NC1=C(O)C=C(F)C(=C1)C(F)(F)F,2.051106492
CC#CP(C1=C(F)C(F)=C(F)C(F)=C1F)C1=C(F)C(F)=C(F)C(F)=C1F,3.411899355
CCOC1CC(C2=CC=CO2)C(=C(O1)C1=CC=CC=C1)S(=O)(=O)C(F)(F)C(F)(F)C(F)(F)C(F)(F)Cl,1.763020849
FC(F)(F)S(=O)N=C=O,0.903621678
[H]C12OC([H])(C=C1)C1C2C2(F)C(F)(F)C(F)(F)C12F,2.792208549
FC(F)(F)C(F)(F)C(F)(F)C(F)(F)C(F)(F)C(F)(F)C(F)(F)C(F)(F)C(F)(F)C(F)(F)C(F)(F)C(F)(F)C(F)(F)C(F)(F)C(F)(F)C(F)(F)CCI,2.452114403
OC(COC(=O)C=C)CC(F)(F)C(F)(F)C(F)(F)C(F)(F)C(F)(C(F)(F)F)C(F)(F)F,1.893409837
FN(C(=O)CCl)C1=CC(F)=C(F)C(F)=C1F,2.314516638
FC(F)(F)C(F)(F)C(F)(F)C(F)(F)C(F)(F)C(F)(F)C1=CC(S)=CC=C1,2.321754203
FC(F)(F)C=CC(Cl)=O,1.214140658
CCOC(=O)C(F)=C(F)C(F)(F)F,1.484937636
CCN(CCOC(=O)C(C)=C)S(=O)(=O)C(F)(F)C(F)(F)C(F)(F)C(F)(F)C(F)(F)C(F)(F)F,1.587723587
FC(F)(F)C(Br)C(Cl)=O,0.764054007
CCN(CCOP(O)(=O)OCCN(CC)S(=O)(=O)C(F)(F)C(F)(F)C(F)(F)C(F)(F)C(F)(F)F)S(=O)(=O)C(F)(F)C(F)(F)C(F)(F)C(F)(F)C(F)(F)F,1.516880947
CCN(CCOP(O)(O)=O)S(=O)(=O)C(F)(F)C(F)(F)C(F)(F)C(F)(F)F,1.050130959
CCN(CCOP(O)(=O)OCCN(CC)S(=O)(=O)C(F)(F)C(F)(F)C(F)(F)C(F)(F)F)S(=O)(=O)C(F)(F)C(F)(F)C(F)(F)C(F)(F)F,1.389492083
[NH4+].[NH4+].CCN(CCOP([O-])([O-])=O)S(=O)(=O)C(F)(F)C(F)(F)C(F)(F)C(F)(F)C(F)(F)C(F)(F)C(F)(F)F,0.770217642
FC(=C(F)S(F)(=O)=O)C(F)(F)F,0.907259916
FC(F)(F)C(=O)N=O,0.828715817
CN(CCCCOC(=O)C=C)S(=O)(=O)C(F)(F)C(F)(F)C(F)(F)C(F)(F)C(F)(F)C(F)(F)F,1.693759613
[NH4+].[O-]S(=O)(=O)C(F)(F)C(F)(F)C(F)(F)C(F)(F)C(F)(F)C(F)(F)C(F)(F)F,1.366085707
[NH4+].[O-]S(=O)(=O)C(F)(F)C(F)(F)C(F)(F)C(F)(F)C(F)(F)F,1.063498318
OS(=O)(=O)C(F)(F)C(F)(F)C(F)(F)C(F)(F)C(F)(F)C(F)(F)C(F)(F)C(F)(F)C(F)(F)F,1.968324618
CNS(=O)(=O)C(F)(F)C(F)(F)C(F)(F)C(F)(F)C(F)(F)C(F)(F)C(F)(F)F,1.714817679
FC(F)(F)C(=O)NC1=CC(=C(CBr)C=C1)C(F)(F)F,1.980061114
[O-][N+](=O)C1=C(C=O)C=CC(=C1)C(F)(F)C(F)(F)F,1.991000286
CC(C)(CCC(F)(F)C(F)(F)C(F)(F)C(F)(F)C(F)(F)C(F)(F)F)OC(=O)ON=C(C#N)C1=CC=CC=C1,2.265554844
OCCOCCCC(F)(F)C(F)(F)F,1.399399622
COC(C)(CN)C(F)(F)F,0.910021317
OC1=C(F)C(F)=C(SC2=C(F)C(F)=C(O)C(F)=C2F)C(F)=C1F,1.682967612
[H]C12CCC([H])(C1)C(OC(=O)C(C)=C)C2CC(O)(C(F)(F)F)C(F)(F)F,2.011711006
FCC(F)F,1.396132499
FC(F)(F)C(Cl)=C(Cl)Cl,2.10097174
FC(F)(F)C(C(F)(F)F)C(F)(F)Cl,2.12651704
CN(C)C(=O)C1=C(F)C(F)=C(F)C(F)=C1F,1.975247248
CN(CC(F)(F)F)C1=CC(=C(C=C1)C#N)C(F)(F)F,1.796860131
FC(F)(I)C(F)(F)C=C,2.070867563
FC1CCC(F)(F)CC1,2.13190513
FC(F)(F)C(F)(F)N1OC(F)(F)C1(F)F,1.50017984
CCOC(F)(F)F,1.160156968
FC1=C(F)C(F)(F)C(F)(F)C(F)(F)C1(F)F,2.57413307
FC(F)C(F)(F)OCC(F)(F)F,1.73583639
FC(F)(F)C(F)(C=CC(F)(C(F)(F)F)C(F)(F)F)C(F)(F)F,2.635616142
FC(F)(F)CCC(F)(F)F,1.784584478
OC(=O)C(CCNC(=O)C(F)(F)F)NC(=O)C(F)(F)F,0.057725697
FC(F)(F)C(F)(F)C(F)(F)C1=CC=C(C=C1)C(=O)OC1=CC=C(C=C1)C#N,2.032241259
COC(=O)C1CCC(CC1)C(F)(F)C(F)(F)C(F)(F)C(F)(F)F,1.825361071
FC(F)(F)C(F)(F)C(=O)C=CC1CCCCC1,2.040998608
FC1C(F)(F)C(F)(F)C(F)(F)C(F)(F)C1(F)F,2.595884296
FC(F)(F)C(F)(C(F)(F)Br)C(F)(F)Br,2.068532097
CC(O)=O.OCC(Br)C(F)(F)C(F)(F)C(F)(F)C(F)(F)C(F)(F)C(F)(F)F,1.379551168
CNC(=O)C1=CC=C(C=C1)C(F)(F)C(F)(F)C(F)(F)C(F)(F)C(F)(F)C(F)(F)C(F)(F)C(F)(F)F,1.936823348
CC(O)C(F)=CC(F)(F)C(F)(F)F,1.44757516
CCC(=O)C1=CC=CC(CC(C(F)(F)F)C(F)(F)F)=C1,2.202347882
FC(F)(F)C(F)(F)C(F)(F)C(=O)OC1=CC=CC=C1C1=CC=CC=C1,2.657997049
FC(F)(F)CCC(F)(F)C(F)(F)C(F)(F)OC(=O)C=C,2.045871333
OC(CBr)(C(F)(F)C(F)(F)F)C(F)(F)C(F)(F)C(F)(F)F,1.694658611
OC(=O)C1=CC=C(OC(F)=C(F)C(F)(F)F)C=C1,1.564474209
OC(C=CSC1=CC=CC=C1)(C(F)(F)F)C(F)(F)F,1.945258133
FC(F)(F)C(=C(C(F)(F)F)C(F)(C(F)(F)F)C(F)(C(F)(F)F)C(F)(F)F)C(F)(F)F,2.927343868
OP(O)(O)=S.OCC(F)(F)F.OCC(F)(F)F.OCC(F)(F)F,0.497886178
CCCC(=O)C(=CC(F)(F)F)C(F)(F)F,1.901562702
COC(F)(F)C(OCF)=C(F)F,1.530838103
CC#C[Si](C)(C)CCC(F)(F)C(F)(F)C(F)(F)C(F)(F)C(F)(F)C(F)(F)F,2.432275203
CCSC(=O)C(F)(F)C(F)(F)C(F)(F)C(F)(F)C(F)(F)C(F)(F)C(F)(F)F,2.162661115
CC(=C)C1=CC=C(OC(F)=C(F)C(F)(F)C(F)(F)C(F)(F)C(F)(F)C(F)(F)C(F)(F)C(F)(F)C(F)(F)C(F)(F)C(F)(F)F)C=C1,2.512954191
CC(=C)C1=CC=C(OC(F)=C(F)C(F)(F)C(F)(F)C(F)(F)C(F)(F)C(F)(F)C(F)(F)C(F)(F)F)C=C1,2.498558954
OC(=O)CCCNC(=O)C(F)(Br)C(F)(F)F,0.426248114
FC(F)C(F)(F)C(F)(F)C(F)(F)C(=O)C=O,1.664331665
CCCCC(F)C(F)(F)C(F)(F)C(F)(F)F,2.251646402
CCOP(=O)(OCC)C(F)(F)C(F)=C(F)F,1.205200075
CO[Si](CCCOCCC(F)(F)C(F)(F)C(F)(F)C(F)(F)F)(OC)OC,1.620819074
CO[Si](CCCSC(=O)C(F)(F)C(F)(F)C(F)(F)C(F)(F)C(F)(F)C(F)(F)C(F)(F)C(F)(F)F)(OC)OC,1.95935431
CCOC(=O)COCC(F)(F)C(F)(F)C(F)(F)C(F)F,1.814130861
CCCCCCCCCCCCCC(=O)OCCC(F)(F)C(F)(F)C(F)(F)C(F)(F)C(F)(F)C(F)(F)F,2.055319444
[Cl-].CC[N+](CC)(CC)C(F)(F)C(F)(F)C(F)(F)C(F)(F)C(F)(F)C(F)(F)C(F)(F)C(F)(F)C(C)F,1.406668662
FB(C1=CC(=CC=C1)C(F)(F)F)C1=CC(=CC=C1)C(F)(F)F,2.928141024
FC(F)(F)C(F)(F)C(F)(F)C(F)(F)C(F)(F)C(F)(F)OC(F)(C(=O)OOC(=O)C(F)(OC(F)(F)C(F)(F)C(F)(F)C(F)(F)C(F)(F)C(F)(F)F)C(F)(F)F)C(F)(F)F,2.351120743
FC(F)(Br)C(F)(F)CCOC(=O)C=C,1.823305473
CCCCCCCCCCCCCCCCCCOCC(F)CC(F)(F)C(F)(F)C(F)(F)C(F)(F)C(F)(F)C(F)(F)F,2.200356683
O.FCF,0.957337256
OC(F)(F)F.OC(F)(F)F.OS(O)(=O)=O,0.158356945
CC(C(Cl)=O)(C(F)(F)F)C(F)(F)F,1.511700448
CC1=CC(=NC(=S)N1)C(F)(F)C(F)(F)C(F)(F)C(F)(F)C(F)(F)C(F)(F)F,1.876601316
FC(F)(F)C(F)(F)C(F)(F)C(F)(F)C(F)(F)C(F)(F)CC(=O)C1=CC=CC=C1,2.11797383
FC(F)(F)C(F)(F)CCCCCCCCCCCCCCS,2.12890912
FC(F)(F)C(F)(F)C(F)(F)C(F)(F)CCC(N=C=O)N=C=O,1.58663035
FC(F)(F)C(F)(F)C(F)(F)C(=O)\C=C/NC1=CC=CC=C1,2.25914515
NC1=NC(=N)C(F)(F)C(F)(F)C1(F)F,1.135328615
CC(C)(C1=CC=C(C=C1)C(F)(F)C(F)(F)C1=CC=CC=C1)[N+]([O-])=O,2.26014863
FC(=C(F)C(F)(C(F)(F)F)C(F)(F)C(F)(F)F)C(F)(F)F,2.40992404
FC1(F)CC1[Si](F)(F)F,2.278313309
FC(F)(F)C1=C(C=C2C=NN=CC2=C1)C(F)(F)F,2.372437056
COC(F)(OC)C(F)(F)F,1.321763032
FC1=C(F)C(F)=C(C(F)=C1F)C1=C(F)C(Cl)=C(F)C(Cl)=C1F,3.905692013
C\N=C(/C)CC(O)(C(F)(F)F)C(F)(F)F,1.114140781
NC(O)=O.OCC1COC(O1)(C(F)(F)F)C(F)(F)F,0.8613698
FC(F)C(F)(F)OC(Cl)C(F)(F)C(F)(F)F,1.864456076
OC(=O)C(=C(F)C(F)(F)C(F)(F)F)C(F)(F)F,1.369843215
FC(F)(F)C(C=CC(C(F)(F)F)C(F)(F)F)C(F)(F)F,2.655013587
NC1=C(C=C(C(=C1C(F)(F)F)C(F)(F)F)C(F)(F)F)C(F)(F)F,2.643233231
F\C(=C\C=O)C(F)(F)C(F)(F)C(F)(F)C(F)(F)C(F)(F)C(F)(F)C(F)(F)F,2.355128449
CO[Si](CCCOC(F)=C(F)C(F)(F)C(F)(F)C(F)(F)C(F)(F)C(F)(F)C(F)(F)C(F)(F)F)(OC)OC,2.066755808
FC1(F)C2=CC3=CC=CC=C3C(=O)C=C2C(F)(F)C1(F)F,2.686757609
[F-].C[P+](C(F)(F)F)(C(F)(F)F)C(F)(F)F,1.05821414
OS(O)(=O)=O.OCC(F)(F)C(F)(F)F.OCC(F)(F)C(F)(F)F,0.689844833
OCCOCCOCCOCCOC(F)(F)C(F)(F)F,1.1739927
CC=CC(C)=CC(F)(F)F,2.217840433
COC(=O)C(C(F)=S)C(F)(F)F,1.079963971
FC1=C(F)C(F)=C(F)C2=C1OC(F)(C2=O)C(F)(F)F,2.60761484
FC(F)(F)C(F)(F)C(F)(F)C(F)(F)C(F)(F)C(F)(F)C(F)(F)C(F)(F)C1=CC=C(OC(=O)C=C)C=C1,2.331696808
OC(OCC(F)(F)C(F)(F)F)C(F)(F)C(F)(F)F,1.494097407
FC(F)(Br)C(F)(F)C(F)(F)C(F)(F)C(F)(F)C(F)(F)CCBr,2.17243052
CC1OOC(O1)C(F)(F)C(F)(F)C(F)(F)C(F)(F)C(F)(F)C(F)(F)F,2.000465724
FC(F)(F)C(F)(F)C(F)(F)C(F)(F)C(F)(F)C(F)(F)C1=C(SC=C1)C1=CC=C(S1)C1=C(C=CS1)C(F)(F)C(F)(F)C(F)(F)C(F)(F)C(F)(F)C(F)(F)F,2.442844911
FC(F)(F)C(=C=O)C(Br)=O,0.967120201
CCCOC(=O)C(=C(F)F)C(F)(F)F,1.707127331
FC(F)(F)C1=NN=C(SC2=NN=C(S2)C(F)(F)F)S1,2.114227794
COP(=O)(CC(=O)CCCC(F)(F)C(F)(F)F)OC,0.887258606
CCCCSC(CC(=C(F)F)C(F)(F)F)OC,2.268740679
COC(CC(S)(C(F)(F)F)C(F)(F)F)OC,1.294983447
FC1=C(OS(F)(=O)=O)C(F)(F)C1=O,0.987340447
FC1=C(F)C(=C(F)C(F)=C1N1C(=O)CCC1=O)C(F)(F)F,1.804018753
FC(C(F)(F)F)S(=O)(=O)NC1=CC=CC(=C1)C(=O)C1=CC=CC=C1,1.492592495
CCCC=C(F)C(=C(F)F)C(F)(F)F,2.343616164
OC1=C(F)C(F)(Cl)C1(F)F,1.272582134
FC1=C(F)C(=C(F)C(F)=C1C(F)(F)F)S(=O)(=O)C1=C(F)C(F)=C(C(F)=C1F)C(F)(F)F,2.158802971
FC(F)(F)C(F)(F)C(F)(F)C(=S)NC1=CC=CC=C1,2.058724594
FC(F)(F)C1(NN=CC1C#N)C(F)(F)F,1.481966004
CC=CS(=O)(=O)C(F)(F)F,0.751001404
OC(=O)C1=CC=CC(=C1)C(=C(F)F)C(F)(F)F,1.559447666
FC1=CC(C#N)=C(C=C1)C(F)(F)C(F)(F)C1=CC=CC=C1,2.320617491
FC(F)(F)C(=C=C=C(C(F)(F)F)C(F)(F)F)C(F)(F)F,2.166430642
C[Si](C)(C)C1(F)OC(F)(F)C(F)(F)OC1(F)F,2.09773865
FC1=C(F)C(F)=C(OC(=O)C(F)(F)OC2=C(F)C(F)=C(F)C(F)=C2F)C(F)=C1F,3.211012115
CCOC(=O)C(F)(F)OC(F)(F)F,1.170895251
FC(=O)C(F)(OC1=CC=CC=C1)C(F)(F)F,2.040574713
FC(F)(F)C1(OC(=O)C(O1)=CC1=CC=CC=C1)C(F)(F)F,2.263103636
OC(=O)C(F)=C(F)C(F)(F)C(F)(F)C(F)(F)C(F)(F)C(F)(F)C(F)(F)C(F)(F)F,1.99532373
C[C@H](O)COCC(F)(F)C(F)(F)F,1.305532368
C[SiH](C)CCC(F)=C(F)F,2.154020014
FC(F)(F)C(F)(F)C(F)(F)C(C(F)(F)F)(C(F)(F)F)C(F)(C(F)(F)F)C(F)(F)F,2.729065256
FC(F)(F)C(F)(F)C(F)(F)C(F)(F)C(F)(F)C(OC1=CC=CC=C1)=CC=O,2.492383109
FC(F)(F)N=C(N=[N+]=[N-])C(C(F)(F)F)(C(F)(F)F)C(F)(F)F,2.376500616
FC1=C(F)C(F)=C(C(F)=C1F)[Si](CC=C)(C1=C(F)C(F)=C(F)C(F)=C1F)C1=C(F)C(F)=C(F)C(F)=C1F,3.467230791
CCCC(OP(=O)(OC1=CC=CC=C1)OC1=CC=CC=C1)C1=CC=C(C=C1)C(F)(F)C(F)(F)C(F)(F)C(F)(F)F,2.755634526
FC(F)(F)C(F)(C(=O)C(F)(F)Br)C(F)(F)F,1.761293706
NC(=CC(=O)C(F)(F)C(F)F)C(F)(F)C(F)F,1.393912141
ON=C(SC(F)(F)F)C(F)(F)F,1.487285291
FC(=C(F)C(F)(F)C(F)(F)C(F)(F)F)C(F)(F)OS(F)(=O)=O,1.787516766
CC(O)=O.OCC(F)(F)C(F)(F)C(F)(F)C(F)(F)C(F)(F)C(F)F,1.291117655
COC1=C(C=C(C)C=C1)C(F)(F)C(F)(F)C(F)(F)F,2.234481061
FC(F)(F)C(F)(F)C(F)(F)C(F)(F)C(F)(F)C(F)(F)C1=CC(=CC(=C1)P(C1=CC=CC=C1)C1=CC=CC=C1)C(F)(F)C(F)(F)C(F)(F)C(F)(F)C(F)(F)C(F)(F)F,2.771443206
COC1=CC=C(C=CS(=O)(=O)C(F)(F)C(F)(F)C(F)(F)C(F)(F)C(F)(F)C(F)(F)F)C=C1,1.896728376
CS(O)(=O)=O.OCC(F)(F)C(F)F,0.216744004
CO[Si](OC)(OC)C(F)(F)C(F)(F)C(F)(F)C(F)(F)F,1.656094909
CC(C)(C)CCC(CCC(F)(F)C(F)(F)C(F)(F)C(F)(F)C(F)(F)C(F)(F)C(F)(F)C(F)(F)F)OC(=O)NNC([O-])=O,1.978779599
CC1=C2C(CC(F)(F)C2(F)F)=CC=C1,2.564154807
FC1(F)C(C2=CC(Br)=CC=C2)C1(F)F,2.977100368
FC(F)(F)C(F)(F)C(F)(F)C(=C)NC1CCCCC1,1.652290294
FC(F)(F)C1=CC=C(C#C1)C(F)(F)F,2.106556415
FC(F)(F)C(F)(F)CNC(=O)CCl,1.103966693
FC1=C(F)C2=C(F)C3=C(C(F)=C2C(F)=C1F)C(F)=C1C(F)=C2C(F)=C(I)C(F)=C(F)C2=C(F)C1=C3F,3.064787593
OC1C(F)=C(F)CC(F)=C1F,1.487458723
CCCCCCCCC1=CSC(=C1)C1=C(CCCCCC(F)(F)C(F)(F)C(F)(F)C(F)(F)F)C=CS1,2.264181706
OC(=O)C(F)(F)C(F)OC(F)(F)C(F)(F)F,1.018166143
FC(F)(F)C1=CC(=CC(=C1)C1=COC=C1)C(F)(F)F,2.733996655
OC(=O)C1(F)C(F)(F)C1(F)F,1.028423293
CS(O)(=O)=O.OC1=C(F)C(F)=C(C(F)=C1F)C(F)(F)F,1.225035178
OC(CCC(F)(F)C(F)(F)C(F)(F)C(F)(F)C(F)(F)C(F)(F)F)C#N,2.15629198
FC1=C(F)C(F)(F)OSOC1(F)F,1.625772589
OC(=O)C(F)(F)C(C(F)(F)F)(C(F)(F)F)C(F)(F)C(F)(F)F,1.710910082
C[Si](C)(C)C=CC(F)(F)F,2.595473888
C1CO1.FC(F)F,1.000278385
C1=CC=NC=C1.OC(C(F)(F)F)C(F)(F)F,1.007070096
FC(F)(F)COC(F)(F)C(F)(Cl)Cl,1.723942659
FC1=C(F)C(F)=C(I)C(F)=CN1,1.939508779
FC(F)(F)C(I)C(F)(F)C(F)(C(F)(F)F)C(F)(F)F,2.206647382
FC(F)(CCl)OC(F)(F)CCl,1.290564192
C[N+](C)(CCCNS(=O)(=O)CCC(F)(F)C(F)(F)C(F)(F)C(F)(F)C(F)(F)C(F)(F)F)CC(O)=O,1.380979737
FC(F)(F)C(F)(Cl)C(F)(F)Cl,1.989668874
FC(=O)C(F)(OC(F)(F)F)C(F)(F)F,1.506220868
CN(CCOC(=O)C(C)=C)S(=O)(=O)C(F)(F)C(F)(F)C(F)(F)C(F)(F)C(F)(F)C(F)(F)C(F)(F)C(F)(F)F,1.800803597
CN(CCOC(=O)C=C)S(=O)(=O)C(F)(F)C(F)(F)C(F)(F)C(F)(F)C(F)(F)C(F)(F)C(F)(F)C(F)(F)F,1.821337077
COC1(F)C(F)(F)C1(F)Cl,2.029845165
FC(F)OC(F)C(F)(F)F,1.436323763
OC(F)(F)C(F)(F)C(F)(F)C(F)(F)C(F)(F)C(F)(F)C(F)(F)CF,2.008374833
FC(F)(Br)C(F)(Cl)C=C,1.820061609
FCCC(F)(F)F,1.600722703
FC(F)C(F)(F)C(F)Cl,1.759590181
FC(F)COC(F)F,1.136775139
OCCCCCC(F)(F)F,1.149461865
FC(F)(F)C(F)(C(F)(F)F)C1(F)C(F)(F)C(F)(F)C(F)(C(F)(F)F)C(F)(F)C1(F)F,2.607264173
FC(F)C(F)(F)C(F)(F)C(F)(F)C(F)(F)C(F)(F)C(F)(F)F,2.421378233
[O-]S(=O)(=O)C(F)(F)C(F)(F)C(F)(F)C(F)(F)C(F)(F)C(F)(F)F,1.533700775
[O-]S(=O)(=O)CCC(F)(F)C(F)(F)C(F)(F)C(F)(F)C(F)(F)C(F)(F)C(F)(F)C(F)(F)F,1.830776675
FC(F)C=O,0.518924366
OP(O)(=O)C(F)(F)C(F)(F)C(F)(F)C(F)(F)C(F)(F)C(F)(F)C(F)(F)C(F)(F)F,1.902511212
FC(F)(F)C(F)(F)C(F)(C(F)(F)C(F)(F)F)C(F)(C(F)(F)F)C(F)(F)F,2.47657857
FC(F)(F)C(F)(F)C(F)(F)C1(F)OC(F)(F)C(F)(F)C(F)(F)C1(F)F,2.357952252
OCC1CC(F)(F)C1(F)F,1.608669714
FC(F)(C=C)C(F)(F)C(F)(F)C(F)(F)C=C,2.254281604
FC(F)(F)C(F)(F)C(F)(F)C(=O)NCC1=CC=CC=C1,1.539794488
FC(F)(F)C(F)(C(F)(F)F)C(F)(F)I,2.144131784
CC1(C)[C@@H](CC[C@]1(C)C(=O)OCC(F)(F)C(F)(F)C(F)(F)C(F)(F)C(F)(F)C(F)F)C(=O)OCC(F)(F)C(F)(F)C(F)(F)C(F)(F)C(F)(F)C(F)F,2.233347962
FC(F)(F)C(F)(F)C(F)(F)OC(F)(C(F)(F)F)C(F)(OC(F)(F)C(F)(F)C(F)(F)F)C(F)(F)F,2.465206974
FCC(F)(F)C(F)(F)C(F)(F)C(F)(F)C(F)(F)C(F)(F)C(F)(F)C(F)(F)C(F)(F)C(F)OC(=O)C=C,2.264328818
FC(F)=C(F)C(F)(F)C(F)(F)C1(F)OC1(F)F,2.29626406
FC(F)(F)C(F)(F)C(F)(F)C(F)(F)C(F)(F)C(F)(F)C(F)(F)C(F)(F)CCSC#N,2.316180112
FC(F)=C(F)OC(F)(F)C(F)(F)S(F)(=O)=O,1.413316894
OC(=O)C(F)(F)C(F)(Cl)C(F)(F)C(F)(Cl)C(F)(F)C(F)(Cl)Cl,1.544604885
FC(F)(F)C(F)(F)C(F)(F)C(F)(F)C(F)(F)C(F)(F)C(F)(F)C(=O)OC(=O)C(F)(F)C(F)(F)C(F)(F)C(F)(F)C(F)(F)C(F)(F)C(F)(F)F,2.260053337
CC(=C)C(=O)OCC(F)(F)C(F)C(F)(F)F,1.75489525
CN(CCOC(=O)C=C)S(=O)(=O)CCC(F)(F)C(F)(F)C(F)(F)C(F)(F)C(F)(F)C(F)(F)C(F)(F)C(F)(F)F,1.910943058
[H][C@@]12CC[C@@](C)(C(=O)C1C(=O)C(F)(F)C(F)(F)C(F)(F)F)C2(C)C,2.130111846
FC(F)(F)C(F)(C(F)(F)F)C(F)(F)C(F)(F)C(F)(F)C(F)(F)C(F)(F)C(F)(F)C(F)(F)C(F)(F)C(F)(F)C(F)(F)C(F)(F)C(F)(F)CC1CO1,2.478644931
OC(COP(O)(O)=O)CC(F)(F)C(F)(F)C(F)(F)C(F)(F)C(F)(F)C(F)(F)C(F)(F)C(F)(F)C(F)(F)C(F)(F)C(F)(C(F)(F)F)C(F)(F)F,2.065597306
[H]N(C(=O)OCCN(CC)S(=O)(=O)C(F)(F)C(F)(F)C(F)(F)C(F)(F)C(F)(F)F)C1=CC(N([H])C(=O)OC(C)COC(=O)C(C)=C)=C(C)C=C1,1.125425259
FC(F)=C(F)OC(F)(F)C(F)(OC(F)(F)C(F)(F)C#N)C(F)(F)F,2.203230339
CC(=C)C(=O)OCCC(F)(F)C(F)(F)C(F)(F)C(F)(F)C(F)(F)C(F)(F)C(F)(F)C(F)(F)C(F)(C(F)(F)F)C(F)(F)F,2.315307668
C[N+](C)([O-])CCCNS(=O)(=O)CCC(F)(F)C(F)(F)C(F)(F)C(F)(F)C(F)(F)C(F)(F)F,1.493752655
FC(F)(F)C(F)(Cl)C(F)(Cl)C(F)(C(F)(F)F)C(F)(F)F,2.288141208
[H]N(CCC[N+]([H])(CC)CCC([O-])=O)CC(O)CC(F)(F)C(F)(F)C(F)(F)C(F)(F)C(F)(F)C(F)(F)C(F)(F)C(F)(F)C(F)(F)C(F)(F)C(F)(F)C(F)(F)F,1.761546166
C[N+](C)(CCCNCC(O)CC(F)(F)C(F)(F)C(F)(F)C(F)(F)C(F)(F)C(F)(F)C(F)(F)C(F)(F)C(F)(F)C(F)(F)C(F)(C(F)(F)F)C(F)(F)F)CCC([O-])=O,1.894063266
[NH4+].[NH4+].[O-]P([O-])(=O)OCCC(F)(F)C(F)(F)C(F)(F)C(F)(F)C(F)(F)C(F)(F)C(F)(F)C(F)(F)C(F)(F)C(F)(F)C(F)(F)C(F)(F)F,1.41114301
[NH4+].[NH4+].[O-]P([O-])(=O)OCCC(F)(F)C(F)(F)C(F)(F)C(F)(F)C(F)(F)C(F)(F)C(F)(C(F)(F)F)C(F)(F)F,1.259280431
FC(F)C(F)(F)C(F)(F)C(F)(F)S(=O)(=O)OS(=O)(=O)C(F)(F)C(F)(F)C(F)(F)C(F)F,1.644030893
[I-].[H]N(CCC[N+](C)(C)C)S(=O)(=O)CCC(F)(F)C(F)(F)C(F)(F)C(F)(F)C(F)(F)C(F)(F)F,1.08156724
CCCCOCCOCCOCC(O)CC(F)(F)C(F)(F)C(F)(F)C(F)(F)C(F)(F)C(F)(F)C(F)(C(F)(F)F)C(F)(F)F,2.056622871
CN(C)CCCNCC(O)CC(F)(F)C(F)(F)C(F)(F)C(F)(F)C(F)(F)C(F)(F)C(F)(F)C(F)(F)F,1.889102716
OCC(O)CC(F)(F)C(F)(F)C(F)(F)C(F)(F)C(F)(F)C(F)(F)C(F)(F)C(F)(F)F,2.113438708
[NH4+].[NH4+].OC(COP([O-])([O-])=O)CC(F)(F)C(F)(F)C(F)(F)C(F)(F)C(F)(F)C(F)(F)C(F)(F)C(F)(F)F,1.031657376
[NH4+].[NH4+].OC(COP([O-])([O-])=O)CC(F)(F)C(F)(F)C(F)(F)C(F)(F)C(F)(F)C(F)(F)C(F)(F)C(F)(F)C(F)(C(F)(F)F)C(F)(F)F,1.239581877
FC(F)(F)C(F)(CC1CO1)C(F)(F)F,1.820750216
[H]N(C(=O)C(F)(F)C(F)(F)C(F)(F)F)C1=CC(Cl)=CC(Cl)=C1,2.297515393
CCCCCCCCCCCCCCCCCCCC(F)(F)C(F)(F)C(F)(F)C(F)(F)C(F)(F)C(F)(F)C(F)(F)C(F)(F)F,2.36700433
FC(F)(F)C(F)(F)C(F)(F)C(F)(F)C(F)(F)C(F)(F)CCCCCCCCC(F)(F)C(F)(F)C(F)(F)C(F)(F)C(F)(F)C(F)(F)F,2.45177227
CCP(OC(C)C)OC(C)C.FC(F)(F)C(F)(F)C(F)(F)I,1.175531581
[H][C@]1(O)CC[C@@]2([H])[C@]3([H])[C@]([H])(CCCCCCCCCS(=O)CCCC(F)(F)C(F)(F)F)CC4=CC(OC)=CC=C4[C@@]3([H])CC[C@]12C,2.234781325
CCC(F)(F)F,1.803383211
FC(F)(F)C(Br)=C,1.507739343
CC(=O)OC(=C)C(F)(F)F,1.180035503
NC(=O)C(F)(F)C(F)(F)OC(F)(C(F)(F)F)C(F)(F)OC(F)=C(F)F,1.784072873
CCOC(=O)C1=CC=C(C=C1C(O)=O)C(C1=CC=C(C(=O)OCC)C(=C1)C(O)=O)(C(F)(F)F)C(F)(F)F,1.586291892
COC(=O)C(CCC(F)(F)C(F)(F)C(F)(F)C(F)(F)C(F)(F)C(F)(F)F)C(=O)OC,1.684683537
COC1(OC(F)(C(F)(C(F)(F)F)C(F)(F)F)C(F)(F)C1(F)F)C(F)(C(F)(F)F)C(F)(F)F,2.569994898
FC(=O)C1(F)C(F)(F)C(F)(F)C(F)(C(F)(F)F)C1(F)F,2.169114537
FC(F)(F)C(F)(F)OC(F)(F)C(F)(F)C(F)(F)F,2.096910452
OCCNS(=O)(=O)C(F)(F)C(F)(F)C(F)(F)C(F)(F)C(F)(F)C(F)(F)C(F)(F)C(F)(F)F,1.810918663
OC(=O)C(OC(F)(F)C(F)(F)C(F)(F)C(F)(F)F)(C(F)(F)F)C(F)(F)F,1.720606565
[O-]C(=O)C(F)(F)C(F)(F)C(F)(F)F,1.46425527
[O-]C(=O)C(F)(F)C(F)(F)C(F)(F)C(F)(F)C(F)(F)C(F)(F)C(F)(F)C(F)(F)F,2.064441984
OS(=O)(=O)C(F)(F)C(F)(F)OC(F)(F)C(F)(F)C(F)(F)C(F)(F)C(F)(F)C(F)(F)Cl,1.784265571
C[N+](C)(CCCC(F)(F)C(F)(F)C(F)(F)C(F)(F)C(F)(F)C(F)(F)C(F)(F)C(F)(F)C(F)(F)F)CC([O-])=O,2.115600382
[H]N(CCC[N+](C)(C)CC([O-])=O)S(=O)(=O)CCC(F)(F)C(F)(F)C(F)(F)C(F)(F)C(F)(F)C(F)(F)C(F)(F)C(F)(F)C(F)(F)C(F)(F)C(F)(F)C(F)(F)F,1.938025855
C[N+](C)(CCCC(F)(F)C(F)(F)C(F)(F)C(F)(F)C(F)(F)C(F)(F)C(F)(F)C(F)(F)C(F)(F)C(F)(F)C(F)(F)F)CC([O-])=O,2.204740342
OC(=O)CSCCC(F)(F)C(F)(F)C(F)(F)C(F)(F)C(F)(F)C(F)(F)C(F)(F)C(F)(F)F,2.058721954
[H]N(CCCN(C)C)S(=O)(=O)CCC(F)(F)C(F)(F)C(F)(F)C(F)(F)C(F)(F)C(F)(F)C(F)(F)C(F)(F)C(F)(F)C(F)(F)F,1.940441671
[2H]OC(=O)C(F)(F)C(F)(F)C(F)(F)C(F)(F)C(F)(F)C(F)(F)C(F)(F)F,2.184724202
[H]C(F)(F)C(F)(F)C(F)(F)C(F)(F)C(F)(F)C(F)(F)C(F)(F)C(F)(F)C(F)(F)C([O-])=O,2.089055131
OC(=O)C(F)(F)C(F)(F)C(F)(F)C(F)(F)C(F)(F)C(F)(F)C(F)(F)C(F)(F)C(F)(F)C(F)(F)C(F)(F)C(F)(F)C(F)(F)C(F)(F)C(F)(F)C(F)F,2.252901981
[H]C(F)(F)C(F)(F)C(F)(F)C(F)(F)C(F)(F)C(F)(F)C(F)(F)C(F)(F)C(F)(F)C(F)(F)C(F)(F)C(F)(F)C(F)(F)C([O-])=O,2.245380608
CN(C)(=O)CCCNC(=O)C(F)(F)C(F)(F)C(F)(F)C(F)(F)C(F)(F)C(F)(F)F,1.564086489
CN(C)CCCNC(=O)C(F)(F)C(F)(F)C(F)(F)C(F)(F)C(F)(F)C(F)(F)C(F)(F)C(F)(F)F,1.785777645
[O-]C(=O)CCC(F)(F)C(F)(F)C(F)(F)F,1.525408377
[O-]C(=O)C(F)(F)C(F)OC(F)(F)C(F)(F)C(F)(F)OC(F)(F)F,1.595076957
CC(COC(=O)C(C)=C)OC(=O)NC1=C(C)C=CC(NC(=O)OCCCCN(C)S(=O)(=O)C(F)(F)C(F)(F)C(F)(F)C(F)(F)F)=C1,1.163138656
[I-].CC(C[N+](C)(C)C)NS(=O)(=O)C(F)(F)C(F)(F)C(F)(F)C(F)(F)C(F)(F)C(F)(F)C(F)(F)C(F)(F)F,1.091417699
FC(F)(F)C1(F)C(F)(F)C(F)(F)C(F)(F)C(F)(C1(F)F)C1(F)C(F)(F)C(F)(F)C(F)(F)C(F)(C(F)(F)F)C1(F)F,2.716671232
FC(F)(F)C(C(F)(F)F)(C(F)(F)F)C1(F)C(F)(F)C(F)(F)C(F)(F)C2(F)C(F)(F)C(F)(F)C(F)(F)C(F)(F)C12F,3.005527583
CCO[Si](C)(CCC(F)(F)C(F)(F)C(F)(F)C(F)(F)C(F)(F)C(F)(F)C(F)(F)C(F)(F)F)OCC,2.084786558
CCO[Si](CCCNC(=O)C(F)(F)C(F)(F)C(F)(F)C(F)(F)C(F)(F)F)(OC)OC,1.438041146
FC1(F)C(F)(F)C(F)(F)C(F)(C(Br)=O)C(F)(F)C1(F)F,2.0846491
NCCC(F)(F)C(F)(F)C(F)(F)C(F)(F)C(F)(F)F,1.819571224
OS(=O)(=O)[13C](F)(F)[13C](F)(F)[13C](F)(F)[13C](F)(F)C(F)(F)C(F)(F)C(F)(F)C(F)(F)F,1.890812447
CC(C)(CS([O-])(=O)=O)NC(=O)CCS(=O)CCC(F)(F)C(F)(F)C(F)(F)C(F)(F)C(F)(F)C(F)(F)F,1.296240357
CCCC(F)(F)C(F)(F)C(F)(F)F,2.218461072
CCCCCCC(F)(F)C(F)(F)C(F)(F)F,2.300973397
CCC(F)(F)C(F)(F)C(F)(F)C(F)(F)C(F)(F)F,2.329107192
NCCC(F)(F)C(F)(F)C(F)(F)F,1.451687644
FC(F)(F)C(F)(F)C(F)(F)C(F)(F)C=C=C,2.121767947
CCC(N)CC(F)(F)C(F)(F)C(F)(F)F,1.468243077
F\C=C(\F)C(F)(F)C(F)(F)C(F)(F)C(F)(F)F,2.39740086
FC(F)(F)C(F)(F)C(F)(F)CCCCCCC(F)(F)C(F)(F)C(F)(F)F,2.321344133
CCCCCCC(F)(F)C(F)(F)C(F)(F)C(F)(F)C(F)(F)C(F)(F)C(F)(F)F,2.399967788
FC(F)(F)C(F)(F)C(F)(F)C(F)(F)CC=O,1.946824403
CCCCCCC(F)(F)C(F)(F)C(F)(F)C(F)(F)C(F)(F)C(F)(F)C(F)(F)C(F)(F)F,2.403881702
FC(F)(F)C(F)(F)C(F)(F)CCC(F)(F)C(F)(F)C(F)(F)C(F)(F)C(F)(F)C(F)(F)F,2.428339531
FC(F)(F)C(F)(F)C(F)(F)C(F)(F)C(F)(F)C(F)(F)C(F)(F)C(F)(F)C(F)(F)C(F)(F)CCBr,2.385280695
CCC(I)CC(F)(F)C(F)(F)C(F)(F)C(F)(F)C(F)(F)C(F)(F)C(F)(F)C(F)(F)F,2.322816092
OCC=CC(F)(F)C(F)(F)C(F)(F)C(F)(F)F,2.010190635
FC(F)(F)C(F)(F)C(F)(F)C(F)(F)C(F)(F)C(F)(F)C(F)(F)C(F)(F)C(F)(F)C(F)(F)C(F)(F)CCI,2.349304539
CCCCCCCCC(F)(F)C(F)(F)C(F)(F)C(F)(F)C(F)(F)C(F)(F)C(F)(F)C(F)(F)C(F)(F)C(F)(F)F,2.447990512
CCCCCCCCCCC(I)CC(F)(F)C(F)(F)C(F)(F)C(F)(F)C(F)(F)C(F)(F)F,2.228141987
CCCCC(F)(F)C(F)(F)C(F)(F)C(F)(F)C(F)(F)C(F)(F)C(F)(F)C(F)(F)C(F)(F)C(F)(F)C(F)(F)C(F)(F)F,2.555540048
OCCOCCOCC(F)(F)C(F)(F)C(F)(F)F,1.488694087
CCCCCCCCCCCCC=CC(F)(F)C(F)(F)C(F)(F)C(F)(F)F,2.617448147
CCCCCCCCCCCCC(F)(F)C(F)(F)C(F)(F)C(F)(F)C(F)(F)C(F)(F)C(F)(F)C(F)(F)C(F)(F)C(F)(F)F,2.426520116
CCCCCCCCCCCCCCC(I)CC(F)(F)C(F)(F)C(F)(F)C(F)(F)C(F)(F)C(F)(F)C(F)(F)F,2.23840729
CCCCCCCCCCCCC(F)(F)C(F)(F)C(F)(F)C(F)(F)C(F)(F)C(F)(F)C(F)(F)C(F)(F)C(F)(F)C(F)(F)C(F)(F)F,2.436157471
CCCCCCCCCCCCCCCC(F)(F)C(F)(F)C(F)(F)C(F)(F)C(F)(F)C(F)(F)C(F)(F)C(F)(F)C(F)(F)C(F)(F)F,2.464189066
FC(F)(F)C(F)(F)C(F)(F)C(F)(F)C(F)(F)C(F)(F)CCCCCCC(F)(F)C(F)(F)C(F)(F)C(F)(F)C(F)(F)C(F)(F)F,2.464119144
OCCCCCCCCCCCC(F)(F)C(F)(F)C(F)(F)C(F)(F)C(F)(F)C(F)(F)F,2.037173756
CCCCCCCCC(I)CC(F)(F)C(F)(F)C(F)(F)C(F)(F)C(F)(F)C(F)(F)C(F)(F)C(F)(F)C(F)(F)C(F)(F)F,2.264888914
FC(F)(F)C(F)(F)C(F)(F)C(F)(F)C(F)(F)C(F)(F)C(F)(F)C(F)(F)CCC#N,2.309740801
CCCCCCCCCCCCCC(F)(F)C(F)(F)C(F)(F)C(F)(F)C(F)(F)C(F)(F)C(F)(F)C(F)(F)C(F)(F)C(F)(F)C(F)(F)C(F)(F)F,2.450119359
FC(F)(F)C(F)(F)C(F)(F)C(F)(F)C(F)(F)C(F)(F)C(F)(F)C(F)(F)C(F)(F)C(F)(F)C(F)(F)C(F)(F)C(F)(F)C=C,2.651200691
NC(=N)C(F)(F)C(F)(F)C(F)(F)C(F)(F)C(F)(F)F,1.526682947
CC(=O)C(F)(F)C(F)(F)C(F)(F)C(F)(F)C(F)(F)C(F)(F)F,2.042745228
ONC(=N)C(F)(F)C(F)(F)C(F)(F)F,1.318458858
FC(F)(F)C(F)(F)C(F)(F)C(F)(F)CCCCCCCCCCC(Cl)=O,2.013922709
COC1=CC=C(C=C1)C(F)(F)C(F)(F)C(F)(F)F,2.314975717
CCC(C)(O)C#CC(F)(F)C(F)(F)C(F)(F)C(F)(F)F,2.144282402
FC(F)(F)C(F)(F)C(F)(F)C(F)(F)C(F)(F)C(F)(F)C(F)(F)C(F)(F)C(F)(F)C(F)(F)C=O,2.32566199
FC(F)(F)C(F)(F)C(F)(F)C(F)(F)C(F)(F)C(F)(F)CCOCC#C,2.356262161
OC(=O)C(F)C(F)(F)OC(F)(F)C(F)(F)OC(F)(F)OC(F)(F)OC(F)(F)F,1.328104409
OC(=O)COC(F)(F)C(F)C(F)(F)OC(F)(F)C(F)(F)C(F)(F)F,1.60202858
OC(=O)C(F)(F)OC(F)(F)C(F)(F)C(F)(F)OC(F)(F)F,1.331265951
OC(=O)C(F)(F)C(F)(F)C(F)(F)C(F)(F)C(F)(F)OC(F)C(F)(F)F,1.611459422
C[N+](C)(CCO)CCCN(CCCS([O-])(=O)=O)S(=O)(=O)C(F)(F)C(F)(F)C(F)(F)F,0.732511175
OC(CC(F)(F)C(F)(F)C(F)(F)C(F)(F)C(F)(F)C(F)(F)C(F)(F)F)S(O)(=O)=O,1.953873206
OS(=O)(=O)C(F)(F)C(F)(F)C(F)(F)C(F)(F)C(F)(F)C(F)(F)C(F)(F)C(F)(F)C(F)(F)C(F)(F)C(F)(F)C(F)(F)C(=O)C(F)(F)F,2.035842709
OS(=O)(=O)OC(F)(F)C(F)(F)F,0.814364139
CC[N+](C)(C)CCC(F)(F)C(F)(F)C(F)(F)C(F)(F)C(F)(F)C(F)(F)C(F)(F)C(F)(F)C(F)(F)C(F)(F)C(F)(F)C(F)(F)C(F)(F)C(F)(F)F,2.439319393
OCC(SCCC(O)=O)C(CO)C(F)(F)C(F)(F)C(F)(F)C(F)(F)F,1.318967114
OC(CC(F)(F)C(F)(F)C(F)(F)C(F)(F)C(F)(F)C(F)(F)C(F)(F)C(F)(F)C(F)(F)C(F)(F)C(F)(F)C(F)(F)F)S(O)(=O)=O,2.213553122
OS(=O)(=O)OCCC(F)(F)C(F)(F)C(F)(F)C(F)(F)C(F)(F)C(F)(F)C(F)(F)C(F)(F)C(F)(F)C(F)(F)F,2.103277844
CN(C)CCC(NS(=O)(=O)C(F)(F)C(F)(F)C(F)(F)C(F)(F)C(F)(F)F)C(O)=O,1.079766668
NCCCNS(=O)(=O)CCC(F)(F)C(F)(F)F,0.579032991
NCCCNS(=O)(=O)CCC(F)(F)C(F)(F)C(F)(F)C(F)(F)C(F)(F)C(F)(F)C(F)(F)C(F)(F)C(F)(F)C(F)(F)F,1.869328003
OS(=O)CCC(F)(F)C(F)(F)F,1.000626264
CN(C)CCCNS(=O)(=O)C(F)(F)C(F)(F)C(F)(F)C(F)(F)C(F)(F)C(F)(F)C(F)(F)C(F)(F)C(F)(F)C(F)(F)C(F)(F)C(F)(F)C(F)(F)C(F)(F)F,2.095671138
CNS(=O)(=O)C(F)(F)C(F)(F)C(F)(F)C(F)(F)C(F)(F)C(F)(F)C(F)(F)C(F)(F)C(F)(F)C(F)(F)F,1.960457756
OS(=O)(=O)C(F)(F)C(F)(F)C(F)(F)C(F)(F)C(F)(F)C(F)(F)C(F)(F)C(F)(F)C(F)(F)C(F)(F)C(F)(F)C(F)(F)C(F)(F)OC(F)(F)F,2.159704566
CN(C)CCCN(CCC(O)=O)S(=O)(=O)C(F)(F)C(F)(F)C(F)(F)C(F)(F)C(F)(F)C(F)(F)C(F)(F)C(F)(F)C(F)(F)C(F)(F)C(F)(F)C(F)(F)C(F)(F)C(F)(F)F,1.944955762
OS(=O)C(F)(F)C(F)(F)C(F)(F)C(F)(F)C(F)(F)C(F)(F)C(F)(F)C(F)(F)C(F)(F)C(F)(F)C(F)(F)C(F)(F)F,2.156938856
OS(=O)(=O)OC(F)(F)C(F)(F)C(F)(F)C(F)(F)C(F)(F)C(F)(F)C(F)(F)C(F)(F)C(F)(F)C(F)(F)C(F)(F)C(F)(F)C(F)(F)F,2.205556764
OS(=O)(=O)C1(F)C(F)(F)C(F)(F)C(F)(C(F)(F)C(F)(F)C(F)(F)F)C1(F)F,1.846569818
OS(=O)(=O)C1(F)C(F)(F)C(F)(F)C(F)(C(F)(F)C(F)(F)F)C1(F)F,1.753991331
C[N+](C)(CCCNS(=O)(=O)C(F)(F)C(F)(F)C(F)(F)C(F)(F)C(F)(F)C(F)(F)C(F)(F)C(F)(F)C(F)(F)C(F)(F)C(F)(F)F)CCC([O-])=O,1.75655226
C[N+](C)(CCCN(CCC(O)=O)S(=O)(=O)C(F)(F)C(F)(F)C(F)(F)C(F)(F)C(F)(F)C(F)(F)C(F)(F)F)CCC([O-])=O,1.321874992
FC(F)(F)C(F)(Br)C(Br)=O,1.292936816
NC(=O)C(F)(Br)C(F)(F)F,0.700928121
FC(F)(F)C(F)(F)C(F)(F)C1=C(Cl)C(=NN1)C1=CC=CC=C1,2.444193586
FC(F)(F)C(F)(F)C(F)(F)C(Cl)(C(F)(F)F)C(F)(F)F,2.3242826
FC(F)(F)C(Cl)=C,1.605998537
FC(F)(F)C(F)(F)C(F)(F)C(F)(F)CC1CN(CC1CI)C#N,1.845053055
FC(F)(Br)C(F)(F)C(F)(F)C(F)(F)C(F)(F)C(F)(F)C(F)(F)C(F)(F)Br,2.37859672
FC(F)=C(Br)C(F)(F)Br,2.105868146
CCOC(=O)C(F)(F)C(F)(F)C(F)(F)C(F)(F)C(F)(F)C(F)F,1.991098715
FC1=C(CBr)C=CC(=C1)C(F)(F)F,2.321572152
FC1=CC(=C(CBr)C=C1)C(F)(F)F,2.404900581
FC(F)(F)C1=CC(C=O)=C(C=C1)C(F)(F)F,2.235113467
OC(C(O)=O)C1=CC(=CC(=C1)C(F)(F)F)C(F)(F)F,1.342861636
OCC(F)(F)C(F)(F)C(F)(F)C(F)(F)C(F)(F)C(F)(F)C(F)(F)C(F)(F)C(F)(F)C(F)(F)C(F)(F)F,2.277631915
FC(F)(F)C1=CC(=O)CS1,1.612945048
[NH4+].[O-]C(=O)C(F)(F)C(F)(F)C(F)(F)C(F)(F)C(F)(F)C(F)(F)C(F)(F)F,1.711219874
COC(=O)C(F)(F)OC(F)(F)C(F)(F)OC(F)(F)C(F)(F)C(F)(F)C(F)(F)F,1.860513127
OCCCCC(F)(F)C(F)(F)F,1.348635397
FC(F)=C(F)S(F)(=O)=O,0.510100559
FC(F)(F)C1=CC(CBr)=C(C=C1)C(F)(F)F,2.522793201
FC(F)(I)C(F)(Cl)Cl,1.945535649
FC1=CC=CC(=C1F)C(F)(F)F,2.65785712
OC1=C(F)C(F)=C(C=C1)C(F)(F)F,1.85031953
NCC1=C(C=CC=C1F)C(F)(F)F,1.857393232
OC1=CC(F)=C(C=C1)C(F)(F)F,1.812933997
FC(F)(F)C(F)(F)C(F)(F)C(Br)=O,1.535032128
FC(C(F)(F)F)C(F)(F)OC1=CC=CC=C1,2.548254066
FC(F)(F)CCCI,1.606956556
COC(=O)C(F)(OC(F)(F)C(F)(OC(F)(F)C(F)(OC(F)(F)C(F)(OC(F)(F)C(F)(F)C(F)(F)F)C(F)(F)F)C(F)(F)F)C(F)(F)F)C(F)(F)F,2.332561774
FC(C(F)(F)F)C(F)(F)C(F)(F)F,2.157772389
FC(F)(COC(=O)C=C)C(F)(F)C(F)(F)C(F)(F)COC(=O)C=C,1.808788802
FC(F)(F)C(=O)C(=O)C(F)(F)C(F)(F)F,1.548856622
FC(F)C(F)(F)OCC(F)(F)C(F)(F)F,1.89616068
FC(=O)C1(F)C(F)(F)C(F)(F)C(F)(F)C(F)(F)C1(F)F,2.205316113
FC(F)(F)C(F)(F)C(F)(F)C(F)(F)C(F)(F)C(F)(F)C(=O)OC(=O)C(F)(F)C(F)(F)C(F)(F)C(F)(F)C(F)(F)C(F)(F)F,2.194666575
FC(F)(F)C(F)(F)C(F)(F)C(F)(F)C(F)(F)C(F)(F)C(Br)=O,2.010485745
CC(=C)C(=O)OCC(O)CC(F)(F)C(F)(F)C(F)(C(F)(F)F)C(F)(F)F,1.598243125
FC(F)(F)C(F)(C(F)(F)F)C(F)(F)C(F)(F)C(F)(F)C(F)(F)CC1CO1,2.255052291
NC(=O)C(F)(F)C(F)(F)C(F)(F)C(F)(F)C(F)(F)C(F)(F)C(F)(F)C(F)(F)C(N)=O,1.469085186
FC(F)(C#N)C(F)(F)C(F)(F)C(F)(F)C(F)(F)C(F)(F)C(F)(F)C(F)(F)C#N,2.205981811
FC(F)(F)C1(F)C(F)(F)C(F)(C(F)(F)F)C(F)(F)C(F)(C(F)(F)F)C1(F)F,2.614647919
FC(F)(F)C(F)(F)C(F)(F)C(F)(F)C(F)(F)C(F)(F)CCCCCCCCCCC(Cl)=O,2.066130955
FC(F)(F)C(F)(F)C(F)(F)C(F)(F)C1=CC=C(C=C1)C#N,1.915675984
CN(C)CC(O)CC(F)(F)C(F)(F)C(F)(F)C(F)(F)F,1.736199204
NC1=CC=CC=C1.OC(=O)C(F)(F)C(F)(F)C(F)(F)C(F)(F)C(F)(F)C(F)(F)C(F)(F)C(F)(F)F,1.587107046
NC1=CC=CC=C1C(F)(F)C(F)(F)C(F)(F)C(F)(F)F,1.869818827
FC(F)(F)C(F)(F)C(F)(F)C(C\C=C\CC(C(F)(F)F)(C(F)(F)F)C(F)(F)C(F)(F)C(F)(F)F)(C(F)(F)F)C(F)(F)F,3.015191133
CC1=CC=C(C=C1)C(F)(F)C(F)(F)C(F)(F)C(F)(F)C(F)(F)C(F)(F)C(F)(F)C(F)(F)F,2.307393611
CCN(CC)C(=O)C(F)(F)C(F)(F)C(F)(F)F,1.320973692
FC(F)(F)C(F)(F)C(F)(F)C(F)(F)C(=O)CC(=O)C(F)(F)C(F)(F)C(F)(F)C(F)(F)F,1.884784284
FC(F)(F)C(F)(F)C(F)(F)C(F)(F)CCOCC1CO1,1.875381057
FC(F)(F)C(F)(F)C(F)(F)C(F)(F)C1=CC2=CC=CC=C2C1,2.466306844
FC(F)(F)C(F)(F)C(F)(F)C1=CC(Cl)=CC=N1,2.135852293
FC(F)(F)C(F)(F)C(F)(F)C=CC(=O)C1=CC=CC=C1,2.205677617
NC(=O)C(F)(F)C(F)(F)C(F)(F)C(F)(F)C(F)(F)C(F)(F)C(F)(F)C(F)(F)F,1.938715109
FC(F)(F)C(F)(F)C(F)(F)C(F)(F)C(F)(F)C(F)(F)C(=O)OC=C,2.046622078
CC(=O)OCCC(F)(F)C(F)(F)C(F)(F)C(F)(F)C(F)(F)C(F)(F)C(F)(F)C(F)(F)F,2.097626468
CCCCCNC(=O)C(F)(F)C(F)(F)C(F)(F)F,1.533403848
FC(F)(F)C(F)(F)COS(=O)(=O)C(F)(F)C(F)(F)C(F)(F)C(F)(F)F,1.749491212
OC(=O)C1=CC=C(OCC(F)(F)C(F)(F)C(F)(F)F)C=C1,1.646416614
CCOC(=O)C(=O)C(F)(F)C(F)(F)C(F)(F)C(F)(F)C(F)(F)C(F)(F)F,2.007368887
FC(F)(F)C(F)(F)C(F)(F)C(F)(F)C(F)(F)C(F)(F)CCS(=O)(=O)CCCl,1.927103578
OC(=O)C1=CC=C(N=C1)C(F)(F)C(F)(F)C(F)(F)F,1.209359075
OC1=CC=C(OCC(F)(F)C(F)(F)C(F)(F)C(F)(F)C(F)(F)F)C=C1,2.078971562
NNC(=O)C(F)(F)C(F)(F)C(F)(F)C(F)(F)C(F)(F)C(F)(F)F,1.793391755
OC(=O)C1=CC=NC(=C1)C(F)(F)C(F)(F)C(F)(F)F,1.197587887
FC(F)(F)C(F)(F)C(F)(F)CNC(=O)C1=CC=CC=C1,1.671053558
FC(F)(F)C(F)(F)C(F)(F)C(F)(F)C(F)(F)C(F)(F)C(F)(F)C1=CN=CN1,2.049080817
NC1=NC(=NC=C1C#N)C(F)(F)C(F)(F)C(F)(F)F,1.312649481
FC(F)(F)C(F)(F)C(F)(F)C(F)(F)C(F)(F)C(F)(F)C1=C(I)SC=C1,2.302486252
FC(F)(F)C(F)(F)C(F)(F)C1=CNC(=S)NC1=O,1.521383898
FC(F)(F)C(F)(F)C(F)(F)C(F)(F)C(F)(F)C(F)(F)C(F)(F)C(F)(F)C(F)(F)C(F)(F)C(F)(F)COS(=O)(=O)C(F)(F)C(F)(F)C(F)(F)C(F)(F)F,2.329016822
CC(CNC(=O)C(F)(F)C(F)(F)C(F)(F)F)C1=CC=CC=C1,1.789022903
FC(F)(F)C(F)(F)C(F)(F)C(=O)NNC1=CC=CC=C1,1.660987375
OC(=O)C=CC(=O)OC(F)(F)C(F)(F)C(F)(F)C(F)(F)C(F)(F)C(F)(F)C(F)(F)C(F)(F)F,1.984801647
OC(=O)C1=CC=C(NCC(F)(F)C(F)(F)C(F)(F)C(F)(F)C(F)(F)C(F)(F)C(F)(F)F)C=C1,1.715065322
NC1=C2N=CNC2=NC(=N1)C(F)(F)C(F)(F)C(F)(F)F,1.255966919
OCCNC(=O)C(F)(F)C(F)(F)C(F)(F)C(F)(F)C(F)(F)C(F)(F)C(F)(F)C(F)(F)F,1.861040269
CCC1=CC=CC=C1NC(=O)C(F)(F)C(F)(F)C(F)(F)F,1.768142833
FC(F)(F)C(F)(F)C(F)(F)C(F)(F)S(=O)(=O)OC1=CCCCC1,1.575603633
COC1=CC=CC(NC(=O)C(F)(F)C(F)(F)C(F)(F)F)=C1,1.826037331
FC(F)(F)C(F)(F)C(F)(F)C(OP(=O)(OC1=CC=CC=C1)OC1=CC=CC=C1)C1=CC=CC=C1,2.655625354
FC(F)(F)C(F)(F)C(F)(F)C(F)(F)C1=CC(=O)NC(=S)N1,1.617285381
FC(F)(F)C(F)(F)C(F)(F)C(F)(F)S(=O)(=O)OC1=CC=C(Cl)C=C1Cl,2.326849866
FC(F)(F)C(F)(F)C(F)(F)C1=N[C@@H](CC2=CC=CC=C2)CO1,1.884499345
CC(=O)OC1=C(CC(Cl)CC(F)(F)C(F)(F)C(F)(F)C(F)(F)C(F)(F)C(F)(F)C(F)(F)C(F)(F)F)C=C(Cl)C=C1,2.467810447
COC1=CC=C(OS(=O)(=O)C(F)(F)C(F)(F)C(F)(F)C(F)(F)F)C(Cl)=C1,2.132725818
FC(F)(F)C(F)(F)C(F)(F)C(F)(F)C(F)(F)C(F)(F)C(F)(F)C(F)(F)C(F)(F)C(F)(F)CCOC(=O)NC1=CC=CC=C1,2.127060258
FC(F)(F)C(F)(F)C(F)(F)C(F)(F)S(=O)(=O)NC(=O)C1CCCC1,1.188300862
FC(F)(F)C(F)(F)C(F)(F)C(F)(F)C1=NC2=CC=CC=C2NC(=O)C1,1.64837431
CC(=O)NC1=CC=C(OS(=O)(=O)C(F)(F)C(F)(F)C(F)(F)C(F)(F)F)C=C1,1.372555564
CC(=O)OC1=C(Cl)C=C(Cl)C(Cl)=C1CC(Cl)CC(F)(F)C(F)(F)C(F)(F)C(F)(F)C(F)(F)C(F)(F)C(F)(F)C(F)(F)F,2.804551367
CCOC(=O)C1=C(NN=C1C)C(F)(F)C(F)(F)C(F)(F)C(F)(F)F,1.749757613
NS(=O)(=O)C1=CC=C(CNC(=O)C(F)(F)C(F)(F)C(F)(F)C(F)(F)C(F)(F)C(F)(F)F)C=C1,1.334142269
COC1=C2OC=CC2=C(OC)C2=C1OC(=CC2=O)C(F)(F)C(F)(F)C(F)(F)C(F)(F)F,2.254833145
CCCCCC(=O)N1CCN(CC1)S(=O)(=O)C(F)(F)C(F)(F)C(F)(F)C(F)(F)C(F)(F)C(F)(F)C(F)(F)C(F)(F)F,1.669548181
COC1=CC=C(C=C1)C1CN(C)OC1S(=O)(=O)C(F)(F)C(F)(F)C(F)(F)C(F)(F)C(F)(F)C(F)(F)F,1.782448311
OC[C@H]1O[C@H](C[C@@H]1O)N1C=C(C(=O)NC1=O)C(F)(F)C(F)(F)C(F)(F)F,0.890985145
OCCCCCCC(F)(C(F)(F)F)C(F)(F)F,1.708993347
OC(=O)CC(F)(C(F)(F)F)C(F)(F)F,1.221932067
OCC1=CC=C(C=C1)C(F)(C(F)(F)F)C(F)(F)F,1.838807805
F\C(=C(\C(F)(F)C(F)(F)F)C(F)(C(F)(F)F)C(F)(F)F)C(F)(F)F,2.649076998
FC1=C(F)C(F)=C(C(F)=C1F)C(F)(C(F)(F)F)C(F)(F)F,2.86339066
FC(F)(F)C(F)(C1=CC=NC(Cl)=C1)C(F)(F)F,2.163484212
FC1=C(F)C(F)=C(C(=C1F)C(F)(F)F)C(F)(C(F)(F)F)C(F)(F)F,3.000066381
FC(F)(F)C(F)(C(=O)OCC1=CC=CC=C1)C(F)(F)F,1.856095166
FC(F)(F)C(F)(C1=CC=C2NC(=O)NC2=C1)C(F)(F)F,1.669542203
FC1=C2C(=C(F)C(F)=C1F)C(F)(C(F)(C(F)(F)F)C(F)(F)F)C2(F)F,3.080823235
COC1=NC(F)=C(F)C(=C1F)C(F)(C(F)(F)F)C(F)(F)F,2.244035862
CC1=C(C(=CC=C1C(O)=O)C(F)(C(F)(F)F)C(F)(F)F)S(C)=O,1.369517939
CCS(=O)(=O)C1=C(C)C(=CC=C1C(F)(C(F)(F)F)C(F)(F)F)C(O)=O,1.196637959
CCC1=C(C(=CC=C1C(O)=O)C(F)(C(F)(F)F)C(F)(F)F)S(=O)(=O)CC,1.381368893
CCC1=C(C(=CC=C1C(O)=O)C(F)(C(F)(F)F)C(F)(F)F)S(=O)(=O)C(C)(C)C,1.684778767
CCC(C)S(=O)(=O)C1=C(CC)C(=CC=C1C(F)(C(F)(F)F)C(F)(F)F)C(O)=O,1.493219514
CC1=CC(=CC(C)=C1NC(=O)C1=C(Br)C=C(Br)C(NC(=O)C2=CC=CC=C2)=C1)C(F)(C(F)(F)F)C(F)(F)F,1.840701578
CC1=CC(=CC(C)=C1NC(=O)C1=C(F)C(NC(=O)C2=CC=C(F)C=C2[N+]([O-])=O)=CC=C1)C(F)(C(F)(F)F)C(F)(F)F,1.8572694
FC(F)=C(F)OC(F)(F)C(F)(F)C(F)(F)C(F)(F)OC(F)(F)F,2.257372632
COC(=O)C(F)(OC(F)(F)C(F)(F)F)C(F)(F)F,1.619115252
CCCCOC(=O)C(F)(OC(F)(F)C(F)(F)C(F)(F)F)C(F)(F)F,2.005282944
CNC.OC(=O)C(F)(OC(F)(F)C(F)(OC(F)(F)C(F)(F)C(F)(F)F)C(F)(F)F)C(F)(F)F,1.425310143
NC(=O)C(F)(OC(F)(F)C(F)(OC(F)(F)C(F)(F)C(F)(F)F)C(F)(F)F)C(F)(F)F,1.843120455
CC(OC(=O)C(F)(OC(F)(F)C(F)(OC(F)(F)C(F)(F)C(F)(F)F)C(F)(F)F)C(F)(F)F)C(C)(C)C,2.312660129
CCCCN(CCCC)C(=O)C(F)(OC(F)(F)C(F)(OC(F)(F)C(F)(F)C(F)(F)F)C(F)(F)F)C(F)(F)F,2.091043447
FC(F)(F)C(F)(F)C(F)(F)OC(F)(C(=O)N1CCCCC1)C(F)(F)F,1.717089899
FC(F)(F)C(F)(OC(F)(F)C(F)(F)C(F)(F)C(F)(F)OC(F)(C(F)(F)F)C(F)(F)F)C(F)(F)F,2.346630087
OC(=O)C(C(F)(F)F)(C(F)(F)C(F)(F)F)C(F)(C(F)(F)F)C(F)(F)F,1.844973014
OC(=O)C(F)(F)C(C(F)(F)F)(C(F)(F)F)C(F)(C(F)(F)F)C(F)(F)F,1.926970808
OC(=O)C(F)(F)C(F)(F)C(F)(C(F)(F)C(F)(F)F)C(F)(F)C(F)(F)F,1.756805395
OC(=O)C(F)(F)C(F)(F)C(F)(C(F)(F)F)C(F)(C(F)(F)F)C(F)(F)F,1.757531509
FC(F)(F)C(F)(F)C(F)(F)OC(F)(C(F)(F)F)C(F)(F)OC(F)(C(F)(F)F)C(F)(F)OC(F)(C(F)(F)F)C(F)(OC(F)(F)C(F)(F)C(F)(F)F)C(F)(F)F,2.609210884
[I-].FC(F)(F)C(F)(F)C(F)(F)C(F)(F)C(F)(F)C(F)(F)CC[P+](C1=CC=CC=C1)(C1=CC=CC=C1)C1=CC=CC=C1,1.79867099
FC(F)(F)\C=C\C(F)(F)C(F)(F)C(F)(F)F,2.509376158
CCCCCCCC\C=C\C(F)(F)C(F)(F)C(F)(F)C(F)(F)F,2.67584205
CCCCCCCC\C=C\C(F)(F)C(F)(F)C(F)(F)C(F)(F)C(F)(F)C(F)(F)C(F)(F)C(F)(F)F,2.616670679
FC(F)(F)C(F)(F)C(F)(F)C(F)(F)\C=C/C1=CC=CC=C1,2.565819336
CC(=O)\C=C(/F)C(F)(F)C(F)(F)C(F)(F)C(F)(F)C(F)(F)C(F)(F)C(F)(F)F,2.25763333
NC(=O)[C@H]1CC[C@@H](CC1)C(F)(F)C(F)(F)C(F)(F)F,1.388773722
CCC(C)OC(=O)[C@@H](C)NC(=O)C(F)(F)C(F)(F)C(F)(F)F,1.23417881
FC(F)(F)C(F)(F)C(F)(F)C(F)(F)C(F)(F)C(F)(F)C(F)(F)C(=O)NCCCNC(=O)C(F)(F)C(F)(F)C(F)(F)C(F)(F)C(F)(F)C(F)(F)C(F)(F)F,1.852104312
F\C(=C(\F)C(F)(C(F)(F)F)C(F)(F)F)C(=O)C(F)(F)C(F)(F)F,2.172080212
FC(F)(F)OC(OC(F)(F)C(F)(F)OC(OC(F)(F)F)(C(F)(F)F)C(F)(F)F)(C(F)(F)F)C(F)(F)F,2.491310912
OC\C=C\C(F)(F)C(F)(F)C(F)(F)C(F)(F)C(F)(F)C(F)(F)F,2.251914388
O[13C](=O)[13C](F)(F)C(F)(F)C(F)(F)C(F)(F)C(F)(F)C(F)(F)C(F)(F)F,1.775854665
[NH3+]C1CCCCC1.[O-]C(=O)C(F)(F)C(F)(F)C(F)(F)C(F)(F)C(F)(F)C(F)(F)C(F)(F)C(F)(F)F,1.672934572
CC(C)OC(=N)C(F)(F)C(F)(F)C(F)(F)F,1.367019877
OC(CCl)(C1=C(F)C=C(F)C=C1)C(F)(F)C(F)(F)C(F)(F)F,2.094741785
[NH4+].FC(F)(F)C(F)(F)C(F)(F)C(F)(F)S(=O)(=O)[N-]S(=O)(=O)C(F)(F)C(F)(F)C(F)(F)C(F)(F)F,1.304316989
[H]\C(=N/[S@@](=O)C(F)(F)C(F)(F)C(F)(F)C(F)(F)F)C1=CC=C(C=C1)[N+]([O-])=O,1.765190245
CCCOC(=O)[C@H](CC(O)=O)NC(=O)C(F)(F)C(F)(F)C(F)(F)F,0.858191824
FC(F)(F)C(F)(F)C(F)(F)C(=O)NC1=CC=C(NC(=O)C(F)(F)C(F)(F)C(F)(F)F)C=C1,1.601806054
[H][C@@]1(CO)O[C@]([H])(O)[C@@](O)([C@@]1([H])O)C(F)(F)C(F)(F)C(F)(F)C(F)(F)F,1.053692051
[H][C@]1(CCCN1)C(O)(C1=CC=C(C=C1)C(F)(F)C(F)(F)C(F)(F)C(F)(F)C(F)(F)C(F)(F)F)C1=CC=C(C=C1)C(F)(F)C(F)(F)C(F)(F)C(F)(F)C(F)(F)C(F)(F)F,2.001636911
OC(COCCC(F)(F)C(F)(F)C(F)(F)C(F)(F)C(F)(F)C(F)(F)F)CN1CCN=C1C1=CC=CC=C1,1.859100111
OB(O)C1=CC=C(C=C1)C(F)(C(F)(F)F)C(F)(F)F,1.664218733
[H][C@@]1(CC[C@@]2([H])[C@]3([H])CC=C4C[C@@H](O)CC[C@]4(C)[C@@]3([H])CC[C@]12C)[C@H](C)CCCC(F)(C(F)(F)F)C(F)(F)F,2.511279817
FC(F)(F)C(F)(F)C(F)(F)C(F)(F)CCOC(=O)OCCC(F)(F)C(F)(F)C(F)(F)C(F)(F)F,2.122913425
[NH4+].[O-]S(=O)(=O)OCCC(F)(F)C(F)(F)C(F)(F)C(F)(F)C(F)(F)C(F)(F)C(F)(F)C(F)(F)C(F)(F)C(F)(F)F,1.606210564
[H]\C(CCCCCCCC)=C(/[H])CCCCCCCC(=O)OCCC(F)(F)C(F)(F)C(F)(F)C(F)(F)C(F)(F)C(F)(F)C(F)(F)C(F)(F)F,2.378850046
OS(=O)(=O)C(F)(F)C(F)(F)C(F)(F)C(F)(F)C(F)(F)C(F)(F)C(F)(F)C(F)(F)C(F)(F)C(F)(F)C(F)(F)C(F)(F)C(F)(F)C(F)(F)F,2.23032844
[H]C(F)(OC(F)(F)C(F)(F)S(O)(=O)=O)C(F)(F)F,0.99977841
OC(N=C(O)C1=C(F)C=CC=C1F)=NC1=C(F)C=C(C=C1)S(=O)C(F)(F)C(F)F,1.775490287
CC(C)C(C=O)C(O)(C(F)(F)F)C(F)(F)F,1.651585051
OC1(OC(CC1=O)(C(F)(F)F)C(F)(F)F)C1=CC=CC=C1,1.848961972
OC(CC(=O)C(CCCl)C(O)(C(F)(F)F)C(F)(F)F)(C(F)(F)F)C(F)(F)F,1.49621696
CC1=CC(=CC(=N1)C(CO)(C(F)(F)F)C(F)(F)Cl)C(CO)(C(F)(F)F)C(F)(F)Cl,1.555693919
CC(N)(C(O)=O)C(F)(F)F,0.366001757
FC1(F)SC2C(C3=CC=CC4=C3C2=CC=C4)C1(F)F,2.872077749
FC(F)(F)C(C(C#N)C1=CC=C(Cl)C=C1)C(F)(F)F,2.554415673
CC(C)C(Cl)C=C(C(F)(F)F)C(F)(F)F,2.695426362
Cl.NC1(CC1)C(F)(F)F,0.684736496
CCOC(=O)[C@@H]1[C@@H](C=C(C(F)(F)F)C(F)(F)F)C1(C(F)(F)F)C(F)(F)F,2.757671101
FC(F)(F)N1N2N1C(CC21CCCC1)(C(F)(F)F)C(F)(F)F,2.025278493
COC(=O)C1=C(C=C(C=C1)C(C1=CC(C(O)=O)=C(C=C1)C(O)=O)(C(F)(F)F)C(F)(F)F)C(=O)OC,1.655450505
C[N+](C)(C)CC(CC([O-])=O)OC(=O)CCCCCCCCCCC(F)(F)C(F)(F)C(F)(F)C(F)(F)C(F)(F)C(F)(F)F,1.661486822
NC(C(C(F)(F)F)C(F)(F)F)C(O)=O,1.10847315
[2H]C(=O)C(F)(F)F,1.040102462
FC=CF,1.950979909
FC(F)OC(F)(F)C(F)(F)OC(F)F,1.418372885
CC1(C)CN1C(F)(F)C(C(F)(F)F)C(F)(F)F,1.900959057
FC(F)(F)OC(F)(Cl)C(F)(F)Cl,1.662519475
FC1(F)C2=C(SC3=C(S2)C(F)(F)C3(F)F)C1(F)F,2.415640426
FC(F)(F)C1(CO1)C(F)(F)F,2.216054268
OC1CCCC1C(O)(C(F)(F)F)C(F)(F)Cl,1.141743801
CC(C(O)C1=CC=C(Cl)C=C1)C(O)(C(F)(F)F)C(F)(F)F,1.647771458
COC1=CC=C(C=C1)C(O)C(C)C(O)(C(F)(F)F)C(F)(F)F,1.507073539
FC(F)(F)C(Br)Br,1.403436564
COC(F)(F)C(F)C(F)(F)F,1.714102107
FC(F)(Cl)C(F)(Cl)C(F)(F)C(F)(Cl)Cl,2.076147548
FC(F)(Cl)C(Cl)C(F)(Cl)Cl,1.832616264
CCOC(=O)CC1=CN=C(NC(N=C(O)CC)(C(F)(F)F)C(F)(F)F)S1,1.546784008
[NH4+].[O-]C(=O)C(F)(OC(F)(F)C(F)(OC(F)(F)C(F)(OC(F)(F)C(F)(F)C(F)(F)F)C(F)(F)F)C(F)(F)F)C(F)(F)F,1.822030913
FC(F)C(F)(F)C(F)(F)C(F)(F)C(F)(F)C(F)(F)COC(F)(F)C(F)Cl,2.199823985
FC(F)C(F)(F)COP1(Cl)=NP(OCC(F)(F)C(F)F)(OCC(F)(F)C(F)F)=NP(Cl)(Cl)=N1,1.882854657
FCC(F)(F)C(F)(F)F,1.869302453
Cl.NCC(O)C1=CC(OC(F)(F)C(F)F)=C(OC(F)(F)C(F)F)C(OC(F)(F)C(F)F)=C1,2.470215603
CC(=C)COC(F)(F)C(F)F,1.591795512
FC(F)(Br)C(F)(Cl)C(F)(F)C(F)(Cl)C(F)(Cl)C(F)(F)Br,2.267303492
FC1(F)OC1Cl,1.592831566
OC(=O)C(F)(F)C(F)(F)C(F)(F)C(F)(F)C(F)(F)C(F)(F)C(F)(C(F)(F)F)C(F)(F)F,1.943535477
OC(O)C(F)(F)C(F)(F)C(F)(F)C(F)(F)C(F)(F)C(F)(F)C(F)(F)C(F)(F)F,1.955187559
OC(=O)C(F)(F)OC(F)(OC(F)(OC(F)(F)C(F)(F)C(F)(F)Cl)C(F)(F)F)C(F)(F)F,1.80722962
CN(CC1=CC=CC(=C1)C1=CC=NC=C1)C(=O)OC(C(F)(F)F)C(F)(F)F,2.096982898
FC(OC(F)(F)C(F)(OC(F)(F)C(F)(F)S(F)(=O)=O)C(F)(F)F)C(F)(F)F,1.763711643
[H][C@@](C)(CCCC(C)C)C1([H])CCC2([H])C3([H])CC=C4C[C@]([H])(CC[C@]4(C)C3([H])CC[C@]12C)OC(=O)C(F)(F)C(F)(F)C(F)(F)F,2.730599574
CCCCCC(I)CC(F)(F)C(F)(F)C(F)(F)C(F)(F)C(F)(F)F,2.183141066
OP(=O)(OCCC(F)(F)C(F)(F)C(F)(F)C(F)(F)F)OCCC(F)(F)C(F)(F)C(F)(F)C(F)(F)F,1.826483862
FC(F)(Cl)CC(F)(F)Cl,1.595084203
FCC(F)C(F)Cl,1.466677621
FC(F)C(F)C(F)Cl,1.630427615
FC1C(F)(F)C(F)C(F)(F)C(F)(F)C1(F)F,2.642935882
CN(CC(O)=O)S(=O)(=O)C1=CC=C(OC(F)(F)C(F)(F)C(F)=C(F)C(F)(F)C(F)(F)C(F)(F)C(F)(F)C(F)(F)F)C=C1,1.882679307
[I-].C[N+](C)(C)CCCNS(=O)(=O)C1=CC=C(OC(F)(F)C(F)(F)C(F)(F)C(F)(F)C(F)(F)C(F)(F)C(F)(F)C(F)(F)CF)C=C1,1.304769646
FC(=O)C(F)(F)C(F)(F)C(F)(OC(F)(F)C(F)(F)S(F)(=O)=O)C(F)(F)F,1.606018964
FC(F)(F)N(C(F)(F)C(F)(F)C(F)(F)C(F)(F)F)C(F)(F)C(F)(F)C(F)(F)C(F)(F)F,2.069764778
F\C(\C(\F)=C(/F)C(F)(F)F)=C(\F)C(F)(F)F,2.148058647
C[N+](C)(CCCNS(=O)(=O)C(F)(F)C(F)(F)C(F)(F)C(F)(F)C(F)(F)C(F)(F)F)CCC(O)CO,1.327111007
CCN(CCC[N+](C)(C)CCC(O)=O)S(=O)(=O)C(F)(F)C(F)(F)C(F)(F)C(F)(F)C(F)(F)F,1.088263551
NS(=O)(=O)C(F)(F)C(F)(F)C(F)(F)C(F)(F)C(F)(F)C(F)(C(F)(F)F)C(F)(F)F,1.898742789
FC(F)(F)C(F)(F)C1=CC=C2C=CC=CC2=C1,2.660057706
C[N+](C)(CCCN(CCC(O)=O)S(=O)(=O)C(F)(F)C(F)(F)C(F)(F)C(F)(F)F)CCC([O-])=O,0.849536253
FC(F)C(F)(F)C1=NC=NN1,1.013009473
FC(F)C(F)(Br)CBr,1.567569166
NC(=O)C1=C2N=C(NC2=CC=C1)C(F)(F)C(F)(F)F,1.188103136
FC(F)(F)C(F)(F)CCCSCCCCCCCCCSCCCCCCCCCBr,2.02464068
CCOC(=O)C(F)(F)C(F)(F)C1=CC=CC=C1,1.753079659
FC(F)(F)COC(F)(F)C(F)(F)C(F)(F)F,1.966420108
FC(Br)C(F)(F)S,1.412686031
NS(=O)(=O)C1=CC=C(C=C1)C(F)(F)C(F)(F)F,1.049719284
OC1=C(C2=CC=C(CCC(F)(F)C(F)(F)C(F)(F)C(F)(F)C(F)(F)C(F)(F)F)C=C2C=C1)C1=C(O)C=CC2=C1C=CC(CCC(F)(F)C(F)(F)C(F)(F)C(F)(F)C(F)(F)C(F)(F)F)=C2,1.767213532
OCC(F)(F)C(F)(F)C(F)(F)C(F)(F)C(F)(F)C(F)(F)Cl,1.92457737
FC(F)C(F)(F)COCCl,1.400532362
FC(F)C(F)(F)C1=NCCCCN1,0.743643979
FC(F)(Cl)C(F)(F)C(F)(F)C(F)(F)C(F)(F)C(F)(F)C1(F)C(F)(F)OS1(=O)=O,1.910556965
CC(C)OC(F)(F)C(F)(F)C(F)(F)C(F)(F)C(F)(F)C(F)(F)F,2.127603116
CC1NCC(F)(F)C1(F)F,1.113366101
OC(=O)CCC1=C(C=CC=C1)C(F)(F)C(F)(F)F,1.357438713
FC(F)C1(F)CCNC1,0.873847393
COC(=O)C1=C(C=CN=C1Cl)C(F)(F)C(F)(F)F,1.942951016
[NH2+]1C=CN=C1.[O-]C(=O)C(F)(F)C(F)(F)F,1.019724543
CC(O)(CC(=O)C(F)(F)C(F)(F)F)C(F)(F)C(F)(F)F,1.388065289
FC(F)(F)C(F)(F)C1(CCCCN1)C1=CC=CC=C1,1.678573854
NC1=NN(CC(F)(F)C(F)F)C=N1,1.057486019
FC(F)=C(F)OC(F)(F)C(F)(F)CI,2.057622136
COC(=O)C(F)(OC(F)(F)C(F)(F)OC(F)=C(F)F)C(F)(F)F,1.852865418
FC(=O)C(F)(OC(F)(F)C(F)(F)Br)C(F)(F)F,1.679092779
FC(F)(F)C(F)(F)C(F)(F)OC(F)(C(F)(F)F)C(F)(F)OC(F)(COCC=C)C(F)(F)F,2.281985304
COC(=O)C(F)(OC(F)(F)C(F)(OC(F)(F)C(F)(F)C(Cl)(Cl)Cl)C(F)(F)F)C(F)(F)F,1.965636657
CCOP(=O)(CCC(F)(OC(F)(F)C(F)(OC(F)(F)C(F)(OC(F)(F)C(F)(F)C(F)(F)F)C(F)(F)F)C(F)(F)F)C(F)(F)F)OCC,2.174398969
CC(F)(F)C(F)(F)OC(F)(C(F)(F)F)C(F)(F)OC(F)(CO)C(F)(F)F,1.915064729
[H]C(F)(F)C(F)(F)C(F)(OC(F)(F)C(F)(F)S(O)(=O)=O)C(F)(F)F,1.499628996
C\C(=C/CO)C(F)(F)F,1.435831434
OS(=O)(=O)CCCCC(F)(F)C(F)(F)C(F)(F)C(F)(F)C(F)(F)C(F)(F)F,1.901577684
FC(=CC=O)C(F)(F)C(F)(F)C(F)(F)C(F)(F)C(F)(F)C(F)(F)C(F)(F)C(F)(F)C(F)(F)C(F)(F)C(F)(F)F,2.477574085
OP(O)(=O)OCCC(F)(F)C(F)(F)C(F)(F)C(F)(F)F,1.535706804
CCNS(=O)(=O)C(F)(F)C(F)(F)C(F)(F)C(F)(F)C(F)(F)F,1.392929596
[O-]C(=O)C(F)(F)C(F)(F)C(F)(F)C(F)(F)C(F)(F)C(F)(F)C(F)(F)C(F)(F)C(F)(F)C(F)(F)C(F)(F)C(F)(F)C(F)(F)C(F)(F)C(F)(F)C(F)(F)F,2.350191812
[O-]C(=O)C(F)(F)C(F)(F)C(F)(F)C(F)(F)C(F)(F)C(F)(F)C(F)(F)C(F)(F)C(F)(F)C(F)(F)C(F)(F)C(F)(F)C(F)(F)C(F)(F)F,2.295040104
OC(O)C(F)(F)C(F)(F)C(F)(F)C(F)(F)C(F)(F)C(F)(F)C(F)(F)C(F)(F)C(F)(F)C(F)(F)F,2.089646175
FCCC(F)C(F)(F)F,1.788274418
FC(F)=C(F)OC(F)(F)C(F)(I)C(F)(F)F,2.275683493
FC(F)(F)C(F)(F)OP(=O)(OC(F)(F)C(F)(F)F)OC(F)(F)C(F)(F)F,1.983930017
C[Si](Cl)(Cl)C(F)(F)C(F)(F)C(F)(F)C(F)(F)C(F)(F)C(F)(F)C(F)(F)CCC(F)(F)F,2.370307237
FC(F)(F)C(F)(OC(F)(F)C(F)(F)S(F)(=O)=O)C(F)(F)OC=C,1.615557203
CCCCCCCCC(CCC(F)(F)C(F)(F)C(F)(F)C(F)(F)C(F)(F)C(F)(F)F)C(OCC)(OCC)OCC,2.203558213
CC(C)O[Si](C)(OC(C)C)C(F)(F)C(F)(F)C(F)(F)C(F)(F)C(F)(F)C(F)(F)C(F)(F)CCC(F)(F)F,1.9872276
FC(F)(F)CSC(F)(F)C(F)(F)F,1.860148707
[O-]S(=O)(=O)C(F)(F)C(F)CCCCCCCC(F)(F)F,1.100879721
CCCCCCCCC(CCC(F)(F)C(F)(F)C(F)(F)C(F)(F)C(F)(F)C(F)(F)C(F)(F)C(F)(F)F)C(OCCC)(OCCC)OCCC,2.369491788
CCCCCC(F)C(F)(F)C(F)(F)C(F)(F)C(F)(F)C(F)(F)C(F)(F)C(F)(F)C(F)(F)C(O)=O,1.903547514
FCC1(F)CS(=O)(=O)C(F)C1(F)F,1.305053095
FCC1(F)CC(F)S(=O)(=O)C1(F)F,1.252885186
FC=CC(F)(C(F)F)C(F)(F)C(F)C(F)(F)F,2.361314265
CC(F)(C(=C(C(F)(F)F)C(F)(F)F)C(F)(C(F)(F)F)C(F)(F)F)C(F)(F)F,2.836966897
CCCCCCC(F)(F)C(F)(F)S(O)(=O)=O,1.098094323
FCCC(F)(F)C(F)(F)C(F)(F)C(F)C(Cl)=C(F)F,2.254519952
CC(C)C(OC(=O)C=CC([O-])=O)C(F)(F)C(F)(F)C(F)(F)C(F)(F)C(F)(F)C(F)(F)F,2.044192661
OCC(F)(F)OC(F)(F)C(F)(F)OC(F)(F)C(F)(C(F)(F)F)C(F)(F)F,1.847050666
CC1=CC(=CC(=C1Br)C(F)(F)F)C(F)(C(F)(F)F)C(F)(F)F,2.673640872
OS(=O)(=O)C(F)(C(=O)OC12CC3CC(C1)C(=O)C(C3)C2)C(F)(F)F,1.344524645
CC(O)(COC(=O)C=C)C(F)(F)C(F)(F)C(F)(F)C(F)(F)C(F)(C(F)(F)F)C(F)(F)F,1.870200584
OC1=CC=C(OC(F)(F)C(F)(F)C(F)(F)C(F)(F)C(F)(F)C(F)(F)C(F)(F)C(F)(F)C(F)(F)C(F)(F)C(F)(F)C(F)(F)C(F)(F)F)C=C1,2.245253523
NC1=C(C=C(C=C1)C(F)C(F)(F)C(F)(F)C(F)(F)C(F)(F)F)C(O)=O,1.467861483
CC(=O)C1=CC=CC=C1C1=CC2=C(C=C1)N=C(N2)C#CC1=CC=C(OCC(F)(F)C(F)(F)F)C=C1,2.151792431
FC(F)(F)C(F)(F)OP(F)(=O)OC(F)(F)C(F)(F)F,1.478076637
FC(OC(F)(F)C(F)(F)C(F)(F)F)C(F)(F)[NH+]1C=CN=C1,1.599716245
OC12C(F)(F)C3(F)C(F)(F)C(F)(C1(F)F)C(F)(F)C(F)(C2(F)F)C3(F)F,2.436478311
COP(=O)(OC)OC(F)(F)C(F)(F)F,0.771825474
CN(C(=O)C1=CN=C(Cl)C=C1)C1=CC=CC(=C1)C(=O)NC1=C(C=C(C=C1Br)C(F)(C(F)(F)F)C(F)(F)C(F)(F)F)C(F)(F)F,2.135536418
CC(=O)OC(F)(F)C(F)(F)F,1.494154148
NC(=O)NC1=CC(Cl)=C(OC(F)(F)C(F)C(F)(F)F)C=C1Cl,2.453810324
FC(F)(F)N(C(F)(F)C(F)(F)C(F)(F)C(F)(F)F)C1(F)C(F)(F)C(F)(F)C(F)(C(F)(F)F)C(F)(F)C1(F)F,2.309038157
FC(F)(F)N1C(F)(F)C(F)(F)C(F)(F)C2(F)C(F)(F)C(F)(F)C(F)(F)C(F)(F)C12F,2.256608578
FC(F)=C(F)C(=O)OCC(F)(F)C(F)(F)C(F)(F)F,1.959155445
CN(COC(=O)C(C)=C)S(=O)(=O)C(F)(F)C(F)(F)C(F)(F)C(F)(F)C(F)(F)C(F)(F)C(F)(F)C(F)(F)F,1.830280798
O[13C](=O)[13C](F)(F)C(F)(F)C(F)(F)C(F)(F)C(F)(F)F,1.539046637
NC(=O)C1=C(F)C(F)=CC=C1C(F)(F)F,1.812960593
CNC(COC(=O)C=C)S(=O)(=O)C(F)(F)C(F)(F)C(F)(F)C(F)(F)F,1.295878705
FC(F)(F)OC(F)(F)C(F)(F)C(F)(F)OC(F)(C(F)(F)F)C(F)(OC(F)(F)C(F)(F)C(F)(F)OC(F)(F)F)C(F)(F)F,2.35369836
CC(=NO)C(F)(F)F,0.411092352
F\C(=C/Cl)C(F)(F)F,2.648066484
OS(=O)(=O)C(F)(F)C(F)(F)C(F)(F)C(F)(F)C(F)(F)C(F)(F)C(F)(F)C(F)(F)C(F)(F)C(\F)=C(/F)C(F)(F)F,2.184490713
CC(C)(CS([O-])(=O)=O)NC(=O)CCS(=O)CCC(F)(F)C(F)(F)C(F)(F)C(F)(F)F,0.957363872
OS(=O)(=O)C(F)(F)C(F)(F)C(F)(F)C(F)(F)C(=O)C(F)(F)F,1.238782355
[NH4+].[O-]C(=O)C(F)(F)C(F)(F)OC(F)(F)C(F)(F)OC(F)(F)F,1.23875671
CC[N+](CC)(CC)CC.[O-]S(=O)(=O)C(F)(F)C(F)(F)C(F)(F)C(F)(F)C(F)(F)C(F)(F)F,0.79723847
[NH4+].[NH4+].[O-]P([O-])(=O)CCC(F)(F)CC(F)(F)CC(F)(F)C(F)(F)C(F)(F)C(F)(F)C(F)(F)C(F)(F)F,1.231486952
C[N+](C)(CCCNS(=O)(=O)C(F)(F)C(F)(F)C(F)(F)C(F)(F)C(F)(F)F)CC(O)CS(O)(=O)=O,1.122278293
[I-].CC(CSCCC(F)(F)C(F)(F)C(F)(F)C(F)(F)C(F)(F)C(F)(F)C(F)(F)F)C(=O)OCC[N+](C)(C)C,1.346804701
C[N+](C)(CCO)CCC[N-]S(=O)(=O)C(F)(F)C(F)(F)C(F)(F)C(F)(F)F,1.079422507
C[N+](C)(CCCNS(=O)(=O)C(F)(F)C(F)(F)C(F)(F)C(F)(F)F)CC(O)=O,0.945130564
OS(=O)(=O)C(F)(F)C(F)(F)C(F)(F)C(F)(F)C(F)(F)C(F)(F)C(F)(F)C(F)=C(F)C(F)(F)F,2.064838397
OS(=O)(=O)C(F)(F)C(F)(F)C(F)(F)C(F)(F)C(F)C(F)=C(F)C(F)(F)F,1.775522629
FC(F)(F)C(F)(F)C(F)(F)C(F)(F)C(F)(F)C(F)(F)S(=O)(=O)NS(=O)(=O)C(F)(F)C(F)(F)C(F)(F)C(F)(F)C(F)(F)C(F)(F)F,1.896941581
[NH4+].[O-]S(=O)(=O)C(F)(F)C(F)(F)OC(F)(C(F)(F)F)C(F)(F)OC(F)(Cl)C(F)(F)Cl,1.171418717
C[Si](C)(Cl)CCC(F)(F)C(F)(F)C(F)(F)C(F)(F)C(F)(F)F,2.363379612
CC(C)OC(=O)C[N+](C)(C)CCCNC(=O)C(F)(F)C(F)(F)C(F)(F)C(F)(F)C(F)(F)C(F)(F)C(F)(F)C(F)(F)C(F)(F)C(F)(F)C(F)(F)C(F)(F)F,1.991221834
CN(C)CCCNC(=O)CSCCC(F)(F)C(F)(F)C(F)(F)C(F)(F)C(F)(F)C(F)(F)C(F)(F)C(F)(F)F,1.940598906
CN(C)CCCNS(=O)(=O)CCC(F)(F)C(F)(F)C(F)(F)C(F)(F)F,1.312349175
C[N+](C)(CCCNS(=O)(=O)C(F)(F)C(F)(F)C(F)(F)C(F)(F)C(F)(F)C(F)(F)C(F)(F)F)CCC([O-])=O,1.408118102
FC(F)(F)C(F)(F)C(F)(F)S(=O)(=O)NS(=O)(=O)C(F)(F)C(F)(F)C(F)(F)F,1.33163994
OS([O-])(=O)=O.CC[N+](CC)(CC)CCCNS(=O)(=O)C(F)(F)C(F)(F)C(F)(F)C(F)(F)C(F)(F)C(F)(F)C(F)(F)C(F)(F)F,1.036178873
COCCOCCOCCO[Si](CCCOCC(F)(F)C(F)(F)C(F)(F)C(F)(F)C(F)(F)C(F)(F)C(F)(F)F)(OCCOCCOCCOC)OCCOCCOCCOC,1.715647557
C[Si](O)(O)CCC(F)(F)C(F)(F)C(F)(F)C(F)(F)C(F)(F)C(F)(F)F,1.963088654
OP(=O)C(F)(F)C(F)(F)C(F)(F)C(F)(F)C(F)(F)C(F)(F)C(F)(F)C(F)(F)F,1.964369644
COCCNS(=O)(=O)C(F)(F)C(F)(F)C(F)(F)C(F)(F)F,1.266295089
FC(F)(F)C(F)(CN=C=O)C(F)(F)C(C(F)(F)F)(C(F)(F)F)C(F)(F)CN=C=O,2.086850468
FC(F)(F)C(F)(F)C(F)(F)C(F)(F)C(F)(F)S(=O)(=O)OS(=O)(=O)C(F)(F)C(F)(F)C(F)(F)C(F)(F)C(F)(F)F,1.890150509
C[N+](C)(CCCN(CCC([O-])=O)S(=O)(=O)C(F)(F)C(F)(F)C(F)(F)C(F)(F)C(F)(F)C(F)(F)F)CC([O-])=O,1.366830305
FC(F)(F)C(F)(F)C(F)(F)C(F)(F)S(=O)(=O)ON1C(=O)C2=CC=CC3=CC=CC(C1=O)=C23,1.719113694
[Cl-].C[N+](C)(C)CCNC(=O)C(F)(F)C(F)(F)C(F)(F)C(F)(F)C(F)(F)C(F)(F)C(F)(F)F,1.216361947
CC[NH+](CC)CC.[O-]S(=O)(=O)C(F)(F)C(F)(F)C(F)(F)C(F)(F)F,0.569807564
FC(F)(F)C(F)(F)CCCCCCCCCCC(F)(F)C(F)(F)F,2.255073267
CCCCNCC(O)COCCC(F)(F)C(F)(F)C(F)(F)C(F)(F)F,1.678527106
C[N+](C)(C)CCNS(=O)(=O)C(F)(F)C(F)(F)C(F)(F)C(F)(F)C(F)(F)C(F)(F)C(F)(F)C(F)(F)F,1.857828762
CCC[Si](Cl)(CCC)CCC(F)(F)C(F)(F)C(F)(F)C(F)(F)F,2.292935423
CCC[Si](Cl)(CCC(F)(F)F)CCC(F)(F)C(F)(F)C(F)(F)C(F)(F)F,2.328361031
OS(=O)(=O)CCCNS(=O)(=O)C(F)(F)C(F)(F)C(F)(F)C(F)(F)C(F)(F)F,1.178393197
OS(=O)(=O)CCCNS(=O)(=O)C(F)(F)C(F)(F)C(F)(F)C(F)(F)F,0.926027047
CCC[Si](CCC(F)(F)F)(CCC(F)(F)C(F)(F)C(F)(F)F)OC,2.086538712
CO[Si](CCC(F)(F)F)(CCC(F)(F)F)CCC(F)(F)C(F)(F)C(F)(F)C(F)(F)C(F)(F)C(F)(F)F,2.201011903
CCN(CC(O)=O)S(=O)(=O)C(F)(F)C(F)(F)C(F)(F)C(F)(F)C(F)(F)C(F)(F)C(F)(F)C(F)(F)C(F)(F)C(F)(F)F,1.856238755
[F-].C[N+](C)(C)CCCNS(=O)(=O)C(F)(F)C(F)(F)C(F)(F)C(F)(F)C(F)(F)C(F)(F)C(F)(F)C(F)(F)F,1.25915812
FC(F)(F)C(F)(C(F)(F)F)C1(F)C(F)(F)C(F)(F)C(F)(F)C(F)(C(F)(C(F)(F)F)C(F)(F)F)C1(F)F,2.761364179
OS(=O)C(F)(F)C(F)(F)C(F)(F)C(F)(F)C(F)(F)C(F)(F)C(F)(F)F,1.836987429
OCCOCCOCCOCCOCCOCCOCCOCCOCCOCCNC(=O)C(F)(F)C(F)(F)C(F)(F)C(F)(F)C(F)(F)C(F)(F)C(F)(F)C(F)(F)F,1.602485039
CCCN(CC(O)=O)S(=O)(=O)C(F)(F)C(F)(F)C(F)(F)C(F)(F)F,1.315357986
OCCOCCOCCOCCOCCOCCOCCOCCOCCC(F)(F)C(F)(F)C(F)(F)C(F)(F)C(F)(F)C(F)(F)C(F)(F)C(F)(F)F,1.832684433
C[N+](C)(CCCNC(=O)C(F)(F)C(F)(F)C(F)(F)F)CCC([O-])=O,0.933571044
OC(=O)C(F)OC(F)(F)C(F)(F)C(F)(F)OC(F)(F)F,1.14587103
OC(=O)COC(F)(F)C(F)OC(F)(F)C(F)(F)C(F)(F)F,1.378945992
OC(=O)COC(F)(F)C(F)(F)OC(F)(F)C(F)(F)C(F)(F)OC(F)(F)C(F)(F)C(F)(F)F,1.714599653
CCC(C)NCC(O)CC(F)(F)C(F)(F)C(F)(F)C(F)(F)C(F)(F)C(F)(F)C(F)(F)C(F)(F)C(F)(F)F,1.964024189
OC(CC(F)(F)C(F)(F)C(F)(F)C(F)(F)F)S(O)(=O)=O,1.517910853
CC[N+](C)(C)CCC(F)(F)C(F)(F)C(F)(F)C(F)(F)C(F)(F)C(F)(F)C(F)(F)C(F)(F)F,2.153992257
OCC(SCCC(O)=O)C(CO)C(F)(F)C(F)(F)C(F)(F)C(F)(F)C(F)(F)C(F)(F)C(F)(F)C(F)(F)C(F)(F)C(F)(F)C(F)(F)C(F)(F)F,1.999784817
OS(=O)(=O)CC(=O)CC(F)(F)C(F)(F)C(F)(F)C(F)(F)F,1.320189423
OC(CC(F)(F)C(F)(F)C(F)(F)C(F)(F)C(F)(F)C(F)(F)C(F)(F)C(F)(F)C(F)(F)C(F)(F)C(F)(F)C(F)(F)C(F)(F)C(F)(F)C(F)(F)C(F)(F)F)S(O)(=O)=O,2.344397772
OS(=O)(=O)CC(=O)CC(F)(F)C(F)(F)C(F)(F)C(F)(F)C(F)(F)C(F)(F)C(F)(F)C(F)(F)C(F)(F)C(F)(F)C(F)(F)C(F)(F)C(F)(F)C(F)(F)F,2.172617662
CNCCCNS(=O)(=O)CCC(F)(F)C(F)(F)C(F)(F)C(F)(F)F,1.109433641
CN(C)CCCNS(=O)(=O)CCC(F)(F)C(F)(F)F,0.883688558
CN(C)CCCNS(=O)(=O)C(F)(F)C(F)(F)C(F)(F)C(F)(F)C(F)(F)C(F)(F)C(F)(F)C(F)(F)C(F)(F)C(F)(F)C(F)(F)C(F)(F)F,1.984762498
CC(C)OC(=O)C[N+](C)(C)CCCNC(=O)C(F)(F)C(F)(F)C(F)(F)C(F)(F)C(F)(F)C(F)(F)C(F)(F)C(F)(F)C(F)(F)F,1.822082943
CN(CC(O)=O)S(=O)(=O)C(F)(F)C(F)(F)F,0.787716962
C[N+](C)(CCCNC(=O)C(F)(F)C(F)(F)C(F)(F)C(F)(F)C(F)(F)C(F)(F)C(F)(F)C(F)(F)C(F)(F)C(F)(F)C(F)(F)C(F)(F)C(F)(F)F)CC([O-])=O,1.976806778
OS(=O)(=O)OC(F)(F)C(F)(F)C(F)(F)C(F)(F)C(F)(F)C(F)(F)F,1.707339633
OC(=O)C1(F)C(F)(F)C(F)(F)C(F)(C(F)(F)F)C1(F)F,1.665688853
OC(=O)C1(F)C(F)(F)C(F)(F)C(F)(F)C(F)(C(F)(F)C(F)(F)C(F)(F)F)C1(F)F,1.954647141
C[N+](C)(CCCNS(=O)(=O)C(F)(F)C(F)(F)C(F)(F)F)CC([O-])=O,0.80505151
OS(=O)(=O)CCCNS(=O)(=O)C(F)(F)C(F)(F)C(F)(F)C(F)(F)C(F)(F)C(F)(F)C(F)(F)C(F)(F)C(F)(F)F,1.691386482
C[N+](C)(CCCNS(=O)(=O)C(F)(F)C(F)(F)C(F)(F)C(F)(F)C(F)(F)C(F)(F)C(F)(F)C(F)(F)C(F)(F)C(F)(F)C(F)(F)F)CC([O-])=O,1.839696588
C[N+](C)(CCCN(CC(O)=O)S(=O)(=O)C(F)(F)C(F)(F)C(F)(F)C(F)(F)C(F)(F)C(F)(F)C(F)(F)C(F)(F)F)CCCS([O-])(=O)=O,1.386920085
CN(CCC[N+](C)(C)CCCS([O-])(=O)=O)S(=O)(=O)C(F)(F)C(F)(F)F,0.458319737
CN(CCC[N+](C)(C)CCCS([O-])(=O)=O)S(=O)(=O)C(F)(F)C(F)(F)C(F)(F)C(F)(F)C(F)(F)C(F)(F)C(F)(F)C(F)(F)F,1.387875168
OS(=O)(=O)C(F)(F)C(F)(F)C(F)(F)C(F)(F)C(F)(F)C(F)C(\F)=C(/F)C(F)(F)C(F)(F)C(F)(F)C(F)(F)C(F)(F)C(F)(F)F,2.232269321
OC(=O)C(F)(F)OC(F)(F)C(F)(F)C(F)(F)C(F)(F)C(F)(F)C(F)(F)C(\F)=C(/F)C(F)(F)C(F)(F)C(F)(F)F,2.140419948
OC(=O)C(F)(F)OC(F)(F)C(F)(F)C(F)(F)C(F)(F)C(F)(F)C(F)(F)C(\F)=C(/F)C(F)(F)C(F)(F)C(F)(F)C(F)(F)F,2.178255423
C[N+](C)(CCCN(CC(O)=O)S(=O)(=O)C(F)(F)C(F)(F)C(F)(F)C(F)(F)C(F)(F)C(F)(F)C(F)(F)C(F)(F)C(F)(F)C(F)(F)F)CC([O-])=O,1.784539472
C[N+](C)(C)CCCNS(=O)(=O)C(F)(F)C(F)(F)C(F)(F)C(F)(F)C(F)(F)C(F)(F)C(F)(F)C(F)(F)C(F)(F)C(F)(F)C(F)(F)C(F)(F)F,2.003160899
CN(CCC[N+](C)(C)C)S(=O)(=O)C(F)(F)C(F)(F)C(F)(F)C(F)(F)F,1.366603216
OS(=O)(=O)OC(F)C(F)C(F)C(F)C(F)C(F)C(F)C(F)C(F)C(F)C(F)C(F)C(F)C(F)(F)C(F)(F)F,1.651092575
C[N+](C)(C)CCNCC(F)(F)C(F)(F)C(F)(F)F,1.656491543
OC(=O)C(F)(Cl)C(F)(F)C(F)(F)C(F)(F)F,1.310822081
OS(=O)(=O)C(F)(F)C(Cl)(Cl)C(F)(F)F,0.917449805
CCCC[N+](C)(C)CC(F)(F)C(F)(F)C(F)(F)C(F)F,1.876584839
CCCC[N+](C)(C)CC(F)(F)C(F)(F)C(F)(F)C(F)(F)C(F)(F)C(F)(F)C(F)(F)C(F)(F)C(F)(F)C(F)(F)C(F)(F)C(F)(F)C(F)(F)C(F)F,2.392922161
CN(C)CCC(CO)N(CCCS(O)(=O)=O)S(=O)(=O)C(F)(F)C(F)(F)F,0.698261021
CCC[N+](C)(C)CC(F)(F)C(F)(F)C(F)(F)C(F)F,1.779908761
C[N+](C)(C)CC(F)(F)C(F)(F)C(F)F,1.700677965
C[N+](C)(C)CC(F)(F)C(F)(F)C(F)(F)C(F)F,1.857749994
OS(=O)(=O)C(F)(F)C(F)(F)C(F)(F)C(F)(F)C(F)(F)C(F)(F)C(\F)=C(/F)C(F)(F)C(F)(F)F,2.059775667
C[N+](C)(CCCNS(=O)(=O)C(F)(F)C(F)(F)C(F)(F)C(F)(F)C(F)(F)C(F)(F)C(F)(F)C(F)(F)C(F)(F)C(F)(F)C(F)(F)F)CCC(O)CO,1.780815352
C[N+](C)(CCC(CO)N(CCCS([O-])(=O)=O)S(=O)(=O)C(F)(F)C(F)(F)C(F)(F)C(F)(F)C(F)(F)C(F)(F)C(F)(F)C(F)(F)C(F)(F)C(F)(F)C(F)(F)F)CC(O)CO,1.597037103
CCN(CCC[N+](C)(C)CC)S(=O)(=O)C(F)(F)C(F)(F)C(F)(F)C(F)(F)C(F)(F)C(F)(F)C(F)(F)C(F)(F)C(F)(F)C(F)(F)C(F)(F)C(F)(F)F,1.942623659
CCN(CC(O)=O)S(=O)(=O)C(F)(F)C(F)(F)C(F)(F)F,0.941428699
C[N+](C)(CC(F)C(F)(F)C(F)(F)C(F)(F)C(F)(F)C(F)(F)C(F)(F)C(F)(F)C(F)(F)C(F)(F)C(F)(F)C(F)(F)C(F)(F)F)CC(O)=O,2.243706319
C[N+](C)(CC(F)C(F)(F)C(F)(F)C(F)(F)C(F)(F)C(F)(F)C(F)(F)C(F)(F)C(F)(F)C(F)(F)C(F)(F)C(F)(F)C(F)(F)C(F)(F)C(F)(F)F)CC(O)=O,2.285955895
NS(=O)(=O)CCC(F)(F)C(F)(F)C(F)(F)C(F)(F)C(F)(F)C(F)(F)C(F)(F)C(F)(F)C(F)(F)C(F)(F)C(F)(F)C(F)(F)C(F)(F)C(F)(F)F,2.301509453
OS(=O)(=O)CC(F)(F)C(F)(F)F,0.818104028
C[N+](C)(CCO)CC(O)CNS(=O)(=O)C(F)(F)C(F)(F)C(F)(F)C(F)(F)C(F)(F)C(F)(F)C(F)(F)C(F)(F)C(F)(F)C(F)(F)C(F)(F)C(F)(F)F,1.96537523
C[N+](C)(CCO)CCCN(CCO)S(=O)(=O)C(F)(F)C(F)(F)C(F)(F)C(F)(F)C(F)(F)C(F)(F)C(F)(F)C(F)(F)C(F)(F)C(F)(F)C(F)(F)C(F)(F)F,2.002445833
C[N+](C)(CCO)CCCN(CC(O)CS([O-])(=O)=O)S(=O)(=O)C(F)(F)C(F)(F)C(F)(F)C(F)(F)C(F)(F)C(F)(F)C(F)(F)C(F)(F)C(F)(F)F,1.52532709
OC(=O)C(F)(Cl)C(F)(F)C(F)(F)C(F)(F)C(F)(F)F,1.498916254
CN(C)CC(O)CN(CCCS(O)(=O)=O)S(=O)(=O)C(F)(F)C(F)(F)C(F)(F)C(F)(F)C(F)(F)C(F)(F)F,1.485952205
OS(=O)CCC(F)(F)C(F)(F)C(F)(F)C(F)(F)C(F)(F)C(F)(F)F,1.875163622
OS(=O)CCC(F)(F)C(F)(F)C(F)(F)C(F)(F)C(F)(F)C(F)(F)C(F)(F)C(F)(F)C(F)(F)C(F)(F)C(F)(F)C(F)(F)F,2.221288107
OC(=O)C(F)(F)C(F)(F)C(F)(F)C(F)(F)S(F)(F)(F)(F)F,1.432053985
OS(=O)(=O)C(F)(F)C(F)(F)C(F)(F)S(F)(F)(F)(F)F,1.274870387
OS(=O)(=O)C(F)(F)C(F)(F)C(F)(F)C(F)(F)C(F)(F)C(F)(F)C(F)(F)C(F)(F)C(F)(F)C(F)(F)C(F)(F)C(F)(F)S(F)(F)(F)(F)F,2.148104445
OC(=O)CNS(=O)(=O)C(F)(F)C(F)(F)C(F)(F)F,0.90600309
OC(=O)CCS(=O)CCC(F)(F)C(F)(F)C(F)(F)C(F)(F)C(F)(F)C(F)(F)C(F)(F)C(F)(F)C(F)(F)C(F)(F)C(F)(F)C(F)(F)C(F)(F)C(F)(F)F,2.130713051
CC(C)(CS(O)(=O)=O)NC(=O)CCS(=O)CCC(F)(F)C(F)(F)C(F)(F)C(F)(F)C(F)(F)C(F)(F)C(F)(F)C(F)(F)C(F)(F)C(F)(F)C(F)(F)C(F)(F)F,1.923082091
C[N+](C)(C)CCCNC(=O)CS(=O)(=O)CCC(F)(F)C(F)(F)C(F)(F)C(F)(F)C(F)(F)C(F)(F)F,1.53024839
OC(=O)CCS(=O)(=O)CCC(F)(F)C(F)(F)C(F)(F)C(F)(F)C(F)(F)C(F)(F)C(F)(F)C(F)(F)C(F)(F)C(F)(F)C(F)(F)C(F)(F)F,1.976307291
OC(=O)CCCCNC(=O)SCCC(F)(F)C(F)(F)F,1.03608263
OC(=O)CCCCNC(=O)SCCC(F)(F)C(F)(F)C(F)(F)C(F)(F)F,1.36509429
OC(=O)CCCCNC(=O)CCNC(=O)SCCC(F)(F)C(F)(F)F,0.638397609
OC(=O)CCCCNC(=O)CCNC(=O)SCCC(F)(F)C(F)(F)C(F)(F)C(F)(F)C(F)(F)C(F)(F)C(F)(F)C(F)(F)F,1.442626989
CN(C)CCCNC(=O)CC(SCCC(F)(F)C(F)(F)C(F)(F)C(F)(F)F)C(O)=O,1.149353707
CN(C)CCCNC(=O)CC(SCCC(F)(F)C(F)(F)C(F)(F)C(F)(F)C(F)(F)C(F)(F)C(F)(F)C(F)(F)C(F)(F)C(F)(F)C(F)(F)C(F)(F)C(F)(F)C(F)(F)F)C(O)=O,1.9346649
OC(=O)CCSCCC(F)(F)C(F)(F)C(F)(F)C(F)(F)C(F)(F)C(F)(F)C(F)(F)C(F)(F)C(F)(F)C(F)(F)C(F)(F)C(F)(F)F,2.150024265
C[N+](C)(CCC(F)C(F)(F)C(F)(F)F)CC([O-])=O,1.449491663
C[N+](C)(CCC(F)C(F)(F)C(F)(F)C(F)(F)C(F)(F)C(F)(F)C(F)(F)C(F)(F)C(F)(F)C(F)(F)C(F)(F)C(F)(F)C(F)(F)C(F)(F)C(F)(F)F)CC([O-])=O,2.31443421
OCC(SCCC(O)=O)C(O)C(F)(F)C(F)(F)C(F)(F)C(F)(F)C(F)(F)C(F)(F)C(F)(F)C(F)(F)C(F)(F)C(F)(F)C(F)(F)C(F)(F)C(F)(F)C(F)(F)F,2.064651529
CC(=O)OC(C(CO)C(F)(F)C(F)(F)F)C(CO)[N+](C)(C)CC([O-])=O,0.905478357
OC(=O)CCC(F)(F)C(F)(F)C(F)(F)C(F)(F)C(F)(F)C(F)(F)C(F)(F)C(F)(F)C(F)(F)C(F)(F)C(F)(F)C(F)(F)F,2.165791667
OS(=O)(=O)CCCC(F)(F)C(F)(F)C(F)(F)C(F)(F)F,1.592469259
OS(=O)(=O)CCCC(F)(F)C(F)(F)C(F)(F)C(F)(F)C(F)(F)C(F)(F)C(F)(F)C(F)(F)C(F)(F)F,2.095632089
OC(C(O)=O)C(=O)SC(=O)CCC(F)(F)C(F)(F)C(F)(F)C(F)(F)C(F)(F)C(F)(F)C(F)(F)F,1.658794626
CC(=O)OC(C(O)[N+](C)(C)CC([O-])=O)C(CO)C(F)(F)C(F)(F)C(F)(F)C(F)(F)F,1.07409101
CC(=O)OC(C(O)[N+](C)(C)CC([O-])=O)C(CO)C(F)(F)C(F)(F)C(F)(F)C(F)(F)C(F)(F)C(F)(F)F,1.310572093
C[N+](C)(CC=O)CC(CC(F)(F)C(F)(F)C(F)(F)C(F)(F)C(F)(F)C(F)(F)F)OC=O,1.820444576
CN(C)CC(OCO)C(OC=O)C(F)(F)C(F)(F)C(F)(F)C(F)(F)C(F)(F)C(F)(F)F,1.691613951
CN(C)CC(OCO)C(OC=O)C(F)(F)C(F)(F)C(F)(F)C(F)(F)C(F)(F)C(F)(F)C(F)(F)C(F)(F)C(F)(F)C(F)(F)C(F)(F)C(F)(F)C(F)(F)C(F)(F)F,2.109122889
CN(C)CC(OCO)C(OC=O)C(F)(F)C(F)(F)C(F)(F)C(F)(F)C(F)(F)C(F)(F)C(F)(F)C(F)(F)C(F)(F)C(F)(F)C(F)(F)C(F)(F)C(F)(F)C(F)(F)C(F)(F)C(F)(F)F,2.180079485
CN(C)CC(O)CC(F)(F)C(F)(F)C(F)(F)C(F)(F)C(F)(F)C(F)(F)C(F)(F)C(F)(F)C(F)(F)C(F)(F)C(F)(F)C(F)(F)C(F)(F)C(F)(F)F,2.369266769
CNCC(O)CC(F)(F)C(F)(F)C(F)(F)C(F)(F)C(F)(F)C(F)(F)C(F)(F)C(F)(F)F,2.065511953
C[N+](C)(C)CC(O)CC(F)(F)C(F)(F)C(F)(F)C(F)(F)C(F)(F)C(F)(F)C(F)(F)C(F)(F)C(F)(F)C(F)(F)C(F)(F)C(F)(F)C(F)(F)C(F)(F)F,2.37874776
C[N+](C)(CC(O)CC(F)(F)C(F)(F)C(F)(F)C(F)(F)C(F)(F)C(F)(F)C(F)(F)C(F)(F)C(F)(F)C(F)(F)C(F)(F)C(F)(F)F)C(O)=O,2.062515351
C[N+](C)(CC(O)CC(F)(F)C(F)(F)C(F)(F)C(F)(F)C(F)(F)C(F)(F)F)CC([O-])=O,1.78240245
CN(C)CC(O)C=C(F)C(F)(F)C(F)(F)C(F)(F)C(F)(F)C(F)(F)C(F)(F)C(F)(F)C(F)(F)C(F)(F)C(F)(F)C(F)(F)F,2.346183049
CN(C)CC(O)C=C(F)C(F)(F)C(F)(F)C(F)(F)C(F)(F)C(F)(F)C(F)(F)C(F)(F)C(F)(F)C(F)(F)C(F)(F)C(F)(F)C(F)(F)C(F)(F)C(F)(F)C(F)(F)F,2.466716999
OS(=O)(=O)C(F)(Cl)C(F)(F)C(F)(F)C(F)(F)C(F)(F)C(F)(F)C(F)(F)C(F)(F)C(F)(F)C(F)(F)F,2.013064355
OC(=O)C(F)(Cl)C(F)(F)C(F)(F)F,1.006525758
OS(=O)(=O)C(F)(F)OC(F)(F)F,0.527413053
C[N+](C)(CCC(F)(F)C(F)(F)C(F)(F)C(F)(F)C(F)(F)C(F)(F)C(F)(F)C(F)(F)C(F)(F)C(F)(F)C(F)(F)C(F)(F)C(F)(F)C(F)(F)F)CC([O-])=O,2.300090222
FC(OC(F)(F)Cl)C(F)(F)F,1.525201187
FC(F)(Cl)C(F)(F)OC(F)(Cl)Cl,1.665012129
FC(F)(F)CC(F)(F)Br,1.663160076
FC(F)(F)C(F)(F)C(F)(F)C(F)(F)C(=O)NC1=CC(NC(=O)C(F)(F)C(F)(F)C(F)(F)C(F)(F)F)=C(C=C1)N=NC1=CC=CC=C1,1.868593783
CCN(CCOC(C)=O)C1=CC=C(C=C1)N=NC1=C(C=C(C=C1)N(=O)=O)S(=O)(=O)OCC(F)(F)C(F)F,1.448149706
FC(F)(F)C(F)(F)C(F)(F)C(F)(F)C(F)(F)C(F)(F)C(F)(F)C(F)(F)S(=O)(=O)N1CCCCCC1,1.728562512
FC(F)C(F)(F)SC1=CC(Br)=C(NC(=O)NC(=O)C2=C(F)C=CC=C2F)C=C1,1.828967749
FC(F)(F)C(=CC1=NC2=CC=CC=C2S1)C(F)(F)F,2.448214094
OC(CC(=O)CCCCl)(C(F)(F)F)C(F)(F)F,1.109155557
CC1=CC(=O)CC(O1)(C(F)(F)F)C(F)(F)F,1.823582627
FC(F)(F)COP1(OCC(F)(F)F)=NP(OCC(F)(F)F)(OCC(F)(F)F)=NP(OCC(F)(F)F)(OCC(F)(F)F)=N1,1.824842949
FC(F)C(F)(F)COP1OCCO1,1.016791273
FC(F)C(F)(F)N(C(F)(F)F)C(F)(F)F,1.217783206
FC(F)(F)C1=C(Cl)SC(=N1)N(CC#N)C(=O)C1=CC(=CC(=C1)C(F)(F)F)C(F)(F)F,2.37045156
CS(=O)(=O)NNC1=C(NC(=O)C(F)(F)C(F)(F)F)C=C(C=N1)C(F)(F)F,1.358134386
FC(F)C(F)(F)OCC=C,1.663650588
CC(C)CCOC(=O)NC(C(F)(F)F)(C(F)(F)F)P(=O)(C1=CC=CC=C1)C1=CC=CC=C1,2.294672283
C[N+](C)(CCCC([O-])=O)CCCC(F)(F)C(F)(F)C(F)(F)C(F)(F)C(F)(F)C(F)(F)C(F)(F)C(F)(F)F,1.868677753
FC1=CC=CC(F)=C1F,2.878974322
CCO[Si](CCC(F)(F)F)(CCC(F)(F)F)CCC(F)(F)F,1.963799265
FC1=C(F)C2=C(F)C(F)=C(F)C3=C2C1=C(F)C(F)=C3F,3.38668138
FC1=C(F)C2=C(F)C(F)=C3C(F)=C(F)C(F)=C(F)C3=C2C(F)=C1F,3.262018005
FC1=C(F)C(F)=C(N=C=O)C(F)=C1F,2.153979899
FOC(F)(F)OF,1.243794492
[O-][N+](=O)C1=CC(OC(F)(F)C(F)F)=CC=C1,2.294902921
CC(F)(F)C(F)(F)F,1.921921318
FC(F)C#C,1.611217081
FC(F)(F)SPSC(F)(F)F,1.624065283
FC1(F)OC(F)(F)C(F)(F)C(F)(F)C(F)(F)C(F)(F)C(F)(F)C1(F)F,2.307738659
FC(F)(F)C(=O)CC(=O)C(F)(F)C(F)(F)F,1.34069299
FC1=C(F)C(=C(F)C(F)=C1S)C1=C(F)C(F)=C(S)C(F)=C1F,2.923410224
FC1=C(F)C(F)=C(C(Cl)=O)C(F)=C1F,2.338618688
FC(F)(F)C(=O)NC1=CC=CC=C1C(F)(F)F,2.020326667
FC(F)(F)C(F)(F)C(F)(F)C(F)(F)C(F)(F)C(F)(F)C(F)(F)C=C,2.492732678
OCCN(CCO)CCC(F)(F)C(F)(F)C(F)(F)C(F)(F)C(F)(F)C(F)(F)C(F)(F)C(F)(F)F,2.050352662
OP(O)(=O)OCC(F)(F)F,0.618943255
FC(F)(F)C(F)(F)P1P(P1C(F)(F)C(F)(F)F)C(F)(F)C(F)(F)F,2.659546407
CC(=O)C1=CC(=CC(=C1)C(F)(F)F)C(F)(F)F,2.163704879
FC1=C(F)C(F)=C(C(F)=C1F)C1=C(F)C(F)=C(C(F)=C1F)C1=C(F)C(F)=C(C(F)=C1F)C1=C(F)C(F)=C(F)C(F)=C1F,3.779952131
FC(F)(F)C(F)(F)C(F)(F)C(F)(F)C(F)(F)C(F)(F)C(F)(F)C(F)(F)C(F)(F)C(F)(F)C(F)(F)C(F)(F)C(F)(F)C(F)(F)F,2.607475967
CC12COC(OC1)(OC2)C(F)(F)C(F)(F)C(F)(F)F,1.669101672
CN(C(F)(F)C(F)F)S(=O)(=O)C1=CC=CC=C1,0.941462836
FC1=CC(F)=C(F)C=C1F,3.037862333
FN(F)C(F)(F)F,1.029135105
FC1(F)C(F)(F)C(Cl)(Cl)C1(Cl)Cl,2.818453177
[O-][N+](=O)C1=CC(=C(NN=C(C(F)(F)F)C(F)(F)F)C=C1)[N+]([O-])=O,1.941322959
FC1=NC(F)=C(F)C(Br)=C1F,1.939846587
FC(F)(F)C(F)(F)Br,1.786975872
FC(F)(F)C(=CC(=O)C1=CC=CC2=CC=CC=C12)C(F)(F)F,2.589604813
OCC(F)F,0.124354202
FC1=CC(F)=CC(F)=C1,2.62782879
FC(F)(I)C(F)(F)C(F)(F)C(F)(F)C(F)(F)C(F)(F)I,2.491411929
FC1(F)C(=O)OC(=O)C(F)(F)C1(F)F,1.359209752
COC(=O)C(F)=C(F)F,1.165736975
FC(F)C(F)(F)C(Cl)Cl,1.601109641
OCCN(CCO)CCCNC(=O)C(F)(F)C(F)(F)C(F)(F)C(F)(F)C(F)(F)C(F)(F)C(F)(F)F,1.566938387
FC1(F)C(F)(F)C(F)(F)S(=O)(=O)C1(F)F,1.482920073
FC(F)(Cl)C(F)(F)I,1.986043686
CN(C)P(C(F)(F)F)C(F)(F)F,0.928892971
FC(F)(F)C(=O)OC=C,1.274550942
FC(F)(F)C1=C(C=CC=C1)C(F)(F)F,2.548510518
OC(=O)C(F)(F)C(F)=C(F)F,0.659572093
OCNC(=O)C(F)(F)F,0.053077114
FC1=C(F)C(F)=C(P(C2=CC=CC=C2)C2=C(F)C(F)=C(F)C(F)=C2F)C(F)=C1F,3.394266444
FC(F)C(F)(F)OC1=CC=CC(=C1)N=C=O,2.348478949
FC1=C(F)C(F)=C(C(Br)C2=C(F)C(F)=C(F)C(F)=C2F)C(F)=C1F,3.151128255
FC(F)(F)C(F)(F)C(F)(F)C(F)(F)C(F)(F)C(F)(F)C(F)(F)C1=NN=C(O1)C1=CC=CC=C1,2.195845114
NC1=CC(N)=C(OC(F)(F)C(F)F)C=C1,1.896788824
FC(F)C(F)(F)S(=O)(=O)C1=NC(=C(N1)C1=CC=C(F)C=C1)C1=CC=C(F)C=C1,2.08733233
FC1=C(F)C(=C(F)C(F)=C1C(F)(F)F)C(F)(F)F,2.782916622
FC1=C(F)C(F)=C(C(=O)C(F)(F)F)C(F)=C1F,2.633821908
NNC1=C(F)C(F)=CC(F)=C1F,2.194785844
FC1=C(F)C(F)=C(CCl)C(F)=C1F,2.731856907
FC(F)(Cl)C(F)(F)C(F)(F)Cl,1.973387253
FC(F)(F)COC1=CC=C(OCC(F)(F)F)C=C1,2.416883563
OP(=O)(OCCC(F)(F)C(F)(F)C(F)(F)C(F)(F)C(F)(F)C(F)(F)C(F)(F)C(F)(F)F)OCCC(F)(F)C(F)(F)C(F)(F)C(F)(F)C(F)(F)C(F)(F)C(F)(F)C(F)(F)F,2.221633641
FC(F)(F)C(=C=O)C(F)(F)F,1.326840612
NC1=C(C=C(F)C=C1)C(F)(F)F,1.970685217
CC(=O)OC1(Br)C(F)(F)C(F)(F)C1(F)F,2.014814481
CC(C)(O)C(F)(F)C(F)F,1.0206596
FC(F)(F)C1=CC(=CC(=C1)C(F)(F)F)C(F)(F)F,2.765955387
FC(F)(F)C1=CC(=CC(CCl)=C1)C(F)(F)F,2.603065923
FC(F)=C(Cl)Br,1.795722215
FC(F)(F)C(F)(Cl)C(F)(F)F,2.025037937
FC1=NC(F)=C(F)C(F)=N1,1.219534008
FC(F)(F)C(F)(F)N1C(F)(F)C(F)(F)C(F)(F)C1(F)F,1.67792438
CC(C)(C)C#CC(F)(F)F,2.560044139
FC1=C(F)C(F)=C(CC(Cl)=O)C(F)=C1F,2.17001628
FC(F)C(F)(F)C(F)(F)OC(F)=C(F)F,2.222820735
FC1=CC(F)=C(F)C(F)=C1N=C=S,2.781872394
CC(OC(=O)C1=CC=C(CC2=C(O)C3=CC=CC=C3OC2=O)C=C1)(C(F)(F)F)C(F)(F)F,2.044915226
FC(F)(F)C(F)(F)C(F)(F)C(F)(F)C(F)(F)C(F)(F)C(F)(F)C(F)(F)S(=O)(=O)N1C=CN=C1,1.771051007
[O-][N+](=O)C1=C(F)C(F)=C(F)C(F)=C1F,2.206561933
FC(F)(F)C=S(F)(F)(F)F,1.613003161
FC(F)(F)C(=O)NC1=C(C=C(Cl)C=C1)C(F)(F)F,2.305761317
OS(=O)(=O)C(F)(F)C(F)(C(F)(F)F)C(F)(F)F,1.247825393
CC(F)(F)Cl,1.482529945
CO[Si](CCCOC(F)(F)C(F)F)(OC)OC,1.138698318
CC1=CC(=C(C)C=C1NC(=O)NC(=O)C1=C(F)C=CC=C1F)C(O)(C(F)(F)F)C(F)(F)F,1.499572256
C[C@]12CC[C@H]3[C@H]([C@@H]1CC[C@@H]2O)[C@H](CCCCCCCCCS(=O)(=O)CCCC(F)(F)C(F)(F)F)CC1=C3C=CC(O)=C1,1.897644088
FC(F)(F)C(F)(Cl)Cl,1.713208348
FC(F)(F)C1=NC(=NC(=N1)C1=CC=CC=C1)C(F)(F)F,2.118599835
OC(=CC(=O)C(F)(F)F)C(F)(F)F,1.002300511
FC(F)(F)C(F)(F)C(F)(F)C(F)(F)C1CCCO1,1.993394304
CC(S)=CC(=O)C(F)(F)C(F)F,1.818551194
NCCSC(O)(C(F)(F)F)C(F)(F)F,1.115507539
FC(F)(F)C1(F)C(F)(F)C(F)(F)C(F)(C(F)(F)F)C(F)(F)C1(F)F,2.539605339
FC(F)(F)C(F)(F)C(F)(F)C(=O)CC(=O)C1=CC=CO1,1.493259523
FC1=C(F)C(F)=C(C(I)=C1F)C(F)(F)F,2.986394491
OC(C1=CC=CC=C1)(C1=CC=CC=C1)C(F)(F)C(F)(F)F,2.174399433
CC(=O)C(F)(F)C(F)(F)F,1.244625827
FC(F)(F)C(=O)N1CCN(CC1)C(=O)C(F)(F)F,0.895051957
NC1=NC(=NC(=C1)C(F)(F)F)C(F)(F)F,1.523708147
FC(F)(F)C(F)(F)C(F)(F)C(=O)NNC(=O)C(F)(F)C(F)(F)C(F)(F)F,1.429111547
FC(F)(F)C1=NC(=NO1)C(F)(F)F,1.657017101
FC(F)(F)C(F)(F)C(F)(F)C(=O)CC1=CC=CC=N1,1.623813415
FC(F)(F)C(F)(F)C(F)(F)C(=O)CC(=O)C1=CC=C(Br)S1,1.804146176
OCCOCC(F)(F)F,0.929998715
CC(C)OC(=N)C(F)(F)F,0.707070547
FC(F)(F)C(F)(F)C(F)(F)C1=NCCN1,1.113277378
CC(C)OP(=O)(OC(C)C)C1=C(C(F)(F)C(F)(F)C1(F)F)P(=O)(OC(C)C)OC(C)C,1.710944959
FC(F)(F)C(F)(F)C(F)(F)C(F)(F)C(F)(F)C(F)(F)C(F)(F)CNC(=O)NCC(F)(F)C(F)(F)C(F)(F)C(F)(F)C(F)(F)C(F)(F)C(F)(F)F,2.094437137
OC(CC(O)=O)C(F)(F)C(F)(F)C(F)(F)F,0.977015276
CC(O)C(F)(F)C(F)(F)C(F)(F)C(C)O,0.939058863
FC(F)(F)C(=CC(=O)C1=CC=C(Br)C=C1)C(F)(F)F,2.516314092
CC(C)(C)C(=O)CC(O)(C(F)(F)F)C(F)(F)F,1.462849136
CCCCCCCCC(C(=O)C1=CC=CC=C1)=C(C(F)(F)F)C(F)(F)F,2.547314151
CCC(C(=O)C1=CC=C(F)C=C1)C(O)(C(F)(F)F)C(F)(F)F,1.9347816
CC(C(=O)C1=CC=CS1)C(O)(C(F)(F)F)C(F)(F)F,1.490687399
OC(=O)C1=C(F)C(F)=C(OC2=C(F)C(F)=C(F)C(F)=C2F)C(F)=C1F,2.667834073
OC1=C(C=C(C=C1)C(F)(F)C(F)(F)C(F)(F)C1=CC(=C(O)C=C1)[N+]([O-])=O)[N+]([O-])=O,1.715176902
FC1=C(F)C(F)=C(NC2=C(F)C3=C(C(F)=C(F)C(F)=C3F)C(F)=C2F)C(F)=C1F,3.062678856
FC(F)(F)COP(=O)(OCC(F)(F)F)OCC(F)(F)F,1.42285995
CC(C)(C)NC(=O)C(F)(F)C(F)(F)C(F)(F)C(=O)NC(C)(C)C,1.358177945
FC(F)(F)C1=NC(CC2=CC=CC=C2)=C(O1)C(F)(F)F,2.522746051
FC(F)(F)C(F)(F)C(F)(F)C(F)(F)C(F)(F)C(F)(F)C(F)(F)C(F)(F)S(Cl)(=O)=O,1.994059352
CC(C)(C)C1=CC2=C(SC(C)(C)OC2(C(F)(F)F)C(F)(F)F)C(=C1)C(O)(C(F)(F)F)C(F)(F)F,2.565380918
N\C(=N/C(=N)C(F)(F)C(F)(F)C(F)(F)F)C(F)(F)C(F)(F)C(F)(F)F,1.662573342
FC1=CC=CC(=C1Br)C(F)(F)F,2.718786053
FC(F)(F)C1=CC(=C(CBr)C=C1)C(F)(F)F,2.533384076
FC1=C(C=CC(=C1)C(F)(F)F)C#N,1.835734004
FC(F)C(F)(F)Br,1.668243318
FC(Cl)=C(Cl)C(F)(F)F,2.025193393
CCCOC(=O)C(F)(F)C(F)(F)F,1.517307917
CC1=CC(OC(=O)C(F)(F)C(F)(F)F)=CC=C1,2.0412203
NC(F)(F)F,0.351639264
FC(F)C(F)(F)C(F)(F)C(F)(F)CCC(F)(F)C(F)(F)C(F)(F)C(F)F,2.338505883
FC1=C(F)C2(F)C(CC1(F)C2(F)F)C=C,2.677250888
CCCCSC(F)(F)F,1.812895266
FC1(F)SSC(F)(F)C(F)(F)C(F)(F)C1(F)F,2.00154053
FC(F)(F)SC#N,1.271763896
FC(F)(F)C(F)(F)C(F)(F)C(C=C)(C(F)(F)F)C(F)(F)F,2.41070831
FC(F)(F)C(=O)NCC=C,0.766297518
FC1(F)OC2(C(F)(F)C1(F)F)C(F)(F)C(F)(F)C(F)(F)C2(F)F,2.486790428
CC(NC(=O)C(F)(F)C(F)(F)C(F)(F)F)C1=CC=CC=C1,1.611209434
FC(F)(F)C(F)(SC1=CC=CC=C1)C(F)(F)F,2.130659437
FC(F)(F)C(Br)(Br)C(F)(F)F,1.940434019
FC1=C(F)C2(F)CCC1(F)C2(F)F,2.632204444
FC(F)(F)C1=CN=C(C=C1)C1=NC=C(C=C1)C(F)(F)F,2.349112305
FC(Cl)=C(F)Br,1.879590862
OCCOC1=C(F)C(F)=C(F)C(F)=C1F,2.046060303
FC1=C(F)C(F)=C(P(Br)Br)C(F)=C1F,2.666896904
CP(C)C1=C(F)C(F)=C(F)C(F)=C1F,2.657495214
FC1=C(F)C(F)=C(C(F)=C1F)P(F)(=O)C1=C(F)C(F)=C(F)C(F)=C1F,2.728053644
FC1=C(F)C(F)=C(C(F)=C1F)C(F)(F)I,2.87661471
CC(C)(O)C1=CC(=CC(=C1)C(F)(F)F)C(F)(F)F,2.102058324
FC1=C(F)C(=C(F)C(F)=C1Br)C(F)(F)F,2.795500683
NC1=C(F)C(F)=C(C(F)=C1F)C1=C(F)C(F)=C(F)C(F)=C1F,2.959651156
NC1=CC=CC(=C1)C(C1=CC(N)=CC=C1)(C(F)(F)F)C(F)(F)F,2.152138156
FC1=C(F)C(F)=C(OC2=C(F)C(F)=C(F)C(F)=C2F)C(F)=C1F,3.67478688
FC1=C(F)C(F)=C2SC3=C(F)C(F)=C(F)C(F)=C3SC2=C1F,2.64246134
FC1=C(CC1(F)F)C=C,2.270366466
NC(=O)C1=C(C=CC=C1C(F)(F)F)C(F)(F)F,1.796398876
CC(=O)NC1=CC(=CC(=C1)C(F)(F)F)C(F)(F)F,1.950883602
OC(=O)CCC1=CC(=CC(=C1)C(F)(F)F)C(F)(F)F,1.47560253
CC1=CC=C(C=C1)S(=O)(=O)OCC(F)(F)C(F)(F)C(F)(F)F,1.444678436
NC1=CC=CC=C1SC(F)(F)C(F)(F)C(F)(F)F,1.836920179
CC1=CC(OCC(F)(F)C(F)(F)C(F)(F)C(F)F)=NC(N)=N1,1.495214938
[H]C12CC3([H])CC(C1)(CC(C2)(C3)C(F)(F)C(F)C(F)(F)F)C(O)=O,1.719308462
FC1=C(F)C(F)=C(Br)C=C1,3.050135186
FC(F)(F)C1CCOC1=O,1.048899905
OCC1=CC(F)=C(F)C(F)=C1F,1.998830003
CC(=O)N1N=C(C(Br)=C1C)C(F)(F)C(F)(F)C(F)(F)F,1.520640905
CC(=O)N1CC(CC(F)(F)C(F)(F)C(F)(F)C(F)(F)F)C(=C)C1,1.602648987
NC1=CC(F)=C(C=C1)C(F)(F)F,1.930710423
FC(F)(F)C1=CC=CC(=C1Br)C(F)(F)F,2.65830741
FC(F)(F)C1=CC(=C2C(=O)C=CNC2=C1)C(F)(F)F,2.402210708
CC(C(O)=O)(C(F)(F)F)C(F)(F)F,0.922294931
FC(F)(F)C(F)(F)C(F)(F)C(Br)(C(F)(F)F)C(F)(F)F,2.258833183
FC(F)(F)C(F)(F)C(F)(C(Br)=C)C(F)(F)F,2.078957219
OCCC(F)(F)C(F)(F)Br,1.076406767
OC(=O)CCC(F)(F)C(F)(F)Br,0.963240721
FC(F)=C(F)C(Cl)=C(F)F,2.050225873
CC1=C(Cl)C(=NN1)C(F)(F)C(F)(F)C(F)(F)C(F)(F)C(F)(F)C(F)(F)C(F)(F)C(F)(F)F,2.088925067
FC1=CC(F)=C(Cl)C(F)=C1,3.10218691
FC1(F)C(F)(F)C(F)(Br)C1(F)Br,2.537005626
FC(F)(F)C(F)(F)C(F)(F)C(F)(F)C(Br)CBr,1.983617284
FC(F)(Cl)C(F)(F)C(F)(F)C(F)(F)C(F)(F)C(F)(F)Cl,2.292920594
FC(F)(C=C)C(F)(F)C(F)(F)C(F)(F)C(F)(F)C(F)(F)C(F)(F)C(F)(F)C=C,2.54450484
FC1=C(C=CC(C=O)=C1)C(F)(F)F,2.127564374
OCC1=C(F)C=C(C=C1)C(F)(F)F,1.690234096
NCC1=C(F)C=C(C=C1)C(F)(F)F,1.73161127
FC(F)(F)C(=NC(=O)OCC1=CC=CC=C1)C(F)(F)F,1.990023962
FC(F)=C(F)OC1=CC=C(C=C1)C(C1=CC=C(OC(F)=C(F)F)C=C1)(C(F)(F)F)C(F)(F)F,3.137640149
FC1=C(CCl)C=C(C=C1)C(F)(F)F,2.498122606
FC1=CC(=CC(F)=C1)C(=O)C(F)(F)F,2.249453927
FC(F)(F)OC(F)(F)C(F)(F)OC(F)(F)C(F)(F)OC(F)(F)Br,1.811151783
FC(F)(Cl)C(F)(Cl)C(F)(F)C(F)(Cl)C(F)(F)C(Cl)=O,1.891949402
FC1=C(F)C(F)=C(CI)C(F)=C1F,2.766120412
FC(F)(F)COCC1CO1,1.203824614
FC(F)(F)C(F)(F)C(F)(F)C(F)(F)C(F)(F)C(F)(F)C(F)(F)C(F)(F)C(F)(F)C(F)(F)CCOC(=O)C=C,2.292580235
CO[Si](OC)(C1=C(F)C(F)=C(F)C(F)=C1F)C1=C(F)C(F)=C(F)C(F)=C1F,2.990506764
FC(F)C(F)(F)C(=O)CC(=O)C1=CC=CC=C1,1.610736645
FC(F)(F)C1=CC(=CC(C=C)=C1)C(F)(F)F,2.551752755
FC1(F)OC2=C(C=C(Br)C=C2)C(F)(F)O1,2.412549779
FC(F)(F)C(Cl)(Br)C(F)(F)Br,1.989607513
FC(F)C(=O)OC(=O)C(F)F,0.59201546
COC1=CC(F)=CC(=C1)C(F)(F)F,2.375541942
FC1=CC=CC(C#N)=C1C(F)(F)F,1.943617097
NNC1=CC(=C(F)C=C1)C(F)(F)F,2.310201147
OC(=O)C(CCCC(F)(F)C(F)(F)C(F)(F)F)C(O)=O,0.791361537
FC(F)(F)C(F)(F)C(F)(F)C1=CC(=NN1)C1=CC=CC=C1,2.28173914
FC(F)(Cl)C(F)(Cl)C(F)(F)C(F)(Cl)C(F)(F)C(Cl)(Cl)Cl,2.24086549
FC(F)I,1.875850655
FC(F)(F)C(F)(F)C1CCCCC1I,2.42337032
CC(=O)C(F)(F)C(F)(F)C(F)(F)C(F)(F)F,1.761067378
OC(C[N+]([O-])=O)C(F)(F)C(F)(F)C(F)(F)C(F)(F)F,1.653822225
FC(F)(F)C(F)(F)C(F)(F)C(F)(F)C(Cl)=O,1.7763396
FC(F)C(F)(F)C(F)(F)C(F)(F)COCC1CO1,1.834817864
FC(F)(F)COC(F)(F)C(F)(F)F,1.807984939
FC1=C(F)C(F)=C(OCC(F)(F)F)C(F)=C1F,2.898569112
FC(F)C(F)(F)C(F)(F)C(F)(F)C(F)(F)C(F)=C,2.307749179
FC(F)C(F)(F)C(F)(F)C(F)(F)C(F)(F)C(F)(F)CI,2.218462889
FC(F)(F)C(F)(C(F)(F)F)C(F)(F)C(F)(F)CCOC(=O)C=C,2.077943198
FC(F)(F)C(F)(F)C(F)(F)C(F)(F)C(F)(F)C(F)(F)C(=O)CC(=O)C(F)(F)C(F)(F)C(F)(F)C(F)(F)C(F)(F)C(F)(F)F,2.115404368
FC1(F)C2(F)C(F)(C3(F)C1(F)C(F)(F)C(F)(F)C(F)(F)C3(F)F)C(F)(F)C(F)(F)C(F)(F)C2(F)F,2.819766701
OCC(F)(F)C(F)(F)C(F)(F)C(F)(F)C(F)(F)C(F)(F)C(F)(F)C(F)(F)C(F)(F)C(F)(F)C(F)(F)C(F)(F)C(F)(F)F,2.349932191
FC(F)C(F)(F)C(F)(F)C(F)(F)C(F)(F)C(F)(F)C(F)(F)C(F)(F)C(F)(F)C(F)(F)C(Cl)=O,2.27522733
COCC(C(F)(F)F)C(F)(F)F,1.67445799
CC(OC(=O)C=C)(C(F)(F)F)C(F)(F)F,1.921407883
FC(F)(F)C(F)(F)C(F)(F)COC(=O)\C=C\C(=O)OCC(F)(F)C(F)(F)C(F)(F)F,1.923337779
NC1=CC=CC=C1OC(F)(F)C(F)F,2.198793382
OC(=O)C1=CC=CC=C1OC(F)(F)C(F)F,1.582787922
FC(F)(F)C(=O)C=O,0.942478166
CCOC(=O)C(F)(OCC)C(F)(F)F,1.238567941
[O-][N+](=O)C1=C(Br)C=C(C(=C1)C(F)(F)F)C(F)(F)F,2.519738254
CCCCCCCCCCC(F)(F)C(F)(F)C(F)(F)C(F)(F)C(F)(F)C(F)(F)C(F)(F)C(F)(F)F,2.396140824
FC(F)(F)C(CBr)C(F)(F)F,1.799259192
FC(F)(F)C(F)(F)C(F)(F)C#C,2.090188231
CC(C)(C)C(=O)OC(=C(F)F)C(F)(F)F,2.120264935
CC(=O)CC(=O)C(F)(F)C(F)(F)C(F)(F)C(F)(F)C(F)(F)C(F)(F)F,1.743409793
OC(=O)CCC(F)=C(F)F,0.790341813
OC(=O)C(F)(Br)C(F)(F)F,0.485411881
FC(F)(Cl)C(F)(F)C(F)(F)C(F)(F)C(F)(F)C(F)(F)C(Cl)=O,2.038960322
FC(=O)C(F)(Cl)C(F)(F)F,1.316924328
FC(F)(F)C(F)(F)C(F)(F)CC=O,1.761160664
FC(F)(F)C(F)(F)C(F)(F)C(=O)CC(=O)C1=CC=CC=C1,1.658160509
FC(F)(CCI)C(F)(F)CCI,1.965391301
FC1=C(C=CN=C1)C(F)(F)F,1.879765308
NC1=NC2=C(C=C1)C(=CC(=N2)C(F)(F)F)C(F)(F)F,2.089519491
FC(F)(F)OC(F)(C(Cl)=C)C(F)(F)F,1.747027688
FC1=C(C=CC=N1)C(F)(F)F,1.792075992
FC(F)(F)C(F)(F)C(F)(F)C(F)(F)C(F)(F)C(F)(F)CCBr,2.161551612
OC1=CC(F)=C(OC(F)(F)F)C=C1,2.292119297
OC(=O)CCC(F)(F)C(F)(F)C(F)(F)C(F)(F)C(F)(F)C(F)(F)C(F)(F)F,1.89283085
FC(CCBr)C(F)(F)Br,1.600534652
FC(C(F)(F)F)C(F)(F)OC1=CC=CC=C1NC(=O)C(C1=CC=CC=C1)C1=CC=CC=C1,2.596380976
FC(F)C(F)(F)COC(=O)COC1=C(Cl)C=C(Cl)C=C1,2.319885399
FC(F)(F)C(F)(F)C(F)(F)C(F)(F)C(F)(F)C(F)(F)CCOC(=O)C=C,2.161848285
FC(F)(F)C(C1=CC=C(I)C=C1)(C1=CC=C(I)C=C1)C(F)(F)F,3.481994144
OC(=O)CSC(F)(F)F,0.872356169
FC(F)(F)C(OS(OC(C1=CC=CC=C1)(C(F)(F)F)C(F)(F)F)(C1=CC=CC=C1)C1=CC=CC=C1)(C1=CC=CC=C1)C(F)(F)F,2.873760446
FC(F)(F)C(=O)NCCN(CCNC(=O)C(F)(F)F)CCNC(=O)C(F)(F)F,0.607371061
CS\C(N)=N/C1=CC(=CC(=C1)C(F)(F)F)C(F)(F)F,2.354813186
CC1NC2=CC=CC=C2C(O1)(C(F)(F)F)C(F)(F)F,2.057779757
FC(F)(F)S(=O)(=O)C1=CC(=C(Cl)C(=C1)S(=O)(=O)C(F)(F)F)S(=O)(=O)C(F)(F)F,1.246521333
OC(=O)CCC1=C(C=CC(=C1)C(F)(F)F)C(F)(F)F,1.521604818
CCCCC(I)CC(F)(F)C(F)(F)C(F)(F)F,2.083566415
NC1=C(C=C(C(=C1)C(F)(F)F)C(F)(F)F)[N+]([O-])=O,2.258647667
CN(C)NC(=S)C(F)(F)F,1.393264547
FC(F)(F)C1=CC(=CC(=C1)P(Cl)C1=CC(=CC(=C1)C(F)(F)F)C(F)(F)F)C(F)(F)F,2.970513904
CNC1=NC(=NC(OC(C(F)(F)F)C(F)(F)F)=N1)N(C1=CC=CC=C1)C1=CC=CC=C1,2.287174717
FC1=C(F)C(F)=C(OC(Cl)=S)C(F)=C1F,3.198206416
CCOC(=O)C1=C(C)C(C#N)=C(NC(=O)C(F)(F)C(F)(F)C(F)(F)C(F)(F)C(F)(F)C(F)(F)F)S1,1.840366279
CC(C)(CNC(=O)C(F)(F)C(F)(F)C(F)(F)C(F)(F)C(F)(F)Cl)CNC(=O)C(F)(F)C(F)(F)C(F)(F)C(F)(F)C(F)(F)Cl,1.703289783
CC1=NC(N=C2C=CC=CN12)(C(F)(F)F)C(F)(F)F,2.056766803
FC(F)(F)C=C,1.706420715
FC(F)(F)C(C(=O)C(=O)NC1CCCCC1)C(F)(F)F,1.610757178
FC(F)C(F)(F)OC1=CC=CC(=C1)C1=NNC(=S)N1C1=CC(Cl)=CC=C1,2.72748683
OC(=O)C(F)(F)F,-0.132400784
FC1(F)C(F)(F)C(F)(F)C1(F)F,2.535118571
CC(F)(F)F,1.734712184
FC(F)(F)C1=NC2=C(C=CC(=O)N2)C(=C1)C(F)(F)F,2.132128796
FC(F)C(F)(F)C(F)(F)C(F)(F)C(=O)CC(=O)C1=CC=CC=C1,1.707623504
FC(F)C1=CC(=NN1)C(F)F,1.350608387
NC1=NC(N)=C(F)C(=C1)C(F)(F)F,1.238260157
COC(F)(F)C(F)(F)Cl,1.48589593
COC(=O)C(C)CC(F)(F)C(F)(F)C(F)(F)F,1.626810481
FC(F)=C(C1=CC=C(Br)C=C1)C(F)(F)F,2.887545817
NCCC(C(F)(F)F)C(F)(F)F,1.419277565
OS(=O)(=O)C(F)(F)C(F)F,0.381523566
FC(F)(F)C(=O)C(F)(F)F,1.339041304
FC(F)(F)C(F)(F)C(F)(F)C(F)(F)C(F)(F)C(F)(F)C1=CC=CS1,2.190454785
FC(F)(Cl)C(F)(F)OC(F)(F)C(F)(F)S(=O)(=O)N=[N+]=[N-],1.57287506
FC(F)N(C(F)(F)F)S(F)(=O)=O,0.279754635
FC(F)(F)C(F)(F)C(F)(F)C(F)(F)C(F)(F)C(F)(F)C(F)(F)C(F)(F)C1=CSC=C1,2.2603363
FC(C(F)(F)F)C(F)(F)C1CCCCC1,2.214779973
FC(F)(F)C(F)(F)C(F)(F)C(F)(F)C(F)(F)C(F)(F)C(F)(F)C(F)(F)CCC(Cl)=O,2.157546947
FC(F)(F)C(C(F)(F)F)C(F)(F)C(F)(F)C(F)(F)F,2.38875864
FC(F)C(F)(F)COP1OC(=O)C2=CC=CC=C2O1,1.787414111
FC1=C(F)C(F)(F)SC1(F)F,1.893605883
CC(C)(C)C(=O)CC(F)(F)C(F)(F)C(F)(F)C(F)(F)Cl,2.108578752
CCOC(=O)C(F)C(=O)C(F)(F)F,0.620958368
OCCCCC(I)CC(F)(F)C(F)(F)C(F)(F)C(F)(F)C(F)(F)C(F)(F)F,1.862242789
CC(=O)SCCCC(F)(F)C(F)(F)F,1.607555564
FC1=C(F)C(C=O)=C(C=C1)C(F)(F)F,2.350862897
FC(F)=NC(F)(F)F,1.227579333
C[Si](C)(C)OC(=C(F)F)C(F)(F)F,2.102965116
CN(C)B(C(F)(F)F)C(F)(F)F,1.285194417
FC(F)(Cl)CI,1.493501104
COC(=O)C(C)P(=O)(OCC(F)(F)F)OCC(F)(F)F,1.01799326
FC(F)C(F)(F)C(F)(F)C(F)(F)C(F)(F)C(F)(Cl)CCl,2.215860113
FC(F)(F)C(F)(F)C(F)(F)C(F)(F)C(F)(F)C(F)(F)CC=C,2.434459354
FC(F)(F)C(F)(F)C(F)(F)C(Cl)=C(Cl)Cl,2.217050798
C[Si](C)(OS(=O)(=O)C(F)(F)F)OS(=O)(=O)C(F)(F)F,0.474265726
CC1=NC(=C(C(F)=N1)C(F)(F)F)C(F)(F)C(F)(F)F,1.708169257
CCOC(=O)CC(F)(F)C(F)(F)C(F)(F)C(F)(F)C(F)(F)C(F)(F)F,2.043974592
F[B-](F)(F)F.FC1=C(F)C(F)=C(N2C=[N+]3CCCC3=N2)C(F)=C1F,1.394947075
CC(C#N)C(=O)C(F)(F)F,0.809628438
FC(F)(F)C(F)(F)C(F)(F)C(F)(F)C(F)(F)C(F)(F)C(F)(F)C(F)(F)CCC(=O)ON1C(=O)CCC1=O,1.801473869
FC(F)(F)C(F)(F)C(F)(F)C(F)(F)C(F)(F)C(F)(F)C(F)(F)C(F)(F)S(=O)(=O)NS(=O)(=O)C(F)(F)C(F)(F)C(F)(F)C(F)(F)C(F)(F)C(F)(F)C(F)(F)C(F)(F)F,2.12111843
FC(F)(F)C(F)(F)C(F)(F)C(F)(F)C(=O)OOC(=O)C(F)(F)C(F)(F)C(F)(F)C(F)(F)F,1.983046366
FC(F)(F)C1=CC=C(C=C1)C#CC(F)(F)Br,2.41637687
OCCC(F)(F)C(F)(F)C(F)(F)C(F)(F)C(F)(F)F,1.867854799
FC(F)(F)C(F)(F)C(F)(F)C(F)(F)C(F)(F)C(F)(F)C=O,2.1293468
CCCCCCC(OS(=O)(=O)C(F)(F)F)C(F)(F)F,1.555998788
FC1(F)C(=C2C(F)(F)C(F)(F)C(F)(F)C2(F)F)C(F)(F)C1(F)F,2.965242147
FC(F)(F)S(=O)(=O)C(Br)S(=O)(=O)C(F)(F)F,0.657480509
FC(F)(Br)C(F)(F)OS(F)(=O)=O,0.911436239
FC(F)C(F)C(F)(F)C(F)(F)C(F)(F)F,2.213771085
CS(=O)(=O)OCCCC(F)(F)C(F)(F)F,1.034248428
FC(F)(F)COC1=CC=C(C=C1)C(F)(F)F,2.524394104
FC(F)(F)C1=CC(=C(C=C1)[Si](Cl)(Cl)C1=C(C=C(C=C1)C(F)(F)F)C(F)(F)F)C(F)(F)F,3.249253963
FC(F)(F)C(C1=CC=C(OC2=CC3=C(C=C2)C(=O)OC3=O)C=C1)(C1=CC=C(OC2=CC3=C(C=C2)C(=O)OC3=O)C=C1)C(F)(F)F,2.618342264
FC(F)C(F)(F)C(=O)C(F)(C(F)(F)F)C(F)(F)F,1.863942306
FC(F)(F)C(F)(F)S(=O)NC1=CC=CC=C1,1.47326548
FC1=NC=C(F)C(F)=C1,1.982792967
FC(F)(F)C1(SC(=N1)C1=CC=C(Cl)C=C1)C(F)(F)F,2.66335305
[2H]OCC(F)(F)F,1.352105188
FC(F)(F)C1(OC(=O)CN1C1=CC=CC=C1)C(F)(F)F,1.869415712
CC(=C)CC(O)(C(F)(F)F)C(F)(F)F,1.283884146
CP(C)OC(C(F)(F)F)C(F)(F)F,1.635210952
CC(=O)CC(=O)C(F)(F)C(F)F,0.79360057
FC(F)=C(C1=CC=CC=C1)C(F)(F)C(F)(F)F,2.558606994
FC(=O)C(F)(F)OC(F)(F)F,1.206041423
FC(F)(F)C1=PC(=C(P=C1C(F)(F)F)C(F)(F)F)C(F)(F)F,2.813065911
FC(F)(F)C(=O)C(F)(F)C(F)(C(F)(F)F)C(F)(F)F,1.923552473
FC1=CC(F)=C(I)C(F)=C1F,3.397943804
FC1(F)OC(=O)C(F)(F)C1(F)F,1.619444753
FC1=C(F)C(F)=C(N(Cl)Cl)C(F)=C1F,2.789855444
FC1=NC(F)=C(F)C(\N=N\C2=C(F)C(F)=NC(F)=C2F)=C1F,2.130265231
FC(F)(F)C(=O)OCCCl,0.953962398
FC(F)(F)C(=[N+]=[N-])C(F)(F)F,1.086080203
CC(F)C(F)(F)F,1.863296127
FC(F)(I)C(F)(F)OS(F)(=O)=O,1.006887411
FC(F)(F)C1=CC(=CC=C1)S(=O)(=O)C(F)(F)F,1.533022635
CC(=O)CC(=O)C(F)(F)C(F)(F)C(F)(F)C(F)(F)C(F)(F)F,1.618356691
FC1=C(F)C(F)=C(N\C=N\C2=C(F)C(F)=C(F)C(F)=C2F)C(F)=C1F,2.878289379
CCCNC(=O)C(F)(F)C(F)(F)C(F)(F)C(F)(F)C(F)(F)C(F)(F)C(F)(F)F,1.909570203
FC(F)(F)C(F)(C#N)C(F)(F)F,1.629894812
FC1(F)CC1,2.065001679
FC(F)(F)C(=C(S)C(F)(F)C(F)(F)F)C(F)(F)F,2.105282542
FC(F)(F)C(F)(F)C(=O)OC1CCCCC1,1.726013773
FC(F)C(F)(F)C(F)(F)C(F)(F)C(F)(F)C(F)(F)COCl,2.145347818
FC(F)C(F)(F)CSC1=CC=C(Cl)C=C1,2.495416214
FC(F)(F)C(N=P(Cl)(Cl)Cl)(C(F)(F)F)C(F)(F)F,2.060050413
COC(=O)C(F)(F)C(F)(F)C(F)(F)C(F)(F)C(F)(F)C(=O)OC,1.501092462
FC(F)=C(Cl)C1=C(F)C(F)=C(F)C(F)=C1F,3.150101095
FC(F)(F)C(Br)C(F)(F)Br,1.968989862
[O-][N+](=O)C(F)(F)C(F)(F)N=O,0.669117937
CCOP(OCC)(OCC)=C(C(F)(F)F)C(F)(F)F,1.69111763
CC(C)(C)C(=O)CC(=O)C(F)(F)OC(F)(F)F,1.298783203
FC(F)=C1C(=C(F)F)C(F)(F)C1(F)F,2.7217249
FC(F)=C(F)C(F)(F)C(F)(F)C(F)(F)C(F)(F)C(F)=C(F)F,2.561034712
FC1=C(N=CC(=C1)C(F)(F)F)C#N,1.593230925
FC(C(F)(F)C(F)(F)C(F)(F)C(F)(F)C(F)S(F)(=O)=O)S(F)(=O)=O,1.272329696
FC(F)(F)N(C1=CC=C(Cl)C=C1)C(F)(F)F,2.322353675
FC(F)(F)C(=CC=C(C#N)C#N)C(F)(F)F,2.38450534
CC(SC(F)(F)C(F)(F)F)C(O)=O,0.888862888
FC(F)(F)CS(F)(=O)=O,0.556276026
CC(=O)CC(F)(F)C(F)(F)C(F)(F)C(F)(F)F,1.733881462
FC1=C(F)C(F)=C(F)C2=C1C(F)(Cl)C(F)(F)C2(Cl)Cl,3.437706113
FC(F)(F)C(=NCl)C(F)(F)F,1.480698404
FC1=CC(F)=C(F)C(N=O)=C1F,2.255645046
FC(F)(F)C1=NNCCS1,1.108637161
FC(F)(F)OC1(F)C(F)(F)C(F)(F)C(F)(F)C1(F)F,2.335029881
FC(F)(F)C(=C)C(F)(F)F,1.780996316
OC(=O)C(F)(F)OC(F)(F)C(O)=O,-0.155149553
NS(=O)(=O)C(F)(F)C(F)(F)OC(F)(F)C(F)(F)C(F)(F)C(F)(F)I,1.550712751
FC(F)(F)N(SC(Cl)=O)C(F)(F)F,1.037743949
FC1=C(Cl)C2=C(C(F)=C(F)C(F)=C2F)C1(F)F,3.205249339
FC(F)(F)C(F)(F)C(F)(F)F,2.100621517
COC(=O)CC(O)(O)C(F)(F)C(F)F,0.728100539
COC(=O)CC(O)(OC)C(F)(F)C(F)F,0.726332161
COC1=C(F)C(=O)C(F)=C(F)C(F)=C1F,2.433132437
FC(F)(F)C1=C(C(F)(F)F)C(F)(F)C(F)(F)C1(F)F,2.686233298
OCC(Br)C(F)(F)C(F)(F)C(F)(F)C(F)(F)F,1.694644352
COP(=O)(OC)C(F)(F)F,0.377731119
CC(C)C(F)(F)CF,2.296796314
CSC(=N)C(F)(F)F,0.634771877
FC(C(F)(F)F)C(F)(F)N1C2=CC=CC=C2N=C1C(F)(F)F,2.375383592
FC1=C(F)C(F)=C(C(F)=C1F)C1=C(F)C2=C(C(F)=C(F)C(F)=C2F)C(F)=C1F,3.533584845
FC(F)(F)C(F)(F)OC(F)(C(F)(F)F)C(F)(F)C(F)(F)C(F)(F)F,2.299988148
FC1=C(F)C(F)=C(F)C2=C1C(F)(F)C2(F)F,3.263846799
OCC#CC(F)(F)C(F)(F)C(F)(F)C(F)(F)F,2.074485786
CCCOC(=O)C(F)(F)C(F)F,1.423103389
OC(=O)C(F)(F)C(F)(F)Br,0.442453682
COC(=O)C(F)C(F)(F)Cl,0.848551342
CC(C)OC(=O)C(=C(F)F)C(F)(F)F,1.523194144
FC1=C(F)C(F)=C(C2=C1C(F)(F)C(F)(F)C2(F)F)C(F)(F)F,3.17665186
FC(F)=C(F)C(F)(F)C(F)(Cl)C(F)=C(F)F,2.399612347
FC(F)(F)C(=C)S(F)(=O)=O,0.546565495
CCSC(F)(F)C(F)(F)C(=O)OC,1.176941687
CCS(=O)(=O)C(F)(F)C(F)(F)C(F)=O,0.742378872
FC(F)(F)C1(SSC(=N1)C1=CC=CC=C1)C(F)(F)F,2.304538713
CCN1C2=CC=CC=C2C(N=C1C(F)(F)F)(C(F)(F)F)C(F)(F)F,2.319512931
FC(F)C(F)(F)C(F)(F)C(F)(F)C(F)(F)C(F)(F)COC(=O)C(=O)OCC(F)(F)C(F)(F)C(F)(F)C(F)(F)C(F)(F)C(F)F,2.251385197
OC(=O)C1=CC=C(C=C1)C(F)(F)C(F)(F)C(F)(F)F,1.491908355
COC(F)(F)C(=O)C(F)(F)C(F)(F)C(F)(F)C(F)(F)F,1.814575702
COC(=O)C(F)(F)C(F)(Cl)C(F)(F)Cl,1.46827827
[O-][N+](=O)C1=C(OC(F)(F)F)C=CC(=C1)C(F)(F)F,2.585109003
FC(F)(F)N1C(F)(F)OC(F)(F)C1(Cl)Cl,1.248171328
FC(F)(C(F)(Cl)Cl)C(Cl)(Cl)C(F)(F)C(F)(Cl)Cl,2.195479511
OC(C#CC1=CC=CC=C1)C(F)(F)C(F)(F)C(F)(F)C(F)F,2.022668122
FC(F)(F)C1(Cl)OC(F)(F)C=C1,2.05746179
CC(=O)C(F)(F)C(F)(F)C(F)(F)C(F)(F)C(F)(F)C(F)(F)C(F)(F)C(F)(F)F,2.18207924
FC(F)(F)[Si](Cl)(Cl)Cl,1.570146149
OC(O)(C(F)(F)F)C(F)(F)C(F)(F)F,0.944952019
NC1=CC2=C(OC(F)(F)C2(F)F)C=C1,2.185751806
FC(F)(F)C(F)(OC(F)(F)C(F)(F)C(F)(F)C(F)(F)C(F)(F)C(F)(F)C(F)(F)C(F)(F)I)C(F)(F)F,2.378565244
CCOC(=O)C(C(C)=O)C(=O)C(F)(F)C(F)(F)C(F)(F)F,0.926383544
CCCCCCC(=O)C(F)C(F)(F)F,1.617193172
FC(F)(F)C(F)(F)C(F)(F)C(F)(F)C(F)(F)C(F)(F)CCSCCS,2.243402548
FC(F)=C(F)C1=CC=C(C=C1)C(F)=C(F)F,2.638858802
FC1=NN=NC(F)=C1F,1.096107686
FC1=C(Cl)C=C(Cl)C(=C1)C(F)(F)F,3.255936248
NC1=CC(F)=NC(F)=C1F,1.115628963
FC(F)(Cl)C(F)(F)C(F)(F)C(F)(F)CC(I)CCC=C,2.133002592
CCCCCC(F)(F)F,1.968590882
OCC1=C(F)C(F)=C(F)C=C1F,2.016605927
COC(=O)OCC(F)(F)F,1.244758658
OC(C(F)=C(F)F)(C(F)(F)F)C(F)(F)F,1.662744092
CC(F)C(F)(F)C(F)(F)C(F)(F)C(F)(F)C(F)(F)C(O)(F)F,1.986129684
FC(F)(F)C(F)(C=C)C(F)(F)Br,1.956675987
FC(F)(F)COCCCl,1.174707808
CO[Si](OC)(OC)C(F)(F)C(F)(F)C(F)(F)C(F)(F)C(F)(F)C(F)(F)F,1.836604737
FC(F)(F)C1(F)CC1(F)F,2.337691996
CC(F)(F)C=C(F)F,2.066500529
FC(F)(F)C(=O)NC1=CC(=C(Br)C=C1)C(F)(F)F,2.246822358
FC(F)(F)C1(OC=C(Cl)O1)C(F)(F)F,2.000693072
NC1=C2OC(F)(F)C(F)(F)OC2=CC=C1,2.236573025
FC1=C(F)C(=C(F)C(=C1F)C(F)(F)F)C(F)(F)F,2.865268548
OC(=O)C1=CC=C(OC(F)(F)C(F)F)C=C1,1.615873797
COC1=C(F)C(F)=C(C)C(F)=C1F,2.710083247
CC(I)CC(F)(OC(F)(F)F)C(F)(F)F,1.722106239
OC(=O)CCC(F)(C(F)(F)F)C(F)(F)F,1.306605664
[O-]S(=O)(=O)C(F)(F)F.CC[N+](CC)(CC)CC(F)(F)F,0.249003888
OCCCC(F)=C(F)F,1.043427634
FC(F)(Cl)C1=NC(=NC(=N1)C(F)(F)Cl)C(F)(F)Cl,1.802092649
OC(=O)C(F)(F)OC(F)(F)C(F)(F)OC(F)(F)C(F)(F)OC(F)(F)F,1.366662661
OC(=O)C1(CC1)C(F)(F)F,0.722237041
FC(F)(F)C1=CC(=C(C=C1)C(=O)CBr)C(F)(F)F,2.327229094
FC(F)C1=CC=C(C=C1)C(F)(F)Br,2.320902884
C[C@@H](O)C1=CC(=CC(=C1)C(F)(F)F)C(F)(F)F,1.936966469
NNC1=C(C=CC(=C1)C(F)(F)F)C(F)(F)F,2.360369618
FC(F)C(F)(F)C(F)(F)C(F)(F)COCC=C,2.068343381
CC(Br)C(=O)NC1=CC(=CC(=C1)C(F)(F)F)C(F)(F)F,2.04802141
OC1(CC=NO1)C(F)(F)F,1.063554763
OCC(F)(F)C(F)(F)C(F)(F)C(F)(F)C(F)(F)C(F)(F)C(F)(F)C(F)(F)C(F)(F)C(F)(F)C(F)(F)C(F)(F)C(F)(F)C(F)(F)C(F)(F)F,2.412171353
CCCCCCCCCCCCC(F)(F)C(F)(F)C(F)(F)C(F)(F)C(F)(F)C(F)(F)F,2.417907977
CC(Br)C(F)(F)F,1.539287118
FC(F)(F)C(F)(F)C(F)(F)C(F)(F)C(F)(F)CI,2.142705307
CC(=O)OCCCC(F)(F)C(F)(F)C(F)(F)C(F)(F)C(F)(F)C(F)(F)C(F)(F)C(F)(F)F,2.105783246
NC(O)(C(F)(F)F)C(F)(F)F,0.508253598
FC(F)C(F)(F)OC1=CC=C(OC(F)(F)C(F)F)C=C1,2.936038477
CCOC(=O)C(F)(Cl)C(F)(F)F,1.312661142
FC(=O)C(F)(F)C(F)(F)Cl,1.324591567
CC(=O)CC(F)(F)C(F)(F)C(F)(F)F,1.540692365
FC(F)(F)C(F)(F)C(F)(F)C(F)(F)C(F)(F)C(F)(F)C(Cl)=O,2.05065168
FC(F)(F)C1=CC(=NN1)C(F)(F)C(F)(F)C(F)(F)F,1.939281896
FC(F)(F)C(Br)(Br)CBr,1.597183454
CCCCC(I)CC(F)(F)C(F)(F)C(F)(F)C(F)(F)C(F)(F)C(F)(F)F,2.224941005
FC1=NC(F)=C(F)C(=C1)C(F)(F)F,2.109564867
FC1=CC(F)=C(F)C(F)=C1C(Cl)=O,2.413562658
FC1=CC(F)=C(F)N=C1,1.818304163
NCCC(F)(F)C(F)(F)C(F)(F)C(F)(F)C(F)(F)C(F)(F)C(F)(F)C(F)(F)F,2.102742928
COC(F)C(F)(F)F,1.382698894
FC(F)(F)C1=CC(=CC(=C1)N1CCCC1)C(F)(F)F,2.39864404
OC(=O)COCC(F)(F)C(F)F,0.920797116
OC(=O)C(F)(F)C(F)(F)C(F)(F)C(F)(F)C(F)(F)C(F)(F)C(F)(F)Cl,1.732352023
CNC(=O)C(F)(F)C(F)(F)C(F)(F)C(F)(F)C(F)(F)C(F)(F)F,1.690810226
C[SiH](C1=C(F)C(F)=C(F)C(F)=C1F)C1=C(F)C(F)=C(F)C(F)=C1F,3.117192772
FC(F)(F)C(Cl)OC(F)(F)Cl,1.522128664
FC(F)(F)C1OCCO1,1.161780432
CCC(N)C(F)(F)F,0.77658796
CC(OC(C)=O)C(F)(F)F,0.98740213
CC(NC(=O)C(F)(F)C(F)(F)F)C1=CC=CC=C1,1.575186846
C[Si](CCl)(C1=C(F)C(F)=C(F)C(F)=C1F)C1=C(F)C(F)=C(F)C(F)=C1F,3.229917907
COC1=C(Cl)C(F)(F)C(F)(F)C1(F)F,2.108315921
FC(F)(F)C(F)(F)I,2.079836295
COC(=O)OC1=C(F)C(F)=C(F)C(F)=C1F,2.405041693
FC(F)=C(F)C(F)(F)C(F)(F)C(F)=C(F)F,2.436620902
FC1(F)OCC1(F)Cl,1.695557122
OP(O)(=O)OCCC(F)(F)C(F)(F)C(F)(F)C(F)(F)C(F)(F)C(F)(F)F,1.788228325
NC(=O)C(F)(F)C(F)(F)C(F)(F)C(F)(F)C(F)(F)F,1.624500807
OC(F)(F)C(F)(F)C(F)(F)C(F)(F)C(F)(F)C(F)(F)C(F)(F)C(F)(F)F,2.09537042
FCC(F)C(=O)OCC(F)(F)C(F)C(F)(F)F,1.589505041
FC1=C(F)C2=C(C(F)=C1F)C(F)=C(C=O)C(F)=C2F,2.730125202
FC(F)C(F)(F)C(F)(F)C(F)(F)C(F)(F)C(F)(F)C(=O)C(F)(F)F,2.121945541
FC(F)(F)C(F)(F)C(F)(F)C(F)(F)C(F)(F)C(=O)C1CCCC1=O,1.781196576
FC(F)(F)C(=O)C(F)(F)C(F)(F)C(=O)C(F)(F)F,1.533681509
FC1=C(F)C(F)(F)SC1=O,1.693280276
CC1=CC(=CC=C1)C(F)(F)C(F)(F)F,2.172917166
FC(F)C(F)(F)OC1=CC2=C(NC(=S)N2)C=C1,2.153569534
FC1=CC(F)=C(F)C(OC(=O)C(F)(F)F)=C1F,2.746847983
FC1=CC(F)=C(F)C(=C1F)C1=C(F)C(F)=C(C(F)=C1F)C1=C(F)C(F)=CC(F)=C1F,3.802786243
FC(F)C(F)(F)CS(=O)(=O)CC1=CC=CC=C1,1.368728641
FC1=CC(F)=C(OS(=O)(=O)C(F)(F)F)C=C1,1.735865331
FC(=O)C(F)(F)OC(F)(F)C(F)(Cl)Cl,1.454316256
FC(F)(OC(F)(F)C(F)(F)Cl)C(=O)OC1=CC=CC=C1,1.99592043
CC(C)C(F)(F)C(F)C(F)(F)F,2.387343718
FC(F)(F)N(N(C(F)(F)F)C(F)(F)F)C(F)(F)F,1.216944139
FC(F)(F)OC(F)(F)C(=O)N(Cl)Cl,1.136965514
OC(=O)C1=CC(=CC=C1)S(=O)(=O)C(F)(C(F)(F)F)C(F)(F)F,0.789531222
OC(=O)C1=CC=C(SC(F)(C(F)(F)F)C(F)(F)F)C=C1,1.336227177
[O-][N+](=O)C1=C(F)C(F)=C(F)C(=C1)C(F)(F)F,2.368039433
FC(F)(F)C1CCC(=O)N1,0.747155047
FC(F)(F)SCC(Cl)=O,1.106580982
FC(F)(F)C(CC(F)(F)C(F)(F)F)C(F)(F)F,2.345228685
FC(F)(F)C(F)(F)C(=O)C(Cl)(Cl)Cl,1.635199523
CCCCC1(F)OC(F)(F)C(F)(F)C1(F)F,2.129542349
OCC1=CC=C(CCC(F)(F)C(F)(F)C(F)(F)C(F)(F)F)C=C1,1.804149271
OCC1=CC=C(CCC(F)(F)C(F)(F)C(F)(F)C(F)(F)C(F)(F)C(F)(F)F)C=C1,1.93990274
[2H]O[2H].FC(F)(F)C(=O)C(F)(F)F,1.115388734
FC(F)(F)C(F)(F)OC(=O)C=C,1.810743224
FC(F)(Br)Br,1.462722684
Cl.FC(F)(F)C1CCNC1,0.899181045
FC1=C(OC(F)(F)F)C=C(Br)C=C1,3.001954662
OCC1=C(F)C(F)=C(F)C(Cl)=C1F,2.151862163
FC(F)(F)C(F)(F)C(F)(F)C(F)(F)C(F)(F)C(F)(F)C(F)(F)S(F)(=O)=O,1.978904614
OCC(F)(F)C(F)(F)C(F)(F)C(F)(F)C(F)(F)C(F)F,1.927297222
FC(F)(F)C(F)(F)C(F)(F)N(C(F)(F)C(F)(F)C(F)(F)F)C(F)(F)C(F)(F)C(F)(F)F,2.096732382
FC(F)(F)C1=CC(=CC(=C1)N1NN=NC1=S)C(F)(F)F,2.201342185
FC1(F)C(F)(Cl)C(F)(F)C1(F)Cl,2.454539501
CCOC(=O)C(F)(F)C(F)(F)C(F)(F)F,1.630190218
FC(F)(F)C(F)(F)COC(=O)C=C,1.75951578
FC(F)=CBr,1.536167319
Cl.NCC(F)(F)F,0.420740523
FC(F)(F)C(F)(F)C(F)(F)C#N,1.772636995
FC(F)(F)C(F)(F)C(F)(F)C(Cl)=O,1.589754438
FC(=O)C(F)(F)C(F)(F)C(F)(F)C(F)(F)F,1.860534114
FC(F)(F)C(F)(F)C(F)(F)C(F)(F)C(F)(F)C(F)(F)C(F)(F)Br,2.344837458
FC(F)(Cl)C#N,1.012744571
CC(=O)C(F)(F)F,0.877280807
FC(F)(F)C(F)(F)C#N,1.436832991
FC(F)(F)C(F)(F)C(Cl)=O,1.262403695
OC(O)C(F)(F)C(F)(F)F,0.662024821
FC(F)(F)S(=O)C(F)(F)F,1.020368673
FC(F)CC(C(F)(F)F)C(F)(F)F,2.110959193
FC(F)(F)C(F)(F)C(F)(F)C1(C(F)(F)F)C(F)(F)C(F)(F)C(F)(F)C(F)(F)C1(F)F,2.722783324
CCO[Si](CCC(F)(F)C(F)(F)F)(OCC)OCC,1.549476247
CO[Si](OC)(OC)C(F)(F)C(F)(F)C(F)(F)C(F)(F)C(F)(F)F,1.737606437
CCCC(I)CC(F)(F)F,1.933996874
FC1=NC=C(C=N1)C(F)(F)F,1.181989186
OC1=C(F)C(F)=C(C=O)C(F)=C1F,1.395916395
FC1OC(F)(F)OC1Cl,1.382620565
CC(C)(Br)CC(F)(F)F,1.970788099
FC(F)(F)C(F)(OC(F)(F)C(F)(F)C(F)(F)C(F)(F)CCI)C(F)(F)F,2.149329753
CC1=CC(=C(C=C1)C(F)(F)F)C(F)(F)F,2.484576956
FC1=C(C=C(C=C1)C(F)(F)F)C(F)(F)F,2.716813865
CC(=O)C1=CC=C(C=C1)C(F)(F)C(F)(F)C1=CC=CC=C1,2.082021228
FC(F)(F)C(F)(F)C1(F)C(F)(F)OC(F)(F)C1(F)F,2.213191618
NC1=NC(N)=C(C(F)=N1)C(F)(F)F,0.976556113
[I-].FC(F)(F)C(F)(F)C(F)(F)C(F)(F)C(F)(F)C(F)(F)CC[N+]1=CC=CC=C1,1.205178443
FC(F)C(=O)C(F)(C(F)(F)F)C(F)(F)F,1.566116093
FC1=CC(F)=C(S)C(F)=C1,2.278626839
COC(F)(F)C(F)(F)C(N)=O,0.586032229
CCOS(=O)(=O)C(F)(F)C(=O)C(F)(F)F,0.638049223
OC(=O)C(F)(F)C(F)Cl,0.247642791
OCC#CC1=C(F)C(F)=C(C(F)=C1F)C(F)(F)F,2.423955934
CC(F)(Cl)C(Cl)C(F)(F)F,1.781211617
OC1=C(Br)C=C(C=C1)C(C1=CC(Br)=C(O)C=C1)(C(F)(F)F)C(F)(F)F,2.304887268
FC(F)(F)C(=O)NOC(=O)C(F)(F)F,0.949734701
OC1=C(F)C(F)=C(F)C(F)=C1F,1.922103239
FC1=C(F)C(F)=C(C#N)C(F)=C1F,2.168308762
FC(=O)C(F)(F)OC(F)(F)C(F)(F)C(F)(F)C(F)=O,1.515674863
FC(F)(F)C1=CC=CC=C1C(F)(F)Cl,2.530273403
NC1=NC2=C(C=C1)C(=CC(=N2)C(F)(F)C(F)(F)F)C(F)(F)C(F)(F)F,2.188531268
FC1=C(Cl)C(=O)C1(F)F,1.998820793
NC1=C(C=C(C(=C1)C(F)(F)C(F)(F)F)S(N)(=O)=O)S(N)(=O)=O,0.36331218
FC1(F)C(=O)C(F)(F)C(F)(F)C(=O)C1(F)F,1.78202751
FC(Cl)OC1(F)C(F)(F)C1(F)Cl,2.066915362
NC(=O)CC(F)(F)F,0.657380041
FC=C=C(F)F,2.028981193
C[Si](CF)(CF)C(F)F,1.654123165
FC(F)(PC1=CC=CC=C1)C(F)(F)PC1=CC=CC=C1,2.012782702
C[Si](F)(CF)CF,1.477653132
CC1=CC=C(C=C1)N1CC1(C(F)(F)F)C(F)(F)F,2.265991214
ON1C2=CC=CC=C2C(N=C1C1=CC=CC=C1)(C(F)(F)F)C(F)(F)F,2.289887193
COC12OC(OC)(C(F)C(=O)C1F)C(F)(F)C2(F)F,1.723122963
FC(F)(F)SC1=CC=C(C=C1)S(=O)(=O)C(F)(F)F,1.270789505
FC(F)(F)C(F)(F)C(=O)N1CCNCC1,0.626765336
FC(F)(F)C(F)(F)C(F)(F)C(F)(F)C(F)(F)CCI,2.136166584
FC(C(F)(F)F)C(F)(F)OCCOC(F)(F)C(F)C(F)(F)F,1.886516068
FCC(F)C(F)(F)CF,1.725573622
FC(F)(F)C(F)(F)C(F)(F)CNCC(F)(F)C(F)(F)C(F)(F)F,1.727033391
FC1C2=C(C3=C1C(F)=C(F)C(F)=C3F)C(F)=C(F)C(F)=C2F,3.607218756
FC1=C(Br)C=CC(OC(F)(F)F)=C1,3.045725311
CC1=C(F)C=C(C=C1)C(F)(F)F,2.408950156
FC(F)C(F)(C(F)F)C(F)(F)F,2.026787704
COC(F)(F)C(F)OC(F)(F)F,1.351126699
CC(=C)C(=O)OC(F)(F)C(F)(F)C(F)(F)C(F)(F)C(F)(F)C(F)(F)C(F)(F)F,2.233273139
FC(F)(F)C1=CC(Cl)=NC(=N1)C(F)(F)F,1.929780256
OC(=O)C(F)(F)C(F)C(F)(F)F,0.896360581
OCCCCCCCCC(F)(F)C(F)(F)C(F)(F)C(F)(F)F,1.87597115
FC(F)(F)C(F)(C(F)(F)F)C(F)(F)C(F)(F)P(=O)(C(F)(F)C(F)(F)C(F)(C(F)(F)F)C(F)(F)F)C(F)(F)C(F)(F)C(F)(C(F)(F)F)C(F)(F)F,2.629194027
CC(C)OC(=O)N1C2=C(N=C1C(F)(F)C(F)F)C(=CC(=C2)C(F)(F)F)[N+]([O-])=O,2.084297525
FC1=CC(Br)=CC(=C1F)C(F)(F)F,2.872399349
FC(F)(F)C(F)(C(F)(F)F)C(F)(F)C(F)(F)C(F)(F)C(F)(F)C(F)(F)C(F)(F)C(F)(F)C(F)(F)C(F)(F)C(F)(F)C(F)(F)C(F)(F)I,2.520293492
FC(F)(F)C(=O)OCC(F)(F)C(F)(F)F,1.614720291
FC(F)(F)C(=N)CC(=O)C(F)(F)F,0.831507467
FC(F)(Cl)C(F)(Cl)S(F)(=O)=O,0.694157789
FN(F)C(F)=O,0.833800833
COC(C(C(F)(F)F)C(F)(F)C(F)(F)F)=C(F)F,2.11735598
FC1=NC(F)(Cl)C(F)(Cl)C(F)(Cl)C1(F)Cl,1.823295428
FC(F)(F)C(F)(F)C1=NC2=CC=CC=C2O1,2.150589536
FCC(F)(F)I,1.85037794
FC(F)C(F)(C(F)(F)F)[Si](Cl)(Cl)Cl,2.10714053
C[Si](C)(C)C(F)(C(F)F)C(F)(F)F,2.372067884
FC1=CC(F)=C(C=C1)\N=C\C1=C(F)C(F)=C(F)C(F)=C1F,3.129111494
FC1=C(N=CC=C1)C(F)(F)F,1.880063111
OC(=O)C1=NC(F)=C(F)C(F)=C1F,1.0894265
NC1=C(C=NN1)C(F)(F)F,0.970009954
Cl.CCC(N)C(O)C(F)(F)C(F)(F)C(F)(F)F,1.257279556
NC1=C(Br)C=C(F)C(=C1)C(F)(F)F,2.095630632
FC1=CC(F)=C(C=C1)C(=O)C(F)(F)F,2.44435709
C[Si](C)(CCC(F)(F)C(F)(F)C(F)(F)C(F)(F)C(F)(F)C(F)(F)F)O[Si](C)(C)CCC(F)(F)C(F)(F)C(F)(F)C(F)(F)C(F)(F)C(F)(F)F,2.383341251
OC(=O)CCC(=O)C(F)(C(F)(F)F)C(F)(F)F,0.91949576
Cl.NCC(F)(F)C(F)(F)F,0.885332047
NC1=C(I)C=C(F)C(=C1)C(F)(F)F,2.249253033
FC(F)(F)C1=C(Br)C=NN1C1=CC=CC(=C1)C(F)(F)F,2.530989863
FC(F)(F)C1=NC2=C(C=CC=C2C(F)(F)F)C(C=C)=C1,2.581573008
FC1=C(F)C(=CC(Cl)=C1C=O)C(F)(F)F,2.509674944
FC(F)(C1=CC=C(OC2=CC=CC=C2)C=C1)C(F)(F)C1=CC=C(OC2=CC=CC=C2)C=C1,3.490602649
CN(C)CCCNS(=O)(=O)C(F)(F)C(F)(F)C(F)(F)C(F)(F)C(F)(F)C(F)(F)C(F)(F)C(F)(F)F,1.715722
CCOC(=O)CC1=CC(=CC(=C1)C(F)(F)F)C(F)(F)F,2.12015701
Cl.C[C@@H](N)C(F)(F)F,0.57836047
CCC(=O)C(F)(F)C(F)(F)C(F)(F)C(F)(F)C(F)(F)F,1.959645884
CC(C)C(=O)OC(C(F)(F)F)(C(F)(F)F)C(F)(F)F,2.106386088
OC(=O)C(F)(F)C(F)Br,0.274874865
FC(F)(Br)C(F)(F)CCI,1.925066673
[NH4+].[O-]S(=O)(=O)C(F)(F)C(F)(F)C(F)(F)C(F)(F)C(F)(F)C(F)(F)C(F)(F)C(F)(F)C(F)(F)F,1.522902668
FC(F)(F)C(F)(F)CCOC(=O)C=C,1.810708822
FC(F)(F)OC(F)(F)C(F)(Br)C(F)(F)Br,1.857997542
OC(=O)C(F)(F)C(F)(F)C(F)(F)C(F)(F)C(F)(F)C(F)(F)OC(F)(C(F)(F)F)C(F)(F)F,1.86731993
FC(F)(Br)C(F)(F)CCBr,1.740360507
FC(F)(F)C(=O)N1CCC1,0.920936369
FC(F)(F)C(F)(F)C(=O)N1CCCC1,1.149194344
FC(=O)C1(CC1)C(F)(F)F,1.782195281
FC1=CC(S)=CC(F)=C1F,2.463858214
FC(F)(F)C(=O)C1CCN(CC1)C(=O)C(F)(F)F,1.126155239
FC1=C(Cl)C(=C(F)C=C1)C(F)(F)F,2.990072528
FC(F)C1=C(F)C=CC(=C1)C(F)(F)F,2.604709286
[NH4+].[O-]S(=O)(=O)C(F)(F)C(F)(F)C(F)(F)C(F)(F)C(F)(F)C(F)(F)C(F)(F)C(F)(F)F,1.452102657
CCC(C)C(N)C(F)(F)F,1.391712357
CC(=O)C1=CC(F)=C(C(F)=C1)C(F)(F)F,2.096805748
FC(F)C1=CC(=O)C=C(O1)C(F)F,1.650462936
FC(F)(F)C(F)(F)C(F)(F)C(F)(F)S(=O)(=O)NCC=C,1.350261775
FC(F)(F)C(F)(F)C(F)(F)C(=O)ON=O,1.609850809
CCOC1=CC=CC=C1OC(F)(F)C(F)F,2.733530732
C[N+](C)(CCCNS(=O)(=O)CCC(F)(F)C(F)(F)C(F)(F)C(F)(F)C(F)(F)C(F)(F)F)CCC([O-])=O,1.320939259
FC1=CC(Br)=C(OC(F)(F)F)C=C1,3.057002015
NC(CC(O)=O)C1=CC=C(OC(F)(F)C(F)F)C=C1,1.361577053
FC(F)(F)CCC(F)(F)C(F)(F)C(F)(F)C(F)(F)C(F)(F)C(F)(F)C(F)(F)C1=CC=C(Br)C=C1,2.409455709
FC(F)(CC[Si](Cl)(Cl)Cl)C(F)(F)C(F)(F)C(F)(F)C(F)(F)C(F)(F)C(F)(F)C(F)(F)CC[Si](Cl)(Cl)Cl,2.687688103
CC(=O)C1OC(C)=C(C1C1=CC=CC=C1)S(=O)(=O)C(F)(F)C(F)(F)C(F)(F)C(F)(F)Cl,1.524363768
F[B-](F)(F)F.C[N+](C)=S(C1=CC=CC=C1[O-])C(F)(F)F,1.469561925
FC(F)(F)C(F)(F)C(F)(F)C(F)(F)C(F)(F)C(F)(F)C(F)(F)C(F)(F)C(F)(F)CCI,2.331119474
FC(F)(F)C(F)(F)C(F)(F)C(F)(F)C(F)(F)C(F)(F)C(F)(F)C(F)(F)C1=CC=C(C=C1)[Si](Cl)(Cl)Cl,2.638376487
CN(CCOC(=O)C=C)S(=O)(=O)CC(F)(F)C(F)(F)C(F)(F)C(F)(F)C(F)(F)C(F)(F)C(F)(F)C(F)(F)C(F)(F)C(F)(F)C(F)(F)C(F)(F)F,2.079066728
CN(CCOC(=O)C=C)S(=O)(=O)CC(F)(F)C(F)(F)C(F)(F)C(F)(F)C(F)(F)C(F)(F)F,1.735302066
FC(F)(F)C(F)(F)C(F)(F)COC(=O)C(F)(F)C(F)(F)C(F)(F)F,1.960417844
FC(Cl)C1=CC=CC=C1C(F)(F)F,2.382929491
FC=C(F)C(F)(F)Cl,1.882826688
FC(F)C(F)(F)C(F)(F)C(F)(F)COC(=O)C=CC(=O)OCC(F)(F)C(F)(F)C(F)(F)C(F)F,1.983497227
CC(F)=CF,2.003560401
CN(CCCCOC(=O)C(C)=C)S(=O)(=O)C(F)(F)C(F)(F)C(F)(F)C(F)(F)C(F)(F)C(F)(F)C(F)(F)F,1.74620081
CN(CCCCOC(=O)C(C)=C)S(=O)(=O)C(F)(F)C(F)(F)C(F)(F)C(F)(F)C(F)(F)F,1.562774655
CC1=C(F)C(F)=C(C#C)C(F)=C1F,2.589794343
CCN(CCOC(=O)C(C)=C)S(=O)(=O)C(F)(F)C(F)(F)C(F)(F)C(F)(F)C(F)(F)C(F)(F)C(F)(F)F,1.670216541
CC(F)C(F)(F)C(F)(F)C(F)(F)C(F)(F)F,2.263619265
FN(F)CC(COC(=O)C(F)(F)F)N(F)F,0.978497459
CCCCN(CCOC(=O)C=C)S(=O)(=O)C(F)(F)C(F)(F)C(F)(F)C(F)(F)C(F)(F)C(F)(F)C(F)(F)F,1.814868319
CCCC(NC)C(F)(F)F,0.991133401
CCN(CC(O)=O)S(=O)(=O)C(F)(F)C(F)(F)C(F)(F)C(F)(F)F,1.163651053
CN[C@@H](C)C(F)(F)F,0.591841816
FC(=C(F)C1=CC(=CC=C1)C(F)(F)F)C1=CC(=CC=C1)C(F)(F)F,2.774858622
OC(=O)C(F)(F)OC(F)(F)OC(F)(F)OC(F)(F)OC(F)(F)F,1.045545328
FC(=C(F)C(F)(F)C(F)(F)F)C(F)(F)F,2.274374236
CC(=O)CS(=O)C(F)(F)F,0.405910417
FC1=C(I)C=CC(=N1)C(F)(F)F,2.293050467
FC(F)=S,1.760629487
FC(Cl)=C(F)Cl,2.006028255
COC(F)(F)C(F)(F)C(=O)C(F)(F)C(F)(F)OC,1.378389656
COC1=C(F)C(F)=C(C=C1)C(=O)C(F)(F)F,2.401677482
FC(F)OC1=NC=C(C=C1)C(F)(F)F,1.956142875
FC(F)(F)C(=O)C1=NC=C(C=C1)C(F)(F)F,1.922906889
COCC(F)(F)F,1.246653699
Cl.FC(F)(F)C1=CC(=CC(=C1)C([C@H]1CCCN1)C1=CC(=CC(=C1)C(F)(F)F)C(F)(F)F)C(F)(F)F,2.312906061
FC(F)(F)C(F)(F)C(F)(C(F)(F)F)C(F)(F)F,2.218720883
FC=C(F)C(F)(F)F,1.972160307
FC(F)(F)C(F)(C(F)(F)F)C(F)(F)C(F)(F)C(Cl)=O,1.880499587
FC(Cl)(I)C(F)(F)C(F)(Cl)C(F)(F)C(F)(Cl)C(Cl)=O,1.837240733
FC(F)(Cl)C(F)(F)C(Cl)Cl,1.708944971
COC(=O)C1=CC=C(C=C1)C(F)(F)C(F)(F)C(F)(F)C(F)(F)F,2.011736287
FC1=C(F)C=C2C(=C1)C(=O)C(F)(Br)C2(F)F,2.827682068
CC(C(F)F)(C(=O)C(F)(F)F)C(F)(F)F,1.885688219
FC(F)(F)CC(=O)C(F)(F)F,1.321359046
FC(F)C(F)(F)C(Cl)(Cl)Cl,1.846986796
FC(F)C(F)(F)C(F)(F)C(F)(F)C(F)(F)C(F)(F)C(F)(F)C(F)(F)Cl,2.428712379
FC(F)(F)C=CBr,1.772234742
CCCOC(=CC(F)(F)F)C(F)(F)F,2.034327308
COC(O)CCC(F)(F)F,0.672692378
FC(C(F)(F)C(F)(F)F)C(F)(F)C(F)(F)F,2.227370793
CC(C)(OCl)C(F)(F)F,1.5967515
FC(F)C(F)(F)OC=C=C,2.014101729
FC(=C1C(CC1(F)F)C1=CC=CC=C1)C(F)(F)F,2.848916038
CC(C)=CC(F)(F)C(F)(F)C(F)(F)C(F)(F)C(F)(F)C(F)(F)F,2.6064066
CCCCC(OP(=O)(OCC)OCC)=C(F)C(F)(F)C(F)(F)F,1.95230332
CCN(C(F)(F)C(F)(F)C(F)(F)F)S(=O)(=O)CCO,0.833054376
CC1CN(CC2=C(F)C(F)=C(F)C(F)=C2F)CC(C)N1CC1=C(F)C(F)=C(F)C(F)=C1F,2.236530691
FC(F)(F)C1CC=C1,2.336035747
[Cl-].FC(F)(F)C(F)(F)C(F)(F)C(F)(F)C(F)(F)C(F)(F)C(F)(F)C(F)(F)S(=O)(=O)NCC[N+]1=CC=CC=C1,1.138996596
FC(F)=C(F)OC(F)(F)C(F)=C(F)C(F)(F)F,2.321181348
CCOC(=O)C=C(O)C(F)(F)C(F)F,0.925967222
NC(=O)N=CC(F)(F)F,1.197302115
CCOC(=O)C(F)(F)C(F)(F)C(F)(F)CCl,1.5514756
FC(F)(N1CCCC1=O)C(F)(F)N1CCCC1=O,0.699520044
FC(F)(F)C(F)(F)C(F)(F)C(F)(F)C(F)(F)CCC(=O)C=C,2.081473659
NC1=CC=C(OCCC(F)(F)C(F)(F)C(F)(F)C(F)(F)C(F)(F)C(F)(F)F)C=C1,2.102076977
CC(O)C(F)(F)C(F)Cl,0.795435279
FC(F)C(F)(F)C(F)(F)C(F)CC1CCCO1,1.851732118
CC(C)[C@H](NCCSCCC(=O)C(F)(F)C(F)(F)C(F)(F)F)C(O)=O,1.250827233
OC(F)(F)C(F)(F)N(C1=CC=CC=C1C=CC=O)C(F)(F)C(O)(F)F,1.681368653
FC(F)C(F)(F)C(F)(F)C(F)(F)COC(=O)OOC(=O)OCC(F)(F)C(F)(F)C(F)(F)C(F)F,1.862998155
FC(F)=CCOCC=C(F)F,1.803591689
FC1=C(F)C(F)=C(B(C=CC2=CC=CC=C2)C2=C(F)C(F)=C(F)C(F)=C2F)C(F)=C1F,3.45532956
CCCCCCC(C)(C1=CC=C(OC(F)(F)C(F)F)C=C1)C1=CC=C(OC(F)(F)C(F)F)C=C1,3.10071022
F[C@H]1C(F)(F)[C@H](F)C(F)(F)C(F)(F)C1(F)F,2.651033807
FC(F)(F)C(F)(F)C(F)(F)C(F)(F)C(F)(F)C(F)(F)C(F)(F)C1=NN=C(O1)C(F)(F)C(F)(F)C(F)(F)C(F)(F)C(F)(F)C(F)(F)C(F)(F)F,2.297503521
FC(F)(F)NNC(F)(F)F,0.341325585
CC(=NS(=O)(=O)C(F)(F)C(F)(F)C(F)(F)C(F)(F)F)N1CCOCC1,1.104021194
OC(=O)CCCCCCCCCCC(F)(F)C(F)(F)C(F)(F)C(F)(F)C(F)(F)F,1.74459676
FC1=CC(F)=C(F)C(NNC2=C(F)C(F)=CC(F)=C2F)=C1F,2.682316385
OCC(F)(Cl)C(F)F,0.770862194
FC1=CC=CC2=C1C(F)(F)OC2(F)F,2.605235963
CS(=O)(=O)N=P(OCC(F)(F)F)(OCC(F)(F)F)OCC(F)(F)F,1.341482119
FC(F)C(F)C(=O)C(F)(F)C(F)(F)F,1.561234253
FC1=CC2(F)C1C=C2F,2.845903847
OC1=CC=C(OC2=CC=C(C=C2)C(F)(F)C(F)(F)C(F)(F)C(F)(F)C(F)(F)C(F)(F)C(F)(F)C(F)(F)F)C=C1,2.406847419
FC(F)(F)C(OC(=O)C=C)C(F)(C(F)(F)F)C(F)(F)F,2.195600512
FC1=C(F)C(F)=C(C(F)=C1F)C(F)(Cl)C(F)(F)F,2.819751914
FC(C(C(F)(F)F)C(F)(F)F)=C(C(F)(F)F)C(F)(F)C(F)(F)C(F)(F)F,2.650391536
COC(F)(C(F)F)C(F)F,1.630326302
FC1=C(F)C2(F)CCC2(F)C(F)=N1,1.937874732
CC(=C)COC1=C(F)C(F)=C(F)C(F)=C1F,2.727459284
FC(F)(F)C(F)(F)C(F)(F)C(F)(F)C(F)(F)C(F)(F)S(=O)N=[N+]=[N-],2.064652194
NC(=S)NCC1=CC=CC=C1.OC(=O)C(F)(F)C(F)(F)C(F)(F)C(F)(F)F,1.153365427
NNC(O)C(F)(F)C(F)(F)C(F)(F)C(F)(F)C(F)(F)C(F)(F)F,1.718209436
CC(F)(F)C(F)(F)C(F)(F)I,2.141584586
FC(F)(F)C(F)(C(F)(F)Cl)C(F)(F)C(F)(F)I,2.20223457
FC(Cl)C\N=N\C(F)(F)F,0.803078477
ON=C(C1=CC(=CC=C1)C(F)(F)F)C(F)(F)F,2.021573755
CN1CC(=O)OC1(C(F)(F)F)C(F)(F)F,1.560100668
COC(=O)C1=CC(=CC=C1)C(F)(F)C(F)(F)F,1.883780757
FC(F)(F)C(F)(F)C(F)(F)C(F)(F)C(F)(F)C(F)(F)C1(F)OC(F)(F)C(F)(F)C(F)(F)C1(F)F,2.46833104
OCCCCOC(F)(F)C(F)OC(F)(F)C(F)(F)C(F)(F)F,1.58344367
FC1=NC(F)=C1C(F)(C(F)(F)F)C(F)(F)F,2.166173071
COC1CC(SS1)(C(F)(F)F)C(F)(F)F,1.920981028
FC(C1=C(F)C(F)(F)C1(F)F)C(F)(F)F,2.604286795
COC(=O)C1CC1(C(F)(F)F)C(F)(F)F,2.303078838
FC1=C(F)C(F)(C(F)(F)C(F)(F)C1(F)F)C1(F)C(F)(F)C(F)(F)C(F)(F)C(F)(F)C1(F)F,2.765173356
FC1=C(F)C(F)=C(C#CC=O)C(F)=C1F,2.652776244
OCC#CC1=C(F)C(F)=C(F)C(F)=C1F,2.417539523
FC(F)C(F)(F)C(F)(F)C(F)(F)COC1=C(OCC(F)(F)C(F)(F)C(F)(F)C(F)F)C(=O)C1=O,2.213407194
FC(F)=C(C1=CC=C(C=C1)C1=CC=CC=C1Br)C(F)(F)F,3.245465149
CCOC(=C(OCC)C(F)(F)F)C(F)(F)F,2.010868406
FC(F)(F)SSC(Cl)(Cl)Br,1.550042427
FC(F)(F)C(F)(F)OC(F)(F)C(F)(F)OC(F)(F)C#N,1.850428163
FC(F)(F)C(F)(Cl)C(F)(F)OC(Cl)(Cl)Cl,1.867686425
FC1=CC(OC(F)(F)C2=C(F)C=C(C=C2F)C#N)=CC(F)=C1F,2.831586813
CC(O)=O.CC(O)OCC(F)(F)C(F)(F)C(F)(F)C(F)(F)C(F)(F)C(F)F,1.241282572
FC(F)[SiH2]CCl,1.068268409
OCC(F)(F)C(F)C(F)(F)C(F)(F)C(F)(F)C(F)(F)C(F)C(F)(F)CO,1.76315387
FC(F)(F)S(=O)(=O)CBr,0.397172291
FC1=C(Cl)C(F)=C(Cl)C(=C1F)C(F)(F)F,3.208189031
FC(F)=C(F)OCCC=C,1.734404611
FC(F)(F)C(F)(F)C(F)(F)C(F)(F)C(F)(F)C(F)(F)C(F)(F)N=NC(F)(F)C(F)(F)C(F)(F)C(F)(F)C(F)(F)C(F)(F)C(F)(F)F,2.368482922
FC(C(F)(F)F)C(F)(F)OCCC(F)(F)F,1.880761584
COC(=O)C=C(N)C(F)(F)C(F)(F)F,1.074853268
CCCCCC(OCCOCCOCCOCCO)C1=CC=C(C=C1)C(F)(F)C(F)(F)C(F)(F)C(F)(F)C(F)(F)C(F)(F)F,1.980453297
FC(F)(OC1=CC=CC=C1)C(F)(F)C(=O)OC1CCCCC1,2.343193039
CC([SiH2]C(Cl)Cl)C(F)(F)C(F)(F)F,1.926271039
COC(OC)[SiH2]CCC(F)(F)C(F)(F)C(F)(F)C(F)(F)F,1.742776564
FC(F)(F)C(CC=O)O[SiH3],0.997133617
CC=CCOC(F)(F)C(F)F,2.03764514
FC1(F)OC(F)(I)C(F)(F)C1(F)F,1.964439719
FC(F)(F)C(F)(F)C(F)(F)C(=O)N1C=NN=N1,1.452348167
OC(=O)C1=NC2=C(C=C(C=C2N1)C(F)(F)F)C(F)(F)F,1.5443358
OCC(CBr)SC(F)(F)F,0.938041843
OC(=O)C(F)(F)COC(F)(F)C(F)(F)C(F)(F)C(F)(F)F,1.425122938
CC(C)(C)C(CCC(F)(F)C(F)(F)C(F)(F)C(F)(F)C(F)(F)C(F)(F)C(F)(F)C(F)(F)F)OC(=O)NNC([O-])=O,2.036896433
FC(F)(F)C(F)(F)C(=O)CC(=O)C1=CC2=CC3=CC=CC=C3C=C2C=C1,2.162553211
FC(F)(F)N1C(=S)NN=C1C(F)(F)F,1.461611871
COC1=C(C(=C2SC(=S)NC2=C1)C(F)(F)F)C(F)(F)F,2.5833176
COC1=CC=C(C=C1)C1=C(F)C(F)=C(C(F)=C1F)C(F)(F)F,3.049797531
OC(=O)COC(F)(F)C(F)(F)C(F)(F)F,1.240181983
OC(=O)C(F)(F)C(F)C(F)(F)OC(F)(F)C(F)(F)F,1.368091525
NC1=C(Br)N=C(OC(C(F)(F)F)C(F)(F)F)C=C1,1.779932325
FC(F)(F)C(F)(F)CNC(=O)C1=CC(NC(=O)C2=CC=CC=C2)=CC=C1,1.699020048
C[C@H](CC(F)(F)F)C(N)=O,0.81451294
FC1=C(F)C(F)=C(F)C(=C1)B(C1=C(F)C(F)=C(F)C(F)=C1F)C1=C(F)C(F)=C(F)C(F)=C1F,3.792184764
CN(C)CC=C(F)C(F)(F)C(F)(F)C(F)(F)F,1.919457436
CCCCC(C\C=C(/F)C(F)(F)C(F)(F)C(F)(F)F)C(O)=O,2.043201476
OC(CCC(F)(F)C(F)(F)C(F)(F)C(F)(F)C(F)(F)C(F)(F)F)C(O)=O,1.80096858
FC(F)(F)C(=C)CC(F)(F)C(F)(F)F,1.981316322
FC(F)(F)C(=C)C(=O)NS(=O)(=O)C(F)(F)F,0.778596144
FC(F)(F)C(F)(F)C(F)(F)C(F)(F)C(C(Cl)=O)C(Cl)=O,1.334386891
FC1=C(F)C(F)=C(SC2=NC(SC3=C(F)C(F)=C(F)C(F)=C3F)=NC(SC3=C(F)C(F)=C(F)C(F)=C3F)=N2)C(F)=C1F,2.889415762
FC(F)=C(F)C(F)=C(F)C(F)=C(F)C(F)=C(F)F,2.400687966
FC(F)(F)C(F)(F)C(F)(F)C(F)(F)C(F)(F)C(F)(F)C(F)(F)C(F)(F)S(=O)(=O)N1CCCCC1,1.739459588
FC1(F)OC(F)(F)C(Br)C1Br,1.961539145
FC(Br)C(F)(F)Cl,1.498574712
FC(F)(F)C(=O)OC(=O)C(F)(F)F,1.248560823
FC(C(F)(F)F)C(F)(F)Br,1.921335445
CCN(CCOCCO)S(=O)(=O)C(F)(F)C(F)(F)C(F)(F)C(F)(F)C(F)(F)C(F)(F)C(F)(F)F,1.682374793
OC(=O)C(F)(F)C(F)(F)C(F)(F)C(F)(F)C(F)(F)C(F)(F)C(F)(F)C(F)(F)C(F)(F)C(F)(F)C(F)(F)C(F)(F)F,2.113144105
FC(F)(F)C(F)(F)C(F)(F)COC1=CC=NC(CS(=O)C2=NC3=CSC=C3N2)=C1,1.82466075
[H][C@]1(CCCN1C(=O)[C@@H](NC(=O)C1=CC=C(C=C1)C(=O)N1CCOCC1)C(C)C)C(=O)N[C@@H](C(C)C)C(=O)C(F)(F)C(F)(F)F,1.000178255
CCOC(F)(C(F)(F)C(F)(F)C(F)(F)F)C(F)(C(F)(F)F)C(F)(F)F,2.238572336
FC(F)(F)C(F)(Cl)C(F)(Cl)C(F)(F)F,2.099275619
FC(F)(F)C(F)(F)C(F)(F)C(F)(F)C(F)(F)C(F)(F)CCC=C,2.462190178
CCCOC(F)(F)C(F)(F)C(F)(F)C(F)(F)C(F)(F)C(F)(F)F,2.253208604
FC(F)(F)C(F)(F)C(F)(F)C(F)(F)C(F)(F)C(F)(F)C(F)(F)C(F)(F)C(F)(F)C(F)(F)F,2.518240608
CCCN(C)CC(F)(F)F,1.114262881
CCCC1=C(F)C(F)=C(F)C(F)=C1F,2.869010296
C[Si](C)(C)C1CC(F)(F)C1(F)F,2.874667112
CC(=C)C(=O)OCC(F)(F)C(F)(F)C(F)(F)C(F)F,1.914351065
FC(F)C(F)(F)C(F)(F)C(F)(F)[Si](Cl)(Cl)Cl,2.182106364
FC(F)(F)C(F)(F)C(F)(C(F)(F)F)C(F)(C(F)(F)F)C(F)(F)C(F)(F)F,2.438895888
FC(F)(F)C(F)(F)C(F)(F)C(F)(F)C(F)(F)C(F)(F)C(F)(F)CCI,2.269964931
FC1=C(Cl)C(F)(F)C(F)(F)C1(F)F,2.528653995
OC(=O)C(F)(F)C(F)(Cl)C(F)(F)C(F)(Cl)C(F)(F)Cl,1.429075974
FC(F)(F)C(F)(F)C(F)(F)C(F)(F)C(F)(F)C(F)(F)C(F)(F)CNCC(F)(F)C(F)(F)C(F)(F)C(F)(F)C(F)(F)C(F)(F)C(F)(F)F,2.297559332
[NH4+].[O-]C(=O)C(F)(F)C(F)(F)C(F)(F)C(F)(F)C(F)(F)C(F)(C(F)(F)F)C(F)(F)F,1.768512871
CCCN(CCOC(=O)C(C)=C)S(=O)(=O)C(F)(F)C(F)(F)C(F)(F)C(F)(F)C(F)(F)C(F)(F)C(F)(F)C(F)(F)F,1.837446402
[NH4+].[O-]C(=O)C(F)(F)C(F)(F)C(F)(F)C(F)(F)C(F)(F)F,1.529060768
FC(=O)C(F)(OC(F)(F)C(F)(OC1=C(F)C(F)=C(F)C(F)=C1F)C(F)(F)F)C(F)(F)F,2.746083105
C[N+](C)(CCCNS(=O)(=O)CCC(F)(F)C(F)(F)C(F)(F)C(F)(F)C(F)(F)C(F)(F)C(F)(F)C(F)(F)C(F)(F)C(F)(F)F)CC([O-])=O,1.79795115
OP(O)(=O)C(F)(F)C(F)(F)C(F)(F)C(F)(F)C(F)(F)C(F)(F)F,1.705117753
[Cl-].[H]N(CCC[N+](C)(C)C)S(=O)(=O)C(F)(F)C(F)(F)C(F)(F)C(F)(F)C(F)(F)C(F)(F)F,0.950194117
[Cl-].C[N+](C)(C)CCCNC(=O)C(F)(F)C(F)(F)C(F)(F)C(F)(F)C(F)(F)C(F)(F)C(F)(F)F,1.184450533
FC(F)C(F)(F)COP1(OCC(F)(F)C(F)F)=NP(OCC(F)(F)C(F)F)(OCC(F)(F)C(F)F)=NP(OCC(F)(F)C(F)F)(OCC(F)(F)C(F)F)=N1,2.144753543
FC(F)(I)C(F)(F)OC(F)(F)C(F)(F)S(F)(=O)=O,1.47387074
FC(F)(F)C(F)(F)C1(F)C(F)(F)C(F)(F)C(F)(C(F)(F)C1(F)F)S(F)(=O)=O,2.058151844
[I-].[H]N([H])[H].[H]N(CCC[N+](C)(C)C)S(=O)(=O)C(F)(F)C(F)(F)C(F)(F)C(F)(F)C(F)(F)C(F)(F)C(F)(F)C(F)(F)F,0.965125284
[I-].[H]N(CCC[N+](C)(C)C)S(=O)(=O)C(F)(F)C(F)(F)C(F)(F)C(F)(F)C(F)(F)C(F)(F)F,0.869255424
FC(F)C(F)(F)C(F)(F)C(F)(F)C(F)(F)C(F)(F)C(F)(F)C(F)(F)COC=C,2.219909097
CCC(F)(F)C(F)(F)C(F)(F)C(F)(F)C(F)(F)C(F)(F)C(F)(F)C(F)(F)F,2.460707361
[H]N(CCC[N+](C)(C)CCC([O-])=O)CC(O)CC(F)(F)C(F)(F)C(F)(F)C(F)(F)C(F)(F)C(F)(F)C(F)(F)C(F)(F)C(F)(C(F)(F)F)C(F)(F)F,1.777464566
[NH4+].[NH4+].[O-]P([O-])(=O)OCCC(F)(F)C(F)(F)C(F)(F)C(F)(F)C(F)(F)C(F)(F)C(F)(F)C(F)(F)F,1.192445244
OS(=O)(=O)C(F)(Cl)C(F)(F)C(F)(F)C(F)(F)C(F)(F)C(F)(F)C(F)(F)C(F)(F)F,1.862170416
CCCCCCCCC=CCCCCCCCCOC(=O)NC1=CC(NC(=O)OCCN(C)S(=O)(=O)C(F)(F)C(F)(F)C(F)(F)C(F)(F)C(F)(F)C(F)(C(F)(F)F)C(F)(F)F)=CC=C1C,1.63694815
OC(COP(O)(O)=O)CC(F)(F)C(F)(F)C(F)(F)C(F)(F)C(F)(F)C(F)(F)C(F)(F)C(F)(F)C(F)(F)C(F)(F)F,1.911932477
[I-].C[N+](CCO)(CCO)CC(O)CC(F)(F)C(F)(F)C(F)(F)C(F)(F)C(F)(F)C(F)(F)C(F)(F)C(F)(F)C(F)(C(F)(F)F)C(F)(F)F,1.49696029
OC(COP(O)(O)=O)CC(F)(F)C(F)(F)C(F)(F)C(F)(F)C(F)(F)C(F)(F)C(F)(F)C(F)(F)C(F)(F)C(F)(F)C(F)(F)C(F)(F)F,2.015374535
[NH4+].[NH4+].OC(COP([O-])([O-])=O)CC(F)(F)C(F)(F)C(F)(F)C(F)(F)C(F)(F)C(F)(F)C(F)(F)C(F)(F)C(F)(F)C(F)(F)C(F)(F)C(F)(F)C(F)(C(F)(F)F)C(F)(F)F,1.426650031
COC(=O)C(F)(F)C(F)(F)OC(F)(C(F)(F)F)C(F)(F)OC(F)(C(F)=O)C(F)(F)F,1.778830448
FC(F)(F)C(F)(F)OC(F)(F)C(F)(F)C(F)(F)C(F)(F)C(F)(F)C(F)(F)F,2.341134579
[NH4+].[NH4+].[O-]P([O-])(=O)OCCC(F)(F)C(F)(F)C(F)(F)C(F)(F)C(F)(F)C(F)(F)C(F)(F)F,1.112930175
CCCCCCCCCCCCCCCCCCCCCC(F)(F)C(F)(F)C(F)(F)C(F)(F)C(F)(F)C(F)(F)C(F)(F)C(F)(F)F,2.340072859
CCCCCCCCCCCCCCCCCCCCCCCCC(F)(F)C(F)(F)C(F)(F)C(F)(F)C(F)(F)C(F)(F)C(F)(F)C(F)(F)F,2.303640075
C[S+](C)C1=CC=CC=C1.[O-]S(=O)(=O)C(F)(F)C(F)(F)C(F)(F)C(F)(F)F,0.871556056
FC(=O)C(F)(OC(F)(F)C(F)(F)C(F)(F)OC(F)(F)F)C(F)(F)F,1.889151736
CC1(C)[C@@H]2CC[C@@]1(C)C(=O)C2=C(O)C(F)(F)C(F)(F)C(F)(F)F,2.119449887
FC(=O)C(F)(OC(F)(C(F)(F)F)C(F)(F)OC(F)(F)C(F)(F)C(F)(F)F)C(F)(F)F,2.12919973
[O-]S(=O)(=O)CCC(F)(F)C(F)(F)C(F)(F)C(F)(F)F,1.225675674
FC(F)(F)C1=CC(=CC(=C1)[B-](C1=CC(=CC(=C1)C(F)(F)F)C(F)(F)F)(C1=CC(=CC(=C1)C(F)(F)F)C(F)(F)F)C1=CC(=CC(=C1)C(F)(F)F)C(F)(F)F)C(F)(F)F,3.145565909
CC(C)(CS(O)(=O)=O)NC(=O)CCSCCC(F)(F)C(F)(F)C(F)(F)C(F)(F)C(F)(F)C(F)(F)F,1.651505665
CC(C)(CS([O-])(=O)=O)NC(=O)CCSCCC(F)(F)C(F)(F)C(F)(F)C(F)(F)C(F)(F)C(F)(F)C(F)(F)C(F)(F)F,1.615760844
OC(=O)C(F)(F)C(F)(F)C(F)(F)OC(F)(F)C(F)(F)C(F)(F)C(F)(F)F,1.651068809
C[N+](C)(CCC(F)C(F)(F)C(F)(F)C(F)(F)C(F)(F)C(F)(F)F)CC([O-])=O,1.858489786
C[N+](C)(C)CC([O-])CSCCC(F)(F)C(F)(F)C(F)(F)C(F)(F)C(F)(F)C(F)(F)F,1.785227224
CN(C)CCCNC(=O)C(F)(F)C(F)(F)C(F)(F)C(F)(F)C(F)(F)C(F)(F)C(F)(F)F,1.706592246
CC(C)(CS(O)(=O)=O)NC(=O)CCS(=O)CCC(F)(F)C(F)(F)C(F)(F)C(F)(F)C(F)(F)C(F)(F)F,1.508579888
C[N+](C)(CCCNC(=O)CSCCC(F)(F)C(F)(F)C(F)(F)C(F)(F)C(F)(F)C(F)(F)F)CC([O-])=O,1.522298717
NS(=O)(=O)CCC(F)(F)C(F)(F)C(F)(F)C(F)(F)C(F)(F)C(F)(F)C(F)(F)C(F)(F)F,2.026454644
OC(=O)C(F)(F)C(F)(F)C(F)(F)C(F)(F)C(F)(F)C(F)(F)C(F)(F)C(F)(F)C(F)(F)C(F)(F)C(F)(F)Cl,2.024295795
[2H]OC(=O)C(F)(F)C(F)(F)C(F)(F)C(F)(F)C(F)(F)F,2.017837874
OC(=O)C(F)(F)C(F)(F)C(F)(F)C(F)(F)Cl,1.31023203
[H]C(F)(F)C(F)(F)C(F)(F)C(F)(F)C(F)(F)C(F)(F)C(F)(F)C(F)(F)C(F)(F)C(F)(F)C([O-])=O,2.134442061
[H]C(F)(F)C(F)(F)C(F)(F)C(F)(F)C(F)(F)C(F)(F)C(F)(F)C([O-])=O,1.965541729
C[N+](C)(CCCNC(=O)C(F)(F)C(F)(F)C(F)(F)C(F)(F)C(F)(F)C(F)(F)C(F)(F)C(F)(F)C(F)(F)C(F)(F)F)CC([O-])=O,1.825693444
C[N+](C)([O-])CCCNS(=O)(=O)C(F)(F)C(F)(F)C(F)(F)C(F)(F)C(F)(F)C(F)(F)F,1.445045411
[O-]P(=O)(OCCC(F)(F)C(F)(F)C(F)(F)C(F)(F)C(F)(F)C(F)(F)C(F)(F)C(F)(F)F)OCCC(F)(F)C(F)(F)C(F)(F)C(F)(F)C(F)(F)C(F)(F)C(F)(F)C(F)(F)F,2.011642673
CO[Si](CCC(F)(F)C(F)(F)C(F)(F)C(F)(F)C(F)(F)C(F)(F)CC[Si](OC)(OC)OC)(OC)OC,1.640747843
FC(F)(F)C(F)(F)C(F)(C(F)(F)F)C1(F)C(F)(F)C(F)(F)C2(F)C(F)(F)C(F)(F)C(F)(F)C(F)(F)C2(F)C1(F)F,2.773195191
CCCCCCCCCCCCCCCCCCN1CC(CN(C)S(=O)(=O)C(F)(F)C(F)(F)C(F)(F)C(F)(F)C(F)(F)C(F)(F)C(F)(F)C(F)(F)F)OC1=O,1.825623522
FC(F)(F)C(F)(F)C(F)(F)C(=O)CC(=O)C1=CC=C(C=C1)C1=C(C=C(C=C1)S(Cl)(=O)=O)C1=CC=C(C=C1)C(=O)CC(=O)C(F)(F)C(F)(F)C(F)(F)F,1.678730112
OC(=O)CC(F)(F)C(F)(F)OC(F)(F)C(F)(F)S(F)(=O)=O,0.839263978
CC1=CC(=CC=C1NC(=O)C1=CC=CC=C1\C(O)=N\C(C)(C)CS(C)=O)C(F)(C(F)(F)F)C(F)(F)F,1.648930372
FC(F)(F)C(F)(F)C(F)(F)C(F)(F)C(F)(F)C(F)(F)C1=NNC(=C1)C1=CC=CC=C1,2.223086989
FC(F)(F)OC(F)(F)OC(F)(Cl)C(F)(F)Cl,1.653382053
FC(F)(F)C(F)(F)C(F)(F)C(F)(F)C(F)(F)C(F)(F)CCOC(=O)N=NC(=O)OCCC(F)(F)C(F)(F)C(F)(F)C(F)(F)C(F)(F)C(F)(F)F,2.298725154
CCOC(=O)C=C(O)C(F)(F)C(F)(F)F,1.049452016
CC(C)(CS(O)(=O)=O)NC(=O)CCS(=O)(=O)CCC(F)(F)C(F)(F)C(F)(F)C(F)(F)C(F)(F)C(F)(F)F,1.368957758
CC(NC(=O)CCSCCC(F)(F)C(F)(F)C(F)(F)C(F)(F)C(F)(F)C(F)(F)F)C([O-])=O,1.57065618
CCCCCCCCC(F)(F)C(F)(F)C(F)(F)F,2.324073594
Cl.NCC(F)(F)C(F)(F)C(F)(F)F,1.253574058
FC(F)(F)CCC(F)(F)C(F)(F)C(F)(F)C(F)(F)F,2.261153397
CCCC=CC(F)(F)C(F)(F)C(F)(F)F,2.619343145
C[Si](C)(C)C(F)(F)C(F)(F)C(F)(F)C(F)(F)F,2.503281178
CCCCCC(F)(F)C(F)(F)C(F)(F)C(F)(F)C(F)(F)C(F)(F)F,2.379809184
CCC(C)(O)C(F)(F)C(F)(F)C(F)(F)F,1.482153167
FC(F)(F)C(F)(F)C(F)(F)C(F)(F)C(F)(F)C(F)(F)CC[SiH3],2.352001932
OCCCC(F)(F)C(F)(F)C(F)(F)C(F)(F)C(F)(F)F,1.928223171
CCCC(F)(F)C(F)(F)C(F)(F)C(F)(F)C(F)(F)C(F)(F)C(F)(F)C(F)(F)C(F)(F)C(F)(F)F,2.518539394
FC(F)(F)C(F)(F)C(F)(F)C(F)(F)C(F)(F)CCC(F)(F)C(F)(F)C(F)(F)C(F)(F)C(F)(F)F,2.438104056
CCCCCCCCCCCCC(F)(F)C(F)(F)C(F)(F)C(F)(F)C(F)(F)C(F)(F)C(F)(F)F,2.419257371
FC(F)(F)C(F)(F)C=CC(F)(F)C(F)(F)C(F)(F)C(F)(F)F,2.537713763
FC(F)(F)C(F)(F)C(F)(F)CC(I)CCCC(I)CC(F)(F)C(F)(F)C(F)(F)F,2.146263356
FC(F)(F)C(F)(F)C(F)(F)C(F)(F)C(F)(F)C(F)(F)\C=C\I,2.427623071
CCCCCCCCCCCCCC(F)(F)C(F)(F)C(F)(F)C(F)(F)C(F)(F)C(F)(F)C(F)(F)C(F)(F)F,2.431525408
FC(F)(F)C(F)(F)C(F)(F)C(F)(F)CCCCCCCCCCC(F)(F)C(F)(F)C(F)(F)C(F)(F)F,2.276438801
FC(F)(F)C(F)(F)C(F)(F)C(F)(F)CC(I)CC(I)CC(F)(F)C(F)(F)C(F)(F)C(F)(F)F,2.144981223
FC(F)(F)C(F)(F)C(F)(F)C(F)(F)C(F)(F)C(F)(F)C(F)(F)C(F)(F)C(Br)(Br)CBr,2.431012546
NC(=S)C(F)(F)C(F)(F)C(F)(F)F,1.432073758
CCCCCOCCC(F)(F)C(F)(F)C(F)(F)C(F)(F)F,2.084746558
OCCC(I)CC(F)(F)C(F)(F)C(F)(F)C(F)(F)C(F)(F)C(F)(F)F,1.891412094
F\C(=C(\F)C(F)(F)C(F)(F)C(F)(F)C(F)(F)C(F)(F)F)C(F)(F)F,2.518481302
FC(F)(F)C(F)(F)C(F)(F)C(F)(F)CC(I)C(F)(F)C(F)(F)C(F)(F)C(F)(F)C(F)(F)C(F)(F)C(F)(F)C(F)(F)F,2.379139663
FC(F)(F)C(F)(F)C(F)(F)C(F)(F)C(F)(F)CCCCCCCCCCC(F)(F)C(F)(F)C(F)(F)C(F)(F)C(F)(F)F,2.338768588
CCCCC=CC(F)(F)C(F)(F)C(F)(F)C(F)(F)C(F)(F)C(F)(F)C(F)(F)F,2.61791014
FC(F)(F)C(F)(F)C(F)(F)C(F)(F)C(F)(F)C(F)(F)CCCCCCCCCCC(F)(F)C(F)(F)C(F)(F)C(F)(F)C(F)(F)C(F)(F)F,2.406988193
CCCCCCCCCCCCCCCCC(I)CC(F)(F)C(F)(F)C(F)(F)C(F)(F)C(F)(F)C(F)(F)C(F)(F)C(F)(F)F,2.233460513
CCCCCCCCCCCCC(F)(F)C(F)(F)C(F)(F)C(F)(F)C(F)(F)C(F)(F)C(F)(F)C(F)(F)C(F)(F)C(F)(F)C(F)(F)C(F)(F)C(F)(F)F,2.453056093
FC(F)(F)C(F)(F)C(F)(F)C=CC(F)(F)C(F)(F)C(F)(F)C(F)(F)C(F)(F)C(F)(F)F,2.611075209
OCCCCCCCCCCCC(F)(F)C(F)(F)C(F)(F)C(F)(F)C(F)(F)C(F)(F)C(F)(F)C(F)(F)F,2.078718744
CCCCCCCCCCCCCCCCC(F)(F)C(F)(F)C(F)(F)C(F)(F)C(F)(F)C(F)(F)C(F)(F)C(F)(F)C(F)(F)C(F)(F)C(F)(F)C(F)(F)C(F)(F)C(F)(F)F,2.472336972
FC(F)(F)C(F)(F)C(F)(F)C(F)(F)C(F)(F)C(F)(F)CC(I)CC(I)CC(F)(F)C(F)(F)C(F)(F)C(F)(F)C(F)(F)C(F)(F)F,2.312674113
OC(=O)CC(CC(F)(F)C(F)(F)C(F)(F)F)C(O)=O,0.823891647
FC(F)(F)C(F)(F)C(F)(F)C1=NC=CN1,1.549128621
NC(=N)C(F)(F)C(F)(F)C(F)(F)C(F)(F)C(F)(F)C(F)(F)F,1.67288512
FC(F)(F)C(F)(F)C(F)(F)CC1OCCO1,1.565304488
OCC(O)COCCC(F)(F)C(F)(F)C(F)(F)C(F)(F)F,1.739663735
FC(F)(F)C(F)(F)C(F)(F)C1=NC=CC=N1,1.6154557
OCCC(CO)C(F)(F)C(F)(F)C(F)(F)C(F)(F)C(F)(F)C(F)(F)C(F)(F)C(F)(F)F,1.976685555
CCCCCCCC[N+](C)(C)C.[O-]C(=O)C(F)(F)C(F)(F)C(F)(F)C(F)(F)C(F)(F)C(F)(F)C(F)(F)F,1.702074192
NC(CCC(F)(F)C(F)(F)C(F)(F)C(F)(F)F)C(O)=O,1.45825366
FC(F)(F)C(=O)OCC(F)(F)C(F)(F)C(F)(F)F,1.774295779
CC(C)[N+](C)(C)C(C)C.[O-]S(=O)(=O)C(F)(F)C(F)(F)C(F)(F)C(F)(F)F,0.871114553
CCOC(=O)CC(O)C(F)(F)C(F)(F)C(F)(F)F,1.264940372
FC(F)(F)C(F)(F)C(F)(F)C(F)(F)CCCOC(=O)C=C,2.05766429
FC(F)(F)C(OC(=O)C(F)(F)C(F)(F)C(F)(F)F)C(F)(F)F,2.010124526
CCOS(=O)(=O)CCCCC(F)(F)C(F)(F)C(F)(F)C(F)(F)F,1.603855768
OC1=CC=C(C=C1)C(F)(F)C(F)(F)C(F)(F)C(F)(F)C(F)(F)C(F)(F)F,1.970317117
CC(C)([N+]([O-])=O)C(F)(F)C(F)(F)C(F)(F)C(F)(F)C(F)(F)C(F)(F)F,2.178959631
FC(F)(F)C(F)(F)C(F)(F)C1=NC=C(Br)C=C1,2.029999734
C[SiH](O[Si](C)(C)CCC(F)(F)C(F)(F)C(F)(F)C(F)(F)C(F)(F)C(F)(F)F)O[Si](C)(C)CCC(F)(F)C(F)(F)C(F)(F)C(F)(F)C(F)(F)C(F)(F)F,2.367533162
COC1=CC=CC=C1C(F)(F)C(F)(F)C(F)(F)C(F)(F)F,2.382669659
CCOC(CC(F)(F)C(F)(F)C(F)(F)C(F)(F)C(F)(F)C(F)(F)C(F)(F)C(F)(F)F)OCC,2.084842094
CNC(=O)C(F)(F)C(F)(F)C(F)(F)C(F)(F)F,1.350495202
[O-][N+](=O)C1=CC=C(C=C1)C(F)(F)C(F)(F)C(F)(F)C(F)(F)F,2.056821611
CC(=C)C(=O)OCCCC(F)(F)C(F)(F)C(F)(F)C(F)(F)C(F)(F)C(F)(F)F,2.118811355
FC(F)(F)C(F)(F)C(F)(F)C(F)(F)C(F)(F)COCC1CO1,2.001470608
FC(F)(F)C(F)(F)C(F)(F)C(F)(F)C(F)(F)C(F)(F)C1=CC(=CC=C1)C(F)(F)C(F)(F)C(F)(F)C(F)(F)C(F)(F)C(F)(F)F,2.576383214
[O-][N+](=O)C1=CC(=CC=C1)C(F)(F)C(F)(F)C(F)(F)C(F)(F)F,2.133250658
CCCCC[N+](CCC)(CCC)CCC.[O-]S(=O)(=O)C(F)(F)C(F)(F)C(F)(F)C(F)(F)C(F)(F)C(F)(F)C(F)(F)C(F)(F)F,1.327475574
FC(F)(F)C(F)(F)C(F)(F)C(F)(F)C1(F)OC1(F)F,2.219838625
FC(F)(F)C(F)(F)C(F)(F)C(F)(F)C(F)(F)C(F)(F)C(F)(F)C(F)(F)CCS(=O)(=O)C=C,2.041706259
FC(F)(F)C(F)(F)C(F)(F)C(F)(F)C(=O)CC(=O)C1=CC=CC=C1,1.730943946
COCCNC(=O)C(F)(F)C(F)(F)C(F)(F)F,1.183786884
FC1=CC=C(C=C1)C(=O)CC(=O)C(F)(F)C(F)(F)C(F)(F)F,1.890377218
FC(F)(F)C(F)(F)C(F)(F)C(F)(F)C(F)(F)COS(=O)(=O)C(F)(F)C(F)(F)C(F)(F)C(F)(F)F,2.025380736
FC(F)(F)C(F)(F)C(F)(F)C(F)(F)C(F)(F)C(F)(F)C1=CSC(I)=C1,2.303443279
FC(F)(F)C(F)(F)C(F)(F)C(F)(F)C(F)(F)C(F)(F)C(F)(F)C(F)(F)C1=CN=CN1,2.115572878
CCCCNC(=O)C(F)(F)C(F)(F)C(F)(F)C(F)(F)C(F)(F)C(F)(F)C(F)(F)C(F)(F)F,1.955237466
COC(=O)CNC(=O)C(F)(F)C(F)(F)C(F)(F)F,1.047960624
FC(F)(F)C(F)(F)C(F)(F)C(F)(F)S(=N)(=O)C1=CC=CC=C1,1.419052419
CC(C)N(C(C)C)P(OCCCC(F)(F)C(F)(F)C(F)(F)C(F)(F)C(F)(F)C(F)(F)C(F)(F)C(F)(F)F)OCCC#N,2.060491979
COC(=O)C1=C(C=CC=C1OC)C(F)(F)C(F)(F)C(F)(F)F,2.16953238
CCOC(=O)CCC(F)(F)COS(=O)(=O)C(F)(F)C(F)(F)C(F)(F)C(F)(F)F,1.379804832
CC(O)CNC(=O)C(F)(F)C(F)(F)C(F)(F)C(F)(F)C(F)(F)C(F)(F)C(F)(F)F,1.732580422
CC1=CC=C(C=C1)S(=O)(=O)OCCC(F)(F)C(F)(F)C(F)(F)C(F)(F)C(F)(F)C(F)(F)C(F)(F)C(F)(F)F,1.873549559
FC(F)(F)C1=CC=CC(NC(=O)C(F)(F)C(F)(F)C(F)(F)F)=C1,2.053993932
FC(F)(F)C(F)(F)C(F)(F)C(F)(F)C(F)(F)C(F)(F)C(F)(F)C(F)(F)OC(=O)CC(=C)C(=O)OC(F)(F)C(F)(F)C(F)(F)C(F)(F)C(F)(F)C(F)(F)C(F)(F)C(F)(F)F,2.429638606
C[C@H](NC(=O)C(F)(F)C(F)(F)C(F)(F)C(F)(F)C(F)(F)C(F)(F)C(F)(F)C(F)(F)F)C(O)=O,1.507783662
FC(F)(F)C(F)(F)C(F)(F)C(=O)C(=[N+]=[N-])C(=O)C1=CC=CC=C1,2.162642673
CNC1=NN(C)C(=N1)C(F)(F)C(F)(F)C(F)(F)F,1.374898149
FC(F)(F)C(F)(F)C(F)(F)C(F)(F)C(F)(F)C(F)(F)C(=O)CCCCCC1=NC2=CC=CC=C2N1,1.80112826
[O-][N+](=O)C1=CC=C(NC(=O)C(F)(F)C(F)(F)C(F)(F)C(F)(F)F)C=C1,1.6511727
FC(F)(F)C(F)(F)C(F)(F)C(F)(F)C(F)(F)C(F)(F)C(F)(F)C(F)(F)S(=O)(=O)N1CCNCC1,1.736316657
C\C(NNC(=O)C1=CC=CC=C1)=C\C(=O)C(F)(F)C(F)(F)C(F)(F)F,1.84192151
FC(F)(F)C(F)(F)C(F)(F)C(F)(F)C(F)(F)C(F)(F)C(F)(F)C(F)(F)C(=O)N(C1=CC=CC=C1)C1=CC=CC=C1,2.253147385
FC(F)(F)C(F)(F)C(F)(F)COC(=O)C1=C2SN=NC2=CC=C1,2.051473626
CC1(CCCC1)C(=O)NS(=O)(=O)C(F)(F)C(F)(F)C(F)(F)C(F)(F)F,1.27347866
CN(C)C1=CC=C(C=NNC(=O)C(F)(F)C(F)(F)C(F)(F)C(F)(F)C(F)(F)C(F)(F)F)C=C1,1.873013143
OC(=O)C1=C(CC(F)(F)C(F)(F)C(F)(F)F)C(CC(F)(F)C(F)(F)C(F)(F)F)=C(N1)C(O)=O,1.552106548
CC1C2CC(C1SCCC(F)(F)C(F)(F)C(F)(F)C(F)(F)C(F)(F)C(F)(F)F)C1C2C(=O)OC1=O,2.078381427
FC(F)(F)C(F)(F)C(F)(F)C1=NN=C2C=CC(=NN12)N1CCOCC1,1.449907479
ON=C1C(=O)NC2=CC=CC=C2NC1(O)C(F)(F)C(F)(F)C(F)(F)C(F)(F)F,1.415282575
OC[C@H]1O[C@H]([C@H](O)[C@@H]1O)N1C=C(C(=O)NC1=O)C(F)(F)C(F)(F)C(F)(F)C(F)(F)C(F)(F)C(F)(F)F,1.213744446
F\C=C/C(F)(C(F)(F)F)C(F)(F)F,2.678992649
OC(C(F)(F)F)(C(F)(F)F)C(F)(C(F)(F)F)C(F)(F)F,1.885890719
FC(F)(F)C(F)(C1=CC(Br)=CC=C1)C(F)(F)F,2.475401088
CN(C)C1=CC=C(C=C1)C(F)(C(F)(F)F)C(F)(F)F,2.197328204
CCC1=CC(=CC=C1N)C(F)(C(F)(F)F)C(F)(F)F,1.989939337
FC(=C(F)C(F)(C(F)(F)F)C(F)(F)F)C(=O)C(F)(F)C(F)(F)F,2.123985749
NCC(O)CC(F)(F)C(F)(F)C(F)(F)C(F)(F)C(F)(F)C(F)(F)C(F)(C(F)(F)F)C(F)(F)F,2.138926527
FC1=C(F)C(=C(F)C(F)=C1C#N)C(F)(C(F)(F)F)C(F)(F)F,2.34866155
FC(F)(F)C(F)(C1=CNC(=O)C(Cl)=C1)C(F)(F)F,1.978288097
FC(F)(F)C(F)(C1=CC=C2NC(=O)SC2=C1)C(F)(F)F,1.98015599
CCCSC1=C(C)C(=CC=C1C(F)(C(F)(F)F)C(F)(F)F)C(O)=O,1.872519209
CCC1=C(C(=CC=C1C(O)=O)C(F)(C(F)(F)F)C(F)(F)F)S(C)=O,1.505995343
CC(C)S(=O)C1=C(C)C(=CC=C1C(F)(C(F)(F)F)C(F)(F)F)C(O)=O,1.65433853
CC1=C(C(=CC=C1C(O)=O)C(F)(C(F)(F)F)C(F)(F)F)S(=O)(=O)C(C)(C)C,1.524982422
CCC(C)S(=O)C1=C(CC)C(=CC=C1C(F)(C(F)(F)F)C(F)(F)F)C(O)=O,1.776901513
CC1=CC(=CC(C)=C1NC(=O)C1=CC=CC(NC(=O)C2=CC=C(Cl)C=C2F)=C1)C(F)(C(F)(F)F)C(F)(F)F,1.924399687
CC1=CC(=CC(C)=C1NC(=O)C1=CC=CC(NC(=O)C2=C(F)C=CC(F)=C2F)=C1)C(F)(C(F)(F)F)C(F)(F)F,1.886579347
FC(F)(F)OC(F)(F)C(F)(F)OC(F)(F)Cl,1.666731498
FC(F)(F)OC(F)(F)C(F)(F)OC(F)(F)C(F)(F)OC(F)(F)C(F)(F)OC(F)(F)C(F)(F)OC(F)(F)F,2.018040622
FC(F)(F)C(F)(F)C(F)(F)OC(F)(CCI)C(F)(F)F,1.930833653
CCCOC(=O)C(F)(OC(F)(F)C(F)(F)C(F)(F)F)C(F)(F)F,1.985938718
CC(C)CCOC(=O)C(F)(OC(F)(F)C(F)(F)C(F)(F)F)C(F)(F)F,2.132221977
CCOC(=O)C(F)(OC(F)(F)C(F)(OC(F)(F)C(F)(F)C(F)(F)F)C(F)(F)F)C(F)(F)F,2.136903387
FC(F)(F)C(F)(F)C(F)(F)OC(F)(C(=O)CC(=O)C(F)(OC(F)(F)C(F)(F)C(F)(F)F)C(F)(F)F)C(F)(F)F,2.046703756
FC(F)(F)C(F)(F)C(F)(F)OC(F)(C(=O)OC1=CC=CC=C1)C(F)(F)F,2.295033471
FC(F)(F)C(F)(F)C(F)(F)OC(F)(C(=O)NCC1=CC=CC=C1)C(F)(F)F,1.761615855
FC(F)(F)C(F)(F)C(F)(F)OC(F)(C(F)(F)F)C(F)(F)OC(F)(C(=O)NC1=CC=CC=C1)C(F)(F)F,2.105123654
OC(=O)C(F)(C(F)(F)C(F)(F)F)C(C(F)(F)F)(C(F)(F)F)C(F)(F)F,1.850053182
OC(=O)C(F)(C(F)(F)C(F)(F)F)C(F)(F)C(F)(C(F)(F)F)C(F)(F)F,1.728894527
OC(=O)C(F)(C(F)(F)F)C(F)(F)C(F)(F)C(F)(C(F)(F)F)C(F)(F)F,1.737976602
OC(=O)C(F)(F)C(F)(C(F)(F)F)C(F)(F)C(F)(F)C(F)(F)C(F)(F)F,1.777133629
CC(=C)C(=O)OC(C(F)(F)F)(C(F)(F)F)C(F)(F)F,2.177457127
NCCNS(=O)(=O)C(F)(F)C(F)(F)OC(F)(C(F)(F)F)C(F)(F)OC(F)=C(F)F,1.65726016
[NH4+].[O-]C(=O)C(F)(F)C(F)(F)C(F)(F)C(F)(F)C(F)(C(F)(F)F)C(F)(F)F,1.695284235
OC(=O)\C=C\C(F)(F)C(F)(F)C(F)(F)F,1.481822864
OC\C=C/C(F)(F)C(F)(F)C(F)(F)C(F)(F)C(F)(F)C(F)(F)F,2.424221681
CCOC(=O)\C=C\C(F)(F)C(F)(F)C(F)(F)F,1.905841573
COP(=O)(CCC(F)(F)C(F)(F)C(F)(F)C(F)(F)C(F)(F)C(F)(F)F)OC,1.759070517
OC(=O)[C@H]1CC[C@H](CC1)C(F)(F)C(F)(F)C(F)(F)C(F)(F)F,1.602404597
FC(F)(F)C(F)(F)C(F)(F)COP(=O)(C1=CC=CC=C1)C1=CC=CC=C1,2.243899756
[H][C@@]12CCC(=O)[C@@]1(C)CC[C@]1([H])C3=CC=C(OC(=O)C(F)(F)C(F)(F)C(F)(F)F)C=C3CC[C@@]21[H],2.412715522
OC[C@H]1O[C@H](C[C@@H]1O)N1C=C(C(=O)NC1=O)C(F)(F)C(F)(F)C(F)(F)C(F)(F)C(F)(F)C(F)(F)F,1.333489056
OC[C@H]1O[C@H]([C@H](O)[C@@H]1O)N1C=C(C(=O)NC1=O)C(F)(OC(F)(F)C(F)(F)C(F)(F)F)C(F)(F)F,1.061625331
O.FC(F)(F)C(F)(F)C(F)(F)C(F)(F)C=O,1.647718731
FC(F)OC(F)(F)OC(F)(F)C(F)(F)OC(F)F,1.523726736
FC(F)(F)C(F)(F)C(F)(F)C(=O)NCCCCNC(=O)C(F)(F)C(F)(F)C(F)(F)F,1.288491832
OC(=O)CCNC(=O)C(F)(F)C(F)(F)C(F)(F)C(F)(F)C(F)(F)C(F)(F)F,1.388368131
[H]\C(=C(/[H])C(=O)OC(F)(F)C(F)(F)C(F)(F)C(F)(F)C(F)(F)C(F)(F)C(F)(F)C(F)(F)F)C(=O)OC(F)(F)C(F)(F)C(F)(F)C(F)(F)C(F)(F)C(F)(F)C(F)(F)C(F)(F)F,2.456356634
[H]\C(=N/[S@@](=O)C(F)(F)C(F)(F)C(F)(F)C(F)(F)F)C1=CC=C(Cl)C=C1,2.164408495
FC(F)(F)C(F)(F)C(F)(F)C(=O)NC1=CC(NC(=O)C(F)(F)C(F)(F)C(F)(F)F)=CC=C1,1.701580511
FC(F)(F)C(F)(F)C(F)(F)C(F)(F)S(=O)(=O)N=S(=O)(C1=CC=C(Br)C=C1)C(F)(F)F,1.79419885
FC(F)(F)C(F)(F)C(F)(F)C(F)(F)S(=O)(=NS(=O)(=O)C(F)(F)F)C1=CC=C(Br)C=C1,1.758060742
CC(=O)\N=S(/C1=CC=C(Br)C=C1)C(F)(F)C(F)(F)C(F)(F)C(F)(F)F,2.06608578
[H]C(C)(CCCC(C)C)[C@@]1([H])CC[C@@]2([H])[C@]3([H])CC[C@@]4([H])C[C@]([H])(CC[C@]4(C)[C@@]3([H])CC[C@]12C)OC(=O)C([H])(F)C(F)(F)C(F)(F)C(F)(F)C(F)(F)C(F)(F)C(F)(F)F,2.399138777
OC(C1=C(F)C(F)=C(F)C(F)=C1F)(C1=C(F)C(F)=C(F)C(F)=C1F)C(F)(F)OC(F)(F)C(F)(F)OC(F)(F)C(F)(F)F,2.600884433
CC[NH+](CC)CC.[O-]C(=O)C(F)(OC(F)(F)C(F)(OC(F)(F)C(F)(F)C(F)(F)F)C(F)(F)F)C(F)(F)F,1.354297451
C[Si](Cl)(Cl)CCCOC(F)(C(F)(F)F)C(F)(F)F,1.928920148
NC(C(O)=O)C(F)(F)C(F)(F)C(F)(F)F,1.048751696
OC(N=C(O)C1=C(F)C=CC=C1F)=NC1=C(Cl)C(Cl)=C(C=C1)S(=O)C(F)(F)C(F)F,2.257924511
OC(C(Cl)C(=O)C1=CC=CC=C1)(C(F)(F)F)C(F)(F)F,1.726709277
OC(CCCCl)CC(O)(C(F)(F)F)C(F)(F)F,1.092034621
CC(=O)OC(CC(O)(C(F)(F)F)C(F)(F)F)C(C)(C)C,1.593639939
OC(CCl)CC(O)(C(F)(F)F)C(F)(F)F,0.95491689
CC(C)(C)C1CC(OP(=O)(O1)N1CCCCC1)(C(F)(F)F)C(F)(F)F,1.866072938
CC(F)(C(F)(F)Cl)C(F)(F)C(F)(F)C(F)(F)C(F)(F)C(F)(F)C(F)(F)C(C)(F)C(F)(F)Cl,2.452463423
Cl.CNCCN1N(C)C1(C(F)(F)F)C(F)(F)F,1.172114982
FC(=O)C(F)(F)OC(F)(F)OC(F)(F)OC(F)(F)F,1.403132709
FC(F)(F)OOOOC(F)(F)F,1.586442257
OC(=O)[C@@H]1[C@@H](C=C(Cl)Cl)C1(C(F)(F)F)C(F)(F)F,2.012878882
FC(F)(F)C(F)(Cl)CCl,1.655369746
FC(F)C(F)(F)C(F)(F)C(F)(F)C(F)(F)C(F)(F)C(F)(F)C(F)(F)CC(I)[Si]12OCCN(CCO1)CCO2,1.591469687
FC(F)(F)C1(OC(F)(F)C(F)(O1)C1(F)OC(OC1(F)F)(C(F)(F)F)C(F)(F)F)C(F)(F)F,2.232247225
OC(=O)C1=C(O)C2=C(CC(OC2)C(F)(F)C(F)(F)F)C(Cl)=C1O,0.911033521
FC(F)(F)C(C1=CC=C(OC#N)C=C1)(C1=CC=C(OC#N)C=C1)C(F)(F)F,2.646715866
FC1=C(F)C(Br)=C(F)C(Br)=C1F,2.948585781
CCOC(F)(C(F)(F)F)C(F)(F)F,1.779823375
CC1=CC(=C(C)C=C1)C(O)(C(F)(F)F)C(F)(F)F,1.665989815
OC(F)(F)CF,0.575322253
NC1CCCCC1.OC(=O)C(F)(F)C(F)(Cl)C(F)(F)C(F)(Cl)C(F)(F)C(F)(Cl)C(F)(F)Cl,1.34480746
FC(F)OC(Br)C(F)(F)F,1.349656684
OC(=O)C1=C(C=C(C=C1)C(F)(F)F)C(F)(F)F,1.588508068
FC1(F)C2=C(C3=C(C4=C2C(F)(F)C4(F)F)C(F)(F)C3(F)F)C1(F)F,3.468703425
FC(F)(F)C(F)(F)C(=O)CC1=CC=CC=N1,1.441585295
OC1CCCC1C(O)(C(F)(F)F)C(F)(F)F,1.182337572
OC(C1CCCC1=O)(C(F)(F)F)C(F)(F)Cl,1.256645017
FC(F)=C(F)CCCl,1.628434261
FC(F)(F)C#CI,2.123287308
CCN(CC)C(=O)C(F)(F)C(F)F,1.03869506
C[Si](Cl)(Cl)C(F)(F)C(F)F,1.904135058
FC(F)C(Cl)Br,1.306461172
ONC(=N)C(F)(F)C(F)(F)F,1.040101363
FC(F)(F)C(F)(F)C(F)(F)C(=N)NOC(Cl)=O,1.0981386
FC12C(F)(C3(F)C4(F)C1(F)C(F)(F)C(F)(F)C(F)(F)C4(F)C(F)(F)C(F)(F)C3(F)F)C(F)(F)C(F)(F)C(F)(F)C2(F)F,2.951355716
[H]C(=C([H])C(F)(F)F)C(F)(F)F,2.189897878
FC(F)C(F)(F)C(F)F,1.935595695
FC(F)(F)CC(Cl)(Cl)Cl,1.832677177
FC(C(F)(F)F)C(F)(Cl)C(F)(F)F,2.0821847
F[14C](F)(F)C#N,1.055353876
FCC(F)C(F)Br,1.451443825
OC(=NC1=C(Cl)C=C(C=C1)C1=CC(Cl)=C(C=C1)N=C(O)C(F)(F)C(F)(F)C(F)(F)F)C(F)(F)C(F)(F)C(F)(F)F,2.202660378
FC1C(F)(F)C(F)C(F)(F)C1(F)F,2.569583477
